0,1,2,3,4,5,6,7,8,9,10,11,12,13,14,15,16,17,18,19,20,21,22,23,24,25,26,27,28,29,30,31,32,33,34,35,36,37,38,39,40,41,42,43,44,45,46,47,48,49,50,51,52,53,54,55,56,57,58,59
-0.08324325,0.02681911,-0.03338321,-0.19648021,-0.058573306,-0.046677213,-0.25419247,-0.16753995,-0.060236607,-0.26551533,-0.26944798,-0.07403863,-0.19870085,-0.20452476,-0.0026996133,-0.2334187,-0.27839518,-0.03785986,-0.2616588,-0.32384205,-0.06146625,-0.2855327,-0.35251486,-0.0757554,-0.14515752,-0.25172406,-0.007498976,-0.16166645,-0.3163466,-0.06509577,-0.12743074,-0.2299006,-0.08220856,-0.103565276,-0.15287006,-0.07473332,-0.084347546,-0.28118235,-0.018928865,-0.08951694,-0.32523048,-0.08172306,-0.05403608,-0.21759689,-0.074401274,-0.032018363,-0.14107656,-0.04950245,-0.02011013,-0.2928595,-0.032515895,-0.025951147,-0.32477194,-0.079049625,-0.0018078089,-0.23613626,-0.0714935,0.014113247,-0.17587,-0.052260242
-0.08324325,0.02681911,-0.03338321,-0.19648021,-0.058573306,-0.046677213,-0.25419247,-0.16753995,-0.060236607,-0.26551533,-0.26944798,-0.07403863,-0.19870085,-0.20452476,-0.0026996133,-0.2334187,-0.27839518,-0.03785986,-0.2616588,-0.32384205,-0.06146625,-0.2855327,-0.35251486,-0.0757554,-0.14515752,-0.25172406,-0.007498976,-0.16166645,-0.3163466,-0.06509577,-0.12743074,-0.2299006,-0.08220856,-0.103565276,-0.15287006,-0.07473332,-0.084347546,-0.28118235,-0.018928865,-0.08951694,-0.32523048,-0.08172306,-0.05403608,-0.21759689,-0.074401274,-0.032018363,-0.14107656,-0.04950245,-0.02011013,-0.2928595,-0.032515895,-0.025951147,-0.32477194,-0.079049625,-0.0018078089,-0.23613626,-0.0714935,0.014113247,-0.17587,-0.052260242
-0.10484022,-0.02429974,-0.03190786,-0.21051538,-0.1588406,-0.040105913,-0.25975397,-0.28586298,-0.05101126,-0.27087575,-0.39610142,-0.05267618,-0.19239146,-0.2956745,0.00965431,-0.22695681,-0.37462974,-0.04390214,-0.20652434,-0.27758405,-0.06890607,-0.18795156,-0.22337842,-0.07539562,-0.12688291,-0.31374398,0.0048547816,-0.15870619,-0.3746499,-0.047696434,-0.13948643,-0.2457892,-0.052015677,-0.12197137,-0.19823307,-0.0394201,-0.05813986,-0.31380555,-0.011774376,-0.08712101,-0.371963,-0.06532307,-0.07742393,-0.2473864,-0.0452177,-0.061934292,-0.19472134,-0.015158668,0.0141685605,-0.30190662,-0.03184249,-0.019222856,-0.36004794,-0.057665106,-0.023667336,-0.2754008,-0.03759548,-0.014372826,-0.2319411,-0.012997261
-0.0791415,-0.0027828217,-0.03788137,-0.17304221,-0.13697553,-0.04452768,-0.21603888,-0.2651417,-0.050388657,-0.2336956,-0.36127573,-0.046537086,-0.1655305,-0.2626306,-0.0022146273,-0.18892014,-0.3478737,-0.053056456,-0.1776582,-0.25249973,-0.06933666,-0.16470212,-0.20624769,-0.07017497,-0.10220122,-0.28159398,-0.0019011138,-0.12991178,-0.3434024,-0.04744555,-0.11946878,-0.21126026,-0.041557685,-0.1068241,-0.19869569,-0.023361778,-0.036634922,-0.2803217,-0.013808112,-0.061323047,-0.3448666,-0.06475363,-0.06016624,-0.21503752,-0.038778048,-0.048679233,-0.19128293,-0.0064846524,0.03069228,-0.2699023,-0.02969943,0.003093183,-0.31104994,-0.05735087,-0.0050082207,-0.21943867,-0.0375425,0.0032997131,-0.19085401,-0.013664303
-0.0791415,-0.0027828217,-0.03788137,-0.17304221,-0.13697553,-0.04452768,-0.21603888,-0.2651417,-0.050388657,-0.2336956,-0.36127573,-0.046537086,-0.1655305,-0.2626306,-0.0022146273,-0.18892014,-0.3478737,-0.053056456,-0.1776582,-0.25249973,-0.06933666,-0.16470212,-0.20624769,-0.07017497,-0.10220122,-0.28159398,-0.0019011138,-0.12991178,-0.3434024,-0.04744555,-0.11946878,-0.21126026,-0.041557685,-0.1068241,-0.19869569,-0.023361778,-0.036634922,-0.2803217,-0.013808112,-0.061323047,-0.3448666,-0.06475363,-0.06016624,-0.21503752,-0.038778048,-0.048679233,-0.19128293,-0.0064846524,0.03069228,-0.2699023,-0.02969943,0.003093183,-0.31104994,-0.05735087,-0.0050082207,-0.21943867,-0.0375425,0.0032997131,-0.19085401,-0.013664303
-0.08507645,-0.0005226135,-0.03512924,-0.17884555,-0.13062894,-0.04006182,-0.21982107,-0.25685066,-0.044668116,-0.23284227,-0.3488344,-0.038921535,-0.16976264,-0.25407878,0.004741792,-0.19381738,-0.3415602,-0.043249425,-0.17585483,-0.23930392,-0.05745859,-0.16031486,-0.19736823,-0.058143813,-0.10990864,-0.27631304,0.0035846417,-0.13690919,-0.33979827,-0.040115826,-0.12224409,-0.20357987,-0.03395985,-0.10886273,-0.19755039,-0.016173324,-0.046672404,-0.27744114,-0.00986495,-0.07220757,-0.34767377,-0.0586674,-0.06811166,-0.21502113,-0.03196051,-0.054793954,-0.19796282,-0.00048014065,0.019135356,-0.2686335,-0.027410587,-0.0060011744,-0.29610312,-0.054583643,-0.011824429,-0.20194632,-0.035991054,-0.0024394393,-0.18210366,-0.013767907
-0.08260125,0.0029542446,-0.033906907,-0.17992091,-0.12077105,-0.038485453,-0.22261792,-0.24539094,-0.043159686,-0.23331693,-0.33342555,-0.03774545,-0.16247469,-0.24704461,0.0077393707,-0.19213665,-0.33191967,-0.038067125,-0.175623,-0.23650298,-0.051062252,-0.15761596,-0.19574314,-0.051353484,-0.10751504,-0.26995128,0.006408157,-0.13975799,-0.33686468,-0.035081793,-0.12486887,-0.20515668,-0.028740572,-0.110209346,-0.20050895,-0.010578446,-0.04814136,-0.27402818,-0.0071525904,-0.07861453,-0.34790024,-0.05464629,-0.072659075,-0.21778649,-0.029676318,-0.056147456,-0.20164421,0.00046297465,0.015079081,-0.26891524,-0.024719743,-0.014229655,-0.28632194,-0.053965308,-0.017076373,-0.19514462,-0.038975604,-0.0027005672,-0.18078819,-0.019199438
-0.07990295,-0.001457274,-0.034029447,-0.17455193,-0.12460947,-0.038690582,-0.21736693,-0.24602455,-0.043380994,-0.2283561,-0.333127,-0.038108107,-0.16043654,-0.24631567,0.007500914,-0.18720487,-0.32895043,-0.036287367,-0.17046487,-0.23307788,-0.048038073,-0.15488914,-0.1949155,-0.04810289,-0.10503784,-0.26889315,0.0063153803,-0.13582411,-0.3348668,-0.033764504,-0.12102181,-0.20574331,-0.027208615,-0.107363164,-0.20214057,-0.009444626,-0.04494691,-0.27251133,-0.0068338066,-0.074043155,-0.34772858,-0.054037895,-0.06886244,-0.21861434,-0.029777605,-0.053914785,-0.19955924,-0.00022647588,0.018335402,-0.26609263,-0.02382688,-0.010466158,-0.2891819,-0.053890478,-0.013284922,-0.1979728,-0.039276794,0.00056898594,-0.17912275,-0.019599086
-0.07990295,-0.001457274,-0.034029447,-0.17455193,-0.12460947,-0.038690582,-0.21736693,-0.24602455,-0.043380994,-0.2283561,-0.333127,-0.038108107,-0.16043654,-0.24631567,0.007500914,-0.18720487,-0.32895043,-0.036287367,-0.17046487,-0.23307788,-0.048038073,-0.15488914,-0.1949155,-0.04810289,-0.10503784,-0.26889315,0.0063153803,-0.13582411,-0.3348668,-0.033764504,-0.12102181,-0.20574331,-0.027208615,-0.107363164,-0.20214057,-0.009444626,-0.04494691,-0.27251133,-0.0068338066,-0.074043155,-0.34772858,-0.054037895,-0.06886244,-0.21861434,-0.029777605,-0.053914785,-0.19955924,-0.00022647588,0.018335402,-0.26609263,-0.02382688,-0.010466158,-0.2891819,-0.053890478,-0.013284922,-0.1979728,-0.039276794,0.00056898594,-0.17912275,-0.019599086
-0.07836044,0.0040605366,-0.03452658,-0.17343456,-0.1182296,-0.03945491,-0.21665338,-0.24053429,-0.044189498,-0.2289105,-0.32854205,-0.039327823,-0.16435203,-0.24192452,0.0072999154,-0.19106838,-0.3244794,-0.038181797,-0.1755501,-0.23390266,-0.0510654,-0.15920126,-0.19254446,-0.051027473,-0.108805895,-0.26510108,0.006240824,-0.138944,-0.32859674,-0.03564803,-0.12396106,-0.20144823,-0.029510673,-0.1100359,-0.19457537,-0.011341439,-0.048872232,-0.26917198,-0.00711338,-0.07700968,-0.342786,-0.056832254,-0.071067095,-0.2158776,-0.034040123,-0.056536317,-0.19636247,-0.0047915503,0.014627337,-0.26346117,-0.024159925,-0.012588561,-0.28657094,-0.057231437,-0.014011204,-0.19350901,-0.044111785,-0.00060522556,-0.17226037,-0.024883093
-0.0840435,0.00046786666,-0.03302566,-0.17863041,-0.11941585,-0.037435725,-0.22156066,-0.23664893,-0.042173233,-0.23062053,-0.3220127,-0.037140165,-0.16490585,-0.23840813,0.0087639885,-0.1937792,-0.3219719,-0.03501918,-0.17478418,-0.22839132,-0.046594735,-0.15792298,-0.19265628,-0.04627057,-0.1107139,-0.26143348,0.0068599572,-0.14020243,-0.32917398,-0.03454186,-0.1238963,-0.19954658,-0.028573867,-0.11146301,-0.19654906,-0.010424668,-0.05147165,-0.26623994,-0.007027011,-0.07919991,-0.34138557,-0.05499704,-0.07271987,-0.21272281,-0.031891063,-0.05905366,-0.19642615,-0.00266222,0.011015952,-0.26071623,-0.024627026,-0.015384555,-0.28547797,-0.054879718,-0.017042875,-0.19464996,-0.040767573,-0.0034253597,-0.17701069,-0.021289367
-0.0854072,0.002698511,-0.034035135,-0.17915976,-0.1141831,-0.039829444,-0.22174257,-0.23390198,-0.04573793,-0.23438251,-0.31922102,-0.041911032,-0.16929841,-0.23661739,0.0073197237,-0.1962786,-0.3211915,-0.039819196,-0.17765641,-0.22580984,-0.05399952,-0.16242278,-0.18788344,-0.055051148,-0.11430177,-0.25861603,0.00512537,-0.14442983,-0.3279003,-0.03914344,-0.12848195,-0.19610208,-0.035276078,-0.11777258,-0.1907081,-0.018413225,-0.05523199,-0.26223904,-0.009179369,-0.08227873,-0.3381131,-0.059472315,-0.07529384,-0.20918626,-0.036711726,-0.063470185,-0.19249159,-0.007423813,0.0075438023,-0.25705272,-0.027252365,-0.0161255,-0.2791849,-0.058150712,-0.016433716,-0.18850908,-0.04374171,-0.005123198,-0.17252848,-0.024038134
-0.0854072,0.002698511,-0.034035135,-0.17915976,-0.1141831,-0.039829444,-0.22174257,-0.23390198,-0.04573793,-0.23438251,-0.31922102,-0.041911032,-0.16929841,-0.23661739,0.0073197237,-0.1962786,-0.3211915,-0.039819196,-0.17765641,-0.22580984,-0.05399952,-0.16242278,-0.18788344,-0.055051148,-0.11430177,-0.25861603,0.00512537,-0.14442983,-0.3279003,-0.03914344,-0.12848195,-0.19610208,-0.035276078,-0.11777258,-0.1907081,-0.018413225,-0.05523199,-0.26223904,-0.009179369,-0.08227873,-0.3381131,-0.059472315,-0.07529384,-0.20918626,-0.036711726,-0.063470185,-0.19249159,-0.007423813,0.0075438023,-0.25705272,-0.027252365,-0.0161255,-0.2791849,-0.058150712,-0.016433716,-0.18850908,-0.04374171,-0.005123198,-0.17252848,-0.024038134
-0.079461455,0.00061386824,-0.032602187,-0.17276573,-0.12164152,-0.03761103,-0.21463037,-0.24394134,-0.043128334,-0.22480309,-0.32988,-0.03862209,-0.16290975,-0.24316084,0.007685788,-0.19073346,-0.32766503,-0.038766485,-0.17283651,-0.233291,-0.05082979,-0.15459722,-0.19484526,-0.04973064,-0.107284516,-0.26299003,0.0058209663,-0.13841587,-0.33234873,-0.035070345,-0.1221793,-0.19958383,-0.025954926,-0.108364314,-0.19609809,-0.005412069,-0.046635687,-0.2654627,-0.008228902,-0.07590461,-0.34166628,-0.056279063,-0.06736553,-0.2089388,-0.028915437,-0.05063796,-0.18930727,0.0035635747,0.017290354,-0.25906986,-0.026169112,-0.007577896,-0.28610304,-0.056656983,-0.009311676,-0.1917764,-0.040455204,0.003266573,-0.17071924,-0.019008078
-0.0750494,0.0023633242,-0.02899946,-0.16823584,-0.11990896,-0.031118404,-0.21230501,-0.23577923,-0.034047294,-0.22625405,-0.3183044,-0.027879722,-0.15941277,-0.24105471,0.008033254,-0.18899551,-0.3296846,-0.03728762,-0.17255014,-0.23954052,-0.04992255,-0.15493456,-0.19570383,-0.049162682,-0.103973866,-0.26102793,0.0054634083,-0.13661146,-0.33036825,-0.03560822,-0.12083551,-0.2025834,-0.029178282,-0.10568142,-0.19186246,-0.010559239,-0.04331118,-0.26360756,-0.008421554,-0.073230505,-0.33819446,-0.057124335,-0.06491482,-0.2091524,-0.03326824,-0.04904002,-0.18456095,-0.0029078338,0.020022511,-0.25696996,-0.025455395,-0.0047974586,-0.28443772,-0.057191834,-0.0066612363,-0.19118032,-0.04284294,0.0050650835,-0.16576156,-0.022613788
-0.075704396,-0.0035645962,-0.028429518,-0.16379851,-0.12015048,-0.03445227,-0.20523381,-0.22564316,-0.042191125,-0.22508946,-0.30237028,-0.041442223,-0.15379298,-0.24865201,0.0042002276,-0.1890845,-0.33894044,-0.04490496,-0.18394926,-0.2645954,-0.061532687,-0.16833904,-0.21858168,-0.06268506,-0.099509954,-0.26721752,-0.00076484407,-0.13247803,-0.3353574,-0.04435322,-0.11902061,-0.20756552,-0.03837282,-0.10499549,-0.19823736,-0.019391762,-0.039292634,-0.26948142,-0.016978307,-0.07040286,-0.34121275,-0.06432196,-0.06390762,-0.2165896,-0.037323046,-0.048270166,-0.19710448,-0.005359522,0.024279416,-0.26114735,-0.036952008,-0.00168401,-0.2877819,-0.065922506,-0.0049015284,-0.19929421,-0.04750081,0.0075544715,-0.1805506,-0.024599515
-0.075704396,-0.0035645962,-0.028429518,-0.16379851,-0.12015048,-0.03445227,-0.20523381,-0.22564316,-0.042191125,-0.22508946,-0.30237028,-0.041442223,-0.15379298,-0.24865201,0.0042002276,-0.1890845,-0.33894044,-0.04490496,-0.18394926,-0.2645954,-0.061532687,-0.16833904,-0.21858168,-0.06268506,-0.099509954,-0.26721752,-0.00076484407,-0.13247803,-0.3353574,-0.04435322,-0.11902061,-0.20756552,-0.03837282,-0.10499549,-0.19823736,-0.019391762,-0.039292634,-0.26948142,-0.016978307,-0.07040286,-0.34121275,-0.06432196,-0.06390762,-0.2165896,-0.037323046,-0.048270166,-0.19710448,-0.005359522,0.024279416,-0.26114735,-0.036952008,-0.00168401,-0.2877819,-0.065922506,-0.0049015284,-0.19929421,-0.04750081,0.0075544715,-0.1805506,-0.024599515
-0.07865131,-0.004263699,-0.028896302,-0.16845924,-0.12463939,-0.034279194,-0.21264052,-0.2404108,-0.041276284,-0.23235828,-0.32390487,-0.039148044,-0.15771085,-0.24423093,0.006353602,-0.18656138,-0.33999482,-0.041267682,-0.17686087,-0.25456977,-0.054959722,-0.16185296,-0.20830223,-0.054420445,-0.10271561,-0.26530078,0.0020858836,-0.13201922,-0.33926913,-0.03841239,-0.12086892,-0.21283326,-0.030730031,-0.107783735,-0.20822448,-0.011628686,-0.042091608,-0.26842815,-0.013714247,-0.07148236,-0.34692672,-0.059212595,-0.067007065,-0.2236934,-0.032462943,-0.052243292,-0.20721978,-0.0015511516,0.020266056,-0.26082593,-0.033192985,-0.00623405,-0.2870862,-0.060829084,-0.010281503,-0.19970313,-0.043361474,0.0033999085,-0.18218446,-0.021845901
-0.07885188,-0.0043497086,-0.028640717,-0.16696906,-0.11953777,-0.033806175,-0.2100169,-0.2256032,-0.04046435,-0.2289572,-0.3029264,-0.03858002,-0.1618039,-0.24238005,0.004493452,-0.19412643,-0.33892244,-0.04278468,-0.18875563,-0.25656715,-0.059584983,-0.17392805,-0.20465985,-0.06136347,-0.10686278,-0.263692,-4.3417294e-05,-0.13647068,-0.34101996,-0.04185733,-0.12526363,-0.21675402,-0.038604323,-0.10957396,-0.20170441,-0.022160655,-0.04620886,-0.26678354,-0.015375806,-0.07168585,-0.34885615,-0.060127083,-0.06861162,-0.22938639,-0.03706917,-0.05411935,-0.20581171,-0.008453051,0.017206788,-0.2572446,-0.034287263,-0.005801022,-0.29256105,-0.06064952,-0.010591626,-0.20789906,-0.043527883,0.0011370182,-0.18659458,-0.022311999
-0.08232385,-0.0052109957,-0.032293826,-0.1750252,-0.12502342,-0.037053917,-0.2225649,-0.24166408,-0.042877298,-0.23644504,-0.32965845,-0.038933896,-0.16585183,-0.24269748,0.012249089,-0.19259822,-0.3364698,-0.03279687,-0.18013987,-0.25056273,-0.046156283,-0.16547242,-0.20630008,-0.046222795,-0.11127257,-0.26571804,0.010096967,-0.1392011,-0.34046644,-0.030408492,-0.12553981,-0.21510711,-0.024712246,-0.11200619,-0.20693788,-0.0067642196,-0.051169157,-0.26980045,-0.0042700684,-0.07626861,-0.3520188,-0.05085744,-0.0718171,-0.23087117,-0.02775804,-0.058237195,-0.21245739,0.0012472173,0.012471259,-0.26253533,-0.022408942,-0.010599136,-0.2942137,-0.05094853,-0.014344752,-0.20805576,-0.03596735,-0.0021891594,-0.18871629,-0.016108116
-0.087320626,-0.0035782754,-0.034272928,-0.18255562,-0.11978203,-0.03749972,-0.2349388,-0.23523936,-0.041085567,-0.24737385,-0.32200477,-0.03363877,-0.17970228,-0.2343905,0.015661925,-0.2041004,-0.32432276,-0.026209038,-0.17960486,-0.22891507,-0.03669611,-0.16656154,-0.19827,-0.036363676,-0.124433875,-0.25962698,0.014565761,-0.15017587,-0.3362574,-0.026509756,-0.12954742,-0.20678803,-0.020906992,-0.12117398,-0.20634481,-0.0027447448,-0.06295133,-0.26543474,0.0009581923,-0.08380169,-0.35112625,-0.046932828,-0.074395835,-0.23017478,-0.025056478,-0.063656986,-0.22018707,0.0034682797,0.0013762712,-0.2597068,-0.01645861,-0.01516819,-0.295363,-0.044958264,-0.014844954,-0.20934,-0.030774117,-0.003537476,-0.19331023,-0.011586939
-0.08425826,-0.003440559,-0.03592611,-0.1813204,-0.12354383,-0.03856724,-0.236069,-0.2385507,-0.040684093,-0.25228804,-0.3252918,-0.032373395,-0.1766656,-0.23188666,0.012219697,-0.1994712,-0.32467562,-0.029425865,-0.17340288,-0.23194015,-0.040920738,-0.16189346,-0.19576874,-0.0412453,-0.120195925,-0.25641927,0.011689812,-0.14448437,-0.33619553,-0.029390838,-0.121996164,-0.21118179,-0.025543133,-0.11542678,-0.20294058,-0.009013078,-0.0586437,-0.26061952,-0.001138404,-0.077352405,-0.35078782,-0.050271504,-0.06559187,-0.23588029,-0.030979346,-0.058170915,-0.22021216,-0.004265365,0.00540632,-0.25216287,-0.017540881,-0.006937444,-0.29569715,-0.049167868,-0.0032322407,-0.20924976,-0.036364563,0.0055304766,-0.1852875,-0.017974459
-0.08497614,-0.0035881698,-0.03620547,-0.17719859,-0.12826368,-0.039249666,-0.22906518,-0.24681613,-0.041733056,-0.24856502,-0.33261284,-0.03372643,-0.17183453,-0.23539051,0.009525323,-0.19155431,-0.33134532,-0.03202985,-0.16577247,-0.23632166,-0.041862078,-0.1537162,-0.19686282,-0.04050556,-0.11448932,-0.25975537,0.009309368,-0.13362932,-0.3398497,-0.030390827,-0.11170006,-0.21038115,-0.023506496,-0.1068576,-0.20294017,-0.0049699387,-0.052403152,-0.2632231,-0.003185699,-0.065467,-0.35139644,-0.05021461,-0.054537296,-0.23277575,-0.027140308,-0.04956132,-0.21892637,0.0016150366,0.01036799,-0.25390965,-0.019492835,0.0022010207,-0.2986555,-0.0482036,0.0045137405,-0.21265045,-0.032574132,0.011560023,-0.19182855,-0.012660251
-0.08497614,-0.0035881698,-0.03620547,-0.17719859,-0.12826368,-0.039249666,-0.22906518,-0.24681613,-0.041733056,-0.24856502,-0.33261284,-0.03372643,-0.17183453,-0.23539051,0.009525323,-0.19155431,-0.33134532,-0.03202985,-0.16577247,-0.23632166,-0.041862078,-0.1537162,-0.19686282,-0.04050556,-0.11448932,-0.25975537,0.009309368,-0.13362932,-0.3398497,-0.030390827,-0.11170006,-0.21038115,-0.023506496,-0.1068576,-0.20294017,-0.0049699387,-0.052403152,-0.2632231,-0.003185699,-0.065467,-0.35139644,-0.05021461,-0.054537296,-0.23277575,-0.027140308,-0.04956132,-0.21892637,0.0016150366,0.01036799,-0.25390965,-0.019492835,0.0022010207,-0.2986555,-0.0482036,0.0045137405,-0.21265045,-0.032574132,0.011560023,-0.19182855,-0.012660251
-0.077804685,0.017652482,-0.04373191,-0.1784845,-0.10325265,-0.04956594,-0.23442724,-0.22874758,-0.053219344,-0.2519727,-0.3187076,-0.04541522,-0.17384732,-0.21225706,0.0011393842,-0.19569063,-0.3112938,-0.042519003,-0.1635193,-0.21599692,-0.05132298,-0.14972863,-0.17633814,-0.048596736,-0.11761719,-0.23918876,0.0053035812,-0.13596821,-0.32257143,-0.035333104,-0.10907221,-0.19760025,-0.02599046,-0.106824815,-0.19070566,-0.0057774168,-0.057359517,-0.24608427,-0.0034488668,-0.07107514,-0.33697474,-0.051767413,-0.05354035,-0.2225285,-0.025934279,-0.05028349,-0.20841447,0.004835908,0.0049280524,-0.2429505,-0.016729504,-0.0015426874,-0.29514357,-0.048058584,0.005587578,-0.21170902,-0.033020694,0.0106089115,-0.1873574,-0.013133008
-0.078926384,0.010121465,-0.04263021,-0.1793476,-0.10607368,-0.048543576,-0.23805887,-0.22688052,-0.052954886,-0.258408,-0.31518292,-0.045702834,-0.18045509,-0.21205074,0.0075788004,-0.19964188,-0.30799216,-0.03492646,-0.1640906,-0.21711302,-0.0436157,-0.15192792,-0.18046215,-0.04091229,-0.12551308,-0.24061769,0.010976489,-0.14046225,-0.32235458,-0.027204454,-0.11043769,-0.19917798,-0.017304763,-0.113784075,-0.19457364,0.0029526532,-0.06547207,-0.2496202,0.0010636612,-0.076324224,-0.33863658,-0.045449484,-0.055422187,-0.22571167,-0.01968112,-0.056257248,-0.21284434,0.010596337,-0.00365901,-0.24718872,-0.013470386,-0.0069013834,-0.29921693,-0.043364484,0.0016711354,-0.21649277,-0.028016757,0.0035826564,-0.19304934,-0.008180464
-0.07732701,0.0076482,-0.038865283,-0.17884895,-0.10417768,-0.043511264,-0.23842606,-0.21740052,-0.04773466,-0.26009753,-0.30060464,-0.03991385,-0.18078852,-0.21271217,0.013855815,-0.20124912,-0.30516228,-0.025498431,-0.16393074,-0.21408209,-0.0332749,-0.15191182,-0.18100291,-0.030736167,-0.12851334,-0.24184206,0.015864046,-0.14400631,-0.32109848,-0.02000403,-0.11243963,-0.19925934,-0.010517956,-0.11602247,-0.197074,0.009306846,-0.07061547,-0.25189245,0.004917887,-0.07984823,-0.34087908,-0.0390591,-0.05726701,-0.23090813,-0.0145214945,-0.05736178,-0.21947259,0.014710771,-0.010076404,-0.24998027,-0.010437721,-0.01006335,-0.3043207,-0.03799673,-0.0024302602,-0.22351906,-0.022969639,-0.0027403235,-0.19922492,-0.0035966071
-0.07265818,0.012645185,-0.03929176,-0.17489696,-0.099013686,-0.04462098,-0.23496276,-0.20989308,-0.049276046,-0.2585093,-0.2929239,-0.04192547,-0.18064186,-0.21080038,0.0107696345,-0.20142567,-0.30276012,-0.029736174,-0.16552082,-0.21363789,-0.038685642,-0.1513479,-0.17706558,-0.036221154,-0.12894344,-0.24085343,0.0133614,-0.1418662,-0.31731492,-0.023997853,-0.11084467,-0.19583324,-0.015516023,-0.11336321,-0.18828759,0.0042036213,-0.071157694,-0.25337082,0.0033493028,-0.08053601,-0.34174764,-0.040252686,-0.057884395,-0.23308149,-0.015211867,-0.057442367,-0.21703658,0.014597962,-0.011058807,-0.2539702,-0.011142106,-0.012471378,-0.31255102,-0.038351238,-0.0043985844,-0.23272231,-0.022449125,-0.0040724874,-0.20565116,-0.0020062758
-0.06856161,0.013785839,-0.04053192,-0.16541186,-0.10031664,-0.04678596,-0.22416753,-0.2101587,-0.05191035,-0.25166517,-0.29081377,-0.04542146,-0.16949236,-0.21106717,0.006463504,-0.19380209,-0.30117512,-0.035711486,-0.15794992,-0.21271113,-0.045976754,-0.14043611,-0.16939571,-0.043710712,-0.118750095,-0.24289119,0.009894355,-0.13423318,-0.31903532,-0.027903454,-0.10131657,-0.19899651,-0.019952796,-0.101141036,-0.1863507,-0.0008783164,-0.06253469,-0.25490025,0.0008312756,-0.07224989,-0.34556466,-0.043781847,-0.050150096,-0.2386055,-0.019182049,-0.049708903,-0.2160877,0.010446468,-0.004820347,-0.25376138,-0.012643617,-0.006015599,-0.3161359,-0.041565083,0.001573205,-0.23885679,-0.026391573,-0.00051909685,-0.20762497,-0.0061879265
-0.06856161,0.013785839,-0.04053192,-0.16541186,-0.10031664,-0.04678596,-0.22416753,-0.2101587,-0.05191035,-0.25166517,-0.29081377,-0.04542146,-0.16949236,-0.21106717,0.006463504,-0.19380209,-0.30117512,-0.035711486,-0.15794992,-0.21271113,-0.045976754,-0.14043611,-0.16939571,-0.043710712,-0.118750095,-0.24289119,0.009894355,-0.13423318,-0.31903532,-0.027903454,-0.10131657,-0.19899651,-0.019952796,-0.101141036,-0.1863507,-0.0008783164,-0.06253469,-0.25490025,0.0008312756,-0.07224989,-0.34556466,-0.043781847,-0.050150096,-0.2386055,-0.019182049,-0.049708903,-0.2160877,0.010446468,-0.004820347,-0.25376138,-0.012643617,-0.006015599,-0.3161359,-0.041565083,0.001573205,-0.23885679,-0.026391573,-0.00051909685,-0.20762497,-0.0061879265
-0.071331024,0.015886486,-0.041217722,-0.16995597,-0.09639236,-0.047431458,-0.22963437,-0.2076427,-0.052538928,-0.2574799,-0.28944618,-0.04599256,-0.17402819,-0.20732337,0.0071481173,-0.19874233,-0.29812425,-0.035219792,-0.16048437,-0.21237713,-0.045086976,-0.14413428,-0.17041343,-0.042430714,-0.123266816,-0.23991922,0.01073161,-0.13821387,-0.31589955,-0.0275057,-0.102606356,-0.1979382,-0.020023158,-0.10504925,-0.18560657,-0.0012193958,-0.06731647,-0.25353366,0.001640683,-0.07746458,-0.34249812,-0.043783225,-0.05199486,-0.23561054,-0.019547217,-0.053835392,-0.21315399,0.009959504,-0.010210335,-0.25403476,-0.011884681,-0.011051416,-0.31406495,-0.041555747,-0.00075125694,-0.2361081,-0.026714386,-0.0040847063,-0.20526925,-0.0066733356
-0.07270926,0.018784523,-0.039883997,-0.17066535,-0.09345621,-0.04501515,-0.22821817,-0.20170641,-0.04886343,-0.2516954,-0.28333506,-0.0411531,-0.16792625,-0.20103088,0.00637784,-0.19335255,-0.2921474,-0.035380416,-0.15743276,-0.20246819,-0.046038102,-0.13925612,-0.15603602,-0.043982554,-0.117207706,-0.23439515,0.010663776,-0.13445777,-0.3084122,-0.027602067,-0.1008544,-0.19012445,-0.021599395,-0.09874159,-0.171379,-0.0038266117,-0.062185943,-0.2479757,0.0028037936,-0.074129224,-0.33711407,-0.04062335,-0.050649703,-0.23127323,-0.017575175,-0.049266875,-0.20531666,0.010913201,-0.0057855844,-0.24883358,-0.00934205,-0.0069288015,-0.31005853,-0.03750442,0.0018438697,-0.23476666,-0.02378325,-0.0004569292,-0.20340416,-0.004714809
-0.07102764,0.018401623,-0.0410649,-0.16765651,-0.091902554,-0.0477234,-0.22625458,-0.19895488,-0.05289996,-0.25105855,-0.2801447,-0.046483766,-0.16829813,-0.1997611,0.003917132,-0.19244078,-0.28909618,-0.039250977,-0.15565613,-0.19982487,-0.050096493,-0.13767803,-0.15506372,-0.04800499,-0.11734533,-0.23346639,0.008395501,-0.13291281,-0.3050648,-0.031205572,-0.099003136,-0.18535388,-0.0247121,-0.09866434,-0.16914111,-0.006498452,-0.062106192,-0.24822803,0.00060093356,-0.07219356,-0.33292872,-0.04384901,-0.049046457,-0.22665367,-0.019948743,-0.04925388,-0.20270449,0.009198382,-0.005869031,-0.25107646,-0.011601108,-0.006554544,-0.3094524,-0.03981812,0.0021534562,-0.23406696,-0.025428263,-0.0009897351,-0.20435014,-0.00585456
-0.07350469,0.017333537,-0.036514837,-0.1695432,-0.08313578,-0.043105416,-0.22829592,-0.18323234,-0.048916273,-0.25300032,-0.26058435,-0.043609783,-0.17174917,-0.1925183,0.0053052553,-0.1957258,-0.27691555,-0.03794709,-0.16041344,-0.19139996,-0.051043697,-0.14422995,-0.14460462,-0.050629035,-0.12066102,-0.22466147,0.007178779,-0.13579339,-0.29209295,-0.031917922,-0.10305226,-0.17675266,-0.027865486,-0.10437834,-0.15529725,-0.011990592,-0.06561607,-0.23954783,-0.0023352671,-0.07595581,-0.32033098,-0.045414884,-0.052367747,-0.2173948,-0.02256272,-0.053744495,-0.19053301,0.0053092446,-0.009299278,-0.24221006,-0.015796147,-0.011282682,-0.29886547,-0.043031257,-0.0018674135,-0.22446102,-0.02773121,-0.0057355165,-0.1934287,-0.007639861
-0.06907028,0.016655684,-0.040028043,-0.16550377,-0.0843004,-0.048618868,-0.22525209,-0.18610314,-0.055527233,-0.25167155,-0.26576093,-0.051485106,-0.171502,-0.19558015,-0.0008906242,-0.19550306,-0.27885002,-0.045295548,-0.15923226,-0.19360787,-0.05695724,-0.14251363,-0.14769462,-0.055185944,-0.11862069,-0.22633451,0.0022335073,-0.13550556,-0.29075003,-0.035993494,-0.100503266,-0.17214626,-0.02796378,-0.10053432,-0.1580899,-0.009419554,-0.06051892,-0.2390645,-0.006508525,-0.07089138,-0.31472847,-0.05058516,-0.046949506,-0.20790303,-0.02452905,-0.047318757,-0.18818149,0.005602271,-0.0022740364,-0.2385709,-0.01944699,-0.0065886974,-0.29190663,-0.047334414,0.0044333935,-0.21541724,-0.030019583,0.0043679476,-0.18912548,-0.008454435
-0.06679696,0.014973342,-0.03721496,-0.16344509,-0.0863294,-0.045481987,-0.2229138,-0.18566778,-0.052689683,-0.25173953,-0.26449472,-0.049748946,-0.16951185,-0.19378728,-0.0017966982,-0.19676393,-0.27937573,-0.0460048,-0.16918582,-0.20398512,-0.05658084,-0.15336427,-0.1551652,-0.053215794,-0.11673653,-0.22336107,0.00035123347,-0.13615972,-0.28874218,-0.03769656,-0.10495043,-0.1749886,-0.028185239,-0.101789236,-0.1607691,-0.007979409,-0.05828005,-0.23660937,-0.008937902,-0.07252979,-0.31148,-0.052040912,-0.05103326,-0.20727956,-0.025684886,-0.04873562,-0.18615514,0.0048959684,0.00021910667,-0.23750101,-0.022154866,-0.0068959594,-0.28939962,-0.049228173,0.002325952,-0.2130495,-0.031791136,0.0048987865,-0.18578571,-0.009955573
-0.06643009,0.012569815,-0.034551848,-0.16054255,-0.092148334,-0.04201185,-0.21771029,-0.19479418,-0.048792902,-0.2475611,-0.27326733,-0.04694698,-0.16722909,-0.201743,-0.0051139416,-0.19971588,-0.28931552,-0.049449623,-0.1789271,-0.22169876,-0.06276897,-0.16163397,-0.1694755,-0.061608296,-0.11327201,-0.22978619,-0.004434063,-0.1370995,-0.29774502,-0.04294234,-0.111083925,-0.18895131,-0.036699403,-0.10145551,-0.16639376,-0.01931665,-0.052628815,-0.24014255,-0.014241532,-0.07063609,-0.31776333,-0.057587337,-0.05544132,-0.21206403,-0.034474432,-0.049461067,-0.18275198,-0.0062326533,0.008856595,-0.236481,-0.027497659,-0.0032681227,-0.28789693,-0.055766903,0.00018686056,-0.21046084,-0.039788276,0.0046863556,-0.17952362,-0.01906079
-0.07008827,0.010329545,-0.034756348,-0.16088817,-0.095864475,-0.04272716,-0.21386641,-0.20097142,-0.05028808,-0.2408295,-0.2836134,-0.049109295,-0.16430101,-0.21544498,-0.00085151114,-0.19714028,-0.2934469,-0.047398575,-0.18378517,-0.22088969,-0.06333574,-0.16633534,-0.1748882,-0.06456996,-0.11026168,-0.24160032,-0.0021225547,-0.1386838,-0.3046479,-0.044886965,-0.12115419,-0.19126493,-0.041330855,-0.10557276,-0.1754753,-0.024637505,-0.049449027,-0.24630168,-0.014517389,-0.071266055,-0.31189072,-0.061383802,-0.06418705,-0.20166627,-0.039475463,-0.054109693,-0.18269044,-0.011216765,0.012129366,-0.23615697,-0.030610677,-0.006070137,-0.26957464,-0.059938017,-0.007479906,-0.1910573,-0.04471316,0.0012603998,-0.17090213,-0.024369314
-0.07039291,-0.0007765889,-0.030412752,-0.15774024,-0.12213734,-0.0354059,-0.20449573,-0.23443352,-0.040981565,-0.22985113,-0.3188761,-0.03927054,-0.15322673,-0.23501894,0.0040177335,-0.18618733,-0.31729683,-0.038755476,-0.18411303,-0.25252655,-0.05429511,-0.1713953,-0.20307845,-0.056029744,-0.10002941,-0.25632113,0.0016874246,-0.13201106,-0.3236074,-0.03899263,-0.123048365,-0.21411464,-0.037874438,-0.10550773,-0.18871498,-0.023383074,-0.040170312,-0.25741297,-0.010956961,-0.06710374,-0.32912958,-0.05628974,-0.06573534,-0.22140363,-0.037963077,-0.052033007,-0.19153261,-0.012605299,0.022043884,-0.24367364,-0.026835695,-0.00048708916,-0.27874595,-0.0581174,-0.004950702,-0.19988334,-0.046471834,0.007099986,-0.17297512,-0.028675584
-0.06269735,-0.006322384,-0.027537702,-0.1439001,-0.13133726,-0.031457562,-0.18379372,-0.24831536,-0.036843143,-0.20710045,-0.3312888,-0.036224425,-0.13673654,-0.24755983,0.003609787,-0.16993406,-0.33368552,-0.03873221,-0.17725599,-0.27927297,-0.0547224,-0.16886696,-0.22780432,-0.056608755,-0.08518249,-0.26517075,0.0002763513,-0.122140765,-0.32703704,-0.039664734,-0.12036663,-0.22122012,-0.038795654,-0.103688955,-0.18955982,-0.024476143,-0.026931167,-0.26335,-0.012843742,-0.061855793,-0.32546508,-0.057055753,-0.063756704,-0.2172869,-0.039879866,-0.047924697,-0.18010977,-0.0150688095,0.034338355,-0.24708915,-0.029043673,0.003603816,-0.26382762,-0.05919314,-0.005249858,-0.18699774,-0.048864212,0.0068201423,-0.16000962,-0.0318628
-0.060169816,-0.012773275,-0.02779325,-0.13791037,-0.14926535,-0.030246137,-0.1756225,-0.27084726,-0.033974905,-0.19702303,-0.35731775,-0.03033821,-0.12653068,-0.2763788,0.00665591,-0.16126543,-0.35417092,-0.039454952,-0.16379184,-0.27914613,-0.055059392,-0.15198848,-0.2276891,-0.05582477,-0.07350993,-0.29167354,0.0030704802,-0.1148473,-0.3412766,-0.03974326,-0.1112389,-0.2259622,-0.036807224,-0.0911203,-0.20420301,-0.020185487,-0.017113328,-0.28553545,-0.0113473525,-0.061140656,-0.32694086,-0.057814755,-0.060497105,-0.21028566,-0.03692897,-0.03982967,-0.18692875,-0.008939552,0.038907528,-0.26408195,-0.029233677,0.00061893463,-0.25289187,-0.058053993,-0.003265977,-0.17672992,-0.04626601,0.017163515,-0.16905195,-0.028244883
-0.06889081,-0.027592152,-0.02051147,-0.13218373,-0.17284197,-0.020484127,-0.15920454,-0.29318714,-0.022871101,-0.18113056,-0.37953365,-0.018700454,-0.10725522,-0.301616,0.0148450285,-0.15451857,-0.3735035,-0.028989164,-0.15986627,-0.2955293,-0.04479899,-0.14450368,-0.24695021,-0.046737917,-0.05632782,-0.31402698,0.008045308,-0.114932954,-0.3553564,-0.034178752,-0.1156469,-0.23765093,-0.03337184,-0.09027678,-0.21223673,-0.018791985,-0.0050109625,-0.30170912,-0.009062646,-0.067335784,-0.3388846,-0.05678464,-0.06945026,-0.21966255,-0.03904305,-0.04487133,-0.19507122,-0.013572045,0.040014267,-0.27095473,-0.028938169,-0.016181052,-0.2419418,-0.06262759,-0.019028425,-0.16496003,-0.05600602,0.0060241222,-0.16146368,-0.041562933
-0.07947004,-0.04433441,-0.019219195,-0.12985197,-0.19414526,-0.021455996,-0.14722836,-0.31328624,-0.02710483,-0.16745815,-0.40400457,-0.025798243,-0.096489966,-0.32216102,0.019156862,-0.14921954,-0.38486856,-0.026643783,-0.15856421,-0.3050922,-0.04356304,-0.14082694,-0.26295272,-0.04603476,-0.04622805,-0.32850373,0.010169902,-0.11345583,-0.37329105,-0.034371797,-0.1196084,-0.25008112,-0.031887576,-0.08775735,-0.2294395,-0.014896918,0.003608644,-0.30985135,-0.009737392,-0.0667935,-0.35345548,-0.058679882,-0.07348275,-0.23098728,-0.036704533,-0.041640997,-0.21029186,-0.0073878304,0.045520425,-0.27247447,-0.03292763,-0.019394577,-0.25096852,-0.06553079,-0.02804184,-0.17591155,-0.056405336,0.00033044815,-0.173937,-0.03992147
-0.07947004,-0.04433441,-0.019219195,-0.12985197,-0.19414526,-0.021455996,-0.14722836,-0.31328624,-0.02710483,-0.16745815,-0.40400457,-0.025798243,-0.096489966,-0.32216102,0.019156862,-0.14921954,-0.38486856,-0.026643783,-0.15856421,-0.3050922,-0.04356304,-0.14082694,-0.26295272,-0.04603476,-0.04622805,-0.32850373,0.010169902,-0.11345583,-0.37329105,-0.034371797,-0.1196084,-0.25008112,-0.031887576,-0.08775735,-0.2294395,-0.014896918,0.003608644,-0.30985135,-0.009737392,-0.0667935,-0.35345548,-0.058679882,-0.07348275,-0.23098728,-0.036704533,-0.041640997,-0.21029186,-0.0073878304,0.045520425,-0.27247447,-0.03292763,-0.019394577,-0.25096852,-0.06553079,-0.02804184,-0.17591155,-0.056405336,0.00033044815,-0.173937,-0.03992147
-0.08263636,-0.05124721,-0.01574917,-0.12666035,-0.20162043,-0.016451467,-0.13792783,-0.31105983,-0.02084296,-0.15388718,-0.39480445,-0.018717457,-0.093199134,-0.32394058,0.020734198,-0.14647141,-0.38436264,-0.024065629,-0.15830454,-0.31063178,-0.042736407,-0.14325598,-0.2723704,-0.047228742,-0.043715954,-0.33172312,0.010289309,-0.11389387,-0.3767057,-0.0330764,-0.12065345,-0.25864172,-0.03326873,-0.08953583,-0.2389006,-0.019093098,0.0057345033,-0.31291524,-0.010227331,-0.06803918,-0.35685107,-0.05596022,-0.07546592,-0.238619,-0.035746794,-0.044626594,-0.21892911,-0.009206713,0.04517013,-0.27448308,-0.033882745,-0.022978365,-0.2497958,-0.064064674,-0.03017801,-0.17939448,-0.055456024,-0.0011006594,-0.18201098,-0.040444396
-0.08318645,-0.055635005,-0.014372624,-0.120105565,-0.20552206,-0.017331004,-0.12797683,-0.31567562,-0.024000367,-0.14092714,-0.40310287,-0.023889055,-0.07369417,-0.34300128,0.017187642,-0.13818282,-0.39733994,-0.029218577,-0.14452735,-0.3094627,-0.04859029,-0.120878816,-0.27059639,-0.05350445,-0.024641752,-0.34665263,0.0052323844,-0.106598616,-0.38965172,-0.039960746,-0.116250515,-0.2710107,-0.039677437,-0.08387852,-0.24805951,-0.025156982,0.020891547,-0.32204092,-0.016446296,-0.064661086,-0.36398873,-0.06347601,-0.07457662,-0.24572623,-0.04249762,-0.04267466,-0.22458565,-0.015342772,0.053444207,-0.2767555,-0.04105327,-0.027017057,-0.2549848,-0.07245303,-0.03459692,-0.18199861,-0.06341264,-0.0031318069,-0.18028313,-0.04760323
-0.08578205,-0.05989474,-0.016002791,-0.118789434,-0.21350637,-0.020186584,-0.12114024,-0.33304727,-0.027532779,-0.13328004,-0.4267879,-0.028309966,-0.06778884,-0.3482405,0.014982477,-0.13597924,-0.40071827,-0.03255128,-0.14564693,-0.3099994,-0.05257657,-0.12264037,-0.26498818,-0.05760897,-0.018282115,-0.34850276,0.0037006934,-0.104393244,-0.38677728,-0.041047703,-0.11543685,-0.27105168,-0.040543973,-0.08513534,-0.2447736,-0.026890311,0.025477648,-0.32123125,-0.017650269,-0.06385344,-0.36495578,-0.066466406,-0.074644625,-0.24781266,-0.04602835,-0.045086622,-0.22038686,-0.019393189,0.055878878,-0.27419657,-0.041847587,-0.02901876,-0.25373465,-0.07657706,-0.03581822,-0.18024814,-0.06906812,-0.005501151,-0.17481834,-0.05406626
-0.08683503,-0.066604614,-0.016628776,-0.11935061,-0.22219968,-0.021439182,-0.12467629,-0.34482205,-0.02919008,-0.13598198,-0.44244516,-0.02984105,-0.05687684,-0.35200658,0.013705779,-0.12920177,-0.40219378,-0.032871112,-0.13455778,-0.3046908,-0.05215048,-0.10755962,-0.26004905,-0.05725014,-0.007947564,-0.34816748,0.0027270194,-0.09679949,-0.38574743,-0.040509112,-0.107114196,-0.27057803,-0.039296247,-0.07518679,-0.24575418,-0.02631965,0.03375137,-0.31789994,-0.018239602,-0.057673275,-0.35950303,-0.0661735,-0.068844914,-0.24381524,-0.044645645,-0.03769362,-0.21872634,-0.017831545,0.062060475,-0.2689823,-0.0420665,-0.025413394,-0.2525952,-0.07581534,-0.033042848,-0.18057066,-0.06707323,-0.0018809438,-0.17495912,-0.051588267
-0.08639556,-0.07337749,-0.01611544,-0.117154956,-0.23162633,-0.021010369,-0.12374854,-0.3546031,-0.02936928,-0.13328153,-0.4545365,-0.030798286,-0.047288418,-0.35806,0.015163941,-0.11905241,-0.41132584,-0.031129029,-0.12710923,-0.31569022,-0.05165089,-0.102107584,-0.27122438,-0.05832899,0.0010139942,-0.3525707,0.0032958107,-0.08901876,-0.39481768,-0.040198505,-0.1025815,-0.2805357,-0.04120121,-0.07053071,-0.25361633,-0.030070137,0.041096747,-0.31919533,-0.018406413,-0.050659478,-0.36358082,-0.066789165,-0.06457496,-0.24859527,-0.046704963,-0.032597184,-0.22301272,-0.020907056,0.065969825,-0.26677105,-0.04289788,-0.020496845,-0.2531023,-0.076647304,-0.030632496,-0.18296784,-0.06812124,0.00031399727,-0.17672017,-0.05295179
-0.08525044,-0.07956019,-0.013976526,-0.112384856,-0.23920786,-0.016989449,-0.116856575,-0.36023772,-0.023808142,-0.12635493,-0.45913506,-0.024104789,-0.040965676,-0.36375046,0.016968608,-0.11449313,-0.41722092,-0.028718496,-0.12754661,-0.32076642,-0.050321106,-0.105193675,-0.27126303,-0.057955317,0.006382704,-0.3563049,0.0039088777,-0.08624154,-0.3991175,-0.039286934,-0.10401118,-0.285941,-0.04211257,-0.07253975,-0.2542026,-0.032581963,0.046269,-0.3212645,-0.018602597,-0.046296597,-0.36398292,-0.066397406,-0.064827085,-0.25015473,-0.04717791,-0.03385794,-0.22206596,-0.02228458,0.07185513,-0.26683903,-0.043783925,-0.014166117,-0.25202858,-0.076615386,-0.027110934,-0.1813313,-0.06755522,0.0031966567,-0.17254007,-0.0523122
-0.08525044,-0.07956019,-0.013976526,-0.112384856,-0.23920786,-0.016989449,-0.116856575,-0.36023772,-0.023808142,-0.12635493,-0.45913506,-0.024104789,-0.040965676,-0.36375046,0.016968608,-0.11449313,-0.41722092,-0.028718496,-0.12754661,-0.32076642,-0.050321106,-0.105193675,-0.27126303,-0.057955317,0.006382704,-0.3563049,0.0039088777,-0.08624154,-0.3991175,-0.039286934,-0.10401118,-0.285941,-0.04211257,-0.07253975,-0.2542026,-0.032581963,0.046269,-0.3212645,-0.018602597,-0.046296597,-0.36398292,-0.066397406,-0.064827085,-0.25015473,-0.04717791,-0.03385794,-0.22206596,-0.02228458,0.07185513,-0.26683903,-0.043783925,-0.014166117,-0.25202858,-0.076615386,-0.027110934,-0.1813313,-0.06755522,0.0031966567,-0.17254007,-0.0523122
-0.08127266,-0.07988715,-0.01399279,-0.10577524,-0.23960096,-0.017190114,-0.10803121,-0.360819,-0.024096845,-0.11756644,-0.4591925,-0.024093248,-0.033474445,-0.36505148,0.014045591,-0.10878736,-0.42047685,-0.03186618,-0.12511775,-0.32482994,-0.051863324,-0.10415262,-0.2758664,-0.058429196,0.0136063695,-0.35667616,0.00124683,-0.08259785,-0.39576912,-0.042611647,-0.098748505,-0.2814475,-0.043092564,-0.06712872,-0.25299534,-0.031917274,0.051776648,-0.32107675,-0.021029925,-0.044127643,-0.35980237,-0.068874456,-0.059684634,-0.24609303,-0.04799798,-0.028316855,-0.2201348,-0.022258721,0.075194836,-0.26714823,-0.04610329,-0.012793958,-0.2478126,-0.07950678,-0.024408579,-0.17901614,-0.07122478,0.0053311586,-0.17302012,-0.056671113
-0.07679355,-0.07985157,-0.009751673,-0.10278982,-0.23169556,-0.011607014,-0.10687864,-0.34678936,-0.017501043,-0.112387896,-0.43678254,-0.016943222,-0.024385631,-0.36835074,0.013394635,-0.10658383,-0.42124283,-0.030276975,-0.12519294,-0.33346003,-0.050760336,-0.10517448,-0.2891379,-0.05910456,0.021778345,-0.3611306,-0.0010235766,-0.08375567,-0.3975547,-0.043335523,-0.10171592,-0.29122636,-0.045563444,-0.0721333,-0.26112425,-0.03659075,0.058476508,-0.32383287,-0.023589566,-0.04626906,-0.35347873,-0.06864185,-0.064299226,-0.24697775,-0.050359398,-0.035913587,-0.2210193,-0.027746387,0.078350425,-0.2664112,-0.048689317,-0.019193769,-0.23671716,-0.081873514,-0.030593038,-0.17194259,-0.076327525,-0.000731349,-0.16709334,-0.064003505
-0.07679355,-0.07985157,-0.009751673,-0.10278982,-0.23169556,-0.011607014,-0.10687864,-0.34678936,-0.017501043,-0.112387896,-0.43678254,-0.016943222,-0.024385631,-0.36835074,0.013394635,-0.10658383,-0.42124283,-0.030276975,-0.12519294,-0.33346003,-0.050760336,-0.10517448,-0.2891379,-0.05910456,0.021778345,-0.3611306,-0.0010235766,-0.08375567,-0.3975547,-0.043335523,-0.10171592,-0.29122636,-0.045563444,-0.0721333,-0.26112425,-0.03659075,0.058476508,-0.32383287,-0.023589566,-0.04626906,-0.35347873,-0.06864185,-0.064299226,-0.24697775,-0.050359398,-0.035913587,-0.2210193,-0.027746387,0.078350425,-0.2664112,-0.048689317,-0.019193769,-0.23671716,-0.081873514,-0.030593038,-0.17194259,-0.076327525,-0.000731349,-0.16709334,-0.064003505
-0.07850003,-0.08564407,-0.009996674,-0.10336316,-0.23918366,-0.012922102,-0.10765517,-0.35530192,-0.01962057,-0.11306721,-0.4472981,-0.0198478,-0.019423604,-0.37337923,0.010923152,-0.10754174,-0.42341608,-0.032081988,-0.124703676,-0.33225414,-0.052536946,-0.10251123,-0.2872514,-0.061362736,0.02687496,-0.36426836,-0.003689654,-0.083146095,-0.39695776,-0.046570882,-0.09817392,-0.28870845,-0.04955939,-0.06611413,-0.2579808,-0.041656423,0.062192142,-0.32453662,-0.026091352,-0.045752287,-0.35268027,-0.071862705,-0.061147094,-0.24747032,-0.05429871,-0.03000635,-0.2230407,-0.032354824,0.079983294,-0.26504657,-0.050826687,-0.019014418,-0.23858002,-0.084389046,-0.030508935,-0.17612451,-0.079005465,-0.0007531047,-0.17188308,-0.06712214
-0.076865494,-0.07738888,-0.013803577,-0.1098187,-0.22982511,-0.018140214,-0.11971706,-0.35068148,-0.025907971,-0.12645525,-0.4466148,-0.026876109,-0.020690143,-0.36658004,0.008875414,-0.10831535,-0.41892612,-0.036611542,-0.12871054,-0.32321978,-0.056443255,-0.10707116,-0.2705681,-0.06341311,0.02564472,-0.3553869,-0.0038850594,-0.08414769,-0.38733318,-0.04694127,-0.10199088,-0.27448368,-0.04628384,-0.069313705,-0.2437605,-0.03506492,0.061349988,-0.31521833,-0.02546528,-0.046094537,-0.341152,-0.072348766,-0.06285465,-0.2320258,-0.051403817,-0.030514002,-0.20784813,-0.026169844,0.08117831,-0.2552287,-0.04967777,-0.016068757,-0.22869056,-0.08356134,-0.028057337,-0.16444886,-0.07635298,0.002946198,-0.1592102,-0.06231444
-0.07558966,-0.07077706,-0.015772827,-0.1132288,-0.22468224,-0.018552264,-0.12594616,-0.34696287,-0.023994766,-0.1379753,-0.44295996,-0.022791373,-0.025174916,-0.36760113,0.0075229104,-0.11374062,-0.4168647,-0.03702733,-0.13659021,-0.32736874,-0.056680243,-0.11737472,-0.27719885,-0.06372387,0.021312416,-0.35585982,-0.0035702013,-0.09000325,-0.38621196,-0.048095148,-0.10945612,-0.27475834,-0.04894686,-0.07949507,-0.24122044,-0.038093448,0.056244552,-0.31616098,-0.02344212,-0.051583946,-0.33694756,-0.07169235,-0.06796384,-0.23141947,-0.053678036,-0.037427068,-0.2080791,-0.029757626,0.07605606,-0.25739673,-0.046024512,-0.01617068,-0.23110718,-0.08126263,-0.030824184,-0.16851598,-0.07626682,-0.005027473,-0.16280645,-0.063421614
-0.07558966,-0.07077706,-0.015772827,-0.1132288,-0.22468224,-0.018552264,-0.12594616,-0.34696287,-0.023994766,-0.1379753,-0.44295996,-0.022791373,-0.025174916,-0.36760113,0.0075229104,-0.11374062,-0.4168647,-0.03702733,-0.13659021,-0.32736874,-0.056680243,-0.11737472,-0.27719885,-0.06372387,0.021312416,-0.35585982,-0.0035702013,-0.09000325,-0.38621196,-0.048095148,-0.10945612,-0.27475834,-0.04894686,-0.07949507,-0.24122044,-0.038093448,0.056244552,-0.31616098,-0.02344212,-0.051583946,-0.33694756,-0.07169235,-0.06796384,-0.23141947,-0.053678036,-0.037427068,-0.2080791,-0.029757626,0.07605606,-0.25739673,-0.046024512,-0.01617068,-0.23110718,-0.08126263,-0.030824184,-0.16851598,-0.07626682,-0.005027473,-0.16280645,-0.063421614
-0.082742274,-0.069340795,-0.020242436,-0.124577284,-0.22695208,-0.025825568,-0.13510692,-0.3562894,-0.032849967,-0.14690033,-0.45780456,-0.03345538,-0.03394401,-0.3648802,0.0010562666,-0.118736565,-0.40886042,-0.043448184,-0.1376763,-0.31570935,-0.063177936,-0.1175009,-0.26296535,-0.07039023,0.014968038,-0.35342878,-0.007601751,-0.090103865,-0.37021783,-0.048337925,-0.10653156,-0.258503,-0.047363054,-0.07703298,-0.2277031,-0.037352733,0.05149746,-0.3137647,-0.025493547,-0.052308857,-0.32928863,-0.07215302,-0.06673008,-0.2227732,-0.05425569,-0.037457705,-0.19670737,-0.031880207,0.07373208,-0.25597635,-0.046286292,-0.017324805,-0.21917266,-0.082736365,-0.030017257,-0.15158945,-0.07927124,-0.005169809,-0.1447103,-0.068036154
-0.10007185,-0.06512499,-0.032653335,-0.15078032,-0.22058657,-0.04323391,-0.16718692,-0.3487935,-0.05294637,-0.17664766,-0.4518664,-0.053641472,-0.0640859,-0.38107744,-0.007083909,-0.16213003,-0.4096371,-0.058986112,-0.17058316,-0.3054423,-0.084267996,-0.14500588,-0.2554474,-0.09476923,-0.0073699355,-0.36823735,-0.012174469,-0.11778897,-0.34479776,-0.059300132,-0.11840224,-0.23515695,-0.06312026,-0.08504164,-0.21595019,-0.0563309,0.035538733,-0.31871665,-0.027907943,-0.07320094,-0.27815264,-0.07834229,-0.07377964,-0.17918837,-0.061856017,-0.04055178,-0.17511278,-0.040684447,0.063803494,-0.24931291,-0.048102807,-0.027832747,-0.18183684,-0.08330041,-0.029911995,-0.11665231,-0.07818174,-0.0013471246,-0.12190732,-0.06606046
-0.097038984,-0.05816126,-0.034618575,-0.14984915,-0.20997006,-0.045988675,-0.16665488,-0.3393511,-0.055867437,-0.1798639,-0.44422522,-0.05643068,-0.07164979,-0.37897927,-0.009842728,-0.1662043,-0.40285298,-0.06148592,-0.17394775,-0.29792386,-0.08523632,-0.14858237,-0.24629706,-0.09463763,-0.013200283,-0.36758733,-0.013869824,-0.12039238,-0.33450788,-0.06093136,-0.11843723,-0.22123119,-0.06273742,-0.08395177,-0.20505035,-0.054563258,0.03251481,-0.31938857,-0.028773483,-0.071833014,-0.27428988,-0.07981418,-0.07030672,-0.17372274,-0.062343404,-0.036363304,-0.17245239,-0.040573724,0.06400192,-0.25140378,-0.04828238,-0.023887634,-0.17924368,-0.08508555,-0.025045931,-0.112668335,-0.080871195,0.0041965246,-0.119717866,-0.06918557
-0.09737486,-0.058064878,-0.03436632,-0.15455362,-0.20783612,-0.047336992,-0.1742518,-0.33572787,-0.05919981,-0.18590629,-0.44102857,-0.061646074,-0.077329695,-0.38189068,-0.0109399585,-0.17094004,-0.39427164,-0.06538938,-0.17350987,-0.28709006,-0.090746894,-0.14515582,-0.23821488,-0.1010165,-0.017745614,-0.37035856,-0.016472472,-0.123934746,-0.3294455,-0.06589057,-0.11987555,-0.21257961,-0.06750484,-0.085799575,-0.19959313,-0.05879505,0.030737698,-0.3224594,-0.03310595,-0.07065189,-0.26758015,-0.08561239,-0.068856716,-0.16547436,-0.066747494,-0.036138713,-0.16737664,-0.043613944,0.06584221,-0.25434965,-0.054415576,-0.019161046,-0.17864716,-0.09047714,-0.022134542,-0.11164236,-0.08424216,0.005238712,-0.11931726,-0.07100691
-0.09737486,-0.058064878,-0.03436632,-0.15455362,-0.20783612,-0.047336992,-0.1742518,-0.33572787,-0.05919981,-0.18590629,-0.44102857,-0.061646074,-0.077329695,-0.38189068,-0.0109399585,-0.17094004,-0.39427164,-0.06538938,-0.17350987,-0.28709006,-0.090746894,-0.14515582,-0.23821488,-0.1010165,-0.017745614,-0.37035856,-0.016472472,-0.123934746,-0.3294455,-0.06589057,-0.11987555,-0.21257961,-0.06750484,-0.085799575,-0.19959313,-0.05879505,0.030737698,-0.3224594,-0.03310595,-0.07065189,-0.26758015,-0.08561239,-0.068856716,-0.16547436,-0.066747494,-0.036138713,-0.16737664,-0.043613944,0.06584221,-0.25434965,-0.054415576,-0.019161046,-0.17864716,-0.09047714,-0.022134542,-0.11164236,-0.08424216,0.005238712,-0.11931726,-0.07100691
-0.101263225,-0.057453513,-0.030595439,-0.16087282,-0.20105073,-0.04017256,-0.18202215,-0.32024452,-0.04917662,-0.20051277,-0.41771203,-0.05005612,-0.097114444,-0.37907544,-0.009842574,-0.1857338,-0.37783322,-0.062611125,-0.18763027,-0.27407974,-0.09073173,-0.16234463,-0.22253287,-0.102751404,-0.034742296,-0.37046468,-0.015966816,-0.13241017,-0.30833137,-0.06169122,-0.12805396,-0.20037997,-0.06663953,-0.10049868,-0.18415171,-0.06133787,0.017153263,-0.3229619,-0.032089062,-0.07763177,-0.24711317,-0.079027265,-0.07478124,-0.15299088,-0.06424059,-0.04786861,-0.15266782,-0.04543741,0.054945946,-0.254046,-0.05266392,-0.02390182,-0.16541335,-0.08411824,-0.027926147,-0.10100174,-0.07773239,-0.006251335,-0.10685173,-0.06509413
-0.10475737,-0.058489084,-0.033246756,-0.16931579,-0.19257501,-0.046604738,-0.19277963,-0.3062467,-0.05906038,-0.20010623,-0.40150717,-0.06296011,-0.10177201,-0.37351817,-0.013905491,-0.18756777,-0.36234045,-0.067197226,-0.18652663,-0.2589262,-0.09493312,-0.15971255,-0.21474063,-0.10707997,-0.03864914,-0.36271828,-0.019668823,-0.13342535,-0.29582483,-0.066737376,-0.12878412,-0.1880846,-0.07131282,-0.100801885,-0.17709285,-0.0655897,0.015204072,-0.31405157,-0.035412543,-0.07575774,-0.23357207,-0.08386426,-0.07271868,-0.14294544,-0.06858108,-0.045123458,-0.14837751,-0.048974715,0.056321204,-0.24525172,-0.055634085,-0.021161318,-0.1591931,-0.08631427,-0.026497185,-0.09880003,-0.07852006,-0.0057722926,-0.107470185,-0.06496689
-0.10936761,-0.05408287,-0.031959664,-0.179476,-0.18514925,-0.045170978,-0.20597121,-0.296243,-0.05754943,-0.21264744,-0.39028493,-0.061533395,-0.11469442,-0.37184125,-0.013389479,-0.20067835,-0.34985465,-0.06453514,-0.19507957,-0.2484903,-0.091942176,-0.16687465,-0.21089426,-0.10455988,-0.052409947,-0.36399406,-0.01960707,-0.14463466,-0.28444883,-0.06422568,-0.13601995,-0.18153977,-0.0689241,-0.10806483,-0.17455173,-0.06423114,0.0020354986,-0.31746948,-0.03537322,-0.08636916,-0.2267788,-0.08119147,-0.08059704,-0.14080787,-0.0664895,-0.053192735,-0.14920568,-0.0482173,0.044191897,-0.25063193,-0.055612955,-0.029780209,-0.15927821,-0.084533036,-0.03367096,-0.099015504,-0.07659439,-0.013505578,-0.10677275,-0.063335955
-0.10742748,-0.050359845,-0.037639353,-0.17943689,-0.16762331,-0.0553712,-0.20910123,-0.2671204,-0.070725955,-0.21553916,-0.35724574,-0.07707221,-0.12082791,-0.3647977,-0.022469852,-0.1980167,-0.323349,-0.075802766,-0.1880303,-0.21982431,-0.10562633,-0.16208112,-0.1804322,-0.11995353,-0.055704653,-0.3577785,-0.027126946,-0.13792706,-0.25864285,-0.07704333,-0.12439829,-0.16098464,-0.08689917,-0.1006673,-0.15225345,-0.08516184,0.0013532639,-0.31212363,-0.041013874,-0.077307045,-0.20177105,-0.08902367,-0.06808126,-0.12449747,-0.07762972,-0.0478431,-0.13635463,-0.06132853,0.046313584,-0.24698296,-0.05966389,-0.020419478,-0.14798933,-0.08806795,-0.021272361,-0.09264773,-0.08025803,-0.005353987,-0.10540992,-0.06719662
-0.10429299,-0.04530579,-0.04003965,-0.17968562,-0.16115442,-0.057845782,-0.21107355,-0.25796783,-0.073213324,-0.21743771,-0.34638342,-0.07907931,-0.12809896,-0.35560894,-0.023551969,-0.19932765,-0.31182033,-0.078994706,-0.19099057,-0.20754719,-0.10921701,-0.16753161,-0.1674783,-0.12273299,-0.06354725,-0.35299408,-0.027317807,-0.13576412,-0.2548175,-0.07869261,-0.12566054,-0.15393612,-0.088297985,-0.103172064,-0.14576215,-0.08533764,-0.0041392446,-0.31048337,-0.040793855,-0.071097255,-0.20107669,-0.09036457,-0.06643176,-0.1207138,-0.07926301,-0.046637952,-0.13121402,-0.06211615,0.04585737,-0.24926564,-0.05939477,-0.010437369,-0.15143985,-0.08844032,-0.018042564,-0.091582865,-0.08100448,-0.0058298707,-0.09875929,-0.067548804
-0.10061431,-0.037629038,-0.04407885,-0.17754179,-0.14867735,-0.06393869,-0.21143243,-0.24451622,-0.08001976,-0.21607804,-0.33291364,-0.086197436,-0.13374835,-0.3457744,-0.029199764,-0.19571137,-0.28979826,-0.08433993,-0.18533966,-0.18652984,-0.11472321,-0.16406348,-0.14995131,-0.12858908,-0.06822735,-0.3458325,-0.029948445,-0.13245398,-0.23636204,-0.07843963,-0.11953586,-0.13974845,-0.08677927,-0.097370505,-0.13722736,-0.08433231,-0.005821049,-0.30600187,-0.040279035,-0.06453043,-0.18961346,-0.0861071,-0.058655262,-0.11435026,-0.073357284,-0.040406227,-0.12736347,-0.05636476,0.04716003,-0.24733841,-0.056245424,-0.0030354857,-0.14925289,-0.0827344,-0.006079793,-0.09645802,-0.0741526,0.008280873,-0.1071479,-0.06040786
-0.09872985,-0.02975589,-0.04663326,-0.1789133,-0.13457024,-0.06754705,-0.21539807,-0.22764146,-0.08415674,-0.22313559,-0.31692743,-0.090692036,-0.14358401,-0.33651203,-0.030452613,-0.19868147,-0.26941064,-0.08676871,-0.1834194,-0.1705569,-0.11752589,-0.16102076,-0.13746363,-0.1311563,-0.07660961,-0.34177768,-0.029870562,-0.13210618,-0.22259873,-0.0790473,-0.116220534,-0.12725762,-0.087104596,-0.09527725,-0.12959382,-0.08414603,-0.011127472,-0.3064917,-0.039247457,-0.061291635,-0.18355843,-0.0868914,-0.054894626,-0.106848,-0.07378719,-0.038759828,-0.122638136,-0.05575495,0.045171738,-0.25230855,-0.054434184,0.001640737,-0.15179607,-0.08196918,-0.0027639866,-0.095864475,-0.07323607,0.009234607,-0.107634485,-0.058965154
-0.090477705,-0.016792953,-0.047837123,-0.17662829,-0.121429086,-0.065251835,-0.21945849,-0.21488601,-0.078588895,-0.2359024,-0.30615664,-0.08199482,-0.15705633,-0.31829643,-0.024204822,-0.20537397,-0.26727912,-0.08132011,-0.18414038,-0.17152715,-0.112169154,-0.15956369,-0.1418612,-0.12503745,-0.091528654,-0.33766046,-0.021534711,-0.13028473,-0.2300899,-0.07031012,-0.111399114,-0.13409147,-0.077719666,-0.09341025,-0.13832635,-0.07332004,-0.024747849,-0.31388834,-0.030047134,-0.059443235,-0.19785526,-0.07867462,-0.051400602,-0.119412094,-0.06686665,-0.038078785,-0.13654703,-0.048558537,0.03558314,-0.27258062,-0.044403523,0.0027210712,-0.17963555,-0.07103578,-0.0033983588,-0.11862433,-0.06256909,0.0039494038,-0.12584865,-0.048301075
-0.083755314,-0.0070735216,-0.043346107,-0.17802697,-0.108165056,-0.056830958,-0.22415966,-0.20254841,-0.066971205,-0.24234775,-0.29170585,-0.067710586,-0.16292983,-0.30461133,-0.018818112,-0.20786622,-0.25634563,-0.07266685,-0.1852737,-0.16570607,-0.10025748,-0.16342169,-0.1387201,-0.11088867,-0.10172844,-0.3289714,-0.017849468,-0.13360173,-0.22748104,-0.064440005,-0.11194599,-0.13283575,-0.07081841,-0.09761399,-0.1357229,-0.06532659,-0.035736263,-0.31190217,-0.027680162,-0.062378883,-0.20296845,-0.075705536,-0.051662385,-0.12192255,-0.064962946,-0.041948557,-0.13429958,-0.047103163,0.026802778,-0.27740374,-0.042848814,0.0023573637,-0.18871927,-0.070323855,-0.0013150573,-0.12371093,-0.063449174,0.003923297,-0.12597716,-0.04992115
-0.0736891,0.004681289,-0.04247829,-0.17448044,-0.07949981,-0.0559393,-0.23169187,-0.1651637,-0.06725583,-0.25428727,-0.25385898,-0.06785736,-0.18914974,-0.27136907,-0.0101176435,-0.23581704,-0.2467477,-0.06475513,-0.20594811,-0.1550821,-0.08930397,-0.17996454,-0.13518125,-0.097851545,-0.13659024,-0.31048533,-0.01067604,-0.16982466,-0.23521611,-0.06381537,-0.1390639,-0.13114959,-0.06915408,-0.119835496,-0.1375545,-0.05959541,-0.07452917,-0.31300342,-0.022981616,-0.0970245,-0.21892112,-0.0774005,-0.078364015,-0.12419897,-0.06374771,-0.06576711,-0.13827562,-0.04123047,-0.009332418,-0.29939353,-0.040762726,-0.032999158,-0.22232345,-0.07095093,-0.034191966,-0.14297825,-0.062153332,-0.029492736,-0.13974401,-0.046134386
-0.08233434,-0.0019865036,-0.046710737,-0.18157333,-0.09673479,-0.063067436,-0.23477077,-0.18564013,-0.07519417,-0.25311962,-0.27510402,-0.07669033,-0.17956752,-0.2889391,-0.02192467,-0.2103158,-0.25120366,-0.07275638,-0.17810753,-0.1598646,-0.09559315,-0.15490484,-0.14079404,-0.10566423,-0.11626667,-0.3209502,-0.021668164,-0.13476431,-0.2460891,-0.068314835,-0.11074239,-0.13851213,-0.0703147,-0.099494636,-0.14608818,-0.062342666,-0.045707405,-0.31071857,-0.03237368,-0.058081567,-0.23994938,-0.08350084,-0.049251556,-0.14267886,-0.067004696,-0.043323934,-0.15348673,-0.04587487,0.02230072,-0.2809578,-0.048633743,0.011321843,-0.20619625,-0.083244875,0.0062382817,-0.13157299,-0.07640059,0.0066977143,-0.13581052,-0.062989034
-0.06541145,0.01694113,-0.04832127,-0.1696971,-0.070545495,-0.063923486,-0.23360497,-0.16024086,-0.075948976,-0.25602517,-0.24665278,-0.07776982,-0.19002748,-0.22321314,-0.012163725,-0.20949107,-0.26230958,-0.064409144,-0.17714262,-0.17416877,-0.08551584,-0.15550035,-0.12625316,-0.09157333,-0.13097358,-0.26296777,-0.009033435,-0.1372742,-0.27918607,-0.057752557,-0.10584664,-0.15450373,-0.058055237,-0.10005993,-0.13352564,-0.045119286,-0.06461626,-0.27636766,-0.018275479,-0.060549974,-0.2864015,-0.07373999,-0.044864178,-0.16590166,-0.054463577,-0.046841025,-0.1440028,-0.027733441,0.0015221238,-0.2727699,-0.032301795,0.0042210817,-0.2606647,-0.069773,0.008830726,-0.1680556,-0.058312543,0.0048178434,-0.1464839,-0.03985903
-0.06458801,0.036746085,-0.054363128,-0.1764915,-0.05186838,-0.0681962,-0.24316075,-0.15175307,-0.077176474,-0.26552916,-0.23339173,-0.07362206,-0.19406101,-0.18714327,-0.015799515,-0.2145409,-0.25330192,-0.06427144,-0.17469865,-0.16294104,-0.07278358,-0.15961212,-0.122866124,-0.06993102,-0.13923436,-0.2272296,-0.007893298,-0.14518023,-0.27495494,-0.059083335,-0.1048612,-0.1413272,-0.05207904,-0.11187303,-0.1322062,-0.03176704,-0.080534935,-0.24820843,-0.013141911,-0.07597113,-0.28577515,-0.072285645,-0.05169642,-0.16205442,-0.04888937,-0.062420845,-0.14985186,-0.018136324,-0.020383,-0.25862578,-0.023325602,-0.0138863325,-0.27015382,-0.062322974,-0.0030041933,-0.17923689,-0.051220663,-0.012480497,-0.16126418,-0.033150516
-0.06458801,0.036746085,-0.054363128,-0.1764915,-0.05186838,-0.0681962,-0.24316075,-0.15175307,-0.077176474,-0.26552916,-0.23339173,-0.07362206,-0.19406101,-0.18714327,-0.015799515,-0.2145409,-0.25330192,-0.06427144,-0.17469865,-0.16294104,-0.07278358,-0.15961212,-0.122866124,-0.06993102,-0.13923436,-0.2272296,-0.007893298,-0.14518023,-0.27495494,-0.059083335,-0.1048612,-0.1413272,-0.05207904,-0.11187303,-0.1322062,-0.03176704,-0.080534935,-0.24820843,-0.013141911,-0.07597113,-0.28577515,-0.072285645,-0.05169642,-0.16205442,-0.04888937,-0.062420845,-0.14985186,-0.018136324,-0.020383,-0.25862578,-0.023325602,-0.0138863325,-0.27015382,-0.062322974,-0.0030041933,-0.17923689,-0.051220663,-0.012480497,-0.16126418,-0.033150516
-0.063658595,0.031350553,-0.051684044,-0.17631218,-0.061726987,-0.06375667,-0.24314871,-0.16187179,-0.07183029,-0.26549667,-0.2459513,-0.068061695,-0.18727559,-0.1877301,-0.01148255,-0.2124452,-0.26041627,-0.06250112,-0.1685679,-0.16886044,-0.07648237,-0.1493854,-0.1281926,-0.07696577,-0.13255614,-0.22453198,-0.005447685,-0.14471287,-0.28718048,-0.056615513,-0.103378,-0.1521194,-0.050825953,-0.106047094,-0.1367575,-0.031331073,-0.07487005,-0.24170509,-0.012813573,-0.07460195,-0.30220187,-0.072480366,-0.04898864,-0.17643821,-0.048631255,-0.055028915,-0.15911931,-0.016679168,-0.01511246,-0.24904567,-0.024848584,-0.0124566555,-0.28062832,-0.062788,-0.0019151568,-0.18967113,-0.048859034,-0.009126008,-0.1661582,-0.028509647
-0.06492877,0.031442106,-0.051326074,-0.17374009,-0.06013325,-0.06370041,-0.2376231,-0.16323006,-0.07175341,-0.26104903,-0.24421969,-0.06841041,-0.1822195,-0.18814066,-0.013620667,-0.2035397,-0.2615261,-0.061483487,-0.16359085,-0.17330855,-0.07308342,-0.14656568,-0.13006085,-0.07206081,-0.12848443,-0.2242603,-0.007265156,-0.13673288,-0.28520125,-0.055132806,-0.09937757,-0.15452522,-0.049787924,-0.10531032,-0.13638857,-0.031578235,-0.07162291,-0.24096364,-0.013436597,-0.07053459,-0.30594954,-0.06972317,-0.04556042,-0.18266237,-0.046103887,-0.051984727,-0.15981853,-0.015530344,-0.013566017,-0.24663103,-0.024155078,-0.010669827,-0.27410364,-0.06100879,0.0010938644,-0.18636498,-0.04747713,-0.005476296,-0.16515455,-0.02775377
-0.0588516,0.027913868,-0.04379866,-0.15978795,-0.06250876,-0.053823322,-0.22119075,-0.15786415,-0.061027825,-0.24954724,-0.23209426,-0.05743576,-0.17057216,-0.18555129,-0.010485613,-0.1927625,-0.2610121,-0.058668166,-0.15510666,-0.17382634,-0.07141628,-0.1375615,-0.12980843,-0.07087808,-0.116656065,-0.22202414,-0.007969328,-0.13214248,-0.28576192,-0.055442527,-0.095725894,-0.15804052,-0.050654788,-0.09668386,-0.14080581,-0.032222573,-0.059115052,-0.23946705,-0.017220661,-0.061751068,-0.30670357,-0.07301412,-0.037515044,-0.18709314,-0.050005767,-0.040377557,-0.16441366,-0.019042406,-0.0011176467,-0.24320436,-0.030287309,0.00060129166,-0.27602553,-0.06682882,0.010208547,-0.18973467,-0.052604325,0.004458666,-0.16524243,-0.03178336
-0.056978226,0.026017189,-0.042226445,-0.15373111,-0.05780244,-0.0534,-0.2172701,-0.14611125,-0.06208037,-0.24586761,-0.22163707,-0.06066738,-0.17579824,-0.1769794,-0.008640243,-0.20077512,-0.24981421,-0.0554713,-0.16016203,-0.17038953,-0.06970855,-0.13900763,-0.13056067,-0.07055821,-0.12285894,-0.21879321,-0.007069614,-0.14423192,-0.28334776,-0.052188158,-0.10246879,-0.16017964,-0.048381597,-0.09683859,-0.14154243,-0.030804269,-0.06384152,-0.23984364,-0.016702292,-0.06819236,-0.30726075,-0.07254701,-0.039928734,-0.18836725,-0.05062893,-0.039055467,-0.16237578,-0.019817641,-0.00344491,-0.2452558,-0.029583873,-0.0034157038,-0.28012365,-0.06626151,0.007604599,-0.19384399,-0.050852746,0.002777636,-0.16582134,-0.028884431
-0.056978226,0.026017189,-0.042226445,-0.15373111,-0.05780244,-0.0534,-0.2172701,-0.14611125,-0.06208037,-0.24586761,-0.22163707,-0.06066738,-0.17579824,-0.1769794,-0.008640243,-0.20077512,-0.24981421,-0.0554713,-0.16016203,-0.17038953,-0.06970855,-0.13900763,-0.13056067,-0.07055821,-0.12285894,-0.21879321,-0.007069614,-0.14423192,-0.28334776,-0.052188158,-0.10246879,-0.16017964,-0.048381597,-0.09683859,-0.14154243,-0.030804269,-0.06384152,-0.23984364,-0.016702292,-0.06819236,-0.30726075,-0.07254701,-0.039928734,-0.18836725,-0.05062893,-0.039055467,-0.16237578,-0.019817641,-0.00344491,-0.2452558,-0.029583873,-0.0034157038,-0.28012365,-0.06626151,0.007604599,-0.19384399,-0.050852746,0.002777636,-0.16582134,-0.028884431
-0.060961187,0.035446048,-0.0478605,-0.16313499,-0.05945322,-0.060395006,-0.22584194,-0.16034368,-0.06938943,-0.25438708,-0.23773685,-0.06728989,-0.17561048,-0.18600139,-0.0149628315,-0.19679567,-0.2661426,-0.062154207,-0.15685213,-0.17592537,-0.07278234,-0.14209867,-0.13396528,-0.07146152,-0.12171286,-0.22211045,-0.010754875,-0.13453883,-0.2898149,-0.0573681,-0.09714496,-0.15737489,-0.051191453,-0.10400218,-0.14467007,-0.032577176,-0.06471485,-0.23974395,-0.018356763,-0.066801906,-0.31339404,-0.074783795,-0.04120332,-0.19069266,-0.04978166,-0.047111988,-0.17079744,-0.018376464,-0.008304238,-0.24353614,-0.02999856,-0.0040538907,-0.28274468,-0.06865413,0.008062959,-0.1931816,-0.053685408,0.0019025207,-0.1667921,-0.032604486
-0.06426096,0.02264309,-0.03653802,-0.15905839,-0.07838839,-0.04378487,-0.2157284,-0.17862782,-0.049856808,-0.24139112,-0.25533295,-0.046095382,-0.16528016,-0.20763206,-0.0019520546,-0.18816245,-0.28684574,-0.04908248,-0.15279853,-0.19936204,-0.06540593,-0.13756728,-0.15189043,-0.067386426,-0.11053711,-0.2366358,-0.0025741686,-0.12683874,-0.30384332,-0.047749575,-0.09183431,-0.18076742,-0.04733521,-0.0912928,-0.16009569,-0.032921467,-0.052800775,-0.24654937,-0.014013197,-0.059598386,-0.32264805,-0.067461625,-0.035715938,-0.20908308,-0.04623199,-0.036496818,-0.18426427,-0.017089779,0.004783094,-0.24289736,-0.028520063,0.003636539,-0.29259372,-0.06291063,0.012227774,-0.20803657,-0.046471793,0.007869422,-0.17698002,-0.02438047
-0.063108504,0.018284798,-0.035420753,-0.15662634,-0.08605227,-0.04316161,-0.21445155,-0.18514574,-0.05020813,-0.2420527,-0.26201442,-0.047674052,-0.16126126,-0.21003774,-0.0022512744,-0.18158907,-0.29530776,-0.050034713,-0.14988405,-0.21182495,-0.0676055,-0.13408732,-0.16075346,-0.070396654,-0.10650748,-0.2397753,-0.0036462701,-0.11861843,-0.31183857,-0.050999194,-0.08725047,-0.18977466,-0.052604694,-0.08745378,-0.1628904,-0.03912389,-0.048552692,-0.25001532,-0.015550167,-0.052779853,-0.3338867,-0.06752558,-0.031407952,-0.22401366,-0.04711061,-0.03427583,-0.19489169,-0.0190263,0.009046674,-0.24614918,-0.03064507,0.011221826,-0.3007912,-0.06443246,0.018114388,-0.2192578,-0.04920616,0.011077166,-0.18652856,-0.028140463
-0.06715286,0.016867816,-0.038978726,-0.16212857,-0.099619865,-0.04708212,-0.21913448,-0.21094778,-0.05397845,-0.24986458,-0.2947092,-0.05065603,-0.16889781,-0.22334108,-0.00027288997,-0.18587339,-0.3111652,-0.049249485,-0.15410906,-0.22436345,-0.06664594,-0.13811535,-0.17107424,-0.06874156,-0.11305177,-0.252564,-0.00026556474,-0.12203592,-0.32478622,-0.04826473,-0.09150827,-0.19918916,-0.049109925,-0.092264295,-0.17376778,-0.034615494,-0.05448854,-0.26202506,-0.011798346,-0.05674678,-0.3449103,-0.06411569,-0.036334157,-0.2328696,-0.04268419,-0.039915383,-0.20655733,-0.0139032835,0.0033937097,-0.25722754,-0.027162567,0.0076404214,-0.3114572,-0.061205365,0.014218986,-0.22683433,-0.04571171,0.007263601,-0.19470781,-0.024382493
-0.069484115,0.017299056,-0.039095182,-0.16869366,-0.09802616,-0.046205662,-0.2285819,-0.20794007,-0.052270066,-0.2591486,-0.2897875,-0.04778018,-0.17548639,-0.21898842,0.0010814364,-0.19536108,-0.3080073,-0.046498403,-0.16202843,-0.22280163,-0.061187748,-0.14594561,-0.1721119,-0.061175764,-0.11999613,-0.24853283,0.0016046979,-0.13189429,-0.32255697,-0.04343923,-0.099957824,-0.19804022,-0.040995907,-0.1018793,-0.17705506,-0.024514433,-0.060623705,-0.25954533,-0.009637717,-0.06567556,-0.3437922,-0.06067872,-0.04338014,-0.23121506,-0.03722537,-0.046073318,-0.20637694,-0.007182942,-0.001603365,-0.2564504,-0.024789374,-0.000705719,-0.31063074,-0.05768397,0.0073699355,-0.2263566,-0.041159146,0.0029958487,-0.1953612,-0.019234471
-0.0666073,0.02130109,-0.040116988,-0.16937703,-0.0930115,-0.046098176,-0.23017257,-0.20669699,-0.050297055,-0.26237488,-0.28445423,-0.043652467,-0.18028995,-0.21155214,-0.0023463976,-0.19986102,-0.3009107,-0.05060737,-0.16327822,-0.21623465,-0.06409883,-0.14650112,-0.16412789,-0.06279731,-0.123033166,-0.2407012,-0.00086069555,-0.13397253,-0.31822982,-0.04721027,-0.10016304,-0.19326559,-0.043741163,-0.10487807,-0.17266026,-0.025986211,-0.062375367,-0.25073898,-0.011109914,-0.06739497,-0.3368476,-0.06404262,-0.044024825,-0.2226612,-0.040475212,-0.049854517,-0.19745392,-0.009858279,-0.0027749538,-0.24704969,-0.02516109,5.507469e-05,-0.3020733,-0.060122624,0.009621918,-0.21756107,-0.04429631,0.0035129786,-0.18658298,-0.02240321
-0.07562232,0.011421561,-0.03555184,-0.18161467,-0.10190892,-0.04020217,-0.24260378,-0.21392784,-0.044579446,-0.2681197,-0.29503775,-0.03813316,-0.18613398,-0.21878877,0.0033551522,-0.2122609,-0.3102808,-0.043604538,-0.179173,-0.21686986,-0.054722745,-0.16178608,-0.17022055,-0.05177955,-0.12650788,-0.24624655,0.0023095151,-0.1458106,-0.3239437,-0.04113713,-0.11851382,-0.19384986,-0.033532556,-0.117519855,-0.18095109,-0.012641259,-0.06335533,-0.25569806,-0.010712369,-0.07723844,-0.33588797,-0.059041698,-0.059647918,-0.21461982,-0.032662082,-0.059191704,-0.19770062,-0.0006248231,-0.0005540252,-0.2520375,-0.027543478,-0.008805454,-0.29213074,-0.056144,-0.0027308464,-0.20502275,-0.03787696,0.00057411194,-0.18453193,-0.015183964
-0.08443034,-0.002436161,-0.03646149,-0.18697718,-0.11979684,-0.042109426,-0.24743685,-0.2333532,-0.048132405,-0.27728617,-0.31759107,-0.0426395,-0.18941477,-0.23421103,0.007844199,-0.2183103,-0.32425082,-0.04085627,-0.18400264,-0.22918192,-0.05403697,-0.16456038,-0.18147597,-0.052318137,-0.12989038,-0.26256132,0.00695123,-0.15235645,-0.33168513,-0.036851007,-0.12578726,-0.20264849,-0.031522453,-0.12238586,-0.19306791,-0.012961625,-0.064636886,-0.27126494,-0.0064867875,-0.08354312,-0.34884578,-0.054770797,-0.06780511,-0.22724825,-0.029135294,-0.063774645,-0.21215194,0.0019547534,0.0006081462,-0.264992,-0.024078013,-0.011391282,-0.29792118,-0.05220414,-0.008883476,-0.21135798,-0.034528267,-0.0043073297,-0.19348481,-0.012282106
-0.08207548,0.0024468899,-0.034967672,-0.18677455,-0.11400914,-0.03826327,-0.24793065,-0.22772059,-0.04137623,-0.27742168,-0.310031,-0.034027576,-0.19265938,-0.225874,0.006077151,-0.22105595,-0.31315637,-0.03783763,-0.18797016,-0.2207776,-0.04842735,-0.17005524,-0.1730851,-0.045951433,-0.13251191,-0.25469372,0.0059269834,-0.15608764,-0.3213832,-0.035255525,-0.12909329,-0.19510493,-0.029824408,-0.12436259,-0.18171021,-0.012104052,-0.068179965,-0.2637577,-0.0058427895,-0.08754313,-0.33919552,-0.053225376,-0.07196128,-0.2189033,-0.029690005,-0.06812185,-0.19933215,-0.0002894033,-0.0044012666,-0.25887194,-0.02117574,-0.018455863,-0.29326537,-0.0495051,-0.014039993,-0.20601973,-0.032755513,-0.008921564,-0.1837135,-0.011418502
-0.08207548,0.0024468899,-0.034967672,-0.18677455,-0.11400914,-0.03826327,-0.24793065,-0.22772059,-0.04137623,-0.27742168,-0.310031,-0.034027576,-0.19265938,-0.225874,0.006077151,-0.22105595,-0.31315637,-0.03783763,-0.18797016,-0.2207776,-0.04842735,-0.17005524,-0.1730851,-0.045951433,-0.13251191,-0.25469372,0.0059269834,-0.15608764,-0.3213832,-0.035255525,-0.12909329,-0.19510493,-0.029824408,-0.12436259,-0.18171021,-0.012104052,-0.068179965,-0.2637577,-0.0058427895,-0.08754313,-0.33919552,-0.053225376,-0.07196128,-0.2189033,-0.029690005,-0.06812185,-0.19933215,-0.0002894033,-0.0044012666,-0.25887194,-0.02117574,-0.018455863,-0.29326537,-0.0495051,-0.014039993,-0.20601973,-0.032755513,-0.008921564,-0.1837135,-0.011418502
-0.082204044,0.006807089,-0.031635072,-0.18644696,-0.10301903,-0.034292486,-0.24133974,-0.21168047,-0.038369685,-0.2699033,-0.28494036,-0.03177093,-0.2040717,-0.22261217,0.010470451,-0.24130115,-0.31160685,-0.038070023,-0.2128427,-0.22379878,-0.051266506,-0.19041556,-0.17382142,-0.04878929,-0.1486345,-0.25523555,0.007837496,-0.18132877,-0.3224557,-0.034385584,-0.15227509,-0.19229433,-0.026211463,-0.14234549,-0.1876468,-0.004817477,-0.085535705,-0.2684701,-0.007346939,-0.11410576,-0.34289333,-0.05371139,-0.09421837,-0.21811259,-0.026474016,-0.08378589,-0.20641237,0.005650764,-0.022197902,-0.26658967,-0.026814122,-0.03986287,-0.29572618,-0.054071385,-0.033770382,-0.20788163,-0.035962693,-0.023243427,-0.19525668,-0.013455898
-0.08970302,0.0026970506,-0.028227404,-0.19446659,-0.11097935,-0.030044287,-0.25254214,-0.22161722,-0.034155983,-0.2888888,-0.29764166,-0.02836821,-0.20313683,-0.22314858,0.01435359,-0.24227032,-0.31216404,-0.030933691,-0.21446216,-0.22785002,-0.043514833,-0.19267887,-0.17835313,-0.041652385,-0.14875674,-0.25578868,0.009968948,-0.18543336,-0.3256132,-0.029091382,-0.15804482,-0.20379561,-0.023034846,-0.14619613,-0.19414797,-0.0048129153,-0.08626443,-0.2691632,-0.006217151,-0.120832086,-0.34858456,-0.04991923,-0.10247779,-0.2298227,-0.024812693,-0.0894562,-0.21188107,0.0046306206,-0.022040129,-0.26779386,-0.026277969,-0.04659599,-0.2981135,-0.052641604,-0.040077984,-0.21303242,-0.03544905,-0.02607441,-0.19726366,-0.014351306
-0.08970302,0.0026970506,-0.028227404,-0.19446659,-0.11097935,-0.030044287,-0.25254214,-0.22161722,-0.034155983,-0.2888888,-0.29764166,-0.02836821,-0.20313683,-0.22314858,0.01435359,-0.24227032,-0.31216404,-0.030933691,-0.21446216,-0.22785002,-0.043514833,-0.19267887,-0.17835313,-0.041652385,-0.14875674,-0.25578868,0.009968948,-0.18543336,-0.3256132,-0.029091382,-0.15804482,-0.20379561,-0.023034846,-0.14619613,-0.19414797,-0.0048129153,-0.08626443,-0.2691632,-0.006217151,-0.120832086,-0.34858456,-0.04991923,-0.10247779,-0.2298227,-0.024812693,-0.0894562,-0.21188107,0.0046306206,-0.022040129,-0.26779386,-0.026277969,-0.04659599,-0.2981135,-0.052641604,-0.040077984,-0.21303242,-0.03544905,-0.02607441,-0.19726366,-0.014351306
-0.086302996,0.0064216256,-0.023708696,-0.187983,-0.09805265,-0.023880158,-0.2362302,-0.20408109,-0.026769701,-0.2548582,-0.2756841,-0.019635556,-0.20601195,-0.21131125,0.0146373985,-0.24779728,-0.2997478,-0.030288747,-0.22069135,-0.22087371,-0.04184256,-0.19770843,-0.17547762,-0.038885772,-0.15168226,-0.24598405,0.0091519505,-0.19155368,-0.31491652,-0.0293106,-0.16239715,-0.19244844,-0.020363461,-0.15220016,-0.1876449,0.0005327655,-0.09001988,-0.2633522,-0.007595666,-0.12985021,-0.34028018,-0.04986853,-0.108100295,-0.2208198,-0.022152731,-0.09325433,-0.20761442,0.009148954,-0.026435018,-0.26762104,-0.027974484,-0.05443865,-0.2931433,-0.053161457,-0.045896173,-0.20906761,-0.03465936,-0.029918075,-0.1983625,-0.012449559
-0.09345752,0.010100484,-0.020930078,-0.19807467,-0.10114628,-0.019018373,-0.23053655,-0.21617979,-0.021092074,-0.22508252,-0.28739163,-0.013769138,-0.21548158,-0.21062568,0.020553218,-0.26132077,-0.3035295,-0.025234997,-0.2327708,-0.22032505,-0.03970048,-0.20983097,-0.17501825,-0.03914691,-0.16272509,-0.24517253,0.01413394,-0.20499307,-0.3162416,-0.02546963,-0.17580393,-0.19498909,-0.019392876,-0.1657024,-0.19029662,-0.0005224488,-0.10202491,-0.26322088,-0.003784926,-0.14447945,-0.34055868,-0.04564315,-0.120780766,-0.21989834,-0.020252017,-0.10562438,-0.20868668,0.009425454,-0.03830111,-0.27085388,-0.0254298,-0.06813061,-0.29325503,-0.048138898,-0.057373524,-0.20841071,-0.030172275,-0.040447593,-0.1999717,-0.009131214
-0.09280652,0.009481847,-0.024690067,-0.1988633,-0.09356904,-0.026575616,-0.24820477,-0.20052388,-0.03238773,-0.2552073,-0.27396238,-0.02865807,-0.21639878,-0.21003425,0.02054062,-0.26309007,-0.30139044,-0.025057988,-0.23437408,-0.2237798,-0.038694024,-0.21094114,-0.18123987,-0.037376888,-0.16462284,-0.24646503,0.015003623,-0.20747143,-0.31663775,-0.024757767,-0.17589226,-0.19619441,-0.01832491,-0.16544801,-0.19268301,0.0013450802,-0.10394484,-0.2667197,-0.0023826011,-0.14682913,-0.34347385,-0.045248248,-0.12186414,-0.22445601,-0.019208891,-0.106483996,-0.21335381,0.011632821,-0.039862633,-0.27466097,-0.023704931,-0.070397615,-0.30325672,-0.046386596,-0.059236884,-0.21905413,-0.026913911,-0.041956425,-0.20998842,-0.004293875
-0.08883548,0.012693286,-0.0216844,-0.19455454,-0.08746326,-0.020390697,-0.23804006,-0.1891442,-0.02283704,-0.24096218,-0.25418657,-0.015921056,-0.21431544,-0.19916144,0.022020899,-0.26195583,-0.29144424,-0.021841899,-0.2340551,-0.21530887,-0.036861453,-0.2108149,-0.17135248,-0.03710751,-0.162664,-0.23662806,0.016167214,-0.20897278,-0.3101234,-0.022724887,-0.17855701,-0.1957379,-0.018961199,-0.16505277,-0.18612522,-0.0016442543,-0.10341114,-0.25723472,-0.00081113586,-0.14831543,-0.33777344,-0.042069532,-0.1237492,-0.2224243,-0.01834255,-0.10582793,-0.20718747,0.01069744,-0.038992584,-0.26727542,-0.021405911,-0.070791245,-0.29742226,-0.043649312,-0.05935484,-0.2160477,-0.025553001,-0.040788054,-0.20573276,-0.004148631
-0.094159186,0.012226105,-0.023930194,-0.20056036,-0.092188954,-0.023307744,-0.24361202,-0.20080036,-0.026393319,-0.24420899,-0.27486342,-0.019634072,-0.21939394,-0.20263511,0.023816912,-0.2707673,-0.29444596,-0.020494558,-0.23888862,-0.21180403,-0.0358419,-0.21487963,-0.17249891,-0.036644805,-0.16816854,-0.24090266,0.018862301,-0.21625149,-0.31266615,-0.020104526,-0.18526727,-0.19778687,-0.017270481,-0.173186,-0.19264719,-0.0011207251,-0.10843867,-0.2627805,0.0023093435,-0.15708971,-0.34316123,-0.039711103,-0.13121027,-0.22417524,-0.016436277,-0.11274421,-0.20950913,0.012146096,-0.04365164,-0.27441245,-0.018096883,-0.07980937,-0.30141926,-0.04075172,-0.06734425,-0.21532777,-0.022883367,-0.047526777,-0.20360196,-0.0016070461
-0.093173325,0.012031913,-0.024376426,-0.20321596,-0.09065509,-0.022710878,-0.25856444,-0.19594118,-0.024809122,-0.26994443,-0.27171457,-0.016551686,-0.22025543,-0.20269284,0.028226284,-0.27348778,-0.29373637,-0.013975103,-0.23985761,-0.21255034,-0.028497115,-0.21594611,-0.17645699,-0.029385172,-0.17197335,-0.24080396,0.023512274,-0.22184154,-0.31454292,-0.01594105,-0.18849668,-0.20285821,-0.014642344,-0.17473394,-0.19645715,0.0008792749,-0.11386168,-0.26337627,0.0070783035,-0.16234183,-0.3435227,-0.0356025,-0.13466752,-0.22819945,-0.013771803,-0.11555451,-0.21330371,0.01427533,-0.04865825,-0.27654234,-0.0132140955,-0.08550125,-0.30648977,-0.03645483,-0.07254839,-0.22280622,-0.019868819,-0.05226755,-0.21064582,0.0006107669
-0.093173325,0.012031913,-0.024376426,-0.20321596,-0.09065509,-0.022710878,-0.25856444,-0.19594118,-0.024809122,-0.26994443,-0.27171457,-0.016551686,-0.22025543,-0.20269284,0.028226284,-0.27348778,-0.29373637,-0.013975103,-0.23985761,-0.21255034,-0.028497115,-0.21594611,-0.17645699,-0.029385172,-0.17197335,-0.24080396,0.023512274,-0.22184154,-0.31454292,-0.01594105,-0.18849668,-0.20285821,-0.014642344,-0.17473394,-0.19645715,0.0008792749,-0.11386168,-0.26337627,0.0070783035,-0.16234183,-0.3435227,-0.0356025,-0.13466752,-0.22819945,-0.013771803,-0.11555451,-0.21330371,0.01427533,-0.04865825,-0.27654234,-0.0132140955,-0.08550125,-0.30648977,-0.03645483,-0.07254839,-0.22280622,-0.019868819,-0.05226755,-0.21064582,0.0006107669
-0.09612471,0.015111506,-0.026753657,-0.20582658,-0.07930422,-0.027369095,-0.26632455,-0.17845345,-0.03102487,-0.28267008,-0.2572175,-0.024343658,-0.2220487,-0.18994051,0.025973855,-0.2739169,-0.27607056,-0.016573284,-0.23471469,-0.19434574,-0.031349532,-0.21170229,-0.16458586,-0.032824118,-0.17582554,-0.22843233,0.021634288,-0.22691184,-0.30370516,-0.018586012,-0.18856862,-0.19246405,-0.017807648,-0.1753481,-0.18716261,-0.0025601094,-0.11866671,-0.25240174,0.0055872956,-0.16899323,-0.33560175,-0.038552754,-0.13729107,-0.22139958,-0.016440226,-0.11865765,-0.20669252,0.0123796,-0.0543229,-0.26747853,-0.014279508,-0.09337211,-0.30210292,-0.038324073,-0.078175366,-0.2189107,-0.020945435,-0.05868137,-0.20568618,0.00040929392
-0.09612471,0.015111506,-0.026753657,-0.20582658,-0.07930422,-0.027369095,-0.26632455,-0.17845345,-0.03102487,-0.28267008,-0.2572175,-0.024343658,-0.2220487,-0.18994051,0.025973855,-0.2739169,-0.27607056,-0.016573284,-0.23471469,-0.19434574,-0.031349532,-0.21170229,-0.16458586,-0.032824118,-0.17582554,-0.22843233,0.021634288,-0.22691184,-0.30370516,-0.018586012,-0.18856862,-0.19246405,-0.017807648,-0.1753481,-0.18716261,-0.0025601094,-0.11866671,-0.25240174,0.0055872956,-0.16899323,-0.33560175,-0.038552754,-0.13729107,-0.22139958,-0.016440226,-0.11865765,-0.20669252,0.0123796,-0.0543229,-0.26747853,-0.014279508,-0.09337211,-0.30210292,-0.038324073,-0.078175366,-0.2189107,-0.020945435,-0.05868137,-0.20568618,0.00040929392
-0.095481634,0.014709115,-0.025570195,-0.20425871,-0.0808354,-0.025149858,-0.26499394,-0.17888379,-0.027791867,-0.28456047,-0.25754827,-0.020004923,-0.22130832,-0.19240803,0.027125558,-0.27221024,-0.2739735,-0.014954962,-0.23278877,-0.19082034,-0.029393824,-0.20995232,-0.16583675,-0.031047693,-0.17657784,-0.2305705,0.022510462,-0.22805762,-0.30377394,-0.017186208,-0.18990055,-0.19086203,-0.015324595,-0.17586857,-0.19019306,0.0004093322,-0.12056112,-0.25401956,0.0062219575,-0.17138875,-0.33367273,-0.037179317,-0.13902026,-0.21732599,-0.013605406,-0.118177414,-0.20653954,0.015844818,-0.057263613,-0.2691194,-0.0139454175,-0.09568238,-0.29864752,-0.03664534,-0.081101894,-0.21390122,-0.018524764,-0.061210275,-0.20380667,0.0029902752
-0.096660435,0.010492504,-0.023727853,-0.2031241,-0.08584535,-0.022590103,-0.2594451,-0.1847992,-0.025138518,-0.27772558,-0.2619831,-0.01793557,-0.21766222,-0.19281396,0.027494524,-0.27028522,-0.27535892,-0.015593095,-0.23253977,-0.19248843,-0.031386346,-0.20908785,-0.16405547,-0.033434223,-0.17266253,-0.22990337,0.021631427,-0.225205,-0.30334455,-0.01963807,-0.18868342,-0.19209772,-0.019970637,-0.17310461,-0.18752688,-0.005319192,-0.11664027,-0.25286287,0.0043476718,-0.16805893,-0.33325258,-0.040545203,-0.13679534,-0.21747643,-0.01908798,-0.11584246,-0.20320365,0.0095947785,-0.053532124,-0.26707116,-0.016508026,-0.0923056,-0.29883784,-0.04055409,-0.07800251,-0.21420172,-0.02324049,-0.05801034,-0.20145956,-0.0018512134
-0.09606874,0.008443415,-0.021909352,-0.19923681,-0.09166014,-0.019864779,-0.25453368,-0.18545064,-0.020970108,-0.2748333,-0.26168132,-0.012452852,-0.20978546,-0.20246452,0.025024049,-0.25748715,-0.27286804,-0.013767584,-0.22125638,-0.18815488,-0.026970902,-0.20093912,-0.16911599,-0.029218374,-0.16352499,-0.23650339,0.018138438,-0.21585158,-0.30338353,-0.02029452,-0.18233672,-0.19152206,-0.018744932,-0.16351616,-0.19283703,-0.0039941194,-0.10660684,-0.25520718,0.0005711676,-0.15712333,-0.32985106,-0.04192546,-0.13022673,-0.21506408,-0.020044332,-0.107231736,-0.20689526,0.0077367164,-0.043127894,-0.26580733,-0.020349855,-0.08236635,-0.2943305,-0.04291668,-0.071576476,-0.21054253,-0.025726577,-0.05096513,-0.20157382,-0.0053509255
-0.07351887,-0.0026589632,-0.016305663,-0.15858588,-0.12304741,-0.013722056,-0.19262189,-0.22344717,-0.014721112,-0.20609659,-0.29850248,-0.011712853,-0.15647155,-0.23599938,0.018403485,-0.20835447,-0.32831132,-0.01574902,-0.20959538,-0.2654262,-0.032577578,-0.19075969,-0.2146217,-0.03764623,-0.111929,-0.26362807,0.0095862495,-0.17430654,-0.34809715,-0.027733129,-0.17286262,-0.2572853,-0.037901975,-0.14560217,-0.21667981,-0.031602785,-0.057588637,-0.27538833,-0.007097094,-0.11906481,-0.37230814,-0.049543075,-0.11941087,-0.27318552,-0.045114897,-0.09617221,-0.227678,-0.029502895,0.003970325,-0.27228367,-0.025128717,-0.052578032,-0.29989493,-0.057603594,-0.04907769,-0.2244429,-0.05328363,-0.021918893,-0.19899228,-0.041163683
-0.07761091,-0.016284287,-0.012063213,-0.15353113,-0.14147407,-0.008469548,-0.18486828,-0.23271686,-0.00937556,-0.20334154,-0.30552268,-0.005776883,-0.13969457,-0.25653553,0.021326555,-0.19057697,-0.34420142,-0.013928723,-0.18847832,-0.2704147,-0.030521888,-0.1684506,-0.21780041,-0.034818932,-0.09620398,-0.27738994,0.010533731,-0.15919343,-0.35538992,-0.028911253,-0.15517208,-0.25518745,-0.03802385,-0.12393415,-0.21425337,-0.029840626,-0.043000758,-0.28268692,-0.007974949,-0.106170595,-0.3706736,-0.049935494,-0.106030345,-0.2657212,-0.04218698,-0.07930541,-0.22507834,-0.02362432,0.016566992,-0.27372462,-0.027736709,-0.04242605,-0.2911029,-0.05771754,-0.041656196,-0.21682754,-0.05141745,-0.013119817,-0.19684556,-0.037519332
-0.07818699,-0.026058555,-0.013874992,-0.14723259,-0.15991011,-0.010911609,-0.17763695,-0.25545916,-0.012275601,-0.19218805,-0.3326403,-0.0082738865,-0.12686616,-0.2786357,0.02250423,-0.18025464,-0.3569867,-0.012567117,-0.17810267,-0.27613735,-0.02759994,-0.15536246,-0.22895461,-0.03147475,-0.08379066,-0.29612216,0.012602278,-0.14645267,-0.36176878,-0.02519705,-0.14470676,-0.2570747,-0.031076735,-0.11268222,-0.22561744,-0.021771561,-0.03282422,-0.29397613,-0.005723521,-0.09726095,-0.36828688,-0.048109204,-0.099544704,-0.25779212,-0.037354097,-0.071424305,-0.22503814,-0.017482137,0.021354973,-0.2767293,-0.025870591,-0.039130986,-0.28474542,-0.05657738,-0.04259008,-0.20723522,-0.05028663,-0.0144972205,-0.1906546,-0.036786336
-0.08444214,-0.03485185,-0.0134072425,-0.14531174,-0.17425388,-0.011506932,-0.16975683,-0.27645525,-0.014311253,-0.18128318,-0.35700095,-0.0104898205,-0.1166985,-0.29602128,0.024796765,-0.17232814,-0.37238687,-0.011341211,-0.1703881,-0.28301847,-0.025320245,-0.14450213,-0.23739427,-0.02822166,-0.07431722,-0.31143707,0.014594424,-0.13796395,-0.37219647,-0.023078287,-0.13854346,-0.26180542,-0.025138952,-0.10611349,-0.23664525,-0.013343282,-0.025982618,-0.30645353,-0.0047828737,-0.09252852,-0.37227842,-0.04704485,-0.09577817,-0.25866967,-0.03206203,-0.06486243,-0.23242342,-0.009519445,0.022795737,-0.28561947,-0.026498454,-0.043705344,-0.28975686,-0.05579037,-0.049446583,-0.21373174,-0.048161473,-0.019839048,-0.20105785,-0.033934966
-0.08661419,-0.045843363,-0.009348773,-0.13417366,-0.18305719,-0.007824153,-0.15131679,-0.2820614,-0.012297293,-0.16550225,-0.36359203,-0.01126216,-0.10743636,-0.29762098,0.03212151,-0.1599034,-0.37737057,-0.0049770577,-0.17042372,-0.3074147,-0.023331653,-0.15063971,-0.25383443,-0.028218033,-0.06741476,-0.31219122,0.020709272,-0.13255376,-0.37596884,-0.017259318,-0.14012706,-0.27286136,-0.023736048,-0.108867526,-0.23416036,-0.014386484,-0.021109343,-0.30739015,0.00062159327,-0.091585636,-0.37448844,-0.039750006,-0.09782064,-0.26484886,-0.027573358,-0.06509209,-0.22486654,-0.006475772,0.0248155,-0.2843415,-0.021877265,-0.042422652,-0.28636777,-0.051061932,-0.051995456,-0.21556515,-0.045764316,-0.023745894,-0.19505784,-0.03244369
-0.08911085,-0.05188501,-0.010218313,-0.13365212,-0.18790203,-0.010737471,-0.15046504,-0.28977263,-0.01717122,-0.1624619,-0.3741176,-0.017371964,-0.09963554,-0.30533925,0.032741055,-0.15126362,-0.37315506,-0.006163503,-0.1569941,-0.29350567,-0.025035236,-0.133178,-0.2419155,-0.030235633,-0.05883664,-0.31719238,0.021081768,-0.12626761,-0.37212875,-0.017006252,-0.13194105,-0.2667014,-0.021404663,-0.098884344,-0.23615536,-0.0109261265,-0.013077438,-0.3094819,0.00015883996,-0.086489916,-0.3668056,-0.04118981,-0.09200561,-0.2568339,-0.026432358,-0.058824122,-0.22372389,-0.0035539009,0.029910445,-0.28235197,-0.023427656,-0.04127395,-0.2800154,-0.052826542,-0.049022138,-0.20941222,-0.046115186,-0.019329488,-0.19268376,-0.031638116
-0.091356814,-0.056507975,-0.007297894,-0.13029695,-0.19336018,-0.007818174,-0.14491767,-0.2963468,-0.014608862,-0.156701,-0.38206732,-0.015580792,-0.09502196,-0.31553864,0.033512928,-0.14945206,-0.37858975,-0.004763744,-0.15603662,-0.29932857,-0.023828046,-0.131482,-0.25350454,-0.030004395,-0.052076638,-0.32814163,0.02015178,-0.12520093,-0.37608543,-0.016820626,-0.13219547,-0.27076775,-0.020375887,-0.09848273,-0.24379182,-0.01043681,-0.0065745115,-0.3193826,-0.0021907487,-0.08649552,-0.37067485,-0.042394634,-0.09459722,-0.2601943,-0.027067354,-0.06179768,-0.22848797,-0.0048229597,0.03313899,-0.28930023,-0.027092725,-0.044000745,-0.28430554,-0.054725792,-0.05244738,-0.21299249,-0.04746407,-0.022106946,-0.1957877,-0.0334597
-0.091356814,-0.056507975,-0.007297894,-0.13029695,-0.19336018,-0.007818174,-0.14491767,-0.2963468,-0.014608862,-0.156701,-0.38206732,-0.015580792,-0.09502196,-0.31553864,0.033512928,-0.14945206,-0.37858975,-0.004763744,-0.15603662,-0.29932857,-0.023828046,-0.131482,-0.25350454,-0.030004395,-0.052076638,-0.32814163,0.02015178,-0.12520093,-0.37608543,-0.016820626,-0.13219547,-0.27076775,-0.020375887,-0.09848273,-0.24379182,-0.01043681,-0.0065745115,-0.3193826,-0.0021907487,-0.08649552,-0.37067485,-0.042394634,-0.09459722,-0.2601943,-0.027067354,-0.06179768,-0.22848797,-0.0048229597,0.03313899,-0.28930023,-0.027092725,-0.044000745,-0.28430554,-0.054725792,-0.05244738,-0.21299249,-0.04746407,-0.022106946,-0.1957877,-0.0334597
-0.0883804,-0.0580827,-0.009929545,-0.13180202,-0.2010107,-0.010639087,-0.1482583,-0.3141346,-0.0169392,-0.16273755,-0.40813068,-0.016748056,-0.09429282,-0.3266796,0.032143112,-0.15219253,-0.3835265,-0.007394368,-0.15882549,-0.2967862,-0.026957821,-0.13380992,-0.24505514,-0.033040874,-0.049496412,-0.3357628,0.02047175,-0.12580067,-0.37722057,-0.016311573,-0.13248485,-0.2696035,-0.018080354,-0.09769893,-0.24064878,-0.007415516,-0.00395,-0.3233493,-0.0008537147,-0.08420366,-0.3684575,-0.041788287,-0.09256095,-0.26077908,-0.02496701,-0.058894157,-0.22855625,-0.0016215289,0.03523779,-0.29112622,-0.025066532,-0.041796982,-0.28548846,-0.05330397,-0.05218792,-0.21552879,-0.045893896,-0.023494959,-0.19548997,-0.03148373
-0.08619928,-0.05660987,-0.010130526,-0.12925011,-0.19697315,-0.011694511,-0.14658624,-0.3082139,-0.018732343,-0.1606594,-0.39904812,-0.019289846,-0.09328568,-0.32243916,0.030801183,-0.14949918,-0.3801392,-0.0099155065,-0.15494436,-0.29471838,-0.029141014,-0.12976938,-0.24532866,-0.034474093,-0.048245907,-0.33154622,0.019089526,-0.12282193,-0.37430936,-0.01854627,-0.12849289,-0.26699674,-0.020151487,-0.09508759,-0.24102718,-0.008840219,-0.0023642182,-0.3191377,-0.0021350437,-0.081854284,-0.3612339,-0.043555856,-0.08716321,-0.25087062,-0.025907708,-0.054353714,-0.22062823,-0.0017115085,0.036509514,-0.2866017,-0.026118133,-0.04066986,-0.27850616,-0.0544714,-0.047239482,-0.2090033,-0.04623749,-0.017514825,-0.19304189,-0.030992728
-0.09168726,-0.056775093,-0.008290198,-0.13518977,-0.19676593,-0.00899774,-0.1515047,-0.30604386,-0.015510302,-0.16378686,-0.3960153,-0.0160281,-0.10135728,-0.32261354,0.032895043,-0.15776998,-0.385347,-0.0063422527,-0.16554269,-0.3060043,-0.025843559,-0.14294082,-0.25992927,-0.032186493,-0.056177855,-0.3339386,0.020068428,-0.13086218,-0.38101634,-0.01742571,-0.13814259,-0.27552876,-0.020848366,-0.105460465,-0.24705437,-0.010923794,-0.009689152,-0.32245666,-0.0019129437,-0.08931792,-0.36863172,-0.0423934,-0.0962348,-0.25841495,-0.026724735,-0.06404793,-0.22759518,-0.004412675,0.029666066,-0.28990448,-0.026531538,-0.04887265,-0.28104055,-0.054039612,-0.056221366,-0.20945054,-0.046715993,-0.026073635,-0.19385788,-0.032776378
-0.08924931,-0.05602786,-0.008634818,-0.13282531,-0.1964725,-0.00927809,-0.14969295,-0.305648,-0.01582528,-0.1624108,-0.39570597,-0.016341815,-0.09688598,-0.32383922,0.03292789,-0.15323451,-0.3832924,-0.0068284236,-0.1617713,-0.3028162,-0.026527282,-0.14013028,-0.25562268,-0.032697245,-0.0519104,-0.33419302,0.020170556,-0.1267038,-0.3805233,-0.017489364,-0.1355524,-0.2737819,-0.020313462,-0.10352224,-0.24389312,-0.009631745,-0.005675137,-0.32211512,-0.0019420596,-0.08571112,-0.36891043,-0.043005034,-0.094379306,-0.2581848,-0.02699819,-0.06254768,-0.22556084,-0.0038980958,0.033483386,-0.28876337,-0.02672453,-0.044315398,-0.28184316,-0.054601364,-0.053398967,-0.21052024,-0.047093194,-0.023811221,-0.19288108,-0.032588854
-0.08213538,-0.04927045,-0.012684373,-0.13165236,-0.18633819,-0.012208648,-0.15345246,-0.285105,-0.016846593,-0.1659742,-0.36697376,-0.014865824,-0.0978688,-0.3108632,0.02822703,-0.1513853,-0.37686285,-0.010272287,-0.15636063,-0.29472628,-0.02753585,-0.13487798,-0.24740073,-0.03200383,-0.05211675,-0.32230365,0.01742647,-0.11679423,-0.37470013,-0.021098092,-0.12210268,-0.26634687,-0.024244057,-0.09078592,-0.23706204,-0.0128402235,-0.002573669,-0.31137335,-0.0027769017,-0.07271105,-0.36804676,-0.04600615,-0.081721544,-0.25847292,-0.03197667,-0.05265379,-0.22921777,-0.009592151,0.04283631,-0.2806069,-0.025474109,-0.024840176,-0.27492288,-0.056752402,-0.035482764,-0.20357704,-0.05098949,-0.008271098,-0.18831345,-0.037135087
-0.0791589,-0.033462465,-0.018875716,-0.14694285,-0.17014706,-0.017421523,-0.17789966,-0.26774406,-0.019501954,-0.18872648,-0.34609008,-0.01405455,-0.12091744,-0.30291963,0.022028428,-0.1754803,-0.36561635,-0.0173963,-0.17242992,-0.2752986,-0.033350043,-0.15097421,-0.23043716,-0.03629563,-0.07180905,-0.31476653,0.014185473,-0.13203841,-0.36191767,-0.025331309,-0.1336407,-0.24630955,-0.02684003,-0.10503423,-0.22080511,-0.013531284,-0.016829312,-0.30368257,-0.0036739253,-0.07711059,-0.36330143,-0.049162295,-0.08542621,-0.24654123,-0.033986315,-0.058867812,-0.21898443,-0.009691827,0.03785348,-0.27475074,-0.024165133,-0.021851182,-0.27725264,-0.055932384,-0.032368243,-0.19900286,-0.04777571,-0.006034076,-0.18322754,-0.031577427
-0.085647345,-0.025817156,-0.021396631,-0.15775648,-0.15981236,-0.02346471,-0.18017918,-0.25992066,-0.028665755,-0.18810377,-0.33943164,-0.026631692,-0.14629674,-0.29096723,0.015408452,-0.20317566,-0.36055169,-0.028590173,-0.19734222,-0.27250063,-0.046465337,-0.1740759,-0.22322175,-0.049465753,-0.09305984,-0.30865836,0.007922138,-0.14981335,-0.36054382,-0.034011625,-0.14450133,-0.2401444,-0.035656452,-0.11795437,-0.21901852,-0.02230542,-0.033192575,-0.3025186,-0.009710993,-0.09153068,-0.36936855,-0.055941675,-0.09074932,-0.24685901,-0.037828423,-0.06532991,-0.22082639,-0.012031471,0.027808607,-0.28016958,-0.03012168,-0.026453316,-0.2890404,-0.061504003,-0.030306041,-0.20440665,-0.049795274,-0.005866468,-0.19138244,-0.031410895
-0.085647345,-0.025817156,-0.021396631,-0.15775648,-0.15981236,-0.02346471,-0.18017918,-0.25992066,-0.028665755,-0.18810377,-0.33943164,-0.026631692,-0.14629674,-0.29096723,0.015408452,-0.20317566,-0.36055169,-0.028590173,-0.19734222,-0.27250063,-0.046465337,-0.1740759,-0.22322175,-0.049465753,-0.09305984,-0.30865836,0.007922138,-0.14981335,-0.36054382,-0.034011625,-0.14450133,-0.2401444,-0.035656452,-0.11795437,-0.21901852,-0.02230542,-0.033192575,-0.3025186,-0.009710993,-0.09153068,-0.36936855,-0.055941675,-0.09074932,-0.24685901,-0.037828423,-0.06532991,-0.22082639,-0.012031471,0.027808607,-0.28016958,-0.03012168,-0.026453316,-0.2890404,-0.061504003,-0.030306041,-0.20440665,-0.049795274,-0.005866468,-0.19138244,-0.031410895
-0.087268054,-0.0026206374,-0.03214075,-0.18993753,-0.117548525,-0.038190536,-0.24886954,-0.22397065,-0.045726538,-0.27493298,-0.30841973,-0.043292146,-0.18995675,-0.2400397,0.009975242,-0.23220733,-0.31500265,-0.03730043,-0.20567667,-0.22099319,-0.051002264,-0.1808266,-0.17882961,-0.050555643,-0.13473809,-0.2695693,0.006569139,-0.17575666,-0.32956398,-0.035608433,-0.15165824,-0.2039406,-0.02899524,-0.13217819,-0.20142558,-0.009558512,-0.07085103,-0.27763653,-0.009128124,-0.10947013,-0.3483382,-0.05716354,-0.094928265,-0.22608131,-0.03166181,-0.07533169,-0.21335053,-0.00032018896,-0.0049233437,-0.27124244,-0.028737882,-0.03712511,-0.2997762,-0.058892634,-0.03493774,-0.2104043,-0.04214999,-0.016833127,-0.19189659,-0.020190459
-0.08488536,0.010202229,-0.03191637,-0.19194406,-0.100018084,-0.03525769,-0.25379735,-0.21147779,-0.03951947,-0.28561795,-0.29212856,-0.03393928,-0.19806162,-0.21751943,0.009048676,-0.23700684,-0.297655,-0.036273766,-0.20550817,-0.20253447,-0.04809597,-0.18331069,-0.16191188,-0.046819776,-0.14204639,-0.25029764,0.006363817,-0.1799269,-0.31619257,-0.034400888,-0.15244633,-0.1905827,-0.027460564,-0.13815969,-0.18686831,-0.008402843,-0.07920802,-0.26145697,-0.008328423,-0.11396092,-0.3372813,-0.056178123,-0.09593898,-0.21397111,-0.031739987,-0.08119172,-0.20039976,-0.0015432128,-0.015236855,-0.2596178,-0.026663736,-0.040927112,-0.29170457,-0.05763053,-0.03466606,-0.20015126,-0.042000968,-0.019715011,-0.17973307,-0.021131821
-0.08574921,0.017629087,-0.034551337,-0.20118576,-0.08439404,-0.03655064,-0.27102208,-0.19614813,-0.03930666,-0.3106348,-0.27091905,-0.030982897,-0.22003496,-0.19579533,0.011663461,-0.25627017,-0.28546053,-0.033430167,-0.21418208,-0.1938965,-0.044008728,-0.1921776,-0.15556827,-0.04168325,-0.16451365,-0.2339021,0.011266803,-0.19567114,-0.30381516,-0.02910095,-0.15834326,-0.17572987,-0.021188425,-0.15337342,-0.1756075,-0.0016531986,-0.10266709,-0.2533431,-0.0018815238,-0.13089657,-0.33204275,-0.04827797,-0.10480505,-0.20970133,-0.022902684,-0.09675306,-0.200576,0.007086039,-0.041057646,-0.25973758,-0.019203933,-0.05676365,-0.2924075,-0.046018183,-0.045793116,-0.20669454,-0.029707877,-0.036048293,-0.19378361,-0.00948774
-0.090448976,0.012145758,-0.035034765,-0.20379078,-0.0898321,-0.03717601,-0.27279893,-0.19587722,-0.04024397,-0.31272,-0.26873088,-0.0320392,-0.22095788,-0.20149028,0.015703546,-0.253428,-0.29016814,-0.029278068,-0.21173298,-0.19827497,-0.040645216,-0.19231832,-0.15974912,-0.038900733,-0.16555476,-0.24004641,0.015213059,-0.19370297,-0.30833933,-0.025533361,-0.15687454,-0.18072319,-0.019229518,-0.15469676,-0.18091595,-0.0006439576,-0.10408282,-0.2592847,0.001576996,-0.13000035,-0.3358822,-0.044678576,-0.10394144,-0.21460626,-0.020630803,-0.09839803,-0.20674485,0.00852618,-0.043276846,-0.26416826,-0.016385477,-0.056065798,-0.2949387,-0.04272503,-0.044830024,-0.21051377,-0.02704619,-0.036813557,-0.20009735,-0.0073436475
-0.0903762,0.011752009,-0.03462109,-0.20542961,-0.084741205,-0.037163936,-0.27705345,-0.18661758,-0.041025657,-0.3125705,-0.262314,-0.033540383,-0.21863478,-0.19608569,0.018693063,-0.25280085,-0.28628504,-0.026112821,-0.20879337,-0.19397688,-0.03774635,-0.1874876,-0.15651736,-0.036496893,-0.16359448,-0.23456106,0.017980926,-0.19234365,-0.3042546,-0.02244152,-0.15364653,-0.17455882,-0.016259653,-0.15132582,-0.17520827,0.0017994213,-0.10242987,-0.25434843,0.0039367573,-0.12835199,-0.33349952,-0.042249575,-0.10105717,-0.21079531,-0.01766009,-0.09506887,-0.20178732,0.011667688,-0.041748583,-0.26030254,-0.014441936,-0.05367881,-0.29434732,-0.040870134,-0.042093396,-0.2067101,-0.024853932,-0.034403503,-0.19147259,-0.004994988
-0.0903762,0.011752009,-0.03462109,-0.20542961,-0.084741205,-0.037163936,-0.27705345,-0.18661758,-0.041025657,-0.3125705,-0.262314,-0.033540383,-0.21863478,-0.19608569,0.018693063,-0.25280085,-0.28628504,-0.026112821,-0.20879337,-0.19397688,-0.03774635,-0.1874876,-0.15651736,-0.036496893,-0.16359448,-0.23456106,0.017980926,-0.19234365,-0.3042546,-0.02244152,-0.15364653,-0.17455882,-0.016259653,-0.15132582,-0.17520827,0.0017994213,-0.10242987,-0.25434843,0.0039367573,-0.12835199,-0.33349952,-0.042249575,-0.10105717,-0.21079531,-0.01766009,-0.09506887,-0.20178732,0.011667688,-0.041748583,-0.26030254,-0.014441936,-0.05367881,-0.29434732,-0.040870134,-0.042093396,-0.2067101,-0.024853932,-0.034403503,-0.19147259,-0.004994988
-0.07604563,0.010582924,-0.03694342,-0.19216242,-0.08524436,-0.039090544,-0.26652408,-0.17029476,-0.041590486,-0.29963756,-0.24394467,-0.033047643,-0.20648652,-0.20104331,0.016457215,-0.2436589,-0.2851928,-0.025725216,-0.20108229,-0.20303798,-0.03953975,-0.17790538,-0.15586162,-0.03987125,-0.15523201,-0.24148485,0.01737599,-0.18668395,-0.31139246,-0.022139516,-0.14439517,-0.19496879,-0.020665903,-0.13609177,-0.17509785,-0.005545438,-0.09534049,-0.2624139,0.0058201114,-0.12075329,-0.35195428,-0.040258404,-0.0912559,-0.24142092,-0.020430302,-0.08466798,-0.21310732,0.0066839014,-0.032791078,-0.26549712,-0.009677377,-0.045714974,-0.3220644,-0.03958405,-0.0315817,-0.2415607,-0.025360879,-0.025401592,-0.21101049,-0.005282879
-0.075525284,0.009739101,-0.035315722,-0.19070622,-0.087786615,-0.03835548,-0.26413584,-0.17178112,-0.04212062,-0.2932311,-0.2464771,-0.034713965,-0.20350152,-0.20270097,0.016755627,-0.23992157,-0.2885211,-0.026213577,-0.19701654,-0.20741901,-0.040739458,-0.17450956,-0.16000786,-0.04146815,-0.15199095,-0.2431258,0.016511315,-0.18254593,-0.318101,-0.02495371,-0.13775009,-0.20277351,-0.024497313,-0.13069594,-0.18001321,-0.009571116,-0.09163833,-0.2649083,0.0041933213,-0.116726816,-0.3563356,-0.042153664,-0.084937274,-0.24938086,-0.021498753,-0.0794884,-0.21863651,0.0063967137,-0.028644025,-0.27011958,-0.011971219,-0.041608155,-0.3319376,-0.04032792,-0.026970983,-0.25400147,-0.024575187,-0.022652566,-0.22131956,-0.003681352
-0.06779373,0.020760298,-0.0364607,-0.18268898,-0.08262688,-0.03929573,-0.2533031,-0.17387569,-0.041946713,-0.2846102,-0.2472626,-0.033713717,-0.20166457,-0.19694474,0.007871682,-0.23606232,-0.28489497,-0.035546113,-0.19105792,-0.20505431,-0.050112102,-0.16927841,-0.15583026,-0.05087799,-0.15051824,-0.23687097,0.008495843,-0.17676923,-0.31194392,-0.03263873,-0.13147205,-0.1984196,-0.032501567,-0.1271478,-0.17183146,-0.018621294,-0.091053545,-0.25837654,-0.0023325393,-0.11237371,-0.35422534,-0.048794944,-0.07929587,-0.25045624,-0.028979996,-0.07652789,-0.21843585,-0.0025557,-0.029323041,-0.2634986,-0.016874406,-0.03749287,-0.33160985,-0.04782893,-0.02130258,-0.25535682,-0.03362722,-0.02018249,-0.21989906,-0.013901618
-0.06748694,0.030144751,-0.041743588,-0.17912409,-0.06949115,-0.048663717,-0.24998307,-0.16959628,-0.054100946,-0.28265527,-0.24853334,-0.04789218,-0.19524312,-0.1876548,0.0037353036,-0.226138,-0.2761294,-0.039965436,-0.18115646,-0.19270799,-0.052690748,-0.16275337,-0.14736077,-0.05240234,-0.14614499,-0.22806275,0.0066051558,-0.1658009,-0.3045448,-0.03282341,-0.12086898,-0.18812084,-0.029171033,-0.1235497,-0.16631845,-0.0135117145,-0.08939791,-0.2501251,-0.0025032966,-0.105350316,-0.3478188,-0.049018476,-0.068917274,-0.24193263,-0.025844418,-0.06978798,-0.21198145,0.0024478529,-0.030631423,-0.2576977,-0.015878214,-0.033044696,-0.32383603,-0.04872341,-0.014205396,-0.24525508,-0.034298267,-0.016476274,-0.2098737,-0.0142649375
-0.06969732,0.029628754,-0.04288964,-0.17987183,-0.07196665,-0.050792675,-0.24716216,-0.17043334,-0.05722072,-0.2778412,-0.24885577,-0.052211896,-0.1950458,-0.19164315,0.0013387422,-0.22284883,-0.27852228,-0.043459147,-0.17884177,-0.19651297,-0.056983437,-0.16131902,-0.15109676,-0.057437405,-0.14563954,-0.23217839,0.004255715,-0.16265768,-0.305555,-0.035749096,-0.117503166,-0.18561867,-0.031725664,-0.12119049,-0.16591892,-0.016289249,-0.088988066,-0.2551728,-0.0050228746,-0.10326141,-0.34886056,-0.051323574,-0.06725013,-0.24024713,-0.026679952,-0.06845158,-0.21256274,0.0018783399,-0.030320764,-0.26287562,-0.01895908,-0.03231156,-0.32795635,-0.051114473,-0.01540792,-0.24863824,-0.035873678,-0.018662095,-0.21528167,-0.015884368
-0.069542885,0.03303945,-0.04326562,-0.17954937,-0.0667817,-0.051416542,-0.24653175,-0.16733426,-0.05817204,-0.27603114,-0.2470836,-0.053614553,-0.18884748,-0.18699148,-0.0015026554,-0.2194745,-0.27575815,-0.047098592,-0.17550877,-0.18872899,-0.061136622,-0.15618598,-0.14358968,-0.06227781,-0.13978213,-0.2282139,0.0010078016,-0.1596356,-0.30586547,-0.04102674,-0.11461079,-0.18511447,-0.037635062,-0.11411524,-0.16232422,-0.022395423,-0.0844298,-0.25136468,-0.00861164,-0.10062796,-0.3503418,-0.056136332,-0.064988256,-0.24159634,-0.031671565,-0.06416929,-0.21154788,-0.0029243343,-0.026435375,-0.26059583,-0.022945264,-0.028425097,-0.3291607,-0.056031447,-0.012445569,-0.25072724,-0.041790303,-0.01662153,-0.21578202,-0.022608388
-0.06780052,0.032244086,-0.04371526,-0.17689663,-0.06748563,-0.052947704,-0.24197936,-0.16754112,-0.06019168,-0.2720788,-0.24614632,-0.056221426,-0.18673766,-0.18427196,-0.0069737546,-0.21198216,-0.27150428,-0.05232456,-0.16740507,-0.18669823,-0.065606974,-0.15045834,-0.13904113,-0.06629393,-0.1369006,-0.22519863,-0.004612882,-0.15217346,-0.30213204,-0.04796696,-0.10594356,-0.1836569,-0.045712177,-0.10947496,-0.1570487,-0.031362932,-0.08179122,-0.24801391,-0.013679019,-0.09345257,-0.3451609,-0.061941218,-0.056591988,-0.23975337,-0.038517676,-0.060563207,-0.20785013,-0.010706333,-0.025282085,-0.25629342,-0.027184011,-0.024169743,-0.32484388,-0.060996383,-0.0066592097,-0.24876812,-0.047017228,-0.013944089,-0.21231416,-0.028194841
-0.077008784,0.03211558,-0.04585514,-0.1766864,-0.07078564,-0.057515252,-0.23331246,-0.17778134,-0.066519655,-0.2660597,-0.2561071,-0.06453015,-0.17630455,-0.18013191,-0.016979584,-0.19889408,-0.26844874,-0.064589515,-0.15507632,-0.17676944,-0.07710278,-0.13874239,-0.12899703,-0.077016436,-0.12249583,-0.21970654,-0.014801018,-0.13795668,-0.3026828,-0.063923486,-0.09398693,-0.1795944,-0.06321712,-0.095794916,-0.14911714,-0.048990313,-0.067923665,-0.24215284,-0.023404162,-0.08021873,-0.34357536,-0.07527846,-0.045810103,-0.23533088,-0.05145142,-0.047580242,-0.20137489,-0.02245883,-0.013290048,-0.25234452,-0.036451034,-0.011630237,-0.32123953,-0.0714613,0.005179107,-0.24593282,-0.05711001,-0.00022053719,-0.2113755,-0.03774783
-0.074442625,0.039405584,-0.050181195,-0.17428261,-0.050356746,-0.063707076,-0.23595044,-0.15418717,-0.07314525,-0.2632647,-0.23431736,-0.07059697,-0.18050113,-0.1697909,-0.019233124,-0.2036463,-0.25581363,-0.06515164,-0.15374029,-0.1630485,-0.07394647,-0.1381635,-0.12232453,-0.07202828,-0.12778431,-0.21297982,-0.014878313,-0.14127737,-0.29122496,-0.0640866,-0.093102515,-0.16482979,-0.060995433,-0.09857893,-0.1430723,-0.04496962,-0.07361019,-0.23853162,-0.021764249,-0.08258027,-0.33252674,-0.07675259,-0.04487723,-0.21917605,-0.05216902,-0.050916493,-0.19272411,-0.02208732,-0.019951046,-0.25055757,-0.03311586,-0.016310632,-0.31267273,-0.07056329,0.0038403869,-0.23146945,-0.055975217,-0.0046684146,-0.20111296,-0.03611137
-0.07123613,0.031764746,-0.049555484,-0.17156899,-0.06570408,-0.06345831,-0.23356616,-0.16798219,-0.073827244,-0.2632743,-0.24747846,-0.07229556,-0.17681512,-0.18262088,-0.017204288,-0.19814837,-0.26700592,-0.06427396,-0.15054119,-0.17283612,-0.07555278,-0.1369415,-0.12889788,-0.07539632,-0.12545896,-0.22408828,-0.013727453,-0.1397596,-0.3002637,-0.06252846,-0.09291357,-0.17469817,-0.060728565,-0.10028869,-0.15192515,-0.045943644,-0.070751905,-0.24791044,-0.021543954,-0.08094734,-0.34181485,-0.075161815,-0.044067383,-0.22991416,-0.05093327,-0.051153302,-0.20076764,-0.0216524,-0.016326368,-0.25803575,-0.0340522,-0.012135804,-0.32099393,-0.0714884,0.006763518,-0.24190003,-0.057653558,-0.0019758344,-0.21027234,-0.03835761
-0.06975168,0.031688213,-0.04875924,-0.17110181,-0.06876752,-0.061369266,-0.23278987,-0.16932464,-0.07084758,-0.264648,-0.24866593,-0.06887086,-0.17891428,-0.1862615,-0.013057508,-0.20042944,-0.2705547,-0.06104124,-0.15599096,-0.18065345,-0.07512858,-0.14132345,-0.13457927,-0.076548204,-0.12722617,-0.22837403,-0.009383988,-0.1404475,-0.30380917,-0.058878344,-0.09409273,-0.17968377,-0.059315424,-0.09918082,-0.15344185,-0.04568153,-0.07202989,-0.25205404,-0.01722496,-0.080996394,-0.3472016,-0.07112737,-0.044810295,-0.23774195,-0.048419073,-0.050459623,-0.20668927,-0.019685404,-0.017071545,-0.2615403,-0.029668048,-0.012973607,-0.32645234,-0.0668456,0.0046586394,-0.24851713,-0.053337168,-0.0041653514,-0.21519029,-0.03407441
-0.07035756,0.032588005,-0.04755175,-0.1761474,-0.06600666,-0.05884628,-0.24065721,-0.16935772,-0.067295216,-0.26685902,-0.25047442,-0.06370365,-0.18301079,-0.1862315,-0.011381759,-0.20442176,-0.2730436,-0.05634486,-0.15779412,-0.17706591,-0.067183696,-0.14516497,-0.13621819,-0.06756451,-0.1316725,-0.22725338,-0.008145327,-0.14467168,-0.30493832,-0.054591343,-0.09909141,-0.17624572,-0.05156664,-0.106277585,-0.15643135,-0.036293745,-0.076655686,-0.25056735,-0.01645591,-0.085098624,-0.34867418,-0.068580955,-0.049502015,-0.23383084,-0.04425991,-0.055476367,-0.20624313,-0.015106901,-0.020440996,-0.2606092,-0.029357659,-0.016138792,-0.32497355,-0.06577304,0.0011614561,-0.24414319,-0.052233018,-0.0070091486,-0.21245503,-0.033371314
-0.062193036,0.034251034,-0.051654916,-0.16877985,-0.056880653,-0.06480084,-0.23599005,-0.15780777,-0.07453017,-0.26407897,-0.23854065,-0.072157025,-0.18198222,-0.17835522,-0.013330559,-0.20533651,-0.2621881,-0.059742082,-0.15694928,-0.17009467,-0.070470065,-0.14305711,-0.13217062,-0.070299834,-0.13157701,-0.22105944,-0.0083026625,-0.14390278,-0.2954533,-0.05667484,-0.09740156,-0.16650125,-0.053488217,-0.10656303,-0.14990938,-0.03710415,-0.07693553,-0.24590018,-0.01555466,-0.08228862,-0.3374987,-0.07127341,-0.047289133,-0.2221835,-0.048177235,-0.055818617,-0.19989458,-0.018561672,-0.021236181,-0.25764987,-0.027496012,-0.015815198,-0.318715,-0.06671913,0.0017058253,-0.23634595,-0.053921364,-0.008099556,-0.20562577,-0.034691468
-0.06787628,0.030201733,-0.048829257,-0.17244077,-0.067127645,-0.061169747,-0.23556429,-0.16754445,-0.070277296,-0.2630888,-0.247551,-0.06731738,-0.18018952,-0.1882717,-0.013769669,-0.20061418,-0.27402452,-0.059850615,-0.15545714,-0.17936078,-0.072024204,-0.1411168,-0.13446856,-0.07290178,-0.12830901,-0.22945294,-0.009850635,-0.1397379,-0.30549523,-0.05841408,-0.09550816,-0.17748994,-0.057407323,-0.101498425,-0.15278476,-0.043026384,-0.07268995,-0.25252897,-0.017364955,-0.07956803,-0.35047647,-0.07080939,-0.045815587,-0.23786339,-0.04783749,-0.051975965,-0.2075336,-0.019136107,-0.01679784,-0.2615936,-0.029415179,-0.012248337,-0.32666874,-0.06670652,0.0035920143,-0.24710074,-0.053555,-0.005962014,-0.21388865,-0.034605253
-0.06976217,0.027133226,-0.046243776,-0.17140812,-0.07375121,-0.05759672,-0.23249617,-0.17536867,-0.066054255,-0.2603591,-0.2539933,-0.06288819,-0.17826718,-0.19016299,-0.015142362,-0.19860002,-0.2768139,-0.06039933,-0.15218914,-0.18328977,-0.07171744,-0.1378845,-0.13771081,-0.07180437,-0.12509668,-0.23032299,-0.01165289,-0.13844812,-0.30527374,-0.05808615,-0.09346521,-0.17980424,-0.055929646,-0.09888005,-0.15508217,-0.04144533,-0.06837642,-0.25270584,-0.01902864,-0.07731122,-0.34935784,-0.07016419,-0.04316765,-0.23951453,-0.046365462,-0.04763174,-0.20794189,-0.017610354,-0.012000203,-0.26116732,-0.030738374,-0.009045005,-0.33057404,-0.0659486,0.0066127777,-0.2546796,-0.051975418,-0.0016210675,-0.22037753,-0.032734007
-0.06847769,0.020907342,-0.044830684,-0.17402405,-0.07740855,-0.058638785,-0.24051788,-0.17393652,-0.07047754,-0.27072263,-0.25622293,-0.07117157,-0.18423787,-0.19862914,-0.011343988,-0.21390048,-0.27962166,-0.060446464,-0.17253721,-0.19364685,-0.07535886,-0.15228236,-0.14411128,-0.0764062,-0.13110238,-0.23862603,-0.009673914,-0.14861375,-0.30940384,-0.054308705,-0.104017615,-0.18207848,-0.048996463,-0.10614884,-0.15914178,-0.032215033,-0.07184255,-0.2589716,-0.01980762,-0.08333504,-0.35195458,-0.06978668,-0.050723612,-0.2389335,-0.042596117,-0.052069962,-0.20920509,-0.01179629,-0.010620058,-0.26336753,-0.034472402,-0.011333346,-0.3268915,-0.06912981,0.0018310547,-0.24610579,-0.05263789,-0.003893435,-0.21244788,-0.031387426
-0.06576109,0.019611835,-0.041617688,-0.17359695,-0.07844293,-0.052076306,-0.23911682,-0.17246434,-0.061174188,-0.26690194,-0.25258425,-0.059147235,-0.17959628,-0.20158765,-0.0050715245,-0.2113257,-0.281799,-0.05251863,-0.17417696,-0.19599557,-0.06711485,-0.15169132,-0.14714855,-0.067664504,-0.12627101,-0.23882487,-0.0033882272,-0.1464575,-0.30386636,-0.047143675,-0.10651553,-0.17963344,-0.042243313,-0.103841424,-0.15992689,-0.025074437,-0.06643337,-0.25787044,-0.013470324,-0.079760194,-0.34215406,-0.062034223,-0.051160038,-0.23117048,-0.03628386,-0.04866755,-0.2049976,-0.0058712494,-0.0042867064,-0.26263016,-0.027863894,-0.007114947,-0.31980687,-0.06020783,0.002388358,-0.24029362,-0.04416017,-9.2327595e-05,-0.21007633,-0.022977581
-0.07361388,0.0033216476,-0.037211686,-0.17504594,-0.10941872,-0.04643258,-0.23568222,-0.20693746,-0.05582976,-0.26907367,-0.28804827,-0.054910205,-0.17841882,-0.23992667,-0.000520012,-0.21592072,-0.32556102,-0.053410754,-0.18917,-0.23632693,-0.073809005,-0.16583025,-0.17709318,-0.07701328,-0.11944783,-0.2698454,-0.0021758636,-0.14601749,-0.33072087,-0.050519615,-0.11955583,-0.20139608,-0.04934202,-0.10941118,-0.17763007,-0.0336598,-0.053868353,-0.27824652,-0.0158979,-0.075561166,-0.35518393,-0.06652749,-0.061449945,-0.23330739,-0.04187099,-0.055319548,-0.20441544,-0.011411232,0.013458371,-0.27113956,-0.033834446,-0.0013899803,-0.315909,-0.06685387,-0.0028988123,-0.22350913,-0.049631,-0.0020985603,-0.1909051,-0.026854994
-0.069505095,0.0009750128,-0.03731185,-0.17223552,-0.12371558,-0.04343203,-0.23048198,-0.24137849,-0.049655948,-0.2634341,-0.3267027,-0.046142906,-0.17470601,-0.25114334,0.0004928098,-0.2100484,-0.34159,-0.0499621,-0.18924269,-0.2495319,-0.06611326,-0.16857964,-0.19001019,-0.0662896,-0.114519775,-0.27870443,0.00016360538,-0.14373791,-0.34721267,-0.044335827,-0.12414187,-0.21487775,-0.039620295,-0.11223459,-0.19464844,-0.021794952,-0.04889244,-0.28536928,-0.012472177,-0.0742079,-0.36709568,-0.06361798,-0.065150976,-0.23873451,-0.038873844,-0.055859447,-0.20913291,-0.007841578,0.017337441,-0.27720597,-0.029019069,-0.0032883286,-0.32119888,-0.06393976,-0.005479753,-0.22520807,-0.047812894,0.001989007,-0.19282866,-0.025540115
-0.069505095,0.0009750128,-0.03731185,-0.17223552,-0.12371558,-0.04343203,-0.23048198,-0.24137849,-0.049655948,-0.2634341,-0.3267027,-0.046142906,-0.17470601,-0.25114334,0.0004928098,-0.2100484,-0.34159,-0.0499621,-0.18924269,-0.2495319,-0.06611326,-0.16857964,-0.19001019,-0.0662896,-0.114519775,-0.27870443,0.00016360538,-0.14373791,-0.34721267,-0.044335827,-0.12414187,-0.21487775,-0.039620295,-0.11223459,-0.19464844,-0.021794952,-0.04889244,-0.28536928,-0.012472177,-0.0742079,-0.36709568,-0.06361798,-0.065150976,-0.23873451,-0.038873844,-0.055859447,-0.20913291,-0.007841578,0.017337441,-0.27720597,-0.029019069,-0.0032883286,-0.32119888,-0.06393976,-0.005479753,-0.22520807,-0.047812894,0.001989007,-0.19282866,-0.025540115
-0.07149166,-0.008957148,-0.033299547,-0.16986379,-0.13290101,-0.03900573,-0.22791633,-0.24361789,-0.04541314,-0.25756305,-0.33103496,-0.043982435,-0.1682398,-0.25822783,0.003132087,-0.20481133,-0.35029826,-0.044119358,-0.19164664,-0.2706575,-0.063222155,-0.17445168,-0.20799005,-0.06658092,-0.10848904,-0.28347027,0.0010254775,-0.14026153,-0.35598597,-0.042295393,-0.12526137,-0.23177502,-0.043377243,-0.10914892,-0.1982964,-0.030163852,-0.04272169,-0.28652936,-0.012077946,-0.06898081,-0.37342077,-0.061885957,-0.06481087,-0.25328332,-0.04394708,-0.05360061,-0.21448043,-0.017737832,0.024882317,-0.27289113,-0.028284876,0.001870513,-0.32192189,-0.06382514,-0.001985073,-0.23101589,-0.050743647,0.007175684,-0.19333607,-0.03071187
-0.07954401,-0.00079625845,-0.032294285,-0.18437088,-0.1257154,-0.035243392,-0.24121583,-0.23343092,-0.039260287,-0.25731638,-0.3190781,-0.03445212,-0.18867642,-0.24947798,0.012337596,-0.2259604,-0.34873563,-0.032171488,-0.20400923,-0.2658586,-0.051557273,-0.18439281,-0.2138049,-0.056280244,-0.13274044,-0.27836418,0.009644182,-0.16977459,-0.36034018,-0.034668308,-0.15140933,-0.2435784,-0.041063,-0.13469243,-0.21292207,-0.030728405,-0.06858659,-0.28728312,-0.0040847566,-0.10282928,-0.3884728,-0.052648626,-0.09263325,-0.27327612,-0.039323963,-0.078665614,-0.2392646,-0.016470658,-0.0011327267,-0.27937418,-0.021102117,-0.026430428,-0.3283379,-0.055421304,-0.023356318,-0.23840249,-0.045535736,-0.009555697,-0.2060996,-0.028327676
-0.078617334,-0.004592359,-0.027195085,-0.17830366,-0.13354558,-0.026734903,-0.22850823,-0.23987862,-0.028003378,-0.24143714,-0.3197984,-0.021119509,-0.17997375,-0.2547818,0.013168453,-0.21978551,-0.35579664,-0.029505152,-0.20251882,-0.27102917,-0.047600824,-0.1843045,-0.2198273,-0.05173839,-0.1252482,-0.28162247,0.008928741,-0.16517943,-0.3637659,-0.033538334,-0.15043873,-0.24674043,-0.038685873,-0.13360327,-0.21936244,-0.028055714,-0.061457932,-0.2898157,-0.0056190863,-0.09757137,-0.39191294,-0.05287625,-0.09058136,-0.27629936,-0.03956782,-0.07652694,-0.24398336,-0.017335147,0.0052298307,-0.28280163,-0.022985449,-0.02193898,-0.33176136,-0.05563395,-0.02001232,-0.2429198,-0.045268077,-0.0048941374,-0.21386081,-0.028438278
-0.078617334,-0.004592359,-0.027195085,-0.17830366,-0.13354558,-0.026734903,-0.22850823,-0.23987862,-0.028003378,-0.24143714,-0.3197984,-0.021119509,-0.17997375,-0.2547818,0.013168453,-0.21978551,-0.35579664,-0.029505152,-0.20251882,-0.27102917,-0.047600824,-0.1843045,-0.2198273,-0.05173839,-0.1252482,-0.28162247,0.008928741,-0.16517943,-0.3637659,-0.033538334,-0.15043873,-0.24674043,-0.038685873,-0.13360327,-0.21936244,-0.028055714,-0.061457932,-0.2898157,-0.0056190863,-0.09757137,-0.39191294,-0.05287625,-0.09058136,-0.27629936,-0.03956782,-0.07652694,-0.24398336,-0.017335147,0.0052298307,-0.28280163,-0.022985449,-0.02193898,-0.33176136,-0.05563395,-0.02001232,-0.2429198,-0.045268077,-0.0048941374,-0.21386081,-0.028438278
-0.07706773,-0.0073018074,-0.023784827,-0.17075786,-0.14406756,-0.02243992,-0.21358931,-0.25853246,-0.022770034,-0.23471463,-0.33330867,-0.016375678,-0.17355227,-0.26493084,0.005607664,-0.212282,-0.3765065,-0.035422705,-0.20668238,-0.30209467,-0.051583502,-0.19350982,-0.24829724,-0.05492638,-0.115704894,-0.29206347,-0.0009193992,-0.15566447,-0.3871745,-0.041115277,-0.14592758,-0.26662517,-0.04314709,-0.12884569,-0.2366845,-0.031343162,-0.0503729,-0.2991249,-0.01670063,-0.08510178,-0.40685916,-0.061004005,-0.08449513,-0.28866476,-0.045199383,-0.07128948,-0.2531524,-0.02268546,0.01700306,-0.29004657,-0.03508007,-0.010983467,-0.34590492,-0.064940885,-0.01438123,-0.25787657,-0.052277163,0.00019675493,-0.22772405,-0.035107624
-0.0812909,-0.027368069,-0.021703925,-0.15663216,-0.18017927,-0.02247842,-0.18026823,-0.30030042,-0.025572337,-0.19687682,-0.3781224,-0.02323016,-0.14267075,-0.3043159,0.0029278188,-0.17456108,-0.4205588,-0.03800138,-0.18077439,-0.3572556,-0.055999685,-0.17301187,-0.30614257,-0.061417364,-0.08067614,-0.32169378,-0.006533854,-0.11485994,-0.42038682,-0.046510678,-0.12197423,-0.3035432,-0.050824605,-0.10927236,-0.26566634,-0.041621845,-0.0133574605,-0.31535694,-0.02453726,-0.04277098,-0.4303667,-0.06916933,-0.056732595,-0.3132242,-0.055653688,-0.047805846,-0.26780567,-0.03559547,0.05510944,-0.291382,-0.044786707,0.026688159,-0.34325856,-0.0766352,0.011473596,-0.25472164,-0.065452866,0.02061522,-0.21980745,-0.049627665
-0.082394004,-0.030001044,-0.026118368,-0.15508458,-0.19595817,-0.026192494,-0.1816952,-0.3236987,-0.027934756,-0.20030394,-0.40776646,-0.022592707,-0.13020825,-0.3310892,0.0064880527,-0.16172189,-0.44033882,-0.039422963,-0.16770822,-0.36465153,-0.059052493,-0.15875453,-0.31849086,-0.0649306,-0.06670833,-0.34334153,-0.0017685792,-0.108849525,-0.43769592,-0.047758643,-0.119216144,-0.30816838,-0.05223769,-0.10141128,-0.277558,-0.040780667,0.0011015534,-0.3309451,-0.020012088,-0.033501923,-0.4395408,-0.072489075,-0.04960364,-0.30839458,-0.055761192,-0.03358364,-0.26950034,-0.030444482,0.06883329,-0.301176,-0.040972598,0.035841346,-0.34458292,-0.077924855,0.017893493,-0.24977115,-0.06572818,0.032723367,-0.22157076,-0.047015984
-0.082394004,-0.030001044,-0.026118368,-0.15508458,-0.19595817,-0.026192494,-0.1816952,-0.3236987,-0.027934756,-0.20030394,-0.40776646,-0.022592707,-0.13020825,-0.3310892,0.0064880527,-0.16172189,-0.44033882,-0.039422963,-0.16770822,-0.36465153,-0.059052493,-0.15875453,-0.31849086,-0.0649306,-0.06670833,-0.34334153,-0.0017685792,-0.108849525,-0.43769592,-0.047758643,-0.119216144,-0.30816838,-0.05223769,-0.10141128,-0.277558,-0.040780667,0.0011015534,-0.3309451,-0.020012088,-0.033501923,-0.4395408,-0.072489075,-0.04960364,-0.30839458,-0.055761192,-0.03358364,-0.26950034,-0.030444482,0.06883329,-0.301176,-0.040972598,0.035841346,-0.34458292,-0.077924855,0.017893493,-0.24977115,-0.06572818,0.032723367,-0.22157076,-0.047015984
-0.07928163,-0.062622905,-0.030770672,-0.13360712,-0.24571306,-0.0344793,-0.15349868,-0.37522942,-0.03994392,-0.16412055,-0.46739882,-0.035907425,-0.09055501,-0.38074028,0.009082432,-0.11751431,-0.4926849,-0.04605677,-0.12896967,-0.391066,-0.071215324,-0.12118092,-0.3356889,-0.07941388,-0.026983619,-0.37776145,0.0010790264,-0.06393772,-0.47689888,-0.051409803,-0.08419663,-0.33982125,-0.058431167,-0.06666404,-0.31089184,-0.048109133,0.03967178,-0.35072032,-0.018784875,0.0104935765,-0.46017146,-0.07363303,-0.017960608,-0.32646775,-0.0545623,-0.003715098,-0.29122373,-0.027449893,0.10534817,-0.30855802,-0.042422306,0.06974846,-0.34835938,-0.07684908,0.043410957,-0.25564387,-0.06260893,0.058722794,-0.23280755,-0.042700637
-0.08047485,-0.06710625,-0.026700608,-0.13131705,-0.2562608,-0.02948357,-0.14325216,-0.3889889,-0.03470235,-0.1501404,-0.48152378,-0.031835027,-0.083138645,-0.3897887,0.008526081,-0.108071506,-0.50249255,-0.045959357,-0.127397,-0.41279605,-0.07413291,-0.12673867,-0.3562179,-0.08531594,-0.020222723,-0.3832444,-0.003045581,-0.05828154,-0.48528388,-0.059272353,-0.08264905,-0.35575187,-0.07219201,-0.069613695,-0.31144035,-0.06523002,0.04675597,-0.35275328,-0.025367098,0.021436095,-0.4683675,-0.0833891,-0.009160221,-0.34372324,-0.07066783,-0.0013451576,-0.2968194,-0.047368992,0.11407387,-0.30557382,-0.050777026,0.08620435,-0.35151494,-0.09044077,0.05649835,-0.25990033,-0.080449484,0.064793885,-0.22705638,-0.06286551
-0.07866937,-0.07471192,-0.028859772,-0.124599814,-0.26240614,-0.03348771,-0.13471651,-0.3909572,-0.041181263,-0.13366842,-0.48507932,-0.039349712,-0.0757491,-0.39343804,0.009762425,-0.10254693,-0.5075461,-0.04440403,-0.12414247,-0.40900213,-0.07077045,-0.12033898,-0.35551322,-0.08078722,-0.0142582655,-0.38342676,-0.0011643998,-0.051619828,-0.48369336,-0.056600865,-0.0803597,-0.35328734,-0.066520534,-0.0647288,-0.31779003,-0.05781955,0.05242151,-0.34946012,-0.023449263,0.030384243,-0.46849966,-0.08169221,-0.005291283,-0.34211442,-0.0648976,0.0034781694,-0.29813585,-0.03848301,0.1207363,-0.29704005,-0.049374115,0.099300444,-0.36000842,-0.08753654,0.06290364,-0.26995096,-0.07370868,0.06703985,-0.23208511,-0.053193513
-0.080096364,-0.08169097,-0.02983976,-0.12670979,-0.26858047,-0.034457035,-0.13942122,-0.39484522,-0.042049993,-0.13441974,-0.487123,-0.038928304,-0.07441062,-0.39660704,0.009931779,-0.10355809,-0.5005109,-0.04486829,-0.11889729,-0.38745746,-0.069993,-0.109864235,-0.33849865,-0.07980307,-0.012399554,-0.38807225,-0.0012947699,-0.054510236,-0.48236847,-0.05788205,-0.078872204,-0.34720227,-0.06672809,-0.057722688,-0.3210255,-0.057109974,0.055639982,-0.35422245,-0.024187021,0.028866827,-0.46370566,-0.082508944,-0.0059710145,-0.3334179,-0.063500926,0.006931722,-0.29995883,-0.03589141,0.12511516,-0.30191436,-0.05108337,0.099793196,-0.34684747,-0.08750654,0.061482847,-0.25770807,-0.07312163,0.06743097,-0.23010862,-0.05271965
-0.080096364,-0.08169097,-0.02983976,-0.12670979,-0.26858047,-0.034457035,-0.13942122,-0.39484522,-0.042049993,-0.13441974,-0.487123,-0.038928304,-0.07441062,-0.39660704,0.009931779,-0.10355809,-0.5005109,-0.04486829,-0.11889729,-0.38745746,-0.069993,-0.109864235,-0.33849865,-0.07980307,-0.012399554,-0.38807225,-0.0012947699,-0.054510236,-0.48236847,-0.05788205,-0.078872204,-0.34720227,-0.06672809,-0.057722688,-0.3210255,-0.057109974,0.055639982,-0.35422245,-0.024187021,0.028866827,-0.46370566,-0.082508944,-0.0059710145,-0.3334179,-0.063500926,0.006931722,-0.29995883,-0.03589141,0.12511516,-0.30191436,-0.05108337,0.099793196,-0.34684747,-0.08750654,0.061482847,-0.25770807,-0.07312163,0.06743097,-0.23010862,-0.05271965
-0.07044262,-0.09080356,-0.04021174,-0.10804641,-0.2695002,-0.05456024,-0.115939796,-0.40110645,-0.07071222,-0.100393325,-0.4961355,-0.076348715,-0.03918889,-0.41326377,-0.004826442,-0.07039061,-0.51244825,-0.06527448,-0.09562805,-0.39768034,-0.09219659,-0.08670133,-0.34266815,-0.10312367,0.023497045,-0.3941148,-0.0123212235,-0.019392133,-0.4615283,-0.07467984,-0.05503887,-0.3226197,-0.081799164,-0.035498828,-0.30039665,-0.07177903,0.086309314,-0.3457579,-0.03261988,0.057095468,-0.41447425,-0.095716126,0.01033622,-0.28699064,-0.07402501,0.020514369,-0.26290286,-0.045032073,0.14569783,-0.2813175,-0.05813741,0.11465961,-0.30198023,-0.094862714,0.06940913,-0.2211808,-0.080597974,0.07425636,-0.20713264,-0.061203197
-0.07290381,-0.09853673,-0.0471287,-0.108086556,-0.28679994,-0.06285382,-0.11497903,-0.4310536,-0.07917379,-0.1035136,-0.5365322,-0.08386929,-0.03494793,-0.42410114,-0.0077437065,-0.07381803,-0.5200454,-0.07080848,-0.09828997,-0.39941648,-0.09789166,-0.08748138,-0.3458913,-0.108649276,0.027560472,-0.4026143,-0.0118272295,-0.022761285,-0.46435198,-0.076801814,-0.055826902,-0.3209648,-0.08216588,-0.030406326,-0.30193704,-0.07116944,0.087855875,-0.34947845,-0.029965304,0.05317247,-0.41294518,-0.09594163,0.0074926615,-0.2836445,-0.07174248,0.024193347,-0.2631783,-0.04103843,0.14163828,-0.28101507,-0.054106522,0.10650849,-0.29459363,-0.09225931,0.06358272,-0.21558887,-0.07848066,0.07599294,-0.20735145,-0.059833914
-0.053393513,-0.09914547,-0.04238014,-0.07220873,-0.28457993,-0.057548467,-0.06679475,-0.4234806,-0.07302933,-0.04215628,-0.5232366,-0.07855685,-8.6188316e-05,-0.40639395,-0.012417325,-0.012523711,-0.51398486,-0.074618675,-0.048112035,-0.40500557,-0.101666294,-0.048207074,-0.34667763,-0.11171902,0.05905947,-0.37210834,-0.018321991,0.032588273,-0.45628393,-0.07781574,-0.01428926,-0.3266355,-0.083317414,0.0003940165,-0.30002686,-0.0738399,0.11683628,-0.31191844,-0.036960553,0.10767129,-0.39643914,-0.09917465,0.048199445,-0.28123987,-0.078757145,0.05225262,-0.25346094,-0.051071417,0.17209825,-0.23829365,-0.060304504,0.15462348,-0.28738737,-0.09703169,0.10464439,-0.21571344,-0.08215977,0.10684684,-0.19416332,-0.06244811
-0.052934736,-0.103022635,-0.044934317,-0.06294006,-0.28563473,-0.060920127,-0.05168584,-0.41467032,-0.07778604,-0.031515956,-0.50379074,-0.08337244,0.0051846504,-0.40885746,-0.01437257,-0.002466023,-0.52233243,-0.080050185,-0.038121432,-0.40991107,-0.107957356,-0.039393127,-0.35355756,-0.11814124,0.06542024,-0.37155977,-0.020482205,0.045268685,-0.45324254,-0.08539464,-0.0028537214,-0.31725764,-0.09097203,0.011692822,-0.29858416,-0.08015184,0.1218507,-0.3073996,-0.04000167,0.12039563,-0.38753965,-0.10431998,0.057791024,-0.26750818,-0.08104334,0.058223695,-0.2475673,-0.051328067,0.17197749,-0.23073679,-0.0651861,0.16438523,-0.26797438,-0.10049986,0.11025098,-0.20002073,-0.08447169,0.10770401,-0.19042492,-0.06465138
-0.042929083,-0.11067963,-0.045496833,-0.04300955,-0.29155365,-0.06386906,-0.02502495,-0.4239936,-0.08322753,0.010936946,-0.51744056,-0.09212964,0.03504339,-0.40204236,-0.010573406,0.04374686,-0.51366675,-0.07601477,-0.000428468,-0.40803108,-0.10669759,-0.009299248,-0.34236133,-0.118741654,0.09464815,-0.35762343,-0.016457511,0.089746386,-0.44409907,-0.08072709,0.027192026,-0.31732783,-0.089683264,0.032592982,-0.28314245,-0.08082855,0.14764157,-0.2875516,-0.03571247,0.16010174,-0.36957464,-0.10006183,0.08844116,-0.26131165,-0.07965413,0.08281776,-0.23149663,-0.05116246,0.19430146,-0.20239168,-0.060289267,0.19422403,-0.2443138,-0.097565845,0.13548973,-0.18184668,-0.082320236,0.1286067,-0.16504574,-0.062118646
-0.03844267,-0.10675198,-0.04453491,-0.021072209,-0.29164538,-0.05912246,0.013700157,-0.42211375,-0.07373382,0.053182423,-0.51008075,-0.077779554,0.055399477,-0.39005634,-0.009709968,0.07842231,-0.4982841,-0.07412545,0.029468417,-0.39652026,-0.10416395,0.012897313,-0.33599195,-0.11575972,0.11475432,-0.34088194,-0.015529143,0.12446064,-0.4286973,-0.0783467,0.05588883,-0.3123825,-0.08859106,0.052731216,-0.27995595,-0.081107646,0.16487092,-0.26792663,-0.03453575,0.19172424,-0.35131106,-0.09697596,0.11515832,-0.2523406,-0.07932893,0.10226047,-0.2254807,-0.053371757,0.20810032,-0.18073404,-0.05874399,0.21679294,-0.22561827,-0.09534306,0.15503526,-0.16673017,-0.08173688,0.14302516,-0.1504175,-0.06320407
-0.035044134,-0.10576749,-0.04847632,-0.010035574,-0.28870714,-0.06553494,0.030421197,-0.4177656,-0.08192232,0.08267248,-0.49771804,-0.08751387,0.07722682,-0.37466234,-0.01262807,0.10788393,-0.47370523,-0.077667706,0.05342585,-0.3774177,-0.10777282,0.034035206,-0.3221292,-0.12016254,0.13180816,-0.31571496,-0.017678319,0.14856583,-0.4012523,-0.08520105,0.0726217,-0.2913972,-0.096834294,0.06884462,-0.25667468,-0.08933073,0.17502189,-0.23558223,-0.03637869,0.21246862,-0.31121743,-0.10367098,0.1295551,-0.22647116,-0.08865479,0.11482799,-0.20641541,-0.06343561,0.21116817,-0.14216721,-0.06022869,0.2277925,-0.18476176,-0.100115925,0.16098464,-0.13473994,-0.08862865,0.14491183,-0.12310845,-0.071554
-0.026002467,-0.113966346,-0.04727168,0.007831752,-0.2907334,-0.06472605,0.05469078,-0.4096453,-0.0825824,0.10481441,-0.48098135,-0.08911997,0.09780234,-0.3698802,-0.015561637,0.13422918,-0.4700145,-0.08214537,0.073740184,-0.37916017,-0.11214549,0.04625112,-0.32253522,-0.12342861,0.1484251,-0.30692798,-0.020984596,0.17044437,-0.38561064,-0.088806964,0.08933842,-0.28274935,-0.09848093,0.08197713,-0.253069,-0.08994664,0.18649364,-0.22039235,-0.039833713,0.22657412,-0.28542894,-0.10647145,0.13854563,-0.2074241,-0.08964918,0.12035221,-0.18997133,-0.06349001,0.21605122,-0.12269831,-0.06393115,0.23888594,-0.15615094,-0.10239718,0.16986895,-0.12194848,-0.09040159,0.15097302,-0.11986321,-0.072986335
-0.028541446,-0.10573554,-0.044364784,0.011651754,-0.28199416,-0.060034085,0.061330557,-0.40187716,-0.07570901,0.11423147,-0.47168416,-0.08147771,0.101162314,-0.35052374,-0.019101178,0.15266538,-0.45410195,-0.08196867,0.09344846,-0.38129246,-0.11202115,0.056863666,-0.3242362,-0.12395873,0.15189946,-0.2846057,-0.024575258,0.18407643,-0.36866975,-0.09037708,0.101548076,-0.28164902,-0.102593586,0.08105385,-0.24231994,-0.096196726,0.18766129,-0.19933754,-0.04196871,0.23886901,-0.27221295,-0.10607791,0.15236443,-0.20435447,-0.09164901,0.12468231,-0.17751503,-0.0675975,0.2142117,-0.1008212,-0.06395311,0.24416983,-0.13766867,-0.10421479,0.17700177,-0.1059286,-0.09422628,0.15329194,-0.09732431,-0.07792346
-0.033235103,-0.103701234,-0.046565346,0.006119609,-0.2763645,-0.0601047,0.05505073,-0.38847074,-0.073403865,0.102102935,-0.45089364,-0.075093806,0.10361546,-0.33943602,-0.010682419,0.14248443,-0.44092762,-0.07463508,0.0758816,-0.35898665,-0.10008764,0.048043072,-0.30741963,-0.10695657,0.15312898,-0.27124548,-0.014268118,0.17859513,-0.3572734,-0.083391316,0.08871859,-0.2634019,-0.090054706,0.080132484,-0.22608104,-0.07518899,0.18728662,-0.18499321,-0.031610798,0.22112799,-0.25266716,-0.09976646,0.13004923,-0.18182898,-0.08035679,0.11891925,-0.16043448,-0.048645068,0.2136873,-0.08818555,-0.05379756,0.2301848,-0.123456955,-0.09166501,0.16046154,-0.093191326,-0.077064306,0.14808637,-0.085816324,-0.05543618
-0.04232061,-0.10409337,-0.04739694,0.00014263391,-0.28001845,-0.059887663,0.054691195,-0.40274233,-0.069943815,0.10492039,-0.47515363,-0.06700821,0.09098828,-0.3344953,-0.016377047,0.13544577,-0.42246082,-0.0772721,0.06857675,-0.3326038,-0.09628882,0.042321444,-0.2871552,-0.099496424,0.1413356,-0.2631018,-0.018447611,0.17129737,-0.34520918,-0.08445953,0.083125055,-0.24462742,-0.08600823,0.07689512,-0.21528351,-0.06954735,0.1756962,-0.17383873,-0.033607274,0.22072464,-0.23911047,-0.10209957,0.13185608,-0.16508591,-0.07791805,0.12056786,-0.14714676,-0.044039655,0.20377761,-0.07377577,-0.05309917,0.23148161,-0.11147976,-0.0936712,0.16189533,-0.07731217,-0.07744864,0.14307576,-0.068507075,-0.0549494
-0.04232061,-0.10409337,-0.04739694,0.00014263391,-0.28001845,-0.059887663,0.054691195,-0.40274233,-0.069943815,0.10492039,-0.47515363,-0.06700821,0.09098828,-0.3344953,-0.016377047,0.13544577,-0.42246082,-0.0772721,0.06857675,-0.3326038,-0.09628882,0.042321444,-0.2871552,-0.099496424,0.1413356,-0.2631018,-0.018447611,0.17129737,-0.34520918,-0.08445953,0.083125055,-0.24462742,-0.08600823,0.07689512,-0.21528351,-0.06954735,0.1756962,-0.17383873,-0.033607274,0.22072464,-0.23911047,-0.10209957,0.13185608,-0.16508591,-0.07791805,0.12056786,-0.14714676,-0.044039655,0.20377761,-0.07377577,-0.05309917,0.23148161,-0.11147976,-0.0936712,0.16189533,-0.07731217,-0.07744864,0.14307576,-0.068507075,-0.0549494
-0.037549376,-0.1055823,-0.037247915,0.0021212697,-0.27682158,-0.049748287,0.05966705,-0.3894449,-0.062255736,0.10720557,-0.45803505,-0.06541227,0.09231818,-0.3170514,-0.022076698,0.13957989,-0.41122416,-0.080270335,0.07835561,-0.34327474,-0.10231338,0.043976605,-0.2933086,-0.10877009,0.14327455,-0.24734524,-0.029171458,0.16733879,-0.32284185,-0.09011834,0.08425301,-0.23915195,-0.09499084,0.0720427,-0.20548537,-0.08428809,0.17824793,-0.16137499,-0.046850536,0.22185045,-0.23408747,-0.10834584,0.13916606,-0.16845828,-0.08777771,0.124457836,-0.14298451,-0.059894133,0.20736557,-0.06433898,-0.06796253,0.22878057,-0.10562146,-0.106659286,0.16351205,-0.07648921,-0.092415534,0.14661402,-0.06599426,-0.07284422
-0.025904,-0.11799395,-0.045639556,0.013636887,-0.29805163,-0.06041894,0.06719148,-0.41777134,-0.07557949,0.12865275,-0.47747543,-0.0778547,0.109369576,-0.35354865,-0.008925318,0.15334606,-0.43895555,-0.07267769,0.08895159,-0.34699655,-0.09705882,0.06313884,-0.30388507,-0.10476784,0.16092592,-0.28647423,-0.013727155,0.18307841,-0.3524539,-0.0795514,0.09581691,-0.2536919,-0.08436695,0.093438804,-0.23368818,-0.07187132,0.19914174,-0.19841594,-0.032542482,0.2342571,-0.25626016,-0.09502933,0.14539349,-0.18457031,-0.07288914,0.1370396,-0.17498314,-0.043271948,0.2296508,-0.099853456,-0.05696628,0.24416566,-0.13254035,-0.08974333,0.17315143,-0.10367781,-0.07464479,0.1603232,-0.10351956,-0.055307683
-0.014806926,-0.12724817,-0.04837749,0.024755359,-0.29832527,-0.06838657,0.074700356,-0.41972974,-0.08916964,0.13639104,-0.48445517,-0.098558344,0.12879318,-0.3461261,-0.012631658,0.16832232,-0.4421329,-0.07831163,0.10064632,-0.36309436,-0.1102785,0.06852782,-0.3089671,-0.12386216,0.17734295,-0.2779947,-0.01632464,0.19702446,-0.34572724,-0.08231155,0.10861462,-0.25725383,-0.093016975,0.10290635,-0.22698206,-0.086612456,0.21119761,-0.18856788,-0.033531398,0.24501055,-0.24605703,-0.093422584,0.15363103,-0.18496585,-0.07260141,0.1420613,-0.16868192,-0.045790214,0.23433733,-0.08975041,-0.057036553,0.24745154,-0.121506095,-0.08759555,0.17785698,-0.10256153,-0.0723672,0.16848308,-0.103185296,-0.054350324
-0.0160321,-0.13546771,-0.0439596,0.03201872,-0.3100793,-0.057594433,0.089322865,-0.42609748,-0.07152458,0.14401048,-0.49419072,-0.074037805,0.12491852,-0.35342476,-0.011642451,0.17060262,-0.44449198,-0.07480619,0.10240573,-0.36924535,-0.10178284,0.07068443,-0.32101887,-0.11079305,0.17366248,-0.28374568,-0.015028644,0.19773251,-0.34981546,-0.077931516,0.11032367,-0.26137885,-0.08492591,0.107537925,-0.2390252,-0.07595796,0.20832586,-0.19478118,-0.03136215,0.24310613,-0.2498573,-0.089692436,0.15325356,-0.18701082,-0.06916988,0.1431337,-0.17537123,-0.042346463,0.23430717,-0.09993422,-0.053113118,0.25182158,-0.13344163,-0.080926925,0.18317485,-0.110291004,-0.06473749,0.17361605,-0.11073887,-0.04612174
-0.014639258,-0.14359558,-0.03395046,0.035835028,-0.31554845,-0.045818668,0.09625077,-0.41865912,-0.05982922,0.1482194,-0.4792796,-0.0639074,0.12297571,-0.35387805,-0.012600232,0.1732136,-0.44103277,-0.07328731,0.107515156,-0.36870524,-0.09994377,0.07278472,-0.32053074,-0.10932271,0.16875494,-0.2827319,-0.021722794,0.19953245,-0.34654891,-0.08298976,0.11407775,-0.26389503,-0.090558626,0.10280532,-0.24000591,-0.08296146,0.20343393,-0.19175225,-0.041876405,0.2437709,-0.24418232,-0.096381,0.15802866,-0.18313962,-0.07605266,0.14136535,-0.16804773,-0.05091883,0.2309928,-0.09437728,-0.06661949,0.25566834,-0.12859786,-0.09189954,0.19068855,-0.1063447,-0.07448522,0.17684603,-0.10608858,-0.055915147
-0.026642859,-0.12633163,-0.035980903,0.018181503,-0.30288136,-0.047570486,0.07610029,-0.41452643,-0.06032332,0.12946993,-0.4771099,-0.06188505,0.10928935,-0.34951934,-0.015648358,0.1572398,-0.4316065,-0.07640134,0.08758515,-0.35092944,-0.0998005,0.058475137,-0.30478296,-0.10760307,0.15871704,-0.27941367,-0.024794359,0.18686557,-0.3414072,-0.088419825,0.09424788,-0.25269568,-0.09311832,0.091146946,-0.2282685,-0.08275709,0.19307113,-0.18940079,-0.045252003,0.23441732,-0.24037999,-0.10229755,0.1402303,-0.17808473,-0.078288175,0.1296944,-0.16422188,-0.04999522,0.2186448,-0.092155874,-0.07045911,0.23749322,-0.12022781,-0.09764153,0.16789472,-0.09685683,-0.0793775,0.15902269,-0.09691346,-0.059777834
-0.025654852,-0.12814695,-0.037558224,0.021507919,-0.3050957,-0.05054486,0.08179617,-0.4153804,-0.06426625,0.13669902,-0.47790018,-0.06744075,0.11783761,-0.34296393,-0.018681288,0.16721076,-0.42459866,-0.08097596,0.095816195,-0.35250178,-0.106885344,0.06311971,-0.3058318,-0.11639185,0.16552943,-0.26968366,-0.02802947,0.19673818,-0.33259532,-0.09264564,0.10269076,-0.25395185,-0.099597506,0.09363681,-0.22623041,-0.09088566,0.19756931,-0.17822576,-0.04877343,0.24061304,-0.2273258,-0.107176475,0.14669913,-0.17214489,-0.08644064,0.13162535,-0.15740323,-0.06036626,0.22155452,-0.078369856,-0.07425588,0.24293494,-0.105282545,-0.10475684,0.17255169,-0.08598322,-0.089282446,0.15884429,-0.08731347,-0.07137618
-0.023489952,-0.11415905,-0.041301783,0.0232113,-0.28851062,-0.057220887,0.08036792,-0.39834833,-0.073879264,0.13772589,-0.45599517,-0.08097191,0.11637008,-0.3270893,-0.021237742,0.16165292,-0.41108623,-0.084227405,0.09608483,-0.33640307,-0.113869146,0.06088531,-0.28584975,-0.12632856,0.16321927,-0.25773072,-0.028768802,0.19035476,-0.31954786,-0.09262024,0.10202515,-0.23602366,-0.101482466,0.08557743,-0.2024864,-0.09454212,0.19623399,-0.16841769,-0.04814097,0.24034739,-0.21992159,-0.108094886,0.15004557,-0.15721232,-0.0911409,0.12656558,-0.1372168,-0.067645065,0.22269952,-0.06789422,-0.072495,0.2502401,-0.08731699,-0.10811021,0.17724228,-0.064570665,-0.0974931,0.15172476,-0.06531787,-0.08265169
-0.049077272,-0.10596055,-0.034060135,-0.027888179,-0.2861428,-0.04607865,0.021989107,-0.41293457,-0.059516773,0.057484567,-0.49586082,-0.065040655,0.04186046,-0.37246478,-0.021227192,0.06820041,-0.47654164,-0.08217272,0.017470956,-0.3793878,-0.108616225,0.000505805,-0.31730115,-0.11817415,0.096226335,-0.32473886,-0.032227132,0.099776626,-0.406856,-0.08585699,0.034348547,-0.2968143,-0.08943925,0.03797424,-0.26571387,-0.081351876,0.14292067,-0.25232446,-0.05426816,0.15143687,-0.32518008,-0.10522348,0.07619101,-0.23056239,-0.08346787,0.06964165,-0.20355612,-0.058994092,0.18363076,-0.1677531,-0.08104705,0.18452233,-0.22177052,-0.106118284,0.12474221,-0.169083,-0.08670322,0.11811465,-0.15172225,-0.06727587
-0.049301624,-0.10480118,-0.040138748,-0.03972423,-0.28007218,-0.05622587,-0.0049803555,-0.40954113,-0.07248774,0.03093177,-0.49398494,-0.08011285,0.027147472,-0.3716274,-0.02596173,0.04197961,-0.47410196,-0.09026892,-0.0006862581,-0.37270832,-0.118440896,-0.013116449,-0.3116345,-0.12883706,0.08652383,-0.32429338,-0.03447334,0.08437979,-0.40205154,-0.09013287,0.028769553,-0.28007668,-0.09253734,0.036306262,-0.25394446,-0.08293985,0.1404081,-0.2504397,-0.054650728,0.14795572,-0.3203748,-0.107699566,0.08094096,-0.21911865,-0.08254278,0.07833862,-0.1996224,-0.055042658,0.18650746,-0.16494328,-0.08004896,0.18302858,-0.21126747,-0.10605043,0.13077408,-0.15545338,-0.08430665,0.13070852,-0.14599448,-0.062740244
-0.04647994,-0.111490905,-0.040361855,-0.03853181,-0.29179588,-0.054141104,-0.01082021,-0.4186226,-0.06877405,0.02204305,-0.4990576,-0.07280624,0.043401837,-0.37849632,-0.017349362,0.047005296,-0.47604275,-0.07868479,0.0023771226,-0.36709416,-0.102226906,-0.0056767464,-0.31154305,-0.10973213,0.10247314,-0.32954246,-0.02434775,0.09453142,-0.39870903,-0.08089562,0.036563456,-0.26907915,-0.079832554,0.04949224,-0.25110233,-0.066728994,0.15454495,-0.25306457,-0.043678883,0.16314751,-0.3222618,-0.09966599,0.095143795,-0.21340036,-0.07038728,0.09835714,-0.19471478,-0.038517583,0.20009255,-0.16654408,-0.06839608,0.20119822,-0.21075773,-0.09644172,0.14240038,-0.15407974,-0.07440282,0.14075702,-0.14435434,-0.051601317
-0.070702136,-0.0853554,-0.04207564,-0.09142825,-0.26864642,-0.055076785,-0.07662514,-0.4082652,-0.06997851,-0.047830403,-0.49460945,-0.073309064,-0.017618597,-0.39067957,-0.005523746,-0.027450264,-0.5016598,-0.07179634,-0.062369704,-0.38366193,-0.0946536,-0.05866909,-0.32870394,-0.0988675,0.042215288,-0.3636026,-0.011644346,0.015215814,-0.44336003,-0.07704578,-0.026694208,-0.29848686,-0.075080134,-0.0029698014,-0.28424874,-0.05543585,0.099665344,-0.31388545,-0.032452863,0.07620692,-0.38333076,-0.09660634,0.021898627,-0.2552927,-0.06589678,0.036155522,-0.24379706,-0.028058045,0.15494317,-0.25467265,-0.058856484,0.12787604,-0.3100937,-0.08625717,0.08007145,-0.23099726,-0.060123157,0.09186739,-0.2175178,-0.032010265
-0.06809798,-0.0847913,-0.04131877,-0.10376212,-0.26230413,-0.054174338,-0.1070371,-0.39997992,-0.06827159,-0.096200585,-0.49218374,-0.071249805,-0.039221346,-0.38662395,-0.010834457,-0.059177548,-0.49397087,-0.07493597,-0.08397731,-0.3727768,-0.097962506,-0.07856265,-0.31589377,-0.103130914,0.02456224,-0.36483943,-0.016358465,-0.0050976872,-0.4406975,-0.07872859,-0.037719667,-0.2920251,-0.07736389,-0.01761043,-0.2780148,-0.060021725,0.0866878,-0.31766295,-0.035357185,0.06547135,-0.39089927,-0.09716252,0.021451712,-0.25518793,-0.06653029,0.033544302,-0.23772323,-0.030002562,0.14802319,-0.25988197,-0.059695445,0.124270916,-0.30608377,-0.08929669,0.078374684,-0.22129494,-0.06547161,0.082636535,-0.20597899,-0.039154682
-0.06809798,-0.0847913,-0.04131877,-0.10376212,-0.26230413,-0.054174338,-0.1070371,-0.39997992,-0.06827159,-0.096200585,-0.49218374,-0.071249805,-0.039221346,-0.38662395,-0.010834457,-0.059177548,-0.49397087,-0.07493597,-0.08397731,-0.3727768,-0.097962506,-0.07856265,-0.31589377,-0.103130914,0.02456224,-0.36483943,-0.016358465,-0.0050976872,-0.4406975,-0.07872859,-0.037719667,-0.2920251,-0.07736389,-0.01761043,-0.2780148,-0.060021725,0.0866878,-0.31766295,-0.035357185,0.06547135,-0.39089927,-0.09716252,0.021451712,-0.25518793,-0.06653029,0.033544302,-0.23772323,-0.030002562,0.14802319,-0.25988197,-0.059695445,0.124270916,-0.30608377,-0.08929669,0.078374684,-0.22129494,-0.06547161,0.082636535,-0.20597899,-0.039154682
-0.07808828,-0.06603706,-0.045734715,-0.13020003,-0.24041927,-0.060303587,-0.14441273,-0.3812655,-0.075298004,-0.14013255,-0.48072845,-0.07782407,-0.07924366,-0.38225144,-0.0106617585,-0.097878724,-0.4806432,-0.076444395,-0.112137556,-0.35435885,-0.10031176,-0.103352994,-0.2965235,-0.10616279,-0.010531008,-0.3703699,-0.014726549,-0.03773445,-0.4329889,-0.07893233,-0.0613797,-0.28151137,-0.079021364,-0.045187473,-0.27145597,-0.062451094,0.05788803,-0.33050686,-0.033089675,0.043429315,-0.39849204,-0.099303104,0.006957829,-0.25624126,-0.07225114,0.013225973,-0.23625928,-0.037627347,0.1254915,-0.27527454,-0.056962077,0.11321044,-0.30036438,-0.09590117,0.07228637,-0.21036476,-0.07964461,0.06985921,-0.19422299,-0.05704551
-0.088706195,-0.043473244,-0.04565031,-0.17351761,-0.20451659,-0.058632534,-0.21540576,-0.34214935,-0.07138465,-0.22490853,-0.45045882,-0.0710073,-0.14834207,-0.35084802,-0.0007155829,-0.1796911,-0.4406136,-0.06325851,-0.16933316,-0.32198188,-0.08662038,-0.15159056,-0.2742518,-0.09311834,-0.07876003,-0.35976008,-0.0031106372,-0.112400144,-0.422247,-0.062356945,-0.1099956,-0.26863343,-0.060828984,-0.09328139,-0.2624025,-0.044487387,-0.005017519,-0.3430532,-0.020400077,-0.029973924,-0.42225644,-0.08323892,-0.040005386,-0.27643588,-0.054369934,-0.027848601,-0.25883335,-0.019749071,0.06925535,-0.31205654,-0.043390978,0.05016911,-0.34462622,-0.0824086,0.030681431,-0.24411428,-0.0660549,0.03685999,-0.22828043,-0.043885913
-0.09865415,-0.033412457,-0.043431956,-0.19941345,-0.18320674,-0.054012194,-0.2513237,-0.3192232,-0.06561443,-0.27718738,-0.42479482,-0.064435974,-0.18713123,-0.328248,0.0062065073,-0.22553027,-0.41890454,-0.055315796,-0.20716262,-0.30493516,-0.07972082,-0.1860139,-0.2515234,-0.08598202,-0.11832857,-0.34787628,0.0032793074,-0.15700492,-0.41160828,-0.052479506,-0.14260027,-0.2613241,-0.051017128,-0.124669254,-0.25063676,-0.0349495,-0.043643773,-0.34242725,-0.014828142,-0.07595813,-0.4289462,-0.07323283,-0.07564384,-0.28421068,-0.04386259,-0.06162125,-0.25858635,-0.009187944,0.032918155,-0.321218,-0.038736895,0.008235037,-0.36096856,-0.073176436,-0.0053451657,-0.2611671,-0.05440243,0.0019305348,-0.23981118,-0.030741189
-0.09876627,-0.016812623,-0.0452862,-0.21172637,-0.1468836,-0.057124265,-0.27808437,-0.2702458,-0.06920297,-0.31058204,-0.372448,-0.068652496,-0.21650901,-0.29384118,-0.001098435,-0.26871902,-0.38254434,-0.063095674,-0.23767623,-0.27212048,-0.08778763,-0.20982268,-0.22526163,-0.09460761,-0.14927763,-0.32629305,-0.0029661665,-0.19611543,-0.38519555,-0.060259067,-0.16848359,-0.23784965,-0.060034,-0.14817026,-0.22916716,-0.044940475,-0.07347602,-0.33336136,-0.019437643,-0.11471242,-0.41918686,-0.07857333,-0.10384971,-0.27669817,-0.051011715,-0.088456154,-0.25439835,-0.017713081,0.0045007467,-0.32499322,-0.04147782,-0.024478555,-0.36387262,-0.07606809,-0.030535102,-0.26422784,-0.05810935,-0.02244997,-0.24556512,-0.03524716
-0.109752595,-0.00441736,-0.03979742,-0.23411426,-0.12806064,-0.047907252,-0.3054236,-0.24704963,-0.058725886,-0.33674043,-0.34237266,-0.056500506,-0.23791808,-0.27289706,0.01351351,-0.29628807,-0.36014622,-0.045193058,-0.2629091,-0.2490263,-0.06814508,-0.23738632,-0.20425999,-0.07375349,-0.17726994,-0.31151497,0.008945756,-0.22779956,-0.36965045,-0.04650557,-0.19431064,-0.22690421,-0.04655919,-0.1768524,-0.22524047,-0.030590776,-0.10503399,-0.32936728,-0.010513805,-0.15197486,-0.41568512,-0.06617227,-0.13060403,-0.27610832,-0.03726833,-0.11237872,-0.2597854,-0.003187358,-0.027935982,-0.33053544,-0.035847526,-0.05643773,-0.37478027,-0.066803165,-0.054072857,-0.2747157,-0.047091156,-0.04042542,-0.25787422,-0.023127861
-0.10034585,0.0104058385,-0.040673167,-0.2411884,-0.09182066,-0.045309324,-0.32867724,-0.1965459,-0.051986746,-0.37966156,-0.28154087,-0.04577245,-0.25804824,-0.22031793,0.0139727825,-0.32828677,-0.29725757,-0.04066943,-0.27668288,-0.1946963,-0.0599593,-0.24628496,-0.15637738,-0.06372155,-0.20296973,-0.27402717,0.012198225,-0.26055023,-0.3191954,-0.03903888,-0.20885473,-0.19043168,-0.037762653,-0.19244254,-0.19525167,-0.022334805,-0.13360184,-0.30734918,-0.004302216,-0.19272098,-0.38569584,-0.05893507,-0.15394992,-0.2550466,-0.031406697,-0.13292807,-0.24392438,0.0013601732,-0.05896312,-0.3261343,-0.02627177,-0.097851455,-0.36698365,-0.059538033,-0.08267343,-0.26943654,-0.041903734,-0.06367046,-0.2528122,-0.019317688
-0.10189772,0.009726942,-0.0397868,-0.24503976,-0.09000623,-0.04310631,-0.3358165,-0.18812904,-0.048931237,-0.39008373,-0.27050814,-0.042346697,-0.26508802,-0.21277097,0.019212699,-0.34223673,-0.28332642,-0.037802808,-0.2891926,-0.18674767,-0.060589634,-0.2568668,-0.14924234,-0.06609561,-0.21320158,-0.26883018,0.016302075,-0.27696332,-0.31431785,-0.040162634,-0.22156087,-0.19023627,-0.044309262,-0.20100275,-0.18856937,-0.030857697,-0.14500672,-0.30547413,-0.0014616798,-0.20729655,-0.38120633,-0.06059429,-0.16422695,-0.2524027,-0.036239915,-0.14143193,-0.23657885,-0.0036313664,-0.070207775,-0.32730097,-0.024481617,-0.11154723,-0.3680148,-0.06100828,-0.09167391,-0.2703219,-0.04438251,-0.071045816,-0.25141305,-0.021250099
-0.10130572,0.017250478,-0.03669354,-0.24817881,-0.05064851,-0.04502544,-0.34876913,-0.124008894,-0.058090243,-0.4079568,-0.20505142,-0.059581168,-0.27675444,-0.17896625,0.017464284,-0.3639176,-0.23853722,-0.04639499,-0.307661,-0.15189773,-0.071685895,-0.26718315,-0.1144886,-0.07655836,-0.22869006,-0.24105749,0.010987454,-0.29415852,-0.2747789,-0.049774516,-0.22656953,-0.15597397,-0.051420014,-0.20262814,-0.15774024,-0.03485937,-0.16329002,-0.2880092,-0.010815666,-0.23307899,-0.34398913,-0.071792185,-0.17851686,-0.22328722,-0.042721804,-0.1535635,-0.21954861,-0.0061386717,-0.090729296,-0.32194638,-0.037782203,-0.13817358,-0.35002255,-0.07138819,-0.11180246,-0.25965756,-0.049721673,-0.0903312,-0.25230777,-0.023033706
-0.10407877,0.020638108,-0.035612788,-0.25236014,-0.040279746,-0.043628663,-0.35643822,-0.10761708,-0.056618545,-0.41726056,-0.18663388,-0.057638012,-0.28044102,-0.16716659,0.017597107,-0.37383395,-0.21976852,-0.045099787,-0.31596684,-0.13591355,-0.06809977,-0.27700433,-0.10623407,-0.07201914,-0.23523444,-0.23037449,0.010556277,-0.30582744,-0.25741038,-0.04980777,-0.2338463,-0.14091599,-0.048591595,-0.21088696,-0.15086547,-0.030281715,-0.17135859,-0.27902004,-0.011919455,-0.24712405,-0.33137065,-0.07328393,-0.18960977,-0.21312076,-0.042909823,-0.16438937,-0.21710739,-0.0057939966,-0.09973568,-0.3148473,-0.039491244,-0.14877152,-0.3382717,-0.07440678,-0.12077218,-0.24896327,-0.053838443,-0.09825593,-0.24652666,-0.02803529
-0.10407877,0.020638108,-0.035612788,-0.25236014,-0.040279746,-0.043628663,-0.35643822,-0.10761708,-0.056618545,-0.41726056,-0.18663388,-0.057638012,-0.28044102,-0.16716659,0.017597107,-0.37383395,-0.21976852,-0.045099787,-0.31596684,-0.13591355,-0.06809977,-0.27700433,-0.10623407,-0.07201914,-0.23523444,-0.23037449,0.010556277,-0.30582744,-0.25741038,-0.04980777,-0.2338463,-0.14091599,-0.048591595,-0.21088696,-0.15086547,-0.030281715,-0.17135859,-0.27902004,-0.011919455,-0.24712405,-0.33137065,-0.07328393,-0.18960977,-0.21312076,-0.042909823,-0.16438937,-0.21710739,-0.0057939966,-0.09973568,-0.3148473,-0.039491244,-0.14877152,-0.3382717,-0.07440678,-0.12077218,-0.24896327,-0.053838443,-0.09825593,-0.24652666,-0.02803529
-0.106790364,0.019981623,-0.038202804,-0.25541994,-0.034374714,-0.046138078,-0.35874158,-0.097366214,-0.058246683,-0.422889,-0.17127073,-0.057519972,-0.29349765,-0.16236174,0.016984811,-0.38122547,-0.19929683,-0.045942426,-0.31222966,-0.114355505,-0.070121415,-0.27619404,-0.09266341,-0.076102465,-0.2487542,-0.22760674,0.010442684,-0.3166037,-0.24464291,-0.05313448,-0.23928735,-0.13092202,-0.054604813,-0.21718577,-0.14260799,-0.0385602,-0.18473804,-0.27744633,-0.011725475,-0.2559648,-0.32265064,-0.07603031,-0.19657356,-0.20338765,-0.047911502,-0.17352116,-0.20683014,-0.012019812,-0.11332977,-0.31443614,-0.039204467,-0.1582576,-0.33109838,-0.07423711,-0.13099062,-0.24202043,-0.055033416,-0.112650216,-0.24106887,-0.030635405
-0.11559862,0.034608483,-0.029709691,-0.2655645,-0.006308496,-0.03706916,-0.36861336,-0.05610168,-0.05091472,-0.42958546,-0.12987465,-0.052760214,-0.3036069,-0.14695352,0.027611468,-0.39528716,-0.15883183,-0.038030446,-0.32919568,-0.080712676,-0.06909625,-0.28766093,-0.060634494,-0.07936465,-0.26311573,-0.21225116,0.01631528,-0.33372447,-0.21001858,-0.047693938,-0.25294986,-0.10513914,-0.05361128,-0.22689348,-0.11913371,-0.040616497,-0.2020691,-0.2631427,-0.010266947,-0.27661258,-0.2866364,-0.07160068,-0.21021968,-0.17389506,-0.04350335,-0.18365437,-0.18324098,-0.008406158,-0.132186,-0.29853183,-0.04215534,-0.17613792,-0.29934546,-0.073560156,-0.1453079,-0.21157926,-0.053031757,-0.12640345,-0.2164529,-0.028260417
-0.10107118,0.048159897,-0.03275284,-0.25229496,0.013270497,-0.041011095,-0.35599747,-0.03347385,-0.054649953,-0.42235658,-0.098540545,-0.05688753,-0.29941314,-0.12378302,0.019768769,-0.39520833,-0.13410434,-0.048564665,-0.3344678,-0.06020391,-0.08062374,-0.28673872,-0.036838353,-0.089934655,-0.26195475,-0.19055793,0.010205545,-0.33538204,-0.186829,-0.053979192,-0.25604054,-0.08559358,-0.059261214,-0.22477525,-0.09838876,-0.045111902,-0.20416343,-0.24566612,-0.01473256,-0.28280067,-0.2640677,-0.07674017,-0.21464711,-0.15338412,-0.04871508,-0.18184376,-0.1619466,-0.012997066,-0.1350503,-0.28814477,-0.045049395,-0.18330467,-0.2794407,-0.079574645,-0.14822209,-0.19162634,-0.059676282,-0.1235767,-0.19633314,-0.034203187
-0.104093075,0.04629183,-0.035775088,-0.25816807,0.008457303,-0.044021975,-0.3651914,-0.038983226,-0.057281077,-0.4334721,-0.103961766,-0.05863645,-0.3018995,-0.12799323,0.020695342,-0.40011796,-0.13585323,-0.045987617,-0.34023118,-0.060655534,-0.07629811,-0.29381886,-0.037960052,-0.08482182,-0.26513925,-0.19467857,0.012926019,-0.33665276,-0.18591005,-0.050210178,-0.25733024,-0.0851714,-0.053527694,-0.22667718,-0.1006825,-0.03839745,-0.20704794,-0.24796915,-0.010941014,-0.28238696,-0.26268032,-0.07318766,-0.21624005,-0.15228197,-0.045232814,-0.1853134,-0.16128793,-0.009707826,-0.13771373,-0.28742144,-0.040593788,-0.18472964,-0.2791693,-0.07556056,-0.15211976,-0.19148016,-0.05696842,-0.128923,-0.19505012,-0.03272818
-0.104093075,0.04629183,-0.035775088,-0.25816807,0.008457303,-0.044021975,-0.3651914,-0.038983226,-0.057281077,-0.4334721,-0.103961766,-0.05863645,-0.3018995,-0.12799323,0.020695342,-0.40011796,-0.13585323,-0.045987617,-0.34023118,-0.060655534,-0.07629811,-0.29381886,-0.037960052,-0.08482182,-0.26513925,-0.19467857,0.012926019,-0.33665276,-0.18591005,-0.050210178,-0.25733024,-0.0851714,-0.053527694,-0.22667718,-0.1006825,-0.03839745,-0.20704794,-0.24796915,-0.010941014,-0.28238696,-0.26268032,-0.07318766,-0.21624005,-0.15228197,-0.045232814,-0.1853134,-0.16128793,-0.009707826,-0.13771373,-0.28742144,-0.040593788,-0.18472964,-0.2791693,-0.07556056,-0.15211976,-0.19148016,-0.05696842,-0.128923,-0.19505012,-0.03272818
-0.094114184,0.03690648,-0.037843406,-0.2456817,-0.008672357,-0.046023443,-0.3534724,-0.07000524,-0.058223166,-0.4242286,-0.13393518,-0.05812676,-0.29874372,-0.1345548,0.015798464,-0.38577855,-0.16927725,-0.047974657,-0.32434273,-0.086455345,-0.07212964,-0.28201205,-0.058167934,-0.076822504,-0.25712606,-0.20184362,0.009252103,-0.32055938,-0.21207622,-0.05128922,-0.24285933,-0.10001838,-0.04983393,-0.21886516,-0.113400966,-0.031681,-0.1951713,-0.2532397,-0.013175345,-0.25984287,-0.28328523,-0.07541734,-0.1971296,-0.16634926,-0.04549934,-0.17215109,-0.17262349,-0.008770133,-0.12435186,-0.29155296,-0.041049574,-0.16818273,-0.29462007,-0.07582439,-0.13678658,-0.20497456,-0.055668306,-0.11579585,-0.2071755,-0.030523201
-0.09366733,0.029099286,-0.04089264,-0.24293494,-0.021817267,-0.050623655,-0.34795517,-0.08444539,-0.06368109,-0.40776014,-0.15879637,-0.06385393,-0.29249784,-0.15630934,0.014870351,-0.37638906,-0.19718537,-0.049482923,-0.31438684,-0.110037684,-0.07453879,-0.2762299,-0.08523086,-0.08027056,-0.24686214,-0.21931177,0.008981159,-0.31038266,-0.24243715,-0.05318438,-0.24017096,-0.12168899,-0.05415326,-0.21961921,-0.1318981,-0.036883596,-0.18204904,-0.26609758,-0.012903129,-0.24435967,-0.31069663,-0.07678865,-0.1893807,-0.18350899,-0.049412094,-0.16742003,-0.18384236,-0.013335693,-0.108860135,-0.29883218,-0.040326994,-0.15124702,-0.3109134,-0.07702884,-0.12552679,-0.21590453,-0.058515742,-0.10620934,-0.21152884,-0.033586953
-0.093973875,0.025263667,-0.041090664,-0.24240854,-0.043008506,-0.049314823,-0.34537745,-0.121575564,-0.060384385,-0.40451917,-0.19934362,-0.057664152,-0.28722358,-0.17746943,0.016855733,-0.36263704,-0.22754568,-0.046665274,-0.29585317,-0.13361952,-0.06907263,-0.2606144,-0.10575506,-0.07286382,-0.23789296,-0.23889378,0.012034567,-0.29470882,-0.2636665,-0.04786397,-0.22381908,-0.13744885,-0.045473807,-0.20765442,-0.14890617,-0.02636491,-0.1698404,-0.28138635,-0.0089909835,-0.22764483,-0.32526493,-0.072312936,-0.1700415,-0.19076934,-0.04151702,-0.15001225,-0.18986893,-0.0035764612,-0.095653415,-0.3082737,-0.035690214,-0.13196987,-0.31306344,-0.07259746,-0.10431117,-0.21124166,-0.05321312,-0.086548805,-0.20617387,-0.027807966
-0.093973875,0.025263667,-0.041090664,-0.24240854,-0.043008506,-0.049314823,-0.34537745,-0.121575564,-0.060384385,-0.40451917,-0.19934362,-0.057664152,-0.28722358,-0.17746943,0.016855733,-0.36263704,-0.22754568,-0.046665274,-0.29585317,-0.13361952,-0.06907263,-0.2606144,-0.10575506,-0.07286382,-0.23789296,-0.23889378,0.012034567,-0.29470882,-0.2636665,-0.04786397,-0.22381908,-0.13744885,-0.045473807,-0.20765442,-0.14890617,-0.02636491,-0.1698404,-0.28138635,-0.0089909835,-0.22764483,-0.32526493,-0.072312936,-0.1700415,-0.19076934,-0.04151702,-0.15001225,-0.18986893,-0.0035764612,-0.095653415,-0.3082737,-0.035690214,-0.13196987,-0.31306344,-0.07259746,-0.10431117,-0.21124166,-0.05321312,-0.086548805,-0.20617387,-0.027807966
-0.09537083,0.00067299604,-0.04876437,-0.23041236,-0.1070289,-0.059055805,-0.3176955,-0.21670023,-0.069720566,-0.3533272,-0.3146708,-0.06616806,-0.24847454,-0.25169683,0.010488649,-0.2962964,-0.32265246,-0.046376854,-0.24531874,-0.21608993,-0.061637886,-0.22231293,-0.19244489,-0.0627551,-0.1858421,-0.2938933,0.010339702,-0.22555381,-0.34780777,-0.04524624,-0.17750722,-0.19997978,-0.036922567,-0.17062348,-0.2114898,-0.014065266,-0.112895966,-0.3134101,-0.006144086,-0.14552516,-0.37489823,-0.06736626,-0.11382949,-0.22737631,-0.035241,-0.103069484,-0.2240431,0.0031078232,-0.03646308,-0.31807038,-0.02884328,-0.059019804,-0.3375203,-0.06385738,-0.049624264,-0.23224226,-0.04512345,-0.04063177,-0.22160494,-0.02099979
-0.09221268,0.0027269125,-0.048039638,-0.21895415,-0.10711175,-0.061408088,-0.29897526,-0.21831948,-0.07500541,-0.32981533,-0.3171996,-0.075628884,-0.23058334,-0.25865585,0.0035081413,-0.2748891,-0.33624622,-0.056074347,-0.2332097,-0.22899681,-0.0741475,-0.2084536,-0.19255808,-0.076052874,-0.16637391,-0.2963733,0.002999201,-0.20430106,-0.35295182,-0.054415952,-0.1636905,-0.20172882,-0.048521537,-0.15269691,-0.20595193,-0.02688957,-0.093113005,-0.31069672,-0.01290319,-0.12348586,-0.37302178,-0.075857535,-0.09836811,-0.22187743,-0.045130353,-0.087050974,-0.21185079,-0.007032694,-0.017636001,-0.3103321,-0.03441645,-0.03992176,-0.3333214,-0.07107143,-0.035196304,-0.22552809,-0.051890966,-0.027240217,-0.20931149,-0.026829256
-0.09058714,-0.004163325,-0.0479085,-0.21284997,-0.12260121,-0.0610629,-0.28673908,-0.2374349,-0.073841274,-0.3143677,-0.3389974,-0.07403653,-0.21867597,-0.27316338,-5.831868e-05,-0.26112688,-0.3522112,-0.061338764,-0.2263326,-0.24895903,-0.08215856,-0.2009067,-0.19986323,-0.08511751,-0.1527878,-0.30785546,-0.00047796528,-0.18652734,-0.36243203,-0.05929062,-0.15022558,-0.21467221,-0.05599141,-0.13765985,-0.20682058,-0.03613007,-0.07870072,-0.3175985,-0.015971392,-0.10466498,-0.37754756,-0.07944009,-0.08310062,-0.2327103,-0.05158835,-0.07323569,-0.21458575,-0.015558771,-0.0023337603,-0.31153682,-0.036936745,-0.019867778,-0.33415005,-0.075517595,-0.018206477,-0.22772706,-0.05834812,-0.0145744085,-0.20558286,-0.034421682
-0.0859403,-0.013996899,-0.052521285,-0.1983259,-0.137411,-0.071672335,-0.26506293,-0.24811164,-0.09052451,-0.2847173,-0.35539442,-0.09684273,-0.1866394,-0.30974934,-0.008783074,-0.23585773,-0.37725204,-0.07723873,-0.21287304,-0.26231486,-0.1035553,-0.18655491,-0.20885581,-0.11040118,-0.120712996,-0.3371133,-0.009114699,-0.15698445,-0.36581987,-0.07556312,-0.13064057,-0.21143901,-0.07562802,-0.114664674,-0.20942819,-0.0582962,-0.047407508,-0.3355518,-0.025276015,-0.0730896,-0.35816494,-0.09448317,-0.062628984,-0.21174961,-0.067757756,-0.05287856,-0.20687032,-0.03249781,0.027144313,-0.31866333,-0.047489315,0.0060716867,-0.31498408,-0.087760285,-0.0026597977,-0.20917362,-0.071474165,-0.0011539459,-0.19740993,-0.04860537
-0.088748574,-0.019711912,-0.05218413,-0.2001017,-0.1388542,-0.07416733,-0.26940948,-0.23808324,-0.09628575,-0.28886837,-0.34193775,-0.10571882,-0.18288493,-0.3315435,-0.011390842,-0.23757476,-0.3793657,-0.082778774,-0.21691203,-0.2610737,-0.112612136,-0.18948743,-0.20820007,-0.12173635,-0.11667842,-0.35656062,-0.012806399,-0.1565086,-0.35958472,-0.08101042,-0.1307829,-0.20477104,-0.08223058,-0.11333752,-0.20692945,-0.06588024,-0.04305625,-0.34949505,-0.029947784,-0.07118839,-0.34437442,-0.09939431,-0.061510324,-0.20104527,-0.072963156,-0.050911307,-0.20231947,-0.038207524,0.029481411,-0.32418963,-0.053406853,0.009155154,-0.3001397,-0.09319909,-0.0012885332,-0.19726786,-0.07745562,0.00018119812,-0.19152686,-0.05498463
-0.092633605,-0.024692774,-0.05658571,-0.20369217,-0.14678156,-0.08017646,-0.26788044,-0.25638565,-0.10142543,-0.284856,-0.36571062,-0.11036697,-0.17947379,-0.3641237,-0.02432783,-0.24135172,-0.3758928,-0.09494801,-0.22256994,-0.25760993,-0.12678245,-0.19500446,-0.203098,-0.13842578,-0.111129045,-0.3905013,-0.024145119,-0.1564964,-0.343636,-0.09186034,-0.13579625,-0.19936994,-0.0982669,-0.11905062,-0.19856519,-0.08744886,-0.036752045,-0.37385103,-0.038506184,-0.067524254,-0.31407303,-0.10901984,-0.06261277,-0.1831913,-0.090116285,-0.05463338,-0.18860912,-0.061497673,0.034187794,-0.33725303,-0.059269987,0.011734068,-0.26982522,-0.102326445,-0.00035846233,-0.17464161,-0.092340365,-0.001110673,-0.1761722,-0.07387205
-0.096546054,-0.014734089,-0.057692707,-0.20875132,-0.13259542,-0.081245765,-0.2772897,-0.2378918,-0.102592856,-0.2959094,-0.34725708,-0.11120108,-0.18679816,-0.34985083,-0.022843849,-0.25709876,-0.36620533,-0.0962754,-0.237943,-0.24960586,-0.13096724,-0.20706123,-0.19561705,-0.14433107,-0.11782259,-0.38299072,-0.02162758,-0.16979176,-0.31899953,-0.0933626,-0.14444908,-0.18362904,-0.10316609,-0.12065637,-0.18640566,-0.093714364,-0.043690503,-0.3705504,-0.035466973,-0.0807156,-0.28029528,-0.10693964,-0.06847757,-0.161978,-0.09080673,-0.053679883,-0.1799612,-0.063784346,0.026666164,-0.33787462,-0.05607653,-0.005990267,-0.24655813,-0.09737298,-0.013314366,-0.1568659,-0.08893188,-0.009332359,-0.16843826,-0.072014906
-0.096546054,-0.014734089,-0.057692707,-0.20875132,-0.13259542,-0.081245765,-0.2772897,-0.2378918,-0.102592856,-0.2959094,-0.34725708,-0.11120108,-0.18679816,-0.34985083,-0.022843849,-0.25709876,-0.36620533,-0.0962754,-0.237943,-0.24960586,-0.13096724,-0.20706123,-0.19561705,-0.14433107,-0.11782259,-0.38299072,-0.02162758,-0.16979176,-0.31899953,-0.0933626,-0.14444908,-0.18362904,-0.10316609,-0.12065637,-0.18640566,-0.093714364,-0.043690503,-0.3705504,-0.035466973,-0.0807156,-0.28029528,-0.10693964,-0.06847757,-0.161978,-0.09080673,-0.053679883,-0.1799612,-0.063784346,0.026666164,-0.33787462,-0.05607653,-0.005990267,-0.24655813,-0.09737298,-0.013314366,-0.1568659,-0.08893188,-0.009332359,-0.16843826,-0.072014906
-0.105506,-0.02215153,-0.05757065,-0.21289665,-0.13706994,-0.08238624,-0.27571154,-0.24000919,-0.10401963,-0.2924291,-0.34951863,-0.113531895,-0.18472558,-0.35512802,-0.032247167,-0.2550806,-0.33685187,-0.10148866,-0.23127094,-0.22431564,-0.13437985,-0.20169199,-0.18658638,-0.14778274,-0.1127826,-0.38551283,-0.030070538,-0.16544178,-0.28184003,-0.09497048,-0.14076936,-0.16225064,-0.10361308,-0.11844951,-0.1740796,-0.09695539,-0.036358714,-0.36570844,-0.041294925,-0.077049315,-0.24904716,-0.10579147,-0.06625718,-0.1466285,-0.090707324,-0.05075711,-0.1690805,-0.067370735,0.033249736,-0.32419226,-0.059386473,0.001796782,-0.21704468,-0.09785273,-0.0066581964,-0.13725847,-0.09091208,-0.0008750558,-0.147798,-0.07599665
-0.11761576,-0.026916087,-0.055532724,-0.22380543,-0.12553334,-0.084469594,-0.28316724,-0.21455574,-0.108809374,-0.2947814,-0.31388858,-0.122688554,-0.1750421,-0.359599,-0.04097992,-0.25089747,-0.27300042,-0.10552592,-0.22443506,-0.16021189,-0.14241633,-0.19193906,-0.13329983,-0.1602143,-0.098962784,-0.37476537,-0.039273217,-0.17171279,-0.23582244,-0.09097162,-0.14710018,-0.13023359,-0.09811295,-0.11988592,-0.13959122,-0.09599462,-0.024168253,-0.34328723,-0.048807446,-0.0904094,-0.19583714,-0.100731045,-0.07651955,-0.11086029,-0.08513819,-0.052946568,-0.13174647,-0.06621015,0.041113555,-0.2915819,-0.06520887,-0.014394462,-0.16968024,-0.0957455,-0.0154316425,-0.105578244,-0.08540582,0.002103746,-0.115297616,-0.07035639
-0.121509075,-0.033832014,-0.056612153,-0.22381318,-0.12574768,-0.08834886,-0.28162748,-0.20876163,-0.11536401,-0.2950779,-0.30494857,-0.13285042,-0.17352906,-0.3641297,-0.04607719,-0.24771714,-0.26323012,-0.10878503,-0.22323948,-0.15512717,-0.14602797,-0.19081056,-0.13193023,-0.1647206,-0.09403741,-0.3744382,-0.04398667,-0.16499412,-0.22210258,-0.09213972,-0.14438698,-0.12621105,-0.100123435,-0.11965525,-0.13901281,-0.100332096,-0.018099606,-0.33863953,-0.05230898,-0.086007774,-0.18346465,-0.101220004,-0.07353413,-0.10738677,-0.08664527,-0.05093372,-0.12804216,-0.069619514,0.045000494,-0.28243497,-0.06746013,-0.011957824,-0.1557281,-0.09707515,-0.011440158,-0.0997349,-0.086596236,0.008036733,-0.11173928,-0.07165494
-0.121299684,-0.025617301,-0.054769434,-0.22512305,-0.105911255,-0.08600577,-0.2826208,-0.1814239,-0.11212017,-0.2915701,-0.271702,-0.12917282,-0.18317023,-0.3431559,-0.047626715,-0.24474782,-0.21933806,-0.107750356,-0.21113008,-0.121472985,-0.14354528,-0.17929131,-0.111937284,-0.1622745,-0.105838835,-0.35739517,-0.04587071,-0.16784373,-0.1909461,-0.09334941,-0.13767117,-0.101840556,-0.10061748,-0.11312497,-0.11723378,-0.10079587,-0.02919513,-0.32811743,-0.053778857,-0.088125646,-0.16176283,-0.101285644,-0.070163906,-0.09110761,-0.0864474,-0.050118446,-0.112707675,-0.06963823,0.037728667,-0.28000402,-0.06831351,-0.014403939,-0.15044275,-0.09626324,-0.010804236,-0.09508604,-0.0854256,0.006503582,-0.10672915,-0.07083763
-0.124216646,-0.021780789,-0.060170233,-0.22751659,-0.097385645,-0.09379246,-0.28376135,-0.16957402,-0.12052043,-0.28994283,-0.25393796,-0.13753402,-0.18231732,-0.33538422,-0.05792992,-0.24367845,-0.18894902,-0.119143955,-0.2062136,-0.09911668,-0.15392485,-0.17614746,-0.10631031,-0.17287579,-0.099654615,-0.34714907,-0.054737363,-0.1638569,-0.16167837,-0.1047249,-0.13036147,-0.07745701,-0.11029792,-0.1068393,-0.10466689,-0.1089095,-0.020178258,-0.3115521,-0.06129839,-0.08024138,-0.1350038,-0.11232642,-0.06317234,-0.06840378,-0.09577067,-0.045163155,-0.09601888,-0.076789275,0.04768133,-0.2564822,-0.07477596,-1.0967255e-05,-0.11726391,-0.10857956,0.0032624006,-0.06855959,-0.10014107,0.019165456,-0.08851707,-0.085819274
-0.11864817,-0.0146404505,-0.06317059,-0.2206977,-0.072039366,-0.1000946,-0.27987295,-0.12778807,-0.12924463,-0.28263265,-0.21045592,-0.14832836,-0.18010047,-0.31528008,-0.064464636,-0.23152664,-0.1535582,-0.12546846,-0.19490394,-0.07114905,-0.15885831,-0.16879994,-0.08954412,-0.17757733,-0.096919596,-0.32831174,-0.060735397,-0.15539175,-0.12971407,-0.1128119,-0.120925695,-0.05135852,-0.118301496,-0.10087764,-0.085860044,-0.11640996,-0.016898394,-0.2954305,-0.06653469,-0.070376396,-0.10502982,-0.11965488,-0.05011332,-0.04553455,-0.102263525,-0.03411424,-0.07865268,-0.08200409,0.05123073,-0.24278343,-0.07947139,0.009705663,-0.09516069,-0.11602031,0.014364719,-0.049606025,-0.10815527,0.02738744,-0.0737482,-0.093535565
-0.11547798,-0.008151114,-0.065602176,-0.21803182,-0.06414932,-0.10340793,-0.27554786,-0.11779994,-0.13225512,-0.28110695,-0.19726416,-0.15002863,-0.18167931,-0.29645392,-0.073388726,-0.22854024,-0.1331405,-0.13472192,-0.18979412,-0.04780984,-0.16309297,-0.16385472,-0.065608114,-0.17833401,-0.098816395,-0.3114963,-0.06929544,-0.15290207,-0.11430788,-0.12385727,-0.11829278,-0.030113697,-0.1265574,-0.10132885,-0.065054,-0.12237233,-0.01808548,-0.28180563,-0.07453233,-0.066064835,-0.09050363,-0.12985589,-0.044584513,-0.025323093,-0.108805254,-0.030559003,-0.0601117,-0.08602183,0.050746024,-0.23241812,-0.087034285,0.012989521,-0.08484632,-0.12428983,0.017256439,-0.034442008,-0.11458805,0.0266639,-0.05962205,-0.09890975
-0.11026314,-0.005406618,-0.06320805,-0.21146357,-0.057798922,-0.099196754,-0.26793346,-0.10887018,-0.12666678,-0.27824116,-0.18703896,-0.1433665,-0.17813855,-0.2872496,-0.069852345,-0.22155595,-0.12516823,-0.12802984,-0.18654323,-0.042143345,-0.15543382,-0.16155699,-0.057876647,-0.17017633,-0.0963009,-0.30201745,-0.0660954,-0.14588994,-0.103263974,-0.11791624,-0.11447993,-0.023168802,-0.121722616,-0.097386,-0.05799198,-0.118825994,-0.016674995,-0.27305692,-0.07123316,-0.06287527,-0.08204496,-0.12369769,-0.04269719,-0.019635916,-0.10515568,-0.028400362,-0.05325985,-0.08471094,0.051620185,-0.22482327,-0.083380066,0.014991283,-0.07856363,-0.11907437,0.016911566,-0.028376997,-0.11063764,0.025023818,-0.051158905,-0.09618395
-0.11026314,-0.005406618,-0.06320805,-0.21146357,-0.057798922,-0.099196754,-0.26793346,-0.10887018,-0.12666678,-0.27824116,-0.18703896,-0.1433665,-0.17813855,-0.2872496,-0.069852345,-0.22155595,-0.12516823,-0.12802984,-0.18654323,-0.042143345,-0.15543382,-0.16155699,-0.057876647,-0.17017633,-0.0963009,-0.30201745,-0.0660954,-0.14588994,-0.103263974,-0.11791624,-0.11447993,-0.023168802,-0.121722616,-0.097386,-0.05799198,-0.118825994,-0.016674995,-0.27305692,-0.07123316,-0.06287527,-0.08204496,-0.12369769,-0.04269719,-0.019635916,-0.10515568,-0.028400362,-0.05325985,-0.08471094,0.051620185,-0.22482327,-0.083380066,0.014991283,-0.07856363,-0.11907437,0.016911566,-0.028376997,-0.11063764,0.025023818,-0.051158905,-0.09618395
-0.11341417,0.0013962984,-0.065876216,-0.21679848,-0.044074,-0.1040896,-0.2751786,-0.09239757,-0.13307868,-0.2842191,-0.17087877,-0.15146859,-0.18593538,-0.28010327,-0.07244918,-0.22676408,-0.11147794,-0.1313448,-0.1921564,-0.034810305,-0.16146278,-0.16914412,-0.059682965,-0.17860886,-0.10268921,-0.29432163,-0.06777341,-0.15330184,-0.09248757,-0.118826866,-0.12038866,-0.018662572,-0.12332542,-0.1014505,-0.058040768,-0.12142827,-0.02287811,-0.2646258,-0.072305,-0.070655644,-0.06884527,-0.12410177,-0.048870802,-0.011723042,-0.10625867,-0.031796634,-0.04779908,-0.08643261,0.044526935,-0.21571147,-0.08414263,0.004927993,-0.068154514,-0.120354734,0.00861007,-0.022666931,-0.11292687,0.019426525,-0.046925962,-0.099136546
-0.11367735,-0.010577738,-0.061235234,-0.21191183,-0.06650168,-0.096783295,-0.26733643,-0.12240535,-0.12438624,-0.2750218,-0.20100945,-0.14151052,-0.17475939,-0.29594335,-0.069420226,-0.22010899,-0.1368342,-0.12920335,-0.18477917,-0.048196584,-0.15750456,-0.15984085,-0.058718354,-0.17233983,-0.091897786,-0.30840564,-0.06713277,-0.14453816,-0.11400682,-0.11887797,-0.11267236,-0.028568387,-0.12171107,-0.09465921,-0.05974686,-0.11805407,-0.0112912655,-0.27628615,-0.07369085,-0.06095612,-0.09109753,-0.12689537,-0.04308492,-0.025562048,-0.107004374,-0.029084086,-0.056618094,-0.08515078,0.057275116,-0.22404286,-0.08702345,0.018701375,-0.08268556,-0.12319628,0.019343138,-0.033863187,-0.11343312,0.02807039,-0.055641353,-0.09752471
-0.11718297,-0.020786464,-0.057597887,-0.21891028,-0.09000105,-0.09050368,-0.27416116,-0.15673283,-0.11647288,-0.27927667,-0.2405948,-0.1326258,-0.17812946,-0.31946498,-0.05822022,-0.23020816,-0.17270923,-0.11577041,-0.19701034,-0.08605015,-0.14657183,-0.1708458,-0.09338236,-0.1630667,-0.09820211,-0.33266884,-0.05533966,-0.15395686,-0.14567542,-0.1036496,-0.123167604,-0.06419748,-0.10767143,-0.10239327,-0.09168142,-0.105021894,-0.01985681,-0.30111656,-0.061455637,-0.0712986,-0.124264896,-0.111061074,-0.055913746,-0.060520887,-0.09391083,-0.04110527,-0.08849785,-0.07445322,0.04787612,-0.2504722,-0.07414495,0.007496655,-0.11283475,-0.10767759,0.008712709,-0.06429285,-0.09936178,0.02084136,-0.0832386,-0.084909335
-0.11718297,-0.020786464,-0.057597887,-0.21891028,-0.09000105,-0.09050368,-0.27416116,-0.15673283,-0.11647288,-0.27927667,-0.2405948,-0.1326258,-0.17812946,-0.31946498,-0.05822022,-0.23020816,-0.17270923,-0.11577041,-0.19701034,-0.08605015,-0.14657183,-0.1708458,-0.09338236,-0.1630667,-0.09820211,-0.33266884,-0.05533966,-0.15395686,-0.14567542,-0.1036496,-0.123167604,-0.06419748,-0.10767143,-0.10239327,-0.09168142,-0.105021894,-0.01985681,-0.30111656,-0.061455637,-0.0712986,-0.124264896,-0.111061074,-0.055913746,-0.060520887,-0.09391083,-0.04110527,-0.08849785,-0.07445322,0.04787612,-0.2504722,-0.07414495,0.007496655,-0.11283475,-0.10767759,0.008712709,-0.06429285,-0.09936178,0.02084136,-0.0832386,-0.084909335
-0.10075152,-0.018504083,-0.05413107,-0.20661646,-0.12184772,-0.07786334,-0.26543808,-0.2196661,-0.09746182,-0.2818047,-0.32495898,-0.1053544,-0.18017802,-0.3399871,-0.030565325,-0.2413092,-0.2915564,-0.09353539,-0.214744,-0.18599987,-0.12354909,-0.18498969,-0.15113205,-0.13517426,-0.11250067,-0.36577767,-0.028356757,-0.16090372,-0.2549597,-0.08678559,-0.13524711,-0.14334258,-0.09528763,-0.11293149,-0.14692658,-0.08997551,-0.039639592,-0.34666982,-0.038142096,-0.07950789,-0.22868246,-0.09817307,-0.065981746,-0.1312986,-0.08468034,-0.047888994,-0.14508387,-0.06307653,0.029990315,-0.30848163,-0.05412095,-0.0064537525,-0.2102612,-0.089659944,-0.011012614,-0.13042817,-0.081664376,-0.0005288124,-0.13208753,-0.06621322
-0.08837545,-0.018829167,-0.051919598,-0.19356883,-0.13018996,-0.073186584,-0.25477594,-0.230088,-0.09222446,-0.27012157,-0.3352829,-0.09951644,-0.16672918,-0.34268552,-0.01698884,-0.23025116,-0.33143872,-0.08185214,-0.2128998,-0.22377858,-0.11256044,-0.18525434,-0.17689422,-0.1238307,-0.09966397,-0.3669398,-0.016200427,-0.15383577,-0.2938396,-0.076830655,-0.13173193,-0.1680702,-0.082847275,-0.10809648,-0.16535598,-0.0728149,-0.027833045,-0.3487208,-0.029171485,-0.07080972,-0.26037294,-0.09130098,-0.059132457,-0.15188825,-0.07451726,-0.040056765,-0.16121554,-0.04850378,0.04120934,-0.31040713,-0.048425343,0.0052948,-0.22572091,-0.085863896,-0.00010842085,-0.14472073,-0.07744816,0.009904802,-0.14741987,-0.060577914
-0.08837545,-0.018829167,-0.051919598,-0.19356883,-0.13018996,-0.073186584,-0.25477594,-0.230088,-0.09222446,-0.27012157,-0.3352829,-0.09951644,-0.16672918,-0.34268552,-0.01698884,-0.23025116,-0.33143872,-0.08185214,-0.2128998,-0.22377858,-0.11256044,-0.18525434,-0.17689422,-0.1238307,-0.09966397,-0.3669398,-0.016200427,-0.15383577,-0.2938396,-0.076830655,-0.13173193,-0.1680702,-0.082847275,-0.10809648,-0.16535598,-0.0728149,-0.027833045,-0.3487208,-0.029171485,-0.07080972,-0.26037294,-0.09130098,-0.059132457,-0.15188825,-0.07451726,-0.040056765,-0.16121554,-0.04850378,0.04120934,-0.31040713,-0.048425343,0.0052948,-0.22572091,-0.085863896,-0.00010842085,-0.14472073,-0.07744816,0.009904802,-0.14741987,-0.060577914
-0.09120357,-0.024346411,-0.046759073,-0.19540045,-0.14704189,-0.06413412,-0.2585742,-0.25271755,-0.08048642,-0.27297354,-0.3581232,-0.08444387,-0.16030625,-0.3512267,-0.006705566,-0.22902113,-0.34771627,-0.069366366,-0.21091172,-0.24022442,-0.09758966,-0.1845237,-0.19505975,-0.10775274,-0.09759003,-0.372878,-0.0075714043,-0.16082665,-0.31875977,-0.066225626,-0.13498634,-0.18601924,-0.068725154,-0.109425426,-0.18247604,-0.056826893,-0.029144943,-0.35696653,-0.022472592,-0.08155066,-0.29413593,-0.08329013,-0.06689644,-0.17395228,-0.060280807,-0.045034945,-0.17880893,-0.030681364,0.037347794,-0.31959695,-0.043609127,-0.0027551055,-0.24784118,-0.08051092,-0.0067861676,-0.16253126,-0.06957112,0.006517887,-0.16634756,-0.051553328
-0.08533406,-0.027614772,-0.042053275,-0.19027248,-0.16371113,-0.055672918,-0.25006062,-0.27839145,-0.070623435,-0.26306322,-0.38548785,-0.073899925,-0.16122499,-0.32863256,0.0019897781,-0.2143353,-0.39136887,-0.059660636,-0.20625249,-0.285838,-0.08304034,-0.1859729,-0.23043394,-0.08829663,-0.09931737,-0.34531483,-0.0005298713,-0.15137726,-0.3706968,-0.059335265,-0.13454327,-0.22749627,-0.05705996,-0.11139554,-0.21660718,-0.03903984,-0.02996105,-0.33816934,-0.017646002,-0.074139416,-0.36259532,-0.080360584,-0.0677104,-0.22629252,-0.05399793,-0.04906559,-0.21286231,-0.019522449,0.042825937,-0.31638336,-0.040031374,0.009906709,-0.31665823,-0.07760469,-0.0027570128,-0.21946684,-0.06255755,0.0052685738,-0.20290008,-0.040611766
-0.08320254,-0.022101998,-0.043251034,-0.18580839,-0.16183639,-0.057150986,-0.24103016,-0.28849894,-0.07218294,-0.25649995,-0.39589852,-0.07449304,-0.16583246,-0.31778774,0.002341697,-0.20756346,-0.39042586,-0.059948828,-0.19507551,-0.28442085,-0.08057283,-0.17591447,-0.22933793,-0.08291764,-0.102977574,-0.33319902,0.0004558234,-0.14633316,-0.37501842,-0.05682439,-0.12944472,-0.23002112,-0.050828747,-0.11190632,-0.22475892,-0.029632095,-0.033057272,-0.32737875,-0.016526638,-0.0690676,-0.37237123,-0.07834438,-0.063569665,-0.23202965,-0.047835678,-0.048817515,-0.21502775,-0.010136851,0.04037273,-0.30799982,-0.039080303,0.014146805,-0.3229947,-0.07683998,0.0020079613,-0.2242279,-0.059950434,0.007745385,-0.20399457,-0.036048118
-0.08320254,-0.022101998,-0.043251034,-0.18580839,-0.16183639,-0.057150986,-0.24103016,-0.28849894,-0.07218294,-0.25649995,-0.39589852,-0.07449304,-0.16583246,-0.31778774,0.002341697,-0.20756346,-0.39042586,-0.059948828,-0.19507551,-0.28442085,-0.08057283,-0.17591447,-0.22933793,-0.08291764,-0.102977574,-0.33319902,0.0004558234,-0.14633316,-0.37501842,-0.05682439,-0.12944472,-0.23002112,-0.050828747,-0.11190632,-0.22475892,-0.029632095,-0.033057272,-0.32737875,-0.016526638,-0.0690676,-0.37237123,-0.07834438,-0.063569665,-0.23202965,-0.047835678,-0.048817515,-0.21502775,-0.010136851,0.04037273,-0.30799982,-0.039080303,0.014146805,-0.3229947,-0.07683998,0.0020079613,-0.2242279,-0.059950434,0.007745385,-0.20399457,-0.036048118
-0.08115041,-0.024410188,-0.042693045,-0.18348658,-0.17208266,-0.05413283,-0.23857173,-0.30278704,-0.06695467,-0.25300908,-0.40790793,-0.066364236,-0.16852471,-0.32485488,0.0059331274,-0.20936292,-0.3963558,-0.054448057,-0.19053861,-0.28830856,-0.071032934,-0.17123216,-0.24806762,-0.07093389,-0.10455197,-0.3408634,0.0033836944,-0.14740518,-0.38773727,-0.05154989,-0.12900597,-0.23830512,-0.040605053,-0.1123485,-0.24730635,-0.015632346,-0.033201277,-0.33596635,-0.014784572,-0.07018697,-0.3844751,-0.07439631,-0.06438291,-0.24239099,-0.039173834,-0.0471766,-0.23825714,0.0014354873,0.040009618,-0.31709683,-0.038936116,0.009679437,-0.33374536,-0.07328737,0.0002733469,-0.23658305,-0.052935712,0.012671232,-0.2258671,-0.027009618
-0.08335602,-0.032735586,-0.0372376,-0.17675301,-0.18319106,-0.044392362,-0.22514611,-0.30494022,-0.05304271,-0.23139563,-0.39741802,-0.050084345,-0.1622476,-0.32514864,0.008034926,-0.19886392,-0.42035764,-0.045848172,-0.18454883,-0.31504607,-0.06328536,-0.16861778,-0.27203813,-0.06514817,-0.097591996,-0.33936387,0.0035453911,-0.13407663,-0.4123882,-0.047183182,-0.1256733,-0.26979434,-0.04419979,-0.11167079,-0.26642156,-0.025625907,-0.026566565,-0.33274603,-0.014364794,-0.057707667,-0.41330117,-0.06892786,-0.059833407,-0.27336925,-0.04246531,-0.046512842,-0.25733876,-0.008959278,0.045702577,-0.31195915,-0.036916763,0.015397906,-0.3452373,-0.067461774,0.0055053234,-0.24997842,-0.048124094,0.019088209,-0.23440632,-0.02391553
-0.08695614,-0.040534258,-0.03343877,-0.17506245,-0.1964221,-0.03854817,-0.21650743,-0.32352388,-0.045770805,-0.2169221,-0.416096,-0.041592043,-0.15976453,-0.33380866,0.013967575,-0.18703568,-0.43557012,-0.036144935,-0.17146409,-0.32344726,-0.05233044,-0.1561389,-0.2821542,-0.054757483,-0.09438741,-0.34705177,0.007589284,-0.12428838,-0.43204355,-0.040156174,-0.117973626,-0.28526545,-0.03755261,-0.1039384,-0.27932015,-0.019985849,-0.02359438,-0.33885986,-0.011808628,-0.050419867,-0.43284786,-0.064334914,-0.0555197,-0.2893644,-0.039363872,-0.04227811,-0.2706072,-0.0075665624,0.048826456,-0.31635955,-0.035441365,0.02112174,-0.3553591,-0.065806985,0.008782268,-0.2551826,-0.04751934,0.020756245,-0.23514014,-0.024503302
-0.085026085,-0.03422761,-0.03244834,-0.16652739,-0.19434905,-0.037161358,-0.20237514,-0.32355195,-0.04445847,-0.20972005,-0.41298628,-0.041535787,-0.14334565,-0.33528233,0.013108007,-0.17296618,-0.44162017,-0.03929845,-0.1686781,-0.3501346,-0.057334673,-0.15607533,-0.30121133,-0.059249166,-0.08089274,-0.3459775,0.006787672,-0.112492144,-0.4281152,-0.040638883,-0.11272597,-0.28799552,-0.036752526,-0.10057634,-0.27694735,-0.018178029,-0.012055516,-0.33526066,-0.01276983,-0.039913893,-0.42949122,-0.06618842,-0.04904133,-0.2908074,-0.03987654,-0.038082063,-0.26600146,-0.0072113713,0.057409406,-0.30879715,-0.036575314,0.030544162,-0.3510308,-0.06991642,0.016011596,-0.2510543,-0.051631052,0.026513517,-0.22651798,-0.028088842
-0.085026085,-0.03422761,-0.03244834,-0.16652739,-0.19434905,-0.037161358,-0.20237514,-0.32355195,-0.04445847,-0.20972005,-0.41298628,-0.041535787,-0.14334565,-0.33528233,0.013108007,-0.17296618,-0.44162017,-0.03929845,-0.1686781,-0.3501346,-0.057334673,-0.15607533,-0.30121133,-0.059249166,-0.08089274,-0.3459775,0.006787672,-0.112492144,-0.4281152,-0.040638883,-0.11272597,-0.28799552,-0.036752526,-0.10057634,-0.27694735,-0.018178029,-0.012055516,-0.33526066,-0.01276983,-0.039913893,-0.42949122,-0.06618842,-0.04904133,-0.2908074,-0.03987654,-0.038082063,-0.26600146,-0.0072113713,0.057409406,-0.30879715,-0.036575314,0.030544162,-0.3510308,-0.06991642,0.016011596,-0.2510543,-0.051631052,0.026513517,-0.22651798,-0.028088842
-0.08187896,-0.06586838,-0.03785359,-0.13137951,-0.24872017,-0.04643429,-0.13690835,-0.39655393,-0.055826027,-0.120370984,-0.49484444,-0.05380452,-0.09145427,-0.38391098,0.0061499407,-0.10018045,-0.4956422,-0.050834704,-0.10452312,-0.38474268,-0.07412291,-0.09818375,-0.33701047,-0.080983065,-0.025622487,-0.3746894,-0.00023590332,-0.039857864,-0.47121358,-0.05309985,-0.05862671,-0.33471373,-0.056145947,-0.048728406,-0.31592596,-0.043573007,0.040886164,-0.34053773,-0.02005338,0.03427291,-0.44438103,-0.07674093,0.004146874,-0.31353688,-0.05466649,0.009793639,-0.28568694,-0.025418114,0.10620558,-0.29125172,-0.044434287,0.087919354,-0.34254858,-0.076970175,0.060516834,-0.25336465,-0.059688676,0.06798518,-0.23091727,-0.03795131
-0.083340585,-0.079334736,-0.03550573,-0.12354475,-0.2697186,-0.043106057,-0.1257278,-0.41350543,-0.052930143,-0.11343706,-0.5084339,-0.050778285,-0.075470865,-0.39941576,0.0049798023,-0.08837879,-0.52390754,-0.053789087,-0.10324818,-0.40721262,-0.07727079,-0.09724319,-0.35863796,-0.084594324,-0.011911511,-0.38692138,-0.003835265,-0.032035947,-0.48983437,-0.0616643,-0.061229527,-0.35052982,-0.06558272,-0.04839444,-0.33196652,-0.053053636,0.052591324,-0.34850127,-0.02573667,0.041844368,-0.4557913,-0.08412889,0.0024698377,-0.32270056,-0.059589934,0.009571135,-0.2951923,-0.028883459,0.11537343,-0.29466918,-0.052514683,0.09322739,-0.3430483,-0.08546002,0.057934284,-0.25668463,-0.06771217,0.0670948,-0.23675978,-0.04590923
-0.07862574,-0.1050421,-0.040452126,-0.09860486,-0.29723713,-0.049189992,-0.08539975,-0.43854702,-0.060670648,-0.06758475,-0.5370301,-0.059125595,-0.030843854,-0.4306658,0.008757643,-0.04097402,-0.5556399,-0.053897716,-0.07378912,-0.44158587,-0.07977617,-0.069509566,-0.3894912,-0.08848058,0.034303486,-0.40552926,0.0020444533,0.013001025,-0.49823466,-0.060376953,-0.03371495,-0.35919136,-0.06497183,-0.014884591,-0.33798498,-0.052631613,0.09467924,-0.35095504,-0.01930881,0.081896484,-0.4399336,-0.08061293,0.022095978,-0.30936348,-0.054471508,0.03231871,-0.2824275,-0.022552282,0.14728099,-0.28128806,-0.046839334,0.12184471,-0.3157591,-0.07834538,0.0689221,-0.24083364,-0.061039347,0.0777964,-0.2286216,-0.040311553
-0.07862574,-0.1050421,-0.040452126,-0.09860486,-0.29723713,-0.049189992,-0.08539975,-0.43854702,-0.060670648,-0.06758475,-0.5370301,-0.059125595,-0.030843854,-0.4306658,0.008757643,-0.04097402,-0.5556399,-0.053897716,-0.07378912,-0.44158587,-0.07977617,-0.069509566,-0.3894912,-0.08848058,0.034303486,-0.40552926,0.0020444533,0.013001025,-0.49823466,-0.060376953,-0.03371495,-0.35919136,-0.06497183,-0.014884591,-0.33798498,-0.052631613,0.09467924,-0.35095504,-0.01930881,0.081896484,-0.4399336,-0.08061293,0.022095978,-0.30936348,-0.054471508,0.03231871,-0.2824275,-0.022552282,0.14728099,-0.28128806,-0.046839334,0.12184471,-0.3157591,-0.07834538,0.0689221,-0.24083364,-0.061039347,0.0777964,-0.2286216,-0.040311553
-0.07967579,-0.10840422,-0.044331197,-0.09832269,-0.30415606,-0.05409895,-0.08566886,-0.45296955,-0.06633812,-0.058932662,-0.5526581,-0.06390082,-0.017726183,-0.431345,0.010542281,-0.034763813,-0.5525662,-0.05225201,-0.066845,-0.42615983,-0.07386327,-0.05887544,-0.37901166,-0.07988653,0.04697162,-0.4056073,0.0056308857,0.015604377,-0.48602787,-0.06057389,-0.02916938,-0.3412664,-0.061511125,-0.005562663,-0.32774168,-0.045407828,0.104599,-0.34906134,-0.015212805,0.08227378,-0.421426,-0.08120511,0.023512065,-0.28948367,-0.052451927,0.038443327,-0.27146035,-0.01756595,0.15311301,-0.27819547,-0.04267881,0.11690611,-0.29650676,-0.07690484,0.06469476,-0.22263515,-0.061281,0.07781613,-0.21614361,-0.04126611
-0.06911582,-0.1078949,-0.039725624,-0.0907523,-0.29274595,-0.05013131,-0.08853805,-0.431819,-0.0634228,-0.071113646,-0.5310776,-0.06478523,-0.015668035,-0.42657462,0.011007454,-0.037970483,-0.54051656,-0.04952851,-0.0678342,-0.43153632,-0.074034296,-0.06065005,-0.379132,-0.08217573,0.0464378,-0.40376118,0.004891318,0.011862338,-0.48034286,-0.05832867,-0.028525412,-0.34590697,-0.06403732,-0.011015534,-0.32024017,-0.05182626,0.103790104,-0.35095626,-0.015804555,0.07497853,-0.414374,-0.08132676,0.023805737,-0.29175222,-0.061425623,0.03339237,-0.2676255,-0.032266222,0.15333068,-0.2824267,-0.04186262,0.11027473,-0.2939418,-0.07885425,0.06231898,-0.21948963,-0.06800632,0.06846005,-0.20738882,-0.0507977
-0.07862264,-0.111982524,-0.03587341,-0.104726434,-0.29490942,-0.048450824,-0.100004315,-0.43348247,-0.064243615,-0.07517582,-0.5321162,-0.06856859,-0.009383559,-0.4304129,0.005698439,-0.05705893,-0.5188605,-0.055970836,-0.08515954,-0.4086677,-0.080475144,-0.07317603,-0.3611498,-0.08923456,0.053481936,-0.40493667,-0.004112206,-0.012670219,-0.44820607,-0.07003878,-0.046564817,-0.31049034,-0.073811255,-0.021421075,-0.29255986,-0.06044562,0.10847157,-0.34885514,-0.02783236,0.04380989,-0.36987662,-0.09506418,0.0020483136,-0.24774343,-0.07168348,0.022848547,-0.23784924,-0.040639438,0.15179479,-0.27776507,-0.056680582,0.08059752,-0.26272237,-0.09395567,0.040866613,-0.18559372,-0.08041242,0.05856651,-0.18214595,-0.061612945
-0.07862264,-0.111982524,-0.03587341,-0.104726434,-0.29490942,-0.048450824,-0.100004315,-0.43348247,-0.064243615,-0.07517582,-0.5321162,-0.06856859,-0.009383559,-0.4304129,0.005698439,-0.05705893,-0.5188605,-0.055970836,-0.08515954,-0.4086677,-0.080475144,-0.07317603,-0.3611498,-0.08923456,0.053481936,-0.40493667,-0.004112206,-0.012670219,-0.44820607,-0.07003878,-0.046564817,-0.31049034,-0.073811255,-0.021421075,-0.29255986,-0.06044562,0.10847157,-0.34885514,-0.02783236,0.04380989,-0.36987662,-0.09506418,0.0020483136,-0.24774343,-0.07168348,0.022848547,-0.23784924,-0.040639438,0.15179479,-0.27776507,-0.056680582,0.08059752,-0.26272237,-0.09395567,0.040866613,-0.18559372,-0.08041242,0.05856651,-0.18214595,-0.061612945
-0.07841331,-0.11103809,-0.035550084,-0.10556835,-0.29986256,-0.047894187,-0.101778865,-0.4438397,-0.06295258,-0.0793426,-0.54749924,-0.066347025,-0.008586347,-0.43654597,0.0018022036,-0.062350452,-0.51666796,-0.060824815,-0.08760542,-0.3977203,-0.08466785,-0.0738228,-0.34739128,-0.092500106,0.053930044,-0.40958405,-0.008265173,-0.020042479,-0.44789025,-0.07326258,-0.048909128,-0.3039714,-0.07383527,-0.019757926,-0.28613734,-0.058615573,0.10832733,-0.35100618,-0.03211612,0.038090885,-0.3708159,-0.099228024,0.0011879206,-0.24283817,-0.071806714,0.026391804,-0.23385444,-0.038151816,0.15131927,-0.277441,-0.061064795,0.07973164,-0.26136798,-0.09813727,0.04476416,-0.1827038,-0.082239896,0.06726706,-0.18175882,-0.061742418
-0.07645345,-0.07837093,-0.043418292,-0.13122144,-0.24878806,-0.061783027,-0.15339065,-0.37775338,-0.08212313,-0.14091617,-0.4821617,-0.09097168,-0.05231297,-0.40811393,-0.0073802387,-0.10025406,-0.48384702,-0.07526783,-0.12106767,-0.36531383,-0.10220213,-0.10900912,-0.30957398,-0.109886065,0.013354063,-0.39135545,-0.013806258,-0.039019465,-0.4213716,-0.08127534,-0.062803864,-0.27146095,-0.08212575,-0.03805369,-0.26407513,-0.06617051,0.07706022,-0.34651375,-0.034860406,0.03045398,-0.3743666,-0.105616905,-0.005070269,-0.23951927,-0.07738115,0.01308912,-0.23194918,-0.040942546,0.13665128,-0.2890866,-0.061044868,0.08739394,-0.3117442,-0.09743554,0.044962227,-0.22127795,-0.07510031,0.055416822,-0.20661724,-0.048208456
-0.07825124,-0.075484574,-0.044961743,-0.1361877,-0.24850696,-0.062310234,-0.15849513,-0.38210678,-0.08059712,-0.14867896,-0.49092114,-0.087586954,-0.06348735,-0.40815604,-0.010123781,-0.11584857,-0.476084,-0.077757716,-0.13054883,-0.35051805,-0.10515079,-0.11602947,-0.29510266,-0.113006756,0.0043925643,-0.39166263,-0.015287347,-0.050349295,-0.42204523,-0.08174358,-0.069191456,-0.2693247,-0.08278451,-0.046224415,-0.25388572,-0.06754647,0.069916904,-0.3474273,-0.03481504,0.01979369,-0.37329513,-0.10596471,-0.009993315,-0.23397568,-0.07807376,0.008170843,-0.21965629,-0.04145427,0.13229358,-0.2914623,-0.059222948,0.081936836,-0.3179533,-0.095792376,0.04349935,-0.22205806,-0.07262361,0.053391278,-0.1998657,-0.044925008
-0.07825124,-0.075484574,-0.044961743,-0.1361877,-0.24850696,-0.062310234,-0.15849513,-0.38210678,-0.08059712,-0.14867896,-0.49092114,-0.087586954,-0.06348735,-0.40815604,-0.010123781,-0.11584857,-0.476084,-0.077757716,-0.13054883,-0.35051805,-0.10515079,-0.11602947,-0.29510266,-0.113006756,0.0043925643,-0.39166263,-0.015287347,-0.050349295,-0.42204523,-0.08174358,-0.069191456,-0.2693247,-0.08278451,-0.046224415,-0.25388572,-0.06754647,0.069916904,-0.3474273,-0.03481504,0.01979369,-0.37329513,-0.10596471,-0.009993315,-0.23397568,-0.07807376,0.008170843,-0.21965629,-0.04145427,0.13229358,-0.2914623,-0.059222948,0.081936836,-0.3179533,-0.095792376,0.04349935,-0.22205806,-0.07262361,0.053391278,-0.1998657,-0.044925008
-0.088373125,-0.045814335,-0.05285567,-0.16991019,-0.19966829,-0.07281179,-0.2071678,-0.33214393,-0.091744944,-0.20242813,-0.44408005,-0.098263115,-0.11582014,-0.37268865,-0.013782333,-0.15457243,-0.4157013,-0.07910925,-0.15300477,-0.29200783,-0.10400406,-0.13635102,-0.24149081,-0.11117351,-0.0438205,-0.3751838,-0.014093428,-0.07576889,-0.37557727,-0.07563692,-0.080085516,-0.225676,-0.07480885,-0.06776494,-0.22646731,-0.05969052,0.027568936,-0.3450755,-0.02935427,0.0059615374,-0.34300807,-0.09552685,-0.01017338,-0.20723397,-0.069868185,-0.0032685995,-0.20576322,-0.03728737,0.096701026,-0.2998157,-0.05075759,0.07817161,-0.28396127,-0.08954146,0.050904155,-0.18720526,-0.07410979,0.049103916,-0.17765158,-0.052727308
-0.07874805,-0.036042094,-0.050077926,-0.16408789,-0.18590873,-0.06720691,-0.20540494,-0.31608665,-0.08303546,-0.20326245,-0.4273864,-0.08688689,-0.120211065,-0.33869877,-0.008065453,-0.14938793,-0.4022727,-0.07270655,-0.14671916,-0.28263098,-0.097600654,-0.13058957,-0.22994506,-0.10406928,-0.05006224,-0.34482473,-0.007920975,-0.07310784,-0.38068068,-0.06987034,-0.075196385,-0.2267043,-0.06894777,-0.0625692,-0.21795484,-0.052069183,0.020766735,-0.3249013,-0.022691725,0.0061098933,-0.3549063,-0.089473575,-0.007023692,-0.21333712,-0.06310743,0.0001487732,-0.20272309,-0.028333718,0.092975914,-0.29301545,-0.042801943,0.07824242,-0.31245163,-0.08200211,0.0536775,-0.20835137,-0.06409855,0.050882697,-0.18502426,-0.039990336
-0.083523035,-0.031161904,-0.057031557,-0.17827618,-0.1719836,-0.07771451,-0.2279551,-0.29735485,-0.09646993,-0.23363405,-0.40876716,-0.102141194,-0.15371516,-0.33585945,-0.012477556,-0.17704314,-0.40116245,-0.07691364,-0.16411397,-0.2780992,-0.10043263,-0.14773086,-0.23317206,-0.10733996,-0.082163274,-0.34978703,-0.010786676,-0.097655594,-0.38372904,-0.07532551,-0.091468334,-0.2245335,-0.075414486,-0.08244288,-0.22339976,-0.05962748,-0.008574307,-0.33728078,-0.02444415,-0.014887929,-0.371964,-0.09320683,-0.021670103,-0.2229447,-0.065437794,-0.01778245,-0.21461558,-0.030235654,0.06449872,-0.31065032,-0.044383828,0.057308078,-0.3286059,-0.08560036,0.038530946,-0.2219035,-0.068533115,0.034648657,-0.20561999,-0.045375668
-0.083523035,-0.031161904,-0.057031557,-0.17827618,-0.1719836,-0.07771451,-0.2279551,-0.29735485,-0.09646993,-0.23363405,-0.40876716,-0.102141194,-0.15371516,-0.33585945,-0.012477556,-0.17704314,-0.40116245,-0.07691364,-0.16411397,-0.2780992,-0.10043263,-0.14773086,-0.23317206,-0.10733996,-0.082163274,-0.34978703,-0.010786676,-0.097655594,-0.38372904,-0.07532551,-0.091468334,-0.2245335,-0.075414486,-0.08244288,-0.22339976,-0.05962748,-0.008574307,-0.33728078,-0.02444415,-0.014887929,-0.371964,-0.09320683,-0.021670103,-0.2229447,-0.065437794,-0.01778245,-0.21461558,-0.030235654,0.06449872,-0.31065032,-0.044383828,0.057308078,-0.3286059,-0.08560036,0.038530946,-0.2219035,-0.068533115,0.034648657,-0.20561999,-0.045375668
-0.0888173,-0.01017499,-0.05837965,-0.194287,-0.14452815,-0.07805969,-0.251464,-0.27381915,-0.09501229,-0.26309267,-0.38412064,-0.09855273,-0.1835992,-0.29994047,-0.013821802,-0.20777938,-0.38297933,-0.07957734,-0.1859791,-0.26393926,-0.10220146,-0.16901147,-0.21973681,-0.10755349,-0.1124382,-0.32270795,-0.010177967,-0.12845689,-0.37223265,-0.07489638,-0.1122151,-0.21512803,-0.073002145,-0.105947554,-0.2178962,-0.055057175,-0.038713098,-0.32138512,-0.02229102,-0.048765957,-0.3702115,-0.089395456,-0.047850132,-0.22330275,-0.05971865,-0.046396792,-0.21905106,-0.0235786,0.034193277,-0.3079098,-0.04085968,0.02293104,-0.3290155,-0.07993563,0.013091266,-0.22446871,-0.06187393,0.012226164,-0.21303162,-0.03833757
-0.08592743,0.014516115,-0.054401856,-0.1996412,-0.10885817,-0.070009425,-0.26352635,-0.23760232,-0.083331615,-0.29150376,-0.33703166,-0.08379809,-0.20022917,-0.24903286,-0.009766655,-0.22569588,-0.33841175,-0.06997262,-0.19312596,-0.22604722,-0.0882076,-0.17562369,-0.17772469,-0.0903792,-0.13520175,-0.28331825,-0.006319664,-0.15283233,-0.34787828,-0.06223107,-0.12409595,-0.19312286,-0.0565422,-0.12575844,-0.18865299,-0.037259515,-0.06660998,-0.29645258,-0.017934918,-0.08157551,-0.37693304,-0.07935512,-0.06450468,-0.23196739,-0.04799998,-0.06464225,-0.2150211,-0.011937785,0.0023046136,-0.29677314,-0.035540704,-0.0045782328,-0.33843178,-0.074818626,-0.0025674105,-0.23554507,-0.05675632,-0.0045917034,-0.21441609,-0.03326376
-0.086009204,0.012328446,-0.054572307,-0.19877648,-0.1085583,-0.07115304,-0.26246592,-0.23270461,-0.08459157,-0.28777897,-0.32982427,-0.08500434,-0.2022742,-0.24156892,-0.015934778,-0.2243728,-0.32595187,-0.074936084,-0.18454853,-0.21461806,-0.09199007,-0.16890767,-0.16320753,-0.09364465,-0.13779444,-0.2781109,-0.012559272,-0.15201864,-0.3395327,-0.06939225,-0.11713773,-0.18888474,-0.06520947,-0.12275165,-0.1787054,-0.047066458,-0.06901467,-0.29404882,-0.023254337,-0.08062196,-0.37186423,-0.08521257,-0.058138072,-0.23057729,-0.05546409,-0.062844634,-0.2092207,-0.020585354,-0.0008701086,-0.29486176,-0.039618425,-0.0029118657,-0.3346283,-0.080173165,0.0024733543,-0.2340213,-0.06288915,-0.00426507,-0.21095431,-0.039863702
-0.08807993,0.015621185,-0.055181976,-0.2031289,-0.09952366,-0.07267478,-0.26753587,-0.2213276,-0.087338366,-0.29274094,-0.3175396,-0.088731386,-0.2055093,-0.23194101,-0.017254187,-0.23002034,-0.3202676,-0.07758491,-0.18912333,-0.20834443,-0.09429448,-0.17194584,-0.15991795,-0.09527411,-0.14054298,-0.2682037,-0.013692019,-0.15428174,-0.3353465,-0.07223768,-0.11877832,-0.18302375,-0.067123465,-0.12517667,-0.17693245,-0.047803935,-0.07253307,-0.28650448,-0.02442948,-0.08471948,-0.36799663,-0.087222606,-0.062232375,-0.22604656,-0.056289364,-0.066841364,-0.2070426,-0.020299572,-0.005295813,-0.29212463,-0.041022874,-0.007848859,-0.33660638,-0.081220426,-0.0025352836,-0.2351208,-0.06319002,-0.009103239,-0.21082118,-0.039528288
-0.082111716,0.010371983,-0.047556233,-0.19132438,-0.10592383,-0.061606627,-0.25209373,-0.22014934,-0.07390047,-0.27683944,-0.3124587,-0.073872484,-0.19172129,-0.23722297,-0.010971345,-0.21600693,-0.3197304,-0.06837628,-0.17724645,-0.2137421,-0.08816605,-0.15825197,-0.15829012,-0.09143478,-0.12976754,-0.27249926,-0.009448069,-0.14379212,-0.33669287,-0.062731706,-0.10807738,-0.19734514,-0.060885865,-0.110685945,-0.17752308,-0.045607753,-0.06378484,-0.28744677,-0.020918148,-0.07580924,-0.37481937,-0.07761927,-0.05200553,-0.24648902,-0.049658127,-0.054344118,-0.21534792,-0.017147362,0.0020887256,-0.28712565,-0.03750199,0.0013626814,-0.3472102,-0.07489563,0.007017672,-0.25416398,-0.057255756,-0.00058591366,-0.21887583,-0.034367163
-0.08158547,0.012933314,-0.05109974,-0.19147298,-0.095113754,-0.066904515,-0.25463933,-0.21019614,-0.08051915,-0.27545953,-0.30359194,-0.08184042,-0.18871385,-0.22617143,-0.011377485,-0.21186933,-0.3091532,-0.06813127,-0.17158943,-0.20677379,-0.0864091,-0.1567311,-0.15761715,-0.089017786,-0.12832814,-0.26095217,-0.008059792,-0.1430169,-0.3269151,-0.060894243,-0.10587776,-0.1892879,-0.058140468,-0.112908006,-0.1768176,-0.04212289,-0.06374532,-0.2773671,-0.018148664,-0.07632047,-0.36494508,-0.077159256,-0.05076152,-0.2377609,-0.050147828,-0.054894805,-0.21151355,-0.01747436,0.0021653771,-0.28017703,-0.033436317,-0.00053811073,-0.33873725,-0.07342018,0.0074341297,-0.24776903,-0.057319965,0.00073492527,-0.2158202,-0.034963135
-0.07602465,0.016406357,-0.0519087,-0.18305859,-0.0948894,-0.06754128,-0.24582168,-0.20613828,-0.08006619,-0.27086824,-0.2960088,-0.08043595,-0.18665314,-0.22240734,-0.015749069,-0.20893684,-0.30584607,-0.071626596,-0.16906577,-0.20316043,-0.08867379,-0.15374255,-0.15436587,-0.09062821,-0.12606514,-0.25767562,-0.011941223,-0.14042643,-0.32406884,-0.06507875,-0.1020143,-0.18383205,-0.061985623,-0.10630119,-0.16873541,-0.045380756,-0.061389565,-0.2744276,-0.021132123,-0.0723145,-0.3584845,-0.07919451,-0.04618597,-0.23032719,-0.051340874,-0.049422443,-0.20423204,-0.018377164,0.003995776,-0.27827585,-0.035545498,0.0022637844,-0.3326709,-0.07455111,0.011569262,-0.24055782,-0.057865966,0.005395472,-0.21019757,-0.035482734
-0.07602465,0.016406357,-0.0519087,-0.18305859,-0.0948894,-0.06754128,-0.24582168,-0.20613828,-0.08006619,-0.27086824,-0.2960088,-0.08043595,-0.18665314,-0.22240734,-0.015749069,-0.20893684,-0.30584607,-0.071626596,-0.16906577,-0.20316043,-0.08867379,-0.15374255,-0.15436587,-0.09062821,-0.12606514,-0.25767562,-0.011941223,-0.14042643,-0.32406884,-0.06507875,-0.1020143,-0.18383205,-0.061985623,-0.10630119,-0.16873541,-0.045380756,-0.061389565,-0.2744276,-0.021132123,-0.0723145,-0.3584845,-0.07919451,-0.04618597,-0.23032719,-0.051340874,-0.049422443,-0.20423204,-0.018377164,0.003995776,-0.27827585,-0.035545498,0.0022637844,-0.3326709,-0.07455111,0.011569262,-0.24055782,-0.057865966,0.005395472,-0.21019757,-0.035482734
-0.074943006,0.009519339,-0.05335158,-0.18172374,-0.094536364,-0.071671635,-0.24449763,-0.20136818,-0.087104425,-0.26714998,-0.29432,-0.09085354,-0.18381542,-0.2286315,-0.016037058,-0.20745212,-0.30487168,-0.073436104,-0.17056662,-0.20492136,-0.092941344,-0.15219668,-0.1551964,-0.09649532,-0.122887164,-0.26333818,-0.011931251,-0.13989553,-0.32294703,-0.066725805,-0.103397846,-0.18486857,-0.064323336,-0.10326406,-0.17061782,-0.048020903,-0.057534337,-0.27817678,-0.021232722,-0.06977415,-0.35587227,-0.080926485,-0.04837215,-0.22877029,-0.054480635,-0.050106347,-0.20350787,-0.021977829,0.008967221,-0.27975845,-0.035909884,0.005413592,-0.3301597,-0.07524171,0.009316862,-0.23885813,-0.05958783,0.00297153,-0.20915008,-0.037812676
-0.07114196,-0.000579834,-0.0463945,-0.17467749,-0.114316225,-0.06182228,-0.23496363,-0.22516409,-0.07619699,-0.25970843,-0.3233831,-0.079900496,-0.16618627,-0.2759686,-0.011890951,-0.20688635,-0.331001,-0.07321146,-0.184968,-0.22535914,-0.098408096,-0.1605095,-0.16929442,-0.10518233,-0.10157159,-0.30226582,-0.011924395,-0.13232073,-0.32523108,-0.06836022,-0.11140695,-0.18913019,-0.06955816,-0.09785554,-0.17705041,-0.056029975,-0.031651974,-0.30247676,-0.025414012,-0.05100882,-0.3231502,-0.08614831,-0.043720484,-0.19458807,-0.063940175,-0.0370332,-0.18269989,-0.034039892,0.0402323,-0.28984168,-0.043821063,0.02624607,-0.30250356,-0.08097905,0.018463194,-0.20646384,-0.06603004,0.018676698,-0.18477905,-0.04486962
-0.078902245,-0.019011438,-0.044029497,-0.17809567,-0.14077541,-0.060901128,-0.2324026,-0.25191867,-0.07759294,-0.25069225,-0.3552064,-0.08430778,-0.14797252,-0.3129684,-0.007864729,-0.19139048,-0.35202175,-0.06708814,-0.18586329,-0.25255424,-0.092312336,-0.16666791,-0.19178629,-0.09982871,-0.08437663,-0.33065292,-0.009580277,-0.12205279,-0.3363517,-0.06590618,-0.112648636,-0.20201412,-0.06867643,-0.09853053,-0.18448195,-0.056617375,-0.016320288,-0.32088313,-0.024386918,-0.044292092,-0.32392544,-0.08585747,-0.043096483,-0.19872999,-0.06552795,-0.034867883,-0.18421131,-0.036929432,0.05357164,-0.2969268,-0.044001143,0.03442508,-0.29688537,-0.08293097,0.020896912,-0.20065033,-0.069665246,0.01906383,-0.17684478,-0.049489144
-0.078902245,-0.019011438,-0.044029497,-0.17809567,-0.14077541,-0.060901128,-0.2324026,-0.25191867,-0.07759294,-0.25069225,-0.3552064,-0.08430778,-0.14797252,-0.3129684,-0.007864729,-0.19139048,-0.35202175,-0.06708814,-0.18586329,-0.25255424,-0.092312336,-0.16666791,-0.19178629,-0.09982871,-0.08437663,-0.33065292,-0.009580277,-0.12205279,-0.3363517,-0.06590618,-0.112648636,-0.20201412,-0.06867643,-0.09853053,-0.18448195,-0.056617375,-0.016320288,-0.32088313,-0.024386918,-0.044292092,-0.32392544,-0.08585747,-0.043096483,-0.19872999,-0.06552795,-0.034867883,-0.18421131,-0.036929432,0.05357164,-0.2969268,-0.044001143,0.03442508,-0.29688537,-0.08293097,0.020896912,-0.20065033,-0.069665246,0.01906383,-0.17684478,-0.049489144
-0.088487804,-0.047954082,-0.0472145,-0.17324004,-0.180771,-0.06806216,-0.22091323,-0.28935364,-0.0877135,-0.23149812,-0.39470318,-0.09662263,-0.11552361,-0.3869437,-0.018662164,-0.19200405,-0.3900775,-0.08314011,-0.18887633,-0.28146043,-0.11499073,-0.16501528,-0.22882977,-0.12778859,-0.0481959,-0.39213696,-0.02047896,-0.122114986,-0.34144416,-0.081793316,-0.114945024,-0.21363544,-0.08926721,-0.09075114,-0.20195937,-0.081566185,0.017201483,-0.3595339,-0.035092924,-0.045560956,-0.29091364,-0.09734626,-0.046173096,-0.18016285,-0.07880229,-0.025882125,-0.18175596,-0.052546587,0.077212095,-0.30810133,-0.055590864,0.02849269,-0.24681151,-0.0918654,0.014404833,-0.16729435,-0.08027998,0.025668204,-0.16554528,-0.0620301
-0.08905491,-0.051303625,-0.044207312,-0.17200106,-0.1830197,-0.06443224,-0.21892679,-0.29249892,-0.08379515,-0.22774112,-0.39816874,-0.09295693,-0.10805446,-0.38568112,-0.017527979,-0.18966192,-0.39120212,-0.079588324,-0.18904218,-0.28584152,-0.11017764,-0.16454026,-0.23141325,-0.122143775,-0.041807473,-0.38841426,-0.019894948,-0.12389079,-0.33930323,-0.07870946,-0.116609216,-0.21558845,-0.08583961,-0.0898124,-0.20105487,-0.07828029,0.02126038,-0.35473037,-0.034400523,-0.05078298,-0.28781122,-0.09421471,-0.050344706,-0.18091977,-0.076692134,-0.028432727,-0.17982191,-0.05146784,0.07836628,-0.3028775,-0.054361545,0.021253347,-0.24169406,-0.089244805,0.009799063,-0.16608629,-0.07807988,0.023658037,-0.16308177,-0.060128216
-0.09354082,-0.054698586,-0.043573447,-0.17533833,-0.18881911,-0.06350994,-0.21822512,-0.30167487,-0.08264995,-0.22437865,-0.4074565,-0.09167698,-0.10838783,-0.3883122,-0.018735113,-0.19087723,-0.39218783,-0.07972676,-0.19102192,-0.28466234,-0.108813435,-0.16683021,-0.22986656,-0.11993411,-0.042483747,-0.3886087,-0.02116668,-0.12728891,-0.33541054,-0.07940996,-0.12037161,-0.2105434,-0.08507153,-0.0926663,-0.19610983,-0.07675034,0.019633055,-0.35265896,-0.035494808,-0.0558908,-0.28342122,-0.09533004,-0.055047095,-0.17583719,-0.07722831,-0.031621277,-0.17366543,-0.05169249,0.074795306,-0.2986982,-0.055157837,0.015101075,-0.23206058,-0.091111265,0.0054243207,-0.15746266,-0.080740124,0.021382332,-0.1558331,-0.06315654
-0.1071828,-0.0768528,-0.03712479,-0.17756608,-0.2122052,-0.0562439,-0.21080184,-0.3230775,-0.075999446,-0.21031341,-0.42299968,-0.08654161,-0.09550163,-0.39720827,-0.01889907,-0.1837464,-0.39133483,-0.081186175,-0.17959368,-0.2784731,-0.11433789,-0.15183732,-0.23122966,-0.12940596,-0.028612316,-0.38603908,-0.02647706,-0.12667695,-0.32657892,-0.08476466,-0.121302724,-0.20889485,-0.09346195,-0.093622744,-0.1950934,-0.089133345,0.031047344,-0.33814394,-0.044866852,-0.059219837,-0.2641205,-0.10283521,-0.059112906,-0.16539219,-0.08592913,-0.034908354,-0.16543955,-0.06303135,0.08020151,-0.27152556,-0.0681692,0.0048425198,-0.19320887,-0.10150637,-0.0061272383,-0.13059157,-0.090987,0.0110272765,-0.13607657,-0.07496074
-0.104246706,-0.0808028,-0.03638346,-0.17739096,-0.22020799,-0.055252917,-0.20992267,-0.33744812,-0.07454546,-0.2074874,-0.44475383,-0.084620886,-0.08851087,-0.40805614,-0.01758161,-0.18435532,-0.39724952,-0.07853032,-0.17944852,-0.2857011,-0.10955373,-0.15059337,-0.24006078,-0.12286015,-0.023611069,-0.39387155,-0.025306322,-0.12760407,-0.33511788,-0.08227483,-0.12232855,-0.22070599,-0.09061247,-0.09731695,-0.20431021,-0.08597145,0.03429365,-0.34462568,-0.04369107,-0.06390053,-0.267152,-0.102525674,-0.06247431,-0.16946054,-0.08794425,-0.0393458,-0.16868639,-0.066094674,0.08267617,-0.27690518,-0.06657922,0.0016521215,-0.19626802,-0.1025897,-0.005944371,-0.13145801,-0.09447773,0.012777567,-0.1340701,-0.07940125
-0.104246706,-0.0808028,-0.03638346,-0.17739096,-0.22020799,-0.055252917,-0.20992267,-0.33744812,-0.07454546,-0.2074874,-0.44475383,-0.084620886,-0.08851087,-0.40805614,-0.01758161,-0.18435532,-0.39724952,-0.07853032,-0.17944852,-0.2857011,-0.10955373,-0.15059337,-0.24006078,-0.12286015,-0.023611069,-0.39387155,-0.025306322,-0.12760407,-0.33511788,-0.08227483,-0.12232855,-0.22070599,-0.09061247,-0.09731695,-0.20431021,-0.08597145,0.03429365,-0.34462568,-0.04369107,-0.06390053,-0.267152,-0.102525674,-0.06247431,-0.16946054,-0.08794425,-0.0393458,-0.16868639,-0.066094674,0.08267617,-0.27690518,-0.06657922,0.0016521215,-0.19626802,-0.1025897,-0.005944371,-0.13145801,-0.09447773,0.012777567,-0.1340701,-0.07940125
-0.102938056,-0.076955736,-0.03625555,-0.16895023,-0.21774763,-0.054725166,-0.19564033,-0.33410677,-0.07390511,-0.19748718,-0.43765417,-0.08427552,-0.08793652,-0.40291804,-0.018022811,-0.1830734,-0.39213318,-0.0802478,-0.18071097,-0.2815953,-0.11177143,-0.15280646,-0.23630819,-0.12524354,-0.021186233,-0.3895878,-0.027161459,-0.121765494,-0.33326584,-0.08732473,-0.11844331,-0.21120596,-0.09639564,-0.09357542,-0.19283032,-0.09087082,0.03799337,-0.3403411,-0.046891037,-0.058920503,-0.26716232,-0.10997418,-0.05691588,-0.15800583,-0.094479494,-0.030798674,-0.15311405,-0.07063504,0.08743191,-0.27270752,-0.07107938,0.0073884726,-0.19143498,-0.111001074,-0.0013123751,-0.11912984,-0.10244522,0.018499494,-0.119856775,-0.085996404
-0.10524842,-0.080293775,-0.03663076,-0.17462665,-0.21762311,-0.05634982,-0.20845526,-0.32529697,-0.07730791,-0.21165231,-0.42394543,-0.08879291,-0.086197734,-0.40799266,-0.017552214,-0.18464795,-0.3959511,-0.08203618,-0.18258733,-0.27993095,-0.1152346,-0.15401593,-0.23530728,-0.12972903,-0.021659672,-0.39144802,-0.026501553,-0.1310567,-0.3336388,-0.08947455,-0.124795645,-0.21090716,-0.0988628,-0.094748974,-0.19733328,-0.09315151,0.035012722,-0.34123674,-0.046430316,-0.06730139,-0.26660278,-0.10979955,-0.062286973,-0.16111797,-0.09307631,-0.033151627,-0.1606704,-0.06828632,0.081632316,-0.27332664,-0.07113146,0.00048607588,-0.19464195,-0.10859551,-0.005748093,-0.12795484,-0.09858171,0.016644776,-0.1324426,-0.08139552
-0.10168484,-0.07289684,-0.040776566,-0.17595366,-0.20513251,-0.06171878,-0.2146383,-0.31172422,-0.083037116,-0.21863511,-0.41248068,-0.09444222,-0.097361565,-0.4039503,-0.01738049,-0.19468018,-0.38771588,-0.083086446,-0.18861306,-0.27344656,-0.117525645,-0.15656674,-0.22832793,-0.13229875,-0.030333042,-0.39430884,-0.024015615,-0.1353769,-0.33227447,-0.08563639,-0.12612364,-0.2093162,-0.094774,-0.095226735,-0.196387,-0.088818185,0.029872775,-0.34776697,-0.04237293,-0.06744054,-0.26924255,-0.105909534,-0.061591864,-0.16236085,-0.08942292,-0.032353878,-0.16102308,-0.06436028,0.0806272,-0.28193015,-0.065848894,0.001983881,-0.20260471,-0.10404419,-0.0043815374,-0.1328522,-0.09411839,0.017429411,-0.13336301,-0.07648121
-0.08651322,-0.037802875,-0.045883846,-0.17929664,-0.155244,-0.067542724,-0.23778507,-0.25734928,-0.08850719,-0.24805492,-0.3632325,-0.09915894,-0.1379979,-0.3605505,-0.016080867,-0.21359122,-0.35161403,-0.078205034,-0.19538933,-0.24457917,-0.10830544,-0.16350946,-0.20337164,-0.120389946,-0.073669136,-0.37312198,-0.018036967,-0.1424239,-0.32369485,-0.07496965,-0.12529978,-0.19598752,-0.07938604,-0.10169801,-0.18894413,-0.07036323,-0.006922841,-0.35040578,-0.032637034,-0.06433833,-0.29297206,-0.09313967,-0.058761656,-0.17783257,-0.07297162,-0.039130747,-0.17845064,-0.045661468,0.056658328,-0.30829045,-0.052698944,0.009428561,-0.25127953,-0.087774575,0.00055378675,-0.16855872,-0.074912205,0.014293492,-0.16414002,-0.055945847
-0.09207451,-0.031570256,-0.0452052,-0.1949909,-0.14262003,-0.06724246,-0.26238698,-0.24181786,-0.08955797,-0.28022003,-0.3483939,-0.10122846,-0.16337875,-0.34417927,-0.014265501,-0.23730683,-0.34943813,-0.07821127,-0.22001219,-0.2422348,-0.1072234,-0.18986073,-0.19844547,-0.118069634,-0.1002475,-0.36329815,-0.016993543,-0.16434985,-0.32438377,-0.07753155,-0.14046368,-0.19174981,-0.08049968,-0.1163879,-0.18933088,-0.06936399,-0.032687724,-0.3501665,-0.032945137,-0.08307499,-0.29679513,-0.09659628,-0.07086009,-0.17716283,-0.07448353,-0.052035093,-0.17961627,-0.04507424,0.033088684,-0.31859666,-0.054330185,-0.0052248836,-0.26547104,-0.090838395,-0.009786844,-0.17819154,-0.07723566,0.0013071299,-0.1755639,-0.057586566
-0.092825085,-0.01606685,-0.044293676,-0.20390904,-0.12156469,-0.063034356,-0.26976138,-0.22366393,-0.08165069,-0.28937203,-0.3295996,-0.08980263,-0.18394119,-0.32287222,-0.012075077,-0.25096127,-0.32524276,-0.07360137,-0.22717738,-0.21939647,-0.10237442,-0.19476348,-0.17213517,-0.11327587,-0.12092593,-0.34806874,-0.014292808,-0.17542619,-0.30184755,-0.07118007,-0.14392066,-0.17597306,-0.073970765,-0.11988458,-0.17334163,-0.063906804,-0.051921725,-0.34182742,-0.029708805,-0.09434733,-0.2903076,-0.089811824,-0.07649213,-0.17525566,-0.06811088,-0.06003964,-0.1779663,-0.040268272,0.017305613,-0.3185591,-0.050560366,-0.014677763,-0.27123317,-0.08467852,-0.015500784,-0.18288776,-0.070379354,-0.0072075725,-0.17799303,-0.05104699
-0.09258795,-0.009170949,-0.04772389,-0.20824784,-0.111504376,-0.06806292,-0.27634904,-0.21265805,-0.08750716,-0.30153346,-0.31791145,-0.095857315,-0.19181722,-0.31711942,-0.0182305,-0.26417685,-0.3142088,-0.08194005,-0.23721918,-0.2082282,-0.109440655,-0.20340636,-0.1637963,-0.11907367,-0.12943912,-0.3453396,-0.020221153,-0.18711552,-0.29488978,-0.08214001,-0.15095651,-0.16759318,-0.08456932,-0.12564766,-0.16956913,-0.072880864,-0.06055194,-0.34292787,-0.035700887,-0.104144305,-0.28648558,-0.101272926,-0.08003226,-0.16890472,-0.078697294,-0.06088245,-0.17619741,-0.048731286,0.008622885,-0.3245537,-0.056837294,-0.023952961,-0.2763526,-0.09540941,-0.021870077,-0.18277138,-0.081391625,-0.012638271,-0.17877847,-0.061211944
-0.09258795,-0.009170949,-0.04772389,-0.20824784,-0.111504376,-0.06806292,-0.27634904,-0.21265805,-0.08750716,-0.30153346,-0.31791145,-0.095857315,-0.19181722,-0.31711942,-0.0182305,-0.26417685,-0.3142088,-0.08194005,-0.23721918,-0.2082282,-0.109440655,-0.20340636,-0.1637963,-0.11907367,-0.12943912,-0.3453396,-0.020221153,-0.18711552,-0.29488978,-0.08214001,-0.15095651,-0.16759318,-0.08456932,-0.12564766,-0.16956913,-0.072880864,-0.06055194,-0.34292787,-0.035700887,-0.104144305,-0.28648558,-0.101272926,-0.08003226,-0.16890472,-0.078697294,-0.06088245,-0.17619741,-0.048731286,0.008622885,-0.3245537,-0.056837294,-0.023952961,-0.2763526,-0.09540941,-0.021870077,-0.18277138,-0.081391625,-0.012638271,-0.17877847,-0.061211944
-0.0821147,0.012389541,-0.053964987,-0.20572576,-0.08534217,-0.072906904,-0.2817068,-0.1826309,-0.09001636,-0.32050633,-0.2794827,-0.09449818,-0.21795768,-0.25382856,-0.013138658,-0.26602125,-0.29203233,-0.079735585,-0.22828504,-0.18539816,-0.10686778,-0.1969342,-0.13678133,-0.11534185,-0.15867361,-0.29650486,-0.012814107,-0.19053748,-0.30392253,-0.07839631,-0.14897078,-0.16439456,-0.08087409,-0.13367593,-0.15929282,-0.06697358,-0.08998817,-0.31280228,-0.027751561,-0.1105012,-0.32746434,-0.0971225,-0.084429264,-0.19205362,-0.07273878,-0.07786119,-0.18495387,-0.040169466,-0.019011855,-0.31522095,-0.04885017,-0.027827442,-0.31665856,-0.093273975,-0.022988558,-0.21486956,-0.08011083,-0.024352312,-0.2013669,-0.059456956
-0.0810824,0.009670377,-0.05589178,-0.19866565,-0.07465041,-0.079329155,-0.2728394,-0.16662925,-0.099930994,-0.30667818,-0.263425,-0.10845581,-0.21722028,-0.24638689,-0.02339838,-0.25499055,-0.27881387,-0.08557744,-0.20737875,-0.17661285,-0.11016907,-0.1773633,-0.14106345,-0.11894591,-0.15676862,-0.291315,-0.021653041,-0.17689022,-0.29689038,-0.081797086,-0.13293326,-0.16097808,-0.08180524,-0.12545156,-0.16091335,-0.068800636,-0.08697459,-0.30938423,-0.033607014,-0.09512779,-0.3272474,-0.09860929,-0.069754064,-0.19595224,-0.072635435,-0.06962824,-0.1890195,-0.041266672,-0.016036868,-0.3120975,-0.051653434,-0.016276658,-0.32077152,-0.093001254,-0.009880006,-0.22120783,-0.077524126,-0.015019059,-0.20482361,-0.056439377
-0.0810824,0.009670377,-0.05589178,-0.19866565,-0.07465041,-0.079329155,-0.2728394,-0.16662925,-0.099930994,-0.30667818,-0.263425,-0.10845581,-0.21722028,-0.24638689,-0.02339838,-0.25499055,-0.27881387,-0.08557744,-0.20737875,-0.17661285,-0.11016907,-0.1773633,-0.14106345,-0.11894591,-0.15676862,-0.291315,-0.021653041,-0.17689022,-0.29689038,-0.081797086,-0.13293326,-0.16097808,-0.08180524,-0.12545156,-0.16091335,-0.068800636,-0.08697459,-0.30938423,-0.033607014,-0.09512779,-0.3272474,-0.09860929,-0.069754064,-0.19595224,-0.072635435,-0.06962824,-0.1890195,-0.041266672,-0.016036868,-0.3120975,-0.051653434,-0.016276658,-0.32077152,-0.093001254,-0.009880006,-0.22120783,-0.077524126,-0.015019059,-0.20482361,-0.056439377
-0.08040899,0.006209314,-0.061715495,-0.17950633,-0.10618156,-0.08463025,-0.23105222,-0.21133369,-0.10261474,-0.2597411,-0.3027079,-0.10946783,-0.19533491,-0.25847453,-0.037359606,-0.21307248,-0.3131091,-0.10133709,-0.16741994,-0.20224285,-0.12897149,-0.15001366,-0.16485131,-0.14086603,-0.12531587,-0.30038482,-0.0342894,-0.12847874,-0.33588192,-0.10185553,-0.095315635,-0.18923378,-0.10951674,-0.0963456,-0.1715622,-0.101043426,-0.051505268,-0.31490675,-0.04364317,-0.04979545,-0.36975124,-0.11538716,-0.034653604,-0.22575378,-0.09440327,-0.044154942,-0.19854891,-0.065449305,0.018680573,-0.31364584,-0.05862337,0.023809195,-0.3475104,-0.10598695,0.024230659,-0.24186558,-0.091301344,0.010749936,-0.21187878,-0.06989477
-0.074300766,0.016663373,-0.059486486,-0.16664886,-0.083922565,-0.083229594,-0.21176308,-0.1831581,-0.10262534,-0.24656633,-0.25604168,-0.11154169,-0.18623316,-0.2539135,-0.037858646,-0.20030174,-0.31753516,-0.10380818,-0.15319768,-0.21606612,-0.13511916,-0.13269904,-0.16037041,-0.14756759,-0.119283974,-0.29293522,-0.03611459,-0.113909125,-0.33906808,-0.10373844,-0.0783329,-0.19941106,-0.11475225,-0.082310855,-0.16564447,-0.107589625,-0.049547374,-0.30720338,-0.04653895,-0.036955774,-0.36480597,-0.117895074,-0.018573701,-0.23035297,-0.10044047,-0.031191051,-0.19257158,-0.073024504,0.01688373,-0.30361724,-0.062274434,0.033682823,-0.34152088,-0.10988475,0.034778714,-0.24242494,-0.09624659,0.015417337,-0.2061561,-0.07482542
-0.08321822,0.009281039,-0.07080824,-0.16994849,-0.10011232,-0.09870924,-0.20537025,-0.21541283,-0.118911125,-0.23208797,-0.30757254,-0.1277198,-0.17939451,-0.26638862,-0.050275646,-0.16764244,-0.31952655,-0.117616974,-0.13065681,-0.21152583,-0.14883281,-0.11715713,-0.15729666,-0.16243552,-0.114797026,-0.30513257,-0.04301202,-0.08463353,-0.34841475,-0.11204278,-0.060245812,-0.20681271,-0.12433686,-0.06977707,-0.17136323,-0.11957016,-0.047891915,-0.3166207,-0.04801697,-0.010173559,-0.37242246,-0.12237918,3.5762787e-05,-0.23553398,-0.10792732,-0.01852721,-0.1950692,-0.0831381,0.01658994,-0.3090867,-0.05900448,0.0519287,-0.34056932,-0.11048833,0.04879564,-0.2398076,-0.10082676,0.02206868,-0.20326173,-0.08245036
-0.07136929,-0.0010181665,-0.07225073,-0.1471034,-0.08712655,-0.10839961,-0.18274096,-0.18651384,-0.13575386,-0.19387272,-0.28669074,-0.15153076,-0.15908647,-0.26972693,-0.0647994,-0.12852103,-0.30206054,-0.1203219,-0.09926951,-0.19289553,-0.14217567,-0.095562935,-0.14358461,-0.15368731,-0.09197718,-0.31121987,-0.055552483,-0.045898855,-0.33223298,-0.11591685,-0.029196322,-0.19347703,-0.12603474,-0.046589196,-0.15789002,-0.1244462,-0.025408983,-0.32358038,-0.05566818,0.024157226,-0.35153678,-0.12098972,0.026089907,-0.21648574,-0.10609781,-0.0018883348,-0.17902136,-0.08573436,0.03575474,-0.31281483,-0.06162611,0.08171868,-0.3244804,-0.10760509,0.07355869,-0.22642326,-0.099720806,0.03978628,-0.19591174,-0.086091936
-0.07497305,0.0035780668,-0.07823647,-0.15281147,-0.08130288,-0.117770866,-0.18778983,-0.18674228,-0.14695013,-0.19579566,-0.29078546,-0.16347305,-0.16915715,-0.2668379,-0.07530798,-0.1340698,-0.3032475,-0.13091806,-0.101522684,-0.19705635,-0.1490234,-0.100542486,-0.15136194,-0.15839866,-0.103575826,-0.31110996,-0.0642319,-0.051155567,-0.33128372,-0.12652488,-0.030983925,-0.19302964,-0.13494134,-0.052221656,-0.16465211,-0.1323226,-0.03778243,-0.32557327,-0.06259734,0.019343972,-0.3480666,-0.13084899,0.023593485,-0.21304423,-0.11605523,-0.009119153,-0.18262714,-0.09612932,0.023059368,-0.3168487,-0.06718753,0.07643747,-0.32351717,-0.11629883,0.070552945,-0.22370052,-0.109845124,0.033803344,-0.19513673,-0.09742577
-0.07630652,0.0013900995,-0.081098095,-0.15228647,-0.08326435,-0.12185365,-0.18530744,-0.18874407,-0.15102774,-0.18968266,-0.29069865,-0.16689181,-0.16533199,-0.26675874,-0.08174845,-0.12405199,-0.2993023,-0.1350884,-0.09111756,-0.19146153,-0.14756529,-0.09154427,-0.14158702,-0.15231934,-0.10004997,-0.30949992,-0.068186544,-0.044379413,-0.3261666,-0.1287242,-0.024666369,-0.18789905,-0.1341634,-0.047791243,-0.15995991,-0.12944977,-0.034405828,-0.32308182,-0.06363071,0.02461195,-0.3442794,-0.13154922,0.028788388,-0.21005869,-0.11605622,-0.0048220754,-0.1787917,-0.09542923,0.02492088,-0.3125304,-0.06513623,0.07878208,-0.31984785,-0.11458737,0.07306534,-0.22093403,-0.10806244,0.035835743,-0.19186735,-0.095214926
-0.075036824,0.003282249,-0.08614874,-0.1488432,-0.07148701,-0.13135794,-0.18014538,-0.17326137,-0.16335885,-0.1854901,-0.2735839,-0.1819882,-0.17416364,-0.2742022,-0.092847854,-0.123282254,-0.300838,-0.14543317,-0.09130132,-0.1960955,-0.15925035,-0.09468323,-0.14623696,-0.1657122,-0.10823822,-0.3206895,-0.07675596,-0.0415864,-0.32706657,-0.13561863,-0.023748815,-0.18998194,-0.14266518,-0.05014336,-0.15829521,-0.14026502,-0.040272534,-0.33459646,-0.0688956,0.025437653,-0.34667474,-0.13506734,0.028383732,-0.21311158,-0.12130603,-0.0066047907,-0.1781745,-0.10285707,0.021334648,-0.32302043,-0.06731852,0.07772589,-0.3262682,-0.11666018,0.07237059,-0.22886753,-0.11056728,0.035111427,-0.19763702,-0.098064214
-0.066571414,0.019404411,-0.1022249,-0.13086697,-0.027232766,-0.16477698,-0.14414161,-0.12037307,-0.21064566,-0.14730358,-0.22229385,-0.24277917,-0.17730448,-0.2481249,-0.13630168,-0.115092814,-0.25972047,-0.2045416,-0.07860619,-0.16146272,-0.2246298,-0.077580094,-0.11302483,-0.23320997,-0.113705814,-0.30018175,-0.116276115,-0.030858815,-0.2898643,-0.18973404,-0.011319876,-0.15497425,-0.19895718,-0.034651697,-0.12564445,-0.19668992,-0.04553449,-0.32425162,-0.104639195,0.037927926,-0.3067565,-0.18308385,0.040855587,-0.17234653,-0.17029029,0.0069562197,-0.1438775,-0.15096995,0.018886209,-0.32660162,-0.1004541,0.08817583,-0.3051359,-0.15686248,0.083069086,-0.20009172,-0.15190831,0.04569602,-0.17090505,-0.13938469
-0.060429215,0.017658591,-0.099076726,-0.12222493,-0.037031353,-0.15695548,-0.13597813,-0.13545752,-0.19784664,-0.13042152,-0.2319623,-0.2241383,-0.16780233,-0.25219998,-0.13029695,-0.11950457,-0.26830304,-0.19915532,-0.08125687,-0.1693551,-0.21859911,-0.07877666,-0.12119782,-0.22604783,-0.108516276,-0.30758542,-0.111077294,-0.021651685,-0.28933322,-0.18514109,-0.0036318302,-0.14968735,-0.19248909,-0.03316194,-0.12147951,-0.18814135,-0.040765285,-0.32690933,-0.1002905,0.046462,-0.31034696,-0.17880727,0.046747327,-0.17381138,-0.16369039,0.0075868964,-0.14412248,-0.14267722,0.022387445,-0.31947446,-0.096819095,0.09618622,-0.29433948,-0.15693706,0.08792347,-0.18954775,-0.15263689,0.04656905,-0.16029763,-0.13908094
-0.060429215,0.017658591,-0.099076726,-0.12222493,-0.037031353,-0.15695548,-0.13597813,-0.13545752,-0.19784664,-0.13042152,-0.2319623,-0.2241383,-0.16780233,-0.25219998,-0.13029695,-0.11950457,-0.26830304,-0.19915532,-0.08125687,-0.1693551,-0.21859911,-0.07877666,-0.12119782,-0.22604783,-0.108516276,-0.30758542,-0.111077294,-0.021651685,-0.28933322,-0.18514109,-0.0036318302,-0.14968735,-0.19248909,-0.03316194,-0.12147951,-0.18814135,-0.040765285,-0.32690933,-0.1002905,0.046462,-0.31034696,-0.17880727,0.046747327,-0.17381138,-0.16369039,0.0075868964,-0.14412248,-0.14267722,0.022387445,-0.31947446,-0.096819095,0.09618622,-0.29433948,-0.15693706,0.08792347,-0.18954775,-0.15263689,0.04656905,-0.16029763,-0.13908094
-0.06384075,0.020728886,-0.08637062,-0.13149327,-0.042364478,-0.13189901,-0.15163979,-0.14112467,-0.16302583,-0.15241542,-0.22984177,-0.18088594,-0.17537993,-0.25948212,-0.102047324,-0.13546252,-0.27580544,-0.16226329,-0.09913379,-0.1754607,-0.17925802,-0.096322834,-0.13262284,-0.18558998,-0.10883373,-0.3126682,-0.085778266,-0.044062555,-0.28659174,-0.15160812,-0.025645137,-0.14816472,-0.1590162,-0.049155056,-0.12751478,-0.1546335,-0.037061572,-0.33004844,-0.077779345,0.02983445,-0.3021642,-0.14982805,0.02856034,-0.16389781,-0.1350383,-0.0045600533,-0.14044595,-0.11395492,0.027854323,-0.32209042,-0.076194555,0.08372438,-0.28879297,-0.12836707,0.073895335,-0.18292916,-0.121562734,0.03889221,-0.16001529,-0.1068651
-0.06384075,0.020728886,-0.08637062,-0.13149327,-0.042364478,-0.13189901,-0.15163979,-0.14112467,-0.16302583,-0.15241542,-0.22984177,-0.18088594,-0.17537993,-0.25948212,-0.102047324,-0.13546252,-0.27580544,-0.16226329,-0.09913379,-0.1754607,-0.17925802,-0.096322834,-0.13262284,-0.18558998,-0.10883373,-0.3126682,-0.085778266,-0.044062555,-0.28659174,-0.15160812,-0.025645137,-0.14816472,-0.1590162,-0.049155056,-0.12751478,-0.1546335,-0.037061572,-0.33004844,-0.077779345,0.02983445,-0.3021642,-0.14982805,0.02856034,-0.16389781,-0.1350383,-0.0045600533,-0.14044595,-0.11395492,0.027854323,-0.32209042,-0.076194555,0.08372438,-0.28879297,-0.12836707,0.073895335,-0.18292916,-0.121562734,0.03889221,-0.16001529,-0.1068651
-0.07755768,-0.007825255,-0.0748042,-0.15383995,-0.111118674,-0.110404566,-0.18222913,-0.21946755,-0.13529462,-0.18730837,-0.31729957,-0.14903297,-0.14304227,-0.3027057,-0.06886466,-0.10484791,-0.30363375,-0.13353711,-0.080001354,-0.20066944,-0.16472952,-0.0785225,-0.1483585,-0.17980689,-0.073329866,-0.33155027,-0.05877917,-0.023483396,-0.3011311,-0.12674621,-0.016939104,-0.17383784,-0.14346932,-0.03469962,-0.14162731,-0.14391509,-0.0038386583,-0.32722437,-0.05878438,0.04795277,-0.2948932,-0.1294793,0.040674508,-0.17879057,-0.12145331,0.013497472,-0.15792388,-0.103540786,0.058709383,-0.3033734,-0.06494616,0.105781496,-0.27426904,-0.11443331,0.0903185,-0.18300283,-0.10920211,0.05656123,-0.16143078,-0.095222816
-0.07614648,-0.031336665,-0.053433105,-0.16296738,-0.16175103,-0.075748354,-0.2088457,-0.27768975,-0.09472681,-0.21093431,-0.38745996,-0.10332046,-0.14076424,-0.32185468,-0.024971291,-0.1528086,-0.37696528,-0.08820924,-0.13858429,-0.26594284,-0.11917368,-0.1240378,-0.21342483,-0.13292292,-0.06833494,-0.33401605,-0.02489911,-0.0711028,-0.37334013,-0.09007891,-0.06990558,-0.23280719,-0.10026938,-0.06666505,-0.20176944,-0.093377925,0.0029807687,-0.3211815,-0.037164964,0.012397766,-0.35251307,-0.10480426,-0.00038987398,-0.223535,-0.08929784,-0.009670734,-0.19857234,-0.06402741,0.073476136,-0.2945211,-0.054339707,0.08084643,-0.31410536,-0.096950546,0.061266243,-0.21786714,-0.085158445,0.044651866,-0.19153866,-0.06668174
-0.078888655,-0.029343724,-0.051900815,-0.16438541,-0.17259371,-0.07022111,-0.20757198,-0.2934792,-0.085959926,-0.21172345,-0.40048078,-0.0904632,-0.13481343,-0.3196916,-0.01768382,-0.15510538,-0.39031026,-0.08226072,-0.14488545,-0.27627578,-0.110248536,-0.13173011,-0.22289333,-0.11967369,-0.06457108,-0.33259863,-0.016668385,-0.0787918,-0.38057452,-0.081472985,-0.07649207,-0.23669255,-0.087180965,-0.069500566,-0.21322298,-0.0754988,0.0056940913,-0.32080775,-0.029130438,0.0004426837,-0.36606222,-0.096970804,-0.007295668,-0.23033246,-0.076125346,-0.0077400804,-0.20580989,-0.045361612,0.075861394,-0.29558104,-0.046538305,0.07260984,-0.3250408,-0.08765607,0.053756893,-0.22642595,-0.07294254,0.044332087,-0.19882074,-0.051293176
