0,1,2,3,4,5,6,7,8,9,10,11,12,13,14,15,16,17,18,19,20,21,22,23,24,25,26,27,28,29,30,31,32,33,34,35,36,37,38,39,40,41,42,43,44,45,46,47,48,49,50,51,52,53,54,55,56,57,58,59
-0.11059034,-0.018348336,-0.03720677,-0.2459203,-0.07963839,-0.04829053,-0.3410129,-0.08880001,-0.05941303,-0.41792426,-0.07473126,-0.069547676,-0.19756526,-0.27817962,0.019591074,-0.24006796,-0.3711118,0.005163232,-0.2653247,-0.44248307,-0.018523926,-0.2881918,-0.49743304,-0.03749792,-0.15173638,-0.30797634,0.02143502,-0.18580925,-0.40804937,0.016079195,-0.20812452,-0.47748253,-0.00073372084,-0.229245,-0.5398842,-0.015527046,-0.1025219,-0.31742746,0.014298243,-0.12796777,-0.41306022,0.010384326,-0.14724642,-0.48159045,0.011088508,-0.16690105,-0.5417876,0.00934615,-0.05172789,-0.3095687,0.0007425837,-0.07383609,-0.39415497,0.0010170325,-0.08888328,-0.45885244,0.009046605,-0.103239834,-0.51796603,0.012880219
-0.11523116,-0.013140738,-0.037049837,-0.24662817,-0.053792775,-0.054289237,-0.34485793,-0.057628393,-0.07322041,-0.42715997,-0.055319846,-0.09095959,-0.20471627,-0.27390125,0.029049937,-0.2517225,-0.3702817,0.016239876,-0.2847857,-0.43621588,-0.007127488,-0.31426346,-0.48461488,-0.025414595,-0.16295427,-0.30769402,0.029905336,-0.20301002,-0.4161851,0.028140895,-0.23066443,-0.48183107,0.014377289,-0.257397,-0.5418149,0.0024566173,-0.11838055,-0.3239289,0.020780008,-0.1523416,-0.42723364,0.020925164,-0.17773348,-0.49676028,0.02462398,-0.20252478,-0.55710375,0.025237026,-0.07452083,-0.31953388,0.004493778,-0.099930465,-0.4111979,0.008076461,-0.12068546,-0.47652417,0.017609442,-0.13806522,-0.5365208,0.023159504
-0.108318746,-0.0040305257,-0.022998424,-0.2392959,-0.04720232,-0.031761196,-0.33427566,-0.0543755,-0.046514016,-0.41426516,-0.056281954,-0.059362087,-0.20541698,-0.27529833,0.056668278,-0.25352547,-0.37320858,0.052076448,-0.28974402,-0.43935472,0.034632973,-0.31880632,-0.48526075,0.020542886,-0.17223644,-0.3079297,0.049464155,-0.21597075,-0.4184089,0.055937875,-0.24750412,-0.4845337,0.047522806,-0.2769835,-0.5402819,0.04031015,-0.13594085,-0.32817593,0.031764362,-0.1745984,-0.4319098,0.03828491,-0.2046957,-0.50296736,0.045882177,-0.23267448,-0.560161,0.04944107,-0.09889901,-0.32806212,0.0068633584,-0.12992251,-0.41821992,0.015144677,-0.1552558,-0.48310348,0.02689963,-0.17581767,-0.539034,0.034448903
-0.108318746,-0.0040305257,-0.022998424,-0.2392959,-0.04720232,-0.031761196,-0.33427566,-0.0543755,-0.046514016,-0.41426516,-0.056281954,-0.059362087,-0.20541698,-0.27529833,0.056668278,-0.25352547,-0.37320858,0.052076448,-0.28974402,-0.43935472,0.034632973,-0.31880632,-0.48526075,0.020542886,-0.17223644,-0.3079297,0.049464155,-0.21597075,-0.4184089,0.055937875,-0.24750412,-0.4845337,0.047522806,-0.2769835,-0.5402819,0.04031015,-0.13594085,-0.32817593,0.031764362,-0.1745984,-0.4319098,0.03828491,-0.2046957,-0.50296736,0.045882177,-0.23267448,-0.560161,0.04944107,-0.09889901,-0.32806212,0.0068633584,-0.12992251,-0.41821992,0.015144677,-0.1552558,-0.48310348,0.02689963,-0.17581767,-0.539034,0.034448903
-0.09727651,-0.005271733,-0.016592272,-0.22369596,-0.055845976,-0.02201885,-0.31694373,-0.061003715,-0.03429003,-0.39242607,-0.061914206,-0.04438908,-0.18723845,-0.2704162,0.056716606,-0.22397366,-0.37162784,0.050418943,-0.25623322,-0.4313804,0.03395591,-0.28360522,-0.46507078,0.021100821,-0.15196586,-0.30225682,0.044043444,-0.18700683,-0.41498992,0.046294134,-0.22014338,-0.47859818,0.03785114,-0.24827933,-0.5184181,0.03090061,-0.114848614,-0.32140666,0.020910878,-0.14653301,-0.4302925,0.01971419,-0.17859977,-0.49519724,0.022823492,-0.20693547,-0.53849655,0.02491279,-0.08069199,-0.32060817,-0.008272883,-0.11219853,-0.41146666,-0.008463306,-0.14127755,-0.47463796,-0.0031631023,-0.16726059,-0.5229715,0.00047098947
-0.09904468,-0.0020126998,-0.011884371,-0.22750142,-0.055363208,-0.013802418,-0.32192975,-0.059708685,-0.024426568,-0.399085,-0.058900952,-0.03286988,-0.18836844,-0.26877663,0.07426546,-0.23056275,-0.36559945,0.075697176,-0.2660546,-0.4263082,0.06338806,-0.2949299,-0.46193904,0.052110378,-0.15541047,-0.29906964,0.059405677,-0.1966291,-0.40796933,0.0668317,-0.23340026,-0.47151697,0.058060497,-0.26418927,-0.51349986,0.050340362,-0.12174189,-0.3177839,0.033832677,-0.16084224,-0.42402247,0.036121678,-0.19771534,-0.4899245,0.037108116,-0.22937474,-0.53338295,0.037193343,-0.091242015,-0.3189858,0.0023655868,-0.13150233,-0.4084828,0.004174558,-0.16721231,-0.46727455,0.008062675,-0.19855368,-0.5099672,0.010031182
-0.09904468,-0.0020126998,-0.011884371,-0.22750142,-0.055363208,-0.013802418,-0.32192975,-0.059708685,-0.024426568,-0.399085,-0.058900952,-0.03286988,-0.18836844,-0.26877663,0.07426546,-0.23056275,-0.36559945,0.075697176,-0.2660546,-0.4263082,0.06338806,-0.2949299,-0.46193904,0.052110378,-0.15541047,-0.29906964,0.059405677,-0.1966291,-0.40796933,0.0668317,-0.23340026,-0.47151697,0.058060497,-0.26418927,-0.51349986,0.050340362,-0.12174189,-0.3177839,0.033832677,-0.16084224,-0.42402247,0.036121678,-0.19771534,-0.4899245,0.037108116,-0.22937474,-0.53338295,0.037193343,-0.091242015,-0.3189858,0.0023655868,-0.13150233,-0.4084828,0.004174558,-0.16721231,-0.46727455,0.008062675,-0.19855368,-0.5099672,0.010031182
-0.09868193,-0.0055616796,-0.016560065,-0.22420874,-0.05560729,-0.021480089,-0.31770608,-0.060467064,-0.033731833,-0.39429563,-0.059607863,-0.044075362,-0.18719804,-0.27142927,0.063711695,-0.22705758,-0.36857897,0.06015454,-0.25955632,-0.43155944,0.043598812,-0.2864127,-0.47094983,0.029527841,-0.15458852,-0.30232167,0.051064245,-0.19275379,-0.4115766,0.054010313,-0.22501922,-0.47793344,0.041661695,-0.25196883,-0.5253574,0.031123051,-0.120670974,-0.32162958,0.027899921,-0.1552946,-0.42659798,0.027203701,-0.18652403,-0.49453336,0.02575186,-0.21341789,-0.5429352,0.023894321,-0.088898,-0.32223526,-0.0012809602,-0.12354088,-0.4117211,-3.7662583e-05,-0.15311599,-0.47383615,0.0037628151,-0.17844385,-0.5219871,0.0051922607
-0.10123724,-0.00553149,-0.024439346,-0.22494599,-0.056013584,-0.03783191,-0.32317266,-0.062259495,-0.05521936,-0.39996922,-0.05995971,-0.070093,-0.19427374,-0.28148845,0.029725555,-0.24733168,-0.3829961,0.008782694,-0.2913825,-0.4348524,-0.018184897,-0.329306,-0.46013144,-0.037511267,-0.1639123,-0.3101986,0.020879256,-0.21775195,-0.4195271,0.008087765,-0.261101,-0.47329456,-0.009079304,-0.3003338,-0.50690496,-0.021570483,-0.13027716,-0.3277712,0.0027818882,-0.1813162,-0.43158138,-0.008498072,-0.22431108,-0.49221277,-0.009139229,-0.26154953,-0.5358551,-0.0089544,-0.09791094,-0.3265641,-0.021268161,-0.14070594,-0.41978055,-0.027542643,-0.17520559,-0.4806946,-0.024013577,-0.20597574,-0.52767277,-0.02081534
-0.1025368,-0.009553045,-0.019571703,-0.22469836,-0.06220126,-0.030904558,-0.32144958,-0.067203045,-0.04812752,-0.39819986,-0.06288442,-0.06305732,-0.18871656,-0.27574587,0.042348295,-0.2371769,-0.37363413,0.025774898,-0.28244945,-0.42008597,0.0017245823,-0.32262325,-0.436113,-0.015364043,-0.15719366,-0.2986325,0.031946536,-0.20369568,-0.4068945,0.024312392,-0.24896362,-0.45337296,0.0108815245,-0.2916168,-0.47817546,0.00074519106,-0.12417215,-0.31058276,0.011856103,-0.17038608,-0.41112983,0.0053219376,-0.21609041,-0.46426672,0.006922966,-0.25700536,-0.49539673,0.008384915,-0.09396082,-0.30360943,-0.014142836,-0.13940156,-0.39003357,-0.017459167,-0.18052232,-0.43760157,-0.01251019,-0.21848595,-0.4653477,-0.008518413
-0.1025368,-0.009553045,-0.019571703,-0.22469836,-0.06220126,-0.030904558,-0.32144958,-0.067203045,-0.04812752,-0.39819986,-0.06288442,-0.06305732,-0.18871656,-0.27574587,0.042348295,-0.2371769,-0.37363413,0.025774898,-0.28244945,-0.42008597,0.0017245823,-0.32262325,-0.436113,-0.015364043,-0.15719366,-0.2986325,0.031946536,-0.20369568,-0.4068945,0.024312392,-0.24896362,-0.45337296,0.0108815245,-0.2916168,-0.47817546,0.00074519106,-0.12417215,-0.31058276,0.011856103,-0.17038608,-0.41112983,0.0053219376,-0.21609041,-0.46426672,0.006922966,-0.25700536,-0.49539673,0.008384915,-0.09396082,-0.30360943,-0.014142836,-0.13940156,-0.39003357,-0.017459167,-0.18052232,-0.43760157,-0.01251019,-0.21848595,-0.4653477,-0.008518413
-0.09085333,0.010461271,-0.021412283,-0.20510566,-0.037896752,-0.035908896,-0.29561746,-0.034329593,-0.054553553,-0.37137097,-0.024706244,-0.07190206,-0.17669919,-0.2645443,0.006542245,-0.24617156,-0.37048012,-0.022451958,-0.31772393,-0.4133091,-0.051027488,-0.38053995,-0.4269433,-0.07204419,-0.156914,-0.2845311,-0.009444519,-0.23866051,-0.3991108,-0.039527886,-0.32495624,-0.43156475,-0.066469155,-0.3980908,-0.42930537,-0.08383407,-0.13109452,-0.28909662,-0.03214631,-0.21370757,-0.4071816,-0.058482993,-0.29616284,-0.43948317,-0.077680275,-0.36511576,-0.43893254,-0.08854437,-0.104476094,-0.27191478,-0.05875836,-0.17283738,-0.3627903,-0.07991833,-0.23387194,-0.4106788,-0.09289643,-0.28818208,-0.43647695,-0.1007922
-0.09085333,0.010461271,-0.021412283,-0.20510566,-0.037896752,-0.035908896,-0.29561746,-0.034329593,-0.054553553,-0.37137097,-0.024706244,-0.07190206,-0.17669919,-0.2645443,0.006542245,-0.24617156,-0.37048012,-0.022451958,-0.31772393,-0.4133091,-0.051027488,-0.38053995,-0.4269433,-0.07204419,-0.156914,-0.2845311,-0.009444519,-0.23866051,-0.3991108,-0.039527886,-0.32495624,-0.43156475,-0.066469155,-0.3980908,-0.42930537,-0.08383407,-0.13109452,-0.28909662,-0.03214631,-0.21370757,-0.4071816,-0.058482993,-0.29616284,-0.43948317,-0.077680275,-0.36511576,-0.43893254,-0.08854437,-0.104476094,-0.27191478,-0.05875836,-0.17283738,-0.3627903,-0.07991833,-0.23387194,-0.4106788,-0.09289643,-0.28818208,-0.43647695,-0.1007922
-0.09847903,0.011064053,-0.008913671,-0.21844092,-0.037413,-0.019663554,-0.30801308,-0.032715797,-0.03790411,-0.3842676,-0.034726024,-0.05467359,-0.18696976,-0.27974024,0.019342095,-0.259814,-0.38688606,-0.008547706,-0.33963627,-0.42164475,-0.03580087,-0.40872586,-0.42277277,-0.055756357,-0.16961765,-0.2972693,-0.004423837,-0.26057476,-0.4120369,-0.03156182,-0.35296828,-0.43828064,-0.054971594,-0.43159673,-0.43175986,-0.070585,-0.14818078,-0.29786265,-0.03500546,-0.24503973,-0.4145265,-0.059584234,-0.33523107,-0.44007084,-0.075645015,-0.40954092,-0.43351945,-0.08488483,-0.13063955,-0.273166,-0.06898539,-0.21823323,-0.36020774,-0.09103325,-0.2898003,-0.40247425,-0.10409809,-0.35076225,-0.42398682,-0.11190963
-0.086977065,0.030943751,-0.015016348,-0.21524823,-0.021765351,-0.029396,-0.30960232,-0.014192104,-0.048904616,-0.38824674,-0.003990531,-0.06618821,-0.18061346,-0.2602922,0.004297245,-0.24653685,-0.3770333,-0.02844753,-0.32677078,-0.4009163,-0.056554567,-0.39141476,-0.38677025,-0.07524329,-0.15989411,-0.28066108,-0.016094461,-0.24117929,-0.41010997,-0.04879575,-0.3348421,-0.41849256,-0.07030199,-0.40399373,-0.3922481,-0.081841454,-0.13607478,-0.27890933,-0.043544315,-0.22718692,-0.40767604,-0.07305299,-0.32389587,-0.4205218,-0.08885243,-0.39637822,-0.4016419,-0.09579926,-0.11673319,-0.25069988,-0.074211866,-0.2043556,-0.34267876,-0.100516066,-0.28346944,-0.376433,-0.11533215,-0.3477866,-0.38740814,-0.12288215
-0.092232585,0.026141346,-0.021520143,-0.2202217,-0.028065145,-0.038760394,-0.3185389,-0.019799173,-0.059535313,-0.39800397,-0.0079551935,-0.07804739,-0.19054192,-0.25384137,-0.0024424284,-0.2568665,-0.37231857,-0.038465347,-0.33361024,-0.40232924,-0.06934995,-0.3950627,-0.3930931,-0.08941165,-0.16818333,-0.27269068,-0.018317128,-0.24144846,-0.40786612,-0.05215896,-0.33062017,-0.42644835,-0.07500958,-0.3988983,-0.40511984,-0.08750102,-0.13799554,-0.27148092,-0.041525003,-0.2166056,-0.40841535,-0.06983424,-0.304443,-0.427688,-0.08501279,-0.3725472,-0.4102779,-0.09200667,-0.10758674,-0.24540657,-0.068553515,-0.17956018,-0.34147197,-0.09324904,-0.24995005,-0.38179514,-0.106984094,-0.31020403,-0.39783093,-0.11393892
-0.092232585,0.026141346,-0.021520143,-0.2202217,-0.028065145,-0.038760394,-0.3185389,-0.019799173,-0.059535313,-0.39800397,-0.0079551935,-0.07804739,-0.19054192,-0.25384137,-0.0024424284,-0.2568665,-0.37231857,-0.038465347,-0.33361024,-0.40232924,-0.06934995,-0.3950627,-0.3930931,-0.08941165,-0.16818333,-0.27269068,-0.018317128,-0.24144846,-0.40786612,-0.05215896,-0.33062017,-0.42644835,-0.07500958,-0.3988983,-0.40511984,-0.08750102,-0.13799554,-0.27148092,-0.041525003,-0.2166056,-0.40841535,-0.06983424,-0.304443,-0.427688,-0.08501279,-0.3725472,-0.4102779,-0.09200667,-0.10758674,-0.24540657,-0.068553515,-0.17956018,-0.34147197,-0.09324904,-0.24995005,-0.38179514,-0.106984094,-0.31020403,-0.39783093,-0.11393892
-0.0999856,0.030663908,-0.012748832,-0.23569661,-0.027076423,-0.028142707,-0.33606517,-0.01926583,-0.050582413,-0.42038196,-0.009283423,-0.071022384,-0.20192283,-0.26132494,0.01388312,-0.2674551,-0.37760136,-0.01727405,-0.34603533,-0.40829694,-0.04541925,-0.40980473,-0.39977366,-0.065044135,-0.17582268,-0.27964443,-0.011258059,-0.25502008,-0.4135958,-0.0422754,-0.34834692,-0.4325269,-0.06355066,-0.41912392,-0.41205323,-0.075871825,-0.14511341,-0.27620593,-0.044544928,-0.2301687,-0.41536146,-0.072969995,-0.32362968,-0.43665433,-0.0876151,-0.39387184,-0.42127764,-0.09493553,-0.119143724,-0.24818203,-0.081430964,-0.20131052,-0.3446239,-0.108123764,-0.27806747,-0.38534212,-0.12289862,-0.34119135,-0.40212315,-0.13111132
-0.0896641,0.021315217,-0.024211893,-0.21076119,-0.034380913,-0.04449548,-0.3066647,-0.032407522,-0.06779259,-0.38612682,-0.028515697,-0.08899171,-0.17836916,-0.26323065,-0.008282453,-0.24073672,-0.38271493,-0.04701748,-0.3155232,-0.41372782,-0.07993362,-0.37644404,-0.40467882,-0.10107596,-0.15537763,-0.2792357,-0.023159172,-0.2271719,-0.41189697,-0.058560237,-0.3140185,-0.43302822,-0.082012914,-0.38366893,-0.4183544,-0.09496958,-0.12588471,-0.27445784,-0.045421205,-0.2049644,-0.40601903,-0.07544664,-0.2908014,-0.4285637,-0.090352386,-0.35990712,-0.41870797,-0.09718634,-0.096864104,-0.24458411,-0.07165521,-0.1679675,-0.33757457,-0.097925305,-0.23532319,-0.37583518,-0.11104654,-0.29348463,-0.39206904,-0.117237315
-0.08629793,0.022612333,-0.01940932,-0.20881319,-0.03721434,-0.036996808,-0.30336624,-0.037538707,-0.058378987,-0.38182932,-0.034247816,-0.077656,-0.17242885,-0.2674127,-0.00374029,-0.2339747,-0.3845955,-0.039565142,-0.30989993,-0.4101627,-0.069210365,-0.37108907,-0.39803445,-0.08852053,-0.14956367,-0.2860318,-0.021707896,-0.22569972,-0.42115277,-0.056193277,-0.31467038,-0.43243575,-0.07773357,-0.38348794,-0.410368,-0.08867199,-0.12251353,-0.2811759,-0.046771225,-0.2082972,-0.41191053,-0.07753342,-0.2996135,-0.42696825,-0.09239288,-0.37099814,-0.41290864,-0.09860898,-0.09910798,-0.2496244,-0.07522168,-0.17797786,-0.34118098,-0.102078065,-0.25066462,-0.3768793,-0.1159885,-0.31166893,-0.39237672,-0.12279107
-0.08629793,0.022612333,-0.01940932,-0.20881319,-0.03721434,-0.036996808,-0.30336624,-0.037538707,-0.058378987,-0.38182932,-0.034247816,-0.077656,-0.17242885,-0.2674127,-0.00374029,-0.2339747,-0.3845955,-0.039565142,-0.30989993,-0.4101627,-0.069210365,-0.37108907,-0.39803445,-0.08852053,-0.14956367,-0.2860318,-0.021707896,-0.22569972,-0.42115277,-0.056193277,-0.31467038,-0.43243575,-0.07773357,-0.38348794,-0.410368,-0.08867199,-0.12251353,-0.2811759,-0.046771225,-0.2082972,-0.41191053,-0.07753342,-0.2996135,-0.42696825,-0.09239288,-0.37099814,-0.41290864,-0.09860898,-0.09910798,-0.2496244,-0.07522168,-0.17797786,-0.34118098,-0.102078065,-0.25066462,-0.3768793,-0.1159885,-0.31166893,-0.39237672,-0.12279107
-0.09008372,0.02318269,-0.01634485,-0.21431482,-0.035772204,-0.034398913,-0.30976695,-0.033968925,-0.057373255,-0.38897794,-0.031453192,-0.07815131,-0.17234558,-0.266449,-0.00030941522,-0.23433042,-0.38401175,-0.03523344,-0.31025898,-0.4135824,-0.06352751,-0.370655,-0.4036343,-0.081715725,-0.15080166,-0.2831074,-0.020919872,-0.23070186,-0.41565362,-0.053573184,-0.31939632,-0.43138906,-0.07348036,-0.3892201,-0.4142358,-0.083577946,-0.12556982,-0.27796984,-0.048598267,-0.21385676,-0.40925407,-0.07822774,-0.30475557,-0.42799976,-0.09125653,-0.3759253,-0.4161599,-0.09624341,-0.10549247,-0.2458717,-0.079582654,-0.18856412,-0.33887997,-0.10567775,-0.26115477,-0.37874097,-0.11836243,-0.3217154,-0.3983466,-0.124180965
-0.08888912,0.023106337,-0.015833216,-0.21486068,-0.039273024,-0.03224369,-0.31037104,-0.04108286,-0.053406063,-0.3894543,-0.038310707,-0.0721376,-0.17062378,-0.271029,0.0021236895,-0.23051381,-0.38897562,-0.030556243,-0.30736634,-0.4170108,-0.05665319,-0.3678409,-0.40821072,-0.0736783,-0.14941192,-0.28878295,-0.018346878,-0.2314995,-0.42516214,-0.050046355,-0.32137403,-0.43680638,-0.068101995,-0.39040047,-0.419338,-0.076325335,-0.12623394,-0.2837143,-0.045847125,-0.21784407,-0.41515917,-0.07481318,-0.3116619,-0.43282187,-0.08675453,-0.3847293,-0.423143,-0.09067893,-0.10886395,-0.25063992,-0.07664312,-0.19504476,-0.34466738,-0.1019272,-0.27070874,-0.3856976,-0.11409448,-0.33398628,-0.40808803,-0.11954998
-0.092814445,0.018338919,-0.010896435,-0.21534967,-0.045926213,-0.026407156,-0.3098416,-0.047186732,-0.048389144,-0.39112487,-0.04534322,-0.06886969,-0.17625284,-0.2706102,0.0066043516,-0.23640516,-0.38639128,-0.025731316,-0.31092757,-0.4197129,-0.05342345,-0.3726642,-0.4147911,-0.07207813,-0.15457648,-0.28759742,-0.0169582,-0.23451027,-0.4168631,-0.0474983,-0.3255527,-0.43652117,-0.06768679,-0.39810246,-0.42234084,-0.07912358,-0.12944174,-0.2836,-0.047210716,-0.21660882,-0.41605136,-0.07472598,-0.30900794,-0.43881238,-0.08817477,-0.38189125,-0.42974824,-0.09455278,-0.10828036,-0.25370842,-0.08053702,-0.18704432,-0.35183275,-0.10516671,-0.2607309,-0.3948931,-0.11784936,-0.32292074,-0.4144277,-0.1243918
-0.09803599,0.019233644,-0.00139284,-0.22100836,-0.045152724,-0.015873441,-0.3137923,-0.046931326,-0.039738238,-0.39592218,-0.04808086,-0.06278921,-0.183932,-0.27144146,0.014365731,-0.24701,-0.38514388,-0.017219985,-0.32259816,-0.4188236,-0.04364975,-0.38487953,-0.41225988,-0.061368596,-0.15848756,-0.28916258,-0.017155811,-0.23821482,-0.42314067,-0.048465267,-0.33132976,-0.44307712,-0.06756137,-0.40454203,-0.4253296,-0.077860564,-0.13176686,-0.28461424,-0.055315804,-0.2190339,-0.42303187,-0.08361401,-0.31384003,-0.44793504,-0.09614444,-0.3866289,-0.43738008,-0.10190522,-0.11220163,-0.25386953,-0.09602801,-0.19254994,-0.35514387,-0.12157963,-0.2694778,-0.40271774,-0.1348414,-0.33329856,-0.4256124,-0.14207605
-0.092807174,0.015792131,-0.0170075,-0.20828104,-0.04258704,-0.03593088,-0.29983082,-0.04514408,-0.059618942,-0.3771636,-0.047620893,-0.08109952,-0.17020738,-0.2616337,-0.0031003095,-0.22344926,-0.38269985,-0.03831331,-0.2958163,-0.42045757,-0.067381755,-0.355887,-0.41742516,-0.085837275,-0.14929676,-0.28089735,-0.022657523,-0.22053123,-0.418095,-0.055386685,-0.30984145,-0.44312042,-0.0759372,-0.38067815,-0.42868564,-0.08701941,-0.124530554,-0.27958715,-0.048911527,-0.20129293,-0.4183993,-0.07710266,-0.2916842,-0.44587922,-0.091606654,-0.3631697,-0.43608677,-0.09827336,-0.10414392,-0.2538008,-0.07856424,-0.17754859,-0.3571642,-0.103826456,-0.2506066,-0.40217596,-0.11762465,-0.31298736,-0.420442,-0.124517985
-0.09902418,0.012092054,0.004122046,-0.21634853,-0.04919356,-0.0076200007,-0.30446193,-0.052101552,-0.029965129,-0.38311532,-0.058279276,-0.051218156,-0.17367446,-0.27425766,0.024236066,-0.23206884,-0.39310944,-0.0047777044,-0.30705535,-0.42951417,-0.031293232,-0.36889806,-0.42246407,-0.04916851,-0.15067941,-0.29120952,-0.009302404,-0.22643033,-0.42520002,-0.03725185,-0.31874198,-0.44750723,-0.057820942,-0.39038146,-0.42898294,-0.070318714,-0.1275953,-0.2876581,-0.049194217,-0.21007597,-0.42800167,-0.074213415,-0.30378926,-0.45167083,-0.08820364,-0.37655687,-0.43814418,-0.09616983,-0.113708675,-0.25962007,-0.09128963,-0.1925078,-0.35902354,-0.11470307,-0.26685536,-0.40407562,-0.12829907,-0.32920825,-0.42597008,-0.1364837
-0.09107697,0.017751515,-0.011920697,-0.20977479,-0.04505825,-0.026935577,-0.30224848,-0.05000019,-0.047785413,-0.38039535,-0.05183959,-0.06646043,-0.16606045,-0.26973486,0.0061803996,-0.22448575,-0.38748366,-0.025489766,-0.30155057,-0.42445278,-0.052432723,-0.36414766,-0.42023993,-0.07011835,-0.14521563,-0.28774008,-0.016092522,-0.21871981,-0.42258108,-0.04652495,-0.30927348,-0.44315082,-0.06621262,-0.37747788,-0.42465818,-0.07680083,-0.12308228,-0.28436714,-0.045020934,-0.20411235,-0.42417255,-0.07248155,-0.29848188,-0.44795436,-0.08646669,-0.37045398,-0.43555593,-0.09268869,-0.108300745,-0.2541579,-0.0770006,-0.18786883,-0.3556049,-0.10203828,-0.26299182,-0.4001366,-0.11580253,-0.3247019,-0.42059198,-0.12277607
-0.093527794,0.016832948,-0.009230487,-0.21279466,-0.046348333,-0.022446146,-0.30487478,-0.051894665,-0.04252268,-0.38285935,-0.053789973,-0.060597092,-0.17242569,-0.27206558,0.014867206,-0.23073235,-0.38468185,-0.012964611,-0.3049301,-0.42093772,-0.03815641,-0.36628294,-0.41726947,-0.055333037,-0.1515426,-0.2894292,-0.008697646,-0.22426689,-0.41863155,-0.035123974,-0.31365353,-0.44080538,-0.053522095,-0.38448584,-0.42554685,-0.064042374,-0.12722307,-0.28581044,-0.039252844,-0.20598358,-0.4232552,-0.064883776,-0.29641306,-0.4470644,-0.07814731,-0.36710405,-0.43434483,-0.084358774,-0.109525025,-0.25591275,-0.07289391,-0.1868726,-0.35451013,-0.09752752,-0.25934732,-0.3989184,-0.111174375,-0.32010078,-0.41963595,-0.11833413
-0.09374529,0.01565808,-0.00813408,-0.21122926,-0.05132991,-0.020820722,-0.30214506,-0.05920762,-0.040595897,-0.37980604,-0.063440084,-0.058314938,-0.16747874,-0.2799064,0.0145389745,-0.22633001,-0.39584893,-0.014146943,-0.30356926,-0.4325357,-0.039807647,-0.36710075,-0.42836738,-0.05713669,-0.1480428,-0.29546228,-0.009476939,-0.22320765,-0.42414016,-0.036322605,-0.31514758,-0.44681713,-0.05472979,-0.38673118,-0.433419,-0.0653028,-0.12585366,-0.2903363,-0.040362567,-0.20810562,-0.4276396,-0.06531441,-0.30130702,-0.4527774,-0.0783002,-0.37311798,-0.44317698,-0.08446747,-0.110219955,-0.25947693,-0.074364886,-0.1901468,-0.3595844,-0.09847295,-0.26548937,-0.40420032,-0.112055786,-0.32734197,-0.42555624,-0.11907783
-0.09281236,0.014717162,-0.006572784,-0.20908457,-0.05384636,-0.018012017,-0.29888964,-0.06413436,-0.036877323,-0.3750525,-0.0720582,-0.053310163,-0.16022032,-0.28456685,0.018256728,-0.21740258,-0.40438432,-0.0089843385,-0.29379874,-0.44039243,-0.032705758,-0.35505635,-0.43333864,-0.04810818,-0.14299154,-0.2992981,-0.0054453006,-0.22034794,-0.43201578,-0.030952869,-0.31145662,-0.45212597,-0.047374375,-0.3819731,-0.4373033,-0.055784956,-0.123872995,-0.29379928,-0.036126386,-0.20870101,-0.4325744,-0.059521593,-0.29947257,-0.45641005,-0.070839025,-0.36935607,-0.44627112,-0.075508766,-0.11241162,-0.26366693,-0.06984266,-0.19245666,-0.36311772,-0.09207219,-0.26516092,-0.40728366,-0.10454606,-0.32479465,-0.430033,-0.110721596
-0.09281236,0.014717162,-0.006572784,-0.20908457,-0.05384636,-0.018012017,-0.29888964,-0.06413436,-0.036877323,-0.3750525,-0.0720582,-0.053310163,-0.16022032,-0.28456685,0.018256728,-0.21740258,-0.40438432,-0.0089843385,-0.29379874,-0.44039243,-0.032705758,-0.35505635,-0.43333864,-0.04810818,-0.14299154,-0.2992981,-0.0054453006,-0.22034794,-0.43201578,-0.030952869,-0.31145662,-0.45212597,-0.047374375,-0.3819731,-0.4373033,-0.055784956,-0.123872995,-0.29379928,-0.036126386,-0.20870101,-0.4325744,-0.059521593,-0.29947257,-0.45641005,-0.070839025,-0.36935607,-0.44627112,-0.075508766,-0.11241162,-0.26366693,-0.06984266,-0.19245666,-0.36311772,-0.09207219,-0.26516092,-0.40728366,-0.10454606,-0.32479465,-0.430033,-0.110721596
-0.091837406,0.01429224,-0.01582399,-0.20784587,-0.054538727,-0.031845838,-0.30085987,-0.06607121,-0.053124946,-0.3786816,-0.07444775,-0.0714961,-0.157911,-0.28214815,0.007043707,-0.21565235,-0.4042939,-0.02456084,-0.29164562,-0.44230396,-0.051373888,-0.35310286,-0.4368538,-0.06850303,-0.13991123,-0.29650566,-0.011785658,-0.21479973,-0.43097562,-0.041134767,-0.30614293,-0.4542569,-0.059966564,-0.37815756,-0.4422763,-0.069847144,-0.119191885,-0.29038844,-0.037996,-0.20023376,-0.43326685,-0.06396606,-0.2885353,-0.45903182,-0.07679387,-0.3570872,-0.44981378,-0.08226025,-0.105038285,-0.25882205,-0.06780044,-0.1812483,-0.35863954,-0.09169587,-0.25131845,-0.40427476,-0.105153285,-0.30930573,-0.42829445,-0.11184502
-0.08990908,0.0017589927,-0.012142415,-0.19684738,-0.07847011,-0.028574498,-0.28609502,-0.100146174,-0.049602106,-0.36157304,-0.114215374,-0.06781871,-0.119464934,-0.29653072,0.00094586646,-0.17345256,-0.4254104,-0.03193288,-0.24922383,-0.47489616,-0.058551233,-0.3143984,-0.48436856,-0.07598253,-0.10054934,-0.3088937,-0.020681532,-0.17045486,-0.45532534,-0.05471949,-0.2610638,-0.494855,-0.074646786,-0.3342997,-0.4959919,-0.08450268,-0.08645272,-0.29781374,-0.048390795,-0.16217893,-0.4409836,-0.07586928,-0.24962008,-0.48254287,-0.08758061,-0.32024807,-0.49209034,-0.09238058,-0.085460305,-0.2615063,-0.079090685,-0.15446812,-0.36623493,-0.10237274,-0.2170803,-0.42322725,-0.11398825,-0.27199686,-0.46372026,-0.119924486
-0.09658742,1.347065e-05,0.00082371547,-0.20604908,-0.08026862,-0.012143837,-0.2943678,-0.09858096,-0.033704907,-0.3704394,-0.11608791,-0.05309722,-0.12789756,-0.30076453,0.018434145,-0.18501145,-0.42512184,-0.009815683,-0.26197344,-0.47163716,-0.03368185,-0.3282193,-0.47791156,-0.0496056,-0.10794783,-0.31066984,-0.012259253,-0.18029422,-0.45743707,-0.04159442,-0.27191466,-0.4946355,-0.05985795,-0.34577596,-0.49147058,-0.06910417,-0.092151344,-0.30012792,-0.048956003,-0.17043471,-0.4460219,-0.07457079,-0.26221383,-0.4856103,-0.08567644,-0.33508193,-0.48836923,-0.08986443,-0.09108436,-0.2665636,-0.08784378,-0.16797566,-0.37666804,-0.11072692,-0.23552501,-0.43178743,-0.121538594,-0.29310292,-0.46400106,-0.12667169
-0.08874017,0.0038106441,-0.014016257,-0.19845402,-0.07131815,-0.03233558,-0.28968567,-0.083376884,-0.055470023,-0.36450434,-0.09541607,-0.07586271,-0.13437772,-0.28753683,-0.0012835688,-0.18897551,-0.41241485,-0.036092747,-0.26296347,-0.45751572,-0.06363652,-0.32738817,-0.46104825,-0.08117613,-0.11479074,-0.29895052,-0.023083942,-0.18211973,-0.44484568,-0.05784556,-0.2686533,-0.4807009,-0.07783757,-0.33972055,-0.47640422,-0.08750772,-0.09518081,-0.29025757,-0.05141063,-0.16710699,-0.43451703,-0.080274515,-0.25582045,-0.47259593,-0.09281933,-0.32724148,-0.4739352,-0.09751402,-0.08524674,-0.25744608,-0.08286017,-0.15794653,-0.36331064,-0.10751175,-0.22576264,-0.4174146,-0.11976239,-0.2844619,-0.44842574,-0.12542239
-0.08874017,0.0038106441,-0.014016257,-0.19845402,-0.07131815,-0.03233558,-0.28968567,-0.083376884,-0.055470023,-0.36450434,-0.09541607,-0.07586271,-0.13437772,-0.28753683,-0.0012835688,-0.18897551,-0.41241485,-0.036092747,-0.26296347,-0.45751572,-0.06363652,-0.32738817,-0.46104825,-0.08117613,-0.11479074,-0.29895052,-0.023083942,-0.18211973,-0.44484568,-0.05784556,-0.2686533,-0.4807009,-0.07783757,-0.33972055,-0.47640422,-0.08750772,-0.09518081,-0.29025757,-0.05141063,-0.16710699,-0.43451703,-0.080274515,-0.25582045,-0.47259593,-0.09281933,-0.32724148,-0.4739352,-0.09751402,-0.08524674,-0.25744608,-0.08286017,-0.15794653,-0.36331064,-0.10751175,-0.22576264,-0.4174146,-0.11976239,-0.2844619,-0.44842574,-0.12542239
-0.090346396,0.0031824708,-0.02249908,-0.2016283,-0.05995065,-0.040621396,-0.29393607,-0.06589812,-0.062039893,-0.36844248,-0.06893337,-0.08144561,-0.16509277,-0.26989555,-0.0033240116,-0.21150556,-0.3939881,-0.036082573,-0.27490282,-0.43591827,-0.0651861,-0.33300555,-0.44164538,-0.085161194,-0.14302987,-0.28726932,-0.01800554,-0.19788635,-0.42734236,-0.050337918,-0.27705795,-0.46219754,-0.07278178,-0.34765476,-0.4579394,-0.08580983,-0.11400992,-0.28729278,-0.03950614,-0.17762011,-0.42682981,-0.06657636,-0.25736183,-0.46177876,-0.08078372,-0.3271942,-0.4625701,-0.08783839,-0.08396965,-0.2661269,-0.06488044,-0.14400578,-0.36764434,-0.08735814,-0.20509747,-0.41496533,-0.09860061,-0.2610669,-0.43807894,-0.104414485
-0.08829123,0.009894371,-0.025762929,-0.20418078,-0.044648588,-0.043986343,-0.29792893,-0.042677402,-0.064155,-0.37242293,-0.04018277,-0.082953356,-0.17702276,-0.25781187,-0.007843912,-0.2299717,-0.37247115,-0.039157733,-0.2909818,-0.41575786,-0.06903191,-0.34960294,-0.42702293,-0.09099488,-0.1539138,-0.27895403,-0.020360952,-0.21340421,-0.40864006,-0.051858254,-0.29088363,-0.44316062,-0.07786052,-0.36247158,-0.43752158,-0.09471635,-0.1211859,-0.28152794,-0.03911343,-0.18532258,-0.41617703,-0.06678322,-0.26295754,-0.44978067,-0.08488648,-0.3333391,-0.448012,-0.09546296,-0.08510184,-0.2608199,-0.061548475,-0.14353025,-0.35773945,-0.085308924,-0.20172155,-0.403346,-0.098517165,-0.25652528,-0.4240412,-0.10629369
-0.08829123,0.009894371,-0.025762929,-0.20418078,-0.044648588,-0.043986343,-0.29792893,-0.042677402,-0.064155,-0.37242293,-0.04018277,-0.082953356,-0.17702276,-0.25781187,-0.007843912,-0.2299717,-0.37247115,-0.039157733,-0.2909818,-0.41575786,-0.06903191,-0.34960294,-0.42702293,-0.09099488,-0.1539138,-0.27895403,-0.020360952,-0.21340421,-0.40864006,-0.051858254,-0.29088363,-0.44316062,-0.07786052,-0.36247158,-0.43752158,-0.09471635,-0.1211859,-0.28152794,-0.03911343,-0.18532258,-0.41617703,-0.06678322,-0.26295754,-0.44978067,-0.08488648,-0.3333391,-0.448012,-0.09546296,-0.08510184,-0.2608199,-0.061548475,-0.14353025,-0.35773945,-0.085308924,-0.20172155,-0.403346,-0.098517165,-0.25652528,-0.4240412,-0.10629369
-0.08572614,0.04035473,-0.031427547,-0.21383244,0.017797112,-0.052976605,-0.30998743,0.042999804,-0.075034685,-0.38709885,0.06437421,-0.096105054,-0.21957082,-0.22204697,-0.012937121,-0.2860703,-0.33034462,-0.04188486,-0.34747928,-0.3674686,-0.0705433,-0.40580732,-0.3710693,-0.092712134,-0.19183403,-0.24912205,-0.024234803,-0.26864353,-0.3668591,-0.05616795,-0.34598422,-0.38989615,-0.084695615,-0.41555038,-0.37358788,-0.1035687,-0.14800543,-0.258155,-0.04154565,-0.22004694,-0.38281044,-0.07114823,-0.2884992,-0.41035157,-0.09076055,-0.35084337,-0.4032036,-0.102725744,-0.09522623,-0.2444492,-0.0626433,-0.15451294,-0.3328549,-0.089547135,-0.21031755,-0.37550777,-0.10441922,-0.26451203,-0.39677647,-0.11370908
-0.08572614,0.04035473,-0.031427547,-0.21383244,0.017797112,-0.052976605,-0.30998743,0.042999804,-0.075034685,-0.38709885,0.06437421,-0.096105054,-0.21957082,-0.22204697,-0.012937121,-0.2860703,-0.33034462,-0.04188486,-0.34747928,-0.3674686,-0.0705433,-0.40580732,-0.3710693,-0.092712134,-0.19183403,-0.24912205,-0.024234803,-0.26864353,-0.3668591,-0.05616795,-0.34598422,-0.38989615,-0.084695615,-0.41555038,-0.37358788,-0.1035687,-0.14800543,-0.258155,-0.04154565,-0.22004694,-0.38281044,-0.07114823,-0.2884992,-0.41035157,-0.09076055,-0.35084337,-0.4032036,-0.102725744,-0.09522623,-0.2444492,-0.0626433,-0.15451294,-0.3328549,-0.089547135,-0.21031755,-0.37550777,-0.10441922,-0.26451203,-0.39677647,-0.11370908
-0.08462602,0.04430771,-0.0362471,-0.21283725,0.029110193,-0.061946973,-0.305785,0.060559273,-0.08702893,-0.38153797,0.08523512,-0.11178707,-0.22331008,-0.21510345,-0.024055855,-0.2966713,-0.32113007,-0.057151213,-0.36278588,-0.3545006,-0.08882549,-0.4239517,-0.35250127,-0.11234706,-0.19276059,-0.2414388,-0.034123108,-0.27349818,-0.3561427,-0.07011415,-0.34928563,-0.3788098,-0.10116702,-0.41511106,-0.36225975,-0.12102593,-0.14675236,-0.25156492,-0.050001938,-0.2254647,-0.36931008,-0.08141795,-0.29540402,-0.39738292,-0.10079055,-0.3569566,-0.39290044,-0.11218578,-0.091852725,-0.23948404,-0.06995868,-0.15708494,-0.3310042,-0.09693318,-0.21518451,-0.37685955,-0.1099286,-0.2701036,-0.40218383,-0.11756084
-0.08504754,0.041795433,-0.038522027,-0.208915,0.03230858,-0.067449905,-0.29943228,0.06770104,-0.0952528,-0.3754831,0.08960682,-0.1226731,-0.22767273,-0.21293968,-0.03146452,-0.30126315,-0.31911623,-0.06712733,-0.3649749,-0.35073763,-0.09994301,-0.42557552,-0.3471468,-0.12404528,-0.1952911,-0.2400595,-0.04104451,-0.27663118,-0.35362577,-0.078238316,-0.35079467,-0.37644827,-0.10850472,-0.41639084,-0.35967284,-0.12832782,-0.14644873,-0.2511875,-0.05660682,-0.22340214,-0.36782527,-0.09078375,-0.28726384,-0.3946789,-0.1098303,-0.34408692,-0.38877684,-0.12056446,-0.08924019,-0.24087584,-0.07619783,-0.15521252,-0.33236986,-0.10583155,-0.21141887,-0.37763542,-0.11932345,-0.26496345,-0.40353212,-0.12693733
-0.085145116,0.048279643,-0.037490185,-0.20982659,0.05020821,-0.06829875,-0.2971259,0.09652138,-0.099227875,-0.37443,0.13401663,-0.13016774,-0.2483826,-0.1951671,-0.027095838,-0.3230158,-0.3001559,-0.0642041,-0.38436764,-0.33201373,-0.09990018,-0.44083527,-0.32730526,-0.12631369,-0.21272147,-0.22653878,-0.0408928,-0.2935721,-0.3419869,-0.08420555,-0.3619484,-0.35561073,-0.11850387,-0.41921234,-0.32509983,-0.13893518,-0.16155261,-0.24087891,-0.061086085,-0.24206397,-0.3489096,-0.09912362,-0.30151874,-0.37018037,-0.117963105,-0.35337737,-0.35945797,-0.1272944,-0.10117924,-0.23497707,-0.08565028,-0.16817713,-0.32197723,-0.117238835,-0.2233001,-0.3672294,-0.13009961,-0.2749589,-0.3932668,-0.1368801
-0.08374637,0.051,-0.039086346,-0.20589995,0.05642146,-0.07010329,-0.2904485,0.10165095,-0.09999849,-0.365354,0.13901871,-0.13003863,-0.24927154,-0.18281344,-0.035207856,-0.31975183,-0.28517094,-0.07526496,-0.37652713,-0.31692517,-0.11277735,-0.42926466,-0.3103706,-0.13952263,-0.21160519,-0.22052193,-0.047284942,-0.28399324,-0.33914042,-0.09001841,-0.34666985,-0.3560831,-0.12279257,-0.40028298,-0.32525218,-0.14253491,-0.15741819,-0.23824233,-0.06576556,-0.22882569,-0.34947848,-0.10399235,-0.28287622,-0.37193465,-0.12309218,-0.3315985,-0.35885748,-0.1327719,-0.09346962,-0.23218971,-0.088513955,-0.15794247,-0.31888962,-0.12216854,-0.21134442,-0.36292756,-0.13632315,-0.26214644,-0.38556033,-0.14353418
-0.0881325,0.053344905,-0.040210407,-0.20491868,0.062416732,-0.07378637,-0.28716588,0.11010307,-0.10643269,-0.36165076,0.14983982,-0.13921918,-0.25345334,-0.17840433,-0.034877807,-0.32357678,-0.27422792,-0.076876745,-0.37819535,-0.30522355,-0.117088914,-0.42912972,-0.30027974,-0.14599402,-0.21345782,-0.2179021,-0.048222937,-0.2827201,-0.33880538,-0.094292074,-0.34063083,-0.3537702,-0.12973267,-0.38947782,-0.32233313,-0.15073633,-0.15797698,-0.23641384,-0.06838499,-0.22818828,-0.34948575,-0.10800988,-0.28052196,-0.3718273,-0.12848294,-0.32731453,-0.35865903,-0.1390732,-0.092442155,-0.23108393,-0.09313224,-0.15451962,-0.31967017,-0.12717202,-0.20575285,-0.36223045,-0.14200784,-0.25548276,-0.3830822,-0.15003897
-0.08640432,0.054251254,-0.041723758,-0.20153129,0.067981064,-0.07636504,-0.28253037,0.118269205,-0.10994828,-0.35607278,0.1591509,-0.14399791,-0.2537368,-0.17419812,-0.038777236,-0.3212782,-0.2676693,-0.08017468,-0.37411034,-0.3070288,-0.11908493,-0.42261145,-0.31182012,-0.14670976,-0.21479654,-0.21644273,-0.050456233,-0.28633818,-0.3331797,-0.09569212,-0.3434874,-0.35232797,-0.13055012,-0.38982433,-0.32387933,-0.15088876,-0.15859044,-0.23677826,-0.06855337,-0.22797483,-0.34336716,-0.10850716,-0.27472574,-0.3649978,-0.12882173,-0.3150738,-0.3519549,-0.13830744,-0.09237635,-0.23246294,-0.091096655,-0.15532714,-0.32007366,-0.12462353,-0.2065137,-0.3652057,-0.13910715,-0.25483572,-0.39067364,-0.14625068
-0.08272934,0.052011847,-0.043818537,-0.19271547,0.06935507,-0.08064808,-0.2690834,0.12277329,-0.11585738,-0.3411691,0.16434991,-0.15119925,-0.25692797,-0.17130807,-0.042160485,-0.32336104,-0.27626115,-0.08660598,-0.37505025,-0.31570584,-0.12728366,-0.41818488,-0.3146038,-0.15408961,-0.214234,-0.21413806,-0.051355664,-0.2817933,-0.33673036,-0.0987529,-0.32616365,-0.36059362,-0.13294101,-0.35358298,-0.3318261,-0.15073267,-0.15641606,-0.2355277,-0.06733949,-0.21758485,-0.3434266,-0.10577459,-0.26015016,-0.3719363,-0.12504366,-0.29404172,-0.36396122,-0.13322456,-0.08977538,-0.23425686,-0.0880645,-0.14721406,-0.32412198,-0.11937047,-0.19453871,-0.3721533,-0.13237363,-0.23808432,-0.4001291,-0.13778184
-0.08272934,0.052011847,-0.043818537,-0.19271547,0.06935507,-0.08064808,-0.2690834,0.12277329,-0.11585738,-0.3411691,0.16434991,-0.15119925,-0.25692797,-0.17130807,-0.042160485,-0.32336104,-0.27626115,-0.08660598,-0.37505025,-0.31570584,-0.12728366,-0.41818488,-0.3146038,-0.15408961,-0.214234,-0.21413806,-0.051355664,-0.2817933,-0.33673036,-0.0987529,-0.32616365,-0.36059362,-0.13294101,-0.35358298,-0.3318261,-0.15073267,-0.15641606,-0.2355277,-0.06733949,-0.21758485,-0.3434266,-0.10577459,-0.26015016,-0.3719363,-0.12504366,-0.29404172,-0.36396122,-0.13322456,-0.08977538,-0.23425686,-0.0880645,-0.14721406,-0.32412198,-0.11937047,-0.19453871,-0.3721533,-0.13237363,-0.23808432,-0.4001291,-0.13778184
-0.08567953,0.051401854,-0.042824842,-0.19616324,0.06971598,-0.07911566,-0.2724293,0.12391484,-0.114128746,-0.3434177,0.16674393,-0.14941844,-0.25944486,-0.16983026,-0.03869035,-0.3249501,-0.27318883,-0.082382046,-0.3755349,-0.31365663,-0.123585775,-0.41700947,-0.31304353,-0.1512657,-0.21690524,-0.21282554,-0.048584327,-0.28160828,-0.33461303,-0.0965183,-0.32503918,-0.359711,-0.13298492,-0.35323596,-0.33169585,-0.15269354,-0.16020352,-0.23475823,-0.06526813,-0.22366941,-0.34199685,-0.10355177,-0.26635218,-0.37010413,-0.12435692,-0.30202964,-0.36081162,-0.13418059,-0.09415245,-0.23441005,-0.08659022,-0.15006775,-0.3242401,-0.118015334,-0.19575763,-0.37269232,-0.13191229,-0.23865539,-0.40070906,-0.13834389
-0.083550215,0.051352024,-0.04252818,-0.1916554,0.06967163,-0.07649238,-0.2665953,0.12087864,-0.1087814,-0.33606383,0.16030031,-0.14129157,-0.25735816,-0.17149493,-0.035703015,-0.31896743,-0.26810843,-0.07591872,-0.36492127,-0.3116407,-0.1149299,-0.4026044,-0.31820154,-0.14154318,-0.21526116,-0.21622315,-0.04450271,-0.27637127,-0.3309378,-0.08654822,-0.31511235,-0.3640775,-0.12083196,-0.34071398,-0.34904116,-0.14084297,-0.1585452,-0.23876572,-0.06028617,-0.21706909,-0.3442657,-0.09605592,-0.25434864,-0.37658328,-0.11758717,-0.2857539,-0.37380946,-0.12884927,-0.09306884,-0.23767895,-0.08061359,-0.1466009,-0.32776055,-0.11099652,-0.18945885,-0.37869394,-0.12566277,-0.22989804,-0.41082639,-0.13335176
-0.085326195,0.049013257,-0.043662466,-0.19130057,0.06760794,-0.078763425,-0.26524967,0.11637038,-0.11159562,-0.33595246,0.14970511,-0.14444195,-0.25502607,-0.17522323,-0.040956594,-0.31777847,-0.27805558,-0.08082763,-0.36372793,-0.3189388,-0.1180903,-0.4027431,-0.32514352,-0.14330862,-0.21151465,-0.22038114,-0.04863233,-0.27078,-0.3356315,-0.08844646,-0.30972692,-0.3688038,-0.118884124,-0.3370306,-0.35766357,-0.1369506,-0.15373468,-0.24296498,-0.06323432,-0.2048434,-0.3513373,-0.09740596,-0.24043018,-0.3889181,-0.115299225,-0.27165398,-0.39387524,-0.12453631,-0.08906859,-0.24297583,-0.0826045,-0.14116037,-0.33397776,-0.11138232,-0.18209636,-0.3832932,-0.12300863,-0.22092986,-0.4159251,-0.12857391
-0.087791026,0.05284369,-0.044106785,-0.19512475,0.07362831,-0.07985043,-0.27051947,0.12361729,-0.113258,-0.3408975,0.1598028,-0.1463185,-0.259642,-0.1722706,-0.039397184,-0.3206649,-0.27584127,-0.07862648,-0.3645531,-0.31742787,-0.11627165,-0.40027374,-0.31991377,-0.14137484,-0.21578956,-0.21963868,-0.04614966,-0.27165365,-0.33660305,-0.08526783,-0.3108533,-0.3695375,-0.116416305,-0.33795097,-0.35458192,-0.13501948,-0.15821785,-0.24359512,-0.059848614,-0.20843685,-0.35246068,-0.092608996,-0.24289751,-0.3862338,-0.11082143,-0.27316594,-0.38483256,-0.120421335,-0.093949854,-0.24482149,-0.07831578,-0.14233303,-0.33973348,-0.10598523,-0.18242103,-0.39111334,-0.1179024,-0.22169769,-0.42390907,-0.123711996
-0.09001726,0.048364878,-0.042851243,-0.19824553,0.06902027,-0.0763954,-0.27332163,0.11868209,-0.10806145,-0.3393174,0.15610856,-0.13964297,-0.2598097,-0.17556322,-0.03516216,-0.3207352,-0.27893582,-0.07252282,-0.36331955,-0.3255888,-0.108778894,-0.3967557,-0.33545586,-0.1330996,-0.21504623,-0.22424173,-0.042272322,-0.2750019,-0.3426647,-0.08043168,-0.31225997,-0.37963134,-0.11132772,-0.33418298,-0.37018305,-0.12938942,-0.15801466,-0.2495248,-0.056355853,-0.21346456,-0.36142963,-0.088076666,-0.24930269,-0.39906752,-0.105523676,-0.27727434,-0.4019152,-0.114197426,-0.094418466,-0.2531612,-0.07519493,-0.14685434,-0.34740448,-0.10127166,-0.18802744,-0.40102378,-0.11229371,-0.22615588,-0.437464,-0.117463574
-0.088968635,0.049381018,-0.04274672,-0.19735318,0.07201773,-0.076118164,-0.27194238,0.123502254,-0.10733345,-0.33957535,0.15784109,-0.138405,-0.2614182,-0.17261285,-0.034908485,-0.3226128,-0.27515373,-0.06921774,-0.36354154,-0.32027864,-0.102718174,-0.39739883,-0.3308828,-0.12563816,-0.21725476,-0.2204827,-0.041176323,-0.2791469,-0.33647493,-0.07612496,-0.31548008,-0.37110978,-0.10432327,-0.33777744,-0.36176807,-0.1206923,-0.15993094,-0.2459996,-0.054163516,-0.21743286,-0.35656416,-0.08365039,-0.25375882,-0.39319694,-0.09929855,-0.28331265,-0.3971269,-0.10701962,-0.09544629,-0.25106376,-0.071864516,-0.14796668,-0.34629658,-0.097273864,-0.18899894,-0.40038538,-0.107561514,-0.22811955,-0.43933535,-0.11204162
-0.0888952,0.048151493,-0.04316002,-0.1964488,0.07146436,-0.07687226,-0.26934358,0.12353128,-0.108215936,-0.33648357,0.15760589,-0.13950908,-0.26217553,-0.17235059,-0.036881644,-0.32332206,-0.27542874,-0.07288178,-0.3655165,-0.31861624,-0.107932,-0.40223372,-0.32701853,-0.13199711,-0.21807522,-0.2202633,-0.04309581,-0.2791082,-0.33467382,-0.07933545,-0.3172044,-0.36747757,-0.10855084,-0.34429476,-0.35824198,-0.12600924,-0.16096044,-0.24676281,-0.056029152,-0.21735674,-0.35581583,-0.0867723,-0.25453424,-0.39143497,-0.10337006,-0.28660962,-0.3954383,-0.11186691,-0.096425116,-0.2526433,-0.07370031,-0.14913136,-0.34682992,-0.099733256,-0.18992603,-0.39882818,-0.11012662,-0.22940844,-0.43543106,-0.11479251
-0.088847816,0.05091548,-0.04272804,-0.20017725,0.0719347,-0.07534629,-0.27628776,0.11939824,-0.105365045,-0.3458404,0.15426314,-0.13522698,-0.26101607,-0.17092526,-0.038386334,-0.3237794,-0.28040388,-0.07519292,-0.3691888,-0.32014415,-0.1097106,-0.40986794,-0.32301772,-0.13310851,-0.21570504,-0.21908686,-0.045026995,-0.27827,-0.3372566,-0.081211895,-0.3204171,-0.36800605,-0.108878605,-0.35250333,-0.3563422,-0.12535742,-0.15712541,-0.24476412,-0.05841492,-0.21246308,-0.35188907,-0.08999888,-0.25060666,-0.38795367,-0.10598543,-0.28470117,-0.39352006,-0.11401584,-0.09175104,-0.24799582,-0.07644702,-0.14603072,-0.3369817,-0.10323476,-0.18711102,-0.38437963,-0.11314759,-0.22696531,-0.41594493,-0.11751114
-0.08722812,0.048413694,-0.04601849,-0.20143718,0.060833514,-0.08161755,-0.28276002,0.10244012,-0.1143786,-0.3562249,0.13913304,-0.14726932,-0.2532253,-0.17668262,-0.046699975,-0.31560928,-0.28242624,-0.09055672,-0.36505234,-0.31896007,-0.13035376,-0.41265738,-0.3208954,-0.15829228,-0.20802546,-0.22108117,-0.055998318,-0.27139443,-0.34171373,-0.1008633,-0.32034847,-0.36604095,-0.1331294,-0.3618354,-0.34787858,-0.15263507,-0.1482665,-0.24176568,-0.07202186,-0.20880497,-0.35146588,-0.11144268,-0.25171608,-0.38239044,-0.12786882,-0.29072428,-0.3828921,-0.13564022,-0.08037245,-0.2384482,-0.09292406,-0.13809842,-0.3256943,-0.12541386,-0.18121356,-0.37289244,-0.13590352,-0.2213127,-0.40321398,-0.14057595
-0.08484143,0.049161315,-0.0447703,-0.2005601,0.053986073,-0.08283263,-0.28485763,0.09449476,-0.11878243,-0.3624649,0.12928033,-0.1549088,-0.24297085,-0.19001824,-0.050325755,-0.3070588,-0.29859623,-0.09937929,-0.3605783,-0.32767153,-0.14201407,-0.41014457,-0.3184042,-0.17064896,-0.20040792,-0.22838262,-0.062345553,-0.26769283,-0.35843012,-0.112916164,-0.32712552,-0.37299323,-0.1477056,-0.3748721,-0.34007442,-0.16742045,-0.14252633,-0.24333769,-0.08117262,-0.2094652,-0.36312634,-0.12392287,-0.26320356,-0.38589644,-0.14323063,-0.30894166,-0.37503734,-0.15246211,-0.07565558,-0.2329694,-0.104715064,-0.13764817,-0.32309902,-0.14017795,-0.18815649,-0.3698288,-0.1542401,-0.23544097,-0.3980884,-0.16119362
-0.083606064,0.04674399,-0.03770284,-0.2039901,0.044624627,-0.07053528,-0.29191747,0.08260965,-0.10257908,-0.36847067,0.11624992,-0.13511188,-0.22834665,-0.19889432,-0.04188668,-0.28707793,-0.30983913,-0.08501553,-0.3384717,-0.3384826,-0.122173786,-0.38728774,-0.3292789,-0.14755873,-0.18974721,-0.23338616,-0.055785187,-0.26477674,-0.3575381,-0.09902372,-0.33354843,-0.377407,-0.13064344,-0.39320028,-0.35208327,-0.15026404,-0.13478744,-0.24461952,-0.075670026,-0.2062828,-0.36026645,-0.11674803,-0.266199,-0.37949514,-0.13767381,-0.31995618,-0.36324763,-0.14861314,-0.07138169,-0.23085895,-0.09899315,-0.13198131,-0.32326105,-0.13463883,-0.1845476,-0.3671043,-0.14961053,-0.23551196,-0.3866387,-0.15760197
-0.07847464,0.036388397,-0.03861944,-0.19605505,0.013264835,-0.06906731,-0.28696764,0.041033268,-0.097865745,-0.36151898,0.06106913,-0.12736708,-0.196751,-0.22217345,-0.043929596,-0.25799438,-0.33727634,-0.08706605,-0.31875974,-0.37214404,-0.12421122,-0.37619355,-0.36983335,-0.1500989,-0.1569975,-0.24443194,-0.054624982,-0.21082172,-0.37448227,-0.0935519,-0.2770881,-0.4021907,-0.122609176,-0.3374061,-0.38899928,-0.1430899,-0.10452855,-0.24311456,-0.07124143,-0.15189463,-0.36878407,-0.10567245,-0.21179208,-0.40145212,-0.12338782,-0.26606536,-0.40068102,-0.13523114,-0.04860896,-0.21432832,-0.09185565,-0.09755838,-0.30795664,-0.12206985,-0.14261639,-0.35433835,-0.13361906,-0.18498272,-0.3779335,-0.14084202
-0.08269447,0.031740725,-0.0383558,-0.20312858,0.0037404895,-0.067518726,-0.29767174,0.027360976,-0.09512377,-0.37477773,0.042169273,-0.12205478,-0.20144737,-0.23539093,-0.032913662,-0.25789684,-0.35750392,-0.07139988,-0.31904238,-0.39506227,-0.105178095,-0.37577754,-0.39256203,-0.12875806,-0.16655636,-0.25802365,-0.04187677,-0.22575355,-0.39469704,-0.07865275,-0.29769,-0.42254508,-0.106375545,-0.36265495,-0.40623033,-0.12432813,-0.11816454,-0.25843102,-0.057123963,-0.17557961,-0.3925104,-0.08973197,-0.24237823,-0.42360845,-0.10746275,-0.30300215,-0.4183056,-0.11803486,-0.06515843,-0.23209587,-0.076325625,-0.11707318,-0.32900572,-0.10391428,-0.167813,-0.37631276,-0.116153926,-0.2178815,-0.40191224,-0.123493
-0.08817172,0.0196231,-0.03510006,-0.2075831,-0.018785954,-0.060730584,-0.30289006,-0.008896172,-0.08586765,-0.37944168,-0.0026972294,-0.11042678,-0.1959393,-0.24722528,-0.02644489,-0.24897775,-0.36726537,-0.06333813,-0.30606753,-0.4103678,-0.09580321,-0.3625973,-0.41605914,-0.119241,-0.16090006,-0.26892036,-0.038205083,-0.22193885,-0.40431535,-0.07481142,-0.29518718,-0.43769106,-0.10344397,-0.3658417,-0.42979878,-0.122574724,-0.114038885,-0.26687783,-0.05614885,-0.16759396,-0.4003259,-0.0907868,-0.23184022,-0.4359337,-0.10934609,-0.29411963,-0.43828872,-0.120270066,-0.06397641,-0.2387318,-0.07780973,-0.113886654,-0.33457237,-0.10750388,-0.1626991,-0.38387382,-0.12002113,-0.21156257,-0.41376838,-0.12757722
-0.08489263,0.017333329,-0.026180785,-0.2030302,-0.0361858,-0.04436623,-0.29608047,-0.039765954,-0.06487517,-0.373792,-0.038042545,-0.0846938,-0.17381305,-0.25490403,-0.008561177,-0.21445692,-0.3693065,-0.037956752,-0.27244735,-0.41928482,-0.065163344,-0.32971472,-0.43790877,-0.08608735,-0.14689523,-0.28129837,-0.023505554,-0.2077488,-0.41028768,-0.05640396,-0.2897584,-0.4511475,-0.082985505,-0.36732867,-0.4562404,-0.10069662,-0.11234802,-0.2855654,-0.044630572,-0.17730731,-0.4237017,-0.07664051,-0.25673202,-0.46612576,-0.096955165,-0.3294779,-0.47319198,-0.1086591,-0.07781935,-0.26595554,-0.06924695,-0.13747913,-0.37041754,-0.09912353,-0.20196694,-0.4261769,-0.11687049,-0.26403204,-0.457862,-0.12764299
-0.08517122,0.01777631,-0.022249078,-0.20643243,-0.044956803,-0.0367117,-0.30178148,-0.05510056,-0.054524265,-0.37942123,-0.05564198,-0.0709259,-0.17062885,-0.2574236,0.0018606794,-0.20611495,-0.3768589,-0.02507699,-0.26508301,-0.42682832,-0.049949925,-0.32189423,-0.44078696,-0.0690013,-0.14586198,-0.2803121,-0.014305639,-0.19988856,-0.41596702,-0.044613272,-0.28070545,-0.45757037,-0.06826448,-0.3564908,-0.46233225,-0.0834765,-0.114207864,-0.2827731,-0.03707525,-0.17433816,-0.42570817,-0.06626622,-0.2528022,-0.46794325,-0.08376701,-0.3242753,-0.47400874,-0.09349621,-0.082256556,-0.2629145,-0.06339573,-0.13854712,-0.36800867,-0.090320945,-0.20203531,-0.42213178,-0.10626652,-0.26364234,-0.45156792,-0.11592629
-0.08533704,0.0040266514,-0.020955993,-0.19875541,-0.06761289,-0.03573113,-0.2907461,-0.08273944,-0.054060407,-0.36703193,-0.08643222,-0.071052216,-0.14794964,-0.2653484,-0.000657883,-0.17978454,-0.39079678,-0.029626265,-0.24137026,-0.44333148,-0.054680716,-0.29950646,-0.46080118,-0.07370484,-0.122929275,-0.2847524,-0.017713962,-0.16990441,-0.42820483,-0.051192712,-0.25168794,-0.47196656,-0.07458711,-0.32552725,-0.47725916,-0.08902493,-0.09407091,-0.28374076,-0.041159604,-0.15001035,-0.4343425,-0.07213737,-0.23227257,-0.47713995,-0.08951507,-0.3042037,-0.48191524,-0.09879917,-0.066414,-0.26084346,-0.06796992,-0.119608164,-0.3669936,-0.09649881,-0.18467897,-0.42004824,-0.113285944,-0.24658182,-0.44724092,-0.1233101
-0.080513716,-0.0035880804,-0.019355213,-0.17434594,-0.08109373,-0.040050372,-0.25571573,-0.10341814,-0.06336758,-0.3268536,-0.11641508,-0.08453918,-0.09757602,-0.28283095,-0.016444553,-0.14609313,-0.41242218,-0.055932228,-0.2184326,-0.45800716,-0.08679033,-0.278806,-0.465865,-0.106199004,-0.07672173,-0.29168504,-0.033659723,-0.1383776,-0.43530038,-0.07308083,-0.22554988,-0.47272825,-0.09659031,-0.29490006,-0.4748631,-0.10881093,-0.060932577,-0.2770979,-0.05647469,-0.12942308,-0.41694337,-0.08930673,-0.2134482,-0.4561016,-0.10398017,-0.28070688,-0.4638766,-0.11011349,-0.05687946,-0.23720285,-0.08213729,-0.11862332,-0.3362666,-0.10961041,-0.17826769,-0.38756034,-0.12247317,-0.22994062,-0.4205535,-0.12857497
-0.08869153,-0.006101966,-0.0072709387,-0.1823462,-0.089001834,-0.025254799,-0.26219487,-0.11837226,-0.049562734,-0.33502844,-0.13418192,-0.07240794,-0.09637463,-0.29300416,-0.0016138087,-0.15731883,-0.4153542,-0.036481023,-0.23312774,-0.45937884,-0.06368916,-0.29496145,-0.4657902,-0.08042889,-0.07771647,-0.29953867,-0.026524037,-0.15062559,-0.4424563,-0.06285935,-0.24107066,-0.47458446,-0.08324308,-0.3105541,-0.47236246,-0.09244764,-0.06620306,-0.283924,-0.056760065,-0.1438145,-0.42901093,-0.087674566,-0.23211986,-0.46422493,-0.09926718,-0.29964387,-0.4662941,-0.10252603,-0.07016629,-0.24525768,-0.089164995,-0.14170259,-0.35342836,-0.115478665,-0.20374945,-0.40681404,-0.12643386,-0.25454807,-0.44009018,-0.13072653
-0.08833659,-0.0076553226,-0.010472013,-0.17600426,-0.094150126,-0.025790852,-0.2522835,-0.12722412,-0.04509555,-0.3202232,-0.14818522,-0.06341569,-0.07617557,-0.28995872,-0.005692751,-0.13896489,-0.41021633,-0.038668487,-0.21471682,-0.45773762,-0.06623688,-0.27891064,-0.46551812,-0.08346601,-0.058837593,-0.29594994,-0.024898194,-0.1352846,-0.43189657,-0.056645863,-0.22610587,-0.4707045,-0.07825466,-0.2964304,-0.47508228,-0.09036122,-0.052023947,-0.2779984,-0.04896086,-0.13251358,-0.41674238,-0.07807926,-0.2212435,-0.45634857,-0.09402402,-0.2902475,-0.46507445,-0.101559356,-0.063041806,-0.23783946,-0.07475823,-0.13525683,-0.34170285,-0.10114219,-0.19583657,-0.3932511,-0.11431702,-0.24542663,-0.42685032,-0.12086025
-0.08671552,-0.01413089,-0.012461644,-0.17106065,-0.100426465,-0.029676551,-0.24582723,-0.13375577,-0.05004061,-0.31243527,-0.15752143,-0.069513544,-0.07095927,-0.29144606,-0.012305183,-0.13515651,-0.40801233,-0.047551297,-0.21083,-0.45667627,-0.076282546,-0.2755382,-0.46600866,-0.094121136,-0.052887857,-0.29675168,-0.030943312,-0.13100082,-0.4299172,-0.06496515,-0.22054726,-0.47043833,-0.08773165,-0.29182267,-0.47705856,-0.10038205,-0.045672476,-0.27755728,-0.05406368,-0.12716985,-0.412727,-0.08536759,-0.21528542,-0.4556022,-0.10181962,-0.28486168,-0.4680581,-0.10924484,-0.056488276,-0.23526311,-0.07876123,-0.13014305,-0.33775327,-0.10644768,-0.1912545,-0.39086646,-0.11920597,-0.24117148,-0.4252079,-0.12503645
-0.08742499,-0.016833663,-0.0064572347,-0.17257464,-0.11024788,-0.02137322,-0.24680483,-0.14971834,-0.040774867,-0.313111,-0.17100582,-0.05960499,-0.06668395,-0.2991824,-0.00818567,-0.13205236,-0.42342693,-0.04229922,-0.2118333,-0.4712479,-0.06895906,-0.27839962,-0.47851747,-0.08480339,-0.05068773,-0.3024723,-0.029370427,-0.1325379,-0.4456634,-0.062476806,-0.22323364,-0.4846903,-0.08260173,-0.29202527,-0.48941147,-0.09278782,-0.047703326,-0.28273296,-0.05472709,-0.13273776,-0.42742497,-0.08359594,-0.22281665,-0.47152883,-0.09805048,-0.29226506,-0.48324072,-0.10416363,-0.06443137,-0.24254024,-0.08138219,-0.14123237,-0.35223925,-0.10614576,-0.20323285,-0.40623158,-0.11769484,-0.25278497,-0.44031918,-0.123031676
-0.08743471,-0.01777327,-0.0122635,-0.17140582,-0.11637506,-0.03041623,-0.24418417,-0.16276789,-0.051217873,-0.3098305,-0.18446809,-0.07094471,-0.058653593,-0.3026874,-0.02062254,-0.12904763,-0.43463653,-0.05982008,-0.21185067,-0.48156512,-0.08918746,-0.28191233,-0.48728263,-0.10586851,-0.04613769,-0.3025288,-0.038311105,-0.13328886,-0.4508621,-0.07641909,-0.22641405,-0.49128014,-0.09978148,-0.29737684,-0.4974388,-0.11157841,-0.048015296,-0.2806193,-0.059665732,-0.13387859,-0.4301039,-0.09036404,-0.22489244,-0.4772508,-0.10586411,-0.2950074,-0.49201822,-0.11220803,-0.06924957,-0.23924166,-0.08247275,-0.14348441,-0.35285166,-0.1058146,-0.20432207,-0.41164172,-0.11643901,-0.25250947,-0.45030323,-0.12103553
-0.084309995,-0.020762146,-0.008020313,-0.16223592,-0.115136206,-0.023269324,-0.23160753,-0.15773028,-0.041563414,-0.29615584,-0.17970917,-0.060013227,-0.055313766,-0.29419494,-0.019739931,-0.12333858,-0.41563737,-0.05567483,-0.20199716,-0.46550673,-0.08229077,-0.26924235,-0.47618428,-0.097996674,-0.040615916,-0.29715806,-0.039098877,-0.12449914,-0.43858922,-0.0752265,-0.21567905,-0.48253065,-0.097786106,-0.28775543,-0.49083546,-0.10968685,-0.040061116,-0.2769007,-0.061280746,-0.1244455,-0.4190203,-0.093381315,-0.21293622,-0.4661708,-0.11017009,-0.2824452,-0.47889566,-0.11732376,-0.06030166,-0.23532346,-0.084086165,-0.13410014,-0.3442064,-0.111024864,-0.1935235,-0.4029745,-0.12337881,-0.24120677,-0.4411381,-0.12910837
-0.08038223,-0.021962464,-0.009817393,-0.15553048,-0.12150946,-0.023136932,-0.22126988,-0.16999018,-0.038363747,-0.28338757,-0.19554439,-0.053616036,-0.042834282,-0.29037148,-0.026522165,-0.11156237,-0.40973014,-0.060110744,-0.19137317,-0.4587165,-0.08342897,-0.2596795,-0.47626203,-0.09748204,-0.027908146,-0.29330415,-0.04470857,-0.11295974,-0.43761104,-0.081284255,-0.20656312,-0.481576,-0.1018083,-0.27923968,-0.4917495,-0.11153298,-0.029190183,-0.27411187,-0.06503013,-0.114711046,-0.41383082,-0.09776858,-0.20622551,-0.46286237,-0.11358651,-0.27718067,-0.4788776,-0.11911644,-0.051274538,-0.23327899,-0.08589072,-0.12890702,-0.3443407,-0.11350398,-0.1923151,-0.40389657,-0.1251058,-0.24285302,-0.44097653,-0.12954916
-0.084904134,-0.020973206,-0.011814931,-0.15725824,-0.11959845,-0.026827285,-0.21996844,-0.17258841,-0.04163349,-0.2796048,-0.20280701,-0.056817017,-0.039182782,-0.28168362,-0.04463453,-0.110586524,-0.40960014,-0.08189617,-0.19225058,-0.45627496,-0.1044559,-0.26066726,-0.46813273,-0.11664045,-0.023607254,-0.28285736,-0.059323605,-0.10986161,-0.43483454,-0.10013366,-0.20512623,-0.4766368,-0.11988092,-0.27823836,-0.4853316,-0.12862594,-0.02646637,-0.26142445,-0.074838996,-0.11328715,-0.4093411,-0.11065722,-0.20493573,-0.4573352,-0.12606026,-0.2747865,-0.47087562,-0.13090129,-0.05246985,-0.22049898,-0.09015922,-0.12954181,-0.33517626,-0.12060337,-0.19119275,-0.39619386,-0.13332765,-0.23910603,-0.4359331,-0.1382812
-0.08521736,-0.013528585,-0.017718129,-0.15799221,-0.110616624,-0.032193627,-0.21697098,-0.16803536,-0.04458649,-0.271282,-0.2031472,-0.056953665,-0.04720235,-0.25799435,-0.0497776,-0.120578945,-0.38006324,-0.08419109,-0.1971843,-0.434393,-0.10484847,-0.2642702,-0.45665115,-0.116397835,-0.028470576,-0.26724526,-0.06138109,-0.11051196,-0.41708755,-0.09896566,-0.20164657,-0.46678352,-0.11809814,-0.27530962,-0.47705373,-0.1264997,-0.029387772,-0.2555256,-0.07368291,-0.11431867,-0.39656734,-0.10837779,-0.20324874,-0.45063686,-0.12534302,-0.27352065,-0.46953425,-0.13100082,-0.0523749,-0.22177678,-0.08612389,-0.13252473,-0.3299883,-0.11611685,-0.19760275,-0.39081436,-0.12877078,-0.25029755,-0.4278411,-0.13323332
-0.08521736,-0.013528585,-0.017718129,-0.15799221,-0.110616624,-0.032193627,-0.21697098,-0.16803536,-0.04458649,-0.271282,-0.2031472,-0.056953665,-0.04720235,-0.25799435,-0.0497776,-0.120578945,-0.38006324,-0.08419109,-0.1971843,-0.434393,-0.10484847,-0.2642702,-0.45665115,-0.116397835,-0.028470576,-0.26724526,-0.06138109,-0.11051196,-0.41708755,-0.09896566,-0.20164657,-0.46678352,-0.11809814,-0.27530962,-0.47705373,-0.1264997,-0.029387772,-0.2555256,-0.07368291,-0.11431867,-0.39656734,-0.10837779,-0.20324874,-0.45063686,-0.12534302,-0.27352065,-0.46953425,-0.13100082,-0.0523749,-0.22177678,-0.08612389,-0.13252473,-0.3299883,-0.11611685,-0.19760275,-0.39081436,-0.12877078,-0.25029755,-0.4278411,-0.13323332
-0.022727966,-0.091326594,0.013365446,-0.08207154,-0.20402503,0.00084620056,-0.14738399,-0.2661355,-0.013567619,-0.20193732,-0.30654293,-0.03144966,-0.019551277,-0.27613705,-0.060868993,-0.10948175,-0.4116334,-0.10683259,-0.1943033,-0.45738506,-0.1325097,-0.25854078,-0.4698106,-0.14556968,-0.029702425,-0.2445073,-0.08922354,-0.12425053,-0.39990756,-0.13071427,-0.21951598,-0.4475612,-0.14624551,-0.28708136,-0.4630451,-0.15401906,-0.05385846,-0.18988499,-0.11415558,-0.14548343,-0.32980764,-0.14686319,-0.22793919,-0.38136888,-0.15737857,-0.28572413,-0.41157866,-0.16323134,-0.08987963,-0.118127495,-0.13558802,-0.15971866,-0.2026366,-0.1686566,-0.21280634,-0.2493728,-0.17871362,-0.25315553,-0.28668463,-0.18274027
-0.0054631233,-0.099623024,0.008884704,-0.051760018,-0.20982659,-0.0068884473,-0.11588973,-0.27513403,-0.022540705,-0.17285526,-0.30647534,-0.042199586,-0.009286284,-0.2718161,-0.07396351,-0.10683781,-0.40162945,-0.12339732,-0.19316202,-0.44435167,-0.14980748,-0.2564764,-0.45621645,-0.16285391,-0.021418452,-0.23628503,-0.099594474,-0.12179953,-0.3874476,-0.14607055,-0.21486712,-0.43164325,-0.16137883,-0.2795033,-0.4442727,-0.16838329,-0.048788548,-0.17811963,-0.12137746,-0.14334518,-0.30400604,-0.15943885,-0.22363472,-0.35544336,-0.1693378,-0.27826822,-0.385138,-0.17353335,-0.08700186,-0.107025236,-0.13950421,-0.15561405,-0.19285485,-0.17482524,-0.2050497,-0.23972757,-0.18359871,-0.24386755,-0.2773481,-0.18645762
-0.0036691427,-0.09876433,0.013209622,-0.051329553,-0.21314856,0.00020693667,-0.11289054,-0.2872284,-0.014421902,-0.1694575,-0.3231214,-0.033493556,-0.006650567,-0.27389723,-0.06418723,-0.101041615,-0.4099663,-0.11122477,-0.18566069,-0.45721036,-0.13709009,-0.2508823,-0.4703656,-0.15007707,-0.017933965,-0.24362169,-0.09301666,-0.11826211,-0.40320262,-0.1362984,-0.21117967,-0.44946283,-0.15188086,-0.27737755,-0.4622301,-0.15908712,-0.045794785,-0.18708846,-0.11810604,-0.13482821,-0.3365525,-0.15662555,-0.21593446,-0.38708127,-0.16854492,-0.27399814,-0.4120614,-0.17333668,-0.08765209,-0.114374936,-0.13903837,-0.15126339,-0.2147586,-0.17692858,-0.20137674,-0.26546302,-0.18746236,-0.24179715,-0.3034855,-0.19053203
0.0037905574,-0.09868157,0.013890457,-0.036915302,-0.22153327,0.0045259516,-0.09344268,-0.3006128,-0.006774559,-0.14760831,-0.33890212,-0.022506041,0.0010839105,-0.2765463,-0.056451634,-0.08925313,-0.41842926,-0.09930606,-0.17184758,-0.47282526,-0.12118241,-0.23636895,-0.49375954,-0.13043538,-0.0135317445,-0.24471688,-0.08209529,-0.10414559,-0.41447136,-0.12501167,-0.19614157,-0.4642154,-0.13831106,-0.26315242,-0.48234692,-0.14144576,-0.048303366,-0.19545951,-0.10414427,-0.13162988,-0.36089894,-0.14099179,-0.21511686,-0.41976365,-0.14973329,-0.27539796,-0.44704252,-0.14901735,-0.09844184,-0.1357125,-0.12217642,-0.17328793,-0.26775214,-0.15376797,-0.22978187,-0.33835605,-0.16088781,-0.27298042,-0.3884794,-0.1602572
0.0073806047,-0.09996542,0.014619644,-0.033416808,-0.2212443,0.0021187202,-0.09608179,-0.2954954,-0.011886298,-0.15462902,-0.322761,-0.030140987,0.009622216,-0.28059474,-0.06792137,-0.087303996,-0.42188275,-0.11594307,-0.17631605,-0.4711609,-0.13830183,-0.23788309,-0.4802109,-0.14656816,-0.0068187714,-0.24053267,-0.09421051,-0.09810847,-0.41693616,-0.14409332,-0.1947661,-0.46822834,-0.15544674,-0.26031718,-0.48354605,-0.155786,-0.04405898,-0.18729049,-0.11643345,-0.12909824,-0.35575283,-0.15750635,-0.21715158,-0.41561115,-0.16104168,-0.2764219,-0.44057623,-0.15523139,-0.09427297,-0.12839305,-0.13436227,-0.17130303,-0.26771745,-0.16916539,-0.23055047,-0.34006703,-0.17463863,-0.27472866,-0.38718304,-0.17157279
0.014242828,-0.1027748,0.011502922,-0.021895766,-0.22205228,-0.0035939578,-0.086325884,-0.2944729,-0.018874297,-0.14344105,-0.32267725,-0.038361583,0.020062864,-0.2660291,-0.078147784,-0.07173836,-0.40839338,-0.12830326,-0.15539855,-0.4645094,-0.15203154,-0.21380037,-0.47673026,-0.16063477,-0.00253129,-0.22012824,-0.10200217,-0.08588344,-0.39372197,-0.15250756,-0.17971003,-0.45565253,-0.16328195,-0.24360499,-0.47149277,-0.16369247,-0.044727027,-0.16470224,-0.12167422,-0.12055802,-0.33260068,-0.16259344,-0.20492834,-0.39929938,-0.16570048,-0.26209965,-0.4264871,-0.15991522,-0.09719366,-0.10833284,-0.13701007,-0.16897243,-0.24525018,-0.17296748,-0.22419631,-0.31996936,-0.17950766,-0.26592708,-0.3694147,-0.17703252
0.015115142,-0.10315952,0.0087281475,-0.017193139,-0.22543555,-0.005581811,-0.07595557,-0.30076826,-0.018873125,-0.12756765,-0.34157312,-0.036923073,0.017585158,-0.26611382,-0.083751544,-0.06786311,-0.4135461,-0.12911671,-0.14621899,-0.47098774,-0.14805414,-0.20403707,-0.4923456,-0.15427858,-0.0057976246,-0.21567684,-0.105132364,-0.09517634,-0.38920343,-0.15075512,-0.18736356,-0.45250347,-0.16063842,-0.2502988,-0.4767264,-0.16197379,-0.049176514,-0.16013506,-0.12169986,-0.13330835,-0.33423385,-0.15841943,-0.21526548,-0.3984635,-0.16255604,-0.27006343,-0.42615214,-0.15893033,-0.10147506,-0.10398728,-0.13407536,-0.1761299,-0.24658775,-0.16808145,-0.22780484,-0.32515553,-0.17618813,-0.26459602,-0.38005775,-0.17556608
0.015115142,-0.10315952,0.0087281475,-0.017193139,-0.22543555,-0.005581811,-0.07595557,-0.30076826,-0.018873125,-0.12756765,-0.34157312,-0.036923073,0.017585158,-0.26611382,-0.083751544,-0.06786311,-0.4135461,-0.12911671,-0.14621899,-0.47098774,-0.14805414,-0.20403707,-0.4923456,-0.15427858,-0.0057976246,-0.21567684,-0.105132364,-0.09517634,-0.38920343,-0.15075512,-0.18736356,-0.45250347,-0.16063842,-0.2502988,-0.4767264,-0.16197379,-0.049176514,-0.16013506,-0.12169986,-0.13330835,-0.33423385,-0.15841943,-0.21526548,-0.3984635,-0.16255604,-0.27006343,-0.42615214,-0.15893033,-0.10147506,-0.10398728,-0.13407536,-0.1761299,-0.24658775,-0.16808145,-0.22780484,-0.32515553,-0.17618813,-0.26459602,-0.38005775,-0.17556608
0.021659017,-0.09990606,-0.0013184003,-0.0053694844,-0.2297078,-0.02086195,-0.0640316,-0.31154522,-0.036539525,-0.11439249,-0.36948264,-0.056312986,0.03869927,-0.24821982,-0.103608705,-0.045520544,-0.4032832,-0.14966244,-0.12364745,-0.4661939,-0.16580771,-0.18084508,-0.49017462,-0.1697419,0.0082707405,-0.19019264,-0.12091119,-0.084148705,-0.37269452,-0.1671074,-0.1763435,-0.44436342,-0.17503038,-0.23627663,-0.47596508,-0.17548288,-0.041742086,-0.13432652,-0.13328533,-0.12673509,-0.31245723,-0.1690903,-0.20897138,-0.38654166,-0.17175533,-0.26099482,-0.42427337,-0.16787614,-0.09959471,-0.0832544,-0.14204362,-0.16934627,-0.22881067,-0.17528023,-0.21898416,-0.3139692,-0.18212976,-0.25258112,-0.3736841,-0.18088664
0.020775199,-0.10007116,-0.0020198096,-0.002462387,-0.23017228,-0.022610184,-0.059027612,-0.31032655,-0.039637633,-0.109934986,-0.3663828,-0.060519446,0.03874618,-0.25015315,-0.10108948,-0.045208454,-0.40817827,-0.14766762,-0.123111576,-0.47205737,-0.16480544,-0.17963809,-0.4968849,-0.16903964,0.005277157,-0.19289857,-0.11815066,-0.0844425,-0.37699503,-0.16522914,-0.17454228,-0.44780993,-0.17410454,-0.23385054,-0.47730294,-0.1745079,-0.04624921,-0.13852754,-0.13055076,-0.12824708,-0.31692195,-0.16613945,-0.20861405,-0.39047927,-0.16887975,-0.26027876,-0.42695066,-0.16459718,-0.10466963,-0.08953145,-0.13960119,-0.17191517,-0.23576275,-0.17062867,-0.22020435,-0.31903744,-0.17598966,-0.25298136,-0.376823,-0.17369476
0.018752635,-0.10106677,-0.0043719327,-0.0030912757,-0.23247063,-0.026204288,-0.062567115,-0.31438762,-0.043329265,-0.1152882,-0.36898524,-0.063643895,0.0369187,-0.2545794,-0.10664228,-0.048815668,-0.41601497,-0.15441698,-0.12980112,-0.47838882,-0.16958527,-0.18661547,-0.4986801,-0.17172846,0.0035730004,-0.1954413,-0.121931896,-0.088715315,-0.3850314,-0.17170668,-0.18020475,-0.45356697,-0.17848216,-0.23989487,-0.4788535,-0.17635912,-0.048728168,-0.13990027,-0.1326579,-0.13221109,-0.32296136,-0.17081688,-0.21329206,-0.39498135,-0.17116028,-0.26540592,-0.42916608,-0.1640604,-0.10902977,-0.09182492,-0.14004265,-0.17916197,-0.24200773,-0.1739282,-0.22866741,-0.32547584,-0.17983338,-0.2630778,-0.3832922,-0.17694397
0.02054137,-0.10357526,-0.009540649,-0.0027893186,-0.2390736,-0.03324666,-0.06320852,-0.32214648,-0.051406145,-0.118156016,-0.38014907,-0.073265225,0.040827274,-0.24516444,-0.11194206,-0.046689093,-0.4039724,-0.15898526,-0.1250822,-0.46947515,-0.17504337,-0.18230885,-0.499207,-0.17829506,0.0013980865,-0.18052801,-0.12469652,-0.091264665,-0.36761498,-0.17222148,-0.1801975,-0.44304502,-0.17998016,-0.23965934,-0.48007372,-0.1796447,-0.053603172,-0.12496066,-0.13292442,-0.13541502,-0.3049324,-0.16883104,-0.21247548,-0.38448063,-0.17179672,-0.26270688,-0.42787755,-0.16743506,-0.114438504,-0.07920918,-0.13820858,-0.18110248,-0.2304928,-0.16740535,-0.22698638,-0.31481406,-0.17155129,-0.25927585,-0.3747272,-0.168638
0.02054137,-0.10357526,-0.009540649,-0.0027893186,-0.2390736,-0.03324666,-0.06320852,-0.32214648,-0.051406145,-0.118156016,-0.38014907,-0.073265225,0.040827274,-0.24516444,-0.11194206,-0.046689093,-0.4039724,-0.15898526,-0.1250822,-0.46947515,-0.17504337,-0.18230885,-0.499207,-0.17829506,0.0013980865,-0.18052801,-0.12469652,-0.091264665,-0.36761498,-0.17222148,-0.1801975,-0.44304502,-0.17998016,-0.23965934,-0.48007372,-0.1796447,-0.053603172,-0.12496066,-0.13292442,-0.13541502,-0.3049324,-0.16883104,-0.21247548,-0.38448063,-0.17179672,-0.26270688,-0.42787755,-0.16743506,-0.114438504,-0.07920918,-0.13820858,-0.18110248,-0.2304928,-0.16740535,-0.22698638,-0.31481406,-0.17155129,-0.25927585,-0.3747272,-0.168638
0.018679976,-0.10617897,-0.006729005,-0.0056023,-0.23824292,-0.029750144,-0.06594801,-0.32032764,-0.047133174,-0.11726737,-0.37794936,-0.06820258,0.03721255,-0.24352315,-0.114993274,-0.04901874,-0.40237963,-0.16393112,-0.12595633,-0.4694075,-0.1803418,-0.18190435,-0.49841243,-0.18393895,-0.0032830238,-0.17821148,-0.12917523,-0.09152764,-0.3611163,-0.18085462,-0.17805266,-0.44103777,-0.1900735,-0.23730624,-0.47768122,-0.19089085,-0.058069527,-0.12248331,-0.13868383,-0.13617533,-0.29748064,-0.17895031,-0.20852554,-0.38200074,-0.18502356,-0.25588244,-0.42835256,-0.18283607,-0.11831641,-0.07837802,-0.1446961,-0.18576288,-0.22550869,-0.18071966,-0.22931856,-0.31185022,-0.19113033,-0.25905904,-0.37536347,-0.19260244
0.018474579,-0.1068787,-0.0095512085,-0.010633349,-0.23759094,-0.034653075,-0.07064134,-0.3193055,-0.054474335,-0.12388235,-0.3795622,-0.0787585,0.03318721,-0.2448315,-0.117014274,-0.057259083,-0.40236038,-0.16697286,-0.1354748,-0.47098964,-0.18558004,-0.19419596,-0.50448,-0.19044901,-0.0049396157,-0.17840308,-0.13122244,-0.101670384,-0.36268437,-0.18062887,-0.19105119,-0.44246727,-0.19067119,-0.2497707,-0.48098513,-0.19237643,-0.05807823,-0.12051213,-0.14068215,-0.14185542,-0.3009712,-0.17940977,-0.21753573,-0.3834059,-0.18537293,-0.26537704,-0.42662674,-0.1830789,-0.11651856,-0.07120085,-0.14698634,-0.18764174,-0.22246608,-0.17963405,-0.23361823,-0.30845633,-0.1861233,-0.26401168,-0.36953193,-0.18471868
0.018161416,-0.107299805,-0.0066213934,-0.00966388,-0.23739275,-0.030599015,-0.07117015,-0.31713212,-0.049976807,-0.12578425,-0.37238887,-0.07343796,0.03366983,-0.2470806,-0.111619905,-0.057446778,-0.40389252,-0.16116083,-0.13480267,-0.4749498,-0.17969927,-0.19350898,-0.5094845,-0.1844917,-0.0030640364,-0.18060496,-0.12729873,-0.09795177,-0.3670654,-0.1782007,-0.18812871,-0.4473795,-0.18855968,-0.24860963,-0.4840423,-0.18977644,-0.056321442,-0.12258589,-0.13816355,-0.13834018,-0.30519125,-0.17724046,-0.21538049,-0.38543734,-0.18138675,-0.26492396,-0.4251376,-0.17696191,-0.11581862,-0.07368922,-0.14580758,-0.18734333,-0.22745958,-0.1774649,-0.23446131,-0.3124411,-0.18237834,-0.26650202,-0.3710739,-0.17942828
0.018161416,-0.107299805,-0.0066213934,-0.00966388,-0.23739275,-0.030599015,-0.07117015,-0.31713212,-0.049976807,-0.12578425,-0.37238887,-0.07343796,0.03366983,-0.2470806,-0.111619905,-0.057446778,-0.40389252,-0.16116083,-0.13480267,-0.4749498,-0.17969927,-0.19350898,-0.5094845,-0.1844917,-0.0030640364,-0.18060496,-0.12729873,-0.09795177,-0.3670654,-0.1782007,-0.18812871,-0.4473795,-0.18855968,-0.24860963,-0.4840423,-0.18977644,-0.056321442,-0.12258589,-0.13816355,-0.13834018,-0.30519125,-0.17724046,-0.21538049,-0.38543734,-0.18138675,-0.26492396,-0.4251376,-0.17696191,-0.11581862,-0.07368922,-0.14580758,-0.18734333,-0.22745958,-0.1774649,-0.23446131,-0.3124411,-0.18237834,-0.26650202,-0.3710739,-0.17942828
0.013659596,-0.106224865,-0.0034851918,-0.015755534,-0.23463371,-0.024726562,-0.07681185,-0.31331643,-0.041972518,-0.12962934,-0.3676207,-0.063183285,0.025409281,-0.2536716,-0.106219076,-0.066209435,-0.409079,-0.15577058,-0.14597216,-0.47888047,-0.17472307,-0.20484942,-0.5093758,-0.17939676,-0.007971168,-0.18938798,-0.1226314,-0.10104507,-0.37320372,-0.17368478,-0.19400835,-0.4520522,-0.18447842,-0.25459462,-0.48592958,-0.18558352,-0.058812737,-0.12977082,-0.13410814,-0.14022177,-0.31270885,-0.17352997,-0.22048083,-0.3910687,-0.17678979,-0.27058285,-0.42838937,-0.17123333,-0.116347134,-0.07665238,-0.14211494,-0.18836325,-0.23063457,-0.1751343,-0.237549,-0.3139791,-0.1796935,-0.27040762,-0.36912346,-0.17561124
0.007016659,-0.107248545,0.011860037,-0.029703498,-0.23138392,-0.0007175791,-0.09266597,-0.30389106,-0.012803551,-0.14691699,-0.33903497,-0.028580496,0.0025659204,-0.28258598,-0.07754957,-0.094356894,-0.43238807,-0.123972066,-0.17619452,-0.48448256,-0.1421836,-0.23582155,-0.5027759,-0.14642864,-0.020999491,-0.22794819,-0.09970096,-0.12090838,-0.4065357,-0.14776014,-0.2151222,-0.45989233,-0.15547718,-0.2777558,-0.4749072,-0.15261796,-0.06254995,-0.16843334,-0.11725737,-0.15388706,-0.34305277,-0.15569054,-0.23877096,-0.40221512,-0.15739433,-0.29398024,-0.42777818,-0.14946239,-0.1128149,-0.10759884,-0.13037837,-0.19515586,-0.24953163,-0.16243942,-0.25125706,-0.32152075,-0.16667667,-0.2908063,-0.37179625,-0.16181934
-0.0017592311,-0.101716876,0.009460243,-0.05118376,-0.22450486,-0.0037224083,-0.12153995,-0.29219234,-0.017270386,-0.18007812,-0.32266378,-0.034916107,-0.007585764,-0.2838133,-0.07099,-0.11054295,-0.41720265,-0.11727164,-0.19568354,-0.4646114,-0.13927172,-0.2590983,-0.4818819,-0.14773281,-0.024958074,-0.23377341,-0.094562285,-0.12895799,-0.39832738,-0.14202315,-0.22486272,-0.44619024,-0.15490103,-0.2906989,-0.46111658,-0.1570094,-0.06113249,-0.17417109,-0.11425067,-0.15638071,-0.33615494,-0.1543635,-0.24452019,-0.39223027,-0.16200599,-0.30414993,-0.4164904,-0.15910372,-0.11008513,-0.11020249,-0.1298744,-0.19478631,-0.24377155,-0.16425624,-0.25505453,-0.3125739,-0.17157431,-0.29908398,-0.3590517,-0.16975446
-0.014641464,-0.095097184,0.015689645,-0.07092458,-0.20042357,0.0051131076,-0.1383369,-0.25499576,-0.0086351875,-0.19542861,-0.27785972,-0.025979063,-0.027789533,-0.26302874,-0.053854823,-0.13116205,-0.38644296,-0.099491216,-0.21878964,-0.42401567,-0.12397679,-0.2850037,-0.4316774,-0.13488907,-0.038665533,-0.2305446,-0.08272393,-0.14538103,-0.3813046,-0.12561408,-0.2434772,-0.41665792,-0.1398042,-0.31181163,-0.422907,-0.14479712,-0.06656146,-0.17764354,-0.10860967,-0.16471723,-0.32643273,-0.14640225,-0.25634784,-0.36942127,-0.15732981,-0.32058203,-0.38433903,-0.15944558,-0.10802913,-0.11039513,-0.13053593,-0.1831527,-0.22561094,-0.16626643,-0.24425972,-0.28184062,-0.17636037,-0.29300997,-0.31641424,-0.17818715
-0.013490677,-0.09528652,0.012582784,-0.07400149,-0.20086637,0.0032979406,-0.13964945,-0.26026475,-0.008288352,-0.1926865,-0.292795,-0.02375423,-0.040350378,-0.25535703,-0.052562494,-0.14128435,-0.36694935,-0.09306153,-0.22315419,-0.40823644,-0.11597651,-0.28829408,-0.42325604,-0.1274739,-0.048888743,-0.22438228,-0.07818039,-0.16055182,-0.3493294,-0.11373203,-0.2555721,-0.3906261,-0.12865786,-0.32586995,-0.40604097,-0.13635501,-0.06930417,-0.17251888,-0.10035183,-0.17750567,-0.2858379,-0.12914617,-0.26268524,-0.3282376,-0.13871945,-0.32486242,-0.35441577,-0.14331008,-0.09942484,-0.103529096,-0.11931795,-0.17692381,-0.18366694,-0.14644644,-0.22741705,-0.227056,-0.15227894,-0.26724958,-0.26283604,-0.15296529
-0.024286091,-0.096129924,0.017254647,-0.09206486,-0.19641894,0.008383323,-0.1609402,-0.2522765,-0.0023906406,-0.21583861,-0.28635517,-0.01672632,-0.05707431,-0.2588373,-0.063961,-0.16351718,-0.3739619,-0.107745044,-0.25181565,-0.40383,-0.12964942,-0.31694412,-0.40742528,-0.1399225,-0.06257069,-0.22572187,-0.09230464,-0.17456087,-0.35649335,-0.13416316,-0.27557927,-0.38601983,-0.14809495,-0.34496355,-0.38931185,-0.15445271,-0.07972872,-0.16529,-0.11570084,-0.18756416,-0.2804577,-0.14723633,-0.2769336,-0.3159874,-0.15510808,-0.3382472,-0.33542305,-0.15893064,-0.10561538,-0.08473903,-0.13504079,-0.18683696,-0.1529398,-0.16705,-0.24164987,-0.1873649,-0.17475396,-0.2833186,-0.21334046,-0.17650421
-0.008436143,-0.10937178,0.009538765,-0.0683009,-0.21252638,-0.0013932073,-0.13281983,-0.26541227,-0.012096854,-0.18475977,-0.289459,-0.026967395,-0.04815477,-0.24741173,-0.07097906,-0.15532765,-0.3547722,-0.1095041,-0.23627186,-0.38896412,-0.12804143,-0.29770702,-0.39942175,-0.1376933,-0.07008743,-0.19941208,-0.095136374,-0.17390236,-0.32859275,-0.13309032,-0.26505837,-0.36543503,-0.1493389,-0.3293503,-0.37781262,-0.15806328,-0.09774715,-0.12991828,-0.113989875,-0.19473606,-0.24115425,-0.14563465,-0.269839,-0.28463984,-0.15982096,-0.32180932,-0.31731945,-0.16850297,-0.12438148,-0.04992622,-0.12853362,-0.19956964,-0.102589995,-0.16137758,-0.24850178,-0.12391001,-0.17083536,-0.28927225,-0.14334226,-0.17421503
-0.075553656,0.0036221147,-0.03002029,-0.16194433,-0.052601516,-0.050625797,-0.23373407,-0.086987734,-0.06362607,-0.29385614,-0.10733521,-0.07553779,-0.08856863,-0.18327636,-0.07228371,-0.19022644,-0.27299345,-0.10076219,-0.263691,-0.30792552,-0.114039786,-0.32333797,-0.32297608,-0.12014064,-0.06579059,-0.21716696,-0.07099977,-0.16509575,-0.33308056,-0.10220122,-0.24602869,-0.36749965,-0.11337684,-0.3063832,-0.37062287,-0.116317704,-0.05982846,-0.22250009,-0.0688457,-0.15783674,-0.32614034,-0.096792996,-0.23535493,-0.36500108,-0.10490104,-0.2903003,-0.3777237,-0.10476504,-0.07067567,-0.2048122,-0.06672839,-0.16056079,-0.28393105,-0.089647055,-0.2236808,-0.323753,-0.093010776,-0.27133274,-0.34309584,-0.09031865
-0.07216483,-0.02507472,-0.0070198732,-0.15969929,-0.078983575,-0.024094969,-0.23401421,-0.09423271,-0.03982417,-0.2964549,-0.10753471,-0.05569639,-0.07384938,-0.22599727,-0.051052567,-0.17799062,-0.30963537,-0.07819403,-0.2526436,-0.34115213,-0.092914715,-0.31715727,-0.35565573,-0.10188118,-0.06736803,-0.22467339,-0.06592423,-0.16989788,-0.34460938,-0.093139425,-0.24934202,-0.3796759,-0.10571239,-0.31081396,-0.38759896,-0.11232431,-0.07677972,-0.19742537,-0.07884051,-0.17001039,-0.31013894,-0.10142145,-0.24458757,-0.35955858,-0.110897526,-0.30026117,-0.38605273,-0.115379475,-0.10100472,-0.14904013,-0.09033878,-0.18045497,-0.23258075,-0.10942271,-0.23767504,-0.28705814,-0.113290824,-0.28310043,-0.32469255,-0.11408877
-0.0849334,-0.007910728,-0.009434826,-0.17243373,-0.08335751,-0.024832454,-0.2426908,-0.10835832,-0.040574744,-0.30589116,-0.12090033,-0.055314153,-0.07338977,-0.27727932,-0.031380806,-0.1702053,-0.37425637,-0.06278562,-0.25978845,-0.40257567,-0.08439882,-0.3344171,-0.40555194,-0.09745274,-0.062289298,-0.27816293,-0.04827585,-0.1713345,-0.39741674,-0.08010627,-0.27236843,-0.41660565,-0.09850923,-0.34894535,-0.41050765,-0.107734,-0.07005346,-0.25185886,-0.06583546,-0.17611536,-0.36809775,-0.09346419,-0.2717687,-0.39644057,-0.10427516,-0.34314385,-0.40211385,-0.1074454,-0.09596777,-0.19910225,-0.08353308,-0.18814307,-0.2859953,-0.1055594,-0.25520217,-0.32958144,-0.10976569,-0.3081774,-0.356269,-0.10915136
-0.08961022,0.00027364492,-0.009964345,-0.17907745,-0.0682559,-0.025407916,-0.2509361,-0.08966261,-0.041650806,-0.31626302,-0.10285467,-0.056419812,-0.08458918,-0.27559447,-0.02309828,-0.17600256,-0.3679176,-0.0541869,-0.26231098,-0.39635348,-0.076780565,-0.33540094,-0.40010536,-0.09139979,-0.07358563,-0.2808854,-0.04020905,-0.18185878,-0.3947739,-0.07149393,-0.27753907,-0.4105878,-0.09022419,-0.3507217,-0.40196848,-0.0998058,-0.079723656,-0.25671694,-0.058904994,-0.18551335,-0.36387897,-0.085076764,-0.27880162,-0.38777512,-0.09489123,-0.34978727,-0.3910867,-0.097959846,-0.10257977,-0.20278352,-0.078412496,-0.1917203,-0.28149286,-0.0987895,-0.25829965,-0.32257336,-0.10367969,-0.31239563,-0.34897327,-0.10416075
-0.09324217,0.013137102,-0.0051325345,-0.19875246,-0.050563157,-0.020050319,-0.27696937,-0.06502402,-0.03864106,-0.34379447,-0.069304824,-0.055771124,-0.11799967,-0.28020483,-0.01315955,-0.20864955,-0.38000363,-0.043905854,-0.293656,-0.39976114,-0.06637701,-0.36415398,-0.3922991,-0.08124674,-0.10231131,-0.28996328,-0.03580888,-0.21684077,-0.40177083,-0.06937301,-0.3149406,-0.4080445,-0.08828636,-0.3869073,-0.38985178,-0.09812631,-0.0989387,-0.2710117,-0.06145149,-0.21474135,-0.37756413,-0.08860706,-0.31449494,-0.3909145,-0.09983468,-0.38849175,-0.38435382,-0.10463367,-0.110399604,-0.22379088,-0.08820688,-0.20934597,-0.30414397,-0.10971867,-0.28390187,-0.34314802,-0.11860288,-0.34327847,-0.36895055,-0.12302835
-0.0877673,0.019349933,-0.0055147554,-0.19516662,-0.04206693,-0.017316269,-0.2770545,-0.054228663,-0.03412662,-0.34642598,-0.05119264,-0.04899108,-0.11832619,-0.2768692,0.0024915833,-0.20415455,-0.37512338,-0.0199419,-0.28776038,-0.39340836,-0.037726842,-0.35555506,-0.38425756,-0.049966134,-0.101931274,-0.28892183,-0.018588457,-0.21226585,-0.39549556,-0.043373123,-0.31084973,-0.40276778,-0.057956226,-0.3823204,-0.38568956,-0.06591123,-0.09775162,-0.2738788,-0.04398794,-0.2095131,-0.38158956,-0.066709064,-0.30719414,-0.3932789,-0.077257976,-0.37825882,-0.37902194,-0.08186978,-0.10897714,-0.23255005,-0.07118108,-0.2060976,-0.31182668,-0.09248491,-0.28021133,-0.34531015,-0.10299595,-0.33879215,-0.3605743,-0.10839903
-0.0919534,0.020391047,0.0010966269,-0.20290226,-0.031235456,-0.0071406392,-0.28537565,-0.03550595,-0.02278913,-0.35611188,-0.03568387,-0.036947615,-0.13956285,-0.27004135,0.018949779,-0.22199285,-0.36833018,-0.0025393958,-0.30562675,-0.38892627,-0.022137493,-0.37229216,-0.37784028,-0.035535514,-0.1221118,-0.2848934,-0.0066458057,-0.22472847,-0.3963064,-0.028851422,-0.32142735,-0.40414676,-0.04560897,-0.39106125,-0.38208514,-0.055424586,-0.11449045,-0.27465528,-0.037264206,-0.22093046,-0.38291657,-0.05781742,-0.31928754,-0.39459017,-0.071507215,-0.39186475,-0.37795442,-0.07890322,-0.12185454,-0.23702532,-0.06946301,-0.2167421,-0.318671,-0.08822402,-0.2887828,-0.35110873,-0.0993057,-0.34684217,-0.36470014,-0.10583765
-0.086963594,0.021738768,-0.007769575,-0.19917363,-0.0260849,-0.019694326,-0.28439134,-0.024729192,-0.037884623,-0.35870138,-0.019987643,-0.053954244,-0.15386778,-0.25966096,0.014347546,-0.22795385,-0.35450178,-0.010627136,-0.3094698,-0.37855583,-0.033436995,-0.3743055,-0.37232828,-0.049681444,-0.13956362,-0.2749604,-0.008127139,-0.23219058,-0.38329923,-0.03378886,-0.3255309,-0.39284384,-0.052543163,-0.39597827,-0.37326133,-0.06370217,-0.12839127,-0.2694621,-0.036621984,-0.22763592,-0.37769926,-0.060791627,-0.3219741,-0.39153057,-0.07492764,-0.39280552,-0.37674838,-0.08187133,-0.12681037,-0.2378841,-0.06774049,-0.21663892,-0.3188192,-0.08926929,-0.28926623,-0.3523581,-0.10150704,-0.3474496,-0.36633933,-0.10841469
-0.08872533,0.023300886,-0.011124846,-0.2034716,-0.017449737,-0.023727357,-0.29025862,-0.0100262165,-0.0427048,-0.3644598,-0.0035783648,-0.05963079,-0.18207568,-0.24097225,0.015595321,-0.25184488,-0.33655587,-0.012369986,-0.32803303,-0.36127043,-0.038845576,-0.38853872,-0.35417056,-0.057769872,-0.16725206,-0.25930572,-0.006232511,-0.251494,-0.36744,-0.03441138,-0.3415996,-0.37973312,-0.056430977,-0.41204688,-0.35966694,-0.07018056,-0.1480375,-0.2604313,-0.034921814,-0.23761472,-0.37382478,-0.060674883,-0.32695436,-0.38638288,-0.07632153,-0.39557162,-0.3677774,-0.0846999,-0.1308766,-0.2377713,-0.06687629,-0.21143258,-0.32032302,-0.09028125,-0.2830927,-0.35277662,-0.104109414,-0.34274387,-0.3647604,-0.11210263
-0.08767235,0.026703656,-0.011689572,-0.20481598,-0.0035769343,-0.023635251,-0.29499796,0.012642205,-0.041502573,-0.3692145,0.025195003,-0.058627456,-0.20567358,-0.21525693,0.0122640645,-0.2783431,-0.30276912,-0.014374933,-0.3492905,-0.32949123,-0.04073467,-0.41051477,-0.32679862,-0.060890716,-0.18624681,-0.23894191,-0.008659572,-0.2656004,-0.34439817,-0.036249295,-0.34955484,-0.36035997,-0.059977315,-0.41913426,-0.33965313,-0.07611683,-0.15629578,-0.24762142,-0.03575294,-0.2353087,-0.36349383,-0.059886746,-0.31523407,-0.3811186,-0.07623824,-0.3801572,-0.36379895,-0.08692641,-0.12220079,-0.23571011,-0.066049576,-0.18860805,-0.31934816,-0.089341536,-0.25194544,-0.35487872,-0.10383114,-0.30780202,-0.36668825,-0.11339364
-0.08618635,0.03372991,-0.023150047,-0.20370477,0.012404859,-0.039008185,-0.29485252,0.032899022,-0.057819776,-0.36858296,0.05555749,-0.07522838,-0.2140823,-0.19753063,0.0013664203,-0.2926622,-0.28412375,-0.027969217,-0.36105645,-0.3081857,-0.056893125,-0.42063957,-0.30225414,-0.07800881,-0.1947844,-0.22316849,-0.01213067,-0.2756741,-0.3250925,-0.042572368,-0.35488063,-0.34159586,-0.06982217,-0.4211319,-0.3228154,-0.08775266,-0.16325945,-0.23688641,-0.032050256,-0.23832157,-0.34849244,-0.05765015,-0.31065625,-0.36937907,-0.076095566,-0.3709674,-0.3550619,-0.08753673,-0.12434727,-0.23380893,-0.055794787,-0.18690419,-0.31736547,-0.07788687,-0.2456505,-0.35382187,-0.09164246,-0.2992429,-0.36600864,-0.10058669
-0.09839326,0.04339081,0.003370833,-0.22443527,0.032737136,-0.00019941403,-0.31582066,0.055455863,-0.014731202,-0.39277458,0.079579294,-0.029666953,-0.25118458,-0.18451852,0.049492218,-0.3339645,-0.26787683,0.03828529,-0.39956865,-0.29182082,0.018003395,-0.45789132,-0.28382766,-0.00070225133,-0.22569662,-0.21926016,0.018194437,-0.31524786,-0.31208897,0.0030816877,-0.39466935,-0.32587528,-0.020630872,-0.4583602,-0.3018734,-0.03946275,-0.19223613,-0.23832202,-0.020125795,-0.28116375,-0.34095985,-0.03670392,-0.35659188,-0.3549937,-0.054752685,-0.41634974,-0.3341648,-0.06915382,-0.1555286,-0.24132004,-0.061270192,-0.23415345,-0.31943107,-0.08085311,-0.30033028,-0.34618443,-0.09619219,-0.3582671,-0.3510468,-0.10854162
-0.08259666,0.057501853,-0.033407923,-0.21475065,0.06498921,-0.05424581,-0.3125466,0.09676063,-0.07596583,-0.38676193,0.12642235,-0.0960651,-0.26354098,-0.15624267,-0.003199259,-0.3496066,-0.2370978,-0.027714662,-0.41636747,-0.2601517,-0.05309864,-0.4734388,-0.25598532,-0.07311538,-0.24047148,-0.19654095,-0.013347864,-0.33453745,-0.28101587,-0.037476167,-0.4112014,-0.29585287,-0.05879842,-0.4778772,-0.2816869,-0.07347578,-0.2024436,-0.22345102,-0.031299252,-0.3018291,-0.30915055,-0.0538133,-0.37559748,-0.3284911,-0.06728041,-0.43955255,-0.3211496,-0.076340064,-0.1541872,-0.23511589,-0.05438539,-0.23813862,-0.30096602,-0.0770285,-0.3058862,-0.3301013,-0.089318596,-0.36832285,-0.34187242,-0.09726698
-0.08259666,0.057501853,-0.033407923,-0.21475065,0.06498921,-0.05424581,-0.3125466,0.09676063,-0.07596583,-0.38676193,0.12642235,-0.0960651,-0.26354098,-0.15624267,-0.003199259,-0.3496066,-0.2370978,-0.027714662,-0.41636747,-0.2601517,-0.05309864,-0.4734388,-0.25598532,-0.07311538,-0.24047148,-0.19654095,-0.013347864,-0.33453745,-0.28101587,-0.037476167,-0.4112014,-0.29585287,-0.05879842,-0.4778772,-0.2816869,-0.07347578,-0.2024436,-0.22345102,-0.031299252,-0.3018291,-0.30915055,-0.0538133,-0.37559748,-0.3284911,-0.06728041,-0.43955255,-0.3211496,-0.076340064,-0.1541872,-0.23511589,-0.05438539,-0.23813862,-0.30096602,-0.0770285,-0.3058862,-0.3301013,-0.089318596,-0.36832285,-0.34187242,-0.09726698
-0.08310026,0.061655432,-0.035579406,-0.21413183,0.071133226,-0.05735738,-0.31226528,0.102930576,-0.07976118,-0.3868487,0.13641456,-0.10048085,-0.26525468,-0.14873928,-0.0020565137,-0.35129926,-0.22578529,-0.024285179,-0.41785055,-0.25079498,-0.047951028,-0.4740237,-0.24890834,-0.06674488,-0.24410272,-0.18799073,-0.010357306,-0.3394101,-0.2675988,-0.032670487,-0.41426826,-0.28290707,-0.05273047,-0.4803919,-0.27100933,-0.06592161,-0.20725721,-0.21667612,-0.026811164,-0.30898398,-0.2971188,-0.04873124,-0.3826918,-0.3170249,-0.06281076,-0.44715148,-0.31185257,-0.07172682,-0.15985155,-0.23173568,-0.04858787,-0.24459147,-0.2989305,-0.071175985,-0.31284428,-0.32991016,-0.08453647,-0.37624782,-0.3446024,-0.09301321
-0.08430749,0.061706007,-0.03507655,-0.2190308,0.071526766,-0.055134363,-0.31797248,0.10375965,-0.075730115,-0.3918311,0.13453484,-0.09462069,-0.2667302,-0.14516988,-0.001973592,-0.35376456,-0.22337604,-0.024048857,-0.41999084,-0.24983007,-0.047625653,-0.47709978,-0.25069278,-0.06646967,-0.24571663,-0.18599665,-0.010134242,-0.3430475,-0.2658428,-0.033196997,-0.41964728,-0.28278628,-0.05447375,-0.4867313,-0.2729635,-0.0683014,-0.20931077,-0.21607542,-0.026230864,-0.31426936,-0.29547822,-0.048443668,-0.39016396,-0.31642377,-0.0637953,-0.45593274,-0.31400687,-0.07331199,-0.16220504,-0.23376808,-0.047476534,-0.24937141,-0.29925048,-0.06962845,-0.31888494,-0.33010203,-0.08329244,-0.3824615,-0.34597987,-0.09196766
-0.09468281,0.06533936,-0.03522903,-0.22473055,0.08532879,-0.054789517,-0.32218862,0.11797556,-0.07473633,-0.39655674,0.14053658,-0.0926117,-0.27782387,-0.12856677,-0.0030482432,-0.36697748,-0.20111352,-0.026064938,-0.42784804,-0.22592011,-0.050645746,-0.48279333,-0.2313618,-0.070286185,-0.25825042,-0.17402238,-0.00997977,-0.35509247,-0.24850266,-0.033012297,-0.42758262,-0.26698363,-0.05497289,-0.49328804,-0.26421833,-0.07037254,-0.22170854,-0.20739743,-0.02492812,-0.32526833,-0.28140116,-0.048065692,-0.39789367,-0.30348113,-0.06473987,-0.46191734,-0.30635345,-0.075432174,-0.17342305,-0.23036286,-0.044862676,-0.26124704,-0.29363632,-0.068398975,-0.32991192,-0.3214815,-0.08298749,-0.39282063,-0.3366024,-0.09224956
-0.09468281,0.06533936,-0.03522903,-0.22473055,0.08532879,-0.054789517,-0.32218862,0.11797556,-0.07473633,-0.39655674,0.14053658,-0.0926117,-0.27782387,-0.12856677,-0.0030482432,-0.36697748,-0.20111352,-0.026064938,-0.42784804,-0.22592011,-0.050645746,-0.48279333,-0.2313618,-0.070286185,-0.25825042,-0.17402238,-0.00997977,-0.35509247,-0.24850266,-0.033012297,-0.42758262,-0.26698363,-0.05497289,-0.49328804,-0.26421833,-0.07037254,-0.22170854,-0.20739743,-0.02492812,-0.32526833,-0.28140116,-0.048065692,-0.39789367,-0.30348113,-0.06473987,-0.46191734,-0.30635345,-0.075432174,-0.17342305,-0.23036286,-0.044862676,-0.26124704,-0.29363632,-0.068398975,-0.32991192,-0.3214815,-0.08298749,-0.39282063,-0.3366024,-0.09224956
-0.091128945,0.06596112,-0.0362476,-0.22154951,0.086399436,-0.05611917,-0.31874382,0.12070024,-0.07580561,-0.39194494,0.14406228,-0.093442045,-0.2750281,-0.12551227,-0.0066408264,-0.3643087,-0.20008892,-0.030239446,-0.42620358,-0.22641179,-0.05484896,-0.481653,-0.2332073,-0.07442868,-0.25489998,-0.17108825,-0.012942282,-0.35165298,-0.24559048,-0.036935817,-0.42504227,-0.2646247,-0.058984775,-0.49089444,-0.26205334,-0.07406287,-0.21830261,-0.20542958,-0.027052458,-0.3224387,-0.27754766,-0.050603036,-0.394664,-0.30008465,-0.06723387,-0.45849317,-0.30425945,-0.07765443,-0.16974378,-0.22990498,-0.046155557,-0.2580071,-0.29256463,-0.06979659,-0.32644305,-0.3205642,-0.084338404,-0.3890167,-0.33631378,-0.09343146
-0.08783716,0.06515354,-0.036054876,-0.22032255,0.07901561,-0.05579462,-0.31982604,0.11114192,-0.07511812,-0.3931393,0.13923681,-0.0925748,-0.26825327,-0.13153833,-0.0077291224,-0.35619465,-0.21195221,-0.034893703,-0.42058447,-0.24058858,-0.062195588,-0.47747427,-0.2448324,-0.08276729,-0.24841279,-0.1755262,-0.014022639,-0.34455118,-0.25595224,-0.04177513,-0.41977206,-0.27836975,-0.066617794,-0.48604298,-0.27416024,-0.082943186,-0.21359015,-0.20791328,-0.027947744,-0.31584698,-0.28765318,-0.053764053,-0.3895115,-0.31270587,-0.07251955,-0.4535908,-0.31488854,-0.083837315,-0.16748697,-0.22927028,-0.046622798,-0.2530836,-0.29631203,-0.070647664,-0.32025716,-0.3288198,-0.085467465,-0.38157618,-0.34619138,-0.09463195
-0.08352089,0.06382865,-0.035468433,-0.21798855,0.07032651,-0.054478858,-0.31718266,0.10097027,-0.07372694,-0.39187205,0.12989444,-0.09142605,-0.25702655,-0.14657485,-0.0033930114,-0.34311038,-0.22787221,-0.028012626,-0.40787262,-0.25758937,-0.053961486,-0.4640512,-0.26130906,-0.07382083,-0.23691124,-0.18607587,-0.009439323,-0.3305256,-0.2645335,-0.034818012,-0.40407234,-0.28904513,-0.0594417,-0.46908128,-0.28934222,-0.0756477,-0.20230669,-0.21542871,-0.023142874,-0.3015179,-0.29524648,-0.047404855,-0.37418467,-0.32128608,-0.066009514,-0.4386489,-0.32644534,-0.077214286,-0.15688902,-0.23335558,-0.041643612,-0.24069136,-0.30426428,-0.06475029,-0.30689198,-0.337767,-0.07933755,-0.36816633,-0.35574234,-0.0882616
-0.08352089,0.06382865,-0.035468433,-0.21798855,0.07032651,-0.054478858,-0.31718266,0.10097027,-0.07372694,-0.39187205,0.12989444,-0.09142605,-0.25702655,-0.14657485,-0.0033930114,-0.34311038,-0.22787221,-0.028012626,-0.40787262,-0.25758937,-0.053961486,-0.4640512,-0.26130906,-0.07382083,-0.23691124,-0.18607587,-0.009439323,-0.3305256,-0.2645335,-0.034818012,-0.40407234,-0.28904513,-0.0594417,-0.46908128,-0.28934222,-0.0756477,-0.20230669,-0.21542871,-0.023142874,-0.3015179,-0.29524648,-0.047404855,-0.37418467,-0.32128608,-0.066009514,-0.4386489,-0.32644534,-0.077214286,-0.15688902,-0.23335558,-0.041643612,-0.24069136,-0.30426428,-0.06475029,-0.30689198,-0.337767,-0.07933755,-0.36816633,-0.35574234,-0.0882616
-0.07693499,0.060789287,-0.032776274,-0.21472657,0.05791235,-0.04897656,-0.31530416,0.078657806,-0.06609438,-0.3921735,0.102452934,-0.08160156,-0.24641877,-0.16937447,0.0044273585,-0.3262744,-0.24859229,-0.015507893,-0.3912881,-0.2772156,-0.03843888,-0.4475152,-0.27743274,-0.0570138,-0.2264387,-0.20442945,-0.0031992677,-0.31396207,-0.2856736,-0.023938783,-0.3874623,-0.30930105,-0.046074886,-0.45369384,-0.30829126,-0.061074868,-0.19259524,-0.22849,-0.018613882,-0.2858015,-0.31242636,-0.040685624,-0.35949683,-0.33812058,-0.05781702,-0.42592525,-0.34205556,-0.068292625,-0.14875454,-0.2382245,-0.03884094,-0.23031873,-0.31243768,-0.06139041,-0.2962097,-0.34746757,-0.07568823,-0.35745463,-0.36558983,-0.08461386
-0.07993829,0.025316417,-0.024188915,-0.20223927,-0.019135356,-0.036583245,-0.29871738,-0.016177505,-0.05108332,-0.37499127,-0.005660057,-0.06411206,-0.18466884,-0.23016354,0.0031782603,-0.24781126,-0.32607782,-0.02147906,-0.31395566,-0.36653635,-0.045414466,-0.37457776,-0.37656492,-0.063836366,-0.16461927,-0.2545843,-0.007919048,-0.23581675,-0.36458707,-0.034114037,-0.31490818,-0.39403933,-0.05623955,-0.38717362,-0.38996094,-0.07081038,-0.13546163,-0.26300314,-0.025531227,-0.2024594,-0.38520515,-0.051476277,-0.27590385,-0.41590524,-0.06853023,-0.3415668,-0.4112169,-0.07795403,-0.103880405,-0.25071752,-0.04674895,-0.1682694,-0.33801028,-0.07067854,-0.22775024,-0.379791,-0.0847845,-0.28336996,-0.3976088,-0.09309641
-0.08624017,0.022447407,-0.020574234,-0.2071684,-0.028142154,-0.032066703,-0.30072883,-0.028378546,-0.04679702,-0.37657824,-0.02115193,-0.0603042,-0.17262292,-0.2368423,0.008206617,-0.22914514,-0.3349526,-0.014034453,-0.29074606,-0.3795107,-0.03644608,-0.34871662,-0.39374608,-0.05428093,-0.15137166,-0.2592312,-0.005806052,-0.2214967,-0.3742952,-0.03078506,-0.30217618,-0.40684247,-0.052764937,-0.37477198,-0.4048556,-0.06750909,-0.12383181,-0.26356316,-0.026279842,-0.1905331,-0.39111912,-0.051577043,-0.26752734,-0.4239421,-0.070126384,-0.33497754,-0.4193227,-0.08112601,-0.096812785,-0.2461187,-0.05001665,-0.15861845,-0.336247,-0.07385943,-0.21876252,-0.38194567,-0.08955448,-0.27566463,-0.40409994,-0.099699855
-0.08623016,-0.0012434721,-0.016036214,-0.19253457,-0.06801984,-0.03151629,-0.28193167,-0.076129705,-0.05166873,-0.3585695,-0.079167366,-0.07003409,-0.13806611,-0.2774725,0.004704894,-0.1917888,-0.39450508,-0.026122075,-0.26258639,-0.43684328,-0.053288247,-0.3249421,-0.44336945,-0.07276469,-0.11778402,-0.29134145,-0.014703699,-0.18463296,-0.42611405,-0.04845582,-0.27124506,-0.4582183,-0.073088855,-0.34491313,-0.4544124,-0.08786408,-0.09604794,-0.28419346,-0.040509034,-0.16795611,-0.42249158,-0.07057302,-0.2506562,-0.45527327,-0.08863411,-0.32055533,-0.45404142,-0.09855072,-0.080543995,-0.2532469,-0.069298886,-0.14387697,-0.34743592,-0.09571992,-0.203197,-0.39356324,-0.111298434,-0.2574621,-0.42091197,-0.12082258
-0.0805704,0.0010028481,-0.020752007,-0.18401033,-0.070270985,-0.03944501,-0.27238503,-0.08405805,-0.06137884,-0.3491829,-0.08904481,-0.081508905,-0.11723411,-0.27782387,-0.0067383996,-0.17009038,-0.3963773,-0.041143365,-0.24231806,-0.44004932,-0.06948301,-0.30476284,-0.4484818,-0.08875829,-0.0966146,-0.29137442,-0.024074623,-0.15991229,-0.43300498,-0.06135362,-0.24641061,-0.46634513,-0.08567039,-0.31829852,-0.4652658,-0.09904978,-0.07768792,-0.28309152,-0.047699492,-0.14634454,-0.424199,-0.08129591,-0.23158383,-0.45999855,-0.09919471,-0.3020598,-0.46185637,-0.10745826,-0.06847775,-0.25086012,-0.07427142,-0.13527054,-0.35093144,-0.10304678,-0.19791016,-0.40151095,-0.11846666,-0.25363773,-0.43202055,-0.12694128
-0.08398467,-0.0022091866,-0.018482404,-0.18886268,-0.083479166,-0.03574473,-0.2794879,-0.102582276,-0.056691397,-0.35809743,-0.10979271,-0.07563947,-0.117272794,-0.28878602,-0.004548676,-0.17215228,-0.41080046,-0.0405895,-0.2464126,-0.45557898,-0.07061537,-0.31144345,-0.4626931,-0.09059901,-0.09841269,-0.30105683,-0.022887614,-0.16363496,-0.44104236,-0.05993864,-0.25107762,-0.4793143,-0.08503414,-0.32495296,-0.48312896,-0.09936237,-0.08133143,-0.29058987,-0.047518972,-0.15234047,-0.43021077,-0.07982955,-0.23723623,-0.46930367,-0.09703266,-0.30820692,-0.47688985,-0.10533559,-0.07499194,-0.25610712,-0.07511234,-0.14175594,-0.35912627,-0.10206555,-0.20260653,-0.4124732,-0.1161515,-0.256239,-0.44686097,-0.12396036
-0.082339466,-0.008690178,-0.017150251,-0.18594775,-0.0913941,-0.034859415,-0.2745307,-0.11430162,-0.056635812,-0.3518752,-0.12446815,-0.07612277,-0.09956133,-0.29442555,-0.004222869,-0.15237403,-0.41576824,-0.039668698,-0.22752714,-0.4628677,-0.06793846,-0.29285046,-0.47095376,-0.0865146,-0.08106887,-0.30454984,-0.02378909,-0.14430755,-0.44916493,-0.061591066,-0.23253205,-0.48680776,-0.084771864,-0.30653152,-0.4893661,-0.09695477,-0.06772566,-0.29394427,-0.049673498,-0.13785022,-0.43569517,-0.083424814,-0.22550064,-0.47738102,-0.10007718,-0.2975185,-0.48474377,-0.10693707,-0.06806779,-0.2603109,-0.078348435,-0.13748002,-0.36600247,-0.106151804,-0.20053136,-0.41989842,-0.12031128,-0.25471696,-0.45247912,-0.1277245
-0.08133948,-0.0034819245,-0.025149802,-0.18188584,-0.09043574,-0.046036426,-0.2706197,-0.116292715,-0.06917228,-0.34979945,-0.12808669,-0.090378046,-0.097189486,-0.29263306,-0.014864983,-0.14252788,-0.41932154,-0.05398452,-0.2144242,-0.46866775,-0.085909486,-0.27814323,-0.48116568,-0.1073335,-0.07663387,-0.30219954,-0.030902242,-0.12914842,-0.4485157,-0.071281545,-0.21630001,-0.49035627,-0.097723685,-0.28977668,-0.49668255,-0.11289036,-0.05888468,-0.28870833,-0.053486142,-0.11830741,-0.43641075,-0.0894075,-0.20313367,-0.47878206,-0.1075768,-0.27372333,-0.48843655,-0.11603227,-0.052364886,-0.2508487,-0.079427525,-0.112101555,-0.3592928,-0.110022396,-0.17322308,-0.41489714,-0.1257882,-0.22695944,-0.44925934,-0.13431594
-0.08191407,-0.011804879,-0.019635312,-0.18007097,-0.10110968,-0.0396477,-0.2682551,-0.12925017,-0.06378798,-0.3448035,-0.14784062,-0.08602635,-0.10151124,-0.30306217,-0.009454058,-0.14328417,-0.43065065,-0.04899794,-0.21356702,-0.47911653,-0.08079545,-0.27832177,-0.4889378,-0.10177643,-0.0792554,-0.31332964,-0.029574672,-0.13232744,-0.46157956,-0.071262255,-0.2207523,-0.5025327,-0.09694763,-0.2974649,-0.5055757,-0.11069514,-0.05911261,-0.2991343,-0.056325577,-0.120618105,-0.44810387,-0.09317712,-0.2071225,-0.4893164,-0.11016995,-0.2793339,-0.49598163,-0.11713537,-0.049919367,-0.2604969,-0.08623813,-0.11051023,-0.37213516,-0.11730156,-0.17350587,-0.43125683,-0.1331822,-0.22887188,-0.4680848,-0.14137946
-0.08339131,-0.010232806,-0.021187631,-0.18360803,-0.097905695,-0.04338234,-0.27104658,-0.12370229,-0.06891736,-0.34705573,-0.14073539,-0.09306984,-0.11395407,-0.29938096,-0.01877393,-0.15235731,-0.43123218,-0.06269125,-0.22007516,-0.47478268,-0.0981843,-0.28192562,-0.4804184,-0.12143851,-0.087515116,-0.3069523,-0.037961803,-0.13699925,-0.45717025,-0.08242452,-0.2239491,-0.49349827,-0.11059461,-0.29704773,-0.49364972,-0.12649395,-0.060217798,-0.28931546,-0.06319956,-0.117705345,-0.4382566,-0.10077578,-0.2028054,-0.47597665,-0.11789328,-0.27300966,-0.4823904,-0.12588562,-0.03958112,-0.2454251,-0.09146169,-0.09080297,-0.35569412,-0.12263746,-0.15206176,-0.41262877,-0.13756628,-0.2064578,-0.44891357,-0.14547922
-0.078877866,-0.008216023,-0.023119643,-0.18260172,-0.09012002,-0.0478286,-0.27144745,-0.11052865,-0.0753692,-0.34933114,-0.12261176,-0.1015756,-0.118245125,-0.2968874,-0.02589666,-0.16668898,-0.42719895,-0.073032975,-0.23939645,-0.46655783,-0.10927461,-0.30432191,-0.46852195,-0.132635,-0.092920244,-0.30462652,-0.045808263,-0.14876392,-0.4594627,-0.09463591,-0.23700285,-0.4866572,-0.123527244,-0.30968803,-0.4781429,-0.13874818,-0.06530863,-0.2873881,-0.07163289,-0.12576056,-0.43853438,-0.11298146,-0.21323532,-0.46928066,-0.13032033,-0.28461576,-0.46911263,-0.13741134,-0.04331696,-0.24452427,-0.100431725,-0.09875834,-0.35644537,-0.13406256,-0.16381195,-0.4140464,-0.14971752,-0.2212336,-0.45232636,-0.15769935
-0.0832783,-0.0021686554,-0.025737857,-0.19112587,-0.07499862,-0.05413042,-0.28426242,-0.08613318,-0.084572,-0.36345327,-0.093002856,-0.114216484,-0.14620376,-0.28369138,-0.035074875,-0.188373,-0.41883987,-0.08603805,-0.25521135,-0.4560959,-0.12522003,-0.31674385,-0.4548102,-0.15033694,-0.11735386,-0.29205555,-0.053662404,-0.1681661,-0.4516164,-0.10533492,-0.25186312,-0.47953123,-0.13601013,-0.32234204,-0.4677624,-0.15256126,-0.081302226,-0.2771604,-0.0778129,-0.13446417,-0.4276506,-0.11950502,-0.21816218,-0.45952106,-0.13682348,-0.28762043,-0.4579599,-0.14463969,-0.044272065,-0.23812428,-0.104915015,-0.09041083,-0.3518923,-0.13697782,-0.15096399,-0.41253293,-0.15131661,-0.20674229,-0.45343256,-0.15895528
-0.08421284,0.004518509,-0.02434248,-0.19766846,-0.06633717,-0.049381375,-0.29202902,-0.075663924,-0.076575175,-0.37039012,-0.078327894,-0.102562666,-0.15437832,-0.27885774,-0.028186925,-0.19775999,-0.41152966,-0.07369822,-0.26687554,-0.44774792,-0.1090293,-0.32836455,-0.44683355,-0.13250722,-0.12520456,-0.29061878,-0.046643917,-0.1799188,-0.44962096,-0.094142236,-0.265477,-0.47437584,-0.12181558,-0.33476257,-0.4600883,-0.1364359,-0.08864468,-0.27866483,-0.07088297,-0.14780694,-0.4275307,-0.10958287,-0.23501289,-0.45553073,-0.12620814,-0.30509546,-0.45050448,-0.13364281,-0.051759124,-0.24270114,-0.09824352,-0.10669029,-0.35228005,-0.12967223,-0.17438722,-0.4063561,-0.14511615,-0.23421878,-0.44047648,-0.15347143
-0.08371824,0.0049527884,-0.027872875,-0.19695121,-0.06260508,-0.055519424,-0.29111016,-0.07128888,-0.084288396,-0.36951986,-0.07393116,-0.11195442,-0.15750709,-0.273941,-0.033947133,-0.20206314,-0.40356883,-0.08185727,-0.2695198,-0.44004005,-0.119454816,-0.32972085,-0.4402653,-0.14465468,-0.12706846,-0.28814954,-0.051694777,-0.18029368,-0.44825855,-0.10142749,-0.26456934,-0.4720068,-0.1306218,-0.33309036,-0.4562261,-0.14608167,-0.08819866,-0.27628055,-0.07516971,-0.14541596,-0.4246137,-0.11602081,-0.23110762,-0.45272017,-0.1331082,-0.3001947,-0.44873545,-0.14099783,-0.047420204,-0.23828462,-0.10178088,-0.09783697,-0.34547725,-0.13402303,-0.16139197,-0.39966592,-0.14825357,-0.21866569,-0.43556714,-0.15594515
-0.08801776,0.007871151,-0.024677418,-0.20199746,-0.058269918,-0.052025862,-0.2963703,-0.06719023,-0.081353106,-0.37507126,-0.073037565,-0.109474875,-0.16508284,-0.27485815,-0.034699917,-0.21350852,-0.41319638,-0.08588749,-0.282283,-0.44665873,-0.12470172,-0.34476382,-0.4393433,-0.14927043,-0.13325876,-0.28562394,-0.05438411,-0.1857593,-0.45246243,-0.1054544,-0.2704226,-0.4725595,-0.13398609,-0.34004253,-0.45074674,-0.14848284,-0.09268129,-0.27158645,-0.07980022,-0.14679122,-0.42071566,-0.12114904,-0.23316723,-0.4466959,-0.1371131,-0.30329224,-0.43975258,-0.14391199,-0.050242603,-0.23288849,-0.10816328,-0.09920901,-0.34361592,-0.13984115,-0.16158736,-0.39876246,-0.15276827,-0.21758297,-0.43476078,-0.1592736
-0.08761829,0.011730254,-0.024249014,-0.20385692,-0.0527575,-0.050673425,-0.2972225,-0.0612123,-0.07944549,-0.37625974,-0.065301895,-0.107090294,-0.1670677,-0.27512783,-0.03108458,-0.21353585,-0.40858135,-0.08047662,-0.28199053,-0.44122648,-0.118725345,-0.34450495,-0.43466133,-0.14366445,-0.13575858,-0.28826633,-0.051611234,-0.19026402,-0.44974896,-0.102592714,-0.27571872,-0.46906552,-0.13215467,-0.34568655,-0.4477749,-0.14766893,-0.096330106,-0.2753806,-0.0780176,-0.15546307,-0.42219573,-0.12091936,-0.2425654,-0.44527835,-0.13869652,-0.31212133,-0.43625855,-0.14637947,-0.055386484,-0.23711625,-0.10730739,-0.11064571,-0.34638265,-0.14112356,-0.1777263,-0.40038282,-0.15626669,-0.2367456,-0.43498242,-0.16420186
-0.08679396,0.016275585,-0.025673639,-0.20430803,-0.047264397,-0.052703384,-0.29851758,-0.053409696,-0.08188478,-0.37897053,-0.054789305,-0.11001509,-0.1657652,-0.27529508,-0.02951854,-0.21582514,-0.40236914,-0.075619675,-0.28498924,-0.43572626,-0.11179937,-0.3476619,-0.43119812,-0.13587956,-0.13496989,-0.28900507,-0.049047798,-0.19693455,-0.44198412,-0.09646368,-0.28304228,-0.4627824,-0.12535991,-0.3548702,-0.44508284,-0.1410827,-0.09662479,-0.2775197,-0.07453308,-0.16361603,-0.42204094,-0.11541346,-0.2507756,-0.44497505,-0.13342988,-0.32161358,-0.43617404,-0.14155334,-0.05820787,-0.2402983,-0.10301843,-0.11895895,-0.34759805,-0.13622148,-0.18645877,-0.40067703,-0.15180828,-0.24684912,-0.4343086,-0.16003655
-0.083126724,0.01792711,-0.027287036,-0.20119745,-0.042680025,-0.053822573,-0.29513538,-0.045694172,-0.08133699,-0.3739831,-0.046690524,-0.10827871,-0.1660257,-0.26697895,-0.038145352,-0.21516976,-0.39474982,-0.08313405,-0.2793057,-0.43079317,-0.1176727,-0.3397661,-0.430742,-0.14064515,-0.13108802,-0.27991313,-0.05525781,-0.1848281,-0.4292944,-0.09854969,-0.26552713,-0.45395708,-0.1261227,-0.33410576,-0.4421627,-0.14255023,-0.08752787,-0.26692775,-0.07745907,-0.137245,-0.40060544,-0.114242,-0.21986848,-0.4287629,-0.13085525,-0.28859842,-0.42834777,-0.14003906,-0.042014718,-0.22724724,-0.10266186,-0.08582032,-0.32755092,-0.13301462,-0.14373451,-0.3798753,-0.14575492,-0.19565621,-0.41174108,-0.15271439
-0.08189505,0.023869753,-0.025733285,-0.20023894,-0.032199025,-0.0495347,-0.2901902,-0.03155279,-0.07498495,-0.36736384,-0.029222608,-0.100077674,-0.16639394,-0.26360482,-0.029855708,-0.21444508,-0.38586244,-0.070546016,-0.27807975,-0.42066127,-0.103028044,-0.3373574,-0.41947716,-0.12536354,-0.13177791,-0.28191236,-0.04828956,-0.18733642,-0.4284132,-0.090602234,-0.27022946,-0.45029163,-0.11912883,-0.34205934,-0.43473017,-0.13636748,-0.090655565,-0.27322793,-0.07221908,-0.14710447,-0.41487914,-0.11087581,-0.23428509,-0.4385484,-0.13160324,-0.30756944,-0.43001187,-0.14274296,-0.050935626,-0.23762289,-0.09888342,-0.111481845,-0.340764,-0.13232742,-0.17925087,-0.39296293,-0.14998265,-0.2384497,-0.42353046,-0.16022165
-0.08047056,0.023198605,-0.025211904,-0.19851857,-0.028538764,-0.049846403,-0.28821415,-0.024695516,-0.0752244,-0.36401135,-0.016204774,-0.101319574,-0.1750691,-0.25308353,-0.03456349,-0.22212341,-0.37473884,-0.074927405,-0.27930897,-0.41165447,-0.10863558,-0.33536106,-0.4097576,-0.13209832,-0.13682973,-0.27101183,-0.05233299,-0.18361714,-0.41496077,-0.09078503,-0.25948304,-0.44421524,-0.11936193,-0.33015835,-0.43011892,-0.13856779,-0.08889258,-0.26202056,-0.07479798,-0.13437518,-0.40156153,-0.10945353,-0.21290135,-0.43411976,-0.12926802,-0.2837469,-0.43007112,-0.1423639,-0.03907782,-0.22432452,-0.09964834,-0.08157414,-0.32793698,-0.13032031,-0.13637269,-0.38132274,-0.14467606,-0.18969297,-0.41004574,-0.15393837
-0.082478106,0.02480805,-0.023812944,-0.2004832,-0.024790943,-0.044281688,-0.29048127,-0.017397165,-0.066483036,-0.36539114,-0.0061303973,-0.08932821,-0.1796838,-0.24879104,-0.016306004,-0.2247423,-0.36032173,-0.04749303,-0.27926427,-0.39670107,-0.07660199,-0.33365673,-0.39905548,-0.09863238,-0.14531907,-0.27361482,-0.032924086,-0.19820455,-0.40642646,-0.0652916,-0.2751743,-0.43779147,-0.09354938,-0.34807965,-0.42570367,-0.1132666,-0.1006372,-0.27239126,-0.05495862,-0.15487891,-0.41051728,-0.08612884,-0.23112178,-0.44036335,-0.10872179,-0.30120987,-0.4303555,-0.1235485,-0.05406314,-0.2433253,-0.07960728,-0.102770686,-0.34359407,-0.10960681,-0.16022614,-0.39289558,-0.12822846,-0.21698713,-0.4166355,-0.14067283
-0.08654159,0.03411752,-0.034785084,-0.20781091,-0.0017755032,-0.06114553,-0.29918277,0.011606097,-0.08713726,-0.37426358,0.018815696,-0.11328541,-0.19413158,-0.23438403,-0.029991774,-0.24899134,-0.34489477,-0.06567114,-0.30242375,-0.3824453,-0.098043956,-0.35525006,-0.3870558,-0.12154284,-0.15978128,-0.261357,-0.041448917,-0.22377032,-0.3851506,-0.07852509,-0.29555064,-0.41526276,-0.10912696,-0.3621353,-0.40392438,-0.12916687,-0.11206001,-0.2637852,-0.058848064,-0.17319241,-0.38944674,-0.09321397,-0.2381174,-0.4182909,-0.11541341,-0.2984447,-0.41326362,-0.12877925,-0.05933231,-0.24083006,-0.07979572,-0.11011845,-0.33953342,-0.11054446,-0.1601035,-0.3900049,-0.12767316,-0.20984018,-0.4188206,-0.13832675
-0.08236295,0.034305573,-0.036819495,-0.19874102,0.0017422438,-0.06604435,-0.287209,0.017465055,-0.09378618,-0.36138713,0.02782476,-0.12191022,-0.19255173,-0.23582792,-0.04045645,-0.2503374,-0.3517514,-0.08039489,-0.30432832,-0.3873378,-0.11539899,-0.35850722,-0.38833845,-0.13937606,-0.15225157,-0.26240063,-0.050846186,-0.21148309,-0.39212036,-0.08882081,-0.2776122,-0.41889137,-0.11785888,-0.33926553,-0.4025102,-0.1366206,-0.098890126,-0.26196358,-0.06689344,-0.14714926,-0.39138705,-0.101042695,-0.20550713,-0.4215346,-0.120460846,-0.25943,-0.41723108,-0.1319706,-0.041842937,-0.23315457,-0.08651325,-0.0931319,-0.32952255,-0.1159032,-0.13904262,-0.3783444,-0.12902708,-0.18338692,-0.40475696,-0.13665596
-0.07893646,0.03462434,-0.039710026,-0.1970165,0.008979917,-0.07027426,-0.2850045,0.032723308,-0.09879406,-0.35991454,0.047328234,-0.12776254,-0.20064044,-0.23411274,-0.04486075,-0.26162523,-0.35157096,-0.089087,-0.3199559,-0.38640046,-0.12707135,-0.37433237,-0.3829522,-0.1524154,-0.1587452,-0.2599732,-0.05451553,-0.21457535,-0.3940224,-0.09669074,-0.27298927,-0.4151337,-0.12562387,-0.3234344,-0.38939533,-0.14271447,-0.10325807,-0.260102,-0.070424676,-0.15156594,-0.38504118,-0.10618176,-0.2063579,-0.41731307,-0.12317071,-0.25500533,-0.41656452,-0.1323167,-0.04342079,-0.23229185,-0.0905324,-0.09593779,-0.32780161,-0.121140935,-0.14041811,-0.37851292,-0.13294092,-0.18195146,-0.4091032,-0.13909526
-0.085089564,0.038038313,-0.04260991,-0.20040816,0.022173703,-0.07467916,-0.28803396,0.050667048,-0.10450902,-0.3636506,0.07024312,-0.13417186,-0.22050172,-0.22045976,-0.03472708,-0.27681655,-0.32934234,-0.07379138,-0.32571095,-0.36874932,-0.11139664,-0.37359586,-0.37027898,-0.13739039,-0.17851394,-0.2522542,-0.042904377,-0.2327314,-0.38023496,-0.08345438,-0.2860332,-0.40534824,-0.11527365,-0.3333997,-0.38149533,-0.13342588,-0.12302214,-0.25989026,-0.05787344,-0.17695817,-0.38004598,-0.090952896,-0.22531816,-0.41277117,-0.10907489,-0.27116346,-0.41126555,-0.11849138,-0.060503304,-0.2412518,-0.07761318,-0.10954058,-0.33860973,-0.10604474,-0.15256304,-0.39106542,-0.1185299,-0.19610777,-0.4239092,-0.12482308
-0.08359021,0.039324284,-0.04330608,-0.19664943,0.030530035,-0.076129764,-0.28174925,0.06228733,-0.10673707,-0.3571025,0.0854457,-0.13720857,-0.22453907,-0.20972964,-0.03538099,-0.27990943,-0.31976914,-0.07475743,-0.3290162,-0.36152074,-0.11244847,-0.37580144,-0.3640718,-0.1383722,-0.18085322,-0.24392617,-0.04328972,-0.23290971,-0.37396675,-0.085119195,-0.28226686,-0.3997512,-0.11668134,-0.3238398,-0.37445444,-0.13401757,-0.124705434,-0.2552886,-0.05812237,-0.1783422,-0.3718809,-0.09192216,-0.22396448,-0.40474597,-0.10948196,-0.2666008,-0.40305442,-0.11805154,-0.061437845,-0.24179381,-0.07785513,-0.10944843,-0.33753425,-0.106632195,-0.15164697,-0.3900253,-0.11883852,-0.1939666,-0.42292982,-0.12468834
-0.085024714,0.043548465,-0.045116577,-0.19900885,0.038467526,-0.078840196,-0.28455135,0.06700587,-0.10998618,-0.3597691,0.091649055,-0.14090624,-0.22920403,-0.19841033,-0.03887071,-0.2860285,-0.3068602,-0.079249464,-0.3323437,-0.35345554,-0.11754378,-0.37346673,-0.3627364,-0.1437037,-0.18349409,-0.23764685,-0.045539487,-0.23503798,-0.36639035,-0.08808949,-0.2785381,-0.39870393,-0.12027543,-0.31293967,-0.38099727,-0.13836834,-0.12606317,-0.25396407,-0.059145417,-0.17675978,-0.36719286,-0.09415264,-0.21658513,-0.4015614,-0.11222655,-0.25301883,-0.40082657,-0.12106293,-0.06186396,-0.24639279,-0.077638164,-0.10873586,-0.34037274,-0.10723072,-0.14919329,-0.39125258,-0.1195624,-0.18984973,-0.42122766,-0.12538816
-0.08940345,0.04371494,-0.046011243,-0.20259047,0.039722264,-0.08110582,-0.28742594,0.070813775,-0.1137152,-0.3626699,0.09589559,-0.14613003,-0.23674965,-0.20226356,-0.03843586,-0.2925778,-0.30750164,-0.07983462,-0.33570373,-0.35495952,-0.12041003,-0.37224633,-0.36359894,-0.14781648,-0.18875366,-0.24479404,-0.044936255,-0.23965448,-0.37344754,-0.08847004,-0.28018808,-0.40734303,-0.12361683,-0.3090403,-0.38629305,-0.14340214,-0.12903029,-0.26200688,-0.058354985,-0.17770231,-0.37990332,-0.0924094,-0.21528289,-0.41259724,-0.11171492,-0.24703458,-0.4040541,-0.12124097,-0.0632807,-0.25339842,-0.076793715,-0.10913175,-0.34787947,-0.104639694,-0.14777058,-0.4009031,-0.11681581,-0.1840074,-0.4318609,-0.12238406
-0.08983445,0.036069334,-0.04199095,-0.19726264,0.037932158,-0.07752343,-0.27555937,0.07659358,-0.1119552,-0.346936,0.10528368,-0.14633928,-0.24243197,-0.20776033,-0.0377435,-0.29633576,-0.31492162,-0.08004078,-0.33359504,-0.36390865,-0.1202763,-0.35911542,-0.36864486,-0.14614278,-0.19226784,-0.25162208,-0.046382014,-0.24382389,-0.38160178,-0.09197003,-0.27236417,-0.41982853,-0.12787798,-0.28249082,-0.39975375,-0.14684755,-0.13106364,-0.26941478,-0.061230134,-0.18164283,-0.39031658,-0.096232474,-0.21179074,-0.42414454,-0.1132275,-0.23240975,-0.41498268,-0.1197931,-0.06503856,-0.26294613,-0.08054292,-0.11134547,-0.35892022,-0.10810604,-0.14752728,-0.41556603,-0.11847658,-0.17851931,-0.4510028,-0.12160908
-0.08988011,0.039455354,-0.043587685,-0.19698834,0.044460416,-0.07981735,-0.27354786,0.08465266,-0.11463545,-0.34259272,0.11564195,-0.14964573,-0.24399424,-0.20422438,-0.041030187,-0.2972261,-0.31096563,-0.08374805,-0.33319944,-0.36302543,-0.12496289,-0.35696703,-0.3710953,-0.15166143,-0.19201481,-0.24889326,-0.049131345,-0.24097529,-0.3784098,-0.09574083,-0.2681113,-0.41740832,-0.1340148,-0.2758487,-0.39636785,-0.15471472,-0.1297248,-0.26644996,-0.063315906,-0.17638296,-0.38834095,-0.09908733,-0.20479423,-0.42391914,-0.11911006,-0.22108263,-0.41246393,-0.12773408,-0.0638355,-0.25907192,-0.08203085,-0.10816789,-0.35606995,-0.11064993,-0.14406508,-0.41294232,-0.12307812,-0.17264879,-0.44608703,-0.12767132
-0.089039564,0.044349074,-0.04866127,-0.19442749,0.053272903,-0.087220885,-0.27057183,0.0939675,-0.12350258,-0.33981413,0.123603046,-0.16053116,-0.23956636,-0.19947428,-0.049681995,-0.29365158,-0.29873854,-0.09350962,-0.3296342,-0.35512277,-0.1361675,-0.3513683,-0.3711447,-0.1642398,-0.18794179,-0.24612737,-0.05614001,-0.2408989,-0.3754981,-0.10646053,-0.26555097,-0.41799226,-0.14932588,-0.2643371,-0.39635754,-0.17235927,-0.124789596,-0.26400992,-0.068288,-0.17052484,-0.3857939,-0.107250206,-0.195988,-0.42220303,-0.13358296,-0.20323944,-0.4075032,-0.14561729,-0.05816847,-0.25535077,-0.08505753,-0.10187882,-0.35173032,-0.11710181,-0.13800704,-0.40892863,-0.13435957,-0.16239244,-0.43921626,-0.14188896
-0.09052724,0.040780723,-0.04689018,-0.19802046,0.042824924,-0.08557317,-0.27782795,0.081127286,-0.121785924,-0.35126343,0.112532794,-0.15824881,-0.23635006,-0.20276418,-0.04892634,-0.28949338,-0.3116857,-0.09547185,-0.33072352,-0.36061943,-0.1386167,-0.36492217,-0.36905736,-0.16635558,-0.1856606,-0.24700713,-0.056734834,-0.23212159,-0.37967223,-0.104809396,-0.26868966,-0.41345972,-0.14071672,-0.2918564,-0.3897258,-0.15959851,-0.12226361,-0.26237535,-0.07104294,-0.162781,-0.38014305,-0.1088126,-0.194538,-0.41739637,-0.12749374,-0.21957672,-0.41249812,-0.13509233,-0.05506587,-0.24961156,-0.09027997,-0.09809232,-0.34554744,-0.12000429,-0.13443094,-0.40003127,-0.13067065,-0.16635174,-0.43236047,-0.13407226
-0.090204656,0.042011976,-0.049746703,-0.20170456,0.03888315,-0.08910963,-0.28660262,0.071887076,-0.12573864,-0.36378595,0.09749788,-0.1622426,-0.2337766,-0.20906502,-0.048401404,-0.28845093,-0.32659483,-0.09625727,-0.33401966,-0.37521318,-0.14149898,-0.3720198,-0.3773753,-0.17067434,-0.18379664,-0.25215465,-0.05454075,-0.23337907,-0.38704616,-0.10373617,-0.2737155,-0.42107213,-0.14281982,-0.2992314,-0.3941332,-0.16445896,-0.12066311,-0.26766527,-0.06750136,-0.16364866,-0.3889149,-0.10398798,-0.19839072,-0.42908272,-0.12525454,-0.2257348,-0.42317706,-0.13592374,-0.052261055,-0.25534487,-0.08582475,-0.09646094,-0.3513798,-0.11518374,-0.1353836,-0.40309006,-0.12804113,-0.17100823,-0.4289931,-0.13375944
-0.088347435,0.042779565,-0.04835054,-0.20471919,0.031044483,-0.084353395,-0.29267922,0.058945894,-0.116942674,-0.36960715,0.08356583,-0.14945608,-0.22804433,-0.21292275,-0.046488557,-0.28368106,-0.3301834,-0.09043167,-0.3306922,-0.37816614,-0.1317347,-0.37361377,-0.38255608,-0.15913539,-0.17814082,-0.25384778,-0.05270103,-0.2252157,-0.39094335,-0.096614696,-0.2708668,-0.42537764,-0.13027148,-0.30676836,-0.4034568,-0.14923249,-0.11503029,-0.26627904,-0.06579615,-0.1573748,-0.38783094,-0.09911562,-0.1987958,-0.4321748,-0.117318496,-0.23499104,-0.43663594,-0.12710233,-0.047166824,-0.2500138,-0.08423169,-0.09404564,-0.34376097,-0.112434246,-0.13404095,-0.39475614,-0.12281611,-0.17163354,-0.4226336,-0.1273197
-0.082000494,0.038521945,-0.04547506,-0.2014324,0.017494917,-0.07772662,-0.29156858,0.0362702,-0.106903605,-0.3685689,0.05095339,-0.136268,-0.20986074,-0.22363272,-0.043998737,-0.26565528,-0.34190333,-0.08621344,-0.31921637,-0.39035368,-0.124175794,-0.36643377,-0.39604583,-0.14971904,-0.16363078,-0.25567114,-0.050959837,-0.21393928,-0.3898497,-0.09298813,-0.2645159,-0.42856985,-0.1234981,-0.30551648,-0.41521904,-0.14132208,-0.10437524,-0.26192275,-0.06482355,-0.15293437,-0.38361624,-0.09999233,-0.19894817,-0.43134093,-0.117794275,-0.24019668,-0.44381648,-0.12752561,-0.040022075,-0.24138433,-0.08350019,-0.09064072,-0.33817577,-0.11555314,-0.13081187,-0.39485127,-0.12803891,-0.16941673,-0.43104303,-0.13421683
-0.08253193,0.03876561,-0.047096457,-0.20294005,0.0124441385,-0.08115814,-0.29614753,0.029828012,-0.112120986,-0.37540647,0.044026792,-0.1433216,-0.20474473,-0.22895175,-0.045252297,-0.26065108,-0.35045677,-0.089583665,-0.31390545,-0.39643443,-0.12918685,-0.36435533,-0.4018591,-0.15564975,-0.15963984,-0.25668374,-0.05161499,-0.20989662,-0.3940602,-0.09638835,-0.26663017,-0.42826948,-0.12894176,-0.31718308,-0.41425377,-0.147732,-0.10339773,-0.26020902,-0.06493451,-0.15296543,-0.3881899,-0.101482674,-0.20508346,-0.43112588,-0.11992854,-0.25358295,-0.43996623,-0.1295861,-0.04249394,-0.238246,-0.083199345,-0.09335929,-0.33966053,-0.11504848,-0.13581324,-0.3969376,-0.12760618,-0.17756414,-0.43412375,-0.13378018
-0.08253193,0.03876561,-0.047096457,-0.20294005,0.0124441385,-0.08115814,-0.29614753,0.029828012,-0.112120986,-0.37540647,0.044026792,-0.1433216,-0.20474473,-0.22895175,-0.045252297,-0.26065108,-0.35045677,-0.089583665,-0.31390545,-0.39643443,-0.12918685,-0.36435533,-0.4018591,-0.15564975,-0.15963984,-0.25668374,-0.05161499,-0.20989662,-0.3940602,-0.09638835,-0.26663017,-0.42826948,-0.12894176,-0.31718308,-0.41425377,-0.147732,-0.10339773,-0.26020902,-0.06493451,-0.15296543,-0.3881899,-0.101482674,-0.20508346,-0.43112588,-0.11992854,-0.25358295,-0.43996623,-0.1295861,-0.04249394,-0.238246,-0.083199345,-0.09335929,-0.33966053,-0.11504848,-0.13581324,-0.3969376,-0.12760618,-0.17756414,-0.43412375,-0.13378018
-0.0867126,0.036845386,-0.041905187,-0.21090496,0.0057964325,-0.07177148,-0.30503654,0.018185914,-0.099699475,-0.38482553,0.031217813,-0.12806447,-0.21018347,-0.23350126,-0.035358015,-0.2630904,-0.35306907,-0.07524519,-0.31447667,-0.39845872,-0.11232265,-0.36606112,-0.405308,-0.1378173,-0.16800457,-0.26142323,-0.04366781,-0.22399166,-0.39323246,-0.08439266,-0.28867275,-0.43303534,-0.11835588,-0.35018972,-0.4286421,-0.13959995,-0.1140576,-0.26708052,-0.05840363,-0.17225969,-0.39380658,-0.09418724,-0.23020342,-0.43500888,-0.11597559,-0.28561506,-0.44231725,-0.1280587,-0.054518342,-0.24851015,-0.07740077,-0.10865855,-0.35217878,-0.10899813,-0.15588486,-0.41094628,-0.12387474,-0.20193207,-0.4489578,-0.13195086
-0.08441776,0.038111985,-0.0419427,-0.21182793,0.0067704916,-0.07091377,-0.30821496,0.019392312,-0.0980223,-0.3882951,0.031264186,-0.12500393,-0.20680276,-0.24010143,-0.032914054,-0.26363093,-0.3600274,-0.070230365,-0.32024592,-0.40187573,-0.10454391,-0.37431782,-0.40419537,-0.12840603,-0.16646451,-0.2657815,-0.04079402,-0.22752577,-0.39716405,-0.08029115,-0.29687813,-0.43182898,-0.11213546,-0.3590256,-0.419654,-0.1317539,-0.114937305,-0.2696639,-0.05542911,-0.17654246,-0.40028727,-0.09154649,-0.23950958,-0.43438333,-0.11378513,-0.2967546,-0.43029583,-0.12577623,-0.05792296,-0.24981877,-0.074229926,-0.11406499,-0.3533951,-0.10621502,-0.16438806,-0.40715423,-0.12252904,-0.21352589,-0.43635285,-0.13167909
-0.08252734,0.034003615,-0.038537934,-0.20495915,-0.005754113,-0.067866996,-0.30017465,0.0042565465,-0.09549961,-0.37865868,0.011797607,-0.12416275,-0.1898771,-0.24225217,-0.040738966,-0.24847823,-0.36073422,-0.08001776,-0.30622268,-0.4045339,-0.11412283,-0.36570492,-0.41333508,-0.13888586,-0.14898568,-0.2642357,-0.052009784,-0.20547625,-0.39972866,-0.092085935,-0.27484438,-0.43336266,-0.12235733,-0.34334186,-0.42543215,-0.14242981,-0.09680486,-0.25912645,-0.06896825,-0.1450026,-0.39264268,-0.10633386,-0.20823306,-0.43210423,-0.12694985,-0.27030805,-0.4397111,-0.1398335,-0.042235553,-0.22678569,-0.08934405,-0.090764284,-0.3250011,-0.121818095,-0.13527387,-0.37762997,-0.13517639,-0.18152267,-0.41010696,-0.14353262
-0.081722975,0.029922366,-0.037876293,-0.20220944,-0.0090812445,-0.06877228,-0.29615936,0.0021321177,-0.097865835,-0.37610823,0.010019839,-0.1281436,-0.18868619,-0.24473,-0.046951313,-0.2457349,-0.3646342,-0.08918698,-0.30366528,-0.40750867,-0.12536027,-0.36341944,-0.4147052,-0.15160996,-0.1459462,-0.26472738,-0.059862867,-0.19791245,-0.4026128,-0.10275369,-0.26520154,-0.43582326,-0.13423401,-0.33213124,-0.42785817,-0.1555511,-0.09126598,-0.25597546,-0.07798162,-0.13418967,-0.39099532,-0.11868191,-0.19440055,-0.42974523,-0.13987882,-0.25348908,-0.43630353,-0.15325764,-0.034790993,-0.21951315,-0.09918378,-0.083859265,-0.3138341,-0.13494994,-0.12806118,-0.35912904,-0.14853229,-0.17221421,-0.38498598,-0.15692745
-0.081722975,0.029922366,-0.037876293,-0.20220944,-0.0090812445,-0.06877228,-0.29615936,0.0021321177,-0.097865835,-0.37610823,0.010019839,-0.1281436,-0.18868619,-0.24473,-0.046951313,-0.2457349,-0.3646342,-0.08918698,-0.30366528,-0.40750867,-0.12536027,-0.36341944,-0.4147052,-0.15160996,-0.1459462,-0.26472738,-0.059862867,-0.19791245,-0.4026128,-0.10275369,-0.26520154,-0.43582326,-0.13423401,-0.33213124,-0.42785817,-0.1555511,-0.09126598,-0.25597546,-0.07798162,-0.13418967,-0.39099532,-0.11868191,-0.19440055,-0.42974523,-0.13987882,-0.25348908,-0.43630353,-0.15325764,-0.034790993,-0.21951315,-0.09918378,-0.083859265,-0.3138341,-0.13494994,-0.12806118,-0.35912904,-0.14853229,-0.17221421,-0.38498598,-0.15692745
-0.08785987,0.020700097,-0.037090052,-0.21032315,-0.03245461,-0.06394194,-0.3081136,-0.030273318,-0.08959066,-0.38789654,-0.028555214,-0.115219325,-0.18218914,-0.25737673,-0.034501024,-0.2346246,-0.3756628,-0.07315599,-0.290771,-0.41920537,-0.10749554,-0.34971958,-0.4278567,-0.13321607,-0.1433633,-0.27576095,-0.046516426,-0.19102511,-0.41385275,-0.08591153,-0.26264638,-0.44910693,-0.11639925,-0.33363438,-0.44366178,-0.13752665,-0.09262693,-0.26634556,-0.064510144,-0.13078082,-0.4024284,-0.10182102,-0.19362569,-0.43978816,-0.122840226,-0.25346106,-0.44438344,-0.13648617,-0.04008937,-0.2292453,-0.08607359,-0.083869696,-0.31969854,-0.11984397,-0.12936217,-0.36622036,-0.13474141,-0.17350629,-0.39316404,-0.14431983
-0.08869481,0.019655526,-0.037029598,-0.21134329,-0.03918296,-0.06393462,-0.31011522,-0.04142475,-0.09021889,-0.3919231,-0.040393293,-0.116183594,-0.18402815,-0.26170605,-0.031892058,-0.24230379,-0.38022304,-0.07146991,-0.30322236,-0.42446846,-0.10652656,-0.36374336,-0.4337412,-0.13270307,-0.14788944,-0.28002012,-0.043804534,-0.19517466,-0.41930765,-0.085798174,-0.26702043,-0.45113972,-0.117498375,-0.3356302,-0.43989462,-0.13853739,-0.10029304,-0.27357554,-0.061998148,-0.141922,-0.4172806,-0.09923288,-0.20932013,-0.45152634,-0.119951606,-0.27195346,-0.44920737,-0.13299972,-0.049936473,-0.2408264,-0.08404861,-0.09671503,-0.33883485,-0.11667242,-0.14751536,-0.38873896,-0.13251446,-0.19699389,-0.41667962,-0.14265803
-0.08869481,0.019655526,-0.037029598,-0.21134329,-0.03918296,-0.06393462,-0.31011522,-0.04142475,-0.09021889,-0.3919231,-0.040393293,-0.116183594,-0.18402815,-0.26170605,-0.031892058,-0.24230379,-0.38022304,-0.07146991,-0.30322236,-0.42446846,-0.10652656,-0.36374336,-0.4337412,-0.13270307,-0.14788944,-0.28002012,-0.043804534,-0.19517466,-0.41930765,-0.085798174,-0.26702043,-0.45113972,-0.117498375,-0.3356302,-0.43989462,-0.13853739,-0.10029304,-0.27357554,-0.061998148,-0.141922,-0.4172806,-0.09923288,-0.20932013,-0.45152634,-0.119951606,-0.27195346,-0.44920737,-0.13299972,-0.049936473,-0.2408264,-0.08404861,-0.09671503,-0.33883485,-0.11667242,-0.14751536,-0.38873896,-0.13251446,-0.19699389,-0.41667962,-0.14265803
-0.089971304,0.018164337,-0.035682313,-0.21189857,-0.0413121,-0.062829986,-0.31067175,-0.04250729,-0.08934964,-0.39256445,-0.041044295,-0.11533644,-0.18130046,-0.26313272,-0.033513248,-0.24226388,-0.38248277,-0.07364265,-0.30637032,-0.42605877,-0.10803344,-0.3678542,-0.43572724,-0.13360853,-0.14601463,-0.27973717,-0.046307437,-0.1914944,-0.42532587,-0.0901752,-0.26368585,-0.45326614,-0.12019186,-0.32905814,-0.43776894,-0.13888116,-0.09902316,-0.2715699,-0.065322295,-0.13879561,-0.41603452,-0.10284767,-0.20866814,-0.4480064,-0.12243024,-0.27182162,-0.44453865,-0.13438195,-0.049096942,-0.2374641,-0.08812516,-0.09263551,-0.3354724,-0.120494224,-0.1430636,-0.384701,-0.13604106,-0.19229004,-0.41375047,-0.14596468
-0.087494075,0.009121656,-0.031720676,-0.20031586,-0.049884558,-0.060470223,-0.29506946,-0.051954746,-0.08926033,-0.3733498,-0.053798676,-0.11739647,-0.17112464,-0.27087656,-0.03475146,-0.22926491,-0.38853323,-0.078100756,-0.2958864,-0.42758346,-0.11420146,-0.3576523,-0.43139172,-0.1398696,-0.13754267,-0.2850939,-0.04979637,-0.18902925,-0.4281103,-0.09429998,-0.2650282,-0.45353466,-0.124131754,-0.33305502,-0.4383481,-0.14235352,-0.09307897,-0.27591282,-0.07046686,-0.14532375,-0.41831905,-0.10765228,-0.22383279,-0.44730946,-0.12550056,-0.29386914,-0.4444173,-0.13617125,-0.045414865,-0.23987925,-0.09453017,-0.09351599,-0.33880576,-0.12606809,-0.14964193,-0.38845378,-0.13989717,-0.2036039,-0.42104012,-0.14803748
-0.08568525,0.009199321,-0.033416502,-0.19793254,-0.052733183,-0.06279517,-0.2936117,-0.06154859,-0.09204694,-0.37425578,-0.06446886,-0.12062665,-0.1659145,-0.27038553,-0.03699348,-0.2180092,-0.39177892,-0.08225332,-0.28248557,-0.43267,-0.11937699,-0.34324154,-0.43825436,-0.14563586,-0.1321125,-0.28431457,-0.05167536,-0.17827854,-0.43134767,-0.09828345,-0.2530091,-0.45923704,-0.12868775,-0.32068247,-0.44594437,-0.14722335,-0.088232696,-0.27399683,-0.07213321,-0.13499713,-0.41416222,-0.111794725,-0.20893085,-0.4439081,-0.12977868,-0.2748662,-0.4420644,-0.14008138,-0.04125744,-0.23674163,-0.09608007,-0.08497584,-0.33548525,-0.1295088,-0.13782102,-0.3846652,-0.14374053,-0.18896371,-0.41564786,-0.1519835
-0.08648503,0.01006633,-0.032811172,-0.20055658,-0.05231315,-0.061292935,-0.29621458,-0.058504462,-0.089573115,-0.37567985,-0.061971307,-0.116778195,-0.16575524,-0.27169654,-0.035484727,-0.22388148,-0.3903343,-0.08055789,-0.2908041,-0.4296146,-0.11699045,-0.35281777,-0.4340759,-0.14249122,-0.13243663,-0.2852903,-0.04990505,-0.18099019,-0.4331321,-0.096478954,-0.25521016,-0.45750728,-0.12573907,-0.32041046,-0.44075269,-0.14259171,-0.088727,-0.27355656,-0.07026301,-0.13387364,-0.41095838,-0.10947654,-0.20769581,-0.43840563,-0.12651156,-0.27184808,-0.43501735,-0.13552597,-0.042446256,-0.23512617,-0.094131395,-0.084894896,-0.33257407,-0.12620145,-0.13582653,-0.38132095,-0.13939248,-0.18424478,-0.41279855,-0.14669633
-0.08567524,0.008885145,-0.028268658,-0.19869119,-0.056007147,-0.056887235,-0.29344285,-0.064668536,-0.08604306,-0.37216666,-0.066497386,-0.11428526,-0.16440135,-0.2718063,-0.038398262,-0.21731699,-0.40112635,-0.0870739,-0.28437507,-0.4377916,-0.1249526,-0.3440289,-0.4357161,-0.15011449,-0.1314336,-0.28283384,-0.05554458,-0.17812672,-0.4375137,-0.10266408,-0.25474393,-0.459593,-0.13013594,-0.31818196,-0.43928984,-0.14568497,-0.0888176,-0.26819077,-0.07825625,-0.13615543,-0.41215795,-0.11655832,-0.21628726,-0.43838993,-0.13151975,-0.2830431,-0.43121433,-0.13965715,-0.043548107,-0.22522429,-0.104070835,-0.086889565,-0.3226238,-0.13518175,-0.14120656,-0.36895442,-0.14691831,-0.19203752,-0.39697552,-0.15316243
-0.08284539,0.007349372,-0.028692601,-0.19242877,-0.05721867,-0.056089427,-0.28595883,-0.06643146,-0.08365098,-0.36464453,-0.068387926,-0.110332355,-0.15924263,-0.2728286,-0.0367636,-0.20581177,-0.40093738,-0.082883626,-0.26868778,-0.43773532,-0.11959915,-0.3261474,-0.4416595,-0.14444819,-0.12495136,-0.28380993,-0.053219907,-0.15997493,-0.4376642,-0.09524892,-0.23068833,-0.4607399,-0.12066994,-0.29016423,-0.44617915,-0.13602808,-0.08160353,-0.26495585,-0.07520388,-0.12017667,-0.40574372,-0.11241781,-0.19651404,-0.43291095,-0.12749754,-0.26050043,-0.4316395,-0.13615866,-0.038064063,-0.21473926,-0.10008004,-0.0778842,-0.30785394,-0.13053197,-0.12688833,-0.35307997,-0.14081986,-0.17037928,-0.3811953,-0.14649746
-0.0793767,0.012445629,-0.028027033,-0.19532698,-0.055805266,-0.05316631,-0.28977466,-0.06538004,-0.078972936,-0.36876294,-0.06663257,-0.10313493,-0.15836352,-0.27364925,-0.027835166,-0.20722401,-0.3985961,-0.07155288,-0.2742263,-0.4340889,-0.10657095,-0.3331874,-0.43745035,-0.12983158,-0.12948716,-0.2872155,-0.043196615,-0.17629987,-0.43910283,-0.084434226,-0.25371438,-0.46245474,-0.10938149,-0.31631,-0.4485347,-0.1233484,-0.09302628,-0.27416268,-0.064579524,-0.14316088,-0.4171595,-0.10077535,-0.22783637,-0.4460171,-0.11556952,-0.29709253,-0.44618064,-0.122745186,-0.056423664,-0.2319583,-0.089065924,-0.10706359,-0.33587173,-0.1168368,-0.16591793,-0.3902716,-0.12697877,-0.21767604,-0.4266277,-0.13230036
-0.0793767,0.012445629,-0.028027033,-0.19532698,-0.055805266,-0.05316631,-0.28977466,-0.06538004,-0.078972936,-0.36876294,-0.06663257,-0.10313493,-0.15836352,-0.27364925,-0.027835166,-0.20722401,-0.3985961,-0.07155288,-0.2742263,-0.4340889,-0.10657095,-0.3331874,-0.43745035,-0.12983158,-0.12948716,-0.2872155,-0.043196615,-0.17629987,-0.43910283,-0.084434226,-0.25371438,-0.46245474,-0.10938149,-0.31631,-0.4485347,-0.1233484,-0.09302628,-0.27416268,-0.064579524,-0.14316088,-0.4171595,-0.10077535,-0.22783637,-0.4460171,-0.11556952,-0.29709253,-0.44618064,-0.122745186,-0.056423664,-0.2319583,-0.089065924,-0.10706359,-0.33587173,-0.1168368,-0.16591793,-0.3902716,-0.12697877,-0.21767604,-0.4266277,-0.13230036
-0.0834201,0.0064275265,-0.02192208,-0.19450003,-0.06264073,-0.03963218,-0.28493345,-0.07494539,-0.060688384,-0.36076295,-0.077106714,-0.08007866,-0.15508163,-0.26960963,-0.0052148416,-0.20356596,-0.38503483,-0.03986086,-0.27117306,-0.42340022,-0.06975689,-0.33159634,-0.42605042,-0.09081694,-0.13368326,-0.28401572,-0.021945415,-0.19112325,-0.42089495,-0.05787362,-0.27376264,-0.45145705,-0.08327227,-0.34580994,-0.44537953,-0.09854928,-0.105982125,-0.27876154,-0.045140002,-0.16910404,-0.4188282,-0.07602031,-0.25173166,-0.45067054,-0.09300924,-0.32284135,-0.44798556,-0.10218462,-0.077896595,-0.25017408,-0.07186835,-0.13494515,-0.35370064,-0.09828779,-0.19911048,-0.4024883,-0.11297853,-0.25839496,-0.42855164,-0.1215861
-0.0834201,0.0064275265,-0.02192208,-0.19450003,-0.06264073,-0.03963218,-0.28493345,-0.07494539,-0.060688384,-0.36076295,-0.077106714,-0.08007866,-0.15508163,-0.26960963,-0.0052148416,-0.20356596,-0.38503483,-0.03986086,-0.27117306,-0.42340022,-0.06975689,-0.33159634,-0.42605042,-0.09081694,-0.13368326,-0.28401572,-0.021945415,-0.19112325,-0.42089495,-0.05787362,-0.27376264,-0.45145705,-0.08327227,-0.34580994,-0.44537953,-0.09854928,-0.105982125,-0.27876154,-0.045140002,-0.16910404,-0.4188282,-0.07602031,-0.25173166,-0.45067054,-0.09300924,-0.32284135,-0.44798556,-0.10218462,-0.077896595,-0.25017408,-0.07186835,-0.13494515,-0.35370064,-0.09828779,-0.19911048,-0.4024883,-0.11297853,-0.25839496,-0.42855164,-0.1215861
-0.083408594,0.007832408,-0.018550146,-0.19545335,-0.061742604,-0.034886055,-0.2859545,-0.07311094,-0.055258296,-0.36152458,-0.076211035,-0.07404122,-0.1493516,-0.2706018,-0.0015791625,-0.20463002,-0.3851491,-0.033957437,-0.2722894,-0.42253453,-0.06223822,-0.3322317,-0.42468894,-0.08215035,-0.12780267,-0.28672317,-0.019976085,-0.1938217,-0.42110282,-0.05468044,-0.27723795,-0.44887012,-0.07951827,-0.34995103,-0.43953523,-0.094161846,-0.10180116,-0.2818331,-0.044653893,-0.17467332,-0.4168113,-0.07537384,-0.25738984,-0.44469166,-0.09243475,-0.32798293,-0.43860716,-0.101210415,-0.079637945,-0.2528261,-0.07246609,-0.14681238,-0.35264003,-0.098538846,-0.21070224,-0.40136087,-0.11303809,-0.26894748,-0.4282741,-0.12148251
-0.08561045,0.011007786,-0.012641259,-0.20144811,-0.059486985,-0.024257334,-0.29238486,-0.070483506,-0.04165171,-0.36759537,-0.07437098,-0.057078853,-0.1532777,-0.27478513,0.0142544005,-0.21515194,-0.38235214,-0.013011563,-0.2868548,-0.41904792,-0.039336085,-0.3497749,-0.41819924,-0.05858309,-0.13317323,-0.28855285,-0.0071653887,-0.2041392,-0.4158558,-0.037405506,-0.2886671,-0.44387582,-0.0622511,-0.36234093,-0.43244725,-0.07748471,-0.10921848,-0.28349385,-0.035243038,-0.18492141,-0.41435492,-0.06262171,-0.26920122,-0.44275647,-0.08068999,-0.3409443,-0.43506855,-0.09070326,-0.09199965,-0.25526753,-0.06635102,-0.16431719,-0.35007846,-0.09067379,-0.22862661,-0.39784914,-0.10603203,-0.28641027,-0.42445925,-0.11552639
-0.0857265,0.008474231,-0.012983624,-0.20014909,-0.060571253,-0.02644827,-0.2907225,-0.07160026,-0.045563266,-0.36537796,-0.07774234,-0.062367227,-0.15092653,-0.27570695,0.011961004,-0.20925614,-0.38253766,-0.015483686,-0.2795692,-0.41977543,-0.040667754,-0.34143618,-0.4191785,-0.058650717,-0.13099515,-0.28915873,-0.009725282,-0.20103788,-0.41765976,-0.03851668,-0.2840445,-0.44564474,-0.05950529,-0.35652363,-0.43658578,-0.071630284,-0.10735953,-0.283419,-0.038216464,-0.1818882,-0.4135727,-0.06513142,-0.26569107,-0.4426243,-0.07981502,-0.33704513,-0.43672186,-0.08706978,-0.09134424,-0.25361675,-0.06989994,-0.16532159,-0.34839362,-0.09448289,-0.23099107,-0.3955974,-0.10824331,-0.28976914,-0.42212498,-0.11597696
-0.08704054,0.006499052,-0.012931498,-0.2004124,-0.062643886,-0.02708859,-0.28951597,-0.072803855,-0.04679503,-0.36374325,-0.07840896,-0.064356275,-0.14883882,-0.2783357,0.009413456,-0.20850036,-0.38469493,-0.020433404,-0.28038254,-0.42150882,-0.047777876,-0.34352827,-0.42120025,-0.067132026,-0.12889588,-0.29075715,-0.0126961935,-0.20109874,-0.41912192,-0.04444322,-0.28513652,-0.44708794,-0.06792317,-0.3571599,-0.43768138,-0.08145773,-0.105247915,-0.28381452,-0.041332066,-0.18063736,-0.41381985,-0.07029031,-0.26542622,-0.44312942,-0.086786255,-0.3367226,-0.43735516,-0.09495007,-0.0887897,-0.2524504,-0.07294739,-0.16166824,-0.34684244,-0.09833627,-0.22739977,-0.39386284,-0.11244235,-0.2858832,-0.41988343,-0.12032737
-0.085190475,0.0018708706,-0.016740806,-0.19544071,-0.06591624,-0.030914027,-0.28528544,-0.07567567,-0.049360882,-0.3595688,-0.083513975,-0.06627873,-0.1488406,-0.2744542,0.004710315,-0.20540747,-0.3784489,-0.025813155,-0.27349502,-0.42195937,-0.05481765,-0.33576912,-0.43282506,-0.076076835,-0.12933725,-0.28891927,-0.013865599,-0.19773999,-0.4114225,-0.04619775,-0.28001088,-0.44652295,-0.07294781,-0.35296556,-0.44679362,-0.08991252,-0.10415727,-0.2841305,-0.03857773,-0.17408472,-0.41330746,-0.06710914,-0.25405213,-0.44993246,-0.08601646,-0.3239358,-0.45391914,-0.09684831,-0.082410574,-0.25556543,-0.06643527,-0.14623946,-0.35183537,-0.09102022,-0.20636106,-0.40201393,-0.10570757,-0.26212686,-0.4333343,-0.11466531
-0.085528076,0.0035660267,-0.016982706,-0.19611022,-0.06462312,-0.03090589,-0.28652418,-0.075743735,-0.049175706,-0.35981745,-0.083268285,-0.06617797,-0.15182555,-0.26854074,0.005196189,-0.20609275,-0.37691858,-0.025029628,-0.2728349,-0.42040402,-0.053712886,-0.33301726,-0.429432,-0.074279,-0.13133752,-0.28463763,-0.012295069,-0.19645119,-0.40953553,-0.04346616,-0.27822727,-0.44633538,-0.06980857,-0.35108516,-0.4464832,-0.08659238,-0.10508335,-0.28305122,-0.035913378,-0.17102319,-0.4154994,-0.062376227,-0.25000083,-0.45340902,-0.08055032,-0.31978154,-0.45685464,-0.0912792,-0.08016682,-0.25801894,-0.062783375,-0.13803768,-0.35818508,-0.085391365,-0.19718,-0.41033953,-0.099433765,-0.25298446,-0.44054264,-0.108126245
-0.084211886,0.0076648593,-0.019616446,-0.19588944,-0.05926144,-0.03320424,-0.2859137,-0.072545886,-0.05020884,-0.35871828,-0.0797897,-0.06613256,-0.15627843,-0.26395804,0.0021608444,-0.21224704,-0.37007838,-0.025828006,-0.27651486,-0.41541332,-0.052548964,-0.33657357,-0.42961064,-0.07204209,-0.13370496,-0.2807351,-0.012610621,-0.19627318,-0.40499637,-0.0404709,-0.27410758,-0.44595435,-0.064055875,-0.34554768,-0.4517265,-0.07940202,-0.10420358,-0.27995828,-0.033464063,-0.16366923,-0.4138548,-0.05787089,-0.23613137,-0.45520777,-0.07400697,-0.3014143,-0.46200812,-0.083507225,-0.07509613,-0.2569002,-0.05782342,-0.12983257,-0.35625362,-0.07943161,-0.18458429,-0.40995094,-0.09210777,-0.23675868,-0.4415238,-0.09976299
-0.084211886,0.0076648593,-0.019616446,-0.19588944,-0.05926144,-0.03320424,-0.2859137,-0.072545886,-0.05020884,-0.35871828,-0.0797897,-0.06613256,-0.15627843,-0.26395804,0.0021608444,-0.21224704,-0.37007838,-0.025828006,-0.27651486,-0.41541332,-0.052548964,-0.33657357,-0.42961064,-0.07204209,-0.13370496,-0.2807351,-0.012610621,-0.19627318,-0.40499637,-0.0404709,-0.27410758,-0.44595435,-0.064055875,-0.34554768,-0.4517265,-0.07940202,-0.10420358,-0.27995828,-0.033464063,-0.16366923,-0.4138548,-0.05787089,-0.23613137,-0.45520777,-0.07400697,-0.3014143,-0.46200812,-0.083507225,-0.07509613,-0.2569002,-0.05782342,-0.12983257,-0.35625362,-0.07943161,-0.18458429,-0.40995094,-0.09210777,-0.23675868,-0.4415238,-0.09976299
-0.08190364,0.009335935,-0.02667312,-0.19433028,-0.061244667,-0.041785456,-0.28696424,-0.07830459,-0.05802097,-0.3579229,-0.09277135,-0.07234951,-0.15462089,-0.27028126,-0.0019613456,-0.20581505,-0.38069096,-0.027917916,-0.26562357,-0.43253693,-0.053899206,-0.32296425,-0.45176083,-0.07344603,-0.1293748,-0.2877167,-0.011618443,-0.18082497,-0.41070956,-0.03619167,-0.25072306,-0.4600221,-0.058889866,-0.31764054,-0.47444177,-0.07431853,-0.0960505,-0.28805158,-0.027603298,-0.14395851,-0.41590548,-0.04859838,-0.20715815,-0.4645041,-0.063262776,-0.26796407,-0.4817556,-0.07287437,-0.060726404,-0.26592118,-0.047717936,-0.10362828,-0.36361384,-0.06639578,-0.14966023,-0.41812813,-0.076953456,-0.19613764,-0.45180783,-0.08368427
-0.08572334,0.007217467,-0.026014246,-0.19884223,-0.06762427,-0.040875092,-0.29063162,-0.09126872,-0.057050966,-0.36182398,-0.11046979,-0.07183137,-0.1548785,-0.27335095,-0.0016192411,-0.20216537,-0.38409948,-0.027958615,-0.25940198,-0.439461,-0.054616977,-0.31592757,-0.46234185,-0.07504267,-0.12714916,-0.2917836,-0.012725338,-0.1771273,-0.41347754,-0.038373474,-0.24453223,-0.46754676,-0.06253809,-0.31084397,-0.48803723,-0.07948653,-0.09203011,-0.29121426,-0.03009899,-0.14078128,-0.4196595,-0.052613664,-0.20187542,-0.4722057,-0.06788701,-0.26060328,-0.49372393,-0.078158505,-0.055624783,-0.26743618,-0.051465467,-0.10077238,-0.3647115,-0.07235634,-0.14803934,-0.42319548,-0.083945125,-0.19464672,-0.46201003,-0.091422334
-0.08247554,0.005900979,-0.026151782,-0.19574773,-0.07668203,-0.03867508,-0.28801322,-0.10804796,-0.052565888,-0.35933673,-0.12443921,-0.06517447,-0.1463002,-0.27775863,0.003615496,-0.18884122,-0.392134,-0.019389067,-0.24105918,-0.45269296,-0.044529747,-0.29405862,-0.48006904,-0.06456335,-0.11831969,-0.29589313,-0.007530817,-0.16307133,-0.42166597,-0.031159736,-0.22765785,-0.47902203,-0.055873238,-0.29188523,-0.5004767,-0.07332831,-0.08343738,-0.29415435,-0.025108458,-0.12709022,-0.42824942,-0.046702746,-0.18601054,-0.4846135,-0.06349347,-0.24420404,-0.5083777,-0.07497741,-0.047139883,-0.26936725,-0.04670761,-0.08749652,-0.36813498,-0.06708405,-0.13142157,-0.42790288,-0.07929132,-0.1762946,-0.46759942,-0.087645896
-0.08727753,-0.0015369654,-0.029662238,-0.19696298,-0.0892539,-0.043345585,-0.28857967,-0.1343193,-0.057860248,-0.3590387,-0.16865292,-0.07050864,-0.14482105,-0.2889497,0.0029765386,-0.18668982,-0.40764916,-0.02074249,-0.237259,-0.46930695,-0.044459216,-0.28937462,-0.49930674,-0.062215414,-0.11474204,-0.30493397,-0.0047845487,-0.1588737,-0.4319561,-0.026525415,-0.21897602,-0.49115282,-0.04652579,-0.27887347,-0.52103436,-0.060249977,-0.07958394,-0.30235675,-0.019996464,-0.11587256,-0.43662295,-0.04024025,-0.16681671,-0.49700898,-0.053261288,-0.21880913,-0.5312319,-0.06170287,-0.043252766,-0.27941158,-0.039732613,-0.07699782,-0.38288397,-0.05848711,-0.11482221,-0.4470585,-0.06868695,-0.15482676,-0.49581808,-0.0753519
-0.088068485,-0.0032695532,-0.028058022,-0.20005953,-0.093762994,-0.041355435,-0.29086545,-0.14241296,-0.056538925,-0.359128,-0.17982996,-0.06975998,-0.14455795,-0.29638505,0.008829652,-0.18254694,-0.41905075,-0.012443851,-0.23218298,-0.4817484,-0.034583032,-0.28243634,-0.51049453,-0.05083607,-0.114192545,-0.31305414,0.00025073017,-0.1587416,-0.444059,-0.019129535,-0.22080278,-0.50649977,-0.03700043,-0.2830724,-0.5384859,-0.048608664,-0.081312954,-0.3140664,-0.016206605,-0.12635124,-0.4510842,-0.033756863,-0.18518025,-0.51659477,-0.04562973,-0.24412584,-0.5530652,-0.052833922,-0.048163414,-0.29638207,-0.03758504,-0.088243246,-0.40962595,-0.05535157,-0.13413602,-0.478907,-0.06610074,-0.18158859,-0.52758706,-0.07250413
-0.07952285,-0.0027149916,-0.028694188,-0.18764961,-0.093891144,-0.041893344,-0.2771592,-0.14195201,-0.056063652,-0.34460774,-0.17776987,-0.06845363,-0.13125819,-0.29326043,0.0049572424,-0.16810668,-0.41201687,-0.01641405,-0.21634021,-0.4747227,-0.038923096,-0.266591,-0.50600314,-0.055997808,-0.100909054,-0.30649862,-0.0024860078,-0.14119124,-0.4322797,-0.021097654,-0.19800979,-0.49561605,-0.039488994,-0.25562122,-0.5316316,-0.052482914,-0.066188216,-0.30373847,-0.017290661,-0.100115776,-0.4352011,-0.034239277,-0.14780942,-0.5005529,-0.04608263,-0.19789124,-0.5400195,-0.054213382,-0.029842079,-0.28191653,-0.03678071,-0.06049043,-0.38865596,-0.053288523,-0.097103715,-0.45482016,-0.06255434,-0.13761449,-0.50342363,-0.06878017
-0.09027892,-0.008348107,-0.025192576,-0.19745469,-0.105793774,-0.038005684,-0.28507468,-0.15918934,-0.053443827,-0.35189748,-0.20129544,-0.06709142,-0.1333533,-0.3079638,0.011338219,-0.16901049,-0.4278143,-0.0079982765,-0.21604466,-0.49331045,-0.028824095,-0.26484957,-0.52789116,-0.04470551,-0.102469146,-0.3212353,0.0013776477,-0.14197946,-0.45089746,-0.016438358,-0.20040572,-0.515657,-0.032807805,-0.25924778,-0.55355155,-0.043591253,-0.06893295,-0.31815308,-0.016251696,-0.10610199,-0.4550081,-0.032924034,-0.1608043,-0.5235739,-0.043653715,-0.21607736,-0.5644817,-0.050444,-0.036098003,-0.29583162,-0.038619865,-0.067759514,-0.4095813,-0.05653748,-0.1096338,-0.48218542,-0.0672461,-0.1538339,-0.5362121,-0.07377194
-0.08835137,-0.009243846,-0.027293792,-0.19365227,-0.10524124,-0.039961357,-0.28062493,-0.15814424,-0.05435214,-0.34524393,-0.20209542,-0.06669662,-0.13028681,-0.30395848,0.0074833087,-0.16505161,-0.42611933,-0.0128197195,-0.2122657,-0.49184567,-0.0338165,-0.26093996,-0.5262834,-0.049284402,-0.099167764,-0.31809586,-0.00032554104,-0.13787162,-0.44874406,-0.017697807,-0.1955666,-0.5139504,-0.032985747,-0.25344968,-0.55222446,-0.04292419,-0.065226495,-0.31562835,-0.015813759,-0.10140574,-0.45159748,-0.031870175,-0.15375608,-0.52064264,-0.04160603,-0.20702863,-0.56253433,-0.047630064,-0.031562686,-0.29412842,-0.03612983,-0.06202078,-0.40581393,-0.053491294,-0.10192227,-0.4759215,-0.06310887,-0.14462924,-0.5282531,-0.06861768
-0.087669134,-0.008826137,-0.026069893,-0.19319397,-0.10570854,-0.038449187,-0.2804423,-0.15838063,-0.05279542,-0.34443066,-0.20393771,-0.06509297,-0.1295008,-0.30766255,0.009290728,-0.16385028,-0.4290859,-0.010019861,-0.21057162,-0.493836,-0.030615734,-0.2592721,-0.5276154,-0.046001222,-0.09845734,-0.32110974,0.00070021464,-0.13644123,-0.4512756,-0.015423691,-0.19365335,-0.51657265,-0.030415317,-0.25143123,-0.5545633,-0.040446542,-0.06403041,-0.31716508,-0.015541877,-0.09942347,-0.4533394,-0.030800566,-0.15149182,-0.5217731,-0.04041865,-0.2046957,-0.5626892,-0.04662184,-0.02989012,-0.29396874,-0.036574084,-0.06046337,-0.40696633,-0.05371922,-0.10069382,-0.47664085,-0.063443676,-0.14390326,-0.5280453,-0.06913626
-0.08812553,-0.010424912,-0.028135158,-0.192491,-0.109249234,-0.04249399,-0.28011882,-0.1665225,-0.05827792,-0.34432313,-0.2110967,-0.07186772,-0.12949234,-0.31236607,0.00490103,-0.16402605,-0.43675983,-0.017283874,-0.21027008,-0.5020511,-0.040944245,-0.2594719,-0.5355253,-0.058707077,-0.098231554,-0.32602683,-0.0031288522,-0.13450521,-0.45789734,-0.022563027,-0.19063985,-0.524029,-0.04137823,-0.24864835,-0.56091976,-0.05432956,-0.063551426,-0.32082227,-0.01864836,-0.09903973,-0.45835218,-0.03534038,-0.15040392,-0.5268691,-0.048080508,-0.2043879,-0.5674206,-0.057081413,-0.02827543,-0.29598558,-0.038985346,-0.05876386,-0.40742138,-0.05641714,-0.09784627,-0.47632223,-0.06767404,-0.1402719,-0.5270152,-0.075167574
-0.08812553,-0.010424912,-0.028135158,-0.192491,-0.109249234,-0.04249399,-0.28011882,-0.1665225,-0.05827792,-0.34432313,-0.2110967,-0.07186772,-0.12949234,-0.31236607,0.00490103,-0.16402605,-0.43675983,-0.017283874,-0.21027008,-0.5020511,-0.040944245,-0.2594719,-0.5355253,-0.058707077,-0.098231554,-0.32602683,-0.0031288522,-0.13450521,-0.45789734,-0.022563027,-0.19063985,-0.524029,-0.04137823,-0.24864835,-0.56091976,-0.05432956,-0.063551426,-0.32082227,-0.01864836,-0.09903973,-0.45835218,-0.03534038,-0.15040392,-0.5268691,-0.048080508,-0.2043879,-0.5674206,-0.057081413,-0.02827543,-0.29598558,-0.038985346,-0.05876386,-0.40742138,-0.05641714,-0.09784627,-0.47632223,-0.06767404,-0.1402719,-0.5270152,-0.075167574
-0.09046066,-0.009320021,-0.026979908,-0.20166132,-0.10707462,-0.03919379,-0.29220206,-0.15717548,-0.05350055,-0.36123842,-0.1933699,-0.06601734,-0.13948059,-0.30555594,0.009754417,-0.17902434,-0.42954892,-0.01162893,-0.22462395,-0.49574465,-0.036415264,-0.2747019,-0.5313328,-0.056156375,-0.10665095,-0.31784666,-0.0003566672,-0.14586753,-0.4464509,-0.02244377,-0.2049928,-0.5103071,-0.04614454,-0.2663296,-0.54047656,-0.06294389,-0.07096064,-0.31278327,-0.017796297,-0.11008936,-0.44882894,-0.03808604,-0.16384616,-0.5119311,-0.05404542,-0.21974474,-0.5442344,-0.06490557,-0.034869373,-0.28913593,-0.039741766,-0.06983441,-0.39595464,-0.059118208,-0.10889661,-0.46027166,-0.070882365,-0.14955902,-0.5041987,-0.078926854
-0.09046066,-0.009320021,-0.026979908,-0.20166132,-0.10707462,-0.03919379,-0.29220206,-0.15717548,-0.05350055,-0.36123842,-0.1933699,-0.06601734,-0.13948059,-0.30555594,0.009754417,-0.17902434,-0.42954892,-0.01162893,-0.22462395,-0.49574465,-0.036415264,-0.2747019,-0.5313328,-0.056156375,-0.10665095,-0.31784666,-0.0003566672,-0.14586753,-0.4464509,-0.02244377,-0.2049928,-0.5103071,-0.04614454,-0.2663296,-0.54047656,-0.06294389,-0.07096064,-0.31278327,-0.017796297,-0.11008936,-0.44882894,-0.03808604,-0.16384616,-0.5119311,-0.05404542,-0.21974474,-0.5442344,-0.06490557,-0.034869373,-0.28913593,-0.039741766,-0.06983441,-0.39595464,-0.059118208,-0.10889661,-0.46027166,-0.070882365,-0.14955902,-0.5041987,-0.078926854
-0.08699715,-0.001951158,-0.03009221,-0.20134255,-0.09075439,-0.044387504,-0.29464772,-0.13524461,-0.059135508,-0.3662787,-0.16277921,-0.07246583,-0.14797837,-0.28604478,-0.0028332062,-0.19223776,-0.40696573,-0.02831595,-0.24518931,-0.47056472,-0.054135345,-0.29903942,-0.50166476,-0.07450514,-0.11680865,-0.30133027,-0.011962148,-0.16030893,-0.432127,-0.039133053,-0.22761017,-0.49235633,-0.06445208,-0.2928506,-0.5142765,-0.082132064,-0.08107209,-0.2971026,-0.027923858,-0.12188953,-0.4360627,-0.052878723,-0.18197331,-0.49320102,-0.071544655,-0.23928782,-0.515773,-0.08400758,-0.04370165,-0.2724062,-0.04805071,-0.08176422,-0.37236547,-0.07205529,-0.12532616,-0.43283245,-0.08751573,-0.16803214,-0.4730633,-0.09800412
-0.08763003,0.0065479875,-0.023372976,-0.20196196,-0.060376048,-0.04509008,-0.29476085,-0.076369524,-0.06901125,-0.36988005,-0.086464345,-0.09138694,-0.16342008,-0.26613286,-0.017414635,-0.22105974,-0.38043433,-0.05908908,-0.2892967,-0.4159407,-0.093812175,-0.3504836,-0.4149224,-0.117338434,-0.13706994,-0.2815189,-0.03443353,-0.2012355,-0.41784453,-0.077133805,-0.28507972,-0.44322813,-0.106152326,-0.3571275,-0.4281364,-0.12278879,-0.10468322,-0.27383566,-0.057338066,-0.17120075,-0.40704396,-0.093173996,-0.25460723,-0.43476057,-0.11094821,-0.32534808,-0.42933565,-0.12006097,-0.07232779,-0.23986116,-0.083270624,-0.12771243,-0.33772144,-0.11217204,-0.188072,-0.38894612,-0.1263126,-0.2432673,-0.42127067,-0.13416919
-0.08187425,0.007433772,-0.023264037,-0.19879267,-0.05670798,-0.043789618,-0.29081106,-0.06756163,-0.06730814,-0.36723506,-0.07282138,-0.0884677,-0.15265906,-0.27304804,-0.010567064,-0.22738749,-0.37249944,-0.050041523,-0.3091747,-0.39767852,-0.08277702,-0.37443948,-0.38927048,-0.10455071,-0.13325721,-0.287463,-0.027377553,-0.21969074,-0.40451324,-0.06812528,-0.311504,-0.41509244,-0.095045686,-0.38562107,-0.3966112,-0.10942132,-0.110386014,-0.28109246,-0.05076371,-0.20057258,-0.40353632,-0.087453075,-0.29164064,-0.418346,-0.10455887,-0.36513007,-0.40513337,-0.11139465,-0.09182137,-0.24960417,-0.077409305,-0.17241278,-0.33792165,-0.10779477,-0.24254632,-0.37723672,-0.12218679,-0.30265343,-0.39900288,-0.12885728
-0.08187425,0.007433772,-0.023264037,-0.19879267,-0.05670798,-0.043789618,-0.29081106,-0.06756163,-0.06730814,-0.36723506,-0.07282138,-0.0884677,-0.15265906,-0.27304804,-0.010567064,-0.22738749,-0.37249944,-0.050041523,-0.3091747,-0.39767852,-0.08277702,-0.37443948,-0.38927048,-0.10455071,-0.13325721,-0.287463,-0.027377553,-0.21969074,-0.40451324,-0.06812528,-0.311504,-0.41509244,-0.095045686,-0.38562107,-0.3966112,-0.10942132,-0.110386014,-0.28109246,-0.05076371,-0.20057258,-0.40353632,-0.087453075,-0.29164064,-0.418346,-0.10455887,-0.36513007,-0.40513337,-0.11139465,-0.09182137,-0.24960417,-0.077409305,-0.17241278,-0.33792165,-0.10779477,-0.24254632,-0.37723672,-0.12218679,-0.30265343,-0.39900288,-0.12885728
-0.086530566,0.018505692,-0.021379167,-0.20830157,-0.03945762,-0.043023616,-0.30233508,-0.03878677,-0.06825859,-0.3811097,-0.036072135,-0.09119804,-0.16108799,-0.27106813,-0.010626251,-0.23833773,-0.3677811,-0.05206378,-0.32478875,-0.38325965,-0.08597402,-0.39240307,-0.36760914,-0.10845202,-0.14044726,-0.28620747,-0.030308986,-0.24110776,-0.39590964,-0.07347822,-0.33918744,-0.39352316,-0.10015134,-0.41120964,-0.36791012,-0.11390872,-0.11822611,-0.27675498,-0.057000443,-0.22144315,-0.39196977,-0.096212454,-0.32031834,-0.39347827,-0.113233596,-0.39430696,-0.3708446,-0.11896234,-0.10293418,-0.24090505,-0.08690615,-0.19668579,-0.32404572,-0.12084012,-0.2744176,-0.3544737,-0.13672249,-0.33699226,-0.3681958,-0.14348906
-0.086530566,0.018505692,-0.021379167,-0.20830157,-0.03945762,-0.043023616,-0.30233508,-0.03878677,-0.06825859,-0.3811097,-0.036072135,-0.09119804,-0.16108799,-0.27106813,-0.010626251,-0.23833773,-0.3677811,-0.05206378,-0.32478875,-0.38325965,-0.08597402,-0.39240307,-0.36760914,-0.10845202,-0.14044726,-0.28620747,-0.030308986,-0.24110776,-0.39590964,-0.07347822,-0.33918744,-0.39352316,-0.10015134,-0.41120964,-0.36791012,-0.11390872,-0.11822611,-0.27675498,-0.057000443,-0.22144315,-0.39196977,-0.096212454,-0.32031834,-0.39347827,-0.113233596,-0.39430696,-0.3708446,-0.11896234,-0.10293418,-0.24090505,-0.08690615,-0.19668579,-0.32404572,-0.12084012,-0.2744176,-0.3544737,-0.13672249,-0.33699226,-0.3681958,-0.14348906
-0.09660977,0.026370764,-0.014322683,-0.21553949,-0.0119559765,-0.03547614,-0.3017142,0.00091838837,-0.061510906,-0.37765756,0.007673621,-0.08540079,-0.17555165,-0.26608673,-0.007812771,-0.27756625,-0.3292437,-0.05184346,-0.36963028,-0.31903893,-0.08920101,-0.4397651,-0.28349766,-0.11372597,-0.15841979,-0.27806097,-0.03154518,-0.28166434,-0.34915042,-0.075670294,-0.38000262,-0.32063973,-0.10498062,-0.44730985,-0.277941,-0.121539444,-0.13889897,-0.2616736,-0.06148091,-0.25889605,-0.33372402,-0.09936766,-0.35978585,-0.31082305,-0.11643203,-0.43135014,-0.2755092,-0.12357279,-0.12603724,-0.2157588,-0.09419547,-0.22675377,-0.2727018,-0.12615018,-0.30862355,-0.2802593,-0.14049223,-0.37172464,-0.27824864,-0.14714457
-0.101305425,0.031805277,-0.0151949385,-0.22103694,0.0016974807,-0.04050187,-0.30845445,0.015316904,-0.06978221,-0.38393536,0.033358395,-0.097815774,-0.17817229,-0.25826612,-0.021756392,-0.29355288,-0.3114344,-0.07179667,-0.38335347,-0.28517687,-0.11196425,-0.44969067,-0.23416406,-0.1368106,-0.16077948,-0.26858333,-0.044807684,-0.30146587,-0.3253769,-0.09513786,-0.39649957,-0.28154624,-0.12650162,-0.459116,-0.22724834,-0.14380586,-0.14222759,-0.24462572,-0.07315268,-0.27830374,-0.30693793,-0.11581419,-0.37790978,-0.27449638,-0.13362081,-0.44644007,-0.22894159,-0.14058918,-0.13105804,-0.1888004,-0.10342927,-0.24332029,-0.23103684,-0.13912861,-0.32640466,-0.23383147,-0.15407331,-0.38985145,-0.22887063,-0.16073255
-0.10619789,0.049019396,-9.248318e-05,-0.22802371,0.038172722,-0.02369345,-0.31097186,0.05710596,-0.054187454,-0.385797,0.090037346,-0.08579111,-0.20107645,-0.21242669,-0.027331496,-0.32432264,-0.24706188,-0.080694504,-0.4126615,-0.20706585,-0.12007485,-0.4756023,-0.14639592,-0.14501135,-0.1829384,-0.22436073,-0.062398076,-0.3354984,-0.26169187,-0.11848965,-0.42956367,-0.20060065,-0.14974114,-0.4910868,-0.13617581,-0.16708441,-0.16004026,-0.19850662,-0.10061569,-0.31218776,-0.23802581,-0.14870687,-0.4077166,-0.18691924,-0.16505127,-0.47153854,-0.13389403,-0.17163518,-0.14154059,-0.13727003,-0.13899422,-0.25846136,-0.15772006,-0.18056196,-0.34325773,-0.1505523,-0.1967048,-0.40875643,-0.14508003,-0.2050031
-0.09452802,0.054452658,-0.013028759,-0.2211793,0.04159981,-0.033820443,-0.3063706,0.057379603,-0.057149027,-0.37966558,0.09072596,-0.08065545,-0.19904518,-0.2092826,-0.03726075,-0.32626116,-0.22995338,-0.08657116,-0.41587016,-0.18232039,-0.121637195,-0.47945854,-0.12453133,-0.14387822,-0.18447876,-0.22285005,-0.061953165,-0.33833432,-0.24251187,-0.11396044,-0.4338631,-0.17384106,-0.14174794,-0.49767414,-0.114356816,-0.15600209,-0.16331112,-0.19460881,-0.08974562,-0.31849396,-0.21850887,-0.13807383,-0.41368353,-0.1593082,-0.15365553,-0.4778479,-0.10746759,-0.15773952,-0.14268911,-0.12843543,-0.11819094,-0.26449454,-0.13417867,-0.16226706,-0.35246885,-0.11977363,-0.17771299,-0.41833395,-0.11218831,-0.18332294
-0.09452802,0.054452658,-0.013028759,-0.2211793,0.04159981,-0.033820443,-0.3063706,0.057379603,-0.057149027,-0.37966558,0.09072596,-0.08065545,-0.19904518,-0.2092826,-0.03726075,-0.32626116,-0.22995338,-0.08657116,-0.41587016,-0.18232039,-0.121637195,-0.47945854,-0.12453133,-0.14387822,-0.18447876,-0.22285005,-0.061953165,-0.33833432,-0.24251187,-0.11396044,-0.4338631,-0.17384106,-0.14174794,-0.49767414,-0.114356816,-0.15600209,-0.16331112,-0.19460881,-0.08974562,-0.31849396,-0.21850887,-0.13807383,-0.41368353,-0.1593082,-0.15365553,-0.4778479,-0.10746759,-0.15773952,-0.14268911,-0.12843543,-0.11819094,-0.26449454,-0.13417867,-0.16226706,-0.35246885,-0.11977363,-0.17771299,-0.41833395,-0.11218831,-0.18332294
-0.09400725,0.060882986,-0.009331452,-0.21809644,0.06232226,-0.028986769,-0.30153716,0.08451259,-0.05109655,-0.3719137,0.12385172,-0.073768295,-0.20679402,-0.18779242,-0.04116837,-0.33625734,-0.18536934,-0.09171537,-0.4226279,-0.12741151,-0.1265583,-0.4828101,-0.06258312,-0.14797913,-0.1957655,-0.19650914,-0.06632212,-0.3471164,-0.19283026,-0.118856736,-0.4352156,-0.11038935,-0.1452958,-0.49474728,-0.038705498,-0.15835103,-0.17667675,-0.1657573,-0.093876734,-0.32725513,-0.16265038,-0.14162263,-0.41543663,-0.09166187,-0.15671265,-0.4762333,-0.030504286,-0.1603688,-0.15605128,-0.099321336,-0.121545024,-0.27714604,-0.08507925,-0.16333033,-0.36131728,-0.059346855,-0.17775527,-0.42565122,-0.042096317,-0.18286914
-0.095739305,0.060287893,-0.008486056,-0.22006333,0.0695349,-0.034454655,-0.30409074,0.09814966,-0.06279317,-0.37650067,0.1452961,-0.093235455,-0.20862192,-0.17182845,-0.06705585,-0.34040493,-0.1703077,-0.1261822,-0.42696536,-0.112039715,-0.16438614,-0.4897629,-0.04608363,-0.18828784,-0.19357401,-0.1768809,-0.097339325,-0.34993172,-0.1774723,-0.15946057,-0.43945837,-0.09224182,-0.18757519,-0.4982097,-0.019349933,-0.2021783,-0.16643232,-0.14393416,-0.12829708,-0.32224828,-0.14386225,-0.18409254,-0.41473427,-0.06938374,-0.20035505,-0.47590372,-0.0066871047,-0.20528372,-0.13655663,-0.076269865,-0.15848997,-0.25627172,-0.06936014,-0.20848791,-0.34700304,-0.041374892,-0.2260308,-0.4159628,-0.02175808,-0.23369928
-0.093621016,0.062085092,-0.0035652001,-0.21401507,0.07285154,-0.028829139,-0.29461,0.10204148,-0.057103656,-0.3640232,0.14646286,-0.08846649,-0.20669794,-0.1668391,-0.07151006,-0.33822984,-0.15739891,-0.13150884,-0.42459905,-0.09705955,-0.1695363,-0.4863287,-0.029957294,-0.19279836,-0.18925512,-0.16951862,-0.10408613,-0.3436622,-0.16979495,-0.16565573,-0.4330951,-0.08387405,-0.19208804,-0.4898452,-0.010605544,-0.20590834,-0.16189468,-0.13608307,-0.13647237,-0.31510574,-0.13469613,-0.19055682,-0.40819865,-0.057594717,-0.20517056,-0.46766394,0.0050625205,-0.20927958,-0.13194656,-0.068989664,-0.16771497,-0.25398886,-0.057555735,-0.21552615,-0.34431967,-0.024710983,-0.23107772,-0.41064376,-0.0023168027,-0.23742867
-0.093621016,0.062085092,-0.0035652001,-0.21401507,0.07285154,-0.028829139,-0.29461,0.10204148,-0.057103656,-0.3640232,0.14646286,-0.08846649,-0.20669794,-0.1668391,-0.07151006,-0.33822984,-0.15739891,-0.13150884,-0.42459905,-0.09705955,-0.1695363,-0.4863287,-0.029957294,-0.19279836,-0.18925512,-0.16951862,-0.10408613,-0.3436622,-0.16979495,-0.16565573,-0.4330951,-0.08387405,-0.19208804,-0.4898452,-0.010605544,-0.20590834,-0.16189468,-0.13608307,-0.13647237,-0.31510574,-0.13469613,-0.19055682,-0.40819865,-0.057594717,-0.20517056,-0.46766394,0.0050625205,-0.20927958,-0.13194656,-0.068989664,-0.16771497,-0.25398886,-0.057555735,-0.21552615,-0.34431967,-0.024710983,-0.23107772,-0.41064376,-0.0023168027,-0.23742867
-0.08896178,0.06784722,-0.018176006,-0.21365756,0.07949823,-0.042368826,-0.30006182,0.10465467,-0.06640476,-0.3721459,0.14893764,-0.091614395,-0.20807225,-0.17302899,-0.05962572,-0.33467042,-0.1646516,-0.112611115,-0.42090267,-0.10996023,-0.14937104,-0.48340127,-0.047620714,-0.17302842,-0.19393146,-0.17785469,-0.08063815,-0.34393144,-0.16456097,-0.1345133,-0.4352363,-0.090180814,-0.16297157,-0.49815488,-0.024279207,-0.17942832,-0.17197675,-0.14487928,-0.103479035,-0.31866872,-0.1309816,-0.15210035,-0.40952113,-0.067246765,-0.16969338,-0.47273296,-0.011031747,-0.17695045,-0.14606458,-0.08054772,-0.12674342,-0.25970608,-0.06698257,-0.1695865,-0.34169298,-0.043907166,-0.18544075,-0.40558594,-0.026487231,-0.19288547
-0.10438156,0.05380532,-0.010720959,-0.22571653,0.058046877,-0.04182242,-0.30782905,0.088368684,-0.07625354,-0.38216364,0.13101569,-0.11296372,-0.21097511,-0.1901306,-0.06415268,-0.3342538,-0.18828796,-0.12942739,-0.4188249,-0.13308707,-0.17516023,-0.4791159,-0.064261675,-0.20494168,-0.18983346,-0.19744799,-0.09722578,-0.3457132,-0.19142453,-0.16470946,-0.43661115,-0.119668186,-0.20159845,-0.49989358,-0.055435628,-0.22465986,-0.15832376,-0.16740552,-0.13242336,-0.3121694,-0.17323875,-0.19441974,-0.4054976,-0.116515666,-0.2173187,-0.47187874,-0.065689296,-0.22858588,-0.12602592,-0.099912524,-0.16700293,-0.2344876,-0.10573521,-0.22265403,-0.322677,-0.09059358,-0.24550462,-0.39564264,-0.07926977,-0.25868905
-0.10438156,0.05380532,-0.010720959,-0.22571653,0.058046877,-0.04182242,-0.30782905,0.088368684,-0.07625354,-0.38216364,0.13101569,-0.11296372,-0.21097511,-0.1901306,-0.06415268,-0.3342538,-0.18828796,-0.12942739,-0.4188249,-0.13308707,-0.17516023,-0.4791159,-0.064261675,-0.20494168,-0.18983346,-0.19744799,-0.09722578,-0.3457132,-0.19142453,-0.16470946,-0.43661115,-0.119668186,-0.20159845,-0.49989358,-0.055435628,-0.22465986,-0.15832376,-0.16740552,-0.13242336,-0.3121694,-0.17323875,-0.19441974,-0.4054976,-0.116515666,-0.2173187,-0.47187874,-0.065689296,-0.22858588,-0.12602592,-0.099912524,-0.16700293,-0.2344876,-0.10573521,-0.22265403,-0.322677,-0.09059358,-0.24550462,-0.39564264,-0.07926977,-0.25868905
-0.09914118,0.04857552,-0.012917515,-0.21626729,0.044877112,-0.037556894,-0.29750478,0.07118714,-0.0655752,-0.36814258,0.10977,-0.09376485,-0.19926423,-0.20966843,-0.027889341,-0.31447348,-0.22446138,-0.07682143,-0.39911354,-0.17827222,-0.11637382,-0.4571952,-0.11327165,-0.14193986,-0.18321854,-0.22262836,-0.051324822,-0.3238219,-0.23232919,-0.09866074,-0.41063845,-0.17060882,-0.13004994,-0.47000048,-0.10618633,-0.14986722,-0.16100514,-0.19847187,-0.07858549,-0.3011604,-0.21224472,-0.12115596,-0.38994035,-0.16090551,-0.13786472,-0.4508861,-0.10777372,-0.1455975,-0.14179021,-0.13781238,-0.10687318,-0.2553764,-0.14148211,-0.1422747,-0.33384755,-0.12622768,-0.15506713,-0.3928442,-0.11213714,-0.16137029
-0.08865982,0.026466519,-0.023360845,-0.2044316,0.0021825135,-0.047659263,-0.29420447,0.024650663,-0.075594574,-0.3717854,0.050040454,-0.10087595,-0.19453901,-0.23333563,-0.008410964,-0.282415,-0.30894902,-0.050800197,-0.36484072,-0.29555547,-0.085438035,-0.423239,-0.25853986,-0.1078716,-0.17811549,-0.24853474,-0.026093546,-0.2830794,-0.3233009,-0.06703078,-0.37460756,-0.29065248,-0.09208662,-0.44114605,-0.24565628,-0.106144875,-0.15696603,-0.24102326,-0.05161116,-0.26814896,-0.3192417,-0.08853602,-0.35776684,-0.29184693,-0.10256788,-0.42219868,-0.2525605,-0.10765209,-0.13767111,-0.2077685,-0.08085389,-0.23403674,-0.25775224,-0.11187924,-0.30818588,-0.26233712,-0.12519966,-0.3652617,-0.25719446,-0.13109095
-0.08371091,0.019916922,-0.022557102,-0.1971497,-0.015581459,-0.044518203,-0.28739536,-0.004010111,-0.07028341,-0.36464244,0.015693814,-0.09344307,-0.18032873,-0.24280572,-0.008005887,-0.26274285,-0.3330528,-0.048896708,-0.34491876,-0.33126763,-0.08172294,-0.4050903,-0.3021325,-0.102973655,-0.16436744,-0.2581907,-0.025036195,-0.2628532,-0.35201693,-0.06635791,-0.35603487,-0.33060786,-0.091842525,-0.42517847,-0.2909665,-0.10562337,-0.14400214,-0.25382423,-0.049305655,-0.24913758,-0.346865,-0.08597767,-0.33962134,-0.33117202,-0.10153755,-0.40531856,-0.29731798,-0.10737431,-0.12567735,-0.2241514,-0.07711263,-0.21608949,-0.28810865,-0.107365794,-0.28967607,-0.30232275,-0.121624544,-0.34649044,-0.30226776,-0.12830111
-0.088020265,0.01660186,-0.024513649,-0.20079106,-0.027357161,-0.04855679,-0.29283652,-0.02347219,-0.07604144,-0.37165833,-0.014204502,-0.101952866,-0.18259197,-0.239602,-0.01560793,-0.2591354,-0.33564538,-0.06005392,-0.33658755,-0.3519895,-0.09659725,-0.3966063,-0.33313876,-0.120052025,-0.16149008,-0.25819504,-0.032376677,-0.24507734,-0.36680925,-0.07762121,-0.33472836,-0.3676233,-0.10762747,-0.40592808,-0.33569753,-0.12429939,-0.1332882,-0.25618035,-0.055837244,-0.22245735,-0.36664033,-0.09412596,-0.3101807,-0.3715055,-0.11371379,-0.37882704,-0.3459562,-0.122910224,-0.10493076,-0.22890863,-0.08266201,-0.18212628,-0.305532,-0.11361876,-0.25269195,-0.3334704,-0.12966397,-0.3116014,-0.3409518,-0.13802174
-0.08338207,0.01407063,-0.027712068,-0.19665062,-0.036709428,-0.048978902,-0.28951275,-0.039337695,-0.072185,-0.3674112,-0.039653003,-0.09374073,-0.16985291,-0.23645413,-0.014873055,-0.23433828,-0.34186855,-0.055179957,-0.30668625,-0.37171364,-0.08857191,-0.36834878,-0.36622742,-0.11107344,-0.14935756,-0.25555038,-0.028490907,-0.21866155,-0.3761416,-0.07032527,-0.30323923,-0.3925127,-0.099506326,-0.37603426,-0.37413263,-0.11663948,-0.12095684,-0.2564491,-0.048723076,-0.19504744,-0.3777411,-0.08551944,-0.27827042,-0.39534193,-0.10615329,-0.34819,-0.3807844,-0.11647737,-0.091056764,-0.2353231,-0.07237048,-0.16073942,-0.32187665,-0.102888666,-0.22785938,-0.35832483,-0.119820155,-0.28659058,-0.3729347,-0.12919912
-0.08053982,0.0065171123,-0.025315177,-0.19400308,-0.05646193,-0.041968916,-0.2861755,-0.07034296,-0.06030176,-0.3594904,-0.0898785,-0.0771529,-0.1561259,-0.25140432,-0.008967581,-0.21047813,-0.35487807,-0.04293623,-0.2758966,-0.39500827,-0.07269841,-0.3367297,-0.40546095,-0.09425132,-0.13381249,-0.27371177,-0.021764351,-0.2026039,-0.39122683,-0.058138702,-0.2852947,-0.42406914,-0.08659084,-0.36024678,-0.4231103,-0.10432906,-0.10431349,-0.2769767,-0.04055805,-0.1736421,-0.40517056,-0.0731698,-0.25526375,-0.43944606,-0.09377498,-0.32765207,-0.4412043,-0.10492137,-0.072378516,-0.2579585,-0.0625489,-0.1343301,-0.3521863,-0.09136473,-0.19822785,-0.40102237,-0.10856511,-0.25784266,-0.4280429,-0.118416816
-0.08132595,0.0043752193,-0.033156436,-0.18883926,-0.058039248,-0.0564575,-0.28085124,-0.07989919,-0.07999516,-0.35548088,-0.10179144,-0.10254064,-0.15106106,-0.2540397,-0.023792291,-0.20775568,-0.36199436,-0.06477057,-0.27212647,-0.410926,-0.10018437,-0.3326719,-0.42882556,-0.12528893,-0.124498665,-0.2756376,-0.035161275,-0.18075949,-0.39836597,-0.07842193,-0.26022145,-0.43899685,-0.111693814,-0.3331167,-0.44261217,-0.1325784,-0.08993703,-0.27515516,-0.052670065,-0.1420514,-0.40679756,-0.09011716,-0.21715179,-0.44723916,-0.113355964,-0.28537744,-0.45459604,-0.12672141,-0.050728023,-0.25185156,-0.07383692,-0.094652176,-0.34714606,-0.10680172,-0.14863944,-0.40085632,-0.12569581,-0.20192304,-0.43282235,-0.13671744
-0.088655055,-0.005007148,-0.030799162,-0.19687468,-0.090438336,-0.050540283,-0.29008967,-0.12872434,-0.070985444,-0.36137912,-0.16410631,-0.09003231,-0.14539003,-0.2931509,-0.012004695,-0.19405106,-0.41495305,-0.04848175,-0.24994308,-0.47394866,-0.08224053,-0.30612022,-0.49651504,-0.1059672,-0.11209667,-0.30865917,-0.02313498,-0.15913099,-0.43921828,-0.059690844,-0.22585458,-0.4973675,-0.09161036,-0.29082346,-0.51627344,-0.112055056,-0.07291174,-0.3021866,-0.040992368,-0.11528617,-0.4409858,-0.07244444,-0.17622235,-0.49812955,-0.09447146,-0.23602235,-0.5223584,-0.10787937,-0.031130195,-0.27266902,-0.06266352,-0.06750476,-0.37239182,-0.09145868,-0.111278296,-0.43299118,-0.10861454,-0.156582,-0.4742543,-0.1190003
-0.09400129,-0.009220362,-0.027733685,-0.20299262,-0.100782126,-0.045838997,-0.29458356,-0.14837325,-0.0663829,-0.36434853,-0.19266409,-0.085571565,-0.14435196,-0.29969218,-0.0009420715,-0.19060338,-0.42105734,-0.03232926,-0.24203935,-0.48327374,-0.062434528,-0.29493046,-0.5116601,-0.084422246,-0.11002767,-0.31380695,-0.014144946,-0.15721202,-0.44480816,-0.045924295,-0.21950412,-0.50809246,-0.07544414,-0.28204617,-0.5372232,-0.09505574,-0.07131243,-0.30718094,-0.034835167,-0.11381543,-0.44745475,-0.06435207,-0.17192692,-0.5086559,-0.08713943,-0.23009863,-0.539068,-0.10172116,-0.031652093,-0.27940875,-0.05935159,-0.0685758,-0.38197097,-0.08786051,-0.111028016,-0.44662055,-0.106877,-0.15503949,-0.49291348,-0.119414605
-0.09400129,-0.009220362,-0.027733685,-0.20299262,-0.100782126,-0.045838997,-0.29458356,-0.14837325,-0.0663829,-0.36434853,-0.19266409,-0.085571565,-0.14435196,-0.29969218,-0.0009420715,-0.19060338,-0.42105734,-0.03232926,-0.24203935,-0.48327374,-0.062434528,-0.29493046,-0.5116601,-0.084422246,-0.11002767,-0.31380695,-0.014144946,-0.15721202,-0.44480816,-0.045924295,-0.21950412,-0.50809246,-0.07544414,-0.28204617,-0.5372232,-0.09505574,-0.07131243,-0.30718094,-0.034835167,-0.11381543,-0.44745475,-0.06435207,-0.17192692,-0.5086559,-0.08713943,-0.23009863,-0.539068,-0.10172116,-0.031652093,-0.27940875,-0.05935159,-0.0685758,-0.38197097,-0.08786051,-0.111028016,-0.44662055,-0.106877,-0.15503949,-0.49291348,-0.119414605
-0.09605914,-0.011856675,-0.023812223,-0.20604306,-0.112605184,-0.037828356,-0.29581523,-0.16743797,-0.05536255,-0.3622279,-0.22207633,-0.07089681,-0.1418333,-0.31289878,0.012911427,-0.18347326,-0.43462926,-0.01119326,-0.23212796,-0.4976433,-0.03705548,-0.2847004,-0.52901125,-0.056645963,-0.107850134,-0.32491487,-0.00021874641,-0.1534338,-0.45701185,-0.024166457,-0.21193191,-0.5198536,-0.048877906,-0.27267617,-0.5504773,-0.065699436,-0.07019234,-0.31768826,-0.021198254,-0.10972077,-0.46108788,-0.044591144,-0.1654194,-0.5243483,-0.064015254,-0.22342154,-0.55488694,-0.07646006,-0.03315419,-0.2915691,-0.046174474,-0.07143164,-0.4046724,-0.06999612,-0.115151465,-0.4712724,-0.08653259,-0.1611669,-0.5152146,-0.097430855
-0.09226251,-0.019411027,-0.026075669,-0.19295198,-0.13173896,-0.037214056,-0.275881,-0.20021996,-0.050717164,-0.33130485,-0.26650432,-0.061227653,-0.11519247,-0.3204351,0.01343272,-0.14616275,-0.44872427,-0.0102076065,-0.18951038,-0.5131484,-0.03556896,-0.23819286,-0.5447067,-0.053785797,-0.08307749,-0.33059675,0.0047904556,-0.11318356,-0.4676659,-0.016489638,-0.16684833,-0.53663933,-0.038246818,-0.22341502,-0.5714053,-0.05283243,-0.04918176,-0.32207856,-0.012197054,-0.075293064,-0.46713886,-0.03169097,-0.12409878,-0.5355582,-0.0487984,-0.17742518,-0.57088614,-0.059823968,-0.016342938,-0.29616153,-0.033628106,-0.041028857,-0.41049156,-0.053881053,-0.07762253,-0.47818536,-0.06887156,-0.119181156,-0.5240764,-0.07867949
-0.08671218,-0.022402942,-0.026881887,-0.18456861,-0.14109045,-0.038318742,-0.2669087,-0.21432495,-0.051507067,-0.3217755,-0.27932,-0.06159352,-0.10505694,-0.32970375,0.009968578,-0.13452208,-0.45966005,-0.014906438,-0.17769471,-0.52363074,-0.040649176,-0.22716552,-0.55495787,-0.058549415,-0.071457684,-0.3380361,0.0029489305,-0.10116637,-0.4763093,-0.018259464,-0.15316239,-0.54346645,-0.03901829,-0.21006447,-0.57641625,-0.052464716,-0.036631703,-0.32782653,-0.012231963,-0.059583485,-0.4734494,-0.03199002,-0.10913777,-0.54057544,-0.048111077,-0.16428018,-0.57495666,-0.05773739,-0.004604757,-0.29972926,-0.03174384,-0.028864026,-0.41535553,-0.051444866,-0.064781964,-0.48253542,-0.065448835,-0.10558331,-0.5273611,-0.07396376
-0.08671218,-0.022402942,-0.026881887,-0.18456861,-0.14109045,-0.038318742,-0.2669087,-0.21432495,-0.051507067,-0.3217755,-0.27932,-0.06159352,-0.10505694,-0.32970375,0.009968578,-0.13452208,-0.45966005,-0.014906438,-0.17769471,-0.52363074,-0.040649176,-0.22716552,-0.55495787,-0.058549415,-0.071457684,-0.3380361,0.0029489305,-0.10116637,-0.4763093,-0.018259464,-0.15316239,-0.54346645,-0.03901829,-0.21006447,-0.57641625,-0.052464716,-0.036631703,-0.32782653,-0.012231963,-0.059583485,-0.4734494,-0.03199002,-0.10913777,-0.54057544,-0.048111077,-0.16428018,-0.57495666,-0.05773739,-0.004604757,-0.29972926,-0.03174384,-0.028864026,-0.41535553,-0.051444866,-0.064781964,-0.48253542,-0.065448835,-0.10558331,-0.5273611,-0.07396376
-0.09192675,-0.028448105,-0.023559257,-0.18893975,-0.15781498,-0.03361495,-0.270078,-0.2347197,-0.046765544,-0.32472378,-0.30182016,-0.057100542,-0.105287015,-0.34601218,0.018990267,-0.12939602,-0.47649288,-0.0025232781,-0.16915178,-0.54178905,-0.027348533,-0.21705317,-0.577473,-0.045831952,-0.071943164,-0.3517387,0.009032426,-0.09604025,-0.49213108,-0.010558504,-0.14502832,-0.5611764,-0.031831346,-0.20147562,-0.5951225,-0.045903772,-0.036955714,-0.3362073,-0.009305947,-0.055144846,-0.48520234,-0.026621215,-0.10188639,-0.55686843,-0.042600725,-0.15597683,-0.59450924,-0.05317046,-0.00531739,-0.30170527,-0.03211384,-0.027680635,-0.41888732,-0.050379753,-0.06166768,-0.49177438,-0.06477669,-0.100209355,-0.5434483,-0.074362665
-0.09256083,-0.02938795,-0.023547133,-0.18768501,-0.1567229,-0.034271378,-0.2679953,-0.23197168,-0.04817552,-0.32167774,-0.29862654,-0.05907627,-0.10273385,-0.34328827,0.017779434,-0.12520641,-0.4755761,-0.00578822,-0.16642389,-0.54103744,-0.032147367,-0.21545216,-0.5754262,-0.051180154,-0.069701195,-0.34894377,0.0076515726,-0.09267563,-0.49064946,-0.013979312,-0.14372319,-0.559824,-0.036534034,-0.20124602,-0.5920111,-0.05108362,-0.034872115,-0.33433917,-0.010817973,-0.052234232,-0.48386812,-0.02937711,-0.10055244,-0.55468583,-0.04604394,-0.15529135,-0.5902427,-0.056558035,-0.003130436,-0.3013762,-0.033733938,-0.024433076,-0.4201632,-0.05238308,-0.05936432,-0.49276984,-0.06699047,-0.09864509,-0.5429799,-0.07641171
-0.0938853,-0.032345474,-0.024302222,-0.18790999,-0.15606594,-0.035725374,-0.2672305,-0.23190731,-0.04977838,-0.3212216,-0.29834652,-0.06095715,-0.103791356,-0.3383068,0.0143145565,-0.12686038,-0.46893078,-0.010175344,-0.16572678,-0.5350564,-0.037273385,-0.21306485,-0.57194364,-0.057145964,-0.0706414,-0.34343755,0.004640117,-0.0940845,-0.4817689,-0.018863147,-0.14243433,-0.5526363,-0.04365614,-0.19813752,-0.5883397,-0.060136102,-0.03604436,-0.32872742,-0.012993527,-0.052982688,-0.47484303,-0.033101927,-0.098287046,-0.54748493,-0.0518234,-0.15093282,-0.5869206,-0.064165264,-0.0030571222,-0.29570645,-0.03484514,-0.021354139,-0.40743554,-0.054424666,-0.051754653,-0.479656,-0.06990147,-0.08722007,-0.5316367,-0.08028401
-0.091412246,-0.023468792,-0.02685003,-0.19213107,-0.14634609,-0.03969436,-0.27660447,-0.22214341,-0.054485444,-0.33812445,-0.2796746,-0.06679111,-0.116137624,-0.3256625,0.00614781,-0.14455792,-0.45939937,-0.021814594,-0.18522444,-0.5258983,-0.050233714,-0.23474795,-0.5587791,-0.07010322,-0.083248615,-0.33401054,-0.002858325,-0.11286646,-0.47262904,-0.029704044,-0.16426182,-0.5434072,-0.05585014,-0.22362962,-0.5777083,-0.07274159,-0.047311544,-0.3218332,-0.019519221,-0.07101685,-0.46778643,-0.043300383,-0.11912149,-0.53801686,-0.06302086,-0.17407879,-0.5741837,-0.075092755,-0.012797415,-0.2918344,-0.040134057,-0.039313614,-0.4057195,-0.061884325,-0.07184327,-0.47975588,-0.07747432,-0.1083352,-0.53319716,-0.087405756
-0.09078473,-0.018398762,-0.027209718,-0.19778812,-0.14054716,-0.04014388,-0.2862984,-0.21146053,-0.055374183,-0.35118526,-0.26691365,-0.06805164,-0.1254586,-0.3256755,0.009072458,-0.15702474,-0.45856124,-0.017908214,-0.19969675,-0.5250871,-0.045715544,-0.2498213,-0.5570123,-0.06549649,-0.09226352,-0.33443016,-0.00055214716,-0.12371969,-0.4732604,-0.02708434,-0.17621472,-0.5405885,-0.052916262,-0.23679769,-0.5710262,-0.06932567,-0.05581504,-0.3237489,-0.018215472,-0.08359802,-0.4707809,-0.042453915,-0.13429767,-0.5386653,-0.061663404,-0.1918304,-0.5725349,-0.07301722,-0.021068454,-0.29485986,-0.040014897,-0.054538786,-0.41081083,-0.062167212,-0.090830445,-0.48422727,-0.07760728,-0.1304949,-0.5366869,-0.0873048
-0.08737743,-0.014669716,-0.026838005,-0.19689804,-0.12861031,-0.04148822,-0.2870182,-0.18922246,-0.05839179,-0.3519653,-0.24249366,-0.07300157,-0.13072616,-0.3279695,0.0071440907,-0.16719401,-0.45689783,-0.019996721,-0.21391833,-0.51803297,-0.04815587,-0.26621643,-0.5452632,-0.06847856,-0.095458865,-0.33774891,-0.004035224,-0.13367543,-0.47881597,-0.032050103,-0.1906538,-0.5382832,-0.058315057,-0.2534309,-0.5592208,-0.07421672,-0.05617696,-0.32505593,-0.023022795,-0.08992392,-0.4761369,-0.048783805,-0.14504611,-0.53913563,-0.0682226,-0.20438674,-0.5674981,-0.07913133,-0.019352376,-0.2915993,-0.045944992,-0.060691297,-0.40699548,-0.06978146,-0.10234088,-0.47942448,-0.0858135,-0.14527506,-0.53142196,-0.095517345
-0.08737743,-0.014669716,-0.026838005,-0.19689804,-0.12861031,-0.04148822,-0.2870182,-0.18922246,-0.05839179,-0.3519653,-0.24249366,-0.07300157,-0.13072616,-0.3279695,0.0071440907,-0.16719401,-0.45689783,-0.019996721,-0.21391833,-0.51803297,-0.04815587,-0.26621643,-0.5452632,-0.06847856,-0.095458865,-0.33774891,-0.004035224,-0.13367543,-0.47881597,-0.032050103,-0.1906538,-0.5382832,-0.058315057,-0.2534309,-0.5592208,-0.07421672,-0.05617696,-0.32505593,-0.023022795,-0.08992392,-0.4761369,-0.048783805,-0.14504611,-0.53913563,-0.0682226,-0.20438674,-0.5674981,-0.07913133,-0.019352376,-0.2915993,-0.045944992,-0.060691297,-0.40699548,-0.06978146,-0.10234088,-0.47942448,-0.0858135,-0.14527506,-0.53142196,-0.095517345
-0.08805466,-0.008986235,-0.026057573,-0.19999093,-0.11814147,-0.042702224,-0.29233688,-0.17080599,-0.061284766,-0.36095786,-0.2148816,-0.07828974,-0.1337597,-0.31619027,-0.0011410387,-0.17329338,-0.4479156,-0.03338941,-0.22303754,-0.50626945,-0.06433519,-0.27740368,-0.52613586,-0.08557049,-0.09879285,-0.32658005,-0.01326701,-0.14171353,-0.4698634,-0.047458038,-0.20299053,-0.52448976,-0.07733061,-0.26755095,-0.5355947,-0.094573475,-0.05830562,-0.31362662,-0.03228057,-0.094854236,-0.4618081,-0.061646607,-0.15267771,-0.5217503,-0.0820083,-0.21216267,-0.54570544,-0.09292816,-0.019334912,-0.27750543,-0.05467722,-0.058371425,-0.39007246,-0.07933661,-0.0987671,-0.4626506,-0.09444136,-0.14033505,-0.515916,-0.10330918
-0.08189136,0.0043337345,-0.03578838,-0.18799514,-0.071775734,-0.06317135,-0.27821493,-0.09363043,-0.08969477,-0.35030168,-0.1197263,-0.11615954,-0.13693523,-0.2845021,-0.032037206,-0.17908734,-0.4096503,-0.07642191,-0.23147812,-0.4583072,-0.114792824,-0.28695852,-0.46924856,-0.13991404,-0.09683257,-0.29455948,-0.041920397,-0.13427424,-0.42875955,-0.083531305,-0.19524613,-0.4741785,-0.11613582,-0.25931498,-0.48138633,-0.13641451,-0.049799085,-0.27897945,-0.058284547,-0.07695657,-0.41380993,-0.094411686,-0.13265318,-0.46702445,-0.11636352,-0.19094822,-0.49046975,-0.12915573,-0.0029303432,-0.23797151,-0.0781754,-0.030467987,-0.34483927,-0.10867848,-0.065494,-0.40891194,-0.12339824,-0.10427022,-0.45400947,-0.13188152
-0.0813638,0.0066668987,-0.037487157,-0.18669185,-0.06257069,-0.06613514,-0.27505744,-0.08184981,-0.09380924,-0.34683648,-0.105895996,-0.12106301,-0.1424663,-0.28393295,-0.032192897,-0.18581602,-0.4081313,-0.07747632,-0.2372903,-0.45347512,-0.11718357,-0.29023653,-0.45954525,-0.14284404,-0.100759804,-0.29559094,-0.041684184,-0.13884306,-0.4313063,-0.08504936,-0.19826543,-0.47408122,-0.11845433,-0.25842643,-0.47351104,-0.13849083,-0.051497817,-0.28151336,-0.0580285,-0.07816237,-0.41923034,-0.095634274,-0.1298069,-0.4688788,-0.11788705,-0.18270728,-0.48340994,-0.12983173,-0.0019973516,-0.24241039,-0.07812187,-0.031143606,-0.3492277,-0.11007606,-0.06674147,-0.41113007,-0.12561476,-0.10570741,-0.4516287,-0.13397439
-0.0815143,0.011858821,-0.038447917,-0.18870136,-0.052628875,-0.06689188,-0.27781728,-0.069289744,-0.093354285,-0.3500967,-0.09152484,-0.1195207,-0.14617041,-0.27557322,-0.038080353,-0.1889483,-0.40072048,-0.08235895,-0.24019814,-0.4465528,-0.120014474,-0.29354653,-0.45422283,-0.14442307,-0.102255225,-0.28865877,-0.04684349,-0.13872188,-0.42767406,-0.08829457,-0.19682387,-0.4702056,-0.11839588,-0.25542343,-0.4703065,-0.13645904,-0.051348865,-0.27377144,-0.06217461,-0.07588357,-0.40979058,-0.09945654,-0.12951571,-0.4608857,-0.12077064,-0.18384814,-0.47916582,-0.13244976,-0.0007574558,-0.23336008,-0.08104001,-0.029590487,-0.33988985,-0.11285791,-0.0645566,-0.39924753,-0.1270924,-0.10218316,-0.43741488,-0.13474767
-0.08143741,0.015510201,-0.035088196,-0.1919364,-0.048713863,-0.060607247,-0.28112128,-0.06436217,-0.085345976,-0.35487682,-0.08488721,-0.10972358,-0.15513504,-0.2740018,-0.025486102,-0.19961035,-0.395172,-0.0651881,-0.2508458,-0.439447,-0.1007421,-0.30245978,-0.44504446,-0.12392917,-0.11459452,-0.2899208,-0.03431552,-0.15940043,-0.42375427,-0.07468438,-0.21966368,-0.46361393,-0.10686951,-0.2791577,-0.45897204,-0.12541932,-0.06616658,-0.2821968,-0.04976133,-0.10660404,-0.41834164,-0.085046485,-0.16485912,-0.46510425,-0.1083085,-0.22180307,-0.47649968,-0.12046968,-0.016328633,-0.2508769,-0.06865599,-0.052859545,-0.3615325,-0.09891164,-0.09494561,-0.42414,-0.11616708,-0.13878286,-0.46453288,-0.12578389
-0.07964003,0.019888759,-0.0397683,-0.18832725,-0.03828287,-0.06960283,-0.2766747,-0.051615834,-0.09754597,-0.35244548,-0.068266034,-0.1253505,-0.15634009,-0.2674877,-0.04087561,-0.19995645,-0.39186382,-0.08789875,-0.25240678,-0.43056464,-0.12769307,-0.30549288,-0.43318033,-0.15358438,-0.109432995,-0.2836852,-0.050774578,-0.14820567,-0.42012268,-0.0976202,-0.2054644,-0.44878268,-0.13101031,-0.259821,-0.4366289,-0.15022926,-0.056272626,-0.27181348,-0.06739366,-0.07927871,-0.40344054,-0.108991235,-0.13034463,-0.44499445,-0.1320355,-0.18106467,-0.4564298,-0.14406554,-0.0017713308,-0.23407656,-0.08767906,-0.03399241,-0.33503518,-0.12257957,-0.06839484,-0.3857488,-0.13801992,-0.10346496,-0.41483444,-0.1461662
-0.078152895,0.017831326,-0.034835257,-0.18870085,-0.040887773,-0.06290406,-0.27743217,-0.0515247,-0.089944266,-0.35270327,-0.06759149,-0.11738655,-0.15142164,-0.26944476,-0.039301097,-0.19916242,-0.3906077,-0.08603624,-0.2537145,-0.42755055,-0.12546614,-0.30773085,-0.4293317,-0.15162528,-0.10645777,-0.2844098,-0.052823175,-0.14697316,-0.42319003,-0.10010417,-0.209261,-0.44943476,-0.13393894,-0.26747048,-0.4353727,-0.15385349,-0.054240108,-0.2700891,-0.072496705,-0.0807426,-0.4072678,-0.114560515,-0.13710114,-0.44752336,-0.13754582,-0.19114554,-0.45629454,-0.15000847,-0.0012941957,-0.22810045,-0.09531299,-0.03617698,-0.33041435,-0.13120417,-0.07260686,-0.38455155,-0.14674078,-0.10851544,-0.4171672,-0.15527533
-0.08018637,0.016280115,-0.03830961,-0.19359535,-0.04319483,-0.06630264,-0.28592944,-0.05384046,-0.09301447,-0.36281407,-0.0657897,-0.11890683,-0.16261888,-0.26947764,-0.032726012,-0.21251443,-0.38660172,-0.078800574,-0.2673295,-0.42048806,-0.11886716,-0.32134086,-0.4160938,-0.14529476,-0.119173706,-0.28516233,-0.043244403,-0.15780216,-0.41829,-0.086217254,-0.21688,-0.4463627,-0.11829121,-0.27330327,-0.43302548,-0.13814129,-0.06675196,-0.2738722,-0.061092276,-0.09490609,-0.4012493,-0.09792777,-0.14972082,-0.43824536,-0.11802922,-0.20229933,-0.44248554,-0.1298055,-0.0139395,-0.23606613,-0.08306391,-0.051199257,-0.32815474,-0.11324811,-0.088873506,-0.37671515,-0.12615453,-0.1260978,-0.40414578,-0.13379416
-0.08173174,0.020971596,-0.039366327,-0.19908977,-0.03684306,-0.06757304,-0.2922872,-0.0467515,-0.09415937,-0.36852664,-0.05699563,-0.11996584,-0.16847065,-0.26366568,-0.034443706,-0.21112204,-0.38170633,-0.0799133,-0.25953785,-0.41329584,-0.11914384,-0.31001943,-0.40795794,-0.14508377,-0.12567484,-0.28304255,-0.045183446,-0.17437953,-0.41325676,-0.0880869,-0.24008715,-0.43973494,-0.12123538,-0.30427742,-0.42702395,-0.14226338,-0.0728215,-0.27263924,-0.06313606,-0.10374701,-0.40072054,-0.10334226,-0.16098756,-0.4329785,-0.1264698,-0.21777111,-0.43617147,-0.1397547,-0.018695652,-0.2351054,-0.08478347,-0.0625518,-0.32468846,-0.11869471,-0.10279864,-0.3708178,-0.1340124,-0.14214063,-0.39849707,-0.14294492
-0.08173174,0.020971596,-0.039366327,-0.19908977,-0.03684306,-0.06757304,-0.2922872,-0.0467515,-0.09415937,-0.36852664,-0.05699563,-0.11996584,-0.16847065,-0.26366568,-0.034443706,-0.21112204,-0.38170633,-0.0799133,-0.25953785,-0.41329584,-0.11914384,-0.31001943,-0.40795794,-0.14508377,-0.12567484,-0.28304255,-0.045183446,-0.17437953,-0.41325676,-0.0880869,-0.24008715,-0.43973494,-0.12123538,-0.30427742,-0.42702395,-0.14226338,-0.0728215,-0.27263924,-0.06313606,-0.10374701,-0.40072054,-0.10334226,-0.16098756,-0.4329785,-0.1264698,-0.21777111,-0.43617147,-0.1397547,-0.018695652,-0.2351054,-0.08478347,-0.0625518,-0.32468846,-0.11869471,-0.10279864,-0.3708178,-0.1340124,-0.14214063,-0.39849707,-0.14294492
-0.0849278,0.015006542,-0.028427446,-0.19943643,-0.044049025,-0.056473438,-0.29136163,-0.049060702,-0.08654758,-0.36813027,-0.05474657,-0.115694396,-0.16944471,-0.27094755,-0.02782114,-0.22482842,-0.3920905,-0.07499386,-0.29103053,-0.4148756,-0.11352667,-0.34836733,-0.39898363,-0.13883585,-0.13538402,-0.29052344,-0.04649221,-0.1997624,-0.43264753,-0.09586807,-0.28539488,-0.4409917,-0.12916894,-0.35587728,-0.40812898,-0.14819874,-0.09235686,-0.28455538,-0.07178895,-0.1554884,-0.43340164,-0.114097856,-0.24257305,-0.44518268,-0.13756943,-0.31312048,-0.41975117,-0.14972252,-0.04853958,-0.25247708,-0.1002297,-0.108059764,-0.3555942,-0.13586397,-0.17660707,-0.39814496,-0.15622188,-0.23799336,-0.41744298,-0.16789491
-0.082490146,0.009458005,-0.027864022,-0.19605523,-0.054797173,-0.056090694,-0.28828934,-0.06112212,-0.08637903,-0.3660273,-0.0710395,-0.114823855,-0.15587369,-0.27972564,-0.030605711,-0.20599386,-0.40529686,-0.08242849,-0.27768385,-0.42652577,-0.122672714,-0.33926952,-0.405842,-0.1477225,-0.12477231,-0.29391876,-0.048667043,-0.186613,-0.43900645,-0.09937357,-0.27501333,-0.44593126,-0.12964897,-0.34552515,-0.4166741,-0.14587462,-0.086524904,-0.28450632,-0.073467776,-0.15046129,-0.42971247,-0.11590636,-0.24267846,-0.43846548,-0.13494954,-0.31508198,-0.41441524,-0.14322789,-0.048311234,-0.24968186,-0.10159462,-0.11048186,-0.35322535,-0.1360584,-0.1845792,-0.3938463,-0.15335383,-0.24867633,-0.41266692,-0.16202319
-0.082490146,0.009458005,-0.027864022,-0.19605523,-0.054797173,-0.056090694,-0.28828934,-0.06112212,-0.08637903,-0.3660273,-0.0710395,-0.114823855,-0.15587369,-0.27972564,-0.030605711,-0.20599386,-0.40529686,-0.08242849,-0.27768385,-0.42652577,-0.122672714,-0.33926952,-0.405842,-0.1477225,-0.12477231,-0.29391876,-0.048667043,-0.186613,-0.43900645,-0.09937357,-0.27501333,-0.44593126,-0.12964897,-0.34552515,-0.4166741,-0.14587462,-0.086524904,-0.28450632,-0.073467776,-0.15046129,-0.42971247,-0.11590636,-0.24267846,-0.43846548,-0.13494954,-0.31508198,-0.41441524,-0.14322789,-0.048311234,-0.24968186,-0.10159462,-0.11048186,-0.35322535,-0.1360584,-0.1845792,-0.3938463,-0.15335383,-0.24867633,-0.41266692,-0.16202319
-0.08768201,0.0016354322,-0.027514704,-0.20155045,-0.0679878,-0.056768954,-0.29413188,-0.08368623,-0.08856024,-0.3737612,-0.10173905,-0.117527805,-0.15310991,-0.28895488,-0.029656058,-0.21172357,-0.41365385,-0.08605777,-0.2898505,-0.42381996,-0.12835217,-0.35384345,-0.39728427,-0.15345056,-0.12443876,-0.29938433,-0.048209656,-0.19641134,-0.44526565,-0.10208499,-0.28926456,-0.44267464,-0.13149095,-0.35866666,-0.41246316,-0.14571913,-0.0909341,-0.2866926,-0.07427059,-0.16629821,-0.42811215,-0.118879735,-0.26167205,-0.43371361,-0.13520838,-0.3331835,-0.41232258,-0.14035016,-0.059125602,-0.25032195,-0.10395341,-0.12955427,-0.35200796,-0.13894074,-0.20509157,-0.38956723,-0.15436114,-0.2673778,-0.40751326,-0.16102894
-0.09036672,0.005232632,-0.022555282,-0.20643646,-0.06788367,-0.046505842,-0.2984528,-0.08424842,-0.07360564,-0.37594303,-0.10224283,-0.09750288,-0.14433438,-0.28828135,-0.018352484,-0.21219471,-0.40871108,-0.06525775,-0.29458535,-0.42200148,-0.09974265,-0.3595161,-0.40273482,-0.12048406,-0.12006396,-0.2972404,-0.037408825,-0.20870599,-0.4347151,-0.08342671,-0.3036058,-0.43140948,-0.10707375,-0.37024152,-0.40437824,-0.11729937,-0.095698476,-0.2830808,-0.06383492,-0.18876696,-0.4159457,-0.10293368,-0.28539515,-0.42030394,-0.115050666,-0.35564345,-0.4036351,-0.11699152,-0.07892203,-0.2459118,-0.093671545,-0.16712469,-0.33945784,-0.125663,-0.24331537,-0.37349358,-0.13836165,-0.30282426,-0.3934362,-0.14254954
-0.10269523,0.011434019,-0.013684962,-0.21014327,-0.061142683,-0.033772577,-0.29376787,-0.08980793,-0.05744813,-0.36624447,-0.109465,-0.07856055,-0.12082523,-0.29007033,-0.008026027,-0.2103005,-0.38350493,-0.048308533,-0.29908285,-0.39687485,-0.08058773,-0.3672582,-0.37705815,-0.10040194,-0.10400379,-0.29717183,-0.028998831,-0.21954387,-0.40532428,-0.06722498,-0.31513768,-0.401331,-0.09023325,-0.38238436,-0.37900847,-0.101630986,-0.09503442,-0.27364978,-0.055652425,-0.20853966,-0.37767476,-0.089220695,-0.30671382,-0.38549772,-0.10176104,-0.37935662,-0.37563163,-0.10557514,-0.09923148,-0.22159117,-0.08454405,-0.1995123,-0.30044052,-0.11336818,-0.27499792,-0.33446658,-0.12425561,-0.33368665,-0.35680205,-0.12807406
-0.101848066,0.012724817,0.0015337265,-0.21036911,-0.064911306,-0.010102704,-0.29165423,-0.096927404,-0.028423991,-0.36290503,-0.11511105,-0.045885652,-0.122679055,-0.2883244,0.0062688976,-0.21768013,-0.37227157,-0.02754773,-0.30742127,-0.3832891,-0.055736747,-0.37692374,-0.36446574,-0.07383775,-0.1053713,-0.2984046,-0.022025742,-0.22436434,-0.39679837,-0.055294286,-0.3229559,-0.3924218,-0.07691877,-0.39410698,-0.36927038,-0.08838162,-0.097164154,-0.27620992,-0.05466429,-0.21662909,-0.37752718,-0.08607928,-0.31615722,-0.38387412,-0.09772282,-0.39023477,-0.36997253,-0.10136645,-0.10509157,-0.2238437,-0.08816708,-0.21165729,-0.30174688,-0.11704161,-0.28804493,-0.33339524,-0.12682027,-0.3464167,-0.35019776,-0.12983468
-0.095657766,0.009280264,0.0049529946,-0.19557351,-0.06589693,-0.0051116133,-0.26933816,-0.096497536,-0.021199696,-0.33861166,-0.12397152,-0.036426354,-0.10892749,-0.27683207,-0.0020786165,-0.20396161,-0.36348867,-0.031475063,-0.29190612,-0.3683687,-0.05295065,-0.3595128,-0.35108268,-0.06670351,-0.09000826,-0.28919166,-0.02997218,-0.2065477,-0.38952273,-0.059703708,-0.3056674,-0.38094097,-0.07598265,-0.37441608,-0.3562713,-0.084716074,-0.08541709,-0.2680427,-0.060630526,-0.2055369,-0.37179303,-0.08826145,-0.3024424,-0.37108988,-0.095459335,-0.3704655,-0.35410836,-0.09712937,-0.09767705,-0.21651372,-0.091495745,-0.20385057,-0.29491365,-0.11678235,-0.2814076,-0.3231367,-0.12403779,-0.33859318,-0.33511066,-0.12621117
-0.089981556,0.009889364,0.009800806,-0.18803516,-0.06579578,0.0019065411,-0.26309592,-0.09574717,-0.01342248,-0.33465803,-0.11986253,-0.02845688,-0.09910393,-0.27199408,0.0040711043,-0.19799912,-0.3523841,-0.020324914,-0.28569227,-0.36360732,-0.038554575,-0.35563725,-0.3564967,-0.051386107,-0.083245635,-0.28520182,-0.027135883,-0.20141089,-0.3814118,-0.053807687,-0.30272526,-0.3816716,-0.06986559,-0.37400368,-0.36353445,-0.079182684,-0.0828892,-0.2661744,-0.060461935,-0.20071971,-0.36699867,-0.087315105,-0.29813963,-0.37094623,-0.09540907,-0.3671457,-0.35682678,-0.09794301,-0.100082636,-0.21822336,-0.093557,-0.20547181,-0.29905525,-0.11967385,-0.28071916,-0.32738066,-0.12695697,-0.3363032,-0.3367873,-0.1291135
-0.089981556,0.009889364,0.009800806,-0.18803516,-0.06579578,0.0019065411,-0.26309592,-0.09574717,-0.01342248,-0.33465803,-0.11986253,-0.02845688,-0.09910393,-0.27199408,0.0040711043,-0.19799912,-0.3523841,-0.020324914,-0.28569227,-0.36360732,-0.038554575,-0.35563725,-0.3564967,-0.051386107,-0.083245635,-0.28520182,-0.027135883,-0.20141089,-0.3814118,-0.053807687,-0.30272526,-0.3816716,-0.06986559,-0.37400368,-0.36353445,-0.079182684,-0.0828892,-0.2661744,-0.060461935,-0.20071971,-0.36699867,-0.087315105,-0.29813963,-0.37094623,-0.09540907,-0.3671457,-0.35682678,-0.09794301,-0.100082636,-0.21822336,-0.093557,-0.20547181,-0.29905525,-0.11967385,-0.28071916,-0.32738066,-0.12695697,-0.3363032,-0.3367873,-0.1291135
-0.08743113,0.015010655,-0.010903774,-0.1855064,-0.059118032,-0.024432756,-0.2611081,-0.09382993,-0.038990665,-0.3301303,-0.11870134,-0.0521017,-0.09205836,-0.25907174,-0.022483911,-0.1947715,-0.33593062,-0.05025238,-0.28467238,-0.35177553,-0.06935491,-0.35700554,-0.34919924,-0.081629544,-0.078308046,-0.27192584,-0.039451636,-0.19668156,-0.37128907,-0.06910191,-0.2971692,-0.37685895,-0.085219696,-0.36959624,-0.36297154,-0.092920184,-0.08053237,-0.2555135,-0.05839493,-0.19528604,-0.35540175,-0.086477585,-0.2914937,-0.3663544,-0.09525788,-0.35908088,-0.35788372,-0.096511014,-0.09930849,-0.21153885,-0.07819792,-0.20346901,-0.29390475,-0.10293869,-0.27697444,-0.3236564,-0.108474456,-0.32968432,-0.33299392,-0.10820416
-0.08658719,0.011906266,-0.011406096,-0.18103069,-0.06335747,-0.02435565,-0.25462157,-0.0967111,-0.037862185,-0.3212611,-0.12334615,-0.049930476,-0.086476564,-0.26165718,-0.02058773,-0.18975127,-0.33671096,-0.048408054,-0.27708834,-0.35299164,-0.06870608,-0.34776026,-0.34903055,-0.08146039,-0.07280862,-0.2724929,-0.03621621,-0.18939683,-0.36642897,-0.06508121,-0.28721023,-0.3728045,-0.08299293,-0.36076257,-0.36134002,-0.0922801,-0.076598644,-0.2552172,-0.05386264,-0.18963975,-0.35222268,-0.08217243,-0.28335562,-0.3646729,-0.092522524,-0.3521149,-0.36005515,-0.094801344,-0.097884715,-0.2098946,-0.07218734,-0.20111102,-0.2890501,-0.097577006,-0.27206832,-0.32067984,-0.10364948,-0.32333425,-0.33425543,-0.10350339
-0.084833324,0.008931816,-0.012019965,-0.17264798,-0.06957346,-0.02313088,-0.24055338,-0.10723996,-0.03358806,-0.30332142,-0.13409811,-0.042406056,-0.07373381,-0.2523048,-0.020344801,-0.17010474,-0.33215672,-0.042834416,-0.24829173,-0.35533363,-0.058642417,-0.31368822,-0.35506266,-0.06834229,-0.05977297,-0.2627329,-0.031550534,-0.16218936,-0.3654248,-0.0556446,-0.24504024,-0.38022077,-0.0704267,-0.31082729,-0.3686052,-0.07707369,-0.065399885,-0.24751884,-0.044065982,-0.16639137,-0.34270066,-0.06434539,-0.24777526,-0.36687583,-0.0711198,-0.309999,-0.37097085,-0.071711786,-0.090964675,-0.20763186,-0.05732129,-0.18063956,-0.2868809,-0.07274255,-0.24210742,-0.32696286,-0.07448418,-0.28876805,-0.34912068,-0.07247564
-0.08211708,0.003972888,-0.010857383,-0.16853473,-0.07165909,-0.021155456,-0.23468864,-0.105398685,-0.031156667,-0.29554743,-0.12980253,-0.0403403,-0.06913698,-0.24957886,-0.020112095,-0.16336805,-0.32650012,-0.042465348,-0.24094987,-0.35550177,-0.059274014,-0.30751777,-0.3629075,-0.07070371,-0.0588122,-0.25510448,-0.032911796,-0.15755391,-0.35662413,-0.057355687,-0.23992118,-0.37857807,-0.07442841,-0.30652398,-0.372921,-0.083494596,-0.06586248,-0.23562124,-0.04675733,-0.16243023,-0.32889548,-0.06772918,-0.24286872,-0.3586148,-0.07784937,-0.30564502,-0.36739314,-0.08160562,-0.09072292,-0.19231716,-0.0611469,-0.17639863,-0.2676441,-0.07811738,-0.23590142,-0.30969995,-0.082161255,-0.28261715,-0.33591354,-0.08251127
-0.082375884,0.0048887134,-0.011438056,-0.16860163,-0.06936145,-0.02259401,-0.2349408,-0.10216436,-0.033660922,-0.29740715,-0.1273905,-0.043705504,-0.068139255,-0.2512802,-0.018968178,-0.16205853,-0.3257789,-0.04086083,-0.23952681,-0.3552186,-0.057394855,-0.30556098,-0.36467886,-0.06857938,-0.05842012,-0.2552792,-0.03230872,-0.16035858,-0.35599238,-0.054857694,-0.24278033,-0.37773472,-0.0700731,-0.30748448,-0.37541986,-0.077920675,-0.06613743,-0.23462284,-0.04695407,-0.16536334,-0.3282442,-0.0670982,-0.24588686,-0.35813013,-0.07526951,-0.3065624,-0.36832267,-0.07762019,-0.09197092,-0.18992421,-0.06241412,-0.18033084,-0.26543036,-0.07910094,-0.24007118,-0.30611876,-0.081353046,-0.2849459,-0.33053747,-0.080094375
-0.08340275,0.010503292,-0.015396851,-0.17503527,-0.06119913,-0.02850065,-0.2454946,-0.09325242,-0.04028102,-0.3099091,-0.113686115,-0.05059753,-0.07470018,-0.24789119,-0.025683315,-0.1746408,-0.32184836,-0.049240302,-0.25516257,-0.34748837,-0.06650749,-0.32286164,-0.35426235,-0.07844934,-0.064686716,-0.25570157,-0.03710384,-0.1721614,-0.3568173,-0.06241827,-0.25794703,-0.3737468,-0.07819617,-0.3241651,-0.36521822,-0.08608213,-0.071937144,-0.23614338,-0.04983557,-0.17565984,-0.33012336,-0.07229365,-0.25912318,-0.3548469,-0.08075425,-0.32122955,-0.35911748,-0.08302972,-0.096594155,-0.1920937,-0.06350667,-0.18794125,-0.26559243,-0.08252639,-0.25007427,-0.30342183,-0.08600287,-0.29660952,-0.32488203,-0.08536884
-0.08372396,0.010081172,-0.011730064,-0.17626086,-0.05968404,-0.02518318,-0.24835163,-0.08958274,-0.03865259,-0.31364048,-0.11202663,-0.05079134,-0.07691288,-0.24956584,-0.024237802,-0.1778484,-0.32387847,-0.04906363,-0.26165083,-0.34987932,-0.06667588,-0.33211946,-0.35592514,-0.0785641,-0.065962195,-0.2616766,-0.03889139,-0.17843193,-0.360103,-0.06496574,-0.26928243,-0.37622175,-0.08011905,-0.33946368,-0.36863214,-0.08771476,-0.07259297,-0.24533278,-0.054791816,-0.18276057,-0.34297097,-0.07908041,-0.2710178,-0.36499512,-0.08638177,-0.33695853,-0.36626887,-0.08740364,-0.097726345,-0.20250425,-0.07142164,-0.19584376,-0.28077912,-0.09243285,-0.26271695,-0.31798938,-0.09571255,-0.31258026,-0.33697253,-0.09433511
-0.09319484,0.0111022,-0.015421566,-0.1864121,-0.062473953,-0.03217494,-0.2630033,-0.098181665,-0.049790747,-0.3293547,-0.12155229,-0.06522538,-0.08265054,-0.27293488,-0.017732551,-0.18052498,-0.35626984,-0.050823685,-0.26968426,-0.3725957,-0.076217905,-0.33805907,-0.3601817,-0.09185331,-0.07025409,-0.28215092,-0.031348545,-0.18779114,-0.37874436,-0.06443555,-0.28543046,-0.3782587,-0.08459939,-0.35646442,-0.36329305,-0.095035,-0.07240039,-0.26198024,-0.04842223,-0.18672317,-0.3632208,-0.08045143,-0.28355202,-0.3685558,-0.09199367,-0.35469913,-0.35590872,-0.0946507,-0.09305233,-0.21442175,-0.066819355,-0.18841782,-0.29455683,-0.09596427,-0.25948864,-0.32263392,-0.10549192,-0.31352663,-0.3342802,-0.10741592
-0.09902763,0.0044904947,-0.013617585,-0.19492382,-0.068677306,-0.03268616,-0.27557546,-0.10306287,-0.054448757,-0.3437786,-0.122880936,-0.073433824,-0.099178255,-0.28613144,-0.00835042,-0.19658613,-0.37258452,-0.041869845,-0.28544396,-0.38477862,-0.067872226,-0.3507756,-0.3651808,-0.083585545,-0.08685964,-0.2943247,-0.024712272,-0.20692095,-0.39351088,-0.05599133,-0.3017867,-0.38857585,-0.07413183,-0.3690191,-0.37066397,-0.08331329,-0.085238636,-0.27373767,-0.04587363,-0.20010072,-0.37661633,-0.07348491,-0.29416728,-0.38088334,-0.08165451,-0.36211997,-0.36708128,-0.083456874,-0.09958053,-0.22737631,-0.06917278,-0.19451997,-0.303934,-0.093276694,-0.26618308,-0.33337116,-0.101088,-0.32093763,-0.34845534,-0.103123605
-0.09902763,0.0044904947,-0.013617585,-0.19492382,-0.068677306,-0.03268616,-0.27557546,-0.10306287,-0.054448757,-0.3437786,-0.122880936,-0.073433824,-0.099178255,-0.28613144,-0.00835042,-0.19658613,-0.37258452,-0.041869845,-0.28544396,-0.38477862,-0.067872226,-0.3507756,-0.3651808,-0.083585545,-0.08685964,-0.2943247,-0.024712272,-0.20692095,-0.39351088,-0.05599133,-0.3017867,-0.38857585,-0.07413183,-0.3690191,-0.37066397,-0.08331329,-0.085238636,-0.27373767,-0.04587363,-0.20010072,-0.37661633,-0.07348491,-0.29416728,-0.38088334,-0.08165451,-0.36211997,-0.36708128,-0.083456874,-0.09958053,-0.22737631,-0.06917278,-0.19451997,-0.303934,-0.093276694,-0.26618308,-0.33337116,-0.101088,-0.32093763,-0.34845534,-0.103123605
-0.09257823,0.0036267042,-0.017645324,-0.19266373,-0.07050097,-0.037889697,-0.2764562,-0.10231823,-0.06040527,-0.34716204,-0.12077659,-0.08001272,-0.10158247,-0.28920677,-0.0106445355,-0.19436228,-0.3742837,-0.04984516,-0.28373447,-0.38665277,-0.081921816,-0.34967512,-0.3661467,-0.10157754,-0.088519216,-0.29831925,-0.026772948,-0.20466673,-0.39470893,-0.06285731,-0.2991151,-0.392766,-0.086191945,-0.36609203,-0.37453705,-0.09859438,-0.083142936,-0.27816108,-0.04839102,-0.19499329,-0.3751343,-0.08118676,-0.2889328,-0.38196802,-0.09350851,-0.3581499,-0.3714306,-0.09734245,-0.0911538,-0.22919881,-0.07236714,-0.18641433,-0.30090943,-0.10113662,-0.25878426,-0.32935175,-0.111697935,-0.31428128,-0.34508997,-0.115052186
-0.1025877,0.003189385,-0.018023148,-0.21162993,-0.067819715,-0.04209117,-0.29997593,-0.091753006,-0.06966758,-0.37584153,-0.107868135,-0.0949959,-0.130548,-0.29918382,-0.012981523,-0.21971232,-0.39420664,-0.058418036,-0.3058738,-0.39641994,-0.09540748,-0.37208784,-0.3638698,-0.11730685,-0.11037141,-0.30541995,-0.03196403,-0.23162353,-0.40597898,-0.07419347,-0.3260854,-0.3942808,-0.101961814,-0.39054123,-0.36291674,-0.11689011,-0.09568852,-0.28438598,-0.057401653,-0.20964706,-0.38351268,-0.09353446,-0.3048492,-0.3836202,-0.10950622,-0.3727873,-0.3659242,-0.115527645,-0.09217131,-0.23976073,-0.08535997,-0.18942797,-0.31482512,-0.11539907,-0.26328292,-0.34209126,-0.12794447,-0.31981033,-0.35601884,-0.13289674
-0.09617841,0.005378306,-0.020200912,-0.20769697,-0.06467807,-0.04579895,-0.29717314,-0.08139479,-0.07429873,-0.3741237,-0.08993471,-0.10070016,-0.1306228,-0.29099634,-0.021617822,-0.22111946,-0.3812725,-0.07236318,-0.30981314,-0.38455427,-0.112743855,-0.37856317,-0.3558315,-0.13783161,-0.11157012,-0.3011737,-0.04242964,-0.22913286,-0.4052098,-0.09418637,-0.3263603,-0.3905771,-0.12688304,-0.39399493,-0.35564342,-0.14406148,-0.09478915,-0.28261685,-0.0693061,-0.20532975,-0.38554966,-0.113228686,-0.30284768,-0.37918508,-0.13141166,-0.3734815,-0.3555999,-0.1377262,-0.0889321,-0.23684698,-0.09861189,-0.18074828,-0.3133916,-0.13326617,-0.25520194,-0.3407095,-0.14764789,-0.31389955,-0.35783213,-0.15366729
-0.09617841,0.005378306,-0.020200912,-0.20769697,-0.06467807,-0.04579895,-0.29717314,-0.08139479,-0.07429873,-0.3741237,-0.08993471,-0.10070016,-0.1306228,-0.29099634,-0.021617822,-0.22111946,-0.3812725,-0.07236318,-0.30981314,-0.38455427,-0.112743855,-0.37856317,-0.3558315,-0.13783161,-0.11157012,-0.3011737,-0.04242964,-0.22913286,-0.4052098,-0.09418637,-0.3263603,-0.3905771,-0.12688304,-0.39399493,-0.35564342,-0.14406148,-0.09478915,-0.28261685,-0.0693061,-0.20532975,-0.38554966,-0.113228686,-0.30284768,-0.37918508,-0.13141166,-0.3734815,-0.3555999,-0.1377262,-0.0889321,-0.23684698,-0.09861189,-0.18074828,-0.3133916,-0.13326617,-0.25520194,-0.3407095,-0.14764789,-0.31389955,-0.35783213,-0.15366729
-0.09619397,0.006733477,-0.023570769,-0.21007508,-0.06056744,-0.053652875,-0.30097434,-0.07185888,-0.085771695,-0.3777878,-0.07937008,-0.11574947,-0.13286495,-0.28927442,-0.031416792,-0.22107342,-0.39336044,-0.08804419,-0.30658516,-0.39162582,-0.13173847,-0.3730852,-0.35230514,-0.15708958,-0.11137867,-0.29690403,-0.05090953,-0.23344904,-0.41010404,-0.10765183,-0.32704353,-0.3900922,-0.14223716,-0.38998914,-0.34690452,-0.15911438,-0.09123391,-0.27582014,-0.07647598,-0.20425874,-0.3883911,-0.12332186,-0.30104184,-0.38084206,-0.14294948,-0.3711686,-0.35274357,-0.14900701,-0.08197683,-0.22898754,-0.10432257,-0.1770955,-0.30815747,-0.14019507,-0.25348914,-0.33612365,-0.15528956,-0.3146219,-0.35260344,-0.16112773
-0.08530879,0.012586892,-0.027440509,-0.19944108,-0.04430896,-0.058296394,-0.29168606,-0.04303372,-0.09168465,-0.37323454,-0.042708695,-0.123541765,-0.15361252,-0.26370254,-0.034073386,-0.23207158,-0.37690267,-0.09219173,-0.31566787,-0.3807916,-0.13699816,-0.37841094,-0.34976947,-0.1640892,-0.12578887,-0.2776963,-0.053733464,-0.2157931,-0.40710324,-0.112280995,-0.31137335,-0.3861843,-0.1464693,-0.3771932,-0.34094208,-0.16381258,-0.09239906,-0.26695222,-0.0803139,-0.18068972,-0.40646264,-0.12903424,-0.27464104,-0.393005,-0.14836557,-0.34048462,-0.3535235,-0.15473405,-0.062339425,-0.23077461,-0.11011335,-0.14071041,-0.32524228,-0.15008472,-0.21859336,-0.3474134,-0.16807196,-0.28025717,-0.34981045,-0.1758596
-0.081744015,0.014769852,-0.02629112,-0.19882044,-0.04011041,-0.056070656,-0.29250044,-0.037256658,-0.088452175,-0.3736362,-0.03092724,-0.11940021,-0.16517454,-0.25938755,-0.03395272,-0.23416713,-0.3747479,-0.09030983,-0.31259096,-0.37891698,-0.13361941,-0.3746126,-0.3472521,-0.16008107,-0.13663697,-0.2734848,-0.053847264,-0.21812868,-0.4062087,-0.109260954,-0.31244773,-0.3928713,-0.14172487,-0.38159224,-0.35085186,-0.15904397,-0.09967172,-0.26450774,-0.080429696,-0.1791313,-0.4045348,-0.12709591,-0.27333367,-0.39747173,-0.14680573,-0.34294248,-0.36062825,-0.15460467,-0.06420779,-0.23130095,-0.11007571,-0.13666052,-0.3266344,-0.14850238,-0.21259278,-0.35321325,-0.16649106,-0.27550825,-0.35787144,-0.17497459
-0.08177769,0.018770814,-0.031176027,-0.19937217,-0.03444898,-0.062096637,-0.29235825,-0.034775257,-0.09425025,-0.37470117,-0.03110075,-0.1255524,-0.1770218,-0.25279966,-0.0404548,-0.2416828,-0.3645261,-0.09741452,-0.3141795,-0.37308997,-0.14276281,-0.37561113,-0.34783942,-0.17142381,-0.14514011,-0.27269915,-0.05804473,-0.2160579,-0.40586025,-0.11453779,-0.30572975,-0.39908153,-0.14973143,-0.37597945,-0.3611994,-0.16973835,-0.10316163,-0.26617005,-0.082242586,-0.1726701,-0.40656883,-0.13061921,-0.2611875,-0.40614957,-0.15248205,-0.32991254,-0.37604555,-0.16253263,-0.059941947,-0.2331217,-0.10964205,-0.124777496,-0.33231378,-0.14902589,-0.19649318,-0.36756372,-0.16772842,-0.25826195,-0.3813641,-0.17750603
-0.082747936,0.020722687,-0.03238709,-0.19690874,-0.02691555,-0.06280944,-0.28896177,-0.019858122,-0.09384086,-0.3667122,-0.018699467,-0.12400903,-0.18217692,-0.2497212,-0.037806574,-0.24973974,-0.35632548,-0.09054186,-0.31982648,-0.37118027,-0.1343949,-0.37831402,-0.3468341,-0.16240324,-0.15044183,-0.26950634,-0.05274429,-0.22006208,-0.39658964,-0.102751285,-0.30472755,-0.40014505,-0.13703121,-0.37424037,-0.36361262,-0.15782866,-0.105174005,-0.2652381,-0.074372664,-0.1697498,-0.40290123,-0.11700666,-0.25409973,-0.4109757,-0.14078325,-0.3219273,-0.3799932,-0.15360913,-0.057247758,-0.23423514,-0.09933914,-0.11611819,-0.33287448,-0.13513036,-0.18296105,-0.36816746,-0.15471877,-0.24274501,-0.37627077,-0.16577399
-0.08272672,0.019766688,-0.031393476,-0.19446406,-0.02846086,-0.06047652,-0.2839503,-0.029106617,-0.08987677,-0.36261994,-0.030449927,-0.11886018,-0.17911065,-0.24567458,-0.039793354,-0.23919824,-0.35577,-0.08870197,-0.30340022,-0.3791777,-0.12806737,-0.35952082,-0.36866254,-0.15425913,-0.14209676,-0.26429573,-0.056134462,-0.19645813,-0.40413293,-0.1047174,-0.27516136,-0.4133458,-0.13623124,-0.34235662,-0.3846562,-0.1553155,-0.09405774,-0.25752938,-0.07841319,-0.14197868,-0.39479417,-0.12117875,-0.2179797,-0.40843624,-0.14100854,-0.28127787,-0.38987845,-0.15169148,-0.04227853,-0.22441947,-0.103870906,-0.09095752,-0.3237286,-0.13986996,-0.14907846,-0.36562276,-0.15600196,-0.20131609,-0.3855195,-0.16515408
-0.08414942,0.018258393,-0.032673944,-0.19892684,-0.03498012,-0.057561185,-0.290312,-0.04300666,-0.081930876,-0.36517608,-0.04712385,-0.105769746,-0.17435354,-0.24487448,-0.030917691,-0.21450353,-0.35956514,-0.07124058,-0.25907373,-0.39371532,-0.10546535,-0.30613586,-0.39585918,-0.12941895,-0.13545448,-0.26626423,-0.043881796,-0.17888889,-0.40437326,-0.08156192,-0.24687618,-0.4310161,-0.10981125,-0.3115886,-0.41808867,-0.12874313,-0.08611536,-0.25902763,-0.0627923,-0.11953539,-0.38376325,-0.09687255,-0.18124938,-0.413598,-0.115067124,-0.23830336,-0.41339922,-0.1269113,-0.033694327,-0.22275755,-0.08510564,-0.0686636,-0.31064734,-0.11405937,-0.10938215,-0.35601446,-0.12626752,-0.14823687,-0.38122687,-0.13420855
-0.085096,0.01926148,-0.03509679,-0.19925216,-0.039140344,-0.061097104,-0.2887236,-0.05647242,-0.08610787,-0.3612806,-0.07696104,-0.11019738,-0.17100248,-0.2569052,-0.033296883,-0.22029734,-0.37530476,-0.07701195,-0.2753454,-0.4134754,-0.11429787,-0.3296127,-0.41619146,-0.13969555,-0.1318996,-0.27574128,-0.045592546,-0.17695808,-0.415136,-0.08846139,-0.24818897,-0.4452059,-0.12033816,-0.31447133,-0.43229336,-0.1406988,-0.083173156,-0.26705223,-0.06415044,-0.11750162,-0.40384084,-0.10153538,-0.18301243,-0.43954504,-0.12183181,-0.2412292,-0.4398182,-0.13392396,-0.03294438,-0.23016348,-0.086388364,-0.074989796,-0.3305264,-0.11854636,-0.12101066,-0.38529104,-0.1334103,-0.16334116,-0.41699922,-0.14220688
-0.083688736,0.015935957,-0.035625488,-0.19854575,-0.051989973,-0.058192756,-0.29104102,-0.07608384,-0.079719126,-0.36217296,-0.10120624,-0.10039678,-0.16118619,-0.2691402,-0.021203002,-0.21220374,-0.38673547,-0.056211114,-0.26728237,-0.43546468,-0.08914664,-0.32337356,-0.4471399,-0.11255739,-0.12626153,-0.28826937,-0.029923245,-0.17770606,-0.4199795,-0.06653951,-0.24573511,-0.45970488,-0.098221615,-0.31133723,-0.45494646,-0.11776899,-0.08217579,-0.28226465,-0.04477587,-0.12875581,-0.41873536,-0.07650445,-0.19510177,-0.464203,-0.09828009,-0.2581805,-0.47419852,-0.11128068,-0.03607595,-0.24874601,-0.063295916,-0.077165425,-0.34932536,-0.09072811,-0.12161666,-0.4078015,-0.10576579,-0.16569206,-0.44762108,-0.11477162
-0.08387554,0.015274644,-0.03320498,-0.2000061,-0.060257614,-0.052947428,-0.293575,-0.09129971,-0.07263456,-0.36518162,-0.1206609,-0.09111376,-0.15872398,-0.27452952,-0.009738667,-0.20781755,-0.3917672,-0.04168541,-0.26218563,-0.4437253,-0.07350926,-0.31735417,-0.45860112,-0.096351996,-0.12619275,-0.2937178,-0.018406006,-0.17694467,-0.42056447,-0.052652568,-0.24364644,-0.4664446,-0.084548704,-0.3088313,-0.47081476,-0.104238965,-0.08507323,-0.29022288,-0.03364535,-0.13411874,-0.42606074,-0.06284729,-0.1995638,-0.47741956,-0.084321015,-0.2628327,-0.4962489,-0.0970694,-0.041402996,-0.26104867,-0.052757464,-0.08485794,-0.36564943,-0.07841992,-0.13132793,-0.42961615,-0.09382677,-0.17802805,-0.4760456,-0.10316716
-0.08414471,0.009705067,-0.035075147,-0.19908634,-0.07215011,-0.056084182,-0.2938266,-0.1149379,-0.07659736,-0.365549,-0.14523664,-0.09541574,-0.15809187,-0.28967464,-0.011053087,-0.20560709,-0.411412,-0.044330634,-0.2597338,-0.46474242,-0.07691834,-0.31479126,-0.48101723,-0.09991964,-0.1248796,-0.30715576,-0.018525837,-0.17321098,-0.43668163,-0.051744323,-0.2385695,-0.48896664,-0.08170213,-0.30352032,-0.50156426,-0.10063123,-0.08388001,-0.30151,-0.033103414,-0.12946981,-0.43900532,-0.061144985,-0.18906844,-0.4941679,-0.0806558,-0.24732918,-0.5163394,-0.09229153,-0.04010421,-0.27243716,-0.05204405,-0.081107914,-0.38001335,-0.077210255,-0.12676734,-0.44631714,-0.09233129,-0.17316201,-0.4943736,-0.10149807
-0.084991395,0.007103443,-0.032049425,-0.20361975,-0.07816827,-0.049561743,-0.29822797,-0.123687506,-0.067588754,-0.36221862,-0.17048538,-0.08328741,-0.16023016,-0.2967165,-4.4453423e-05,-0.20693779,-0.41812533,-0.026559878,-0.25803688,-0.47141826,-0.05463015,-0.3115364,-0.48924983,-0.07550516,-0.12727374,-0.3149432,-0.008334946,-0.1774799,-0.4445968,-0.035094973,-0.24082208,-0.49914205,-0.06190469,-0.3056832,-0.51549655,-0.07973034,-0.0878312,-0.31172308,-0.02427348,-0.13761783,-0.45006287,-0.048307713,-0.19758978,-0.5058446,-0.067817464,-0.25791392,-0.52859545,-0.080190994,-0.047101855,-0.28735715,-0.04467344,-0.09407234,-0.39813423,-0.06837072,-0.14257097,-0.4652683,-0.08537545,-0.19175446,-0.51204336,-0.09643501
-0.08925456,0.005847454,-0.029729346,-0.20705563,-0.08588064,-0.04436762,-0.3006503,-0.13738269,-0.060074948,-0.3638059,-0.18501556,-0.073003255,-0.1570118,-0.29393792,0.0062485375,-0.20175993,-0.41363725,-0.017601628,-0.25139397,-0.46969277,-0.042669702,-0.302841,-0.49235272,-0.06104943,-0.123637795,-0.3134762,-0.0015066979,-0.17420635,-0.44194254,-0.025452403,-0.23354876,-0.4983582,-0.048294798,-0.29423147,-0.5210284,-0.06232532,-0.0839026,-0.3125549,-0.017164646,-0.13637799,-0.44837603,-0.039319273,-0.1946199,-0.50847673,-0.05654263,-0.25277072,-0.53841364,-0.0665647,-0.043018162,-0.29228106,-0.03722783,-0.08978903,-0.40397185,-0.059053928,-0.13662905,-0.47177678,-0.07433156,-0.18391824,-0.5205686,-0.08369174
-0.08798814,0.0029517412,-0.031331487,-0.20326611,-0.09122735,-0.046569146,-0.29586953,-0.1443629,-0.06259201,-0.35597157,-0.19185475,-0.07580756,-0.15415871,-0.29667184,0.0064697396,-0.19737986,-0.41609126,-0.016269611,-0.24466598,-0.4721893,-0.040722612,-0.29426122,-0.49793065,-0.05895046,-0.12057549,-0.31625885,0.00030976237,-0.17032614,-0.44157398,-0.020543952,-0.22585946,-0.49946824,-0.041831296,-0.28392354,-0.5286676,-0.05568437,-0.08053243,-0.31523207,-0.013936819,-0.13088644,-0.44926652,-0.03299708,-0.18440723,-0.5106617,-0.04869231,-0.23951769,-0.54580986,-0.05860512,-0.03869933,-0.2956793,-0.03294288,-0.08570832,-0.40526813,-0.05229536,-0.13095415,-0.4711752,-0.0660278,-0.1771434,-0.5202242,-0.07469631
-0.088857055,-0.0023952723,-0.031023769,-0.20095271,-0.10010654,-0.045548484,-0.29064587,-0.15836987,-0.06040277,-0.35009673,-0.20951736,-0.07245026,-0.14699286,-0.2989967,0.0023025717,-0.18884069,-0.42036125,-0.022472223,-0.23445064,-0.47921592,-0.048354343,-0.28288049,-0.5089204,-0.06746915,-0.1129753,-0.3170427,-0.0041149035,-0.15918395,-0.44418144,-0.027763454,-0.21394256,-0.50616515,-0.05081329,-0.27053896,-0.53679764,-0.06586668,-0.07304412,-0.3138389,-0.018245006,-0.11902499,-0.45014745,-0.039365742,-0.17121825,-0.5131651,-0.055958673,-0.22438568,-0.549988,-0.06645601,-0.031125367,-0.29179052,-0.0368591,-0.07264978,-0.40140405,-0.05750279,-0.11456996,-0.4685067,-0.071500205,-0.15801609,-0.51983964,-0.080334075
-0.08995533,-0.0025852919,-0.030668186,-0.20190877,-0.10103017,-0.044856455,-0.29183766,-0.15965864,-0.059827503,-0.35026342,-0.21410888,-0.07174599,-0.14772716,-0.3011871,0.005025824,-0.19077316,-0.42337286,-0.019533854,-0.23680708,-0.4825256,-0.045129016,-0.28596574,-0.51195365,-0.063762866,-0.113885045,-0.3196202,-0.0012842885,-0.1600717,-0.44791365,-0.024309574,-0.21428978,-0.509577,-0.0467345,-0.27057356,-0.5395237,-0.061246086,-0.07458818,-0.3175173,-0.015574771,-0.11961973,-0.4542988,-0.03623876,-0.17068768,-0.5157292,-0.052487917,-0.22307682,-0.54971766,-0.062502585,-0.0342021,-0.2969274,-0.034455482,-0.07630116,-0.4081465,-0.054636903,-0.11876941,-0.47483358,-0.06870578,-0.16288075,-0.52431965,-0.07745862
-0.08995533,-0.0025852919,-0.030668186,-0.20190877,-0.10103017,-0.044856455,-0.29183766,-0.15965864,-0.059827503,-0.35026342,-0.21410888,-0.07174599,-0.14772716,-0.3011871,0.005025824,-0.19077316,-0.42337286,-0.019533854,-0.23680708,-0.4825256,-0.045129016,-0.28596574,-0.51195365,-0.063762866,-0.113885045,-0.3196202,-0.0012842885,-0.1600717,-0.44791365,-0.024309574,-0.21428978,-0.509577,-0.0467345,-0.27057356,-0.5395237,-0.061246086,-0.07458818,-0.3175173,-0.015574771,-0.11961973,-0.4542988,-0.03623876,-0.17068768,-0.5157292,-0.052487917,-0.22307682,-0.54971766,-0.062502585,-0.0342021,-0.2969274,-0.034455482,-0.07630116,-0.4081465,-0.054636903,-0.11876941,-0.47483358,-0.06870578,-0.16288075,-0.52431965,-0.07745862
-0.09027946,-0.0027229786,-0.030748822,-0.20368877,-0.100604415,-0.04509645,-0.2946702,-0.15822345,-0.06029296,-0.35495818,-0.21084309,-0.07279322,-0.1484184,-0.29723382,0.0039856746,-0.19164819,-0.41967148,-0.020840015,-0.23857501,-0.47864518,-0.046639934,-0.28926122,-0.50748897,-0.06548184,-0.11432314,-0.31463432,-0.0024158785,-0.15964493,-0.44429874,-0.02744604,-0.21524045,-0.5052287,-0.051787574,-0.27300096,-0.53320795,-0.06716169,-0.07552588,-0.31249145,-0.016549382,-0.121385515,-0.44861126,-0.038186923,-0.1734964,-0.51123476,-0.055877216,-0.22710171,-0.5452469,-0.06658474,-0.03527826,-0.2931319,-0.03520508,-0.07848692,-0.40411764,-0.056207433,-0.12197286,-0.47055048,-0.07117447,-0.16646868,-0.51815647,-0.080394216
-0.093530715,-0.0061045885,-0.027365316,-0.20591152,-0.103815556,-0.040167052,-0.2962882,-0.15927392,-0.05480973,-0.3599319,-0.20956513,-0.06703734,-0.15262938,-0.2990058,0.008837095,-0.19994164,-0.42197192,-0.017233444,-0.24660459,-0.48077214,-0.045653056,-0.29793727,-0.50811327,-0.066557646,-0.116978765,-0.31545928,-0.00018441954,-0.16132295,-0.44358808,-0.028251613,-0.21900523,-0.50031525,-0.05747915,-0.27931246,-0.51630783,-0.07608581,-0.0778501,-0.3138591,-0.016433371,-0.120562375,-0.4474126,-0.03887021,-0.17572138,-0.5048594,-0.057920378,-0.23120472,-0.5270709,-0.069556884,-0.036977053,-0.2949343,-0.036966506,-0.07805449,-0.40088797,-0.056985274,-0.1203751,-0.46239364,-0.07049127,-0.16251728,-0.49975464,-0.07869555
-0.07581025,0.009197891,-0.02936265,-0.1886425,-0.05937445,-0.049051844,-0.27886897,-0.08102971,-0.06900218,-0.34906778,-0.09952831,-0.08847545,-0.15949833,-0.25580916,-0.022771867,-0.21506187,-0.3573123,-0.063365,-0.27631065,-0.39507332,-0.098827295,-0.33479238,-0.40193456,-0.12368886,-0.13019949,-0.27597535,-0.034879178,-0.19172293,-0.3926403,-0.07466314,-0.2696377,-0.42444184,-0.10706327,-0.34297666,-0.42251897,-0.1276148,-0.08991146,-0.2730902,-0.052569475,-0.14513195,-0.3943099,-0.088558495,-0.22054249,-0.42516062,-0.11011503,-0.28987497,-0.42819703,-0.12219933,-0.04524809,-0.24525028,-0.07331689,-0.09209722,-0.33706787,-0.10390118,-0.14353666,-0.38603276,-0.11913428,-0.1930241,-0.41707036,-0.12748793
-0.07581025,0.009197891,-0.02936265,-0.1886425,-0.05937445,-0.049051844,-0.27886897,-0.08102971,-0.06900218,-0.34906778,-0.09952831,-0.08847545,-0.15949833,-0.25580916,-0.022771867,-0.21506187,-0.3573123,-0.063365,-0.27631065,-0.39507332,-0.098827295,-0.33479238,-0.40193456,-0.12368886,-0.13019949,-0.27597535,-0.034879178,-0.19172293,-0.3926403,-0.07466314,-0.2696377,-0.42444184,-0.10706327,-0.34297666,-0.42251897,-0.1276148,-0.08991146,-0.2730902,-0.052569475,-0.14513195,-0.3943099,-0.088558495,-0.22054249,-0.42516062,-0.11011503,-0.28987497,-0.42819703,-0.12219933,-0.04524809,-0.24525028,-0.07331689,-0.09209722,-0.33706787,-0.10390118,-0.14353666,-0.38603276,-0.11913428,-0.1930241,-0.41707036,-0.12748793
-0.085501134,0.010389626,-0.029993564,-0.20343137,-0.054725707,-0.054608937,-0.29801238,-0.07406473,-0.08087827,-0.37802446,-0.082683444,-0.10608312,-0.18207523,-0.2631269,-0.025422411,-0.25229022,-0.36620316,-0.074891716,-0.32254046,-0.3854906,-0.11688249,-0.38506812,-0.37061292,-0.14482726,-0.15244782,-0.28477,-0.041155905,-0.22532043,-0.4068435,-0.091314085,-0.3131799,-0.41801262,-0.12782604,-0.3882414,-0.38908103,-0.14976345,-0.111157775,-0.283369,-0.06354033,-0.18301228,-0.41091537,-0.10726829,-0.2709157,-0.42538294,-0.13173339,-0.3436218,-0.40525895,-0.14460249,-0.06567758,-0.25785765,-0.08916668,-0.12683713,-0.35565457,-0.124805614,-0.19493532,-0.3994887,-0.14396997,-0.25522852,-0.41999787,-0.15485767
-0.081947625,0.019953787,-0.022470355,-0.2018686,-0.03175366,-0.045773547,-0.29372174,-0.028926373,-0.07267337,-0.3737557,-0.020782948,-0.09701595,-0.1724428,-0.2618372,-0.015037547,-0.26460898,-0.3500258,-0.06691722,-0.34883997,-0.33660927,-0.10919731,-0.41010767,-0.29371402,-0.13503194,-0.1486485,-0.2795503,-0.033822466,-0.2562287,-0.3729179,-0.08386247,-0.34967178,-0.34015647,-0.11663962,-0.41439044,-0.29131436,-0.13425083,-0.119763315,-0.27312377,-0.05991651,-0.22576767,-0.37442786,-0.10286623,-0.31846943,-0.34620333,-0.121173926,-0.38450652,-0.30140823,-0.12765747,-0.09371221,-0.2410968,-0.08931913,-0.18190104,-0.31090873,-0.124123424,-0.2573979,-0.31359538,-0.13948561,-0.31675693,-0.30226108,-0.14592043
-0.09628862,0.017829001,-0.02041878,-0.2193836,-0.02495712,-0.0481002,-0.31255212,-0.017577112,-0.07978123,-0.38966233,-0.013408244,-0.10954058,-0.18878105,-0.25557372,-0.022902567,-0.2814155,-0.33838966,-0.08406768,-0.3639459,-0.3132229,-0.13319616,-0.4272589,-0.25639662,-0.16197696,-0.16225868,-0.2692612,-0.04603705,-0.27596697,-0.36702543,-0.10897711,-0.36852303,-0.32056674,-0.14837551,-0.42761457,-0.25403023,-0.1672236,-0.12944365,-0.25760752,-0.075992435,-0.23720622,-0.3620521,-0.12847087,-0.33371764,-0.32509795,-0.15202214,-0.39966047,-0.26875928,-0.1588502,-0.0994606,-0.217608,-0.10835723,-0.19469461,-0.2826288,-0.14915681,-0.2765782,-0.28505114,-0.16788642,-0.34008032,-0.27390206,-0.17521507
-0.09628862,0.017829001,-0.02041878,-0.2193836,-0.02495712,-0.0481002,-0.31255212,-0.017577112,-0.07978123,-0.38966233,-0.013408244,-0.10954058,-0.18878105,-0.25557372,-0.022902567,-0.2814155,-0.33838966,-0.08406768,-0.3639459,-0.3132229,-0.13319616,-0.4272589,-0.25639662,-0.16197696,-0.16225868,-0.2692612,-0.04603705,-0.27596697,-0.36702543,-0.10897711,-0.36852303,-0.32056674,-0.14837551,-0.42761457,-0.25403023,-0.1672236,-0.12944365,-0.25760752,-0.075992435,-0.23720622,-0.3620521,-0.12847087,-0.33371764,-0.32509795,-0.15202214,-0.39966047,-0.26875928,-0.1588502,-0.0994606,-0.217608,-0.10835723,-0.19469461,-0.2826288,-0.14915681,-0.2765782,-0.28505114,-0.16788642,-0.34008032,-0.27390206,-0.17521507
-0.0917505,0.021337569,-0.025767341,-0.2130363,-0.012752593,-0.059320338,-0.3041429,0.0018414855,-0.09526162,-0.38487634,0.009572029,-0.13001895,-0.18254447,-0.25304493,-0.040571243,-0.28297982,-0.32941952,-0.10660908,-0.36923057,-0.30559582,-0.15813798,-0.43177122,-0.24732909,-0.18815781,-0.15378779,-0.2680788,-0.0618637,-0.27657804,-0.34695047,-0.12540852,-0.37081325,-0.30326504,-0.16578452,-0.43302548,-0.24407291,-0.18782753,-0.11868602,-0.25592938,-0.08960491,-0.23382515,-0.34460425,-0.14382224,-0.3312707,-0.30748537,-0.16792065,-0.3997862,-0.25401405,-0.17736219,-0.08695769,-0.21281743,-0.11971375,-0.18118969,-0.27209106,-0.16410327,-0.26189974,-0.27378917,-0.18374148,-0.32667908,-0.26376802,-0.19228822
-0.08519846,0.022468626,-0.027756214,-0.20599383,-0.017172217,-0.061159737,-0.29844737,-0.0046966076,-0.09637883,-0.37944686,0.003661573,-0.13042724,-0.1721265,-0.24439377,-0.043018825,-0.26482448,-0.3355971,-0.1074676,-0.3528318,-0.31936964,-0.15814155,-0.41595715,-0.27119976,-0.18840964,-0.14353341,-0.26047334,-0.06298514,-0.25171214,-0.35728666,-0.12491255,-0.3491503,-0.31995863,-0.1631942,-0.413244,-0.26824522,-0.18408753,-0.10785395,-0.24988079,-0.089316696,-0.20947373,-0.35987997,-0.14094222,-0.3076561,-0.3337565,-0.16301872,-0.37543565,-0.2893837,-0.17180906,-0.074234545,-0.21087947,-0.11839057,-0.16035104,-0.28601882,-0.16137213,-0.24175909,-0.2968759,-0.18005742,-0.30595988,-0.2921886,-0.18811783
