0,1,2,3,4,5,6,7,8,9,10,11,12,13,14,15,16,17,18,19,20,21,22,23,24,25,26,27,28,29,30,31,32,33,34,35,36,37,38,39,40,41,42,43,44,45,46,47,48,49,50,51,52,53,54,55,56,57,58,59
-0.070825756,-0.014255822,-0.013130197,-0.13528073,-0.11649293,-0.016329346,-0.13216382,-0.20311564,-0.024650268,-0.085067034,-0.22313482,-0.030840969,-0.12901604,-0.22004497,0.006846416,-0.16108125,-0.3154096,-0.02000773,-0.170897,-0.30060416,-0.035697974,-0.16724816,-0.2838781,-0.043965444,-0.0843811,-0.24492544,-0.0064379876,-0.120607495,-0.36109108,-0.036543474,-0.12243438,-0.30576187,-0.04336628,-0.10757154,-0.27413577,-0.037792083,-0.031947494,-0.24810123,-0.025226884,-0.061924696,-0.36903036,-0.05509936,-0.06665963,-0.30417985,-0.047784936,-0.055005193,-0.26780277,-0.033561543,0.026120305,-0.23354954,-0.046501447,0.005904138,-0.31489962,-0.06361146,-0.008037806,-0.2717952,-0.054206274,-0.0040056705,-0.23668182,-0.043093223
-0.082235456,-0.035613775,-0.011892457,-0.13913256,-0.16175014,-0.011935423,-0.105148196,-0.24484557,-0.01801311,-0.0432114,-0.24292266,-0.020500457,-0.14639503,-0.23866332,0.01708132,-0.18871468,-0.34233814,-0.012072228,-0.17633039,-0.2806906,-0.029016884,-0.15602612,-0.23458421,-0.037206803,-0.10476363,-0.27078146,0.00424221,-0.14333057,-0.3853483,-0.029603729,-0.13389945,-0.30196285,-0.03899646,-0.11316419,-0.2519815,-0.033607222,-0.05118388,-0.2783079,-0.015330592,-0.0799849,-0.40195608,-0.04537551,-0.07750571,-0.31665277,-0.041545596,-0.060755968,-0.26914656,-0.029939147,0.007766843,-0.2664498,-0.037505183,-0.018041253,-0.32525504,-0.056598175,-0.024624586,-0.26514548,-0.052179426,-0.010993063,-0.23050576,-0.04468356
-0.075562,-0.02391404,-0.018282248,-0.1265223,-0.13771057,-0.02046863,-0.08103764,-0.22406816,-0.02568089,-0.01442498,-0.23650187,-0.027505312,-0.13604975,-0.20118397,0.006663426,-0.17617005,-0.29477584,-0.022502886,-0.16310671,-0.2279458,-0.037853092,-0.14259386,-0.18254954,-0.044567306,-0.093188524,-0.23662162,-0.00028073692,-0.13142765,-0.34006834,-0.03312289,-0.12337148,-0.25973326,-0.04348498,-0.10374564,-0.2166344,-0.039389327,-0.04147619,-0.25128496,-0.013703011,-0.06937748,-0.36918885,-0.04441808,-0.06990445,-0.29466432,-0.045868706,-0.057194114,-0.25564486,-0.038213257,0.01399219,-0.25077248,-0.029391075,-0.013351679,-0.29893124,-0.052142415,-0.014948845,-0.24167258,-0.051860683,-9.834766e-06,-0.21148306,-0.04665428
-0.07455313,-0.025656283,-0.01654398,-0.12800938,-0.14009333,-0.016849788,-0.08645576,-0.22436517,-0.02017938,-0.019593358,-0.22858793,-0.019484049,-0.13667238,-0.199408,0.008112744,-0.179759,-0.2916181,-0.022249775,-0.16438136,-0.22323161,-0.03645496,-0.14295536,-0.18185157,-0.0419455,-0.095617235,-0.23490036,0.00019120658,-0.13506305,-0.33984643,-0.03397606,-0.12458211,-0.25566387,-0.041676316,-0.10541284,-0.2187531,-0.03479185,-0.045111477,-0.24949712,-0.0145197855,-0.07375097,-0.36540973,-0.046783913,-0.07140148,-0.28502592,-0.045398124,-0.058012962,-0.25143522,-0.034860365,0.009057105,-0.2494734,-0.03153788,-0.015599787,-0.3001076,-0.05565362,-0.016263187,-0.24033207,-0.055025373,-0.0013457537,-0.21211225,-0.0490038
-0.07740128,-0.033078313,-0.012474965,-0.12677073,-0.14172632,-0.013183129,-0.08229911,-0.22526556,-0.018499838,-0.018786132,-0.2350213,-0.02014326,-0.12953204,-0.1966576,0.013500784,-0.17156452,-0.28642794,-0.01787815,-0.15780139,-0.2212748,-0.034825917,-0.13958472,-0.18090844,-0.042322353,-0.090423465,-0.22756177,0.0035392859,-0.1301704,-0.32764405,-0.031383436,-0.117296636,-0.24759477,-0.04210164,-0.09970182,-0.20792478,-0.03816758,-0.04172647,-0.24240547,-0.012978111,-0.07340866,-0.35557804,-0.043904595,-0.067484796,-0.27804363,-0.041911427,-0.05432719,-0.23753697,-0.031670254,0.010376275,-0.24374735,-0.03179302,-0.01798445,-0.2948956,-0.052814938,-0.016499579,-0.2370823,-0.050309323,-0.0018097162,-0.20584726,-0.043706667
-0.0778141,-0.031963527,-0.010809659,-0.12909347,-0.1413545,-0.009756638,-0.085814476,-0.22291082,-0.013438274,-0.022867858,-0.23096895,-0.013762383,-0.1313405,-0.19441384,0.0146602895,-0.17174223,-0.28592816,-0.015415067,-0.15894914,-0.2235685,-0.031504326,-0.14023387,-0.18247849,-0.038426906,-0.09310019,-0.22516447,0.0043997117,-0.13168216,-0.32773584,-0.029816467,-0.119371474,-0.24951589,-0.040116422,-0.10050589,-0.20786357,-0.035779297,-0.045712054,-0.24042213,-0.012231321,-0.07631034,-0.35179442,-0.042198405,-0.07057744,-0.27520978,-0.040629137,-0.056506157,-0.23458016,-0.030852944,0.005166292,-0.24245378,-0.03108166,-0.022838473,-0.29311743,-0.051649448,-0.021877646,-0.23515475,-0.049840763,-0.0070533156,-0.20364648,-0.04400529
-0.07332194,-0.027006447,-0.013065793,-0.12099773,-0.1274674,-0.012648227,-0.08216047,-0.20374274,-0.016184973,-0.021270096,-0.21017087,-0.016477164,-0.12454355,-0.18350458,0.01318785,-0.16114298,-0.27140355,-0.012284711,-0.15002882,-0.2115789,-0.024907786,-0.1318565,-0.17278922,-0.029856507,-0.08658934,-0.21485242,0.0056898263,-0.12073368,-0.31214532,-0.022666821,-0.11256063,-0.23642519,-0.02968767,-0.094839334,-0.19996136,-0.024085412,-0.040164173,-0.22865388,-0.008029157,-0.06638175,-0.33620226,-0.034571756,-0.06582594,-0.262455,-0.032852072,-0.052818,-0.22444892,-0.023134043,0.009323955,-0.22850421,-0.023933284,-0.017198443,-0.27930728,-0.042748604,-0.02073294,-0.2274833,-0.04109453,-0.007522285,-0.19684577,-0.03509775
-0.07624948,-0.030183673,-0.012656451,-0.12214965,-0.13194239,-0.011238705,-0.08179158,-0.2070393,-0.013636011,-0.021101892,-0.21173799,-0.012367107,-0.124236405,-0.1829179,0.016231919,-0.15985739,-0.27167588,-0.008514349,-0.1492829,-0.21187341,-0.02122917,-0.13283217,-0.17274964,-0.026527451,-0.086091995,-0.213256,0.00920046,-0.119308054,-0.31097665,-0.02033764,-0.111750245,-0.23698455,-0.029749217,-0.09559387,-0.19829571,-0.025501614,-0.039942622,-0.22779274,-0.003973668,-0.06458491,-0.337245,-0.030634118,-0.06573117,-0.26938167,-0.031921454,-0.05527705,-0.23206449,-0.024413634,0.00840205,-0.2295717,-0.019212883,-0.018526256,-0.2756266,-0.037983373,-0.021859467,-0.2263138,-0.03827573,-0.009615719,-0.19736016,-0.033901006
-0.07833964,-0.034336805,-0.0112635875,-0.12267488,-0.1399309,-0.010281405,-0.07923335,-0.2195512,-0.013450498,-0.016790748,-0.23153988,-0.013073605,-0.11908984,-0.18239653,0.011731674,-0.15499127,-0.27768517,-0.014016679,-0.14457354,-0.21510363,-0.026168196,-0.12792164,-0.17689979,-0.031132901,-0.08125907,-0.21320581,0.004355516,-0.11574656,-0.31614777,-0.025287146,-0.1075626,-0.23973852,-0.031906202,-0.08973521,-0.20157522,-0.026284114,-0.03591615,-0.22839737,-0.008867757,-0.06199628,-0.339329,-0.035557453,-0.062978804,-0.26375633,-0.03304896,-0.049734116,-0.21963918,-0.023110896,0.011770904,-0.23174006,-0.024118248,-0.020846784,-0.27924004,-0.04265376,-0.025908828,-0.22798201,-0.041983195,-0.011249423,-0.19721365,-0.03716253
-0.07869846,-0.042660832,-0.0070034876,-0.11521202,-0.15310621,-0.0071817404,-0.07123238,-0.23045772,-0.013241739,-0.015261352,-0.24874601,-0.01810477,-0.10540259,-0.20599896,0.0182646,-0.13671035,-0.30290055,-0.0059618475,-0.13846105,-0.2558329,-0.021511475,-0.12459767,-0.20850098,-0.02876437,-0.06838572,-0.23233598,0.00798518,-0.10106546,-0.33883038,-0.021028906,-0.102164626,-0.2780024,-0.034631312,-0.084992886,-0.22188753,-0.034107283,-0.02365601,-0.24209368,-0.007406496,-0.055377603,-0.35809273,-0.034137327,-0.058489144,-0.29074284,-0.038151972,-0.043254435,-0.23128271,-0.03258145,0.024616182,-0.23734933,-0.02413991,-0.017555475,-0.28133723,-0.0441562,-0.02327305,-0.23223758,-0.046491325,-0.006597221,-0.19436938,-0.043411385
-0.076864064,-0.046853185,-0.004394069,-0.110486984,-0.16024113,-0.00367725,-0.06733155,-0.23620516,-0.0101412395,-0.013405561,-0.24940684,-0.016396808,-0.09980464,-0.21624738,0.026679423,-0.13143516,-0.3079604,0.0045489147,-0.13211334,-0.26335552,-0.010893223,-0.11685264,-0.22254324,-0.018760907,-0.06489599,-0.24005485,0.014142296,-0.094468296,-0.34979445,-0.014719422,-0.09633666,-0.28952983,-0.02972392,-0.080468655,-0.23621142,-0.029841598,-0.021649122,-0.24784154,-0.0036065618,-0.050597012,-0.36931342,-0.03448874,-0.05627334,-0.30106583,-0.042268272,-0.041715443,-0.24205703,-0.037851136,0.025908351,-0.24272257,-0.022061536,-0.01868391,-0.29234785,-0.0469176,-0.025925636,-0.23592347,-0.05128964,-0.008752704,-0.1906712,-0.04870811
-0.075359106,-0.048180044,-0.0057309587,-0.10845351,-0.16454792,-0.006054889,-0.06410283,-0.23773003,-0.011679196,-0.011666238,-0.25419015,-0.016054584,-0.100488305,-0.23775178,0.020387596,-0.13610297,-0.3155595,-0.0048937835,-0.12940335,-0.25782728,-0.021515049,-0.10936642,-0.2124483,-0.029849118,-0.060945988,-0.25969803,0.0076211505,-0.098219216,-0.35090843,-0.0226604,-0.09650105,-0.27274585,-0.035010353,-0.0772444,-0.21973306,-0.033004247,-0.0152308345,-0.2616462,-0.010553798,-0.053073764,-0.36996526,-0.0417103,-0.05978304,-0.29144853,-0.04486535,-0.045190573,-0.24006328,-0.038124405,0.030684888,-0.24716172,-0.029611997,-0.02188462,-0.27404222,-0.055628844,-0.028595865,-0.2090295,-0.0581417,-0.010508001,-0.17359936,-0.0541106
-0.0751943,-0.033877075,-0.010237572,-0.11485654,-0.15225804,-0.011863603,-0.06942886,-0.22964865,-0.016733592,-0.011440992,-0.23196107,-0.020883534,-0.11032194,-0.23041102,0.0111928,-0.14605248,-0.30768567,-0.0135544995,-0.1411308,-0.25361276,-0.030761503,-0.121314764,-0.20403469,-0.039929356,-0.07063699,-0.25327083,0.0012387659,-0.10833055,-0.3432432,-0.028831696,-0.10842371,-0.2699431,-0.04201898,-0.08945835,-0.21198839,-0.041180447,-0.02414745,-0.25575846,-0.013852187,-0.060281396,-0.36544243,-0.045357052,-0.06776291,-0.29264647,-0.0531611,-0.05366218,-0.23717874,-0.050325215,0.02424395,-0.24213836,-0.029854972,-0.026243389,-0.2638808,-0.059699453,-0.033701003,-0.19627643,-0.06727689,-0.017427683,-0.15478683,-0.066956766
-0.073465645,-0.027765572,-0.014201895,-0.11828148,-0.14812797,-0.01684097,-0.071931005,-0.22514239,-0.022570191,-0.010109007,-0.22907922,-0.02745501,-0.111490786,-0.23266438,0.009223964,-0.1500206,-0.29839078,-0.016693573,-0.14162397,-0.23969316,-0.03393465,-0.12051445,-0.19635719,-0.043287754,-0.07211119,-0.25517178,-0.00044575374,-0.11182016,-0.33851385,-0.032874234,-0.10952312,-0.25913417,-0.046583183,-0.089156866,-0.20487607,-0.044948086,-0.026316702,-0.25610414,-0.015569257,-0.064526856,-0.3545462,-0.050179183,-0.06675631,-0.26805264,-0.05505137,-0.049468637,-0.21247008,-0.048309304,0.021697104,-0.24087712,-0.032045495,-0.02571863,-0.25561652,-0.06319942,-0.027361214,-0.18258059,-0.06803732,-0.007413864,-0.14458197,-0.064564936
-0.07512319,-0.027983367,-0.012729143,-0.121040404,-0.13314152,-0.017279739,-0.08200055,-0.20489645,-0.025124436,-0.025313258,-0.20736831,-0.03134136,-0.11378527,-0.2381494,0.0049214712,-0.15524179,-0.2902446,-0.02768633,-0.14631194,-0.22307205,-0.04666826,-0.12450695,-0.18010408,-0.055750437,-0.07207507,-0.2563366,-0.0063492283,-0.116524756,-0.3246324,-0.042987,-0.11358905,-0.23600557,-0.052622285,-0.09241438,-0.18614388,-0.04766271,-0.025266886,-0.25229007,-0.023652278,-0.06783992,-0.3260079,-0.061117295,-0.06973821,-0.22984356,-0.060185004,-0.051303446,-0.17706025,-0.048572317,0.021550775,-0.2326222,-0.04246498,-0.031145215,-0.23179507,-0.072456695,-0.03640455,-0.15979779,-0.074587144,-0.017918289,-0.12823772,-0.06889444
-0.073946655,-0.02008468,-0.0154462475,-0.123619676,-0.12737638,-0.020449962,-0.08283669,-0.202223,-0.026955165,-0.021015346,-0.20589423,-0.032015394,-0.11788213,-0.22888622,-0.0015594349,-0.15746158,-0.2786378,-0.031751182,-0.1477716,-0.21309286,-0.048720796,-0.12649477,-0.17133492,-0.05731699,-0.0734213,-0.25301307,-0.010973692,-0.11689186,-0.32016516,-0.04551354,-0.11398953,-0.2349217,-0.054646168,-0.09396207,-0.18852174,-0.049973987,-0.024958849,-0.2526822,-0.02600598,-0.060114324,-0.32293248,-0.062206425,-0.06291258,-0.22975266,-0.06414123,-0.048555613,-0.1830346,-0.055558227,0.022734761,-0.23511928,-0.042346004,-0.023685634,-0.22310972,-0.07162769,-0.025557697,-0.15218467,-0.07570415,-0.0077830553,-0.12968004,-0.07239174
-0.072508514,-0.021783113,-0.017926052,-0.12692535,-0.13326126,-0.022284495,-0.087346196,-0.20329052,-0.028330268,-0.022128522,-0.19762254,-0.03148298,-0.12397903,-0.2254133,-0.0012635699,-0.15902537,-0.28325552,-0.032040946,-0.14593148,-0.21404362,-0.048142657,-0.12765801,-0.17775345,-0.05682973,-0.08151305,-0.24983004,-0.010424376,-0.11558837,-0.32666194,-0.046290275,-0.10883939,-0.23873311,-0.054152805,-0.09267908,-0.19946927,-0.04874538,-0.032194376,-0.25059226,-0.025841188,-0.05764067,-0.33609027,-0.060907505,-0.058382273,-0.24476549,-0.05962581,-0.04825151,-0.20517474,-0.04985278,0.019482195,-0.23701787,-0.043347172,-0.010401487,-0.24630195,-0.07126251,-0.014663219,-0.17641848,-0.07345412,-0.0044890046,-0.15196311,-0.06959932
-0.06858677,-0.018712103,-0.017112684,-0.12259233,-0.1269226,-0.02049216,-0.08496237,-0.19771844,-0.026098676,-0.019974172,-0.19250655,-0.028559864,-0.12163687,-0.21407497,0.0009126529,-0.15618557,-0.28291392,-0.03056713,-0.14394152,-0.21408886,-0.04693486,-0.12537861,-0.17361546,-0.05492332,-0.0802508,-0.23907879,-0.008331802,-0.112706125,-0.32402655,-0.044187162,-0.10584611,-0.2367636,-0.052090194,-0.08975667,-0.19625485,-0.04624953,-0.031850398,-0.2418164,-0.023976412,-0.05493498,-0.33644187,-0.058968943,-0.055618465,-0.24684495,-0.056944363,-0.045909584,-0.20571554,-0.046144355,0.019703567,-0.2291846,-0.041692164,-0.005239904,-0.25442076,-0.06873033,-0.00926882,-0.18685395,-0.06903734,0.00080293417,-0.15872347,-0.06358056
-0.062382817,-0.01857394,-0.020203028,-0.113845944,-0.1300515,-0.023660613,-0.076524615,-0.20251954,-0.0282359,-0.009750307,-0.19931376,-0.029673483,-0.114836514,-0.20683235,-0.0026150502,-0.14272928,-0.29077965,-0.031240018,-0.13244903,-0.23003304,-0.046378233,-0.11660445,-0.18454832,-0.053373292,-0.07380468,-0.23315656,-0.009020824,-0.09953302,-0.33394182,-0.044533912,-0.09231329,-0.2567882,-0.05473491,-0.07781112,-0.2065863,-0.049247745,-0.026042104,-0.23799694,-0.021194672,-0.038221598,-0.35135958,-0.05695926,-0.03815502,-0.27958292,-0.061263423,-0.032300472,-0.23273697,-0.053758718,0.025571823,-0.22707996,-0.035008315,0.015189767,-0.2698927,-0.06512913,0.013877928,-0.20996225,-0.0689505,0.019525707,-0.17000026,-0.06493333
-0.06710917,-0.03710544,-0.017516464,-0.10325968,-0.1484772,-0.018597811,-0.0601027,-0.21521497,-0.021595402,0.0007699132,-0.21887779,-0.01936349,-0.11755091,-0.20918924,0.005613789,-0.14275682,-0.298451,-0.023225598,-0.1253202,-0.23855892,-0.037131872,-0.11341685,-0.19461006,-0.04204316,-0.0748449,-0.23399478,0.00023142436,-0.09657669,-0.33518204,-0.032454606,-0.08240563,-0.26640427,-0.040737506,-0.074667454,-0.22314906,-0.03446579,-0.0264045,-0.23687208,-0.011581626,-0.03253609,-0.346369,-0.0411474,-0.027380347,-0.2977022,-0.04415103,-0.028357148,-0.2681835,-0.03742842,0.021484554,-0.22510833,-0.025407316,0.025770247,-0.27235335,-0.0496903,0.026477098,-0.24129039,-0.054287706,0.02471131,-0.22049868,-0.05184583
-0.06710917,-0.03710544,-0.017516464,-0.10325968,-0.1484772,-0.018597811,-0.0601027,-0.21521497,-0.021595402,0.0007699132,-0.21887779,-0.01936349,-0.11755091,-0.20918924,0.005613789,-0.14275682,-0.298451,-0.023225598,-0.1253202,-0.23855892,-0.037131872,-0.11341685,-0.19461006,-0.04204316,-0.0748449,-0.23399478,0.00023142436,-0.09657669,-0.33518204,-0.032454606,-0.08240563,-0.26640427,-0.040737506,-0.074667454,-0.22314906,-0.03446579,-0.0264045,-0.23687208,-0.011581626,-0.03253609,-0.346369,-0.0411474,-0.027380347,-0.2977022,-0.04415103,-0.028357148,-0.2681835,-0.03742842,0.021484554,-0.22510833,-0.025407316,0.025770247,-0.27235335,-0.0496903,0.026477098,-0.24129039,-0.054287706,0.02471131,-0.22049868,-0.05184583
-0.06163144,-0.026837528,-0.016923267,-0.09726155,-0.1327045,-0.018295793,-0.052377045,-0.20080447,-0.02099423,0.0061736703,-0.21434888,-0.018889675,-0.11745691,-0.20275152,0.00220464,-0.13617373,-0.28704393,-0.026751626,-0.11904597,-0.22737065,-0.040694073,-0.10819799,-0.18314278,-0.045539353,-0.07270986,-0.2269356,-0.003004552,-0.09005082,-0.32387578,-0.034580644,-0.07578045,-0.25552243,-0.0418535,-0.06998122,-0.21719453,-0.035594303,-0.023876369,-0.22822988,-0.014206686,-0.029827833,-0.33718818,-0.04499155,-0.022515893,-0.28772697,-0.0466337,-0.024077833,-0.26323706,-0.03911086,0.024482548,-0.21366674,-0.026869012,0.03204602,-0.26545292,-0.05380662,0.032358646,-0.2346505,-0.057590242,0.026694834,-0.21707419,-0.054195408
-0.0637635,-0.030913353,-0.0203056,-0.097397864,-0.14444166,-0.02019918,-0.04712546,-0.21289927,-0.020131508,0.014027417,-0.21906376,-0.014356942,-0.12301475,-0.21154255,0.0011626587,-0.13620168,-0.29436815,-0.028019797,-0.117510855,-0.22846243,-0.040734153,-0.10979265,-0.18809402,-0.04497453,-0.077363074,-0.23651272,-0.002135458,-0.09080422,-0.33562765,-0.03488561,-0.074881434,-0.25793165,-0.040062882,-0.071142316,-0.2224693,-0.03160606,-0.027389765,-0.23904535,-0.011961305,-0.03015697,-0.34495562,-0.04524796,-0.022397399,-0.28748158,-0.046391893,-0.025117695,-0.2652067,-0.03783754,0.020799696,-0.22735056,-0.023540642,0.02570957,-0.27374345,-0.053152632,0.026476562,-0.22964352,-0.057273135,0.022204578,-0.20485431,-0.053652383
-0.061237514,-0.032154024,-0.021300917,-0.09437108,-0.1397152,-0.022925515,-0.04796368,-0.20622712,-0.025004907,0.00885582,-0.21464062,-0.02006095,-0.11782098,-0.21112931,0.0043724813,-0.13009334,-0.29579097,-0.027858945,-0.11224842,-0.22903451,-0.041698746,-0.10556352,-0.1909309,-0.046145923,-0.071606815,-0.23536605,0.0010471113,-0.08543563,-0.33149022,-0.032528505,-0.07030058,-0.2592887,-0.036995556,-0.06822389,-0.23259789,-0.028468741,-0.022046924,-0.23593065,-0.009804007,-0.027392268,-0.3375573,-0.042015806,-0.019752502,-0.28398234,-0.039549563,-0.024520338,-0.26999688,-0.029224275,0.02543819,-0.22153777,-0.023021383,0.03215432,-0.26943868,-0.050971016,0.032206893,-0.23610747,-0.05393979,0.025287747,-0.22199103,-0.049759306
-0.059710085,-0.028678656,-0.021809686,-0.092623174,-0.13078994,-0.022600755,-0.050711036,-0.19702733,-0.023197569,0.0024394393,-0.20612586,-0.016999189,-0.118166625,-0.2015627,0.0034285614,-0.13041937,-0.28875843,-0.029560236,-0.11136514,-0.22729605,-0.04328927,-0.104999065,-0.18349141,-0.046277203,-0.072384596,-0.22674721,0.0021109676,-0.0850966,-0.31939209,-0.030136986,-0.06750786,-0.24942887,-0.033335544,-0.06601888,-0.22083485,-0.023879882,-0.022687554,-0.22969213,-0.006863042,-0.026387036,-0.32911617,-0.038709886,-0.017591178,-0.27889404,-0.03584532,-0.022916436,-0.2642757,-0.02511581,0.024823904,-0.21773803,-0.018123036,0.03254813,-0.263742,-0.04761534,0.034208775,-0.23022252,-0.05124337,0.027271092,-0.21191815,-0.04682595
-0.067322016,-0.030692458,-0.020424938,-0.10146463,-0.13824278,-0.022789013,-0.051810384,-0.20269322,-0.026498897,0.011271238,-0.20219111,-0.026674643,-0.115256846,-0.20700252,0.00399826,-0.13534057,-0.29869437,-0.024826482,-0.122651815,-0.24386263,-0.040622715,-0.11100304,-0.19532734,-0.04700554,-0.07018745,-0.23132187,-0.00067977293,-0.08578873,-0.33286843,-0.031977054,-0.07599139,-0.26321337,-0.041742202,-0.067219496,-0.2198098,-0.03759387,-0.020088255,-0.23324764,-0.011920023,-0.022606254,-0.33915743,-0.04321986,-0.019950926,-0.27741325,-0.046342786,-0.016429603,-0.24571967,-0.040097162,0.03167087,-0.21923327,-0.02525077,0.029965758,-0.26278335,-0.05238626,0.027695239,-0.20994729,-0.055255968,0.02917087,-0.17855358,-0.051602047
-0.0664081,-0.0345273,-0.014678804,-0.0995211,-0.15853,-0.014728923,-0.04710263,-0.22448808,-0.017759254,0.016988277,-0.21920419,-0.01832757,-0.0991984,-0.22730505,0.008718262,-0.12491667,-0.31320238,-0.018242097,-0.11991942,-0.25390866,-0.0329707,-0.10515523,-0.2047407,-0.03948829,-0.053275585,-0.24930626,0.00019225487,-0.07480818,-0.35035735,-0.031445418,-0.077369094,-0.27477288,-0.042420726,-0.064263165,-0.22735262,-0.03889691,-0.0034678578,-0.24582377,-0.014247984,-0.013163984,-0.35904992,-0.04694041,-0.022206664,-0.28117442,-0.050110076,-0.015629292,-0.23883632,-0.043128494,0.047355473,-0.22660261,-0.030035267,0.029011726,-0.26684457,-0.058298502,0.020136952,-0.20592552,-0.061727293,0.028274238,-0.17426395,-0.058225106
-0.0664081,-0.0345273,-0.014678804,-0.0995211,-0.15853,-0.014728923,-0.04710263,-0.22448808,-0.017759254,0.016988277,-0.21920419,-0.01832757,-0.0991984,-0.22730505,0.008718262,-0.12491667,-0.31320238,-0.018242097,-0.11991942,-0.25390866,-0.0329707,-0.10515523,-0.2047407,-0.03948829,-0.053275585,-0.24930626,0.00019225487,-0.07480818,-0.35035735,-0.031445418,-0.077369094,-0.27477288,-0.042420726,-0.064263165,-0.22735262,-0.03889691,-0.0034678578,-0.24582377,-0.014247984,-0.013163984,-0.35904992,-0.04694041,-0.022206664,-0.28117442,-0.050110076,-0.015629292,-0.23883632,-0.043128494,0.047355473,-0.22660261,-0.030035267,0.029011726,-0.26684457,-0.058298502,0.020136952,-0.20592552,-0.061727293,0.028274238,-0.17426395,-0.058225106
-0.069729865,-0.07875675,-0.0062065963,-0.07545918,-0.21699184,-0.0053447704,-0.013540387,-0.27680779,-0.010511968,0.041772783,-0.2998235,-0.013735162,-0.04195547,-0.29411533,0.025252948,-0.0710178,-0.37808073,-0.0050554057,-0.08316898,-0.3071802,-0.023250936,-0.07097787,-0.25364178,-0.031426143,0.003846705,-0.298973,0.011180954,-0.023773074,-0.3966517,-0.023066893,-0.047492683,-0.30789542,-0.03435228,-0.037260413,-0.25014436,-0.030364232,0.04717499,-0.28020996,-0.009764057,0.018731654,-0.3852033,-0.045696303,-0.010408342,-0.2939487,-0.04467405,-0.0025721788,-0.24000978,-0.034031887,0.08478987,-0.24415386,-0.03205447,0.028037429,-0.2760315,-0.060951192,0.007468879,-0.20151138,-0.06148972,0.02443993,-0.16183263,-0.055262417
-0.069729865,-0.07875675,-0.0062065963,-0.07545918,-0.21699184,-0.0053447704,-0.013540387,-0.27680779,-0.010511968,0.041772783,-0.2998235,-0.013735162,-0.04195547,-0.29411533,0.025252948,-0.0710178,-0.37808073,-0.0050554057,-0.08316898,-0.3071802,-0.023250936,-0.07097787,-0.25364178,-0.031426143,0.003846705,-0.298973,0.011180954,-0.023773074,-0.3966517,-0.023066893,-0.047492683,-0.30789542,-0.03435228,-0.037260413,-0.25014436,-0.030364232,0.04717499,-0.28020996,-0.009764057,0.018731654,-0.3852033,-0.045696303,-0.010408342,-0.2939487,-0.04467405,-0.0025721788,-0.24000978,-0.034031887,0.08478987,-0.24415386,-0.03205447,0.028037429,-0.2760315,-0.060951192,0.007468879,-0.20151138,-0.06148972,0.02443993,-0.16183263,-0.055262417
-0.048088193,-0.1261149,0.013361892,-0.026264608,-0.22946286,0.012993651,0.014934599,-0.27480125,0.0025356214,0.05699891,-0.29501227,-0.005950718,0.051722288,-0.29364562,0.028500836,0.014354646,-0.3867387,0.004787253,-0.019639552,-0.33017132,-0.01039612,-0.013958931,-0.28198114,-0.020740094,0.08289319,-0.28509808,0.003969863,0.028729975,-0.39460868,-0.024405703,-0.011134982,-0.32306868,-0.03051562,0.00087571144,-0.26563242,-0.02811445,0.10190827,-0.2598759,-0.024484258,0.035825193,-0.35132715,-0.049917243,0.00027555227,-0.27912807,-0.041624624,0.019347072,-0.22844154,-0.03205614,0.10366076,-0.22796416,-0.053982474,0.018411756,-0.2689006,-0.073339105,-0.011744142,-0.21636021,-0.07109047,0.005545914,-0.1776796,-0.06684203
-0.04848528,-0.13150823,0.01791762,-0.025159061,-0.23279774,0.019632403,0.0035234094,-0.29412195,0.011639939,0.032321036,-0.3343245,0.0059750085,0.07569015,-0.2886008,0.028043393,0.018357396,-0.39421165,0.004237232,-0.021358967,-0.34313947,-0.011087143,-0.018903911,-0.29519632,-0.020529933,0.09837443,-0.2812152,0.0034517194,0.020543933,-0.39997262,-0.02312494,-0.021889031,-0.33518356,-0.027377341,-0.009827495,-0.28139216,-0.025115557,0.10213184,-0.25845337,-0.024106622,0.010892034,-0.3504904,-0.045388278,-0.021579087,-0.28160512,-0.034032125,0.001303494,-0.23539168,-0.024389496,0.0868423,-0.23152542,-0.052411858,-0.0056174397,-0.2784217,-0.06811851,-0.027274668,-0.22842371,-0.0636753,-0.004542887,-0.19366133,-0.05836005
-0.053239584,-0.14217705,0.010547577,-0.028844953,-0.24144012,0.0064434507,-0.004685819,-0.30374268,-0.0035148747,0.013854325,-0.34821236,-0.011368617,0.08619052,-0.27730185,0.009291295,0.009144843,-0.38269252,-0.012304395,-0.026218653,-0.32626086,-0.028532982,-0.018324256,-0.28047082,-0.039286505,0.101398945,-0.26940385,-0.008001789,0.0053403974,-0.38575348,-0.029044839,-0.030939162,-0.32490197,-0.03238923,-0.014648676,-0.2775764,-0.033203974,0.09358573,-0.24910343,-0.02664969,-0.0024897456,-0.35477364,-0.042900596,-0.032672465,-0.2952052,-0.03074715,-0.011240542,-0.25010502,-0.02310444,0.06840122,-0.22807705,-0.046001974,-0.015988052,-0.291209,-0.057382744,-0.031696796,-0.2438286,-0.05023322,-0.0099179745,-0.20269305,-0.044159967
-0.05896187,-0.13473964,0.0075900783,-0.038363934,-0.23659325,0.0018939195,-0.014431,-0.30196804,-0.0093507385,0.005289614,-0.34774062,-0.017744867,0.077512264,-0.28740528,0.0056363246,-0.005175829,-0.39090562,-0.019043274,-0.039515853,-0.3292762,-0.036306415,-0.028593302,-0.28186038,-0.046849366,0.09158361,-0.281721,-0.01024944,-0.008252084,-0.3929686,-0.034977887,-0.042730987,-0.3279553,-0.038582265,-0.023310363,-0.28080618,-0.038175043,0.08390796,-0.2614851,-0.02784241,-0.015035689,-0.36054763,-0.0475182,-0.04377705,-0.30020884,-0.035886988,-0.020867586,-0.25569493,-0.027053019,0.05924368,-0.23930186,-0.04636715,-0.023214996,-0.29696825,-0.059349347,-0.03913188,-0.2505759,-0.052845854,-0.01778704,-0.2092132,-0.046279598
-0.05896187,-0.13473964,0.0075900783,-0.038363934,-0.23659325,0.0018939195,-0.014431,-0.30196804,-0.0093507385,0.005289614,-0.34774062,-0.017744867,0.077512264,-0.28740528,0.0056363246,-0.005175829,-0.39090562,-0.019043274,-0.039515853,-0.3292762,-0.036306415,-0.028593302,-0.28186038,-0.046849366,0.09158361,-0.281721,-0.01024944,-0.008252084,-0.3929686,-0.034977887,-0.042730987,-0.3279553,-0.038582265,-0.023310363,-0.28080618,-0.038175043,0.08390796,-0.2614851,-0.02784241,-0.015035689,-0.36054763,-0.0475182,-0.04377705,-0.30020884,-0.035886988,-0.020867586,-0.25569493,-0.027053019,0.05924368,-0.23930186,-0.04636715,-0.023214996,-0.29696825,-0.059349347,-0.03913188,-0.2505759,-0.052845854,-0.01778704,-0.2092132,-0.046279598
-0.0706619,-0.13331634,0.010469258,-0.058466554,-0.23936445,0.0039594704,-0.03827077,-0.302217,-0.0090821395,-0.022650242,-0.34437057,-0.019481856,0.050347567,-0.30104035,0.007714741,-0.034632444,-0.39983588,-0.018004965,-0.059699357,-0.3331953,-0.036535125,-0.042637944,-0.2888822,-0.04846059,0.06836265,-0.29469445,-0.010302369,-0.037450194,-0.39897233,-0.036167655,-0.06335193,-0.327915,-0.039988916,-0.037083924,-0.28424335,-0.039965957,0.06355733,-0.2713492,-0.029905453,-0.040065527,-0.36356246,-0.048571073,-0.061722875,-0.2980079,-0.035292115,-0.03282112,-0.25740814,-0.026071303,0.03936714,-0.24678975,-0.050455656,-0.049705148,-0.2960876,-0.06268405,-0.061222196,-0.2470802,-0.05572535,-0.034260094,-0.21156561,-0.049534544
-0.070536554,-0.119422674,0.009953681,-0.06768954,-0.2223683,0.0052842437,-0.04875326,-0.29454562,-0.0070587033,-0.029817522,-0.33689022,-0.016190795,0.038460135,-0.2997252,0.012140651,-0.047718644,-0.39036778,-0.01671535,-0.07666373,-0.32419968,-0.03490088,-0.06396514,-0.2741487,-0.04468789,0.058206975,-0.29335794,-0.007899327,-0.04862386,-0.3834476,-0.0394107,-0.07624209,-0.31023052,-0.045227602,-0.056744456,-0.2607987,-0.04318458,0.05927205,-0.27102005,-0.030582957,-0.052650332,-0.3304799,-0.056707572,-0.06819564,-0.25912982,-0.047136217,-0.037777662,-0.21844858,-0.03645867,0.042031467,-0.24282992,-0.05402166,-0.054103196,-0.27569473,-0.07045346,-0.06436491,-0.22493386,-0.06487465,-0.038159907,-0.19233,-0.05735578
-0.07577497,-0.11526513,0.0050676907,-0.07911104,-0.22178245,-0.0019665405,-0.057884455,-0.27929306,-0.017244097,-0.02738589,-0.2914901,-0.02848036,0.009007096,-0.31980762,0.01684509,-0.06606573,-0.39694184,-0.0144842025,-0.088142455,-0.32132992,-0.035824187,-0.06795257,-0.28079104,-0.05024458,0.03621763,-0.31594196,-0.0047536613,-0.061216295,-0.40078124,-0.039858285,-0.086280465,-0.3184331,-0.045051623,-0.060034454,-0.2733072,-0.04236517,0.049012125,-0.2927711,-0.030984502,-0.05203092,-0.36548313,-0.05941894,-0.0729416,-0.2865159,-0.04533075,-0.041802645,-0.24532986,-0.031655643,0.045024216,-0.25947726,-0.05947174,-0.050750554,-0.28459847,-0.07822143,-0.06324041,-0.23084533,-0.07212127,-0.03374237,-0.1987831,-0.064624965
-0.07834655,-0.06758195,-0.01114453,-0.105192065,-0.18280971,-0.018652838,-0.060985565,-0.24758351,-0.03119425,-0.019179523,-0.2799362,-0.04066895,-0.0773108,-0.2895914,0.009885061,-0.12112045,-0.35405692,-0.02982113,-0.12267125,-0.27748656,-0.052224264,-0.10149062,-0.23543149,-0.06270849,-0.031900465,-0.29853106,-0.0045174425,-0.08016729,-0.37109196,-0.046737343,-0.08972579,-0.27556986,-0.05612374,-0.06803876,-0.22875154,-0.051172186,0.01331532,-0.28421938,-0.026155863,-0.03818184,-0.36323082,-0.06999547,-0.049559474,-0.25871068,-0.06257759,-0.027728677,-0.20716017,-0.046570998,0.05483824,-0.25333738,-0.049632926,-0.013018906,-0.25425178,-0.08224551,-0.026418686,-0.17258126,-0.07936182,-0.0056533813,-0.13853258,-0.069838904
-0.07868898,-0.043082,-0.016515184,-0.12029773,-0.15244234,-0.026701873,-0.07717812,-0.22367728,-0.039773684,-0.03352052,-0.2645507,-0.050619204,-0.10721403,-0.27660048,-0.00085663196,-0.15398273,-0.31485587,-0.041383564,-0.15632218,-0.24089164,-0.06734743,-0.13922974,-0.1915322,-0.08022533,-0.058894992,-0.2916713,-0.013538487,-0.10880017,-0.3355417,-0.053924553,-0.11405349,-0.24061382,-0.06615345,-0.09435487,-0.19093555,-0.06427401,-0.008032799,-0.2786215,-0.03297535,-0.05428928,-0.32426244,-0.0723548,-0.061455905,-0.22432542,-0.06760382,-0.045511544,-0.1761834,-0.05542524,0.039086044,-0.2464537,-0.054654613,-0.014156103,-0.22199708,-0.082092434,-0.021295726,-0.14493394,-0.07749216,-0.0049820542,-0.12046766,-0.06805204
-0.08239722,-0.04304236,-0.020878326,-0.12608498,-0.14844096,-0.03324689,-0.08089185,-0.21440774,-0.04713494,-0.027567565,-0.2426104,-0.057265487,-0.11293805,-0.28106934,-0.008346776,-0.16106611,-0.2979708,-0.04866556,-0.1502186,-0.2146849,-0.07187731,-0.13089877,-0.18562216,-0.08527089,-0.061755896,-0.29780555,-0.019539667,-0.11390656,-0.31773776,-0.06089264,-0.110299826,-0.21431953,-0.0698726,-0.09113312,-0.18789959,-0.067200765,-0.00884074,-0.28367144,-0.037600704,-0.05523616,-0.3061604,-0.07592487,-0.057860255,-0.20025116,-0.06523586,-0.04263699,-0.17408293,-0.050620086,0.03731525,-0.25083846,-0.0588076,-0.012884676,-0.207748,-0.083695,-0.018496573,-0.1323623,-0.07650901,-0.0029075146,-0.12391305,-0.06648407
-0.08620095,-0.03878534,-0.027281605,-0.12743288,-0.13751668,-0.044779174,-0.08312452,-0.20598418,-0.060578953,-0.043554485,-0.25547105,-0.071763024,-0.11660886,-0.29790193,-0.021709114,-0.1620943,-0.2646507,-0.061786205,-0.14372492,-0.18438822,-0.08786357,-0.12197971,-0.16277379,-0.104288995,-0.06513429,-0.31617418,-0.028851913,-0.11677998,-0.27608883,-0.069460586,-0.10324234,-0.17851293,-0.0792661,-0.084436834,-0.15945774,-0.078890026,-0.013028264,-0.2949487,-0.042093866,-0.054694235,-0.25855112,-0.079110496,-0.05205351,-0.16523045,-0.06907497,-0.041188657,-0.1528995,-0.05640658,0.030097842,-0.2553953,-0.059226904,-0.0072980523,-0.17894047,-0.08663175,-0.01129055,-0.109357536,-0.08277244,-0.003229618,-0.110275865,-0.074643016
-0.08049911,-0.028227389,-0.03785697,-0.13591355,-0.10058713,-0.05867722,-0.13895622,-0.15624356,-0.07643379,-0.12717551,-0.20090187,-0.0866726,-0.11529982,-0.2988426,-0.024672749,-0.16027695,-0.24209774,-0.06930749,-0.14284852,-0.16204882,-0.096107215,-0.12016636,-0.14899719,-0.11095541,-0.0621922,-0.3103745,-0.02760875,-0.10483682,-0.24068582,-0.070869505,-0.093793094,-0.14846367,-0.07975178,-0.078812,-0.14880705,-0.07756173,-0.009599924,-0.28298858,-0.038344823,-0.039437592,-0.20994067,-0.07989364,-0.041501045,-0.12806451,-0.06858117,-0.03280127,-0.13735753,-0.052526195,0.038169026,-0.23910987,-0.05398798,0.011002421,-0.17504972,-0.07605259,-0.0036053061,-0.11356902,-0.06648151,-0.002114296,-0.11745465,-0.053451534
-0.07668227,-0.030594647,-0.039541274,-0.1302397,-0.102950215,-0.06164976,-0.13660434,-0.15372401,-0.08082427,-0.12672627,-0.19353366,-0.09289805,-0.10991007,-0.29516128,-0.027723571,-0.1521028,-0.24053764,-0.0749104,-0.1365045,-0.16139966,-0.102463104,-0.11273831,-0.1480763,-0.116882004,-0.054363012,-0.3069891,-0.030317277,-0.093108654,-0.23298383,-0.07353469,-0.08567655,-0.14304048,-0.08216358,-0.07107574,-0.14676356,-0.08002277,0.0009620786,-0.2803735,-0.041044585,-0.027852714,-0.20474696,-0.08402729,-0.03261304,-0.1251589,-0.07392765,-0.023718536,-0.13760096,-0.058415238,0.051329434,-0.23795009,-0.056719877,0.02492565,-0.17421931,-0.07929781,0.00659734,-0.11109722,-0.06976445,0.006354153,-0.112215936,-0.056620844
-0.06914103,-0.029307961,-0.040588915,-0.12924296,-0.0924505,-0.06334848,-0.14706215,-0.1373527,-0.082609825,-0.14101893,-0.17547095,-0.09473739,-0.11671078,-0.28350753,-0.0324572,-0.14918256,-0.22390687,-0.07984452,-0.13672704,-0.14513522,-0.10647013,-0.11653417,-0.12367684,-0.11983917,-0.059147656,-0.2973055,-0.03440421,-0.08789879,-0.21471196,-0.07806747,-0.079916716,-0.12959158,-0.086848,-0.06751311,-0.12899923,-0.085015245,-0.002518475,-0.27425393,-0.044218,-0.02281779,-0.18642294,-0.086932145,-0.026404858,-0.115650535,-0.078586444,-0.022862673,-0.12923229,-0.064891085,0.04862076,-0.23451197,-0.05899128,0.030976474,-0.16276944,-0.08178243,0.017622769,-0.101156056,-0.07282498,0.015349209,-0.10131818,-0.060386013
-0.0666427,-0.02508676,-0.041061122,-0.12735352,-0.07794905,-0.065126635,-0.14728266,-0.114954114,-0.08536443,-0.14327592,-0.15201265,-0.09864245,-0.12061584,-0.27899855,-0.035849027,-0.1486493,-0.20641208,-0.081866756,-0.13195232,-0.12962496,-0.10837594,-0.11179751,-0.11228114,-0.12218044,-0.06288999,-0.29418492,-0.03732318,-0.08834952,-0.19783092,-0.078696735,-0.077607095,-0.11660236,-0.08771715,-0.066762745,-0.11693609,-0.08735703,-0.0059964657,-0.2730083,-0.04617398,-0.024377346,-0.17409307,-0.086539835,-0.02591598,-0.106978655,-0.07951236,-0.0242396,-0.12013215,-0.06786508,0.045084834,-0.23425364,-0.05999771,0.03029871,-0.15402114,-0.0825735,0.01954019,-0.095190644,-0.07526098,0.01688087,-0.09604335,-0.06431134
-0.0649786,-0.020477772,-0.043804355,-0.122710556,-0.06578916,-0.0707215,-0.13705346,-0.095731616,-0.09292248,-0.12760833,-0.12533993,-0.10816464,-0.12001416,-0.26970157,-0.04433834,-0.13972306,-0.18640584,-0.08791044,-0.122691035,-0.11287367,-0.11230384,-0.10299182,-0.10000676,-0.12560058,-0.05941385,-0.28651363,-0.04444472,-0.07408029,-0.17972362,-0.08545278,-0.06673819,-0.104608,-0.09573451,-0.05777192,-0.10566074,-0.09692264,-0.0011112094,-0.26728898,-0.050914474,-0.008962631,-0.15627533,-0.08997261,-0.012979984,-0.094599724,-0.084503144,-0.0132395625,-0.107358694,-0.07442821,0.051003695,-0.23071176,-0.0626571,0.045633018,-0.14467937,-0.085473,0.032597244,-0.08809215,-0.07976999,0.025663972,-0.08623958,-0.07005308
-0.06986803,-0.020100713,-0.044356164,-0.12827054,-0.07572842,-0.070875145,-0.13456327,-0.12022376,-0.09185207,-0.1129148,-0.15136558,-0.10612419,-0.11499053,-0.26337308,-0.052227914,-0.12236971,-0.16729236,-0.09480309,-0.108454764,-0.096381605,-0.11672515,-0.096369505,-0.09043318,-0.12927212,-0.052199244,-0.28024507,-0.050969362,-0.05399567,-0.15584642,-0.09122311,-0.050840914,-0.0867275,-0.09855849,-0.048753917,-0.097109556,-0.099226214,0.006819427,-0.26327166,-0.055547707,0.0083809495,-0.14012033,-0.09294369,-0.00031846762,-0.07990503,-0.08611052,-0.007612288,-0.09425223,-0.076791935,0.058274448,-0.22976333,-0.06565724,0.061549544,-0.13478416,-0.08850501,0.04453695,-0.077815354,-0.08437309,0.031062603,-0.0766297,-0.0767779
-0.06512284,-0.018899262,-0.045606494,-0.12199864,-0.076066494,-0.071392484,-0.1300826,-0.12546825,-0.09057365,-0.10790038,-0.16206867,-0.10280718,-0.1120317,-0.2633342,-0.05184053,-0.10854781,-0.16340882,-0.09268797,-0.098658085,-0.09578627,-0.1146442,-0.093599856,-0.09241158,-0.12812446,-0.047680736,-0.2790359,-0.04964123,-0.044045806,-0.15251595,-0.08807047,-0.043411255,-0.08425146,-0.09556532,-0.043987095,-0.092580914,-0.097094156,0.01219964,-0.2618458,-0.05332653,0.01726383,-0.13551229,-0.09028324,0.007855535,-0.07846624,-0.084530264,-0.0011398792,-0.09271854,-0.076400176,0.06380707,-0.2287369,-0.062467515,0.069894075,-0.13037992,-0.087053575,0.05287409,-0.07404727,-0.084538594,0.03708875,-0.072901905,-0.07818506
-0.06490892,-0.014344096,-0.04866908,-0.12153357,-0.06359321,-0.078329846,-0.1299884,-0.11135721,-0.100663625,-0.10601908,-0.15855879,-0.11514558,-0.11302382,-0.2605908,-0.056636583,-0.09920019,-0.15108079,-0.09940722,-0.08779079,-0.08524883,-0.12246342,-0.086642385,-0.09200549,-0.137586,-0.048850596,-0.2784892,-0.054582033,-0.03456813,-0.14816499,-0.097174734,-0.035399437,-0.07685745,-0.10643856,-0.040772855,-0.08945924,-0.10905424,0.011661053,-0.2633769,-0.058303762,0.024903476,-0.13422328,-0.09987836,0.012911975,-0.07285941,-0.09405014,-0.00073486567,-0.09082651,-0.08560626,0.06427783,-0.2306818,-0.0674727,0.074513376,-0.12603712,-0.09658936,0.05598533,-0.06958854,-0.09545442,0.03597927,-0.07433444,-0.08969454
-0.06631631,-0.013294697,-0.05109661,-0.12215632,-0.06024486,-0.08307622,-0.12660688,-0.10493797,-0.107742526,-0.09901708,-0.1448819,-0.12478346,-0.11335343,-0.26305926,-0.059579257,-0.09752625,-0.15665227,-0.10437441,-0.08722949,-0.08886653,-0.12914488,-0.0883199,-0.09384841,-0.1454188,-0.047960997,-0.28201622,-0.05744835,-0.03282994,-0.15539342,-0.10178091,-0.03610474,-0.08085263,-0.111947805,-0.044255972,-0.091135204,-0.115021534,0.012931764,-0.26629886,-0.061395194,0.025109768,-0.13932878,-0.10433885,0.0105679035,-0.07450533,-0.09942923,-0.0053461194,-0.0903644,-0.09133637,0.06485069,-0.23223543,-0.07109192,0.07443482,-0.12850821,-0.10052569,0.05302,-0.07027006,-0.09966241,0.030429542,-0.072671354,-0.09414032
-0.06922406,-0.0141990185,-0.058243714,-0.12284881,-0.05298376,-0.096807785,-0.11819744,-0.081599236,-0.12649252,-0.07839656,-0.10532659,-0.14738718,-0.10547894,-0.2715826,-0.07319075,-0.09253842,-0.15965652,-0.118896306,-0.08077252,-0.08731556,-0.14152996,-0.07726228,-0.09724891,-0.15655945,-0.036847413,-0.28319412,-0.06800644,-0.022555113,-0.15642673,-0.11398547,-0.025830626,-0.07993996,-0.12075433,-0.030681431,-0.094277084,-0.12168544,0.02364713,-0.26168004,-0.06905313,0.037424088,-0.1282897,-0.11171568,0.021517098,-0.064328074,-0.10389982,0.007577777,-0.08439648,-0.09407208,0.07267898,-0.22357246,-0.0766626,0.082423806,-0.120289385,-0.10436252,0.061330438,-0.06468111,-0.10244604,0.04047525,-0.07066691,-0.09669122
-0.07461244,-0.014402032,-0.05288114,-0.12694305,-0.05715692,-0.08968151,-0.1125676,-0.08710194,-0.11933516,-0.06871486,-0.11041248,-0.14088936,-0.10153675,-0.2705776,-0.06663894,-0.081561446,-0.14626807,-0.11082795,-0.07665628,-0.081012905,-0.13340497,-0.078148186,-0.10260159,-0.1491254,-0.034113824,-0.28094736,-0.064376615,-0.015936434,-0.14616674,-0.10755714,-0.026839435,-0.077285886,-0.113020025,-0.03575355,-0.10319114,-0.11414884,0.025307834,-0.26033372,-0.06823991,0.039130807,-0.12519658,-0.108236015,0.019496143,-0.06540024,-0.0995306,0.0051683784,-0.09144288,-0.090297736,0.07379168,-0.22261244,-0.07863088,0.08398461,-0.11800218,-0.10529106,0.060210347,-0.06700724,-0.103697605,0.038728535,-0.07696986,-0.09900356
-0.07230723,-0.012016356,-0.052214522,-0.12524998,-0.046035767,-0.08902016,-0.12163895,-0.07525778,-0.11810225,-0.08458936,-0.10084176,-0.13903506,-0.10084766,-0.2681546,-0.067042895,-0.07807195,-0.15442961,-0.10556492,-0.07211578,-0.08364475,-0.12431159,-0.0750525,-0.09771508,-0.13820079,-0.032981515,-0.27944693,-0.06441541,-0.012086093,-0.15043283,-0.102275856,-0.022086978,-0.08024329,-0.10859228,-0.033822417,-0.0988245,-0.11180189,0.026355863,-0.25949824,-0.06675448,0.042651653,-0.12849498,-0.102755,0.023329318,-0.06669164,-0.09578317,0.005953133,-0.08717537,-0.08923635,0.07514936,-0.22283489,-0.07511805,0.0864557,-0.120069206,-0.10006761,0.063828826,-0.064548075,-0.09820293,0.040713668,-0.06970346,-0.0937816
-0.0737887,-0.013286769,-0.053503193,-0.11907822,-0.054263055,-0.09008162,-0.0941056,-0.07836646,-0.11904463,-0.054331183,-0.09998375,-0.1403203,-0.086217284,-0.2689693,-0.06736137,-0.060470223,-0.14951742,-0.10636738,-0.061245203,-0.084854305,-0.12637497,-0.0690884,-0.10574043,-0.14186119,-0.019708455,-0.27831358,-0.06479864,0.0005968213,-0.1466375,-0.10381926,-0.014954925,-0.08044034,-0.11258107,-0.029539049,-0.10858101,-0.118248105,0.037397742,-0.25766826,-0.06724716,0.05192578,-0.12672353,-0.104052775,0.028625846,-0.06657457,-0.09867445,0.009008765,-0.09375656,-0.09381391,0.08382326,-0.22085851,-0.07597225,0.094429374,-0.12232697,-0.10221789,0.06801009,-0.06676853,-0.10117214,0.0434286,-0.0739187,-0.09783491
-0.07090998,-0.012195051,-0.050783496,-0.11179227,-0.054065526,-0.08640179,-0.07678193,-0.07182008,-0.115602605,-0.02856046,-0.08468425,-0.1382083,-0.08257133,-0.26494431,-0.061864298,-0.050359428,-0.1421476,-0.10171413,-0.051563323,-0.07767564,-0.12459924,-0.061037183,-0.096297085,-0.1420223,-0.017683566,-0.27522376,-0.06113439,0.0057716966,-0.1450895,-0.098348655,-0.0060350895,-0.07722592,-0.10730973,-0.018371046,-0.100883424,-0.11385356,0.039288104,-0.255233,-0.06572712,0.05655563,-0.13309366,-0.1004421,0.038579166,-0.0751487,-0.09547481,0.021230817,-0.10018164,-0.091410086,0.08658898,-0.21940345,-0.076601855,0.10047495,-0.13055891,-0.09985789,0.077964246,-0.07564896,-0.09730969,0.056212366,-0.07973564,-0.093686074
-0.07159603,0.0051202774,-0.06010965,-0.1133495,-0.016831696,-0.101109125,-0.069811344,-0.02360189,-0.13291472,-0.01543802,-0.038466692,-0.15656771,-0.085556686,-0.23008183,-0.08026992,-0.030376375,-0.10207552,-0.118360184,-0.039599717,-0.042777777,-0.13521574,-0.05345136,-0.06502992,-0.14964975,-0.022200942,-0.24554417,-0.07423279,0.024307132,-0.10589504,-0.11217927,0.004146099,-0.045521557,-0.11588655,-0.008927643,-0.080001,-0.11934639,0.032607913,-0.23196432,-0.07338182,0.07013351,-0.09533441,-0.10702727,0.04386115,-0.045915067,-0.09821985,0.024252951,-0.0791893,-0.09272284,0.07787812,-0.20260078,-0.07992548,0.1010865,-0.102116525,-0.10660139,0.07203609,-0.052598238,-0.10721623,0.045449257,-0.06257856,-0.10609742
-0.0702644,0.007815123,-0.0604779,-0.10960871,-0.009472191,-0.102508634,-0.061050296,-0.0068359375,-0.13548881,6.9737434e-05,-0.013462663,-0.16075593,-0.08511847,-0.22414002,-0.082381904,-0.035567284,-0.09545469,-0.120608024,-0.03656453,-0.030176282,-0.13950227,-0.046664,-0.048159897,-0.15506317,-0.021052659,-0.23788863,-0.07633692,0.020292819,-0.09604305,-0.1118286,0.0058811307,-0.03507316,-0.116640165,-0.0051516294,-0.067052245,-0.122073084,0.03450644,-0.22314668,-0.0752237,0.066620946,-0.08758885,-0.106598906,0.04550934,-0.036132455,-0.09842274,0.029026091,-0.065021336,-0.09403873,0.0797497,-0.19325376,-0.08150517,0.09929186,-0.0950709,-0.10558515,0.0738402,-0.04638511,-0.10444721,0.05039531,-0.055110633,-0.102657564
-0.069168866,-0.009123921,-0.055352625,-0.109653115,-0.044749618,-0.09372729,-0.07540071,-0.057101488,-0.12475776,-0.02758348,-0.06739718,-0.14861853,-0.082314074,-0.25240737,-0.07127471,-0.04491359,-0.13439918,-0.10921695,-0.043342054,-0.06845558,-0.12858705,-0.051229715,-0.08445203,-0.1436835,-0.015440345,-0.2625149,-0.06777206,0.0142047405,-0.12592769,-0.10334662,0.00011044741,-0.060868263,-0.11032008,-0.011115849,-0.09022397,-0.115964994,0.041995704,-0.24403274,-0.06913296,0.06204182,-0.112763226,-0.10199711,0.04105413,-0.057244778,-0.095534444,0.025506198,-0.08461875,-0.0911002,0.088160634,-0.2107594,-0.07724281,0.100155115,-0.11521226,-0.10018924,0.07177305,-0.06293315,-0.0974023,0.047881067,-0.06872922,-0.09378273
-0.06801391,-0.011588454,-0.04928199,-0.11697346,-0.051988184,-0.0832731,-0.11275494,-0.08443785,-0.11026355,-0.085125804,-0.11400235,-0.13006963,-0.098169744,-0.26430357,-0.064623475,-0.07033324,-0.1508041,-0.10345331,-0.068087816,-0.09169048,-0.12330771,-0.07645899,-0.107753575,-0.13810477,-0.033852577,-0.27844742,-0.06369052,-0.009637952,-0.15415871,-0.102352366,-0.019647717,-0.08654076,-0.110098876,-0.032738328,-0.10308653,-0.114574134,0.023896158,-0.26070613,-0.067340136,0.041716695,-0.13940287,-0.1052018,0.026199877,-0.07741189,-0.09873217,0.010979474,-0.095241606,-0.0923781,0.07267988,-0.22533047,-0.076648585,0.08696079,-0.13533652,-0.10263899,0.06712699,-0.07909846,-0.09991315,0.046608925,-0.08202708,-0.095075235
-0.06719875,-0.026021957,-0.050017595,-0.11890328,-0.07994193,-0.08266304,-0.11619043,-0.12746084,-0.10910952,-0.08778328,-0.15608978,-0.1275674,-0.102188826,-0.27740976,-0.058225814,-0.09054148,-0.22958297,-0.101648904,-0.08160478,-0.15146476,-0.122741684,-0.07933676,-0.12903726,-0.13533321,-0.040254354,-0.2935999,-0.05613479,-0.022786677,-0.216753,-0.09930674,-0.02514577,-0.13221288,-0.109131634,-0.033132017,-0.12580425,-0.111175135,0.01694554,-0.27751994,-0.05990931,0.035909712,-0.18417388,-0.10097758,0.023738623,-0.109650314,-0.09545232,0.009473205,-0.11199868,-0.08680858,0.06814635,-0.24465486,-0.069341406,0.08234632,-0.16785318,-0.095903836,0.062458277,-0.102338135,-0.09262177,0.040679753,-0.096010864,-0.08595855
-0.059793174,-0.022789419,-0.045779333,-0.112630606,-0.0772357,-0.075913645,-0.12137616,-0.123165905,-0.10223997,-0.109268785,-0.15818906,-0.12136398,-0.10391861,-0.27139205,-0.042248454,-0.10475111,-0.2658374,-0.09635232,-0.098716855,-0.17939144,-0.1312063,-0.089573205,-0.13243991,-0.15030053,-0.04424441,-0.2887083,-0.04307635,-0.03544557,-0.26555955,-0.10159389,-0.036497056,-0.16641402,-0.120610654,-0.035752833,-0.13012648,-0.12172449,0.010272026,-0.27402005,-0.05133155,0.030890524,-0.21599305,-0.101053596,0.01840359,-0.13062763,-0.097761326,0.0063862205,-0.11162627,-0.08471571,0.059310198,-0.24246964,-0.064838596,0.0755471,-0.18221205,-0.09264868,0.05721444,-0.116132975,-0.088534445,0.03817153,-0.1041981,-0.07853249
-0.08396578,-0.01860118,-0.03453136,-0.13830471,-0.113043666,-0.050390624,-0.10329646,-0.18745244,-0.06288387,-0.04947418,-0.22388196,-0.070315,-0.10338795,-0.28048947,-0.027336132,-0.13409007,-0.26961163,-0.07052761,-0.12881553,-0.18368733,-0.094967216,-0.10910171,-0.1503557,-0.10833788,-0.047009766,-0.2890488,-0.029778877,-0.07867247,-0.27940232,-0.073108464,-0.0780645,-0.17615503,-0.078062706,-0.06331092,-0.15365303,-0.07168006,0.0072897077,-0.26745856,-0.03995408,-0.008656025,-0.24380276,-0.08185501,-0.022340417,-0.14561236,-0.070188284,-0.022800386,-0.12620705,-0.052895244,0.05674076,-0.23238492,-0.053873826,0.034969985,-0.1990298,-0.07970383,0.016580999,-0.12390292,-0.07060106,0.011236668,-0.10891652,-0.057340574
-0.078309715,-0.016876161,-0.025668291,-0.13936937,-0.10577345,-0.03455438,-0.11830145,-0.17231196,-0.043423638,-0.060377836,-0.19219774,-0.048104517,-0.10373062,-0.25971553,-0.01500719,-0.14334238,-0.27144432,-0.05331977,-0.13303006,-0.1900112,-0.07268199,-0.1115554,-0.16192073,-0.08212597,-0.0511567,-0.2661847,-0.020026403,-0.0891276,-0.29215327,-0.061701734,-0.0876798,-0.18974817,-0.06463213,-0.07012093,-0.16481507,-0.05502732,0.001990974,-0.24689001,-0.032302972,-0.02150923,-0.2715129,-0.075144365,-0.034185946,-0.17307514,-0.06570858,-0.027543306,-0.1438486,-0.0471088,0.054139495,-0.2151224,-0.047045548,0.028596818,-0.23043111,-0.07436993,0.0046386123,-0.15995139,-0.06746337,0.0015218854,-0.13029432,-0.05458196
-0.079280496,-0.036446393,-0.017865248,-0.12429249,-0.15265155,-0.021944894,-0.08017051,-0.2188003,-0.027646288,-0.01927036,-0.2316638,-0.030106165,-0.093917966,-0.27726153,-0.002867602,-0.14019799,-0.3077627,-0.040013716,-0.13383263,-0.22344038,-0.056799926,-0.11145413,-0.19181532,-0.06472772,-0.040109277,-0.28918552,-0.012123613,-0.0921036,-0.32902345,-0.05339916,-0.09558618,-0.22230592,-0.05636417,-0.071442485,-0.19344145,-0.046253577,0.011726201,-0.26953825,-0.028712144,-0.033836663,-0.3027293,-0.06855785,-0.044792235,-0.19490272,-0.05761436,-0.027484655,-0.168307,-0.03977,0.05692482,-0.23428756,-0.04777222,0.0045642853,-0.20306545,-0.075483285,-0.006352365,-0.13109517,-0.07224949,0.011554003,-0.12431985,-0.063434154
-0.08463347,-0.043094754,-0.016932767,-0.12680274,-0.16498977,-0.021388961,-0.0796113,-0.2376042,-0.028200116,-0.021011174,-0.26101393,-0.031899728,-0.09087026,-0.2898839,0.0052285134,-0.14647418,-0.32283223,-0.03508074,-0.1423896,-0.24181032,-0.056215696,-0.119573414,-0.2021358,-0.0652832,-0.039774716,-0.30276015,-0.0051706177,-0.1060971,-0.34442848,-0.047839772,-0.109099805,-0.2418131,-0.055009622,-0.08373624,-0.20360935,-0.04673508,0.007835209,-0.28543478,-0.023492217,-0.05351883,-0.3216755,-0.06637265,-0.058776975,-0.21231961,-0.058478896,-0.037757397,-0.17575133,-0.040776845,0.047314346,-0.24885571,-0.04412014,-0.020243585,-0.21636361,-0.074690886,-0.023124158,-0.1429674,-0.072401725,0.0005967021,-0.13368976,-0.062594436
-0.08459097,-0.044156134,-0.013957065,-0.12568098,-0.1647588,-0.01860479,-0.08024901,-0.23677611,-0.026427045,-0.028849304,-0.2667203,-0.031412818,-0.09380871,-0.27756134,0.0051457123,-0.14617169,-0.32338005,-0.036161803,-0.14236182,-0.24851009,-0.057880346,-0.118827045,-0.20830226,-0.06668376,-0.044440746,-0.2908748,-0.0067903856,-0.10829705,-0.34800464,-0.05081996,-0.11138421,-0.25223917,-0.06075141,-0.084810436,-0.2107951,-0.053818233,0.0029626489,-0.27794364,-0.025910446,-0.057080388,-0.32683843,-0.07018502,-0.061679304,-0.21746677,-0.06361434,-0.04006964,-0.173114,-0.045782674,0.043813348,-0.24659407,-0.04682853,-0.023279727,-0.22489876,-0.078768365,-0.02790618,-0.15028918,-0.076586805,-0.004952371,-0.1328162,-0.06594429
-0.08473635,-0.0612334,-0.009281547,-0.11858797,-0.1867047,-0.011250303,-0.07047886,-0.25134495,-0.018783893,-0.017216027,-0.27840206,-0.023227852,-0.08288467,-0.2893195,0.02067169,-0.13133025,-0.34815648,-0.0164817,-0.13288748,-0.2736711,-0.036333274,-0.110850334,-0.23201519,-0.04412223,-0.036714673,-0.3002643,0.006821909,-0.09504342,-0.37080264,-0.034135673,-0.10485524,-0.27217552,-0.04342646,-0.07810396,-0.22826147,-0.03569237,0.0077468157,-0.28765592,-0.014827307,-0.04809785,-0.3583426,-0.057496227,-0.060742915,-0.24873543,-0.051788725,-0.03643161,-0.20357126,-0.034074143,0.04697323,-0.25746366,-0.038124207,-0.02149707,-0.25981864,-0.06800333,-0.033988476,-0.18323255,-0.06541087,-0.010171592,-0.15844053,-0.054495048
-0.084842384,-0.054460824,-0.011604472,-0.11886209,-0.18223864,-0.013697399,-0.06436843,-0.25354254,-0.020706689,-0.008335531,-0.27991626,-0.024556698,-0.094988525,-0.2772138,0.017596753,-0.13522977,-0.3494064,-0.018742876,-0.13583243,-0.27532682,-0.03937381,-0.11584854,-0.22619921,-0.047786362,-0.04801601,-0.29062322,0.0058860695,-0.093323946,-0.37687778,-0.03386855,-0.10349697,-0.28309715,-0.045360584,-0.08206087,-0.23319298,-0.039723955,4.696846e-05,-0.281169,-0.013312173,-0.039678335,-0.3690223,-0.053897053,-0.055484116,-0.2621132,-0.050365824,-0.03906095,-0.20657611,-0.03488683,0.046877623,-0.25482166,-0.03426668,-0.010433674,-0.27126217,-0.06340548,-0.024977386,-0.19785464,-0.061980367,-0.006406069,-0.16676688,-0.052399866
-0.08692676,-0.050892174,-0.013296768,-0.1278367,-0.17834252,-0.016759597,-0.0768137,-0.2553171,-0.025253585,-0.010445595,-0.23993516,-0.032162573,-0.117203176,-0.25960273,0.018886076,-0.15009487,-0.35161746,-0.0108885085,-0.15138346,-0.29499483,-0.0319455,-0.13535452,-0.24275047,-0.043262698,-0.0734247,-0.2812188,0.007886396,-0.1053136,-0.38288945,-0.02660298,-0.11403501,-0.30946568,-0.0437081,-0.10008508,-0.2542529,-0.04471986,-0.023041487,-0.28034866,-0.009907459,-0.04948926,-0.39394158,-0.04446778,-0.06630683,-0.312252,-0.053874377,-0.057256103,-0.25463402,-0.05054467,0.030771255,-0.26293004,-0.029395707,-0.017727494,-0.2986248,-0.056989346,-0.030118465,-0.23475534,-0.063505925,-0.013256133,-0.19714278,-0.062164724
-0.080810905,-0.049266756,-0.010788678,-0.122645855,-0.17431927,-0.012711103,-0.072814524,-0.25294006,-0.020034403,-0.006847203,-0.25182432,-0.025714563,-0.110402524,-0.25024068,0.016329765,-0.14464527,-0.34371567,-0.01635163,-0.14434123,-0.2815487,-0.036295906,-0.12585086,-0.23344815,-0.04589874,-0.066707015,-0.2705196,0.0032012379,-0.09759545,-0.38052142,-0.035701796,-0.10522163,-0.297032,-0.050646912,-0.08818817,-0.24469405,-0.04789857,-0.016966939,-0.26921874,-0.016530242,-0.04438156,-0.38976014,-0.055123873,-0.059656918,-0.30240846,-0.059743017,-0.04689157,-0.24991196,-0.05114294,0.03585869,-0.25143892,-0.03767476,-0.010605454,-0.29750845,-0.06808485,-0.022902727,-0.2316075,-0.07150958,-0.0047291517,-0.19417316,-0.06670219
-0.08004415,-0.03833425,-0.014633741,-0.12576824,-0.16062689,-0.018544806,-0.07648164,-0.24307764,-0.02685119,-0.008873761,-0.24623996,-0.03334055,-0.10977161,-0.23366725,0.008657075,-0.1400953,-0.33624086,-0.02586067,-0.1447652,-0.27791002,-0.04626912,-0.12851012,-0.22507721,-0.055357005,-0.065449536,-0.2566675,-0.0017743488,-0.09771097,-0.3707825,-0.04169533,-0.10677874,-0.29402062,-0.057513636,-0.08864242,-0.23991197,-0.055478644,-0.016278267,-0.2601055,-0.018751884,-0.044368863,-0.3846848,-0.05668088,-0.0583418,-0.29978874,-0.06249773,-0.04639536,-0.24226218,-0.055030167,0.035542786,-0.24671847,-0.037288215,-0.0076850057,-0.2862619,-0.06573751,-0.017640054,-0.22586638,-0.070182584,-0.0006105304,-0.19414496,-0.0666604
-0.08384633,-0.042443454,-0.014721568,-0.12705988,-0.15575248,-0.016787518,-0.08154708,-0.23736346,-0.023831146,-0.018541396,-0.24897456,-0.028286114,-0.11649448,-0.22001255,0.016302824,-0.1467154,-0.31929755,-0.015734425,-0.14709881,-0.26104987,-0.034529343,-0.13134682,-0.21146417,-0.042348,-0.07282364,-0.24529636,0.0073495177,-0.10375613,-0.3594191,-0.030102791,-0.10781044,-0.28275642,-0.044716053,-0.08951241,-0.23035914,-0.04160163,-0.023754716,-0.2516597,-0.008513662,-0.047338247,-0.37665492,-0.044718686,-0.057044387,-0.29457784,-0.0483337,-0.04374188,-0.23673284,-0.038626797,0.027775168,-0.2422216,-0.026230745,-0.007796705,-0.29331285,-0.05284061,-0.018933952,-0.24113572,-0.055687994,-0.0047186017,-0.2068134,-0.050473478
-0.083091736,-0.03657323,-0.015488863,-0.12613773,-0.14772552,-0.018236598,-0.08141911,-0.23126781,-0.025452903,-0.019708037,-0.24737251,-0.03033866,-0.1169126,-0.21515292,0.014704279,-0.14888799,-0.30867186,-0.015724303,-0.14901724,-0.2514236,-0.034013566,-0.13239783,-0.2034117,-0.041945774,-0.07377219,-0.24172765,0.0067943283,-0.1075477,-0.35061416,-0.029365392,-0.11018413,-0.2748961,-0.04384998,-0.089755595,-0.22327602,-0.041097753,-0.024821281,-0.24901748,-0.007633659,-0.050729692,-0.37181038,-0.042801246,-0.05906093,-0.29316145,-0.046436545,-0.04423368,-0.23838598,-0.037319686,0.026447892,-0.24077493,-0.023795845,-0.010728598,-0.29098555,-0.0496636,-0.02064836,-0.23925596,-0.051962342,-0.005321026,-0.20637673,-0.046709258
-0.087926626,-0.042303026,-0.017641535,-0.13015616,-0.1511147,-0.019534105,-0.080203,-0.23564702,-0.025887322,-0.014846623,-0.2558806,-0.028551212,-0.12417191,-0.21011865,0.019078534,-0.1566143,-0.30635706,-0.011982475,-0.15362531,-0.24424523,-0.030198293,-0.13821149,-0.19965255,-0.037948087,-0.08072919,-0.23731273,0.012775148,-0.11148924,-0.34766024,-0.022518676,-0.11156601,-0.26844522,-0.035308726,-0.09403789,-0.2230714,-0.03188466,-0.03217131,-0.24656785,-0.0012084421,-0.05563128,-0.36727488,-0.03436974,-0.06330079,-0.28682545,-0.034778986,-0.050291777,-0.23507571,-0.023963409,0.01820904,-0.24215508,-0.017883664,-0.015454531,-0.29835865,-0.041041985,-0.024853945,-0.249219,-0.041615278,-0.010617018,-0.21755958,-0.03553553
-0.087926626,-0.042303026,-0.017641535,-0.13015616,-0.1511147,-0.019534105,-0.080203,-0.23564702,-0.025887322,-0.014846623,-0.2558806,-0.028551212,-0.12417191,-0.21011865,0.019078534,-0.1566143,-0.30635706,-0.011982475,-0.15362531,-0.24424523,-0.030198293,-0.13821149,-0.19965255,-0.037948087,-0.08072919,-0.23731273,0.012775148,-0.11148924,-0.34766024,-0.022518676,-0.11156601,-0.26844522,-0.035308726,-0.09403789,-0.2230714,-0.03188466,-0.03217131,-0.24656785,-0.0012084421,-0.05563128,-0.36727488,-0.03436974,-0.06330079,-0.28682545,-0.034778986,-0.050291777,-0.23507571,-0.023963409,0.01820904,-0.24215508,-0.017883664,-0.015454531,-0.29835865,-0.041041985,-0.024853945,-0.249219,-0.041615278,-0.010617018,-0.21755958,-0.03553553
-0.085799634,-0.04454732,-0.015459301,-0.12586844,-0.15006089,-0.017771626,-0.07844806,-0.22878867,-0.024979241,-0.015251994,-0.24162436,-0.029672854,-0.11578679,-0.20932382,0.017906126,-0.14835387,-0.30453032,-0.011484795,-0.14959317,-0.25097424,-0.03000685,-0.13402778,-0.20503652,-0.038148865,-0.07363665,-0.23475641,0.010748388,-0.10421741,-0.34657547,-0.023115356,-0.10799265,-0.27525622,-0.03733222,-0.088795304,-0.22617078,-0.035317514,-0.026729703,-0.24279755,-0.0033589066,-0.047833383,-0.36623892,-0.03562491,-0.059283495,-0.29170558,-0.039335694,-0.045669198,-0.2356301,-0.030659651,0.021593869,-0.2365011,-0.01973916,-0.011089265,-0.29939243,-0.042815655,-0.024293184,-0.25513178,-0.04529487,-0.010720611,-0.2195881,-0.040532578
-0.08728528,-0.05020839,-0.015604125,-0.12643987,-0.15838516,-0.017324299,-0.07874948,-0.24160796,-0.024603829,-0.015294433,-0.25365227,-0.028329631,-0.11767024,-0.21105689,0.025091732,-0.14557666,-0.30951568,-0.0030800833,-0.14510971,-0.25131035,-0.02089014,-0.13178158,-0.20836467,-0.028809877,-0.07609612,-0.23513317,0.018259866,-0.10259825,-0.34560633,-0.014801045,-0.10469377,-0.27309632,-0.028878244,-0.08804613,-0.22774303,-0.026753714,-0.028467298,-0.24380773,0.0038875854,-0.048650146,-0.366345,-0.02634365,-0.059191704,-0.29488987,-0.029089838,-0.04746926,-0.24243253,-0.020031502,0.022010624,-0.2401008,-0.013154366,-0.008520424,-0.30706036,-0.031444483,-0.023228109,-0.2638588,-0.03156328,-0.012816846,-0.22844249,-0.02581651
-0.08801317,-0.049510717,-0.013872847,-0.12504238,-0.15548456,-0.014700134,-0.07646376,-0.23807561,-0.021175964,-0.014460564,-0.25397092,-0.0243608,-0.11651766,-0.21017522,0.026519354,-0.1448611,-0.30671453,-0.0014010702,-0.14486575,-0.24990827,-0.01946309,-0.13140345,-0.20683444,-0.027585147,-0.073899925,-0.23375142,0.019005645,-0.100830495,-0.3448367,-0.013520976,-0.10392356,-0.27264902,-0.028033307,-0.0879643,-0.22726655,-0.026681228,-0.026339352,-0.24166578,0.004135264,-0.046616256,-0.3638952,-0.026345426,-0.05790603,-0.29226062,-0.029265,-0.04638517,-0.23913407,-0.020565668,0.023722947,-0.2376306,-0.013177417,-0.00851047,-0.30453146,-0.032462556,-0.023118734,-0.26202065,-0.0328702,-0.012438655,-0.22737813,-0.027379528
-0.08581656,-0.05262077,-0.014757012,-0.12356126,-0.15558511,-0.016471146,-0.07708371,-0.23616254,-0.024161793,-0.014526784,-0.25260085,-0.027937789,-0.112893045,-0.20659381,0.025922772,-0.14058155,-0.30627543,-0.00310567,-0.13792396,-0.2511199,-0.02136491,-0.12399471,-0.20954984,-0.029330052,-0.070994854,-0.22791272,0.018790754,-0.095724344,-0.3387031,-0.01577438,-0.09747362,-0.26965424,-0.030055529,-0.081762016,-0.2250753,-0.027855018,-0.024312139,-0.23562473,0.0040322538,-0.042244196,-0.35622442,-0.026276546,-0.0531559,-0.28984365,-0.027858883,-0.04230714,-0.2401362,-0.017879196,0.025878191,-0.23205519,-0.01359754,-0.0023993254,-0.2992803,-0.030903898,-0.01936698,-0.2612688,-0.030551262,-0.012085855,-0.2276746,-0.024570437
-0.08581656,-0.05262077,-0.014757012,-0.12356126,-0.15558511,-0.016471146,-0.07708371,-0.23616254,-0.024161793,-0.014526784,-0.25260085,-0.027937789,-0.112893045,-0.20659381,0.025922772,-0.14058155,-0.30627543,-0.00310567,-0.13792396,-0.2511199,-0.02136491,-0.12399471,-0.20954984,-0.029330052,-0.070994854,-0.22791272,0.018790754,-0.095724344,-0.3387031,-0.01577438,-0.09747362,-0.26965424,-0.030055529,-0.081762016,-0.2250753,-0.027855018,-0.024312139,-0.23562473,0.0040322538,-0.042244196,-0.35622442,-0.026276546,-0.0531559,-0.28984365,-0.027858883,-0.04230714,-0.2401362,-0.017879196,0.025878191,-0.23205519,-0.01359754,-0.0023993254,-0.2992803,-0.030903898,-0.01936698,-0.2612688,-0.030551262,-0.012085855,-0.2276746,-0.024570437
-0.08447105,-0.04626417,-0.015862083,-0.12243837,-0.1506412,-0.018285656,-0.07352477,-0.23112339,-0.026029093,-0.008411586,-0.24212283,-0.030208932,-0.1106146,-0.20559728,0.019576507,-0.13804054,-0.30746156,-0.00895137,-0.13751632,-0.24977505,-0.026226092,-0.12358618,-0.2068125,-0.033993475,-0.06850493,-0.22779065,0.013214403,-0.09359592,-0.33955085,-0.019817308,-0.09781569,-0.26950666,-0.03286235,-0.08211416,-0.22547317,-0.031009644,-0.022229612,-0.23620272,-0.00041185858,-0.039675355,-0.3585335,-0.029620674,-0.052818835,-0.29024875,-0.03131451,-0.042354524,-0.23915243,-0.022510944,0.026371658,-0.23296404,-0.016894566,-0.003219664,-0.30020794,-0.03421071,-0.020661235,-0.26016325,-0.03449072,-0.01210165,-0.22563416,-0.02964505
-0.079895556,-0.044522047,-0.016627895,-0.117250085,-0.14739108,-0.020457119,-0.07021105,-0.22446883,-0.029204581,-0.005588293,-0.22992134,-0.034842633,-0.105986714,-0.20639354,0.015104525,-0.13329285,-0.30539906,-0.013646865,-0.13595462,-0.2505442,-0.03085027,-0.12138581,-0.20625138,-0.038383465,-0.06463385,-0.22815901,0.008792226,-0.088573635,-0.3414489,-0.02453497,-0.09582174,-0.27237934,-0.037478287,-0.07876915,-0.22503686,-0.035183765,-0.01833719,-0.23544168,-0.0044277483,-0.034381688,-0.36030513,-0.034764048,-0.04979241,-0.29269388,-0.03801616,-0.03783965,-0.23911887,-0.029724939,0.030656576,-0.23052734,-0.02019661,-0.00016385317,-0.2982774,-0.03929366,-0.017591357,-0.25987142,-0.040962823,-0.0058241487,-0.22474998,-0.036619738
-0.08289838,-0.046459436,-0.016964551,-0.11926824,-0.15072119,-0.019455051,-0.07158166,-0.22839046,-0.026860168,-0.009433687,-0.23754334,-0.03053337,-0.109158516,-0.20600665,0.019134466,-0.13505399,-0.30577424,-0.009297045,-0.13497227,-0.2474556,-0.026460165,-0.12115282,-0.20342678,-0.0338444,-0.06667763,-0.22710586,0.013329897,-0.089520514,-0.34049496,-0.019580495,-0.09543496,-0.2691644,-0.032565597,-0.07987124,-0.22325206,-0.030167267,-0.019997776,-0.23397052,0.00023463098,-0.03519523,-0.35850918,-0.029251676,-0.050095797,-0.29062483,-0.031185862,-0.03966385,-0.23833632,-0.02202018,0.02907455,-0.22931325,-0.01567028,0.0013229251,-0.29948688,-0.033445418,-0.01713711,-0.2610856,-0.033641983,-0.0083553195,-0.22586495,-0.028267864
-0.08248401,-0.04385799,-0.015694095,-0.118135154,-0.14888173,-0.0168816,-0.069768906,-0.22784334,-0.023042101,-0.0075130463,-0.23704737,-0.025607124,-0.109221816,-0.20595938,0.021756874,-0.13429308,-0.30483943,-0.0053196033,-0.1351363,-0.24864471,-0.022041505,-0.12117809,-0.20432538,-0.029386897,-0.06706077,-0.22729027,0.015856909,-0.089841545,-0.33958748,-0.0152810225,-0.09607655,-0.2703125,-0.028001253,-0.08012134,-0.22519028,-0.025970144,-0.020379186,-0.23407012,0.002723013,-0.036085725,-0.35715875,-0.025622016,-0.05088216,-0.28985396,-0.027911512,-0.039975643,-0.23886049,-0.019580603,0.028903961,-0.22969359,-0.013111442,0.0006443262,-0.2975569,-0.030515267,-0.016919613,-0.25820994,-0.031000316,-0.0071868896,-0.2243241,-0.02623879
-0.08410877,-0.044282794,-0.014829939,-0.118849516,-0.14732116,-0.016259812,-0.07198417,-0.22434658,-0.023133466,-0.011900008,-0.2342571,-0.027331196,-0.10575372,-0.20468342,0.02327858,-0.13086712,-0.30026585,-0.003469064,-0.13595432,-0.25163728,-0.020525943,-0.12259191,-0.20910734,-0.027850566,-0.06419581,-0.224832,0.016773243,-0.08706647,-0.33580917,-0.015501541,-0.09651655,-0.27166653,-0.029937712,-0.080111384,-0.22602582,-0.02842664,-0.0182333,-0.23139423,0.0031410283,-0.03436309,-0.35290235,-0.027131591,-0.052002132,-0.28908518,-0.032482,-0.041520238,-0.23785436,-0.025272636,0.029989481,-0.22675097,-0.012838309,-0.000785172,-0.29407775,-0.031524416,-0.02041787,-0.25560653,-0.03355716,-0.011415303,-0.22078925,-0.02936941
-0.06776494,-0.06743801,-0.0003397505,-0.09037471,-0.18624532,0.0018735699,-0.049814045,-0.25473136,-0.004889395,0.0027157068,-0.23639351,-0.01056723,-0.057356596,-0.25606656,0.03386993,-0.07856214,-0.3533557,0.009371732,-0.092965245,-0.297809,-0.0070103817,-0.081318974,-0.24672163,-0.015481518,-0.021953702,-0.26647782,0.019141153,-0.04330319,-0.37949756,-0.0137046045,-0.061846673,-0.31024286,-0.028311932,-0.04989642,-0.2538026,-0.02701688,0.018435657,-0.262895,-0.0014335841,-0.004459977,-0.38159215,-0.031265114,-0.029916823,-0.31202388,-0.03687182,-0.022345424,-0.25458282,-0.03052957,0.060538292,-0.24855733,-0.023222737,0.009955585,-0.30622113,-0.042485815,-0.014157712,-0.26021397,-0.046249688,-0.0014550686,-0.2191019,-0.043793526
-0.06943083,-0.075975776,0.006363555,-0.08327693,-0.19913399,0.012852667,-0.047142625,-0.26260883,0.009516043,-0.001719892,-0.28272116,0.0076101497,-0.037169993,-0.26906496,0.04082616,-0.0620327,-0.3663833,0.01752868,-0.08663368,-0.30396974,0.0025526234,-0.078412056,-0.24586296,-0.0040163985,-0.007944703,-0.2759581,0.024059685,-0.04196316,-0.38517594,-0.00603106,-0.07067466,-0.31040078,-0.017789505,-0.056090713,-0.25085348,-0.014094804,0.025632918,-0.26942733,0.0017971789,-0.013590634,-0.3769297,-0.027533077,-0.044047177,-0.30383658,-0.028302455,-0.030387104,-0.24993181,-0.018714046,0.060724974,-0.25093377,-0.021145923,0.002485633,-0.30564627,-0.041671775,-0.020515144,-0.24796247,-0.040597692,-0.0019319654,-0.20050752,-0.033473987
-0.08143127,-0.08533418,0.009839813,-0.09187472,-0.20846963,0.018836303,-0.052652776,-0.26820135,0.017294029,-0.0061839223,-0.2857515,0.01794399,-0.049345315,-0.27457836,0.051626276,-0.078038454,-0.36727285,0.03143767,-0.09489006,-0.3044653,0.016700016,-0.08276796,-0.24964666,0.009401016,-0.017843187,-0.28250098,0.03395834,-0.057115972,-0.38900566,0.0061152736,-0.07888818,-0.3128721,-0.006303034,-0.06169027,-0.2523083,-0.0038685477,0.016622603,-0.27710316,0.01060741,-0.028138876,-0.38554287,-0.017147867,-0.0532912,-0.3085718,-0.01884046,-0.034955323,-0.25107032,-0.010626839,0.050254524,-0.26060826,-0.013399587,-0.017961621,-0.30739847,-0.033402327,-0.04092145,-0.24525309,-0.034361858,-0.020753682,-0.19586253,-0.029248312
-0.08143127,-0.08533418,0.009839813,-0.09187472,-0.20846963,0.018836303,-0.052652776,-0.26820135,0.017294029,-0.0061839223,-0.2857515,0.01794399,-0.049345315,-0.27457836,0.051626276,-0.078038454,-0.36727285,0.03143767,-0.09489006,-0.3044653,0.016700016,-0.08276796,-0.24964666,0.009401016,-0.017843187,-0.28250098,0.03395834,-0.057115972,-0.38900566,0.0061152736,-0.07888818,-0.3128721,-0.006303034,-0.06169027,-0.2523083,-0.0038685477,0.016622603,-0.27710316,0.01060741,-0.028138876,-0.38554287,-0.017147867,-0.0532912,-0.3085718,-0.01884046,-0.034955323,-0.25107032,-0.010626839,0.050254524,-0.26060826,-0.013399587,-0.017961621,-0.30739847,-0.033402327,-0.04092145,-0.24525309,-0.034361858,-0.020753682,-0.19586253,-0.029248312
-0.081309795,-0.09210938,0.007906478,-0.091418445,-0.21494019,0.014364954,-0.056864142,-0.2699539,0.010273266,-0.012759149,-0.2783745,0.008742541,-0.04553598,-0.28790373,0.046194073,-0.076986074,-0.3790593,0.023068056,-0.09782684,-0.3118881,0.007345857,-0.087834775,-0.25699484,-0.00036092324,-0.013409555,-0.2958299,0.028132671,-0.05750227,-0.3994881,-0.0020697203,-0.082771,-0.3183636,-0.012852902,-0.06685424,-0.2599101,-0.008931595,0.020186722,-0.28705406,0.0042701582,-0.028799415,-0.38712704,-0.022904448,-0.056866884,-0.3059596,-0.020606764,-0.040596128,-0.25111616,-0.009646098,0.0495587,-0.26521945,-0.020871185,-0.018380642,-0.31109163,-0.037096426,-0.043322682,-0.25276774,-0.034227937,-0.025609791,-0.20762974,-0.026807807
-0.08277124,-0.07179332,-0.0030204572,-0.101908624,-0.19168437,-0.0009881762,-0.056009173,-0.2558486,-0.0069430806,-0.003303051,-0.26869705,-0.011374615,-0.07342142,-0.24975139,0.03672546,-0.0970332,-0.3401976,0.011565408,-0.10958493,-0.2920835,-0.006305524,-0.09904885,-0.2495563,-0.015260694,-0.035260558,-0.26229894,0.023704397,-0.063123584,-0.3657809,-0.010060832,-0.07931566,-0.29603812,-0.027741713,-0.0639624,-0.24618143,-0.027660886,0.0070892572,-0.26067543,0.0045051062,-0.025358856,-0.37738907,-0.028571464,-0.048387885,-0.31032485,-0.035974752,-0.036242127,-0.26204824,-0.030010996,0.05048287,-0.24855822,-0.01580918,-0.003874898,-0.2974472,-0.040702153,-0.023791373,-0.24601835,-0.04514327,-0.007591963,-0.2077477,-0.041429903
-0.07844436,-0.03972608,-0.022879241,-0.116325855,-0.15150166,-0.024620604,-0.06229621,-0.2294501,-0.029397143,0.005997479,-0.23291737,-0.028655993,-0.111938,-0.21394181,0.017489284,-0.13543832,-0.315657,-0.014778032,-0.129875,-0.24969795,-0.029770318,-0.11528081,-0.20656168,-0.0343621,-0.06411111,-0.23814541,0.014532359,-0.08354813,-0.34647408,-0.02156955,-0.08549857,-0.2630881,-0.02904057,-0.07195252,-0.22740948,-0.020662853,-0.014705777,-0.24267524,0.0025639627,-0.02664727,-0.35260916,-0.03073393,-0.036270738,-0.2710316,-0.026007006,-0.025935829,-0.23625046,-0.011154777,0.036016345,-0.23411429,-0.012930819,0.015182912,-0.2872113,-0.034479916,0.0039198995,-0.23654431,-0.032653205,0.015423298,-0.21194708,-0.024729501
-0.07252151,-0.032972157,-0.02124675,-0.11008924,-0.15191936,-0.0221047,-0.057700455,-0.22571582,-0.025527893,0.009734452,-0.21972495,-0.023761185,-0.10303515,-0.21757156,0.0099657765,-0.12489462,-0.32072484,-0.022454988,-0.12059468,-0.25359803,-0.035304643,-0.10836619,-0.21182698,-0.038504567,-0.056597352,-0.23933649,0.00554514,-0.07477534,-0.34891257,-0.030600328,-0.07799196,-0.26639366,-0.035774007,-0.06724745,-0.23217875,-0.026131587,-0.0072396398,-0.24185872,-0.007207929,-0.01531148,-0.35638663,-0.041777585,-0.024321675,-0.27482265,-0.036995124,-0.017440975,-0.24241567,-0.022648806,0.043567598,-0.23143649,-0.022918811,0.028953075,-0.2860725,-0.047105767,0.019800067,-0.23109472,-0.045894526,0.029269159,-0.20465082,-0.038570628
-0.07434273,-0.034699798,-0.022077968,-0.1098066,-0.16151202,-0.021109728,-0.050082386,-0.23291665,-0.021719124,0.022973955,-0.21749121,-0.01704522,-0.10893822,-0.22755921,0.008088068,-0.12918669,-0.33484414,-0.027220698,-0.12051046,-0.2645418,-0.04177673,-0.106535494,-0.21505022,-0.045114867,-0.058523893,-0.24845386,0.0038737163,-0.07443267,-0.36486235,-0.03392223,-0.07384443,-0.2804949,-0.03912714,-0.0640344,-0.24178028,-0.028589364,-0.0057037473,-0.24839103,-0.0089793345,-0.010875404,-0.36430624,-0.04646992,-0.017184734,-0.28071454,-0.042605933,-0.012743413,-0.24735147,-0.028159466,0.048285723,-0.23471671,-0.024650566,0.041315198,-0.2905639,-0.054204118,0.03462833,-0.22873098,-0.054645367,0.04096639,-0.19686568,-0.04751756
-0.079725504,-0.043736935,-0.022846967,-0.11415565,-0.16648412,-0.023608934,-0.05377978,-0.23583609,-0.026201472,0.018232584,-0.2325046,-0.026250994,-0.114161134,-0.22493333,0.011857843,-0.13550818,-0.3273636,-0.016910398,-0.13101518,-0.28780544,-0.03484422,-0.12020737,-0.24691534,-0.042792976,-0.06297845,-0.2485184,0.0077322354,-0.08348596,-0.36509833,-0.025648925,-0.082108736,-0.3086514,-0.0410928,-0.071172,-0.26477605,-0.03986422,-0.008372664,-0.25119454,-0.0036239775,-0.016027868,-0.37116492,-0.04126276,-0.02047515,-0.3068078,-0.049719814,-0.017294765,-0.26420903,-0.0442115,0.048115075,-0.23842943,-0.01709632,0.04188007,-0.29614228,-0.049980152,0.037344217,-0.23571497,-0.055155776,0.041706562,-0.19297427,-0.05132407
-0.07813358,-0.040147185,-0.027669841,-0.11401707,-0.16721284,-0.030911693,-0.050448895,-0.23636949,-0.035322763,0.02401036,-0.23245913,-0.034488153,-0.11770272,-0.23383266,0.004456973,-0.13963854,-0.34035453,-0.03537378,-0.12977445,-0.27154368,-0.054574862,-0.11626369,-0.22021013,-0.060390648,-0.06503743,-0.25590843,0.0008681033,-0.08332139,-0.37277502,-0.041932043,-0.07949358,-0.29025772,-0.052598484,-0.0685491,-0.2468617,-0.044744045,-0.008888185,-0.25660825,-0.011849074,-0.016112864,-0.37651026,-0.054139238,-0.019654036,-0.29699287,-0.053759616,-0.015153229,-0.261703,-0.0406046,0.04863888,-0.24342406,-0.027694987,0.0436185,-0.30026782,-0.06138589,0.039866388,-0.23598081,-0.062618755,0.04569757,-0.19969922,-0.054958176
-0.083300054,-0.04687518,-0.027514745,-0.11853832,-0.17588955,-0.02937942,-0.0569731,-0.24684167,-0.032071322,0.015255153,-0.23653495,-0.028036572,-0.12318438,-0.23554295,0.008576391,-0.14503759,-0.34733516,-0.030457985,-0.13347977,-0.28514993,-0.050413013,-0.12082738,-0.23484248,-0.05667099,-0.0679,-0.2550351,0.006654773,-0.08464342,-0.37178633,-0.035024248,-0.08149761,-0.31110746,-0.047958262,-0.074020684,-0.27803993,-0.04231736,-0.010410249,-0.25375092,-0.004955329,-0.012268901,-0.36821392,-0.04349861,-0.016063988,-0.32953772,-0.050083037,-0.01612401,-0.3189134,-0.04312121,0.04670888,-0.24011272,-0.019902552,0.050352216,-0.30042478,-0.04923354,0.044635832,-0.26277822,-0.054603167,0.04300201,-0.23674756,-0.051330425
-0.08052957,-0.040703952,-0.022784712,-0.11722028,-0.16942853,-0.023473198,-0.059997737,-0.24158823,-0.024709038,0.010783136,-0.23832685,-0.021255737,-0.11588669,-0.22828555,-0.0015135922,-0.13468158,-0.3425022,-0.036223378,-0.124400616,-0.2871212,-0.053238064,-0.11632848,-0.23652697,-0.058730394,-0.06131649,-0.24680668,-0.005244069,-0.077463865,-0.3695774,-0.040814478,-0.071979284,-0.31565088,-0.05127378,-0.06747186,-0.28057772,-0.046847507,-0.0050549507,-0.24490988,-0.016539184,-0.0060189962,-0.3697368,-0.050488867,-0.007107258,-0.3359106,-0.05599569,-0.0107293725,-0.32018992,-0.05095078,0.049720407,-0.22915322,-0.030146368,0.053331614,-0.29921556,-0.058055915,0.05167818,-0.26814002,-0.062445987,0.049625456,-0.24273574,-0.060179465
-0.079410374,-0.03646362,-0.022927927,-0.113636196,-0.16823709,-0.023124583,-0.052927494,-0.23870516,-0.024013817,0.022711456,-0.23173583,-0.021062264,-0.112596214,-0.2354114,-0.0016336069,-0.1315403,-0.34610957,-0.03516209,-0.122677565,-0.2918589,-0.052500017,-0.11185491,-0.23524362,-0.05824134,-0.0579921,-0.2559021,-0.00494518,-0.074296236,-0.38105696,-0.040891413,-0.07081574,-0.32188922,-0.05241759,-0.0641157,-0.27356982,-0.04793876,-0.0018988252,-0.25190985,-0.0155064,0.0014219284,-0.38546127,-0.052939184,-0.0026783943,-0.3337042,-0.061725777,-0.0068334937,-0.29432726,-0.057061516,0.05319923,-0.23208535,-0.02780246,0.06155491,-0.3029093,-0.061323695,0.05612594,-0.26457524,-0.07009227,0.05115193,-0.22921002,-0.06946186
-0.08013582,-0.03665328,-0.022084136,-0.11632496,-0.1686663,-0.021958534,-0.05744165,-0.24335587,-0.022719763,0.01699102,-0.2372325,-0.019684117,-0.11333895,-0.22948086,-8.245794e-05,-0.13387012,-0.3420056,-0.031705655,-0.12629902,-0.29427662,-0.0482497,-0.11785573,-0.2447058,-0.054422833,-0.059831798,-0.25110978,-0.0038677345,-0.076958835,-0.37415045,-0.035997804,-0.074047744,-0.32720643,-0.046863273,-0.0691787,-0.29167756,-0.043996576,-0.0046557784,-0.2481445,-0.01492366,-0.0039533973,-0.38040698,-0.048684753,-0.0062447786,-0.34189218,-0.057009213,-0.009632289,-0.3164864,-0.05418346,0.04962629,-0.2289716,-0.027998867,0.058010757,-0.3004446,-0.05909321,0.05465132,-0.2694742,-0.06761374,0.050748408,-0.2422086,-0.06827385
-0.08072853,-0.043210924,-0.020227283,-0.1139192,-0.17563093,-0.019639576,-0.055684984,-0.25009787,-0.020394826,0.014582515,-0.24617904,-0.017696947,-0.112568915,-0.23574162,0.0060927006,-0.1336872,-0.3490829,-0.023673136,-0.12640989,-0.30606407,-0.040979154,-0.11559558,-0.2577864,-0.048209272,-0.05863744,-0.25616747,0.0008857606,-0.07614392,-0.37739557,-0.03371132,-0.07564694,-0.33000898,-0.049314033,-0.07009357,-0.29085088,-0.04803378,-0.0036510825,-0.25317854,-0.011343448,-0.0028953552,-0.38032597,-0.04556137,-0.007641971,-0.35645598,-0.059203282,-0.010974705,-0.3432587,-0.059523217,0.050563216,-0.23466378,-0.0253214,0.057541788,-0.30038157,-0.055962346,0.05501759,-0.27257603,-0.06571492,0.053274274,-0.25025225,-0.0670483
-0.075773,-0.042769194,-0.021251962,-0.112003624,-0.1725061,-0.021511504,-0.059438944,-0.24575114,-0.0230732,0.009083688,-0.2397728,-0.01955122,-0.1096046,-0.23794901,0.0031801886,-0.1297841,-0.3494444,-0.032029517,-0.1214149,-0.29547557,-0.048932698,-0.11179578,-0.24543238,-0.053780716,-0.056025863,-0.25785834,-0.0011272084,-0.07329786,-0.3759833,-0.035751097,-0.06942999,-0.31953833,-0.04420468,-0.06326002,-0.28603536,-0.038289905,-0.0004208088,-0.25452554,-0.0134745445,-0.0015745163,-0.38070118,-0.048608184,-0.00406605,-0.34006462,-0.0534456,-0.0063590407,-0.32096517,-0.047221947,0.05465007,-0.23607755,-0.02801368,0.063072205,-0.30967158,-0.05759707,0.05684942,-0.27269274,-0.06259662,0.050771892,-0.2399661,-0.059980653
-0.081137896,-0.04854238,-0.02096981,-0.11209202,-0.17466009,-0.023237515,-0.05648011,-0.24715513,-0.027414301,0.010832131,-0.25522286,-0.02698674,-0.109134436,-0.23954171,0.008051549,-0.12885565,-0.34905678,-0.026522389,-0.12164557,-0.30048198,-0.046857182,-0.113479555,-0.24961478,-0.05481141,-0.05465865,-0.25746232,0.002636725,-0.072651684,-0.37318078,-0.032511394,-0.07050246,-0.33175394,-0.047635924,-0.06690669,-0.30090472,-0.04692462,7.009506e-05,-0.25139534,-0.0108165145,-0.0010718107,-0.37225622,-0.045695122,-0.0025482178,-0.35722446,-0.056562036,-0.0063081384,-0.3514514,-0.055242773,0.05449015,-0.23044914,-0.026388159,0.06392801,-0.29849383,-0.056626808,0.06087792,-0.27757925,-0.06432549,0.053421617,-0.25711888,-0.0638984
-0.081932664,-0.04366547,-0.02569222,-0.11483079,-0.17191225,-0.026648281,-0.055760562,-0.24410415,-0.028225342,0.015393257,-0.24493104,-0.025268823,-0.111542046,-0.23695636,0.01000327,-0.13120627,-0.342969,-0.02364237,-0.12543947,-0.29833502,-0.043590523,-0.11662549,-0.25101227,-0.051193208,-0.05711937,-0.2572468,0.007790493,-0.07551056,-0.3682896,-0.026125342,-0.07417786,-0.32936078,-0.04141921,-0.068930864,-0.30317944,-0.04077047,-0.0027871132,-0.25516605,-0.0032407355,-0.0037177205,-0.37213236,-0.038916755,-0.0063300133,-0.35131142,-0.051004507,-0.008296788,-0.344387,-0.04999928,0.051085234,-0.23955512,-0.016777094,0.05610317,-0.30464873,-0.047911227,0.053866148,-0.27218324,-0.055678878,0.051716626,-0.2458697,-0.05495778
-0.082422614,-0.054751277,-0.020234281,-0.11237854,-0.17832106,-0.019907111,-0.05678898,-0.2475797,-0.021391084,0.009714186,-0.24625641,-0.018561166,-0.1093027,-0.23624426,0.018572496,-0.13077855,-0.3403982,-0.00979911,-0.12411535,-0.3064209,-0.028962847,-0.117482305,-0.2664538,-0.03737335,-0.055918097,-0.25486183,0.0149081275,-0.07329792,-0.35627997,-0.010953407,-0.07438159,-0.3415953,-0.02661715,-0.0753538,-0.33268067,-0.029479772,-0.0023414493,-0.25010633,0.002683674,-0.0027782917,-0.3523556,-0.0250748,-0.005674541,-0.36395445,-0.039389107,-0.010464549,-0.38143432,-0.042776834,0.050588846,-0.23235273,-0.0119288005,0.056777716,-0.2960075,-0.037034053,0.056429803,-0.29013067,-0.045388736,0.052769184,-0.28409272,-0.046939477
-0.074094296,-0.03471136,-0.027988011,-0.10925752,-0.16276962,-0.031166837,-0.04817182,-0.23257965,-0.034530763,0.02670306,-0.22187042,-0.03209127,-0.11439979,-0.23196316,0.00022342455,-0.1342932,-0.34299147,-0.037652194,-0.120566785,-0.27569553,-0.054477267,-0.10829967,-0.22708982,-0.058977682,-0.059827924,-0.25499916,-0.002552689,-0.07439977,-0.37176937,-0.04213358,-0.06948781,-0.29223388,-0.05060718,-0.064120114,-0.25502974,-0.042359073,-0.0038744211,-0.2542423,-0.014198257,-0.00357759,-0.37280083,-0.05382809,-0.007157743,-0.30480182,-0.055365916,-0.008648753,-0.27984613,-0.04458528,0.05225849,-0.23818004,-0.028673153,0.056321025,-0.2986378,-0.059615765,0.05051601,-0.24226779,-0.061005596,0.04844016,-0.20650506,-0.054261185
-0.07476616,-0.03286457,-0.023818156,-0.11002916,-0.1656695,-0.02453854,-0.04861337,-0.2345562,-0.025756037,0.026222289,-0.21241468,-0.022318512,-0.11313993,-0.240659,0.0018537228,-0.1339773,-0.3467083,-0.032305557,-0.122395694,-0.27603325,-0.04673301,-0.10985309,-0.22654587,-0.05048383,-0.058505654,-0.2628878,-0.002365648,-0.075115085,-0.37608033,-0.03766839,-0.07313722,-0.29223147,-0.044233967,-0.06806517,-0.254932,-0.03568898,-0.0017778277,-0.25938022,-0.014546429,-0.006341815,-0.3776666,-0.052128736,-0.011422098,-0.29518422,-0.051797938,-0.011863291,-0.2615109,-0.040366456,0.054802597,-0.23867267,-0.028969195,0.048587263,-0.29588082,-0.06058535,0.044669032,-0.22966677,-0.061371334,0.04824215,-0.19126529,-0.054245114
-0.07632822,-0.03341019,-0.024436587,-0.11052954,-0.166592,-0.026662454,-0.046387672,-0.23644948,-0.029533608,0.029531121,-0.22110283,-0.027898662,-0.113214254,-0.23875743,0.00020514589,-0.13431132,-0.34522897,-0.035121307,-0.1251877,-0.27419722,-0.04991224,-0.11269081,-0.22479504,-0.05402756,-0.05902201,-0.2608263,-0.0043297075,-0.07579327,-0.37698755,-0.041823298,-0.07552862,-0.29167572,-0.048569415,-0.068092346,-0.2540627,-0.039800715,-0.0022770166,-0.2570399,-0.016868832,-0.008563161,-0.37639847,-0.055837683,-0.014586687,-0.29182866,-0.053916115,-0.011941552,-0.2590943,-0.04120254,0.05509007,-0.23703736,-0.0317493,0.045848668,-0.29378277,-0.06406673,0.041034818,-0.22625542,-0.06415092,0.04689759,-0.19003159,-0.05650384
-0.08050436,-0.04060942,-0.021645576,-0.11459535,-0.16901195,-0.023992026,-0.05101508,-0.23608202,-0.028081037,0.021618783,-0.22132146,-0.02934711,-0.11483443,-0.24670619,0.0037401794,-0.1371162,-0.3463974,-0.03010216,-0.13255972,-0.28149235,-0.048042256,-0.11906576,-0.22673142,-0.05515769,-0.062060416,-0.26844853,-0.0024962078,-0.08080363,-0.38329554,-0.039443318,-0.08363348,-0.29579133,-0.0490357,-0.07205582,-0.24475425,-0.042476207,-0.005646229,-0.26305676,-0.016200483,-0.012345195,-0.38218832,-0.054497626,-0.022399604,-0.2925405,-0.055426564,-0.016497254,-0.24428773,-0.044594064,0.051070035,-0.23987317,-0.03202848,0.03701979,-0.2894937,-0.06554035,0.028192699,-0.22383046,-0.068619296,0.036200225,-0.18745667,-0.06301977
-0.08050436,-0.04060942,-0.021645576,-0.11459535,-0.16901195,-0.023992026,-0.05101508,-0.23608202,-0.028081037,0.021618783,-0.22132146,-0.02934711,-0.11483443,-0.24670619,0.0037401794,-0.1371162,-0.3463974,-0.03010216,-0.13255972,-0.28149235,-0.048042256,-0.11906576,-0.22673142,-0.05515769,-0.062060416,-0.26844853,-0.0024962078,-0.08080363,-0.38329554,-0.039443318,-0.08363348,-0.29579133,-0.0490357,-0.07205582,-0.24475425,-0.042476207,-0.005646229,-0.26305676,-0.016200483,-0.012345195,-0.38218832,-0.054497626,-0.022399604,-0.2925405,-0.055426564,-0.016497254,-0.24428773,-0.044594064,0.051070035,-0.23987317,-0.03202848,0.03701979,-0.2894937,-0.06554035,0.028192699,-0.22383046,-0.068619296,0.036200225,-0.18745667,-0.06301977
-0.075826764,-0.038796246,-0.02388245,-0.112077415,-0.17771655,-0.025768032,-0.049848616,-0.25035733,-0.028418524,0.02405119,-0.2361477,-0.026651623,-0.114415884,-0.25885773,0.002285506,-0.13591367,-0.35592705,-0.030917792,-0.1302576,-0.27633166,-0.045241103,-0.117627025,-0.22742599,-0.050525866,-0.06292677,-0.28101087,-0.0022833887,-0.08269268,-0.38924655,-0.038917392,-0.08468729,-0.28961897,-0.043577354,-0.07334232,-0.24686337,-0.033612963,-0.0063776374,-0.27560622,-0.01492631,-0.015715301,-0.3894073,-0.052195374,-0.025697172,-0.29632416,-0.04946836,-0.01806897,-0.2572037,-0.036781363,0.051599264,-0.25509095,-0.03011601,0.033618152,-0.30060667,-0.06235598,0.025175035,-0.23307103,-0.06480238,0.036159754,-0.20122468,-0.059208047
-0.07929462,-0.03657931,-0.020963976,-0.11870319,-0.17189264,-0.02162638,-0.056760013,-0.2479679,-0.023906758,0.018588483,-0.2426495,-0.02243799,-0.11724615,-0.24902117,0.004732545,-0.14399838,-0.3480464,-0.028021734,-0.13830578,-0.27306122,-0.042458437,-0.122716665,-0.22109151,-0.047490556,-0.0662272,-0.27265596,-0.00097503513,-0.09054512,-0.3853044,-0.038077112,-0.09294945,-0.2912802,-0.04478207,-0.078986704,-0.24332523,-0.036092374,-0.010956943,-0.2707532,-0.01432729,-0.02744615,-0.39257562,-0.05294635,-0.037045777,-0.2978586,-0.05140376,-0.02753359,-0.2508785,-0.03885891,0.04577756,-0.25393033,-0.029729169,0.018126965,-0.29824007,-0.064042516,0.011921048,-0.2284236,-0.06755357,0.026744008,-0.19461077,-0.06213248
-0.07564241,-0.030555665,-0.019879902,-0.116217375,-0.16652232,-0.02063715,-0.057181597,-0.24481684,-0.023106417,0.017987728,-0.23811406,-0.022209045,-0.115064085,-0.24904251,0.0034168628,-0.14246082,-0.34795833,-0.028270096,-0.13703442,-0.27507895,-0.042316217,-0.12150943,-0.22335917,-0.047416978,-0.06400865,-0.2730636,-0.003331834,-0.089521945,-0.38412577,-0.038935523,-0.092879,-0.29277495,-0.045545593,-0.08008218,-0.24633217,-0.037503153,-0.008831739,-0.27088785,-0.017336996,-0.026458025,-0.39134037,-0.054980613,-0.036262035,-0.29789007,-0.05399467,-0.027923346,-0.25264102,-0.042556882,0.047609866,-0.25266194,-0.03321717,0.018914461,-0.29559302,-0.066797145,0.012475014,-0.2242012,-0.06987279,0.026767194,-0.18964916,-0.06465195
-0.076479495,-0.028975546,-0.019023819,-0.11728448,-0.16298151,-0.020787423,-0.05737686,-0.23967314,-0.024195835,0.019054174,-0.22758162,-0.02543322,-0.11312878,-0.24420834,0.0017322457,-0.14196837,-0.34037387,-0.026410347,-0.13636589,-0.2765996,-0.04033107,-0.12093598,-0.22727168,-0.046321347,-0.0616709,-0.26855344,-0.0053004245,-0.089157104,-0.37664837,-0.03756622,-0.09332383,-0.29331526,-0.04678197,-0.08063096,-0.24651843,-0.04198813,-0.007027626,-0.26598728,-0.018655468,-0.02421546,-0.38609448,-0.054322153,-0.036087275,-0.29972416,-0.0586818,-0.028921962,-0.2528671,-0.051782455,0.046870172,-0.24565512,-0.033359732,0.016343415,-0.28784865,-0.06561003,0.009646893,-0.2192806,-0.07031021,0.0243572,-0.18282491,-0.06693072
-0.076479495,-0.028975546,-0.019023819,-0.11728448,-0.16298151,-0.020787423,-0.05737686,-0.23967314,-0.024195835,0.019054174,-0.22758162,-0.02543322,-0.11312878,-0.24420834,0.0017322457,-0.14196837,-0.34037387,-0.026410347,-0.13636589,-0.2765996,-0.04033107,-0.12093598,-0.22727168,-0.046321347,-0.0616709,-0.26855344,-0.0053004245,-0.089157104,-0.37664837,-0.03756622,-0.09332383,-0.29331526,-0.04678197,-0.08063096,-0.24651843,-0.04198813,-0.007027626,-0.26598728,-0.018655468,-0.02421546,-0.38609448,-0.054322153,-0.036087275,-0.29972416,-0.0586818,-0.028921962,-0.2528671,-0.051782455,0.046870172,-0.24565512,-0.033359732,0.016343415,-0.28784865,-0.06561003,0.009646893,-0.2192806,-0.07031021,0.0243572,-0.18282491,-0.06693072
-0.08049542,-0.03550774,-0.015490641,-0.1205377,-0.16739881,-0.016031478,-0.066403925,-0.25099552,-0.01997872,0.0051131845,-0.25290233,-0.02156176,-0.10805923,-0.25168675,0.009527984,-0.14113301,-0.34469083,-0.020678967,-0.13992774,-0.2805044,-0.03549013,-0.12375265,-0.2327944,-0.041491162,-0.05870217,-0.2735029,0.00042491397,-0.09021139,-0.38281226,-0.03307627,-0.09748191,-0.29601365,-0.04101797,-0.07950157,-0.25070375,-0.03446965,-0.005325079,-0.26776177,-0.015464443,-0.030041277,-0.38646013,-0.050562788,-0.044290006,-0.2922451,-0.04798527,-0.03079462,-0.24337584,-0.0353977,0.049251556,-0.24536425,-0.03322318,0.007611215,-0.28948832,-0.06306914,-0.004556,-0.21980935,-0.063978955,0.012478352,-0.18410069,-0.057341963
-0.07967895,-0.04635203,-0.011491526,-0.11463463,-0.18241066,-0.009357905,-0.05684507,-0.26133215,-0.011954921,0.012176037,-0.2580318,-0.01247385,-0.10248083,-0.26293778,0.018589413,-0.13492924,-0.3541189,-0.010719304,-0.13539547,-0.28852534,-0.026013073,-0.11812061,-0.24007744,-0.03245254,-0.05393362,-0.28214043,0.0074351705,-0.082882166,-0.39196885,-0.026035553,-0.092113435,-0.30096683,-0.03452979,-0.07327354,-0.2533288,-0.02768709,-0.0004184842,-0.27482373,-0.010801305,-0.023132265,-0.39456326,-0.044997264,-0.03977382,-0.30015334,-0.04345544,-0.025349379,-0.25212288,-0.031307228,0.054441154,-0.25165373,-0.03079385,0.014219642,-0.29704297,-0.05896384,-0.00014913082,-0.22856086,-0.06002354,0.016972303,-0.19419694,-0.053574078
-0.080085754,-0.045342803,-0.015842503,-0.1158064,-0.18243355,-0.016010487,-0.055808425,-0.26174104,-0.019524341,0.016073167,-0.25993305,-0.0200746,-0.10647631,-0.26517993,0.011615937,-0.1388613,-0.35482568,-0.0189354,-0.13612992,-0.28155887,-0.03390347,-0.11951667,-0.23585361,-0.040400583,-0.05782026,-0.2858932,0.0026147885,-0.08673018,-0.39178118,-0.031864434,-0.09277719,-0.29683584,-0.038650833,-0.075570524,-0.2537992,-0.0308411,-0.0035244823,-0.27926892,-0.013699882,-0.024349928,-0.39337116,-0.04780062,-0.038375556,-0.29817742,-0.044818703,-0.025597632,-0.25563657,-0.03245998,0.052494586,-0.25728214,-0.032180507,0.015791535,-0.29606825,-0.059778973,0.0039269924,-0.22925144,-0.06070763,0.020327985,-0.20164359,-0.054772977
-0.074098885,-0.026017189,-0.02197444,-0.11862153,-0.15332991,-0.021950085,-0.06555313,-0.23559421,-0.023703897,0.009551764,-0.23801684,-0.020640947,-0.12065005,-0.22490585,0.0077330987,-0.14692897,-0.3246657,-0.02417526,-0.13867724,-0.2592454,-0.037222575,-0.12371582,-0.21667975,-0.04125876,-0.0721221,-0.2545244,0.0030368615,-0.09520787,-0.36763084,-0.032991003,-0.09333956,-0.2822239,-0.037855443,-0.080893815,-0.24463022,-0.027959568,-0.018616974,-0.25988686,-0.009762447,-0.031859517,-0.37606132,-0.04669199,-0.036318004,-0.2892031,-0.04296865,-0.028097808,-0.2534843,-0.02928621,0.037386417,-0.2505548,-0.025149303,0.019129097,-0.30041632,-0.055506013,0.014259219,-0.2387029,-0.0568789,0.025631666,-0.20957607,-0.050757688
-0.08108896,-0.0299865,-0.023448858,-0.12486184,-0.15320456,-0.023397576,-0.0712983,-0.23773926,-0.025429796,-0.0003787279,-0.24249703,-0.023085006,-0.12379426,-0.21700782,0.0130707035,-0.15055913,-0.31944448,-0.017674183,-0.1455329,-0.26235008,-0.032258715,-0.12891728,-0.21744668,-0.037299365,-0.07675588,-0.24568927,0.0101529425,-0.10087639,-0.36200333,-0.026114967,-0.10005969,-0.28367466,-0.034052566,-0.08247167,-0.23891336,-0.025694974,-0.024283886,-0.2538563,-0.0011584613,-0.03899187,-0.37283534,-0.037618645,-0.044556558,-0.29039896,-0.03648886,-0.031965256,-0.24717474,-0.023834864,0.03165704,-0.24836308,-0.015445188,0.011671305,-0.2986721,-0.045226086,0.006221056,-0.2406714,-0.04834228,0.019877851,-0.21009225,-0.043151233
-0.07680303,-0.032260954,-0.024994662,-0.11951715,-0.14723086,-0.028561886,-0.06660342,-0.22742122,-0.03427947,0.0059404373,-0.22350383,-0.034791686,-0.11723864,-0.2123959,0.008352015,-0.14339429,-0.31324142,-0.025385642,-0.13540441,-0.24760234,-0.041146427,-0.118976414,-0.20269537,-0.04633979,-0.07089198,-0.23852414,0.005783496,-0.09115958,-0.34824896,-0.030016191,-0.09036529,-0.26892883,-0.036182463,-0.076547384,-0.2308439,-0.027619196,-0.020050824,-0.24509805,-0.00546423,-0.031894505,-0.35708886,-0.03991867,-0.037997603,-0.27563947,-0.036046777,-0.0276981,-0.23506981,-0.022057403,0.03420329,-0.23934954,-0.020183431,0.0154752135,-0.2942263,-0.04491791,0.007258117,-0.24091405,-0.044663653,0.018131852,-0.21009046,-0.037704695
-0.07680303,-0.032260954,-0.024994662,-0.11951715,-0.14723086,-0.028561886,-0.06660342,-0.22742122,-0.03427947,0.0059404373,-0.22350383,-0.034791686,-0.11723864,-0.2123959,0.008352015,-0.14339429,-0.31324142,-0.025385642,-0.13540441,-0.24760234,-0.041146427,-0.118976414,-0.20269537,-0.04633979,-0.07089198,-0.23852414,0.005783496,-0.09115958,-0.34824896,-0.030016191,-0.09036529,-0.26892883,-0.036182463,-0.076547384,-0.2308439,-0.027619196,-0.020050824,-0.24509805,-0.00546423,-0.031894505,-0.35708886,-0.03991867,-0.037997603,-0.27563947,-0.036046777,-0.0276981,-0.23506981,-0.022057403,0.03420329,-0.23934954,-0.020183431,0.0154752135,-0.2942263,-0.04491791,0.007258117,-0.24091405,-0.044663653,0.018131852,-0.21009046,-0.037704695
-0.079925776,-0.05312401,-0.017375564,-0.11783481,-0.1603201,-0.018234707,-0.06566054,-0.24003375,-0.024026103,0.0017870665,-0.24327451,-0.024670355,-0.11498773,-0.21135604,0.024826292,-0.13822633,-0.31133586,-0.006170777,-0.12941837,-0.24951208,-0.02407707,-0.116246164,-0.21092618,-0.03175866,-0.0691008,-0.23423207,0.019658407,-0.08892119,-0.3407337,-0.010966521,-0.085969806,-0.26757532,-0.018697537,-0.07504636,-0.23646146,-0.013564845,-0.020014048,-0.24125469,0.0057744873,-0.03304392,-0.35115537,-0.02269232,-0.038100302,-0.2738104,-0.016925192,-0.02918464,-0.23322392,-0.0030601043,0.031524837,-0.23827487,-0.011608734,0.010108411,-0.30354807,-0.027998911,0.00043332577,-0.2552849,-0.023384396,0.009574294,-0.2236073,-0.01471735
-0.079858005,-0.052956402,-0.018551365,-0.11611849,-0.15445465,-0.019189382,-0.06766766,-0.2318331,-0.024528991,-0.0025017262,-0.23287797,-0.023969553,-0.11010611,-0.20006609,0.028105404,-0.13344973,-0.29849237,-0.0009206691,-0.12457019,-0.23776245,-0.017905477,-0.1117146,-0.20278299,-0.025072815,-0.066483855,-0.22249347,0.024678478,-0.086945474,-0.32743242,-0.005305259,-0.084135234,-0.25447565,-0.013288883,-0.072806895,-0.22300029,-0.007927577,-0.019838035,-0.23100442,0.01235724,-0.033186316,-0.34219134,-0.014607271,-0.03885579,-0.26988912,-0.009362412,-0.029394329,-0.23069596,0.0044667064,0.029617071,-0.23071408,-0.0037015514,0.010070324,-0.29787374,-0.017107846,-0.0011924505,-0.25333685,-0.01200744,0.006758511,-0.22112614,-0.0030400848
-0.07664794,-0.049084187,-0.018576944,-0.11370325,-0.15194678,-0.021323128,-0.066420674,-0.22995347,-0.0286399,-0.0017177463,-0.23054421,-0.030936388,-0.1060037,-0.20242083,0.02054172,-0.12994426,-0.30060577,-0.009018542,-0.122306705,-0.24260151,-0.025311911,-0.10864085,-0.20685923,-0.032290556,-0.06318998,-0.22597581,0.015813107,-0.08378619,-0.32982662,-0.014436873,-0.08184445,-0.25842637,-0.021187073,-0.0695315,-0.22707063,-0.015404912,-0.016663432,-0.2337622,0.002749731,-0.030501068,-0.34283978,-0.02513764,-0.036013246,-0.27019507,-0.018830314,-0.025851786,-0.23327434,-0.0047245133,0.033376694,-0.23114634,-0.0138406865,0.011406302,-0.29611284,-0.028490158,0.001652956,-0.2505659,-0.022555504,0.011477232,-0.22086364,-0.013261761
-0.07903588,-0.04971373,-0.018846365,-0.112419724,-0.15423882,-0.020300671,-0.06250459,-0.22984374,-0.02631919,-0.00089246035,-0.23477876,-0.027902383,-0.10424125,-0.20783973,0.02273569,-0.1279003,-0.30476797,-0.008367012,-0.123375535,-0.24664521,-0.025515223,-0.10992354,-0.20509118,-0.03196107,-0.061249256,-0.22972971,0.01763862,-0.0801,-0.33689547,-0.016239207,-0.079770386,-0.263736,-0.025588648,-0.06579405,-0.22647357,-0.019636843,-0.013166547,-0.23587334,0.003999982,-0.025314927,-0.34789672,-0.027632657,-0.03288877,-0.27338552,-0.024210513,-0.022701383,-0.23389024,-0.010648176,0.038588524,-0.23093832,-0.012962538,0.019201279,-0.2916705,-0.03197379,0.0076397657,-0.24347681,-0.028829036,0.01624167,-0.21374267,-0.020441748
-0.07661027,-0.044993997,-0.023079807,-0.113064766,-0.16497451,-0.0266183,-0.057094514,-0.24213374,-0.033434957,0.012147665,-0.23734301,-0.035754275,-0.10433149,-0.23358715,0.0117335515,-0.12694424,-0.33839604,-0.022671344,-0.12656808,-0.27447766,-0.03987756,-0.113042176,-0.22795385,-0.046380453,-0.057701647,-0.25534672,0.0066386852,-0.075124145,-0.36887252,-0.029363848,-0.08095342,-0.28696567,-0.03645832,-0.06656647,-0.24874163,-0.028705867,-0.0068045855,-0.25438446,-0.007303607,-0.015478611,-0.37379426,-0.04205555,-0.0282228,-0.2916206,-0.03806974,-0.017602444,-0.25142616,-0.024254493,0.04700154,-0.23900712,-0.02467813,0.026764095,-0.29542634,-0.049392518,0.01380837,-0.24088496,-0.04829695,0.024877906,-0.21093506,-0.04087702
-0.075782,-0.044293284,-0.02169072,-0.111967325,-0.17046648,-0.024045117,-0.055220127,-0.24564236,-0.029370919,0.014034331,-0.23349851,-0.030763462,-0.10322231,-0.24093199,0.010595514,-0.12687457,-0.34279698,-0.021344155,-0.1265896,-0.2771489,-0.037317943,-0.11229086,-0.22880006,-0.04362332,-0.056700885,-0.26283252,0.005291179,-0.074475706,-0.37514257,-0.028532114,-0.08175969,-0.29178873,-0.035159413,-0.06731886,-0.2501176,-0.027531048,-0.0049092174,-0.25981367,-0.008263896,-0.014424324,-0.3780324,-0.04171774,-0.028472662,-0.2934891,-0.039105535,-0.017549276,-0.24955404,-0.026729478,0.0501104,-0.24142891,-0.024811007,0.02712667,-0.2930588,-0.05077339,0.014543951,-0.23651022,-0.051613655,0.027667344,-0.20576197,-0.04560756
-0.07620674,-0.035984278,-0.0201598,-0.111641705,-0.16763747,-0.020610008,-0.051499724,-0.24022508,-0.023235993,0.019483507,-0.22804642,-0.022739705,-0.10515535,-0.24636179,0.006276577,-0.12685066,-0.3477138,-0.024897045,-0.12565762,-0.2849944,-0.04029301,-0.111478925,-0.22888994,-0.045930967,-0.055088043,-0.2669937,0.0006084961,-0.07272011,-0.38116616,-0.033637125,-0.079076946,-0.29790565,-0.040783416,-0.065403044,-0.2450772,-0.032842208,-0.0018067956,-0.26124102,-0.012549892,-0.009509027,-0.3774309,-0.04734552,-0.023367763,-0.29196405,-0.04767282,-0.015601337,-0.24191082,-0.03715355,0.052932203,-0.23848891,-0.02797527,0.030243993,-0.2801275,-0.058034245,0.019237995,-0.22015327,-0.061974507,0.031082928,-0.18699598,-0.05774817
-0.07560748,-0.036760032,-0.021779604,-0.111794055,-0.16830844,-0.022961115,-0.050073206,-0.23650682,-0.02543101,0.02481854,-0.22543061,-0.0247984,-0.1078217,-0.23343235,0.0019814116,-0.13045275,-0.3395946,-0.029468756,-0.1262821,-0.27995777,-0.04577,-0.112457335,-0.22336507,-0.051811237,-0.057435155,-0.25484133,-0.002391728,-0.07503444,-0.37393755,-0.037235323,-0.07849187,-0.30015737,-0.047834355,-0.06690353,-0.24692267,-0.042637125,-0.0042767525,-0.25281757,-0.01374398,-0.008623242,-0.3760919,-0.049613386,-0.019956887,-0.30235654,-0.05434898,-0.016488552,-0.25508368,-0.047196113,0.049880862,-0.23577344,-0.027078068,0.035720706,-0.28321144,-0.05934309,0.027365148,-0.22299814,-0.06487673,0.034799457,-0.18422627,-0.061693892
-0.076239586,-0.032464325,-0.02016291,-0.11415833,-0.15794963,-0.0201385,-0.05729574,-0.22993332,-0.021244215,0.010570705,-0.22873735,-0.01997511,-0.110295355,-0.22283679,0.0011623101,-0.13073766,-0.33016273,-0.029493807,-0.12364423,-0.28077534,-0.04629335,-0.11355084,-0.22750622,-0.052977476,-0.059626818,-0.24615419,-0.0040381146,-0.07689053,-0.36541915,-0.03669206,-0.07518941,-0.30334583,-0.048560366,-0.0680455,-0.25678372,-0.045882527,-0.0059070587,-0.24595934,-0.015692735,-0.008294225,-0.36792693,-0.05072751,-0.012873828,-0.30509135,-0.056275614,-0.013476133,-0.26641834,-0.051098492,0.047978938,-0.22817767,-0.029034793,0.042220414,-0.2809073,-0.060924653,0.039467156,-0.22409135,-0.065358765,0.0432446,-0.18747622,-0.06247176
-0.076304376,-0.041991353,-0.023277221,-0.11189854,-0.16733742,-0.026051268,-0.05634719,-0.23824292,-0.029471409,0.012131274,-0.22758639,-0.02953372,-0.10832536,-0.21997225,0.002060127,-0.12566346,-0.326162,-0.02753151,-0.12043512,-0.28097543,-0.04385675,-0.11446935,-0.240399,-0.050675288,-0.058541656,-0.24059111,-0.0019411448,-0.07386547,-0.35392714,-0.031315412,-0.073158085,-0.3077503,-0.042504925,-0.06856263,-0.28257093,-0.04074198,-0.0058838725,-0.23969233,-0.013020135,-0.006532192,-0.3576461,-0.044016864,-0.011176169,-0.31872073,-0.050452787,-0.01262027,-0.30320564,-0.04715501,0.046443045,-0.2237097,-0.02646007,0.04377657,-0.28434962,-0.0518661,0.04028982,-0.23839742,-0.05398808,0.041855156,-0.20695251,-0.050795235
-0.07362789,-0.035128653,-0.025278844,-0.10724372,-0.16451567,-0.026635543,-0.049006343,-0.2300269,-0.027281165,0.022521138,-0.21829408,-0.023201108,-0.10153359,-0.23519921,-0.004436355,-0.110759616,-0.3357967,-0.040466443,-0.104869604,-0.2743787,-0.057538252,-0.09891361,-0.22211772,-0.06280195,-0.04808104,-0.25188977,-0.006581111,-0.055162847,-0.36966693,-0.042999726,-0.05298519,-0.3026972,-0.05037264,-0.049194276,-0.2624423,-0.042909656,0.0055174828,-0.24362075,-0.016488982,0.013997674,-0.36604327,-0.053842463,0.0108296275,-0.30686066,-0.055724315,0.006716609,-0.27262342,-0.046497118,0.0571658,-0.21861088,-0.028654518,0.06501764,-0.27897444,-0.06231239,0.060317457,-0.23514676,-0.06779515,0.056093752,-0.20294213,-0.064396836
-0.07644963,-0.041050315,-0.029198213,-0.1026001,-0.169613,-0.029732428,-0.03997171,-0.2330094,-0.02780909,0.029131293,-0.22513217,-0.019936329,-0.10633761,-0.234577,-0.0015159012,-0.11211997,-0.3385054,-0.038349696,-0.104267895,-0.28442055,-0.057320632,-0.100312114,-0.23263574,-0.06361617,-0.051713347,-0.25050098,-7.448895e-05,-0.05621785,-0.36559343,-0.038034927,-0.052668214,-0.31187075,-0.049082283,-0.053270876,-0.27812785,-0.044023238,0.0010920763,-0.24243474,-0.0072692037,0.011837363,-0.35952312,-0.04611123,0.01063627,-0.3297036,-0.054207467,0.0033589005,-0.31789878,-0.049621973,0.051757336,-0.22019178,-0.016920926,0.06330687,-0.2731185,-0.053180646,0.06389886,-0.24590695,-0.06346659,0.058610737,-0.22780997,-0.063650034
-0.072907984,-0.039550006,-0.02336143,-0.101216555,-0.16596782,-0.023809446,-0.040473998,-0.23238707,-0.023945047,0.03109175,-0.22848791,-0.019299027,-0.10123825,-0.23328513,0.00030581967,-0.111094296,-0.33757076,-0.033591166,-0.104034126,-0.2819688,-0.051109325,-0.09894484,-0.2291385,-0.057236142,-0.048402727,-0.24879241,-0.002129651,-0.05414331,-0.36430356,-0.038615014,-0.051864922,-0.30611575,-0.050526503,-0.052181423,-0.26758426,-0.046285093,0.00409168,-0.24061179,-0.011960022,0.014323413,-0.36061767,-0.0483458,0.011560202,-0.32537624,-0.056998692,0.003629744,-0.30815428,-0.05322455,0.05343324,-0.21691841,-0.023631932,0.064739764,-0.27215666,-0.056844633,0.064055204,-0.24512464,-0.065923676,0.059419572,-0.22724777,-0.06570333
-0.07655901,-0.04582864,-0.022320943,-0.101771,-0.16639894,-0.022710051,-0.040650427,-0.23438674,-0.022992708,0.027670562,-0.2426874,-0.01792362,-0.10430896,-0.23276818,0.0066088205,-0.11640614,-0.33394408,-0.028535273,-0.106253445,-0.27904677,-0.047327958,-0.10057926,-0.23134416,-0.05435121,-0.049953997,-0.24812949,0.0030143328,-0.056779265,-0.35934964,-0.03666215,-0.05325365,-0.3082646,-0.051685058,-0.055170238,-0.27766204,-0.0486771,0.002921164,-0.23950905,-0.008477127,0.010234654,-0.35210878,-0.046865236,0.008814931,-0.33593318,-0.056912024,-0.00093221664,-0.34041333,-0.05373119,0.05197245,-0.21449429,-0.021800365,0.0608629,-0.2627328,-0.056140076,0.06370145,-0.25146866,-0.065981925,0.059392035,-0.25377184,-0.0660813
-0.073433936,-0.0453673,-0.021824766,-0.098369,-0.1635086,-0.02152974,-0.036854744,-0.22766787,-0.021553563,0.030511022,-0.23383105,-0.016680937,-0.102755964,-0.23773164,0.007670954,-0.11608642,-0.3372153,-0.026725264,-0.106396675,-0.28299302,-0.04548943,-0.09864479,-0.23151332,-0.05219768,-0.048535943,-0.25569004,0.004608311,-0.057608247,-0.3665054,-0.03162114,-0.053118587,-0.31130818,-0.044729915,-0.05076921,-0.27584127,-0.041560028,0.0040431023,-0.24719822,-0.0063359593,0.011150479,-0.36295903,-0.044183742,0.008639693,-0.3285188,-0.053543728,0.0015020967,-0.31459102,-0.05003817,0.053195357,-0.22157013,-0.018968781,0.0655964,-0.27296805,-0.054498125,0.06374049,-0.2491647,-0.06483733,0.057244778,-0.23797691,-0.06504471
-0.07699567,-0.044255316,-0.0305127,-0.099787414,-0.1669721,-0.03302305,-0.035345674,-0.23458672,-0.033666015,0.026865125,-0.255193,-0.027725847,-0.10924667,-0.2364595,0.0017004395,-0.11583418,-0.33610848,-0.037627365,-0.10209137,-0.26774153,-0.057231717,-0.095368564,-0.21678185,-0.063560165,-0.05318129,-0.25728142,0.001997275,-0.05904758,-0.36714143,-0.041034844,-0.051205754,-0.28692198,-0.05440834,-0.053251386,-0.2502492,-0.04910096,0.0013135076,-0.25366545,-0.006437441,0.005546868,-0.3685482,-0.04906039,0.007110715,-0.31042364,-0.053399485,-0.0015679002,-0.29334566,-0.044934474,0.05038464,-0.23510635,-0.01731264,0.059752285,-0.27860746,-0.053951886,0.061206877,-0.23391199,-0.05973081,0.055659592,-0.2156207,-0.05569962
-0.0789358,-0.056956887,-0.021877782,-0.099701226,-0.1648609,-0.022254663,-0.041657984,-0.22142595,-0.023346571,0.0148307085,-0.23439431,-0.018294679,-0.10141474,-0.2361424,0.016100397,-0.111489475,-0.3302263,-0.019084906,-0.10144234,-0.26578397,-0.037916154,-0.094665885,-0.21550727,-0.043746095,-0.0466429,-0.25138432,0.013369532,-0.053718746,-0.35892594,-0.02540444,-0.049040377,-0.28677687,-0.039803054,-0.049913347,-0.24910814,-0.035425097,0.0053249598,-0.24221075,0.0022966324,0.011826694,-0.3532953,-0.035676707,0.012327731,-0.31085676,-0.04299989,0.0051917434,-0.2980864,-0.036502723,0.051975727,-0.21601146,-0.010522576,0.06267387,-0.2663381,-0.0409935,0.06259811,-0.23687708,-0.04641278,0.05606997,-0.22400898,-0.04254471
-0.0739367,-0.045221567,-0.022533184,-0.09809381,-0.15482825,-0.025935136,-0.043168247,-0.21176279,-0.029380621,0.014793277,-0.22604215,-0.02696612,-0.101650834,-0.23083407,0.000643976,-0.10812163,-0.32529038,-0.036927007,-0.096162856,-0.25568697,-0.053624865,-0.09132171,-0.20961052,-0.05828214,-0.047234714,-0.24853522,-0.0036411094,-0.052701592,-0.35228527,-0.043421082,-0.046990454,-0.26995638,-0.052460965,-0.050093114,-0.23784119,-0.045070983,0.006510973,-0.2418586,-0.015375531,0.011133552,-0.34736234,-0.053520124,0.011931658,-0.288249,-0.052395687,0.003549397,-0.27679214,-0.041158047,0.054299593,-0.2187115,-0.028917858,0.06174594,-0.25836048,-0.05849732,0.06134087,-0.21747208,-0.05840876,0.05590993,-0.20637637,-0.05121959
-0.06922537,-0.055809736,-0.028555667,-0.0880335,-0.18165481,-0.026740566,-0.02442205,-0.24325454,-0.022535233,0.040762186,-0.24648476,-0.009626614,-0.1076386,-0.25705343,0.007520979,-0.09886497,-0.34746882,-0.025356963,-0.09036195,-0.2679481,-0.038405478,-0.09158468,-0.22933096,-0.04222584,-0.052183867,-0.2746865,0.008818301,-0.04633832,-0.3786614,-0.030030778,-0.041267395,-0.28056493,-0.036002077,-0.04675615,-0.24955332,-0.025618384,0.0019459128,-0.26901746,0.0013614957,0.015691519,-0.37197572,-0.034560934,0.016771376,-0.2988206,-0.032963347,0.007188022,-0.28076825,-0.021036478,0.04996997,-0.24933386,-0.009216173,0.063869,-0.28522995,-0.038145564,0.059788585,-0.23787963,-0.042078402,0.04987991,-0.22175503,-0.037819523
-0.06491041,-0.060225368,-0.029551253,-0.08279127,-0.18973148,-0.029638322,-0.020071745,-0.25207144,-0.027040325,0.042331815,-0.25796723,-0.01544111,-0.110211134,-0.2623548,0.0019258857,-0.09324461,-0.35610947,-0.032094553,-0.08511299,-0.27533883,-0.046386816,-0.08964467,-0.23587978,-0.051189486,-0.0548324,-0.2786977,0.0030931546,-0.04189831,-0.38404083,-0.0352213,-0.03670585,-0.2844501,-0.04207078,-0.046152532,-0.25134844,-0.03349314,8.952618e-05,-0.27351615,-0.0040709157,0.018393755,-0.37841457,-0.039230376,0.01979065,-0.3015239,-0.037258845,0.006844163,-0.27852738,-0.025850259,0.049452662,-0.2535423,-0.014302524,0.06446636,-0.2949406,-0.041067045,0.06078297,-0.24629986,-0.0427354,0.04901141,-0.22614592,-0.037419584
-0.06917083,-0.06270671,-0.031206446,-0.08287823,-0.19069058,-0.03274183,-0.015538871,-0.25290114,-0.03225058,0.04503286,-0.26560944,-0.02274548,-0.105646074,-0.2693123,0.00619338,-0.08202845,-0.36139524,-0.031191967,-0.07836592,-0.28136957,-0.049130563,-0.08368206,-0.23904699,-0.055666227,-0.051337004,-0.28040892,0.008517168,-0.03483063,-0.3885477,-0.038645465,-0.032002747,-0.28838816,-0.052589826,-0.039146066,-0.24570501,-0.045585155,0.00078445673,-0.27573526,0.0022102825,0.020029306,-0.38426977,-0.040062815,0.02196759,-0.3093969,-0.043463204,0.011804521,-0.2786585,-0.032472454,0.04813969,-0.2561946,-0.007079088,0.064413965,-0.29337204,-0.04077514,0.06188929,-0.24710208,-0.04833299,0.051640153,-0.22960156,-0.044732112
-0.06808746,-0.056792796,-0.03984259,-0.08534938,-0.18359661,-0.044294678,-0.018657148,-0.2430132,-0.045235705,0.047769308,-0.23145467,-0.036317028,-0.09826732,-0.27149954,-0.0024066549,-0.06497598,-0.36578333,-0.042635914,-0.06604284,-0.2861112,-0.062180635,-0.07542038,-0.24324453,-0.0691814,-0.044934034,-0.27808708,0.0046370593,-0.019360721,-0.3829356,-0.041230086,-0.020293236,-0.28997815,-0.052472554,-0.03192985,-0.24769825,-0.045212142,0.005187154,-0.271565,0.0017601313,0.030481577,-0.38067177,-0.040139295,0.029085398,-0.30067772,-0.041281372,0.013219476,-0.25972706,-0.028933251,0.050918162,-0.25073868,-0.0052856524,0.072860956,-0.30105832,-0.038647275,0.06709564,-0.25411665,-0.04635888,0.05025512,-0.22672516,-0.043096963
-0.06632894,-0.077786684,-0.05504355,-0.06717652,-0.19869041,-0.0593477,0.011966586,-0.25750554,-0.05483948,0.06919217,-0.26672882,-0.037280854,-0.10406655,-0.28921655,-0.00039867277,-0.048912168,-0.36990488,-0.046722036,-0.052074254,-0.28212214,-0.07277263,-0.07118583,-0.24640405,-0.0835152,-0.044980705,-0.29288906,0.01529761,-0.003587842,-0.3842207,-0.036217988,-0.008208394,-0.28208435,-0.05350756,-0.030976534,-0.24907011,-0.049391255,0.0077748895,-0.28851342,0.018594323,0.042607486,-0.38535172,-0.030713517,0.040254235,-0.29379702,-0.035914473,0.016634107,-0.26055813,-0.024068482,0.053699315,-0.2707627,0.016629638,0.075327575,-0.30697435,-0.022027187,0.07139331,-0.25190848,-0.031737823,0.05090636,-0.22841686,-0.027928662
-0.065025866,-0.0843814,-0.05024481,-0.06448287,-0.19896322,-0.057106234,0.013068795,-0.25731355,-0.058506995,0.0691607,-0.2680266,-0.048754983,-0.09890103,-0.28202656,0.0053250697,-0.04964733,-0.37629825,-0.0421883,-0.04862815,-0.29067865,-0.06953467,-0.062772214,-0.24614248,-0.07975781,-0.040598333,-0.2879591,0.01781588,-0.0028698444,-0.39014405,-0.034878448,-0.0047191978,-0.29012173,-0.054907374,-0.024408996,-0.25135815,-0.052084345,0.012176573,-0.28639096,0.01846534,0.044011116,-0.38516834,-0.031072015,0.041017175,-0.29275343,-0.03646145,0.019435406,-0.25316206,-0.023900997,0.056456625,-0.2719497,0.014321582,0.075588346,-0.31522515,-0.020521445,0.07117677,-0.25653502,-0.026360244,0.05428332,-0.22636592,-0.019843154
-0.067093074,-0.08338624,-0.045849167,-0.065027475,-0.20470119,-0.051500414,0.016650558,-0.26183867,-0.051872823,0.07414812,-0.27575842,-0.041986812,-0.09362799,-0.28290373,0.0033570922,-0.04296553,-0.3724783,-0.043133914,-0.04529065,-0.28646493,-0.069701634,-0.058916688,-0.23566842,-0.07990517,-0.034273744,-0.28434378,0.0138133075,0.0014259815,-0.38860434,-0.04104545,-0.003209412,-0.28522122,-0.062238995,-0.018984675,-0.23516834,-0.058769412,0.018912554,-0.27855787,0.013457845,0.049581707,-0.38491005,-0.03591221,0.046041965,-0.30012754,-0.0437137,0.028661191,-0.25976577,-0.032758214,0.06382334,-0.26051405,0.00892647,0.08022636,-0.29754162,-0.02909356,0.07540572,-0.2428847,-0.038968038,0.061036766,-0.21611875,-0.034946624
-0.06636131,-0.07327145,-0.04977729,-0.06706083,-0.19255048,-0.06008031,0.009928107,-0.2436336,-0.06269096,0.07038003,-0.24197975,-0.05630415,-0.0967955,-0.28797022,-0.01914229,-0.040176034,-0.37169862,-0.06398221,-0.03236437,-0.28482887,-0.088110745,-0.0430308,-0.2276279,-0.097583085,-0.037612557,-0.29607397,-0.0070246034,0.0037598014,-0.3931073,-0.058009494,0.009783328,-0.28845432,-0.07445121,-0.00484854,-0.23099035,-0.06960036,0.015354216,-0.2950269,-0.0043286155,0.05009693,-0.3941447,-0.052267496,0.05382192,-0.30770266,-0.059836,0.035627663,-0.26288548,-0.050068825,0.060840786,-0.27946478,-0.0055363947,0.076374054,-0.30982378,-0.04537382,0.073218405,-0.2475391,-0.055874135,0.054256678,-0.21196753,-0.05277167
-0.064943254,-0.07697314,-0.046765193,-0.06205398,-0.20853394,-0.053911142,0.020253003,-0.26054338,-0.053591218,0.085281074,-0.25222033,-0.043599963,-0.09439635,-0.29287884,-0.017877767,-0.036096275,-0.38733676,-0.060432848,-0.03615153,-0.29833654,-0.08240845,-0.049395323,-0.2446177,-0.091332346,-0.035454154,-0.29466796,-0.00676049,0.0058671236,-0.40550864,-0.05575981,0.005293131,-0.30057847,-0.07131196,-0.009317994,-0.24374071,-0.06673317,0.018604875,-0.28884307,-0.0046218354,0.053399265,-0.40553874,-0.04838071,0.05370468,-0.32192993,-0.05605245,0.03641671,-0.27560338,-0.048134875,0.065938175,-0.26917097,-0.0063157273,0.08041239,-0.31237265,-0.042005442,0.074986815,-0.25477886,-0.053023603,0.057099283,-0.21860021,-0.052241493
-0.06468856,-0.07352632,-0.049373772,-0.07026595,-0.21094197,-0.05454949,0.008173823,-0.26779953,-0.05210998,0.075066626,-0.2419211,-0.03828077,-0.093793094,-0.3030709,-0.013071029,-0.039959133,-0.39270633,-0.05743447,-0.045852304,-0.30235726,-0.07766873,-0.060922682,-0.25718027,-0.084403716,-0.036373436,-0.30521175,-0.0004581032,0.0041304827,-0.40626305,-0.048452258,-0.00201267,-0.30296242,-0.055544756,-0.01789397,-0.26163223,-0.045032274,0.017054737,-0.29597074,0.00083642243,0.053355932,-0.39997748,-0.04462435,0.04589647,-0.30859077,-0.044380993,0.025430739,-0.26806793,-0.030157132,0.065448284,-0.27393278,-0.0026739263,0.08549458,-0.32292965,-0.038755447,0.073612034,-0.2664205,-0.046937197,0.051764846,-0.23413867,-0.043447956
-0.06753224,-0.072986126,-0.05868119,-0.07452774,-0.20648158,-0.07009472,-0.00013583899,-0.26291946,-0.07351068,0.07004613,-0.25890276,-0.06458694,-0.098456085,-0.30731663,-0.015379527,-0.050057173,-0.3929655,-0.065481216,-0.05330211,-0.29703727,-0.09024992,-0.06671208,-0.2599898,-0.10044593,-0.03979659,-0.31002662,-0.0008324845,-0.0032481551,-0.40740564,-0.0565576,-0.009500325,-0.29611543,-0.069722146,-0.02785772,-0.26461056,-0.062418602,0.013025045,-0.2997601,0.0013037043,0.046962976,-0.40061378,-0.049217314,0.040454566,-0.30685705,-0.049802724,0.01947999,-0.27475613,-0.035492193,0.059967995,-0.27692297,-0.0024132223,0.08348012,-0.31798646,-0.039800435,0.07354498,-0.2627348,-0.04782866,0.05134505,-0.24111843,-0.04403628
-0.06753224,-0.072986126,-0.05868119,-0.07452774,-0.20648158,-0.07009472,-0.00013583899,-0.26291946,-0.07351068,0.07004613,-0.25890276,-0.06458694,-0.098456085,-0.30731663,-0.015379527,-0.050057173,-0.3929655,-0.065481216,-0.05330211,-0.29703727,-0.09024992,-0.06671208,-0.2599898,-0.10044593,-0.03979659,-0.31002662,-0.0008324845,-0.0032481551,-0.40740564,-0.0565576,-0.009500325,-0.29611543,-0.069722146,-0.02785772,-0.26461056,-0.062418602,0.013025045,-0.2997601,0.0013037043,0.046962976,-0.40061378,-0.049217314,0.040454566,-0.30685705,-0.049802724,0.01947999,-0.27475613,-0.035492193,0.059967995,-0.27692297,-0.0024132223,0.08348012,-0.31798646,-0.039800435,0.07354498,-0.2627348,-0.04782866,0.05134505,-0.24111843,-0.04403628
-0.07927114,-0.058580637,-0.02791336,-0.10390061,-0.18742162,-0.030891763,-0.052981675,-0.25729984,-0.03391489,0.0038979053,-0.27720064,-0.029106945,-0.09702867,-0.26377684,0.004723774,-0.09144384,-0.3626384,-0.033416092,-0.08698857,-0.28341904,-0.05169893,-0.0883106,-0.23995936,-0.058534738,-0.040660918,-0.27604145,0.0029984738,-0.03441906,-0.38535458,-0.038171828,-0.033180118,-0.29628348,-0.04885119,-0.04117608,-0.26450232,-0.04386631,0.011936367,-0.26508185,-0.007481561,0.02591002,-0.3747369,-0.04677717,0.025181353,-0.30744174,-0.046042092,0.013873339,-0.2842065,-0.035723653,0.05814308,-0.24030054,-0.020859007,0.07330239,-0.2952506,-0.04961709,0.069143474,-0.25267982,-0.05086928,0.057143092,-0.23306462,-0.04573326
-0.08031607,-0.058315337,-0.033161636,-0.10041213,-0.18343902,-0.037764605,-0.040337622,-0.24735951,-0.041195154,0.022601604,-0.25970274,-0.035983868,-0.10259354,-0.26363012,0.0038446584,-0.09414828,-0.35982352,-0.036976486,-0.08905429,-0.277228,-0.056879193,-0.091036975,-0.23065662,-0.064156264,-0.043869734,-0.2753909,0.004821015,-0.03644234,-0.38461214,-0.040863704,-0.035174847,-0.29009327,-0.052677434,-0.044156194,-0.25323582,-0.04649247,0.010507345,-0.26417413,-0.003931869,0.025373518,-0.37541455,-0.0471966,0.025001466,-0.30638206,-0.04788585,0.013716698,-0.281342,-0.036552377,0.058108926,-0.2394357,-0.015895119,0.07210755,-0.2905664,-0.049039166,0.06826848,-0.24835747,-0.053033732,0.056124687,-0.228405,-0.048372205
-0.08164823,-0.046014965,-0.03144431,-0.10638988,-0.16839111,-0.03679289,-0.038702786,-0.22906342,-0.04235083,0.030980706,-0.2229304,-0.042790763,-0.10803026,-0.24729612,0.0057090544,-0.112100184,-0.34618282,-0.03949287,-0.10850614,-0.28782642,-0.06703766,-0.1044389,-0.22847506,-0.07834871,-0.050805688,-0.26173225,0.0026774986,-0.056804538,-0.37350845,-0.046668034,-0.054771066,-0.29979023,-0.06757975,-0.053183794,-0.25097743,-0.06675152,0.0027583241,-0.25222605,-0.010260447,0.007957339,-0.3710987,-0.06133507,0.006084621,-0.30319518,-0.07472899,0.00081032515,-0.2597093,-0.06974476,0.05276382,-0.22743514,-0.025714561,0.060115457,-0.27602318,-0.07138041,0.057215035,-0.2236481,-0.08501,0.0532555,-0.188267,-0.084903136
-0.081621885,-0.053260863,-0.026454631,-0.10987663,-0.17424762,-0.02746862,-0.04449886,-0.23575923,-0.029752906,0.026972353,-0.2267546,-0.02643389,-0.110875964,-0.2501006,0.016307643,-0.12335384,-0.35143146,-0.022933753,-0.118708074,-0.29002953,-0.044797964,-0.11296779,-0.23216787,-0.051955402,-0.054842234,-0.264907,0.013620802,-0.06790447,-0.3788777,-0.028529929,-0.0659461,-0.30538446,-0.043228786,-0.061075926,-0.2560182,-0.038019463,-0.0011429191,-0.25498962,0.0009761495,-0.00037395954,-0.37138999,-0.044692006,-0.004932523,-0.3015945,-0.053374574,-0.00893724,-0.25691366,-0.04456422,0.04930252,-0.22942355,-0.014051499,0.053082645,-0.28381965,-0.05420847,0.04894197,-0.23343563,-0.06395533,0.046645224,-0.19674653,-0.060558237
-0.081621885,-0.053260863,-0.026454631,-0.10987663,-0.17424762,-0.02746862,-0.04449886,-0.23575923,-0.029752906,0.026972353,-0.2267546,-0.02643389,-0.110875964,-0.2501006,0.016307643,-0.12335384,-0.35143146,-0.022933753,-0.118708074,-0.29002953,-0.044797964,-0.11296779,-0.23216787,-0.051955402,-0.054842234,-0.264907,0.013620802,-0.06790447,-0.3788777,-0.028529929,-0.0659461,-0.30538446,-0.043228786,-0.061075926,-0.2560182,-0.038019463,-0.0011429191,-0.25498962,0.0009761495,-0.00037395954,-0.37138999,-0.044692006,-0.004932523,-0.3015945,-0.053374574,-0.00893724,-0.25691366,-0.04456422,0.04930252,-0.22942355,-0.014051499,0.053082645,-0.28381965,-0.05420847,0.04894197,-0.23343563,-0.06395533,0.046645224,-0.19674653,-0.060558237
-0.08244431,-0.043699026,-0.023065371,-0.12131226,-0.16656774,-0.021478845,-0.06422424,-0.24168018,-0.021523964,0.002935946,-0.23945579,-0.016282437,-0.12038112,-0.22734243,0.018570561,-0.13655818,-0.3320654,-0.015957782,-0.124758184,-0.273358,-0.03538921,-0.11602372,-0.22308862,-0.042338494,-0.06668365,-0.24989554,0.015375631,-0.08272034,-0.35958666,-0.022559807,-0.07530856,-0.28484964,-0.036117166,-0.069874644,-0.23994464,-0.03160281,-0.013383865,-0.25066438,0.0032575482,-0.020922482,-0.3622634,-0.035355125,-0.019423962,-0.2879216,-0.037924137,-0.018446922,-0.24618155,-0.027264154,0.039492548,-0.2342776,-0.0116614485,0.03477913,-0.28812653,-0.04368844,0.03402704,-0.23042798,-0.047146507,0.036585152,-0.19376004,-0.04124077
-0.07991284,-0.04509765,-0.026729787,-0.11884123,-0.16096598,-0.027358692,-0.06408054,-0.233132,-0.029945139,0.0058766007,-0.22720951,-0.026656136,-0.11500132,-0.23121208,0.019298734,-0.13605917,-0.33350307,-0.016338328,-0.1342709,-0.27856925,-0.034871172,-0.12407136,-0.23045975,-0.04091483,-0.0672369,-0.25237638,0.017911272,-0.08450228,-0.36077708,-0.0198424,-0.083416164,-0.28814122,-0.0287952,-0.073026836,-0.2479558,-0.021105174,-0.017111897,-0.25105783,0.00629967,-0.02592045,-0.36191574,-0.0316917,-0.029643357,-0.2882565,-0.031104157,-0.023261249,-0.24876821,-0.018200584,0.035996318,-0.23598051,-0.008924408,0.026595652,-0.29238117,-0.039074745,0.0210163,-0.24096185,-0.04240195,0.02743709,-0.20921683,-0.036689445
-0.081366,-0.047461152,-0.021229075,-0.12087709,-0.16073,-0.020718208,-0.067379,-0.23734993,-0.023871148,-0.0011388063,-0.24152076,-0.021981645,-0.11708242,-0.22301626,0.02293487,-0.13870192,-0.32445624,-0.01218107,-0.13518804,-0.2652325,-0.029789457,-0.12279874,-0.21907634,-0.035199363,-0.06965077,-0.24558997,0.018586295,-0.08661473,-0.35712105,-0.019524937,-0.085621655,-0.2777667,-0.02765772,-0.07346481,-0.23746502,-0.018857582,-0.018897414,-0.2470901,0.004640223,-0.02772969,-0.3556909,-0.032780666,-0.031719804,-0.27366382,-0.02917788,-0.02314061,-0.23254806,-0.013691142,0.03451115,-0.23492426,-0.012563576,0.021340549,-0.28912994,-0.038882043,0.014944911,-0.23600376,-0.03842646,0.023603737,-0.20717537,-0.03035493
-0.084127545,-0.052479804,-0.020369813,-0.123260856,-0.16342956,-0.016546445,-0.06778669,-0.24232018,-0.01683208,-0.0011369586,-0.24657649,-0.010380708,-0.12105,-0.22581327,0.039325226,-0.1407696,-0.32805127,0.0037430942,-0.13563764,-0.26632512,-0.015871644,-0.1255961,-0.22253537,-0.02215335,-0.0721603,-0.24649495,0.03615883,-0.08897638,-0.35731643,-0.0023389943,-0.08525026,-0.27746734,-0.0128609035,-0.076336026,-0.24336576,-0.0052224477,-0.021725535,-0.24802077,0.022044891,-0.03161156,-0.35455036,-0.015738381,-0.032642484,-0.27186117,-0.012528809,-0.025474787,-0.23463815,0.003350858,0.031521916,-0.23886126,0.0044301306,0.018602967,-0.29340035,-0.020281242,0.013549507,-0.23887438,-0.019118257,0.021394908,-0.21181649,-0.010236895
-0.08650321,-0.058512807,-0.016997011,-0.12523127,-0.16257358,-0.0075560794,-0.07507628,-0.23798352,-0.0021981318,-0.011858642,-0.2367118,0.010644224,-0.121385515,-0.21693599,0.054862835,-0.1420998,-0.31832886,0.028793076,-0.1374535,-0.2590438,0.013430242,-0.12780428,-0.21997732,0.009181063,-0.073788166,-0.23858702,0.053593356,-0.090563715,-0.3489648,0.023960507,-0.087411106,-0.26994777,0.013592035,-0.07795268,-0.23689032,0.020437008,-0.025069594,-0.24287635,0.04157611,-0.034780264,-0.35042617,0.011878953,-0.03778881,-0.27171877,0.012845706,-0.02995795,-0.23595148,0.026428616,0.025720477,-0.2372542,0.026277982,0.012284994,-0.29681474,0.009245625,0.0047744513,-0.24605948,0.011089266,0.012871563,-0.21861649,0.019773673
-0.088159025,-0.06464833,-0.006856298,-0.12179756,-0.16272098,0.008175491,-0.07423383,-0.2357505,0.017678302,-0.019358218,-0.23827666,0.03267071,-0.11917454,-0.20408386,0.07183563,-0.13843453,-0.2961579,0.059499558,-0.1332038,-0.25607473,0.045583747,-0.1241464,-0.21559215,0.040318448,-0.074789405,-0.22701824,0.06985803,-0.0891189,-0.3322485,0.055905245,-0.08606887,-0.27544835,0.04140829,-0.07967895,-0.23671293,0.04079412,-0.028986633,-0.23464668,0.05903285,-0.035098314,-0.3364456,0.042376693,-0.0388453,-0.27616152,0.03534299,-0.033471823,-0.22897428,0.03965355,0.019307554,-0.23270643,0.04596943,0.0053513646,-0.2992916,0.03785468,-0.002764523,-0.25694275,0.03825239,0.0018973947,-0.21901846,0.043438174
-0.08746183,-0.05553305,-0.0040390207,-0.1213299,-0.14675766,0.011049393,-0.07916635,-0.21706122,0.019913515,-0.026499748,-0.22863448,0.03303893,-0.11153948,-0.18693674,0.067031726,-0.13616747,-0.27716663,0.05584797,-0.1367147,-0.24036682,0.043246776,-0.12530148,-0.20254695,0.038618647,-0.071367264,-0.21161622,0.06429325,-0.08708066,-0.3123136,0.05169497,-0.0925194,-0.25738794,0.038117833,-0.08406502,-0.2197668,0.037151456,-0.027948916,-0.22284019,0.053825747,-0.036998093,-0.3282851,0.03855444,-0.04746604,-0.2680199,0.032627568,-0.039192915,-0.22358066,0.036823094,0.018190324,-0.22470719,0.041547745,0.0019435287,-0.29513258,0.035237327,-0.010354459,-0.2529832,0.037408605,-0.0028350353,-0.2153964,0.043365628
-0.08695048,-0.054862082,-0.006387793,-0.123251975,-0.14759147,0.0057839304,-0.081735075,-0.21988404,0.011486334,-0.026354253,-0.22619593,0.021163717,-0.11326796,-0.18775499,0.06303604,-0.13771051,-0.27742508,0.050561316,-0.1397931,-0.24045241,0.037688002,-0.12882853,-0.2047081,0.0326634,-0.07459098,-0.21361989,0.059672173,-0.09009141,-0.31458756,0.04518096,-0.09682721,-0.2581557,0.0325187,-0.08650011,-0.22044164,0.03275969,-0.031847537,-0.2253784,0.04832265,-0.039577782,-0.33097944,0.03068949,-0.05132097,-0.2688141,0.025226051,-0.04171306,-0.22311151,0.030715758,0.013936341,-0.2269277,0.034892242,-0.0031669736,-0.2984429,0.02788013,-0.016727567,-0.2561109,0.030575765,-0.0077257752,-0.21800274,0.03710627
-0.08316594,-0.04783398,-0.005633804,-0.12170988,-0.13586533,0.0032933918,-0.088056445,-0.20548898,0.0056308336,-0.034860075,-0.2106489,0.011010992,-0.10730487,-0.18335682,0.052414265,-0.13015217,-0.26668155,0.03998621,-0.13289905,-0.2310921,0.027248817,-0.121666074,-0.19575107,0.021438427,-0.07084012,-0.20836323,0.04797897,-0.08610493,-0.30204612,0.034769647,-0.09321976,-0.25045133,0.023441376,-0.08290386,-0.21308184,0.022703206,-0.029320657,-0.2201348,0.036667187,-0.038295686,-0.32147175,0.022349458,-0.04944825,-0.26644796,0.018783586,-0.039824545,-0.22231036,0.023346335,0.015868068,-0.22122931,0.0232657,-0.0010948777,-0.29430014,0.019147363,-0.015447557,-0.25780267,0.02342801,-0.0080084205,-0.21978378,0.029680118
-0.08610755,-0.056070685,0.017301641,-0.11757326,-0.12236738,0.045331363,-0.09342188,-0.17819536,0.0649598,-0.057014823,-0.19883382,0.08745938,-0.103152394,-0.16556859,0.10043289,-0.12387586,-0.23756015,0.10943016,-0.12892795,-0.22692215,0.10207457,-0.12301701,-0.19845629,0.09873098,-0.0665226,-0.18858695,0.094728194,-0.08169353,-0.2770786,0.103499494,-0.08850157,-0.24779278,0.08647282,-0.085293055,-0.21360564,0.077679165,-0.027655423,-0.20228589,0.08386145,-0.034125686,-0.29748937,0.08915815,-0.044434547,-0.2659071,0.076054014,-0.03629297,-0.2223832,0.06972849,0.015919566,-0.20713961,0.07319,0.0009087324,-0.2770665,0.08298698,-0.012013435,-0.25650415,0.08466425,-0.008644044,-0.22234845,0.086657636
-0.08606058,-0.06230384,0.016573276,-0.11680633,-0.12705028,0.044804394,-0.089888275,-0.1840086,0.06438626,-0.051559985,-0.21089906,0.0864077,-0.10474712,-0.16485655,0.108524695,-0.12620658,-0.23093122,0.11901782,-0.131576,-0.2255181,0.11074805,-0.12622523,-0.20253295,0.1064715,-0.06907517,-0.18736368,0.10314645,-0.08434367,-0.27140173,0.11109186,-0.08924192,-0.239896,0.09122861,-0.084103644,-0.2046001,0.081507236,-0.030479431,-0.20296681,0.092086695,-0.038513124,-0.29043284,0.09665944,-0.04529804,-0.25607353,0.081913896,-0.033640444,-0.21401459,0.07526032,0.013163328,-0.21077561,0.08108522,-0.0049598217,-0.27340478,0.09105588,-0.014255166,-0.24949312,0.092579156,-0.0063494444,-0.21652311,0.09488728
-0.078529,-0.05404961,0.015016854,-0.11248213,-0.10985428,0.038860053,-0.09183258,-0.16874516,0.054311316,-0.05451137,-0.20053011,0.071794674,-0.10336566,-0.15041101,0.098321065,-0.12651324,-0.21346992,0.10724206,-0.12924081,-0.2077471,0.09952311,-0.121795,-0.18720526,0.09523546,-0.068533,-0.17262149,0.092424594,-0.08439791,-0.25158092,0.100910485,-0.08514601,-0.21884578,0.084413216,-0.07618511,-0.18530077,0.07604373,-0.030083954,-0.18824363,0.0811772,-0.03841406,-0.27140057,0.086395174,-0.04268366,-0.23751223,0.07522854,-0.02965486,-0.19933224,0.070026346,0.014785707,-0.19425178,0.06981147,-0.0039114356,-0.25686184,0.08065337,-0.012301862,-0.23326832,0.084504165,-0.0048740506,-0.20104939,0.087876365
-0.082310855,-0.061317384,0.032690212,-0.113334,-0.114026785,0.0739135,-0.09821749,-0.16704613,0.10366484,-0.06557888,-0.19715333,0.13431467,-0.10147852,-0.15042543,0.14641014,-0.122810245,-0.2025457,0.17278343,-0.1290484,-0.20879138,0.17005634,-0.12734842,-0.19992512,0.16760573,-0.06511438,-0.16855967,0.1365476,-0.08046478,-0.2507996,0.15798005,-0.0841555,-0.22261053,0.1370573,-0.07930821,-0.18878943,0.1253979,-0.02804786,-0.18670201,0.1214278,-0.035270214,-0.26870668,0.13548228,-0.04162675,-0.2368182,0.116953924,-0.0290097,-0.19797218,0.10702515,0.014184356,-0.1990298,0.10775815,-0.0045394897,-0.26205528,0.1266977,-0.012065709,-0.2381869,0.12971258,-0.0047382712,-0.20651627,0.13166523
-0.075297415,-0.060857594,0.026832374,-0.108124316,-0.11514294,0.058855183,-0.09420073,-0.16965973,0.07886398,-0.060693502,-0.20171833,0.09902187,-0.09822315,-0.14998567,0.12982595,-0.11906093,-0.20712227,0.15104026,-0.12390208,-0.21164101,0.14789207,-0.119746804,-0.20605594,0.14529791,-0.063569605,-0.17014319,0.118570484,-0.0811761,-0.24831688,0.13364036,-0.08450371,-0.21972185,0.11417675,-0.07701969,-0.18672597,0.1049717,-0.026333272,-0.18989092,0.10206122,-0.042937517,-0.26310378,0.112096645,-0.049375176,-0.2327016,0.095456555,-0.036783278,-0.19771552,0.088050574,0.016837656,-0.20383382,0.08644738,-0.004090011,-0.26879454,0.10490241,-0.012513578,-0.24744487,0.11085361,-0.0052031875,-0.21249717,0.11553804
-0.078434765,-0.052901745,0.01044739,-0.10991645,-0.11587769,0.02870488,-0.08618283,-0.17054033,0.038115,-0.050076604,-0.1919049,0.04842022,-0.09469241,-0.16572535,0.07597068,-0.11740416,-0.2300455,0.0749969,-0.12158406,-0.22082782,0.06562664,-0.1119768,-0.1957537,0.061462905,-0.062793195,-0.1894154,0.06721566,-0.08032203,-0.2698158,0.061415188,-0.08292729,-0.23298222,0.04562458,-0.07139182,-0.19011176,0.041503526,-0.024437487,-0.20469254,0.053378124,-0.036403775,-0.2877319,0.044565782,-0.041455507,-0.24684167,0.03362251,-0.028938651,-0.20158595,0.032889865,0.017815769,-0.21026391,0.03948399,-0.0038716197,-0.27519044,0.03728296,-0.013586998,-0.24704331,0.038442876,-0.0038573742,-0.20811576,0.042940814
-0.07951349,-0.05357641,-0.0031998234,-0.1107707,-0.14083534,0.0032130317,-0.07198596,-0.20475274,0.0019230535,-0.019430041,-0.21464902,0.0032112622,-0.09818339,-0.1876409,0.0432621,-0.123607874,-0.27386302,0.022118492,-0.1218456,-0.23399252,0.0076217838,-0.109083295,-0.19852269,0.0020703867,-0.062163413,-0.20838118,0.033998195,-0.08209318,-0.30512446,0.009109116,-0.081490576,-0.24064004,-0.0023615374,-0.06726712,-0.20109135,0.00029215938,-0.01997751,-0.21780801,0.01813121,-0.035350144,-0.3224008,-0.007737733,-0.03987795,-0.2519909,-0.007068601,-0.026896477,-0.20644706,0.0041572023,0.026774287,-0.21678954,0.00065457256,0.0026006103,-0.28470707,-0.013060241,-0.008501947,-0.2383495,-0.0075794784,0.0012288094,-0.20086503,0.0022448825
-0.07553023,-0.04231888,-0.0153210545,-0.110525906,-0.14701474,-0.015424296,-0.06467348,-0.2124421,-0.019239482,-0.005170703,-0.21435875,-0.020861108,-0.10147619,-0.20633739,0.017155943,-0.12312484,-0.2942595,-0.008653756,-0.123019576,-0.2507251,-0.024131423,-0.11374557,-0.21006864,-0.030611087,-0.060070574,-0.2275519,0.010842484,-0.08119357,-0.33209547,-0.019802837,-0.084730566,-0.27017954,-0.032392256,-0.07303959,-0.22519073,-0.0295075,-0.012721539,-0.22904032,-0.0018782592,-0.022706568,-0.34216765,-0.03523711,-0.033006787,-0.27544028,-0.040621273,-0.026659846,-0.22693369,-0.032977547,0.036355436,-0.21510917,-0.016126545,0.013161898,-0.26930732,-0.042771522,0.0018141866,-0.22097984,-0.045939706,0.009575725,-0.18384904,-0.041004427
-0.08075321,-0.047828376,-0.015407097,-0.11231613,-0.15440518,-0.015367505,-0.06305522,-0.2217302,-0.019331388,-0.0047765374,-0.22455385,-0.02037393,-0.10244852,-0.21304369,0.02294361,-0.124399126,-0.3052067,-0.0039533963,-0.12554097,-0.2582163,-0.020417303,-0.11658573,-0.21579349,-0.0269227,-0.059373975,-0.23077464,0.017270023,-0.081977844,-0.3380806,-0.015149455,-0.08563948,-0.2736956,-0.029421402,-0.07375264,-0.225283,-0.026978597,-0.0116253495,-0.23011237,0.0046609966,-0.023817122,-0.3513661,-0.03019376,-0.03335774,-0.28303358,-0.036763877,-0.02643913,-0.22806644,-0.029101318,0.03705305,-0.21593338,-0.009535337,0.01197046,-0.2732564,-0.037899293,-0.0005943775,-0.22527492,-0.043188304,0.005730033,-0.18474478,-0.039121326
-0.07585907,-0.03859067,-0.017923024,-0.112889946,-0.16169971,-0.01833728,-0.05913478,-0.23199886,-0.020967724,0.005893886,-0.22357875,-0.021947294,-0.102572024,-0.23029506,0.010293996,-0.12973458,-0.3200642,-0.017592708,-0.13135776,-0.27360573,-0.03543438,-0.1183002,-0.22280252,-0.043734863,-0.060348272,-0.25106123,0.003976987,-0.08570725,-0.35792658,-0.028555196,-0.0905211,-0.29316723,-0.042209145,-0.07463795,-0.2370894,-0.040086888,-0.01180619,-0.24844581,-0.008819222,-0.026174843,-0.36718893,-0.0448854,-0.036640167,-0.29556215,-0.053879146,-0.026973307,-0.23792785,-0.049533706,0.039892018,-0.22888243,-0.02317539,0.013375044,-0.26837152,-0.058158632,0.0048469305,-0.20779532,-0.06764277,0.016471267,-0.16486144,-0.06694897
-0.07585907,-0.03859067,-0.017923024,-0.112889946,-0.16169971,-0.01833728,-0.05913478,-0.23199886,-0.020967724,0.005893886,-0.22357875,-0.021947294,-0.102572024,-0.23029506,0.010293996,-0.12973458,-0.3200642,-0.017592708,-0.13135776,-0.27360573,-0.03543438,-0.1183002,-0.22280252,-0.043734863,-0.060348272,-0.25106123,0.003976987,-0.08570725,-0.35792658,-0.028555196,-0.0905211,-0.29316723,-0.042209145,-0.07463795,-0.2370894,-0.040086888,-0.01180619,-0.24844581,-0.008819222,-0.026174843,-0.36718893,-0.0448854,-0.036640167,-0.29556215,-0.053879146,-0.026973307,-0.23792785,-0.049533706,0.039892018,-0.22888243,-0.02317539,0.013375044,-0.26837152,-0.058158632,0.0048469305,-0.20779532,-0.06764277,0.016471267,-0.16486144,-0.06694897
-0.08188182,-0.039152503,-0.026040277,-0.12512988,-0.16030115,-0.032555554,-0.07573849,-0.23324597,-0.039942715,-0.013145149,-0.24010408,-0.0431932,-0.12021601,-0.24076658,0.0003202646,-0.1479072,-0.31145972,-0.032298557,-0.13440889,-0.23952341,-0.049714927,-0.121900916,-0.20239508,-0.058314882,-0.07256091,-0.26285407,-0.004741758,-0.09799492,-0.34796038,-0.04201981,-0.09106547,-0.25660732,-0.051611967,-0.07945657,-0.21742219,-0.046226345,-0.019846559,-0.25998703,-0.017029732,-0.034830213,-0.34914306,-0.056752153,-0.03499937,-0.2504956,-0.052858338,-0.028094888,-0.20754242,-0.038846564,0.034911454,-0.24221843,-0.031978335,0.014658928,-0.26801214,-0.0629497,0.009456754,-0.19273186,-0.060478188,0.015122712,-0.16125357,-0.051020507
-0.08216202,-0.031220078,-0.028776964,-0.12778133,-0.14108497,-0.040588982,-0.07347232,-0.21314299,-0.051973127,-0.008541048,-0.23496032,-0.05912534,-0.122823656,-0.2421574,-0.013913074,-0.15344384,-0.29021648,-0.053658303,-0.1394496,-0.21157539,-0.07608514,-0.12186599,-0.17730564,-0.08819923,-0.07236266,-0.2629511,-0.019612132,-0.10057098,-0.33059356,-0.062254757,-0.09563744,-0.23113108,-0.07092858,-0.08207542,-0.19314313,-0.06587767,-0.01852727,-0.2584783,-0.03270206,-0.033064187,-0.33235806,-0.07594911,-0.037241638,-0.22825038,-0.0689585,-0.031791925,-0.18238288,-0.05347674,0.037403703,-0.24001062,-0.048772313,0.016592145,-0.2580755,-0.08092958,0.0049509406,-0.17915368,-0.0766497,0.0061166883,-0.1440885,-0.06632897
-0.08859998,-0.03026539,-0.031215396,-0.13834512,-0.12912607,-0.04637805,-0.08926475,-0.20011276,-0.061023425,-0.027635813,-0.23119515,-0.06977226,-0.12831163,-0.2644446,-0.014268267,-0.15828618,-0.28035843,-0.059008908,-0.14152241,-0.19579518,-0.083652206,-0.12474972,-0.17695367,-0.09744608,-0.0758124,-0.2802681,-0.021102557,-0.10142285,-0.30598962,-0.06735597,-0.093883455,-0.19933593,-0.07266942,-0.083679974,-0.18301296,-0.06555548,-0.022183776,-0.26942396,-0.036581673,-0.03192234,-0.2924177,-0.0802464,-0.036430955,-0.1848613,-0.06484033,-0.035214067,-0.16529071,-0.04458105,0.03229648,-0.2444036,-0.0562983,0.018397212,-0.2374841,-0.08246747,0.0056188107,-0.15698075,-0.07067614,0.0031609535,-0.13955182,-0.05577819
-0.08629942,-0.025324404,-0.038772397,-0.1350761,-0.11346722,-0.061536375,-0.09298921,-0.18212247,-0.08173668,-0.041883707,-0.2259087,-0.09562932,-0.12721777,-0.29151338,-0.024595918,-0.15047324,-0.25359973,-0.07663469,-0.13794202,-0.17413819,-0.111013964,-0.11983228,-0.14932513,-0.1307172,-0.07197428,-0.30728465,-0.02931318,-0.09319019,-0.2721578,-0.082726434,-0.0862385,-0.17393273,-0.09765922,-0.07690066,-0.15313643,-0.09670281,-0.015451014,-0.2910813,-0.042453457,-0.021685839,-0.24787849,-0.090088286,-0.02783078,-0.15189594,-0.080581136,-0.030701399,-0.13875407,-0.06369116,0.038317084,-0.25860688,-0.060641307,0.02854222,-0.21316284,-0.08722499,0.015188754,-0.1374309,-0.07703797,0.010156453,-0.12679201,-0.062485088
-0.08629942,-0.025324404,-0.038772397,-0.1350761,-0.11346722,-0.061536375,-0.09298921,-0.18212247,-0.08173668,-0.041883707,-0.2259087,-0.09562932,-0.12721777,-0.29151338,-0.024595918,-0.15047324,-0.25359973,-0.07663469,-0.13794202,-0.17413819,-0.111013964,-0.11983228,-0.14932513,-0.1307172,-0.07197428,-0.30728465,-0.02931318,-0.09319019,-0.2721578,-0.082726434,-0.0862385,-0.17393273,-0.09765922,-0.07690066,-0.15313643,-0.09670281,-0.015451014,-0.2910813,-0.042453457,-0.021685839,-0.24787849,-0.090088286,-0.02783078,-0.15189594,-0.080581136,-0.030701399,-0.13875407,-0.06369116,0.038317084,-0.25860688,-0.060641307,0.02854222,-0.21316284,-0.08722499,0.015188754,-0.1374309,-0.07703797,0.010156453,-0.12679201,-0.062485088
-0.082648456,-0.023117185,-0.035005044,-0.13842183,-0.0974893,-0.05654396,-0.12140769,-0.15463376,-0.07537556,-0.08548206,-0.19443786,-0.08794422,-0.12076533,-0.28812212,-0.028559769,-0.14110768,-0.22053957,-0.07296846,-0.12439382,-0.13724387,-0.09877057,-0.10599363,-0.11446941,-0.1129377,-0.06279534,-0.300484,-0.033408698,-0.08515859,-0.22749448,-0.07591378,-0.074965954,-0.13571072,-0.084481,-0.0655539,-0.124167144,-0.08282587,-0.006052494,-0.2812961,-0.045146346,-0.018887997,-0.21219659,-0.085653916,-0.020896494,-0.13064188,-0.07504438,-0.022109032,-0.12803292,-0.06029568,0.046860635,-0.24561632,-0.061346464,0.035068214,-0.18929404,-0.08308076,0.022579491,-0.11792827,-0.07127912,0.016087592,-0.10692382,-0.056917485
-0.082648456,-0.023117185,-0.035005044,-0.13842183,-0.0974893,-0.05654396,-0.12140769,-0.15463376,-0.07537556,-0.08548206,-0.19443786,-0.08794422,-0.12076533,-0.28812212,-0.028559769,-0.14110768,-0.22053957,-0.07296846,-0.12439382,-0.13724387,-0.09877057,-0.10599363,-0.11446941,-0.1129377,-0.06279534,-0.300484,-0.033408698,-0.08515859,-0.22749448,-0.07591378,-0.074965954,-0.13571072,-0.084481,-0.0655539,-0.124167144,-0.08282587,-0.006052494,-0.2812961,-0.045146346,-0.018887997,-0.21219659,-0.085653916,-0.020896494,-0.13064188,-0.07504438,-0.022109032,-0.12803292,-0.06029568,0.046860635,-0.24561632,-0.061346464,0.035068214,-0.18929404,-0.08308076,0.022579491,-0.11792827,-0.07127912,0.016087592,-0.10692382,-0.056917485
-0.06873536,-0.015897214,-0.0387109,-0.12575102,-0.07684976,-0.063650094,-0.11982721,-0.13105792,-0.08562957,-0.09135544,-0.16727757,-0.100796334,-0.125207,-0.2724905,-0.030718897,-0.1282525,-0.24259031,-0.08135255,-0.11838025,-0.15963244,-0.11500863,-0.105312645,-0.11817372,-0.13389769,-0.06716639,-0.2939099,-0.033715196,-0.065267086,-0.24685222,-0.08450011,-0.06244749,-0.15337431,-0.100053415,-0.058175087,-0.1245991,-0.10098168,-0.010654449,-0.28224412,-0.04417996,0.00038200617,-0.21188301,-0.08669017,-0.0067099333,-0.13166153,-0.08035715,-0.013850689,-0.120348275,-0.067650765,0.041421235,-0.25317758,-0.05989352,0.049007773,-0.1906929,-0.0830085,0.035324335,-0.12536925,-0.07629601,0.022143364,-0.11645651,-0.06546944
-0.07032257,-0.021951199,-0.048876096,-0.12381387,-0.075607836,-0.079424955,-0.12149197,-0.1285978,-0.103954256,-0.0995872,-0.16938412,-0.1197594,-0.12366092,-0.27803954,-0.04860545,-0.1102196,-0.25173324,-0.090029255,-0.09493673,-0.17650503,-0.11081671,-0.09045285,-0.14481854,-0.12258686,-0.062588274,-0.30228147,-0.045945387,-0.03739679,-0.24856526,-0.08713537,-0.03297937,-0.15857345,-0.097927615,-0.042045772,-0.14160275,-0.09974523,-0.0052012205,-0.29366353,-0.049539186,0.023618817,-0.22134537,-0.09042572,0.016371012,-0.13946909,-0.08601673,-0.00080007315,-0.13077927,-0.07689302,0.04643333,-0.26593184,-0.058357365,0.06915504,-0.2036606,-0.08484015,0.055374384,-0.13706613,-0.08125138,0.03253627,-0.12722403,-0.07341961
-0.07032257,-0.021951199,-0.048876096,-0.12381387,-0.075607836,-0.079424955,-0.12149197,-0.1285978,-0.103954256,-0.0995872,-0.16938412,-0.1197594,-0.12366092,-0.27803954,-0.04860545,-0.1102196,-0.25173324,-0.090029255,-0.09493673,-0.17650503,-0.11081671,-0.09045285,-0.14481854,-0.12258686,-0.062588274,-0.30228147,-0.045945387,-0.03739679,-0.24856526,-0.08713537,-0.03297937,-0.15857345,-0.097927615,-0.042045772,-0.14160275,-0.09974523,-0.0052012205,-0.29366353,-0.049539186,0.023618817,-0.22134537,-0.09042572,0.016371012,-0.13946909,-0.08601673,-0.00080007315,-0.13077927,-0.07689302,0.04643333,-0.26593184,-0.058357365,0.06915504,-0.2036606,-0.08484015,0.055374384,-0.13706613,-0.08125138,0.03253627,-0.12722403,-0.07341961
-0.071347356,-0.016250968,-0.06420769,-0.12179583,-0.06996095,-0.1056812,-0.10329312,-0.124489605,-0.13647038,-0.06443387,-0.17333716,-0.15552406,-0.11496103,-0.28580865,-0.07940907,-0.07727599,-0.21989661,-0.12263685,-0.06740117,-0.14528894,-0.13591914,-0.075279534,-0.13867116,-0.14488368,-0.05579853,-0.31038278,-0.070646316,-0.011808395,-0.22042632,-0.115449555,-0.012910366,-0.13381523,-0.11929522,-0.028929234,-0.13958478,-0.119552225,-8.821487e-06,-0.30287015,-0.068342976,0.044622004,-0.21038312,-0.1144296,0.03397858,-0.12594533,-0.10458184,0.012166381,-0.12923169,-0.0944025,0.05043322,-0.27409753,-0.072390474,0.084264755,-0.2008838,-0.107594855,0.07039386,-0.1292454,-0.10698378,0.045685768,-0.1240021,-0.101933435
-0.071784675,-0.020695686,-0.067961566,-0.11433822,-0.08046317,-0.11265685,-0.08150649,-0.13597089,-0.1464273,-0.042949736,-0.18270814,-0.16795838,-0.1019181,-0.29616782,-0.08480523,-0.048599124,-0.24214196,-0.13184848,-0.04697174,-0.16273725,-0.14732191,-0.059987724,-0.15592039,-0.15843998,-0.04423797,-0.32321754,-0.07625753,0.013060689,-0.24208465,-0.12736762,0.0014385581,-0.14941251,-0.13216849,-0.01949048,-0.15639049,-0.13177027,0.010437727,-0.3177846,-0.07481296,0.06727964,-0.23097026,-0.1238984,0.047466338,-0.1445176,-0.113243595,0.021946609,-0.1532526,-0.10252925,0.061720252,-0.28976008,-0.08030956,0.102241695,-0.21756199,-0.11672641,0.08052462,-0.14395279,-0.1165667,0.0523687,-0.14318919,-0.11226388
-0.06417894,-0.013364315,-0.08589279,-0.10334599,-0.068185985,-0.13879111,-0.06934935,-0.13078582,-0.17750487,-0.031148136,-0.18649083,-0.20271823,-0.101141036,-0.28462335,-0.10339515,-0.044472218,-0.23717177,-0.15648906,-0.037746847,-0.16288221,-0.1700196,-0.05309409,-0.15821326,-0.17777072,-0.04654616,-0.31507304,-0.0858135,0.01881808,-0.23588708,-0.14374706,0.013561368,-0.13914376,-0.14622828,-0.011489034,-0.15283632,-0.14219774,0.0069611073,-0.3145982,-0.076793805,0.07139045,-0.22612399,-0.13490504,0.05692941,-0.13508505,-0.12260884,0.027911305,-0.14408553,-0.10805192,0.055003345,-0.29260722,-0.07588031,0.10243964,-0.21465239,-0.11918145,0.08673835,-0.13989794,-0.12048269,0.058009744,-0.13791645,-0.115124874
-0.066764176,-0.0015230179,-0.10068716,-0.107109725,-0.047365665,-0.16269505,-0.0876438,-0.096348345,-0.20713963,-0.06672752,-0.13427919,-0.23808242,-0.09605557,-0.28418192,-0.12384922,-0.021892488,-0.19010311,-0.17722958,-0.026384473,-0.123612046,-0.18990874,-0.0519709,-0.13575494,-0.1989557,-0.039469123,-0.30542517,-0.101732716,0.034752905,-0.20393807,-0.16241674,0.020179927,-0.11515981,-0.16305615,-0.0044023395,-0.13952243,-0.15858826,0.014669418,-0.29968724,-0.088715255,0.080797136,-0.19727102,-0.14753239,0.06140977,-0.11627138,-0.13451809,0.03487146,-0.13590139,-0.1209764,0.06294513,-0.27571526,-0.08536552,0.10944414,-0.1893459,-0.129935,0.09207058,-0.122149706,-0.13387762,0.066095114,-0.13148135,-0.13196994
-0.06616026,-0.0021944642,-0.098246016,-0.104305625,-0.049238563,-0.15761477,-0.07941717,-0.09792513,-0.19935356,-0.048939466,-0.13885474,-0.2276693,-0.09381336,-0.28600964,-0.12092152,-0.021425962,-0.19608891,-0.17224413,-0.023476124,-0.13054997,-0.18568023,-0.048423648,-0.14098507,-0.19587351,-0.037606955,-0.30781537,-0.09869208,0.034261644,-0.20551598,-0.1562879,0.024323702,-0.12344527,-0.15919551,0.0013813376,-0.14280438,-0.15792456,0.016135395,-0.30170214,-0.08503575,0.08104175,-0.1976865,-0.1419964,0.066874444,-0.1194582,-0.13136251,0.042707562,-0.13556486,-0.12019013,0.06397277,-0.27682924,-0.08069419,0.1110003,-0.19140205,-0.12469384,0.09774709,-0.12462264,-0.12932256,0.074456334,-0.13037485,-0.12820224
-0.07222879,-0.003953576,-0.08940373,-0.11284262,-0.052069128,-0.14438032,-0.075846076,-0.10157877,-0.18350086,-0.03936279,-0.15012926,-0.20885052,-0.09974319,-0.29184175,-0.108993255,-0.036363363,-0.20243257,-0.15784736,-0.03311646,-0.13590568,-0.16956532,-0.05336809,-0.14740503,-0.17782818,-0.04234618,-0.31173325,-0.09124155,0.020554662,-0.21175218,-0.14371924,0.01618433,-0.12998545,-0.1453063,-0.0039014816,-0.15652674,-0.14360759,0.012213886,-0.3018486,-0.081644274,0.06852257,-0.20440319,-0.1342533,0.059006512,-0.12489247,-0.12108216,0.036800385,-0.14305043,-0.108764134,0.05969876,-0.27221444,-0.08069586,0.09988946,-0.1942766,-0.12020415,0.089288,-0.12681377,-0.12018431,0.06810856,-0.13157153,-0.11592697
-0.06958121,-0.008611202,-0.086385,-0.11102718,-0.06601179,-0.13710679,-0.092271805,-0.12730402,-0.17239036,-0.071680844,-0.18094116,-0.19418427,-0.09878659,-0.2925717,-0.10455562,-0.036989987,-0.2117199,-0.1543621,-0.03462726,-0.1417948,-0.16638605,-0.055042326,-0.14890188,-0.17417996,-0.040893376,-0.3146211,-0.08748713,0.022399843,-0.2210257,-0.14285998,0.01520896,-0.13571906,-0.14499071,-0.0061835647,-0.15440279,-0.14211708,0.014013529,-0.30710402,-0.07874746,0.07071489,-0.21221969,-0.1349393,0.058445275,-0.12973309,-0.12349408,0.035968244,-0.14504546,-0.110795036,0.06363779,-0.2801282,-0.0781269,0.10517591,-0.20129019,-0.11996681,0.091089725,-0.13176835,-0.12143371,0.06852895,-0.13639617,-0.117470846
-0.071321666,-0.012220979,-0.07950824,-0.11535549,-0.07468116,-0.12612547,-0.09129584,-0.13562602,-0.15922837,-0.064256966,-0.18832389,-0.1790316,-0.0988186,-0.29720008,-0.09077888,-0.04466033,-0.22768292,-0.13892964,-0.042894304,-0.15890878,-0.1513456,-0.05960208,-0.16631061,-0.15948927,-0.04065329,-0.319519,-0.07705069,0.016108751,-0.23187262,-0.13020417,0.008690596,-0.1469748,-0.13308571,-0.010207593,-0.16964215,-0.1304807,0.014302671,-0.31022495,-0.07184101,0.06594789,-0.2187086,-0.12537411,0.053752303,-0.13762414,-0.113931894,0.0327062,-0.15623653,-0.10145793,0.064501345,-0.28053623,-0.07451523,0.10235447,-0.20283094,-0.11446987,0.08810359,-0.13435948,-0.115132235,0.066057384,-0.14037037,-0.11056647
-0.06317276,-0.03246498,-0.062238034,-0.10493708,-0.10649341,-0.098318376,-0.09210414,-0.17160738,-0.12456507,-0.07353008,-0.22079858,-0.1398822,-0.10905892,-0.31235194,-0.064483516,-0.06854969,-0.28792045,-0.11479543,-0.0535596,-0.1940924,-0.13819318,-0.05914265,-0.15845257,-0.15110059,-0.04415089,-0.33025527,-0.057216294,0.0021864772,-0.29353204,-0.11027697,0.003389597,-0.17838186,-0.1211346,-0.014995754,-0.15820318,-0.120551564,0.01682663,-0.3167437,-0.05715143,0.061822057,-0.2705834,-0.10823428,0.04963422,-0.16685092,-0.096967414,0.024270713,-0.15463048,-0.08140145,0.06825954,-0.28416207,-0.063035324,0.10061216,-0.2308923,-0.09600648,0.082625926,-0.15072924,-0.08814975,0.05497253,-0.14351046,-0.07600121
-0.07726425,-0.037297606,-0.052430265,-0.11947286,-0.12818348,-0.079898626,-0.09068096,-0.20602432,-0.10203626,-0.06196809,-0.25742066,-0.11605077,-0.10655439,-0.26977205,-0.045473635,-0.09804505,-0.3365926,-0.10161142,-0.075161636,-0.24613798,-0.1318599,-0.069901586,-0.18714583,-0.14554557,-0.04039371,-0.28287384,-0.04236841,-0.026478946,-0.34500098,-0.10039657,-0.011919558,-0.22340587,-0.114176266,-0.021144688,-0.17724293,-0.11111043,0.019380808,-0.27094746,-0.04780296,0.04493332,-0.32838798,-0.1039652,0.044354916,-0.21632427,-0.091392934,0.02536267,-0.17597485,-0.07047549,0.06851387,-0.24102172,-0.0576958,0.08936757,-0.25861573,-0.094170995,0.076821685,-0.18152374,-0.08301789,0.053854227,-0.15693766,-0.0663417
-0.086149275,-0.053889215,-0.028312676,-0.11546153,-0.18988943,-0.031036304,-0.05190122,-0.24968109,-0.03319066,0.015512526,-0.24038169,-0.03066517,-0.10356557,-0.2824583,-0.0027501194,-0.10741907,-0.3582724,-0.040839996,-0.105222344,-0.2785278,-0.06083341,-0.098856926,-0.22247225,-0.06952162,-0.042526126,-0.2969066,-0.006062751,-0.042280376,-0.39311504,-0.050122533,-0.045942783,-0.29075634,-0.060653117,-0.04377544,-0.23880836,-0.053710725,0.016161323,-0.28398633,-0.017644243,0.034452975,-0.38029826,-0.06182772,0.018313289,-0.28157696,-0.062583275,0.007423222,-0.23072973,-0.050486505,0.069223225,-0.25554276,-0.031774666,0.07363027,-0.28959438,-0.06761652,0.055172384,-0.22425818,-0.07218212,0.043049276,-0.19244814,-0.06724973
-0.083358884,-0.056467354,-0.0226108,-0.11275959,-0.19292897,-0.024199868,-0.05086094,-0.25595748,-0.027888197,0.015726626,-0.23230878,-0.026746059,-0.104956925,-0.27484214,0.0044449954,-0.11232537,-0.36933827,-0.034332503,-0.11149567,-0.29259905,-0.052933317,-0.10237181,-0.23472083,-0.059667192,-0.048053265,-0.28877217,-0.0027456179,-0.04979658,-0.39983436,-0.045311812,-0.056949973,-0.29913384,-0.05268373,-0.050938487,-0.24889138,-0.04311719,0.0095642805,-0.27430293,-0.018574987,0.02342987,-0.38519186,-0.060253978,0.005893171,-0.28955218,-0.058294177,0.002970755,-0.24108267,-0.044337057,0.063711226,-0.24303868,-0.037007608,0.063935876,-0.28463137,-0.068624645,0.043901026,-0.22307807,-0.070826635,0.039239705,-0.1902147,-0.064752884
-0.08344674,-0.06238264,-0.022509038,-0.10860622,-0.20412302,-0.023703333,-0.03970617,-0.26268333,-0.026820026,0.029706657,-0.23531234,-0.025659453,-0.102651596,-0.27412504,0.005761918,-0.10970914,-0.37511906,-0.032115187,-0.11047518,-0.30365413,-0.051469825,-0.10218394,-0.24265453,-0.058801547,-0.046427786,-0.28834453,-0.0009411204,-0.05071926,-0.40500176,-0.044318188,-0.057578027,-0.31110328,-0.055527497,-0.05046338,-0.25335392,-0.0479891,0.010912061,-0.2760118,-0.015998106,0.020260096,-0.39555526,-0.058310263,0.0061229467,-0.30673957,-0.06200575,0.0060760975,-0.25390732,-0.051597666,0.06588966,-0.2475008,-0.033376534,0.061693907,-0.28609037,-0.068832494,0.047807872,-0.22505647,-0.07625014,0.048615336,-0.19015133,-0.07321775
-0.07916129,-0.0584265,-0.019106884,-0.10646981,-0.19487256,-0.018467562,-0.04378128,-0.25857803,-0.021478208,0.024015725,-0.22945309,-0.02077529,-0.0959003,-0.26423767,0.019098554,-0.11129546,-0.36864182,-0.0123844305,-0.11266589,-0.3097011,-0.029630858,-0.10308254,-0.25849542,-0.036657505,-0.04647571,-0.28039593,0.011683758,-0.057682097,-0.3957287,-0.02352271,-0.063700795,-0.3160164,-0.034008175,-0.052586496,-0.26857713,-0.02782349,0.0062865615,-0.27047363,-0.004092386,0.0080733895,-0.39033222,-0.040618777,-0.00471735,-0.30691153,-0.042845573,0.00033938885,-0.25896475,-0.03259298,0.060209394,-0.24263191,-0.0224107,0.051038206,-0.29232264,-0.052830294,0.037965834,-0.23284405,-0.057070885,0.04343301,-0.1979382,-0.05259254
-0.08144885,-0.062778056,-0.022565747,-0.10760474,-0.20249528,-0.02395563,-0.040551662,-0.26701835,-0.028209485,0.029956996,-0.24746299,-0.02758268,-0.096181154,-0.268813,0.0135604935,-0.108156085,-0.37287334,-0.023124997,-0.109953284,-0.30337828,-0.04118178,-0.10086322,-0.2532676,-0.047894858,-0.0443334,-0.2840293,0.0072521567,-0.05413598,-0.39614424,-0.03320509,-0.063090324,-0.30391183,-0.0416544,-0.051921785,-0.2603698,-0.032786146,0.009427547,-0.27269363,-0.008125157,0.007733166,-0.38688266,-0.04720264,-0.008352578,-0.29106003,-0.042343553,-0.0012633204,-0.24746138,-0.026383875,0.06346071,-0.24453098,-0.026706254,0.046005964,-0.29037967,-0.05664486,0.030761123,-0.22673035,-0.05660484,0.038918197,-0.19654995,-0.048502922
-0.080510914,-0.06502193,-0.019189745,-0.105397224,-0.19645977,-0.019415174,-0.04407525,-0.2575809,-0.023184255,0.023951828,-0.22953403,-0.02283265,-0.08517605,-0.25912747,0.017137995,-0.10081816,-0.36208165,-0.016400483,-0.10489786,-0.30320257,-0.033406403,-0.094941914,-0.25447428,-0.03966801,-0.036062002,-0.27305463,0.010027054,-0.04643476,-0.3877576,-0.0266036,-0.05604601,-0.3061471,-0.034240086,-0.04314685,-0.26242086,-0.025499716,0.014581025,-0.26152,-0.005741537,0.014750063,-0.37974954,-0.042764664,-0.0031946301,-0.29519403,-0.040083732,0.0041487813,-0.2522983,-0.025785496,0.065891564,-0.23352915,-0.024307618,0.050205052,-0.28761172,-0.052194994,0.031909704,-0.233096,-0.052697,0.037820518,-0.20134133,-0.045380987
-0.08385551,-0.06860483,-0.017711578,-0.1045239,-0.18809634,-0.015829831,-0.043605506,-0.24612331,-0.017853163,0.019492686,-0.23574573,-0.015480779,-0.088121176,-0.2446807,0.027312908,-0.10232037,-0.34057474,-0.0024061087,-0.10558665,-0.28048098,-0.018880196,-0.09722847,-0.23462576,-0.025095029,-0.04085344,-0.26018053,0.02165584,-0.049317777,-0.36898524,-0.014083537,-0.0567919,-0.28876656,-0.02550469,-0.04690796,-0.2424323,-0.019135494,0.008822501,-0.25420484,0.0076073417,0.008240998,-0.36914974,-0.027258469,-0.007188678,-0.29017472,-0.027188139,-0.0025011897,-0.245583,-0.014626456,0.058350027,-0.23291028,-0.009118039,0.040471792,-0.28389326,-0.034447417,0.025958717,-0.23233557,-0.03571041,0.03298247,-0.20279586,-0.028967276
-0.08313781,-0.06529546,-0.017420799,-0.106891096,-0.18155384,-0.015010662,-0.04780358,-0.24143058,-0.016712124,0.015206218,-0.22789353,-0.014014861,-0.09051955,-0.23331416,0.028928775,-0.10213715,-0.3296511,-0.00016344253,-0.1058557,-0.27074268,-0.01602846,-0.098769546,-0.22660154,-0.02172824,-0.044648886,-0.24952412,0.023849066,-0.049996436,-0.3592974,-0.011960391,-0.05709213,-0.28021604,-0.023406219,-0.04853511,-0.23449653,-0.016735999,0.004612446,-0.24738875,0.010385933,0.005188942,-0.3618608,-0.02399367,-0.0088841915,-0.2837696,-0.024227409,-0.0047263503,-0.23886496,-0.011436307,0.054861665,-0.23078299,-0.0057691517,0.038398385,-0.28395635,-0.029446524,0.02513659,-0.23266143,-0.030449742,0.031962812,-0.20248222,-0.023563672
-0.08301175,-0.065418005,-0.010170406,-0.10580957,-0.16853511,-0.0027982297,-0.050741315,-0.23215449,-0.00082070596,0.008578062,-0.21831852,0.0061284667,-0.08842337,-0.21733028,0.046116892,-0.098887086,-0.31488788,0.024871867,-0.10516137,-0.26383933,0.009829578,-0.09952259,-0.22216427,0.003483692,-0.04526061,-0.2303068,0.041734934,-0.05186969,-0.33846793,0.015932638,-0.06299549,-0.27466655,0.0026815191,-0.055985868,-0.23549837,0.004559197,0.00097590685,-0.23089069,0.029443612,0.00027674437,-0.34735686,0.0053240764,-0.015749753,-0.28505525,0.0022847753,-0.010832667,-0.24033898,0.0101544205,0.0501405,-0.22129714,0.014641028,0.035470605,-0.28767326,0.00015864863,0.019625902,-0.24792057,-0.0005265851,0.02688992,-0.21485376,0.004412655
-0.08426207,-0.0668146,-0.009160475,-0.10756916,-0.16874701,-0.00203413,-0.05565089,-0.23227125,-0.0009391352,0.0015732646,-0.2186206,0.004449074,-0.08701813,-0.21580023,0.048739787,-0.09693128,-0.3108461,0.029212289,-0.10737461,-0.26632944,0.013368963,-0.10234773,-0.2261374,0.0060743704,-0.045100033,-0.22923017,0.044110216,-0.05132693,-0.33526477,0.019614095,-0.06721753,-0.2777755,0.004559662,-0.060993552,-0.2370053,0.0045853085,0.00019460917,-0.23086888,0.031900395,-0.0006147027,-0.34642577,0.0096291555,-0.020730615,-0.28969488,0.004996081,-0.016118824,-0.24249732,0.011345164,0.04787755,-0.22260499,0.017161887,0.033411443,-0.29176825,0.005202532,0.014018655,-0.255511,0.00499186,0.020635605,-0.21921289,0.009833025
-0.07496959,-0.079552114,-0.003833475,-0.09133595,-0.17132133,0.006632817,-0.042561114,-0.22851086,0.009043375,0.01055795,-0.2223149,0.01369029,-0.06969792,-0.20229805,0.06863389,-0.078321636,-0.2854961,0.059884116,-0.09003365,-0.25760907,0.046988655,-0.08651739,-0.22620016,0.040683053,-0.029845119,-0.21718389,0.06293823,-0.033323288,-0.31651783,0.04468988,-0.05163902,-0.2704985,0.02559469,-0.048255086,-0.2262888,0.023133919,0.013574362,-0.2214343,0.050156314,0.011414707,-0.32718474,0.030824011,-0.010921717,-0.28090182,0.019537378,-0.0075411797,-0.2311604,0.02267212,0.05856031,-0.21792257,0.035840563,0.038422763,-0.29472965,0.027884766,0.016218007,-0.26235595,0.028544584,0.020802617,-0.21923369,0.034528837
-0.07408637,-0.07437134,0.0006746727,-0.08826721,-0.16114187,0.013131595,-0.041565776,-0.21573472,0.016785845,0.009094596,-0.22073662,0.02244237,-0.061119378,-0.19598651,0.07018718,-0.07090956,-0.27761304,0.0628378,-0.07929695,-0.24914318,0.051398247,-0.07269877,-0.21666276,0.045897596,-0.022393167,-0.21269786,0.06272817,-0.026648283,-0.31303084,0.049090922,-0.041743696,-0.2662131,0.033855654,-0.036157727,-0.22388536,0.03252259,0.019159675,-0.21608454,0.048496317,0.017773151,-0.32258913,0.03281977,-0.0024260879,-0.27252942,0.02684792,0.0030292869,-0.22364539,0.03196468,0.06243944,-0.20763421,0.0328574,0.04472083,-0.2846338,0.02770762,0.022823274,-0.25131765,0.031823896,0.026914477,-0.21081579,0.039309643
-0.05673808,-0.07701647,0.008163729,-0.05890143,-0.16539949,0.020997833,-0.019150317,-0.21618444,0.023645476,0.026474714,-0.2261346,0.02632093,-0.0237872,-0.19186592,0.06321597,-0.025143802,-0.27372396,0.05588613,-0.04010254,-0.24881664,0.047092464,-0.03902781,-0.21754414,0.043000616,0.008848071,-0.20348024,0.05044117,0.007515192,-0.3066991,0.03230856,-0.013898671,-0.26045436,0.017523874,-0.012097299,-0.21253973,0.018183803,0.04843378,-0.20434481,0.032913357,0.04219538,-0.31503102,0.010467424,0.017477214,-0.26691842,0.0035385138,0.020505965,-0.21827781,0.009979297,0.09115857,-0.1941647,0.015594535,0.06534994,-0.275779,0.0017480028,0.041255474,-0.23664296,0.0045207012,0.04550302,-0.18596369,0.01292039
0.023573399,-0.08761436,0.00071393745,0.04373771,-0.19180405,0.007883215,0.039684772,-0.2519288,0.007988337,0.024697185,-0.27362123,0.013107199,0.05682057,-0.23016924,0.038692243,0.049357116,-0.32750744,0.018089928,0.03277129,-0.26820296,0.0074874093,0.037943423,-0.21881855,0.0048971223,0.03311491,-0.2209884,0.02702189,0.020895064,-0.32513818,-0.00096691796,0.008128405,-0.25475222,-0.010257373,0.022721767,-0.20999455,-0.0042937445,0.018731892,-0.20279741,0.009822471,0.0010296106,-0.29354483,-0.018210346,-0.0061149,-0.2311329,-0.013611283,0.008864105,-0.19862121,0.00037907477,0.009738445,-0.17483008,-0.0082394015,0.0012480617,-0.23009753,-0.022494202,0.00069385767,-0.18655252,-0.013751495,0.017377913,-0.15577936,-0.0014140722
-0.013302982,-0.08556414,0.0017351378,0.0014270544,-0.19404185,0.009964678,0.017276883,-0.25501627,0.0099148145,0.023283899,-0.2867527,0.014557647,0.042401016,-0.23382017,0.042113166,0.03441143,-0.33558613,0.02018621,0.0140603185,-0.2761093,0.009206307,0.018906653,-0.22646916,0.006800289,0.043135762,-0.22908124,0.029098047,0.02606219,-0.3366732,-0.0007581208,0.0052596927,-0.26659995,-0.010150474,0.018157065,-0.22156316,-0.0035807795,0.051055968,-0.21531558,0.01001304,0.023842156,-0.31240323,-0.01999068,0.0030982494,-0.24390966,-0.014024432,0.01545161,-0.20522082,0.0016383799,0.061725378,-0.19167906,-0.010185655,0.03290826,-0.2554478,-0.026276384,0.013526201,-0.20419991,-0.01685673,0.024037361,-0.16282701,-0.003280542
-0.058813512,-0.10194224,0.017821303,-0.05003822,-0.20497733,0.028719647,-0.01406467,-0.25164667,0.026782537,0.023666978,-0.2546219,0.026041962,0.007755339,-0.26007736,0.057981327,-0.002358973,-0.35873613,0.037288565,-0.030931056,-0.30854937,0.02313848,-0.028025508,-0.25326538,0.016936885,0.03617716,-0.26233482,0.036743097,0.021116555,-0.38396853,0.0065243063,-0.014419854,-0.3171004,-0.00630918,-0.007585585,-0.2535133,-0.0023545823,0.06796819,-0.2512773,0.010656341,0.037445307,-0.36273152,-0.01753416,0.0015674233,-0.28969133,-0.017871983,0.013404608,-0.22926992,-0.0067067435,0.09686905,-0.2286976,-0.015369557,0.034854233,-0.29264006,-0.03184008,0.005074799,-0.24289864,-0.030013679,0.020586967,-0.19373405,-0.022309199
-0.058813512,-0.10194224,0.017821303,-0.05003822,-0.20497733,0.028719647,-0.01406467,-0.25164667,0.026782537,0.023666978,-0.2546219,0.026041962,0.007755339,-0.26007736,0.057981327,-0.002358973,-0.35873613,0.037288565,-0.030931056,-0.30854937,0.02313848,-0.028025508,-0.25326538,0.016936885,0.03617716,-0.26233482,0.036743097,0.021116555,-0.38396853,0.0065243063,-0.014419854,-0.3171004,-0.00630918,-0.007585585,-0.2535133,-0.0023545823,0.06796819,-0.2512773,0.010656341,0.037445307,-0.36273152,-0.01753416,0.0015674233,-0.28969133,-0.017871983,0.013404608,-0.22926992,-0.0067067435,0.09686905,-0.2286976,-0.015369557,0.034854233,-0.29264006,-0.03184008,0.005074799,-0.24289864,-0.030013679,0.020586967,-0.19373405,-0.022309199
-0.057569683,-0.11386275,0.03077936,-0.053927124,-0.22029483,0.043277856,-0.020614088,-0.27250063,0.038817145,0.018359601,-0.28032783,0.03380378,0.011015177,-0.29364014,0.073013596,-0.009141207,-0.39020315,0.048696008,-0.042044103,-0.35241073,0.027764896,-0.046641707,-0.29903826,0.016546186,0.04109168,-0.29200172,0.040136296,0.016844869,-0.40871045,0.008070692,-0.025570393,-0.34878153,-0.010070153,-0.027371705,-0.2831951,-0.011241599,0.06998932,-0.27484852,0.0022586896,0.033792973,-0.3713163,-0.028529597,-0.006442249,-0.30069607,-0.032087248,0.0004093051,-0.24047375,-0.024427261,0.093144774,-0.24701446,-0.034810495,0.03191513,-0.29978386,-0.053266358,-0.0015627742,-0.24874157,-0.051994156,0.010052204,-0.20255458,-0.045743443
-0.06819379,-0.09912586,0.0043573463,-0.06976426,-0.22145867,0.006857947,-0.023249924,-0.2742086,-0.0008595996,0.022432864,-0.28592578,-0.008000475,-0.028112948,-0.28507698,0.037109204,-0.03964871,-0.38367543,0.009621137,-0.060581684,-0.32905355,-0.007668528,-0.056413054,-0.27506295,-0.01515442,0.008238256,-0.28760186,0.01895868,-0.0044227242,-0.40059537,-0.015584091,-0.031228006,-0.32253996,-0.029271899,-0.022529244,-0.25880057,-0.025520632,0.048081994,-0.2721318,-0.0047420394,0.02451682,-0.38185236,-0.038365763,-0.004677415,-0.30031413,-0.038189314,0.0058321357,-0.24053788,-0.026166601,0.08732152,-0.24152422,-0.028953047,0.036397934,-0.29541716,-0.050055895,0.011672735,-0.23819667,-0.046962578,0.027665496,-0.1944195,-0.037769902
-0.06819379,-0.09912586,0.0043573463,-0.06976426,-0.22145867,0.006857947,-0.023249924,-0.2742086,-0.0008595996,0.022432864,-0.28592578,-0.008000475,-0.028112948,-0.28507698,0.037109204,-0.03964871,-0.38367543,0.009621137,-0.060581684,-0.32905355,-0.007668528,-0.056413054,-0.27506295,-0.01515442,0.008238256,-0.28760186,0.01895868,-0.0044227242,-0.40059537,-0.015584091,-0.031228006,-0.32253996,-0.029271899,-0.022529244,-0.25880057,-0.025520632,0.048081994,-0.2721318,-0.0047420394,0.02451682,-0.38185236,-0.038365763,-0.004677415,-0.30031413,-0.038189314,0.0058321357,-0.24053788,-0.026166601,0.08732152,-0.24152422,-0.028953047,0.036397934,-0.29541716,-0.050055895,0.011672735,-0.23819667,-0.046962578,0.027665496,-0.1944195,-0.037769902
-0.08281171,-0.084745824,-0.009685075,-0.09732497,-0.21565825,-0.010116556,-0.034244597,-0.26870048,-0.016769493,0.026168883,-0.26142177,-0.02213502,-0.066571176,-0.2740374,0.029389156,-0.08286393,-0.36915118,0.0008265397,-0.09479892,-0.31327686,-0.01874382,-0.08878797,-0.26361746,-0.027985172,-0.020588577,-0.28177992,0.01791974,-0.03617996,-0.38944152,-0.016472925,-0.054308474,-0.31406817,-0.034455374,-0.045348525,-0.25827792,-0.0343227,0.027685165,-0.2701596,-0.00035337807,0.011878669,-0.38898826,-0.03652597,-0.012183487,-0.31061625,-0.04466496,-0.005720675,-0.25466764,-0.038431335,0.074935436,-0.2437098,-0.0197595,0.032566667,-0.29011542,-0.047939688,0.0144521,-0.22693175,-0.0517595,0.02836448,-0.18528551,-0.046843816
-0.08281171,-0.084745824,-0.009685075,-0.09732497,-0.21565825,-0.010116556,-0.034244597,-0.26870048,-0.016769493,0.026168883,-0.26142177,-0.02213502,-0.066571176,-0.2740374,0.029389156,-0.08286393,-0.36915118,0.0008265397,-0.09479892,-0.31327686,-0.01874382,-0.08878797,-0.26361746,-0.027985172,-0.020588577,-0.28177992,0.01791974,-0.03617996,-0.38944152,-0.016472925,-0.054308474,-0.31406817,-0.034455374,-0.045348525,-0.25827792,-0.0343227,0.027685165,-0.2701596,-0.00035337807,0.011878669,-0.38898826,-0.03652597,-0.012183487,-0.31061625,-0.04466496,-0.005720675,-0.25466764,-0.038431335,0.074935436,-0.2437098,-0.0197595,0.032566667,-0.29011542,-0.047939688,0.0144521,-0.22693175,-0.0517595,0.02836448,-0.18528551,-0.046843816
-0.08401042,-0.074353635,-0.013226069,-0.103265524,-0.21175754,-0.013405736,-0.04090756,-0.26853266,-0.018241383,0.020952046,-0.2613388,-0.021520182,-0.07890451,-0.26886207,0.02132106,-0.09492242,-0.36225948,-0.007873245,-0.1046356,-0.30817452,-0.02657965,-0.09799379,-0.2619631,-0.03533812,-0.031972528,-0.27999124,0.010761568,-0.043862224,-0.3934961,-0.024836607,-0.059428275,-0.3198889,-0.04083172,-0.049147725,-0.26693696,-0.038592115,0.017975748,-0.2684709,-0.0066092717,0.010386646,-0.38631874,-0.043852713,-0.011780024,-0.3090122,-0.05131721,-0.005728781,-0.2573678,-0.044452537,0.06830633,-0.2403186,-0.025379715,0.037825584,-0.28432792,-0.05468343,0.020070732,-0.22324163,-0.058555283,0.030318797,-0.18436027,-0.05365715
-0.078021824,-0.054457545,-0.021746559,-0.10781604,-0.19177234,-0.024638603,-0.046007097,-0.25211835,-0.02996532,0.02614373,-0.2270748,-0.03133279,-0.09779066,-0.25976032,0.007143813,-0.121739805,-0.35858154,-0.02781682,-0.12039584,-0.29297227,-0.044691797,-0.10687649,-0.2432921,-0.050974697,-0.049698293,-0.27636054,0.00035997244,-0.06581473,-0.38790083,-0.037801772,-0.07118642,-0.30204946,-0.045759883,-0.05822444,-0.2581545,-0.037663728,0.0019999146,-0.26573876,-0.014531209,-0.003324151,-0.38328487,-0.05354097,-0.0154572725,-0.2943145,-0.0518769,-0.006425619,-0.2516805,-0.03893182,0.054965377,-0.24022174,-0.031892277,0.034386873,-0.2832737,-0.06414056,0.02369678,-0.22081614,-0.066407174,0.03429562,-0.19001496,-0.060076386
-0.0780288,-0.04982561,-0.025370555,-0.11013043,-0.18873018,-0.028825538,-0.04653132,-0.2489115,-0.033556752,0.027106464,-0.22454953,-0.0341696,-0.103372335,-0.26212382,0.00408095,-0.12758279,-0.35214096,-0.030397806,-0.1255314,-0.28515917,-0.047888957,-0.11151624,-0.23533511,-0.055060513,-0.054948986,-0.27968693,-0.0007949839,-0.069452405,-0.38763818,-0.039230276,-0.07373935,-0.30129522,-0.04814837,-0.061129153,-0.25563258,-0.040704716,-0.0020070672,-0.26911402,-0.013846179,-0.0044339895,-0.38213837,-0.053316087,-0.01630181,-0.29157388,-0.053515095,-0.009165525,-0.24629915,-0.04188003,0.053573906,-0.2437433,-0.029640494,0.040106773,-0.28216693,-0.06397595,0.028850257,-0.21777874,-0.06876028,0.036111414,-0.18590927,-0.06395634
-0.08331883,-0.043974936,-0.029211052,-0.11835578,-0.1803959,-0.032787126,-0.05404544,-0.24789506,-0.036664687,0.018868148,-0.23389626,-0.034981854,-0.11867732,-0.26289445,-0.00023084843,-0.13369805,-0.35726383,-0.034329273,-0.12508303,-0.27703452,-0.050099894,-0.11504352,-0.23053461,-0.056724157,-0.06276733,-0.2822315,-0.0032790995,-0.071015,-0.39015478,-0.039451387,-0.0719592,-0.29100525,-0.0438152,-0.06627506,-0.2505539,-0.03429775,-0.0057846904,-0.27183294,-0.015031619,0.0016261339,-0.37977374,-0.05220328,-0.007961988,-0.28659427,-0.047157705,-0.0075936913,-0.2469809,-0.032904368,0.051227927,-0.24458593,-0.030114885,0.04863918,-0.29109317,-0.06067846,0.036598265,-0.226686,-0.060110446,0.035515785,-0.19287169,-0.052365556
-0.087426364,-0.044887066,-0.029564597,-0.12413761,-0.18356127,-0.03311425,-0.061683595,-0.25198108,-0.037218235,0.008320391,-0.23389357,-0.03626204,-0.12153551,-0.2670368,0.0014002796,-0.13183048,-0.35996768,-0.032897264,-0.123689294,-0.28582364,-0.05088797,-0.11373961,-0.23704332,-0.059540376,-0.06507236,-0.28771764,-0.0019004715,-0.07017338,-0.39895147,-0.04064948,-0.06889343,-0.30273795,-0.04824127,-0.06045592,-0.25361383,-0.040372465,-0.007915378,-0.27875686,-0.013887242,0.0028158426,-0.38673866,-0.052720454,-0.0066258907,-0.29328525,-0.05030717,-0.006944597,-0.24616307,-0.037356034,0.049697697,-0.2521389,-0.029317137,0.050348997,-0.2980917,-0.060227707,0.035345852,-0.23455435,-0.061369944,0.030593336,-0.1988073,-0.055126335
-0.08610004,-0.04162383,-0.030150883,-0.12389845,-0.1760171,-0.034855623,-0.06377518,-0.24693549,-0.0398471,0.007030964,-0.24130481,-0.03929473,-0.12112063,-0.26914376,-0.0008908247,-0.1316587,-0.3558252,-0.036532015,-0.122071564,-0.27920103,-0.054884672,-0.111297905,-0.22982562,-0.06332784,-0.0646382,-0.29093897,-0.004536493,-0.069936335,-0.39837423,-0.044069014,-0.06633335,-0.29805964,-0.049902316,-0.056640208,-0.24947894,-0.040382676,-0.0073370934,-0.28105617,-0.016942794,0.0035367012,-0.38200188,-0.056017715,-0.0036090612,-0.2865433,-0.049526528,-0.0026708245,-0.24281466,-0.033518985,0.049894452,-0.25215125,-0.032988787,0.05330676,-0.29997343,-0.06238803,0.038751245,-0.23783869,-0.059665307,0.03273529,-0.20447254,-0.05053718
-0.08214438,-0.043844998,-0.02889519,-0.11290485,-0.17641407,-0.03366437,-0.050771475,-0.24549508,-0.038485833,0.017339647,-0.25040555,-0.03810605,-0.118596315,-0.26522344,-0.003185441,-0.12300265,-0.35534978,-0.03882178,-0.110829234,-0.27991498,-0.05864423,-0.10380536,-0.22635937,-0.06756723,-0.059093714,-0.28611314,-0.006774716,-0.059207737,-0.3981949,-0.04641159,-0.05044335,-0.30470878,-0.057092488,-0.04861182,-0.24999446,-0.051572513,-0.00054836273,-0.2770127,-0.018221864,0.016403079,-0.3892695,-0.05926792,0.016304433,-0.3025216,-0.059585154,0.008046389,-0.25144655,-0.048231233,0.054157436,-0.2480396,-0.03229477,0.06680018,-0.3039084,-0.06494506,0.059031546,-0.24730444,-0.06579962,0.046226084,-0.20972401,-0.058953892
-0.08038509,-0.046366215,-0.029152205,-0.11125338,-0.18127918,-0.03268912,-0.052206695,-0.25270975,-0.03645148,0.012011111,-0.26291102,-0.03399641,-0.11461657,-0.27078915,0.00018717842,-0.11771029,-0.36040282,-0.03737544,-0.106003046,-0.28079945,-0.0565291,-0.10134739,-0.22940189,-0.06425729,-0.055541396,-0.29061794,-0.00427834,-0.055833757,-0.4009995,-0.04484576,-0.04795748,-0.30266917,-0.053604927,-0.048365533,-0.25520366,-0.046041418,0.0027643442,-0.27946627,-0.017388916,0.01847136,-0.38944408,-0.059657518,0.018120348,-0.29789203,-0.056387585,0.008831978,-0.25527936,-0.042039696,0.057327688,-0.24757367,-0.033379342,0.07311487,-0.30277377,-0.065463156,0.064792275,-0.24371368,-0.06350944,0.050723672,-0.2099942,-0.05433913
-0.08416635,-0.059981108,-0.031981926,-0.10568619,-0.20015174,-0.034345888,-0.03932458,-0.26582634,-0.036067113,0.027138948,-0.26647592,-0.031030979,-0.10732031,-0.2818126,0.0032229018,-0.10564339,-0.37725213,-0.04035523,-0.098062456,-0.29618302,-0.0642939,-0.09509206,-0.23665833,-0.07428444,-0.045268476,-0.29479855,-0.00017906453,-0.04265088,-0.41151124,-0.050525144,-0.03786528,-0.31269217,-0.06842047,-0.042089105,-0.26282877,-0.06520326,0.012021065,-0.2804603,-0.013164734,0.032506764,-0.40260214,-0.06505679,0.032693624,-0.32056358,-0.07402239,0.020674586,-0.27828443,-0.06614182,0.064842045,-0.24819928,-0.028643241,0.08526009,-0.30405656,-0.071669005,0.08097041,-0.25120097,-0.08140172,0.0662598,-0.21886921,-0.079427235
-0.075966656,-0.05810672,-0.030637044,-0.09165329,-0.19973958,-0.03315346,-0.02540785,-0.26489103,-0.03462906,0.040361106,-0.26794386,-0.029498475,-0.101783454,-0.28655344,0.0010372829,-0.09856838,-0.38047376,-0.03832226,-0.09139359,-0.30377403,-0.058432307,-0.08940601,-0.24370092,-0.065364935,-0.04058236,-0.30166113,-0.0001544318,-0.033563673,-0.41449916,-0.044101954,-0.029239416,-0.31971127,-0.056913223,-0.033358216,-0.26878226,-0.05091549,0.017106473,-0.28712088,-0.01008645,0.039825022,-0.40778166,-0.055572916,0.040206194,-0.32910728,-0.06076136,0.030734956,-0.28672808,-0.05134497,0.068886936,-0.2545175,-0.022332616,0.090334356,-0.30897745,-0.061433915,0.08627188,-0.26038116,-0.06941186,0.074285805,-0.2318601,-0.066257216
-0.07238102,-0.05407828,-0.0306866,-0.08632451,-0.19428927,-0.03340441,-0.019960284,-0.26144427,-0.03476358,0.04647082,-0.26957732,-0.029787263,-0.09946722,-0.28215545,-0.0013397294,-0.09787351,-0.3796618,-0.038521122,-0.08870101,-0.30419397,-0.05754203,-0.08534753,-0.24510056,-0.06434845,-0.03886473,-0.2976492,-0.0017422506,-0.032820642,-0.41014904,-0.04313017,-0.027106464,-0.31616417,-0.055731487,-0.031654358,-0.26560992,-0.050561186,0.018338025,-0.28292054,-0.010453826,0.042572975,-0.40813833,-0.0539523,0.043540537,-0.33498347,-0.061228633,0.031895876,-0.293895,-0.05426766,0.069954455,-0.2500645,-0.02125231,0.09768069,-0.30610374,-0.06071214,0.09342313,-0.2605943,-0.07107394,0.07721448,-0.23133403,-0.07003545
-0.0718565,-0.059084654,-0.03375387,-0.08586395,-0.20240968,-0.037366156,-0.017444551,-0.26837438,-0.03930334,0.0500893,-0.27180618,-0.034180075,-0.10175699,-0.289833,-0.00022866565,-0.09483689,-0.3842759,-0.03983104,-0.086064816,-0.3061078,-0.061049018,-0.08456117,-0.24859333,-0.06942311,-0.04056585,-0.30740708,-0.0002570264,-0.030694842,-0.41700602,-0.043663073,-0.025399625,-0.31911752,-0.05793189,-0.031801105,-0.2722944,-0.053669836,0.0173527,-0.29529786,-0.0092025,0.042010963,-0.4149413,-0.05428558,0.0431152,-0.33262676,-0.06030717,0.031344116,-0.29204136,-0.05206587,0.069788694,-0.2642308,-0.020830201,0.09413713,-0.31565017,-0.0600746,0.09047204,-0.2634158,-0.06841095,0.0765118,-0.23549789,-0.06561337
-0.0746392,-0.058887362,-0.03089187,-0.08835065,-0.19450963,-0.033969264,-0.023965478,-0.2628342,-0.035872042,0.04131359,-0.2696128,-0.030674342,-0.1012699,-0.28745443,0.003807713,-0.09289026,-0.37873667,-0.03291964,-0.08595902,-0.30298725,-0.0535087,-0.0868991,-0.24619287,-0.061942168,-0.040360212,-0.303292,0.0037808705,-0.032708824,-0.41407898,-0.03746663,-0.02620089,-0.32264507,-0.051967412,-0.03121245,-0.27071983,-0.04804832,0.017240107,-0.29070127,-0.0046512624,0.03873235,-0.41028392,-0.04730565,0.04254073,-0.33415893,-0.053866785,0.03243965,-0.28774935,-0.046081886,0.06872958,-0.2591346,-0.015524043,0.093909204,-0.30858263,-0.05421411,0.092354,-0.26315397,-0.06448298,0.079161346,-0.23589736,-0.06288019
-0.07272637,-0.06269163,-0.021767277,-0.086624384,-0.20202559,-0.022157395,-0.019156337,-0.26378733,-0.023445824,0.047617435,-0.2673813,-0.01941464,-0.092178345,-0.2867592,0.0025480308,-0.08621597,-0.3884166,-0.031559717,-0.08120364,-0.31923702,-0.05177949,-0.07900065,-0.25930303,-0.060989287,-0.032808304,-0.2997775,-0.0018044682,-0.023453653,-0.42299724,-0.04174247,-0.019141197,-0.33841458,-0.05840059,-0.022950768,-0.27842015,-0.057485763,0.022403061,-0.28792155,-0.012907807,0.044760168,-0.4190483,-0.05100699,0.04852867,-0.35470614,-0.061793566,0.039695144,-0.30464828,-0.0593773,0.07207435,-0.25762266,-0.02579506,0.09839928,-0.31562746,-0.060886916,0.09759784,-0.27986753,-0.073877394,0.08513528,-0.25151134,-0.07676378
-0.07311028,-0.061870694,-0.026799006,-0.08787054,-0.20637655,-0.0253865,-0.020303845,-0.27107316,-0.023324894,0.046118855,-0.26831323,-0.014148754,-0.094720185,-0.2949143,0.0066571375,-0.083743095,-0.39016765,-0.028841497,-0.07935321,-0.31401527,-0.048600115,-0.079318225,-0.2582541,-0.057201717,-0.034080803,-0.30786693,0.005455022,-0.023143888,-0.42543018,-0.036554646,-0.018819928,-0.33518702,-0.0517934,-0.024339497,-0.2818722,-0.048715737,0.022095382,-0.29551578,-0.00394408,0.04454851,-0.4208951,-0.045530677,0.047303796,-0.34661978,-0.054330707,0.036221087,-0.2974472,-0.049087852,0.07286149,-0.2657225,-0.015776034,0.10072899,-0.31891826,-0.05550649,0.09708089,-0.27569973,-0.070253424,0.081092,-0.24628729,-0.07290967
-0.067224085,-0.063317835,-0.025003154,-0.07967389,-0.2041927,-0.021823099,-0.011646152,-0.26821893,-0.017491784,0.050309718,-0.2895494,-0.0054562995,-0.09336221,-0.28922516,0.009229076,-0.085424006,-0.38706392,-0.026726738,-0.080331385,-0.30662668,-0.043171953,-0.07873279,-0.25347757,-0.048186224,-0.035215676,-0.3013268,0.007643565,-0.027470589,-0.4188461,-0.035623617,-0.024727583,-0.3145447,-0.046250455,-0.027697384,-0.2672575,-0.037461206,0.021085322,-0.28892672,-0.002472887,0.04062605,-0.40941936,-0.043946136,0.04025489,-0.3351714,-0.046808273,0.030954361,-0.3064845,-0.036404174,0.072864294,-0.2607448,-0.014765451,0.097210646,-0.30992454,-0.050800756,0.092207134,-0.2643385,-0.05857541,0.07885325,-0.24499238,-0.055682488
-0.07453054,-0.057679415,-0.029826418,-0.088299334,-0.19481534,-0.026846314,-0.017818272,-0.25793582,-0.022321727,0.051294625,-0.25874788,-0.009710819,-0.101821125,-0.2797376,0.015226255,-0.1015504,-0.38127172,-0.02130405,-0.0904209,-0.3073992,-0.039882842,-0.08634955,-0.24744415,-0.044962674,-0.04275471,-0.29563352,0.017518997,-0.04021609,-0.4135522,-0.024919242,-0.03266865,-0.32295114,-0.03875117,-0.036049247,-0.27192575,-0.031651933,0.013753355,-0.28508604,0.010195028,0.031594694,-0.40871727,-0.032631777,0.034674644,-0.34010932,-0.041247964,0.026566088,-0.3005079,-0.03320239,0.065758705,-0.2602967,0.00030524077,0.08792287,-0.30604902,-0.040514525,0.0875296,-0.26360375,-0.054699205,0.07866049,-0.23875785,-0.05456938
-0.07708812,-0.0579018,-0.030635135,-0.08983284,-0.19410557,-0.028760396,-0.018365383,-0.25777167,-0.025652554,0.047233105,-0.26129127,-0.014468247,-0.100874245,-0.28272897,0.0153969275,-0.0996694,-0.38081926,-0.024575323,-0.09025979,-0.30154073,-0.044970628,-0.085133255,-0.24410725,-0.051205244,-0.04048562,-0.2976737,0.016138002,-0.036909103,-0.41233665,-0.03065866,-0.031762004,-0.31398448,-0.045630507,-0.03500092,-0.267159,-0.03861935,0.015498459,-0.28705835,0.006726158,0.034350336,-0.40743414,-0.040138166,0.035472095,-0.330074,-0.046992637,0.02797848,-0.29376224,-0.037122287,0.06782657,-0.26181614,-0.0054649115,0.08912659,-0.30639964,-0.04761298,0.08611089,-0.25557578,-0.059652224,0.07642788,-0.23076475,-0.057925247
-0.07379323,-0.055236876,-0.02522832,-0.08975321,-0.18987173,-0.020528926,-0.018990636,-0.2492798,-0.014919747,0.05240965,-0.24204522,-0.0023608836,-0.09958333,-0.27292,0.012727206,-0.10212338,-0.3757982,-0.021068705,-0.09084284,-0.30321893,-0.037478242,-0.08446199,-0.24592674,-0.042064767,-0.041630983,-0.28805566,0.01278203,-0.03979671,-0.40724123,-0.025894914,-0.03327459,-0.31915826,-0.03700212,-0.034757733,-0.2706542,-0.029497841,0.0138911605,-0.2769184,0.0040563196,0.033087134,-0.40084815,-0.035758674,0.03360623,-0.3340091,-0.043328412,0.024821281,-0.29785037,-0.035934992,0.06568861,-0.25124454,-0.0068295915,0.08962977,-0.30275244,-0.045451466,0.08696288,-0.25956422,-0.05827858,0.076120615,-0.23198032,-0.058397435
-0.07624608,-0.05520892,-0.031002486,-0.092414856,-0.18912154,-0.031121826,-0.02193141,-0.2532037,-0.030410627,0.04987514,-0.25137645,-0.022319451,-0.100807786,-0.27734917,0.011820357,-0.101642966,-0.3767964,-0.027403561,-0.09344548,-0.3035709,-0.048260327,-0.08889586,-0.24557716,-0.055266187,-0.04220748,-0.29319504,0.012673682,-0.03993976,-0.40755296,-0.031505063,-0.035053134,-0.31830022,-0.04661411,-0.0381096,-0.270894,-0.041222766,0.013736784,-0.28207377,0.0037432392,0.03162366,-0.4056197,-0.04168834,0.032149613,-0.33215386,-0.05061065,0.022952378,-0.2891225,-0.04279858,0.06707722,-0.2555256,-0.007886418,0.08945435,-0.30426952,-0.050376523,0.086800694,-0.25862312,-0.064524405,0.075917006,-0.2303546,-0.0644139
-0.07603651,-0.059725583,-0.02894287,-0.091198266,-0.19807541,-0.02458996,-0.01789409,-0.25977123,-0.018793123,0.055934668,-0.2497682,-0.0052138227,-0.10088009,-0.27981722,0.01643006,-0.10000551,-0.37864435,-0.01826023,-0.09343392,-0.30566376,-0.03589795,-0.09055114,-0.24803329,-0.04127587,-0.043065786,-0.29582694,0.01823271,-0.039185643,-0.41340292,-0.02315664,-0.03470671,-0.32559982,-0.036527425,-0.03764242,-0.27657676,-0.029538635,0.012635589,-0.28507054,0.010383918,0.033287406,-0.40924805,-0.032561332,0.03408003,-0.33923888,-0.04345061,0.024777532,-0.29796582,-0.036975257,0.06529009,-0.25965852,2.547027e-05,0.09062523,-0.30439833,-0.042255156,0.08904821,-0.26310897,-0.059900563,0.07883376,-0.2384631,-0.062422995
-0.0763762,-0.065402985,-0.029425098,-0.09078485,-0.19984245,-0.029443821,-0.024401486,-0.26534557,-0.028446872,0.044252932,-0.2625919,-0.018881736,-0.101484,-0.2863019,0.012428539,-0.097616255,-0.3893287,-0.023659768,-0.08691007,-0.31741476,-0.0417838,-0.08602965,-0.26158363,-0.04693546,-0.040282965,-0.29704148,0.014350314,-0.036588192,-0.41417858,-0.023063593,-0.027059853,-0.33519372,-0.03337244,-0.030461013,-0.29329035,-0.02657186,0.017466843,-0.28138614,0.0067790207,0.033159256,-0.4000836,-0.031488385,0.038954794,-0.34065926,-0.03534221,0.02955532,-0.30782208,-0.02597535,0.06818634,-0.2515157,-0.003656586,0.08811623,-0.3064579,-0.039032325,0.09079212,-0.27579314,-0.048376683,0.08115494,-0.2570179,-0.04606061
-0.075718224,-0.06449491,-0.023753738,-0.09090698,-0.20279574,-0.020972652,-0.021317244,-0.26407015,-0.018546816,0.050018787,-0.25463974,-0.009565415,-0.09423518,-0.28422272,0.011719097,-0.09281367,-0.39172682,-0.022014143,-0.08676988,-0.3193918,-0.039208468,-0.0858134,-0.25915974,-0.044462718,-0.03538859,-0.2965187,0.010531966,-0.029863954,-0.41863015,-0.027300682,-0.025730968,-0.33137268,-0.039522406,-0.03099072,-0.27761656,-0.033448063,0.020911038,-0.28281242,0.0011750293,0.038741052,-0.4091418,-0.03635818,0.040705025,-0.3377545,-0.04267689,0.030119896,-0.29156935,-0.034926407,0.07122105,-0.25371242,-0.010422329,0.09445238,-0.30918977,-0.04633121,0.092822075,-0.26671362,-0.05746108,0.08078098,-0.2357772,-0.056621257
-0.07079464,-0.06555331,-0.019046385,-0.08001089,-0.20432734,-0.017184533,-0.0077188015,-0.262259,-0.016214533,0.06195599,-0.26846415,-0.009850837,-0.08638346,-0.28849673,0.0071663647,-0.078330755,-0.3862687,-0.026046136,-0.07514387,-0.31295332,-0.04387547,-0.072972596,-0.2540421,-0.050849967,-0.026709676,-0.29807687,0.0024951685,-0.015525103,-0.4175825,-0.038432397,-0.013997078,-0.32663262,-0.052802082,-0.01664126,-0.26798427,-0.04827419,0.02886641,-0.28566653,-0.008977645,0.052358866,-0.4111871,-0.048051655,0.05335653,-0.34341332,-0.055625696,0.046559155,-0.29976988,-0.049623325,0.07877594,-0.25682187,-0.021903187,0.10237241,-0.30982953,-0.057913754,0.09859151,-0.26611352,-0.06835371,0.087791026,-0.23910153,-0.068066046
-0.0698058,-0.06420416,-0.025310323,-0.075285375,-0.20765185,-0.02593086,0.0024091005,-0.26769215,-0.02590417,0.07629639,-0.26821357,-0.019447265,-0.085995555,-0.29597592,0.0022253096,-0.068689406,-0.3889597,-0.0326278,-0.066215396,-0.31085187,-0.05180921,-0.0688647,-0.2576989,-0.06033544,-0.02446717,-0.30669868,0.00025404146,-0.005968094,-0.42130482,-0.042144842,-0.00614053,-0.326016,-0.058006942,-0.015547216,-0.2731824,-0.05510624,0.031922042,-0.29545254,-0.008975134,0.059778452,-0.420268,-0.049320966,0.06023848,-0.347722,-0.058482926,0.04824412,-0.30472845,-0.05383633,0.08178365,-0.26858938,-0.020151995,0.10795587,-0.31974936,-0.05703603,0.10524696,-0.2752933,-0.06940359,0.09247863,-0.25055385,-0.070689045
-0.06364763,-0.061692834,-0.035366543,-0.071135044,-0.20952165,-0.03819745,0.005613625,-0.26778162,-0.037579115,0.080320835,-0.24970526,-0.028971551,-0.08070046,-0.30123913,-0.010357558,-0.04980564,-0.3858218,-0.04657623,-0.052048445,-0.30302364,-0.062927626,-0.059823096,-0.2615372,-0.07068838,-0.019539952,-0.31293958,-0.008631581,0.010179579,-0.42363518,-0.05081136,0.0066052675,-0.32027054,-0.059099916,-0.0051810145,-0.27985466,-0.0520526,0.037536383,-0.29854906,-0.015252705,0.07637513,-0.4170911,-0.057372972,0.07176089,-0.33074602,-0.059888486,0.05440855,-0.29162258,-0.050836056,0.08858979,-0.26698238,-0.025018394,0.12077218,-0.32141203,-0.06204478,0.11189288,-0.27175385,-0.07143668,0.09179509,-0.24410057,-0.071043
-0.06842923,-0.06484306,-0.03413811,-0.0772571,-0.21199316,-0.037456706,-0.0021915436,-0.26763797,-0.03781201,0.069527864,-0.25268805,-0.030411396,-0.08113307,-0.3062591,-0.010011956,-0.052638054,-0.39205754,-0.048575297,-0.055623114,-0.30658573,-0.06665048,-0.062461972,-0.2601998,-0.07488398,-0.018520415,-0.3154326,-0.009855276,0.009591699,-0.43031302,-0.055189442,0.005634129,-0.32363802,-0.06575836,-0.0056598783,-0.28001708,-0.059228,0.0390836,-0.30025673,-0.018070422,0.077794015,-0.42213696,-0.06256255,0.073228836,-0.3385389,-0.06720869,0.05680716,-0.30203444,-0.059076544,0.08984244,-0.26721132,-0.029145185,0.12142086,-0.3213212,-0.06749792,0.11250085,-0.27202767,-0.0777418,0.09275198,-0.24614167,-0.07778027
-0.07022673,-0.06450009,-0.033882424,-0.07907462,-0.2092976,-0.035824582,-0.003832519,-0.26355785,-0.034774903,0.06803852,-0.24523199,-0.026153246,-0.078825116,-0.30000985,-0.008936001,-0.05025637,-0.3889644,-0.04780652,-0.054079294,-0.30571085,-0.06678168,-0.062044024,-0.2554428,-0.07510042,-0.016774535,-0.3089909,-0.008279876,0.010941327,-0.426454,-0.051797573,0.007399142,-0.3233015,-0.062217467,-0.0043622255,-0.2768669,-0.05626551,0.039959013,-0.29340798,-0.016198142,0.079591215,-0.41876477,-0.059947312,0.07436842,-0.33372012,-0.06436666,0.05645764,-0.29116416,-0.056156695,0.09047723,-0.25889236,-0.02702635,0.124657035,-0.31919336,-0.0652816,0.11482191,-0.2699945,-0.0756426,0.09273577,-0.23982793,-0.07588385
-0.06570959,-0.061089396,-0.03155093,-0.07526857,-0.20712793,-0.035063177,-0.0014799237,-0.26563895,-0.03638246,0.07140523,-0.260316,-0.031121543,-0.07823056,-0.3033309,-0.009576563,-0.06157303,-0.39539817,-0.048193406,-0.06117201,-0.31572258,-0.066451184,-0.061145723,-0.2613418,-0.073832,-0.017144024,-0.31383163,-0.010787199,0.0045498013,-0.4321342,-0.05530073,0.0014160872,-0.32978886,-0.06523421,-0.004970968,-0.28126937,-0.057713922,0.03910476,-0.29641628,-0.020068664,0.07648206,-0.41782826,-0.06383977,0.06943804,-0.3376105,-0.06717901,0.05582255,-0.3014003,-0.057856247,0.08918232,-0.2603048,-0.031922042,0.12127513,-0.31503838,-0.06937841,0.111620426,-0.27003044,-0.07764849,0.09454876,-0.24808526,-0.07600592
-0.06789112,-0.057826877,-0.031633474,-0.078240395,-0.20268196,-0.035654657,-0.005846679,-0.26059848,-0.037691288,0.06648505,-0.25793928,-0.0335285,-0.07919103,-0.29904598,-0.0097873565,-0.063569486,-0.39288855,-0.048355546,-0.06373471,-0.31619918,-0.06914604,-0.065562606,-0.25623167,-0.07815861,-0.018682122,-0.30779636,-0.010861891,-0.00063329935,-0.42944694,-0.05406538,-0.0013582706,-0.33440164,-0.067396335,-0.008470714,-0.27770478,-0.063423105,0.03692299,-0.29026926,-0.019811967,0.07103795,-0.4198972,-0.062180985,0.067204475,-0.34678,-0.069532596,0.05226612,-0.29915315,-0.0636427,0.086995125,-0.2541709,-0.031258002,0.11912501,-0.31796932,-0.06837475,0.11065775,-0.2766329,-0.07891682,0.09024227,-0.24541658,-0.07945079
-0.0759151,-0.059307158,-0.023588808,-0.09037095,-0.19701755,-0.026188204,-0.022159934,-0.2599231,-0.02984071,0.04435724,-0.27371854,-0.028836448,-0.08769643,-0.28605723,0.00040666,-0.09275693,-0.39897525,-0.03680961,-0.081717074,-0.3287182,-0.059331037,-0.07687837,-0.25953746,-0.068391785,-0.027105689,-0.29378778,-0.0044667562,-0.024191737,-0.4207827,-0.043792628,-0.017411172,-0.33831415,-0.06093323,-0.022054791,-0.27575332,-0.06048751,0.028126776,-0.27593166,-0.016656537,0.048957884,-0.40811622,-0.055993427,0.051372766,-0.34713736,-0.065691575,0.040598452,-0.29827917,-0.062049232,0.078859985,-0.2403065,-0.030565532,0.10484946,-0.30755502,-0.06550816,0.10246378,-0.2674275,-0.07371048,0.08695382,-0.22994167,-0.0724596
-0.08050662,-0.059009492,-0.025710043,-0.10872215,-0.20061463,-0.024948025,-0.03901261,-0.2651474,-0.025315959,0.040734112,-0.2398057,-0.019387215,-0.10587442,-0.27049088,0.008956852,-0.11598098,-0.3854801,-0.03096795,-0.11169028,-0.3165103,-0.05107474,-0.106188655,-0.25284415,-0.057072572,-0.04787451,-0.28458768,0.006032109,-0.05444008,-0.4089665,-0.037608363,-0.053812563,-0.33340997,-0.050439417,-0.05141759,-0.28161305,-0.043488428,0.010411978,-0.27321517,-0.006322164,0.020857155,-0.397664,-0.048136868,0.016385674,-0.33681348,-0.055972375,0.0104548335,-0.29715544,-0.048299767,0.06642878,-0.24664688,-0.02139919,0.08002198,-0.3046649,-0.05807079,0.07380617,-0.26186156,-0.06892225,0.06791079,-0.22639251,-0.067862324
-0.07961583,-0.058533967,-0.029250579,-0.10792434,-0.19782835,-0.031190595,-0.03570825,-0.263426,-0.034338042,0.042206645,-0.24497485,-0.03171424,-0.10753095,-0.26597005,0.00910775,-0.12096506,-0.3830514,-0.032609176,-0.11525941,-0.31390622,-0.054166686,-0.10688734,-0.2519803,-0.060644012,-0.049881697,-0.28218985,0.0070625176,-0.056753337,-0.40888435,-0.038071133,-0.05726695,-0.3265069,-0.05093122,-0.05228722,-0.27222627,-0.043437943,0.007939041,-0.27344167,-0.005027031,0.014159203,-0.39568663,-0.049001,0.0061431527,-0.3216986,-0.054349095,0.004070401,-0.27496028,-0.04384318,0.06483328,-0.2500931,-0.020338947,0.069821596,-0.3072489,-0.056976516,0.061629474,-0.25234693,-0.064410195,0.06041497,-0.2104078,-0.06027258
-0.080560625,-0.062357306,-0.027124062,-0.10701054,-0.20162189,-0.027810654,-0.033744812,-0.266797,-0.029744638,0.043902695,-0.24943614,-0.026168017,-0.10846883,-0.2704321,0.009607586,-0.12028253,-0.38546604,-0.028965011,-0.11399877,-0.3158166,-0.04884787,-0.10641074,-0.2531489,-0.05489122,-0.05118394,-0.28726837,0.007552784,-0.0565055,-0.41211218,-0.034943406,-0.055820644,-0.32735723,-0.047413968,-0.051356256,-0.27058917,-0.040091395,0.00600791,-0.2779026,-0.0038046176,0.013741195,-0.3987899,-0.04590696,0.0065740347,-0.32160375,-0.052155137,0.0035302043,-0.2718333,-0.042518966,0.062241137,-0.25326312,-0.017953888,0.06719816,-0.30415678,-0.054336753,0.060129702,-0.25172484,-0.06326211,0.058305144,-0.21406305,-0.06017161
-0.0791958,-0.063786626,-0.023839874,-0.104809225,-0.19936752,-0.024587916,-0.03626287,-0.2643497,-0.027555067,0.0357579,-0.2474255,-0.025501179,-0.1045748,-0.26344812,0.011329637,-0.11708546,-0.37713122,-0.028531514,-0.1120404,-0.31289908,-0.049695037,-0.104156375,-0.25389284,-0.05653681,-0.048493028,-0.27777848,0.006454077,-0.056625545,-0.40070707,-0.03616453,-0.056735456,-0.32362747,-0.04973107,-0.0509367,-0.27414507,-0.043976072,0.008689702,-0.26908737,-0.0075977864,0.013885736,-0.39144683,-0.049344853,0.0055983067,-0.3222047,-0.054638296,0.0038807988,-0.27999392,-0.045192443,0.06529397,-0.24535435,-0.02435296,0.06846565,-0.3067665,-0.05854942,0.059872806,-0.2556039,-0.064379215,0.05891466,-0.21650398,-0.05995259
-0.076778054,-0.05492246,-0.026267955,-0.10949266,-0.18925744,-0.027273377,-0.045244098,-0.25575358,-0.030165145,0.027341604,-0.23525387,-0.027621062,-0.10809153,-0.25771427,0.011145949,-0.11979377,-0.3666133,-0.028491309,-0.11767787,-0.3040204,-0.048169132,-0.11037177,-0.25031114,-0.054060638,-0.0539791,-0.27449298,0.007559441,-0.060373783,-0.3920505,-0.034265134,-0.06256002,-0.30991846,-0.04360249,-0.055160403,-0.26519585,-0.03445475,0.0023071766,-0.2669698,-0.005706888,0.0064953566,-0.37945,-0.046805926,-0.0021912456,-0.29826877,-0.046560798,-0.00056505203,-0.2582,-0.03288039,0.059126973,-0.24368137,-0.022292502,0.05885446,-0.2960649,-0.054341424,0.04980433,-0.2404815,-0.056811947,0.05205977,-0.20704532,-0.049853347
-0.07918435,-0.05448556,-0.029465789,-0.11503059,-0.18616897,-0.029617894,-0.051409304,-0.25549537,-0.03111362,0.022458673,-0.2388919,-0.026628394,-0.11015457,-0.25051183,0.014928201,-0.12153566,-0.35988417,-0.02417253,-0.11899519,-0.3002662,-0.04398521,-0.1123113,-0.25042516,-0.050085377,-0.056614876,-0.26814696,0.013446725,-0.06406599,-0.3864249,-0.028569592,-0.06621784,-0.30540982,-0.038499728,-0.05856985,-0.26352507,-0.02932365,-0.0014868379,-0.26226813,0.0015519432,0.0034179688,-0.3764784,-0.039973993,-0.004434645,-0.29327202,-0.03903484,-0.0022360086,-0.25451797,-0.024188252,0.05505991,-0.24051088,-0.014149702,0.054073155,-0.29184827,-0.045280688,0.044885397,-0.23555082,-0.0469661,0.046892464,-0.20536554,-0.03926501
-0.0786888,-0.059407234,-0.02601471,-0.108829916,-0.18472248,-0.028164862,-0.04503703,-0.24919558,-0.032754444,0.027472138,-0.23677862,-0.03252324,-0.10147983,-0.24857575,0.014277317,-0.11652362,-0.35655725,-0.023266489,-0.11692673,-0.30020678,-0.04319076,-0.1081633,-0.24763376,-0.049890976,-0.049619496,-0.26618084,0.011017538,-0.058745682,-0.3825782,-0.029004168,-0.063332915,-0.303153,-0.039392702,-0.053242445,-0.25742543,-0.03155401,0.0051184893,-0.26024592,-0.0018725424,0.0056325197,-0.3740921,-0.0408596,-0.0050570965,-0.29387623,-0.04050972,-0.000115036964,-0.25219733,-0.027056571,0.06168592,-0.23908734,-0.018188229,0.055348277,-0.29107645,-0.04735352,0.043774366,-0.23646432,-0.048697162,0.04744029,-0.20494801,-0.041390106
-0.08269471,-0.077063024,-0.022835054,-0.10859686,-0.19854516,-0.02212613,-0.042980492,-0.26505488,-0.025693554,0.025674641,-0.2510069,-0.023090692,-0.100975335,-0.25868726,0.034757324,-0.11487508,-0.36603948,-0.0010778137,-0.11550063,-0.30898872,-0.02233172,-0.110182345,-0.2617901,-0.02983043,-0.04857266,-0.27525264,0.030718606,-0.057416677,-0.38954252,-0.0060293544,-0.061008394,-0.313737,-0.018329276,-0.053366244,-0.2766739,-0.012489311,0.006146908,-0.2684778,0.015864262,0.0067567825,-0.3835381,-0.02025423,-0.002995491,-0.30542693,-0.019585522,0.0013818741,-0.26680207,-0.005928893,0.061482072,-0.24722892,-0.0028259032,0.057154,-0.30711904,-0.026383143,0.043759763,-0.2549309,-0.025276242,0.046028018,-0.22385484,-0.016660482
-0.07990098,-0.063712716,-0.026916435,-0.110021114,-0.19116676,-0.027048144,-0.043106258,-0.2567563,-0.02956418,0.031231642,-0.23763925,-0.025019838,-0.1015597,-0.25785697,0.020310264,-0.115277946,-0.36734724,-0.01978243,-0.112475455,-0.2982672,-0.03956679,-0.10553223,-0.24962163,-0.0452818,-0.04883939,-0.27173525,0.017922884,-0.05647105,-0.38808835,-0.023220824,-0.058988094,-0.30208653,-0.03131317,-0.05278188,-0.26542485,-0.021383757,0.0051811934,-0.26433712,0.00460137,0.0080295205,-0.37932703,-0.034873743,-0.00075668097,-0.29517952,-0.030718317,0.0019763112,-0.25976378,-0.014096977,0.061004102,-0.244353,-0.012682747,0.057134032,-0.30365264,-0.039863747,0.045897484,-0.2470175,-0.03875016,0.047805905,-0.21626407,-0.029477613
-0.07750219,-0.058268845,-0.02709706,-0.108899355,-0.19109637,-0.028358154,-0.043878675,-0.25779212,-0.031658098,0.030785441,-0.2353214,-0.028233852,-0.10170102,-0.25983083,0.014397426,-0.11452347,-0.37132537,-0.02496344,-0.115152776,-0.3021535,-0.042617034,-0.10763633,-0.25246394,-0.047434606,-0.049753606,-0.27432713,0.0112915905,-0.057450473,-0.39411432,-0.031128177,-0.0619905,-0.30519864,-0.037476644,-0.053572178,-0.265859,-0.025881806,0.0047955513,-0.2664681,-0.0022441524,0.0054963827,-0.3846404,-0.04217271,-0.0040467978,-0.30059615,-0.036690995,0.0017538667,-0.26780254,-0.019579962,0.062195778,-0.24582285,-0.019656263,0.05571556,-0.3041307,-0.048086803,0.044433773,-0.2459516,-0.047022596,0.04928416,-0.21629989,-0.038098905
-0.077188194,-0.052387238,-0.02814401,-0.1129871,-0.18151897,-0.03085033,-0.051268756,-0.25284445,-0.03555951,0.02369392,-0.24299824,-0.034984153,-0.10501897,-0.25546145,0.011409137,-0.119838476,-0.36454153,-0.025610154,-0.11848962,-0.30789205,-0.04495956,-0.10996443,-0.25617552,-0.05168921,-0.05276245,-0.27587137,0.009141069,-0.06131214,-0.39228755,-0.0284478,-0.063296616,-0.31311977,-0.0365401,-0.053767085,-0.2696614,-0.028251803,0.0016642809,-0.27025065,-0.0028527107,0.003365755,-0.38375992,-0.03895125,-0.004463017,-0.3017448,-0.03556869,0.00040471554,-0.25995165,-0.021327663,0.057803392,-0.24791598,-0.018753186,0.051799297,-0.30122173,-0.04509165,0.04212278,-0.24888206,-0.04458289,0.046794474,-0.22014403,-0.036840603
-0.07924324,-0.068502605,-0.023799755,-0.10896188,-0.19559646,-0.02547801,-0.048387468,-0.26087344,-0.030467134,0.017918289,-0.24894333,-0.02964548,-0.10663074,-0.26836088,0.020049164,-0.11652768,-0.37227947,-0.016445423,-0.1131742,-0.30811968,-0.036881853,-0.11040348,-0.25896385,-0.044479176,-0.05352223,-0.28399992,0.01511232,-0.060121357,-0.39632705,-0.021929333,-0.059758127,-0.31841204,-0.03274636,-0.055491805,-0.27904695,-0.026889045,0.0022539496,-0.275724,0.0005671484,0.005358696,-0.3866511,-0.033750158,-0.00050598383,-0.3113199,-0.031800956,-0.0004956722,-0.274638,-0.019304756,0.057896018,-0.2520595,-0.017702758,0.054887414,-0.30625635,-0.040722072,0.046437383,-0.2577593,-0.03905858,0.04751253,-0.23087117,-0.031174913
-0.07365751,-0.06137389,-0.02441874,-0.09898746,-0.18852651,-0.027743682,-0.03414607,-0.24869657,-0.033270784,0.03917271,-0.23060897,-0.034183178,-0.092353344,-0.25290865,0.0075671906,-0.103838235,-0.360164,-0.027394697,-0.106885076,-0.30343652,-0.045747735,-0.10180405,-0.25483933,-0.05280167,-0.043192804,-0.26772463,0.0035154386,-0.05107218,-0.38488892,-0.033969507,-0.055569887,-0.31260955,-0.04395066,-0.04684639,-0.26795626,-0.037879385,0.010178328,-0.26002243,-0.008934405,0.013968468,-0.381029,-0.044828087,0.0043732524,-0.31108117,-0.045245394,0.008152008,-0.26895016,-0.0344997,0.065925896,-0.23777142,-0.024513468,0.059957445,-0.2973706,-0.052906543,0.05110693,-0.2485381,-0.055589695,0.056479633,-0.21556419,-0.05059691
-0.072452486,-0.06548637,-0.022301286,-0.0955022,-0.19338948,-0.025820812,-0.033314943,-0.25506404,-0.032511078,0.035834372,-0.23183393,-0.034150574,-0.08699745,-0.26440483,0.012865985,-0.09573737,-0.36822015,-0.022195477,-0.09930599,-0.30455747,-0.040651266,-0.09512234,-0.25592947,-0.047829498,-0.0372746,-0.27582395,0.006724447,-0.04262513,-0.39046547,-0.03048839,-0.049117506,-0.31228754,-0.039840087,-0.042457163,-0.26975444,-0.033161487,0.01622647,-0.26448166,-0.0080012195,0.020879328,-0.38157073,-0.04306451,0.007920265,-0.3063799,-0.040611207,0.00984329,-0.26657873,-0.027826168,0.0718106,-0.23824695,-0.025953438,0.06329471,-0.2998228,-0.050618857,0.05112326,-0.24781597,-0.04926055,0.055427432,-0.21530372,-0.04165599
-0.07292843,-0.065021336,-0.024066398,-0.09527534,-0.19525844,-0.02426622,-0.031685114,-0.25587606,-0.027001582,0.038191378,-0.22980917,-0.023232432,-0.08325988,-0.26535633,0.018057667,-0.09242231,-0.36833933,-0.019069355,-0.0958184,-0.30350202,-0.03544721,-0.08920199,-0.2542286,-0.03967083,-0.030833483,-0.27608773,0.014537466,-0.035440743,-0.38655144,-0.025401536,-0.044322193,-0.30350098,-0.030786132,-0.0365026,-0.26583454,-0.019334733,0.02236718,-0.26381215,0.00086493307,0.025201261,-0.37018478,-0.036601376,0.009578168,-0.29006332,-0.02988352,0.014508188,-0.25964484,-0.012699214,0.0761807,-0.23871422,-0.0165076,0.067377865,-0.29060388,-0.041660372,0.05340284,-0.23793653,-0.039688416,0.05985689,-0.21375781,-0.030864498
-0.06898856,-0.067162335,-0.020720275,-0.08837205,-0.19406664,-0.02205881,-0.025435805,-0.24955317,-0.026624205,0.042149663,-0.2207672,-0.026016409,-0.07600474,-0.261657,0.01363161,-0.08609873,-0.36699674,-0.022254312,-0.09127313,-0.3041511,-0.038691465,-0.08460581,-0.25259173,-0.043320827,-0.025806665,-0.27092183,0.0076863775,-0.029314637,-0.3861909,-0.030137168,-0.040208936,-0.30383328,-0.03520694,-0.031790018,-0.26054424,-0.024203792,0.026645362,-0.25639373,-0.007247407,0.03126228,-0.3686213,-0.04337354,0.014156222,-0.28843424,-0.036959246,0.018923879,-0.25020352,-0.020113118,0.0804255,-0.22775188,-0.025339786,0.073740005,-0.28892916,-0.050502524,0.0581553,-0.23588622,-0.04753192,0.06275982,-0.20358819,-0.037881814
-0.0698359,-0.06602895,-0.023762276,-0.09090245,-0.19304979,-0.028353436,-0.0309574,-0.25071144,-0.035866592,0.03720832,-0.22251189,-0.03790046,-0.0735091,-0.25914454,0.010362757,-0.08597791,-0.36078745,-0.025947545,-0.09201729,-0.2979988,-0.043395292,-0.08480853,-0.25201344,-0.049473874,-0.02458036,-0.26889497,0.0052740234,-0.031071365,-0.38020307,-0.034225695,-0.041809797,-0.297808,-0.04105686,-0.032103658,-0.2558474,-0.031439204,0.026470602,-0.2561829,-0.008773575,0.029818833,-0.36853868,-0.044482887,0.011768639,-0.28997925,-0.03872881,0.017421126,-0.2519292,-0.022665974,0.07945913,-0.23013288,-0.026426628,0.070709646,-0.28469318,-0.048985556,0.054975033,-0.23668003,-0.046500616,0.06160921,-0.21037853,-0.03784223
-0.07212651,-0.07033527,-0.02471715,-0.092161715,-0.20061219,-0.029293222,-0.027627528,-0.26055893,-0.036732092,0.043592215,-0.24222147,-0.038304318,-0.07130426,-0.25849038,0.010611559,-0.08456105,-0.35713112,-0.027226806,-0.09178567,-0.28686902,-0.04470427,-0.08380407,-0.24486643,-0.050519314,-0.023021817,-0.2667181,0.0057594758,-0.029539764,-0.37536335,-0.035090547,-0.042307496,-0.28835618,-0.0416022,-0.031728745,-0.25288683,-0.031508334,0.02766943,-0.25379544,-0.0084756315,0.029775858,-0.36751884,-0.046485797,0.009651363,-0.28521422,-0.03929995,0.016157746,-0.24935749,-0.02145301,0.08097327,-0.22806549,-0.026399542,0.06902599,-0.28864315,-0.050176814,0.050029337,-0.23803693,-0.046291076,0.055529416,-0.2094981,-0.035998743
-0.07471955,-0.083550036,-0.01406013,-0.09041017,-0.19477415,-0.014351155,-0.030070245,-0.25141394,-0.021141466,0.033528328,-0.24526161,-0.023460397,-0.072345614,-0.23763138,0.032387104,-0.08443546,-0.34255207,0.001583783,-0.089277565,-0.2846338,-0.016571593,-0.08079463,-0.24239767,-0.023376925,-0.025127709,-0.24875504,0.02453554,-0.029854357,-0.3621725,-0.009485315,-0.042807996,-0.28903452,-0.021601826,-0.034015298,-0.24928147,-0.016763788,0.024230778,-0.24369186,0.0082777785,0.025651276,-0.35752392,-0.02243919,0.0053669214,-0.2853045,-0.018867835,0.0103779435,-0.24439758,-0.0043798746,0.07503724,-0.22544807,-0.011089787,0.06342453,-0.29645288,-0.026074184,0.04420215,-0.25046957,-0.019115126,0.04912144,-0.21560496,-0.007642247
-0.06896567,-0.077557206,-0.013891442,-0.084308445,-0.19062656,-0.014164849,-0.025056124,-0.24632758,-0.020417659,0.037959576,-0.2313518,-0.021562072,-0.069126606,-0.241822,0.02749964,-0.080366194,-0.3462591,-0.003076596,-0.083387315,-0.28367722,-0.02042438,-0.07488352,-0.24221736,-0.027302358,-0.022437751,-0.25148004,0.019825026,-0.025563836,-0.36262062,-0.012544452,-0.03763485,-0.28694645,-0.021864833,-0.030189276,-0.25049657,-0.016408266,0.02702713,-0.24480963,0.003985364,0.030845761,-0.3573356,-0.023637284,0.0111067295,-0.28641608,-0.017577955,0.01588875,-0.24930757,-0.0033283366,0.07818103,-0.22615379,-0.015195119,0.06769723,-0.29341555,-0.028106611,0.04846096,-0.2498051,-0.020707678,0.05349219,-0.21776932,-0.010146403
-0.06954247,-0.06702173,-0.01740055,-0.089883566,-0.19534606,-0.01790231,-0.029731393,-0.2604503,-0.023453847,0.035999477,-0.23740244,-0.023463516,-0.07009053,-0.24535501,0.019607587,-0.07795131,-0.35228944,-0.011602145,-0.08339673,-0.2840373,-0.027031515,-0.07513952,-0.24275142,-0.033283472,-0.02245164,-0.25547302,0.013106887,-0.02479887,-0.36920345,-0.020240435,-0.038202703,-0.29197326,-0.025391093,-0.030159771,-0.25706428,-0.017441867,0.027129292,-0.2488749,-0.001992123,0.030687809,-0.36422214,-0.031073894,0.010950863,-0.29238126,-0.023006035,0.015984833,-0.25577134,-0.007893331,0.07880682,-0.23202246,-0.020839116,0.06869638,-0.3029328,-0.035681278,0.048904717,-0.25810754,-0.029321326,0.05368465,-0.2249825,-0.020167489
-0.07113773,-0.08132881,-0.0104093095,-0.084040046,-0.19658506,-0.008091086,-0.0253945,-0.2537979,-0.013033371,0.033940732,-0.236476,-0.014652494,-0.06441957,-0.23979545,0.036931463,-0.07022989,-0.33979896,0.011133145,-0.07905823,-0.2895126,-0.005724897,-0.073227584,-0.24603546,-0.013126634,-0.018773377,-0.24872863,0.02780556,-0.019082665,-0.3601308,-0.002794612,-0.034921646,-0.29263937,-0.015408889,-0.026910245,-0.24902093,-0.012142626,0.030222893,-0.24172032,0.010992848,0.03348905,-0.35647842,-0.015194676,0.012472928,-0.29096273,-0.013342789,0.018491924,-0.24801803,-0.0018212525,0.08122927,-0.22232419,-0.008847191,0.06806451,-0.29450715,-0.020610673,0.04709655,-0.2548005,-0.014837427,0.053031385,-0.22053146,-0.0058292523
-0.07682359,-0.07923144,-0.010100869,-0.0897125,-0.18851191,-0.0064077126,-0.031285882,-0.24415946,-0.0092536565,0.026436865,-0.22676706,-0.008490384,-0.06502253,-0.23840642,0.03844355,-0.070316136,-0.33391526,0.012673857,-0.08285308,-0.2808018,-0.004116252,-0.0801847,-0.23707259,-0.010973717,-0.020060837,-0.24440435,0.030536722,-0.021551669,-0.3518902,0.0002155309,-0.04049754,-0.28600347,-0.013661307,-0.0347625,-0.2439214,-0.011184728,0.028189361,-0.23661977,0.015021298,0.031467676,-0.3520586,-0.012970736,0.0077975392,-0.2880261,-0.014596467,0.011319518,-0.2432454,-0.0044960845,0.07805741,-0.21716219,-0.0028915098,0.064607024,-0.29028538,-0.01752672,0.042162955,-0.25186306,-0.01480004,0.04687351,-0.21668673,-0.0069811973
-0.07537943,-0.07267833,-0.01230047,-0.08996117,-0.18252563,-0.009411933,-0.032772064,-0.24255964,-0.01233264,0.026600838,-0.22490919,-0.011200715,-0.06407517,-0.22574222,0.032982506,-0.0685305,-0.32276082,0.0074212183,-0.08162296,-0.2688506,-0.00802658,-0.07800239,-0.22690964,-0.01433719,-0.02056098,-0.23249236,0.026727086,-0.020949423,-0.34007013,-0.0034070045,-0.040424168,-0.27502272,-0.014876181,-0.034253716,-0.23566693,-0.011175173,0.026302993,-0.2270197,0.012981366,0.03097117,-0.34293425,-0.014648385,0.0070620775,-0.28009874,-0.0135834105,0.010730267,-0.23690385,-0.0020337608,0.0754379,-0.21049717,-0.0034814458,0.06554365,-0.28831735,-0.017686337,0.041668892,-0.2489239,-0.013637498,0.044242203,-0.21059051,-0.005180984
-0.07520419,-0.070099354,-0.009805766,-0.09102929,-0.17038107,-0.005043849,-0.036385357,-0.22730353,-0.0066465195,0.019354343,-0.21725634,-0.0050008674,-0.06647861,-0.21400744,0.041045725,-0.07101941,-0.30481362,0.01963247,-0.08103198,-0.25866508,0.004165429,-0.077359736,-0.21885896,-0.0024837859,-0.022764564,-0.22156769,0.03452175,-0.021847188,-0.3236645,0.008557083,-0.039197803,-0.2655392,-0.005179737,-0.035314143,-0.22597307,-0.003796793,0.023535669,-0.2168769,0.020836847,0.028771758,-0.3276735,-0.0038083235,0.008034468,-0.26893398,-0.004931355,0.0106211305,-0.22490895,0.0047928975,0.072363496,-0.20094973,0.004759939,0.06519997,-0.27712482,-0.0074264514,0.04363215,-0.23962396,-0.0028027145,0.044430017,-0.20214242,0.0060549076
-0.08384013,-0.08157897,0.009064929,-0.09820145,-0.17155093,0.032962758,-0.05188036,-0.2284624,0.04929691,-0.0055158734,-0.21914089,0.06949064,-0.071552455,-0.20719975,0.09180692,-0.07636964,-0.29447335,0.094100416,-0.08739066,-0.27277258,0.08375052,-0.08949345,-0.2382049,0.07805672,-0.028822064,-0.21723276,0.08694355,-0.029369771,-0.3188011,0.08594781,-0.046275496,-0.28635758,0.066403635,-0.05170721,-0.251217,0.05834687,0.016272128,-0.21650755,0.07595546,0.023288786,-0.32931247,0.072588146,0.0023568869,-0.29494223,0.058715086,-0.00018322468,-0.24764436,0.054369546,0.0648306,-0.20645696,0.064321294,0.058661103,-0.2836308,0.06647734,0.038654983,-0.25876242,0.06561887,0.036619306,-0.22059667,0.067203335
-0.0771482,-0.075146675,0.0045649204,-0.094809115,-0.15887272,0.021164363,-0.050157547,-0.21457374,0.02992237,-0.0010988712,-0.21556842,0.04081663,-0.06699228,-0.19858718,0.07307533,-0.074825466,-0.27908355,0.06985675,-0.08254129,-0.2585414,0.059271753,-0.08287209,-0.22888446,0.053651854,-0.024332702,-0.21177822,0.06602018,-0.025411844,-0.30418953,0.05876243,-0.038948,-0.2634586,0.04230609,-0.042002738,-0.22487062,0.037620332,0.020391822,-0.21194553,0.053284325,0.024751544,-0.31539676,0.04308081,0.007178247,-0.27057856,0.03508972,0.006283462,-0.22427028,0.036340665,0.06729591,-0.19925565,0.039787717,0.057849348,-0.27278292,0.03733301,0.04063177,-0.24002007,0.041262012,0.041288614,-0.20153213,0.04746619
-0.07325107,-0.08158547,-0.00070830755,-0.086550176,-0.16623044,0.0088105155,-0.036560893,-0.2180329,0.010063487,0.015537858,-0.22346586,0.013030651,-0.05923164,-0.20248419,0.060896307,-0.065855324,-0.288615,0.048613265,-0.07633072,-0.2617679,0.033202432,-0.076203585,-0.22303581,0.025675034,-0.01779741,-0.21292382,0.05337088,-0.01570201,-0.31153783,0.03856105,-0.033791065,-0.26940185,0.021498097,-0.03665638,-0.22484952,0.016986059,0.025275469,-0.21012586,0.039455626,0.03240758,-0.31726742,0.02438688,0.011558235,-0.27319404,0.019157954,0.011496544,-0.22300464,0.022700919,0.07130277,-0.19472241,0.023868468,0.06403607,-0.27440158,0.018210826,0.043839097,-0.24750179,0.022664411,0.043426216,-0.20828122,0.02953277
-0.0738101,-0.07786703,-0.00094177405,-0.086090386,-0.16498989,0.009010933,-0.035983443,-0.21922177,0.0109798275,0.01578945,-0.22359127,0.015513095,-0.057570994,-0.20147753,0.060116217,-0.063825846,-0.28939876,0.04758624,-0.07174218,-0.25482938,0.03278785,-0.0688833,-0.21670151,0.02556952,-0.015258431,-0.21216333,0.05307088,-0.01412195,-0.31419137,0.037882842,-0.030020416,-0.26780903,0.021684684,-0.031022191,-0.22535431,0.017845213,0.027871251,-0.21062994,0.03966097,0.033770144,-0.32029623,0.024631845,0.012580276,-0.27287036,0.021094708,0.012219608,-0.2226361,0.025903754,0.07436949,-0.19754374,0.024510682,0.06595105,-0.27658373,0.020400466,0.044011533,-0.24761915,0.026214488,0.042204916,-0.20824432,0.0338188
-0.07153237,-0.07582766,-0.008100578,-0.085262895,-0.17411995,-0.0017844002,-0.030822217,-0.23433965,-0.0024776743,0.027077436,-0.22322571,0.00030815238,-0.061797857,-0.21028167,0.049393687,-0.06932157,-0.30160028,0.03139535,-0.076571345,-0.25636113,0.016480362,-0.06976426,-0.2175054,0.009722719,-0.019753814,-0.22069746,0.04392117,-0.0192914,-0.3276115,0.022341406,-0.03460431,-0.27269915,0.009194538,-0.030342698,-0.23097062,0.0097161075,0.024496198,-0.2190246,0.031036107,0.029126287,-0.33160612,0.010780238,0.008282721,-0.27612975,0.009276414,0.011302352,-0.22738135,0.017532775,0.071920216,-0.20739293,0.015571167,0.06113416,-0.28734612,0.007704851,0.04031658,-0.2540171,0.012026042,0.042838216,-0.21386659,0.019563042
-0.074965596,-0.06237912,-0.020185612,-0.101251096,-0.19064766,-0.024688682,-0.040708423,-0.25876176,-0.033384133,0.028699875,-0.22759444,-0.037033632,-0.08304274,-0.25324947,0.010477501,-0.09635928,-0.3657082,-0.023183247,-0.10324603,-0.29730695,-0.040867016,-0.0952476,-0.25156516,-0.048865803,-0.03583795,-0.26383382,0.003267949,-0.043068588,-0.38370132,-0.033492625,-0.05830902,-0.30462313,-0.04292296,-0.050380945,-0.26338655,-0.037401397,0.014803529,-0.25528002,-0.01188023,0.015987098,-0.38069534,-0.044986114,-0.006273806,-0.3056908,-0.042570785,-0.00168854,-0.26157224,-0.030487562,0.07020569,-0.23338264,-0.030328581,0.054299712,-0.3024515,-0.050931364,0.032396078,-0.25534165,-0.049131993,0.037322223,-0.21837342,-0.042289183
-0.07702392,-0.058088183,-0.025113286,-0.10556579,-0.20746261,-0.029339634,-0.034786403,-0.2731213,-0.035260502,0.04407382,-0.23781025,-0.036288705,-0.087864876,-0.29122907,0.001324318,-0.10985878,-0.39009747,-0.034965064,-0.11471599,-0.3095503,-0.052020617,-0.104041874,-0.26649123,-0.060065694,-0.035110116,-0.3040095,-0.0052036485,-0.051323652,-0.41733563,-0.04530635,-0.06615037,-0.32023436,-0.051393654,-0.054153085,-0.28323555,-0.042352263,0.020995975,-0.28817654,-0.020270905,0.016782045,-0.40379962,-0.05816236,-0.0054476857,-0.3074903,-0.053040102,0.002337873,-0.26949626,-0.03857542,0.080115855,-0.25683206,-0.03874195,0.05783862,-0.3055194,-0.06807303,0.039917827,-0.2425111,-0.068527214,0.051128626,-0.21507078,-0.0619918
-0.074493766,-0.055095136,-0.025212102,-0.10448095,-0.20599252,-0.030482294,-0.032858014,-0.2730041,-0.037489895,0.047320187,-0.24510616,-0.039805487,-0.08801168,-0.28233558,-0.0036443092,-0.10323024,-0.3927219,-0.04425496,-0.10775405,-0.31267357,-0.063349046,-0.09847304,-0.25954992,-0.07130509,-0.03367603,-0.29512513,-0.010595439,-0.045574248,-0.41777,-0.05478625,-0.059567034,-0.31918532,-0.061585195,-0.05005014,-0.27299458,-0.05182744,0.02362585,-0.28043437,-0.026014145,0.022393405,-0.40251687,-0.0672173,0.0027629733,-0.3013146,-0.060470358,0.007870913,-0.253623,-0.04377945,0.083682716,-0.24987221,-0.04466371,0.065800965,-0.3033896,-0.076900885,0.048643827,-0.23764867,-0.076459415,0.056741476,-0.20517963,-0.06856241
-0.076014996,-0.058614373,-0.029099505,-0.10366982,-0.21522337,-0.035251908,-0.029783487,-0.27694917,-0.041933928,0.05291593,-0.23712164,-0.04340518,-0.08554566,-0.30143976,-0.00440056,-0.10462198,-0.39921612,-0.042280454,-0.11107159,-0.3177098,-0.060247432,-0.10195804,-0.26981723,-0.06851478,-0.032255292,-0.31158853,-0.009102983,-0.045651197,-0.42575306,-0.051491864,-0.06169033,-0.3283878,-0.058931924,-0.052039504,-0.28456622,-0.05039198,0.024157763,-0.2936622,-0.022438213,0.02429682,-0.41440815,-0.06383747,0.0015345812,-0.31998754,-0.061823696,0.0062746406,-0.27572173,-0.04863406,0.08386278,-0.2610442,-0.039047707,0.06668919,-0.31286335,-0.072959706,0.048662484,-0.24789107,-0.07625172,0.05620098,-0.21361709,-0.070838094
-0.07340795,-0.05191171,-0.027076365,-0.10043347,-0.20342112,-0.033565916,-0.028228164,-0.2683748,-0.04136659,0.051476717,-0.23762244,-0.044839222,-0.083673894,-0.28739363,-0.0041302075,-0.10120398,-0.3941763,-0.042571373,-0.10874781,-0.31705922,-0.06183886,-0.10025388,-0.2619233,-0.07039418,-0.030152142,-0.2983932,-0.010480778,-0.042415977,-0.41936457,-0.053921226,-0.05738789,-0.3251776,-0.0632709,-0.047083676,-0.27367294,-0.055440415,0.026269376,-0.28124207,-0.02507365,0.027647197,-0.40690172,-0.06640941,0.0066429377,-0.3145815,-0.06469687,0.011003196,-0.266214,-0.051633414,0.08590686,-0.2477017,-0.042701963,0.07025385,-0.30137253,-0.07536598,0.052358866,-0.23632693,-0.077123605,0.059185743,-0.20131195,-0.070951104
-0.0727129,-0.0519585,-0.026203062,-0.10014069,-0.2068761,-0.03158829,-0.025141656,-0.26821285,-0.037859466,0.055170238,-0.23056132,-0.040691946,-0.08527571,-0.29455167,-0.004243355,-0.101350665,-0.3948338,-0.04101329,-0.108638465,-0.31959826,-0.06078943,-0.10050571,-0.26269114,-0.07029214,-0.030528128,-0.30557936,-0.010369931,-0.04245746,-0.42413342,-0.052510887,-0.05844313,-0.33314168,-0.06366855,-0.049960017,-0.2761444,-0.057827562,0.02712965,-0.2878142,-0.024292236,0.031585753,-0.41342887,-0.06642024,0.009116411,-0.3218429,-0.06974511,0.010256529,-0.26562655,-0.060261447,0.08726549,-0.25366098,-0.040669315,0.07321429,-0.3019787,-0.077102065,0.05477625,-0.23488373,-0.08334902,0.059764206,-0.19446075,-0.080076694
-0.078363776,-0.062071145,-0.02669173,-0.10304612,-0.20245236,-0.03562192,-0.031956494,-0.2621686,-0.046141237,0.04284084,-0.24827337,-0.052885994,-0.09465647,-0.29163957,-0.00603752,-0.11595774,-0.38273698,-0.045589738,-0.11241555,-0.30007434,-0.06599184,-0.10199505,-0.24993718,-0.074891984,-0.038317442,-0.30336827,-0.013614095,-0.05167079,-0.4101665,-0.05615325,-0.060711503,-0.30508977,-0.06522411,-0.055136263,-0.25545746,-0.058237307,0.021411598,-0.2850039,-0.029044006,0.023885071,-0.394589,-0.07266422,0.006395519,-0.2878813,-0.06805033,0.0063220263,-0.2356354,-0.05238695,0.08040154,-0.24860048,-0.047145765,0.07309413,-0.30097726,-0.08075667,0.056690753,-0.22699988,-0.07740684,0.05783558,-0.18587309,-0.06670825
-0.07892203,-0.0639531,-0.026809376,-0.1041947,-0.20368528,-0.03579719,-0.035038352,-0.2617466,-0.04634435,0.037275016,-0.25687534,-0.05251849,-0.09174335,-0.29292196,-0.0060007772,-0.11614436,-0.37611768,-0.04698497,-0.11291486,-0.29063404,-0.068192065,-0.100646555,-0.24323744,-0.07748615,-0.03581947,-0.30380246,-0.0132418275,-0.053258896,-0.40654004,-0.05573371,-0.06283641,-0.3001623,-0.06315714,-0.052903116,-0.25277126,-0.055219173,0.022568703,-0.28477883,-0.028664054,0.0210284,-0.38931513,-0.07150342,0.0031363368,-0.28055668,-0.06337017,0.007291734,-0.22833323,-0.04545196,0.07980049,-0.24859947,-0.047118597,0.07076728,-0.29931423,-0.079729825,0.052157283,-0.22515965,-0.07475943,0.054127693,-0.18401706,-0.062825374
-0.08055174,-0.055610895,-0.032148454,-0.11185318,-0.18582469,-0.045994177,-0.041124642,-0.24440897,-0.05977401,0.03473848,-0.24664539,-0.06707696,-0.09935933,-0.29254985,-0.017624194,-0.12749219,-0.3462449,-0.06370028,-0.11862105,-0.25254697,-0.085066356,-0.10052246,-0.22184575,-0.09643746,-0.0411278,-0.30592057,-0.02516798,-0.061617434,-0.37154207,-0.07511955,-0.06815773,-0.25629288,-0.079246454,-0.057180285,-0.23263156,-0.06988231,0.017250776,-0.28871658,-0.041668303,0.010323703,-0.3487904,-0.08761229,-0.0061389804,-0.23358417,-0.07139526,0.00021326542,-0.21073765,-0.050084762,0.07476479,-0.25767,-0.06259215,0.06116426,-0.26775146,-0.09299305,0.040827215,-0.18901664,-0.0843534,0.044523895,-0.1718179,-0.07182334
-0.07633996,-0.047327936,-0.0333508,-0.11744064,-0.16527677,-0.050337113,-0.0581156,-0.22596848,-0.066612065,0.01678294,-0.22974402,-0.07561142,-0.09910631,-0.29412046,-0.020962602,-0.12736553,-0.33407336,-0.07206933,-0.111991644,-0.23452562,-0.09774073,-0.09603524,-0.20908916,-0.11146816,-0.040029168,-0.30115515,-0.028255899,-0.061775982,-0.35066688,-0.0814556,-0.06127906,-0.23020655,-0.08568619,-0.053139806,-0.21296024,-0.07629798,0.019005358,-0.28229442,-0.04472898,0.009899676,-0.32869935,-0.09282335,6.0737133e-05,-0.21061432,-0.07182518,0.0038319826,-0.19242054,-0.04671591,0.07697618,-0.25154263,-0.065767854,0.06557411,-0.26262867,-0.09517655,0.048631072,-0.17901784,-0.08077159,0.048688233,-0.16193432,-0.063378975
-0.07469219,-0.04323697,-0.03273832,-0.11808425,-0.14991307,-0.052177116,-0.06412476,-0.19771647,-0.071305506,0.00946337,-0.18445855,-0.0846636,-0.08839768,-0.30377874,-0.022313582,-0.12160194,-0.3238608,-0.073841475,-0.11278242,-0.23294938,-0.10334803,-0.094100475,-0.20607543,-0.12041819,-0.032154143,-0.30749142,-0.0309552,-0.057668626,-0.34383583,-0.086401,-0.0611102,-0.23016447,-0.094969444,-0.049078047,-0.20696348,-0.08824619,0.023410082,-0.28457856,-0.048300255,0.015267432,-0.31501693,-0.09709712,0.0015848279,-0.20386302,-0.0804679,0.0047448277,-0.18219173,-0.05781355,0.07910401,-0.24837828,-0.07026741,0.07067442,-0.25295556,-0.09974642,0.050248623,-0.17633605,-0.08848419,0.047915995,-0.16159433,-0.07330853
-0.07546687,-0.044416547,-0.040795885,-0.12520033,-0.13459092,-0.06432684,-0.10498381,-0.19021147,-0.08548837,-0.06598234,-0.22595012,-0.09965252,-0.09511286,-0.32284212,-0.028084874,-0.13441765,-0.28101078,-0.07968762,-0.12586355,-0.19509923,-0.11020211,-0.106401086,-0.17118824,-0.12664735,-0.033255577,-0.33233982,-0.03219664,-0.07000208,-0.27378908,-0.08226376,-0.07056862,-0.17890286,-0.09425165,-0.060797095,-0.16894501,-0.09228366,0.02537471,-0.30396706,-0.044885773,0.00067287683,-0.2233929,-0.091178425,-0.00905633,-0.1398226,-0.08235101,-0.005995631,-0.14462489,-0.06677235,0.079110146,-0.25924957,-0.06308686,0.058044016,-0.18414491,-0.08740848,0.039167225,-0.11371213,-0.07813808,0.035606265,-0.11025292,-0.06481835
-0.072310925,-0.04928434,-0.04370856,-0.12467337,-0.1362769,-0.06902773,-0.12433326,-0.19176412,-0.09087843,-0.09658891,-0.23021662,-0.10483019,-0.09439975,-0.3263414,-0.035904936,-0.13114864,-0.2641435,-0.08665999,-0.123328745,-0.17711711,-0.11359587,-0.10532534,-0.15689641,-0.12690507,-0.030928493,-0.32932675,-0.038377248,-0.067142904,-0.24505526,-0.08652372,-0.06844807,-0.15703624,-0.096709624,-0.05994177,-0.15784794,-0.095151335,0.028989255,-0.29771626,-0.048848853,0.00010961294,-0.20502388,-0.09447963,-0.008441329,-0.12988496,-0.08465476,-0.0046314,-0.14219332,-0.06935644,0.08285469,-0.25153163,-0.06489125,0.05991286,-0.18140286,-0.08774293,0.03952676,-0.11440331,-0.07627202,0.03474629,-0.11040008,-0.061716706
-0.07342863,-0.043882847,-0.04581712,-0.12873441,-0.12797517,-0.071569994,-0.12955445,-0.17972934,-0.09269562,-0.09908539,-0.21701413,-0.10603128,-0.10049802,-0.32094854,-0.040091746,-0.14182088,-0.23299748,-0.09079971,-0.12824297,-0.15445322,-0.1174063,-0.10686374,-0.14586723,-0.13087647,-0.034622967,-0.3226344,-0.041044693,-0.0744167,-0.22291899,-0.08954894,-0.07094622,-0.14095789,-0.09906977,-0.05971998,-0.1478098,-0.097492196,0.026324749,-0.29148108,-0.050053433,-0.0038440228,-0.18947852,-0.098146014,-0.008045912,-0.11508262,-0.08833103,-0.0019398928,-0.12517571,-0.072332986,0.08142245,-0.24553996,-0.06467004,0.061719716,-0.17353976,-0.09141977,0.043417215,-0.10393536,-0.081261754,0.03832525,-0.094718695,-0.06667115
-0.070602894,-0.04308325,-0.047805563,-0.1244725,-0.12675762,-0.07286767,-0.1326012,-0.18528968,-0.09214699,-0.110064566,-0.23020834,-0.10287921,-0.1015681,-0.31677428,-0.04323991,-0.14117533,-0.22211331,-0.09226035,-0.12473112,-0.14636749,-0.11597384,-0.102564156,-0.14339972,-0.12742789,-0.033954024,-0.32023987,-0.042122107,-0.07227081,-0.21106237,-0.08946751,-0.06684506,-0.13123554,-0.097286925,-0.05557704,-0.14042282,-0.09463341,0.028439343,-0.29033104,-0.048872516,-0.0026424527,-0.17598563,-0.0955146,-0.0073367953,-0.106933296,-0.0856869,-0.0019399524,-0.12287676,-0.07027823,0.083934546,-0.24534112,-0.061319757,0.06154424,-0.15976262,-0.086793564,0.04219532,-0.09511632,-0.077857636,0.036612213,-0.09230226,-0.064529695
-0.076272726,-0.037169635,-0.053153865,-0.13228023,-0.12250525,-0.08236971,-0.136745,-0.18070483,-0.10436659,-0.104824245,-0.21524137,-0.11780944,-0.10215694,-0.3166725,-0.055247124,-0.13607472,-0.21819949,-0.103873335,-0.12657511,-0.1385513,-0.124911234,-0.11090636,-0.13149261,-0.1348559,-0.032594502,-0.3183493,-0.052465,-0.0671379,-0.20563751,-0.1007792,-0.06825888,-0.12692463,-0.10746258,-0.061456323,-0.13575172,-0.104906194,0.030078769,-0.28721035,-0.057185356,0.002204597,-0.1788395,-0.10720116,-0.0059337616,-0.103616774,-0.097324625,-0.004047036,-0.109998286,-0.081928864,0.08522403,-0.24172413,-0.06767241,0.06857717,-0.16596615,-0.0988244,0.047039628,-0.09292072,-0.0906206,0.03690344,-0.07817918,-0.07733329
-0.07315928,-0.03771913,-0.051904313,-0.12991697,-0.11395651,-0.082041286,-0.14518195,-0.1701014,-0.10516389,-0.12353146,-0.21025503,-0.11967098,-0.09947717,-0.31215024,-0.05547778,-0.12967056,-0.22575575,-0.10295613,-0.12363082,-0.14282292,-0.12337997,-0.11220628,-0.12536752,-0.13255799,-0.03136915,-0.31233642,-0.052837208,-0.06432581,-0.20760208,-0.10056274,-0.067198575,-0.12695843,-0.108785,-0.06393349,-0.1271118,-0.10723287,0.030046463,-0.28196463,-0.05701329,0.0026302338,-0.17765385,-0.105959415,-0.0056072474,-0.10190272,-0.09751337,-0.006581247,-0.10237104,-0.083195165,0.084106386,-0.2369951,-0.066576906,0.067233205,-0.16513288,-0.097599454,0.0475325,-0.09312713,-0.08982173,0.036536098,-0.075504124,-0.0767396
-0.07428247,-0.035134733,-0.053015836,-0.13229871,-0.11147106,-0.082783334,-0.14950031,-0.16677052,-0.10492455,-0.13187689,-0.20533234,-0.118304774,-0.101857185,-0.30894163,-0.05698524,-0.13326278,-0.20771742,-0.102767326,-0.122967124,-0.12895572,-0.12260806,-0.10839206,-0.12199545,-0.13221517,-0.03244698,-0.3125458,-0.05355219,-0.06590277,-0.18937302,-0.09828916,-0.06679338,-0.11577195,-0.105739914,-0.06079185,-0.12712318,-0.10514481,0.03046006,-0.28213817,-0.056885034,0.0007094145,-0.16250682,-0.102096595,-0.006912172,-0.095828116,-0.09341005,-0.004982531,-0.106724024,-0.08076125,0.0852344,-0.23666227,-0.066059016,0.06445676,-0.149117,-0.094867826,0.043962598,-0.08378601,-0.08823669,0.034582555,-0.07520175,-0.0770142
-0.07237953,-0.043664575,-0.03918255,-0.12678576,-0.1284014,-0.061827734,-0.13012153,-0.18891323,-0.081813216,-0.10677391,-0.23406911,-0.09497119,-0.094527304,-0.3265086,-0.030667925,-0.13180363,-0.27142072,-0.082412705,-0.12837708,-0.18492436,-0.11214206,-0.11489242,-0.15459257,-0.1266751,-0.030092955,-0.3291186,-0.034940954,-0.06842142,-0.25441343,-0.084080145,-0.07021415,-0.16064495,-0.095878474,-0.06272286,-0.14843881,-0.09428124,0.030533314,-0.29681054,-0.047141444,0.0021021366,-0.20495391,-0.09397638,-0.0055482984,-0.12586272,-0.08617573,-0.002493322,-0.1291979,-0.071002066,0.085841596,-0.24904191,-0.06431528,0.06377405,-0.1787737,-0.08874746,0.04377711,-0.10938829,-0.078845516,0.037775874,-0.100227416,-0.064526305
-0.080227554,-0.042010307,-0.030459225,-0.13017404,-0.1297313,-0.05041248,-0.116752625,-0.19644928,-0.06914115,-0.085199,-0.24311942,-0.083147824,-0.10236561,-0.3318795,-0.02026538,-0.13365167,-0.2873066,-0.06665247,-0.1290626,-0.20298815,-0.09940848,-0.11653978,-0.15971124,-0.11719509,-0.040911317,-0.33422694,-0.02803514,-0.075571895,-0.29246178,-0.07518671,-0.076660454,-0.19603992,-0.092239514,-0.07007235,-0.15627694,-0.09362688,0.018766522,-0.30671746,-0.042268865,-0.00065523386,-0.2561892,-0.0866764,-0.01233393,-0.1675638,-0.08283,-0.01636535,-0.14061326,-0.069770604,0.07538128,-0.2616978,-0.06007615,0.057569504,-0.22162819,-0.08476643,0.03655094,-0.14539397,-0.0752535,0.02631247,-0.11878842,-0.060722902
-0.07972282,-0.042289674,-0.027587907,-0.12449318,-0.1577527,-0.04209455,-0.07341516,-0.21909231,-0.05728897,-0.0073415637,-0.2274608,-0.06826948,-0.10449141,-0.29451233,-0.0149010075,-0.13839823,-0.33952487,-0.06220007,-0.13256246,-0.25142992,-0.088890165,-0.11646515,-0.20517969,-0.101951055,-0.047154427,-0.3026816,-0.024581293,-0.07914567,-0.36454016,-0.07384083,-0.08230549,-0.25376093,-0.082656115,-0.0705328,-0.20788741,-0.07527577,0.0127437115,-0.2845002,-0.042302154,-0.006290138,-0.33908,-0.09060428,-0.016336322,-0.22406095,-0.08103254,-0.011760473,-0.17685509,-0.061540324,0.07347691,-0.25183725,-0.063050196,0.04981202,-0.2597204,-0.09522673,0.031181276,-0.17551023,-0.0871555,0.029670775,-0.14115256,-0.07286056
-0.083165824,-0.05502546,-0.025035309,-0.12184894,-0.18646926,-0.037867226,-0.058945417,-0.25544465,-0.052744165,0.010727346,-0.2616375,-0.063704014,-0.101735175,-0.29643098,-0.012255132,-0.13764602,-0.363277,-0.05980132,-0.13176054,-0.27203256,-0.08532211,-0.11516273,-0.22576708,-0.09740772,-0.045446634,-0.305989,-0.023477778,-0.078608334,-0.38785648,-0.0742252,-0.08454734,-0.27723733,-0.08461241,-0.070981026,-0.23160303,-0.07794854,0.0140070915,-0.28959492,-0.04249962,-0.007733345,-0.37137392,-0.09097443,-0.019012928,-0.2509237,-0.07973977,-0.010013819,-0.19943124,-0.058755036,0.0746451,-0.2580651,-0.06449411,0.04489273,-0.28563765,-0.096528605,0.0293445,-0.19853151,-0.08694707,0.037213385,-0.16197085,-0.07158904
-0.07652056,-0.0576874,-0.017488519,-0.114923686,-0.1910277,-0.023924325,-0.053750873,-0.25931293,-0.03400554,0.02185285,-0.23696733,-0.040972523,-0.091884196,-0.2813223,-0.0034077656,-0.12185559,-0.37672317,-0.044937998,-0.12391105,-0.29474393,-0.06277527,-0.10903633,-0.24889618,-0.06961789,-0.040842354,-0.2953763,-0.015365568,-0.06763381,-0.40408412,-0.05852973,-0.07861358,-0.29929107,-0.06240487,-0.06341976,-0.26167578,-0.051687416,0.0149616,-0.28158915,-0.035027973,-0.0039399266,-0.38823938,-0.076299146,-0.021772742,-0.27542496,-0.06583197,-0.01038301,-0.23258245,-0.046613608,0.071934104,-0.2508772,-0.057182718,0.03948617,-0.29245618,-0.085500136,0.023070455,-0.21948475,-0.080618866,0.03756517,-0.19335556,-0.07014108
-0.07410008,-0.057239115,-0.01630687,-0.10087621,-0.19351071,-0.01865976,-0.04143989,-0.2577537,-0.025100715,0.028727531,-0.2370063,-0.028655833,-0.08104581,-0.25811142,0.011156072,-0.09834665,-0.36390445,-0.021356365,-0.10778907,-0.30395746,-0.037447307,-0.099790335,-0.25841248,-0.043804772,-0.032981634,-0.2724579,0.002011523,-0.04774487,-0.3919319,-0.036225285,-0.063595116,-0.31048572,-0.04652213,-0.05185455,-0.26396435,-0.039679132,0.019489765,-0.2639995,-0.014279429,0.010186613,-0.38849086,-0.051667977,-0.012071252,-0.3053283,-0.05277489,-0.0038838983,-0.26103184,-0.041353308,0.075167716,-0.24102533,-0.032486234,0.045333743,-0.2980458,-0.059304576,0.025847077,-0.24025995,-0.060347475,0.03718102,-0.20663804,-0.054077912
-0.0728066,-0.056990266,-0.013939941,-0.09939784,-0.19533712,-0.014971692,-0.03883809,-0.26395684,-0.020597575,0.03188032,-0.24939412,-0.023213396,-0.078639865,-0.26481935,0.013017617,-0.09655747,-0.370847,-0.019617345,-0.10419908,-0.30511945,-0.03562029,-0.09381458,-0.2589994,-0.042313054,-0.030745208,-0.2796036,0.0026213054,-0.047026813,-0.3980348,-0.03544803,-0.061860204,-0.3090667,-0.0441115,-0.049910724,-0.26359677,-0.036451355,0.021535337,-0.27104157,-0.014882763,0.009211481,-0.39530745,-0.050805762,-0.011617184,-0.30484056,-0.04703194,-0.00331223,-0.2602973,-0.032929115,0.076511204,-0.24681455,-0.034536123,0.04335183,-0.30227312,-0.060030967,0.024339736,-0.24149054,-0.058345616,0.035935223,-0.20951587,-0.050450724
-0.06966776,-0.060808897,-0.0143990135,-0.09060341,-0.19009835,-0.01631558,-0.030011117,-0.2543953,-0.02333679,0.038661063,-0.24516612,-0.027539399,-0.0643782,-0.25076813,0.015046404,-0.08061612,-0.35637748,-0.017901786,-0.09386414,-0.29916275,-0.035024755,-0.08630842,-0.25087285,-0.04143091,-0.019656539,-0.26392558,0.0059136376,-0.031184077,-0.38213527,-0.031212982,-0.05045992,-0.3037768,-0.04111399,-0.039171696,-0.25709957,-0.034229867,0.029444396,-0.25618434,-0.010381614,0.022081375,-0.3803919,-0.045308087,-0.0020186305,-0.2979551,-0.042506788,0.006161332,-0.25059593,-0.028427454,0.082182944,-0.23388153,-0.028970204,0.056823254,-0.30009505,-0.05174386,0.034480274,-0.24701428,-0.04897939,0.043685317,-0.2115314,-0.04009241
-0.069529414,-0.05464387,-0.015188338,-0.09164578,-0.1791305,-0.016527427,-0.036354184,-0.24455577,-0.02256826,0.029628575,-0.2296803,-0.025598867,-0.059095025,-0.24336249,0.014337342,-0.07331312,-0.35112032,-0.017478302,-0.0888716,-0.29869193,-0.03442202,-0.083257735,-0.24753213,-0.040352188,-0.01672864,-0.25362724,0.0068131136,-0.02573508,-0.37583524,-0.028809922,-0.045904458,-0.30835047,-0.038692307,-0.03543675,-0.257238,-0.03198141,0.029800892,-0.24544638,-0.00774327,0.026004195,-0.37515315,-0.042278007,0.0010997653,-0.3047591,-0.04201865,0.007594824,-0.25206333,-0.029483141,0.08144367,-0.22292536,-0.02450903,0.06170976,-0.298284,-0.04851829,0.0389629,-0.2511537,-0.047995165,0.045868933,-0.2083556,-0.04029521
-0.07053447,-0.06589401,-0.015543851,-0.086523235,-0.19232732,-0.017151706,-0.023859382,-0.25244612,-0.023500118,0.0450086,-0.24382198,-0.026895922,-0.055150032,-0.25267845,0.017535485,-0.069188595,-0.35546607,-0.014620411,-0.08539647,-0.30174017,-0.032576766,-0.0808354,-0.2529567,-0.03931007,-0.011991203,-0.2605484,0.010070664,-0.021372378,-0.37671238,-0.026463548,-0.04217422,-0.30522206,-0.038446087,-0.031973004,-0.25615972,-0.033187237,0.034228504,-0.2505957,-0.0047025485,0.03269303,-0.37879863,-0.0400789,0.0066688657,-0.30684796,-0.040729955,0.012480199,-0.25554287,-0.028630767,0.0846706,-0.22721368,-0.02170977,0.06528002,-0.30220646,-0.046336457,0.042321265,-0.25365007,-0.045903027,0.048668742,-0.21155179,-0.03792859
-0.071804285,-0.069344044,-0.016976543,-0.09068328,-0.19437903,-0.01963338,-0.030970752,-0.2564885,-0.026752662,0.036738634,-0.24583286,-0.030762369,-0.066293895,-0.24782467,0.014860357,-0.07649332,-0.3525507,-0.016359678,-0.08530408,-0.29974595,-0.033053163,-0.07988942,-0.25671667,-0.039547127,-0.020021439,-0.2601264,0.007521473,-0.025877953,-0.38004863,-0.02889089,-0.04044801,-0.3058918,-0.039863143,-0.032109797,-0.25905502,-0.03396819,0.030213177,-0.25320977,-0.006954925,0.032148004,-0.37719566,-0.041402057,0.009988606,-0.30285692,-0.04053707,0.0136422515,-0.2546149,-0.027640345,0.083184004,-0.23261201,-0.023847044,0.06550312,-0.299096,-0.04571324,0.045778513,-0.2535938,-0.043834712,0.051988065,-0.22010678,-0.03565045
-0.06502485,-0.062665224,-0.022068437,-0.08108103,-0.20393103,-0.024951696,-0.011830986,-0.26042646,-0.030374514,0.060301483,-0.23290086,-0.030472256,-0.06666404,-0.2670858,0.0033462737,-0.071532845,-0.38036636,-0.033195265,-0.07698166,-0.30504975,-0.048298713,-0.07182604,-0.25311893,-0.05221225,-0.013399422,-0.27543432,-0.0024121033,-0.014151037,-0.39388776,-0.04078267,-0.029478848,-0.3074926,-0.046717413,-0.025095165,-0.26562786,-0.03713338,0.04177755,-0.26096028,-0.016283242,0.051889837,-0.3813246,-0.05228172,0.030197024,-0.29645723,-0.046785515,0.029677391,-0.25610065,-0.031446524,0.0963012,-0.23147368,-0.03314488,0.095854044,-0.2953561,-0.058066886,0.075832665,-0.24093366,-0.055358443,0.076419175,-0.20729381,-0.04654482
-0.062450826,-0.066784084,-0.025612215,-0.06510502,-0.21207607,-0.026200367,0.010418475,-0.25919777,-0.027753355,0.07971567,-0.22778702,-0.023445476,-0.05934292,-0.27715084,0.0039981543,-0.054733396,-0.39028916,-0.034174003,-0.054398894,-0.31950575,-0.051393274,-0.054478288,-0.26264268,-0.055762384,-0.002780497,-0.28112435,0.00096623576,0.008514583,-0.40104797,-0.03955379,0.002005756,-0.32092977,-0.047852423,-0.00086438656,-0.27685648,-0.03899009,0.052759886,-0.2598642,-0.010961617,0.077471614,-0.3784864,-0.050718546,0.065356076,-0.30858597,-0.051395535,0.057671785,-0.27571577,-0.0400935,0.10522896,-0.22341925,-0.025657475,0.12497854,-0.2803272,-0.058598228,0.110002935,-0.23027027,-0.062871605,0.0987457,-0.1987611,-0.05820074
-0.065074325,-0.067076504,-0.027965913,-0.06935179,-0.21116751,-0.027792783,0.0040789247,-0.25862914,-0.028177425,0.07099837,-0.22333407,-0.021621749,-0.05932969,-0.28402954,0.007917226,-0.056550205,-0.39358893,-0.030495744,-0.058703423,-0.31754348,-0.04676129,-0.05729735,-0.2608729,-0.050484423,-0.0020406842,-0.28697115,0.0060520777,0.00793916,-0.40335336,-0.034695808,-0.001126647,-0.31593972,-0.04005355,-0.0015672445,-0.272447,-0.02873034,0.05286467,-0.2637958,-0.0057575074,0.07666153,-0.38151738,-0.0474908,0.06101054,-0.30394965,-0.045134358,0.056075335,-0.26957574,-0.030974312,0.10593629,-0.22575617,-0.020745618,0.121622145,-0.28104523,-0.056598414,0.10371214,-0.22600746,-0.06067799,0.094979584,-0.19203645,-0.05481745
-0.06830752,-0.06125486,-0.031160787,-0.07596159,-0.2038694,-0.03372137,-0.00444597,-0.25536466,-0.035914015,0.062308013,-0.21936649,-0.031258434,-0.06271684,-0.27974188,-0.00042119002,-0.061791778,-0.39217296,-0.04258868,-0.06186539,-0.31816873,-0.06088627,-0.05900091,-0.2577831,-0.06522055,-0.0034037232,-0.28293774,-0.0013760264,0.0065357685,-0.40190652,-0.044029668,-0.0024508834,-0.3120906,-0.048407424,-0.002773106,-0.26551995,-0.036225647,0.051848948,-0.25954437,-0.012412765,0.07369429,-0.37777102,-0.05441495,0.056591034,-0.29545143,-0.048507754,0.05183375,-0.25710863,-0.031914074,0.10490477,-0.22062981,-0.02709931,0.11864978,-0.27981156,-0.06295921,0.100324094,-0.22412312,-0.06505426,0.09280294,-0.1887021,-0.057626553
-0.068051636,-0.06809789,-0.025980799,-0.074858844,-0.20662779,-0.027876083,-0.003903091,-0.25401777,-0.030425834,0.064896405,-0.2247622,-0.027585316,-0.06085044,-0.26974666,0.0015362467,-0.061501503,-0.38137805,-0.03512433,-0.063054085,-0.31746858,-0.05221133,-0.060538948,-0.26296505,-0.05704401,-0.0033464432,-0.27485493,-0.0010992659,0.0048271418,-0.39298338,-0.040048208,-0.0025182962,-0.31781197,-0.048249893,-0.0017680526,-0.27261603,-0.040039863,0.051955044,-0.2548526,-0.012317284,0.07483363,-0.37654966,-0.051902466,0.06313187,-0.31264222,-0.053746432,0.05983448,-0.27719715,-0.043304984,0.10474604,-0.2191115,-0.026142923,0.12162292,-0.2778585,-0.060519032,0.1075601,-0.23123175,-0.06592877,0.099791825,-0.19739908,-0.06162391
-0.067732036,-0.059274793,-0.029827993,-0.0787186,-0.20210177,-0.029803857,-0.009204507,-0.252159,-0.029541291,0.05858636,-0.21310288,-0.022284184,-0.062093377,-0.27889207,0.0019564815,-0.061798573,-0.39018366,-0.038402386,-0.06526077,-0.3121094,-0.05353239,-0.061443627,-0.25720298,-0.056288343,-0.0050829053,-0.28286135,0.0005460398,0.003450513,-0.40227768,-0.043002807,-0.008568525,-0.30702698,-0.045780536,-0.0061917305,-0.26355043,-0.031496767,0.049853444,-0.26119068,-0.0109908,0.07191163,-0.38018745,-0.054563593,0.053227723,-0.29557937,-0.049202867,0.051466882,-0.26199478,-0.032219213,0.104527116,-0.22427768,-0.025892409,0.11702335,-0.27942017,-0.063204825,0.098229885,-0.22201556,-0.06671019,0.093512595,-0.1892016,-0.059896678
-0.065615535,-0.07131648,-0.026901733,-0.07376969,-0.20919502,-0.031135494,-0.0038693547,-0.25473887,-0.036752615,0.06243974,-0.21437162,-0.03604023,-0.057508886,-0.27375552,0.002667974,-0.0568102,-0.38781685,-0.036051653,-0.06278151,-0.31413373,-0.05196299,-0.0608114,-0.26236743,-0.055866566,-0.0030351281,-0.27506667,-0.0012172096,0.00509876,-0.39453024,-0.044215538,-0.008296788,-0.30721968,-0.050480265,-0.0081371665,-0.26173946,-0.03931374,0.051178157,-0.25350234,-0.01412672,0.07040274,-0.37476006,-0.054180194,0.052176178,-0.2991646,-0.04982148,0.049446106,-0.2632145,-0.034134388,0.10488361,-0.21844488,-0.030301346,0.109562576,-0.27789482,-0.05907049,0.09275776,-0.22614425,-0.05804937,0.09038013,-0.19346845,-0.04935817
-0.068348825,-0.07386845,-0.028357435,-0.07757312,-0.20897704,-0.03214035,-0.005216539,-0.25531167,-0.037132267,0.06352222,-0.21752912,-0.03482944,-0.062007308,-0.27573326,0.0050239894,-0.06280273,-0.38192534,-0.036034744,-0.066611946,-0.2978361,-0.05224807,-0.061475337,-0.25667214,-0.05645495,-0.0069352984,-0.27732137,0.0019253655,0.0015673041,-0.39177832,-0.041845515,-0.01193738,-0.2954495,-0.04465897,-0.00996244,-0.2604669,-0.031214323,0.047389448,-0.2563195,-0.011126743,0.063209,-0.36804312,-0.052794773,0.042894304,-0.2775589,-0.041754298,0.042868376,-0.24415535,-0.020999145,0.101429105,-0.22277123,-0.027915247,0.10035473,-0.28221714,-0.057008006,0.08279073,-0.22238225,-0.052525144,0.08425939,-0.19083619,-0.040837456
-0.06590623,-0.07545984,-0.023124013,-0.073612034,-0.20724136,-0.026521139,-0.003796935,-0.2540696,-0.03259012,0.062375844,-0.21636063,-0.03274897,-0.054551244,-0.27124104,0.007828517,-0.0576061,-0.38108864,-0.031000437,-0.06469184,-0.30677462,-0.047680076,-0.060073078,-0.25889748,-0.052243225,-0.0017644167,-0.27207392,0.002258106,0.004688561,-0.3882844,-0.03897642,-0.0118637085,-0.30162638,-0.044101495,-0.008727729,-0.2606438,-0.033048492,0.050955653,-0.2512362,-0.012323396,0.0663864,-0.3687246,-0.051379092,0.04326451,-0.28670686,-0.043317843,0.043674946,-0.24724609,-0.025032692,0.1038664,-0.21736723,-0.03014438,0.101367354,-0.2814713,-0.056667283,0.08167285,-0.22902453,-0.052701924,0.0837127,-0.19515103,-0.041925464
-0.065831065,-0.07954073,-0.023523841,-0.07378924,-0.20713574,-0.026526462,-0.0051686764,-0.25459716,-0.032351945,0.060571373,-0.22243005,-0.03199185,-0.050714254,-0.26133412,0.008603455,-0.052360237,-0.36958128,-0.029423315,-0.06142664,-0.2940367,-0.045080345,-0.055288255,-0.25464272,-0.049509484,0.00065618753,-0.26159364,0.003890295,0.006986797,-0.37701607,-0.03662822,-0.013005316,-0.28960407,-0.039736345,-0.0076442957,-0.2545732,-0.02758612,0.05259776,-0.24197704,-0.01001401,0.06680697,-0.35894632,-0.0471776,0.04043269,-0.2770214,-0.03570676,0.042829037,-0.23933613,-0.0153754335,0.10570085,-0.21057945,-0.027575957,0.100015104,-0.2794927,-0.050783504,0.07704419,-0.229244,-0.044198602,0.07977426,-0.19630784,-0.031893987
-0.061944067,-0.079282165,-0.02157726,-0.068526626,-0.20704353,-0.022879733,-0.0009742975,-0.25525427,-0.027397672,0.063877225,-0.21858889,-0.026010023,-0.044587553,-0.26137257,0.014723976,-0.04625982,-0.3660366,-0.018874642,-0.057248533,-0.2971277,-0.033896115,-0.053027987,-0.2570173,-0.0389089,0.0037785172,-0.26190817,0.010291285,0.009732008,-0.37164813,-0.024622664,-0.010154545,-0.2914307,-0.027832327,-0.005326569,-0.25868207,-0.01760834,0.053275168,-0.24310255,-0.003142468,0.06901163,-0.35882676,-0.0357246,0.043168843,-0.28446522,-0.025680471,0.044707656,-0.24923408,-0.008065875,0.10441083,-0.21194273,-0.020288162,0.10048312,-0.28370243,-0.04096914,0.077593625,-0.23633009,-0.03500058,0.07903528,-0.20350105,-0.02422619
-0.06393707,-0.08359879,-0.012855513,-0.0688104,-0.20199424,-0.011053626,-0.0073934793,-0.25476933,-0.01587644,0.051730454,-0.2250129,-0.016561305,-0.041946232,-0.24206215,0.032848816,-0.04168409,-0.3445287,0.006469388,-0.05801952,-0.29017538,-0.0096020205,-0.0550375,-0.24547923,-0.01637404,0.0015760064,-0.24445832,0.025843803,0.008670092,-0.3577299,-0.005143775,-0.015259206,-0.29145315,-0.0145216,-0.009839296,-0.24454778,-0.008934244,0.048351824,-0.23149997,0.010832273,0.062307358,-0.35287473,-0.016360555,0.032241166,-0.29010293,-0.0120328,0.034576654,-0.24021423,0.0017154202,0.09815353,-0.20597446,-0.007499667,0.093354166,-0.2876158,-0.019950429,0.06489676,-0.25211704,-0.01438197,0.06540924,-0.211532,-0.0052523245
-0.06636095,-0.08092886,-0.010518305,-0.07269919,-0.19275898,-0.0067748744,-0.014817417,-0.24375087,-0.0104094315,0.044305265,-0.2215625,-0.011349413,-0.04314524,-0.22892374,0.040076315,-0.046356976,-0.32380843,0.01884207,-0.062682986,-0.27978882,0.0035161523,-0.05869901,-0.23601925,-0.0036947788,-0.0020083785,-0.23446035,0.033383258,0.004767835,-0.34353495,0.0055462806,-0.020439029,-0.28539628,-0.006390367,-0.016000032,-0.23451102,-0.0033808015,0.04323113,-0.22559702,0.019229922,0.056958318,-0.3456342,-0.0072911377,0.02615261,-0.28830343,-0.0068536876,0.027912915,-0.23278195,0.0042612776,0.0917778,-0.20405471,0.0022333807,0.08865142,-0.29113796,-0.011791477,0.058637798,-0.2557699,-0.008201054,0.056693852,-0.20704556,-0.00022700476
-0.07034701,-0.080326796,-0.012637895,-0.07634884,-0.19372416,-0.008753325,-0.016334057,-0.24640638,-0.011648873,0.04420817,-0.2257533,-0.011574064,-0.05124557,-0.22946179,0.039573453,-0.054231346,-0.32963657,0.019311469,-0.06771141,-0.28476834,0.004398484,-0.06378025,-0.2371937,-0.0024149693,-0.007830441,-0.23650134,0.034843907,-0.002355218,-0.34785572,0.009190517,-0.023690343,-0.29147843,-0.002538563,-0.019166946,-0.23882592,-0.0003958521,0.038672447,-0.22770488,0.022344006,0.05198747,-0.34957018,-0.0021137656,0.022879303,-0.29672918,-0.0029048822,0.022725582,-0.2401784,0.006206848,0.087547064,-0.20634198,0.006768655,0.08465922,-0.29393655,-0.006660652,0.05585575,-0.26185387,-0.0048123635,0.05292046,-0.21249926,0.0012541692
-0.06343174,-0.07778102,-0.010652616,-0.0722785,-0.19794428,-0.009507684,-0.015965581,-0.250925,-0.015159356,0.041499615,-0.22032434,-0.018030109,-0.0434947,-0.24239326,0.028534168,-0.048839867,-0.3423364,0.0022841839,-0.06444013,-0.2927401,-0.013554806,-0.058247447,-0.24625373,-0.020158075,-0.00055861473,-0.2466585,0.01931277,0.004852295,-0.36170104,-0.012619141,-0.018534541,-0.2947223,-0.022123562,-0.010988712,-0.24295723,-0.015845845,0.045339286,-0.23419112,0.0029946822,0.05671251,-0.3538829,-0.02506189,0.027777255,-0.2923463,-0.021140011,0.032059908,-0.24250638,-0.007070922,0.09466529,-0.20830148,-0.016184565,0.08995724,-0.2953388,-0.029441506,0.061267912,-0.25925052,-0.022851832,0.060910225,-0.21627527,-0.012683077
-0.06704563,-0.07503295,-0.013329579,-0.07853168,-0.19993192,-0.012767859,-0.018240869,-0.258089,-0.017323341,0.04464245,-0.23215461,-0.018286735,-0.051158488,-0.25290948,0.020990497,-0.056734085,-0.35801017,-0.008929675,-0.070653975,-0.29914135,-0.02468747,-0.06310409,-0.2522655,-0.03070891,-0.0049569607,-0.25883156,0.013053584,-0.00268507,-0.3753299,-0.020206567,-0.025975049,-0.30177456,-0.02748326,-0.017216504,-0.2581789,-0.019901058,0.043929636,-0.24608225,-0.0022847315,0.052593052,-0.3672976,-0.032618005,0.023961067,-0.29792553,-0.027438777,0.029688954,-0.25349784,-0.01288887,0.09527731,-0.21965903,-0.020329108,0.08326483,-0.29836506,-0.03786945,0.05626911,-0.25384402,-0.03245379,0.06042087,-0.21375257,-0.022558363
-0.06635624,-0.06935251,-0.01720766,-0.07956064,-0.21023071,-0.017922983,-0.011043131,-0.26255417,-0.021801988,0.061194897,-0.23136306,-0.021907123,-0.054080904,-0.27281165,0.00817381,-0.06229055,-0.38183245,-0.02620948,-0.07690638,-0.3145699,-0.04226337,-0.07281935,-0.26513776,-0.048571263,-0.0045427084,-0.27971143,0.00011404936,-0.0074443817,-0.39958823,-0.03941895,-0.030209064,-0.31402382,-0.04711405,-0.024009645,-0.26749048,-0.03878057,0.047167957,-0.26271057,-0.015385053,0.052464962,-0.39047158,-0.053848438,0.023793042,-0.3068033,-0.050542038,0.025182426,-0.2613932,-0.036540892,0.100571156,-0.23082387,-0.033070862,0.08303803,-0.29711008,-0.06295,0.060063004,-0.24001628,-0.06297342,0.06558901,-0.2020346,-0.055530276
-0.07050151,-0.06669271,-0.016432961,-0.088204324,-0.2075414,-0.017896088,-0.023919284,-0.26341915,-0.023358146,0.04590082,-0.23152071,-0.02466194,-0.060114086,-0.27961534,0.0095626535,-0.0757826,-0.3910142,-0.02678776,-0.089095235,-0.31914735,-0.042901494,-0.081074834,-0.2689082,-0.048515886,-0.010842741,-0.28437328,0.0006170787,-0.020032883,-0.4070147,-0.03875552,-0.043140292,-0.31523216,-0.043990627,-0.032846093,-0.2719025,-0.03357574,0.040472448,-0.26521224,-0.016170505,0.03948444,-0.39152887,-0.053847548,0.008416355,-0.29925638,-0.046771996,0.013602912,-0.25344265,-0.029631285,0.09476167,-0.23201382,-0.035435114,0.072261274,-0.29613012,-0.062263772,0.04576236,-0.23862314,-0.059702028,0.05241537,-0.2029075,-0.0503727
-0.07325947,-0.07433146,-0.017447785,-0.08879763,-0.20863259,-0.022665957,-0.021867692,-0.26045883,-0.032433692,0.049119532,-0.23872077,-0.038969386,-0.058532774,-0.27578866,0.00958542,-0.07276493,-0.38566625,-0.02735677,-0.08788055,-0.3251415,-0.047193553,-0.08235568,-0.2751081,-0.055388495,-0.009875834,-0.28112116,-0.00023320234,-0.020907462,-0.40424305,-0.041593786,-0.042491674,-0.3229538,-0.054087035,-0.031338215,-0.27047032,-0.048781253,0.041816294,-0.26394457,-0.017562376,0.039264202,-0.39430976,-0.055802733,0.009260118,-0.31313866,-0.05564269,0.013612092,-0.26069272,-0.043259107,0.09663445,-0.23132247,-0.037273813,0.07053727,-0.29224813,-0.06274507,0.043622315,-0.23901546,-0.062260605,0.049374342,-0.20094222,-0.054888017
-0.075663686,-0.07027048,-0.017834544,-0.09639162,-0.21648932,-0.021293646,-0.027218997,-0.2772714,-0.029028576,0.04677826,-0.2530362,-0.03289291,-0.06688613,-0.28581238,0.008664765,-0.08256459,-0.39791656,-0.028908445,-0.093651175,-0.32408017,-0.048202503,-0.084875524,-0.2703874,-0.056391034,-0.015546739,-0.29155034,-0.0015213542,-0.028885543,-0.41734964,-0.04448877,-0.04804778,-0.3225014,-0.054319188,-0.034534812,-0.26791096,-0.046060327,0.03831488,-0.2731228,-0.019490788,0.0316602,-0.40140843,-0.05757715,0.004594207,-0.30459955,-0.051625945,0.012177527,-0.251009,-0.034908425,0.09453058,-0.23978537,-0.04033422,0.06467086,-0.29679236,-0.06567753,0.040733874,-0.23559415,-0.06242929,0.050242066,-0.20146865,-0.052877653
-0.074615955,-0.07246864,-0.018091848,-0.09508222,-0.22113526,-0.021895057,-0.0267964,-0.28331286,-0.029942404,0.046646357,-0.2562037,-0.034355525,-0.068680406,-0.28722376,0.0070332848,-0.085276306,-0.3998261,-0.029057922,-0.095915556,-0.32586336,-0.04722125,-0.08706832,-0.2744187,-0.05504626,-0.018240273,-0.2947538,-0.0032058344,-0.031318545,-0.4221338,-0.044732004,-0.0502674,-0.33032495,-0.054253694,-0.03778988,-0.27590036,-0.046351712,0.03620118,-0.27745593,-0.020966621,0.030590892,-0.4099372,-0.059198316,0.0043091774,-0.31708497,-0.05536232,0.011543155,-0.2627555,-0.040353056,0.09382665,-0.24433315,-0.04136527,0.0666545,-0.30371085,-0.06761506,0.04262799,-0.24328262,-0.06572433,0.050812304,-0.20601177,-0.057349462
-0.07542372,-0.06426716,-0.017246831,-0.09953022,-0.21429265,-0.020515574,-0.030372143,-0.2799927,-0.027783612,0.045250177,-0.25304598,-0.03181185,-0.073123395,-0.28509474,0.0045416025,-0.09209311,-0.39969194,-0.03387578,-0.10102284,-0.3289443,-0.05344346,-0.09004974,-0.27306396,-0.061866533,-0.019541562,-0.29392064,-0.006654969,-0.03390795,-0.42146623,-0.050835297,-0.05381918,-0.3288446,-0.061125033,-0.042089164,-0.27347535,-0.05348256,0.03587258,-0.27616596,-0.025220487,0.028471828,-0.40427032,-0.065243766,0.0011329055,-0.30334216,-0.05971012,0.0070824027,-0.2488606,-0.043541666,0.09291792,-0.2426982,-0.04635133,0.0608626,-0.2936324,-0.07501864,0.03796351,-0.22659361,-0.073059045,0.048257113,-0.19228631,-0.06443447
-0.07823533,-0.069708884,-0.018901262,-0.09997624,-0.22198677,-0.022018604,-0.026622176,-0.2858345,-0.028934462,0.04763192,-0.25510347,-0.03274087,-0.07318592,-0.29645562,0.008332432,-0.09453416,-0.4068539,-0.031665847,-0.10426068,-0.33317477,-0.054164544,-0.09469098,-0.27469903,-0.064039804,-0.020309985,-0.30308288,-0.0022956275,-0.037146747,-0.43004444,-0.047576148,-0.055991292,-0.34055638,-0.06132275,-0.04533851,-0.28207707,-0.055578183,0.035717964,-0.28424728,-0.020912478,0.027532876,-0.4134972,-0.06428736,0.001648426,-0.31673363,-0.0649445,0.006253898,-0.25783896,-0.051847875,0.09383142,-0.24911779,-0.041906126,0.06256664,-0.30248374,-0.07507221,0.04057461,-0.2337262,-0.07710511,0.04978764,-0.19332224,-0.070225924
-0.07825565,-0.06419855,-0.018864369,-0.10109568,-0.21643704,-0.02215796,-0.027594924,-0.2815696,-0.029125692,0.04665917,-0.2527786,-0.033739455,-0.075984836,-0.29667276,0.005824781,-0.097880006,-0.40531835,-0.033866413,-0.10809529,-0.33704266,-0.056627035,-0.09923124,-0.27517015,-0.06650855,-0.022856355,-0.30445826,-0.0048128357,-0.040352643,-0.4301306,-0.049504206,-0.059276998,-0.34499782,-0.063495845,-0.049100935,-0.28310937,-0.058363087,0.0331102,-0.28520268,-0.023212424,0.025975108,-0.4111074,-0.06705962,6.955862e-05,-0.31515053,-0.06950399,0.0034227371,-0.2530725,-0.05787627,0.09174144,-0.24839681,-0.0437639,0.06251603,-0.30072057,-0.077891916,0.039358795,-0.23191512,-0.08110775,0.046295106,-0.18911737,-0.07531819
-0.08352387,-0.07770115,-0.02069512,-0.10398638,-0.22506076,-0.027004244,-0.02728659,-0.2852608,-0.037100386,0.04491079,-0.26744252,-0.044590473,-0.07985437,-0.3137506,0.006590786,-0.106539965,-0.4052674,-0.034354184,-0.11190593,-0.3252681,-0.05810688,-0.10139656,-0.2695164,-0.06861241,-0.024226964,-0.31973115,-0.004138967,-0.044775784,-0.43182266,-0.049605034,-0.06198287,-0.33008134,-0.063441284,-0.05244285,-0.27016038,-0.05810586,0.033275485,-0.2966969,-0.022840966,0.023727238,-0.4106845,-0.0682263,-0.00041782856,-0.30156386,-0.0672467,0.003801465,-0.2368285,-0.052306067,0.09075695,-0.2560585,-0.0439492,0.06351733,-0.30485463,-0.07764234,0.040272117,-0.22914135,-0.07682999,0.04544878,-0.18448275,-0.06725822
-0.081790924,-0.079853475,-0.018849108,-0.10336214,-0.22649473,-0.025654959,-0.030168891,-0.28932118,-0.037083045,0.041573822,-0.2751537,-0.045807846,-0.07790065,-0.31277823,0.006417282,-0.104370356,-0.40934336,-0.035090398,-0.109463215,-0.32892805,-0.05896615,-0.09838861,-0.27210248,-0.06951958,-0.023528576,-0.31992266,-0.0061979657,-0.044222713,-0.43512467,-0.0503154,-0.061078727,-0.33346224,-0.062640056,-0.0502854,-0.2751965,-0.056870624,0.03366691,-0.2978431,-0.026722554,0.023423314,-0.41307813,-0.07050198,-0.0008915663,-0.30243587,-0.06635405,0.0042179823,-0.238832,-0.049866658,0.09123236,-0.25696677,-0.049739685,0.06310928,-0.31101,-0.08011703,0.039578497,-0.23502982,-0.075325705,0.045781672,-0.19066542,-0.06353694
-0.08275318,-0.07508463,-0.020880928,-0.10361755,-0.22416973,-0.029300215,-0.028640687,-0.28909123,-0.041486565,0.044166863,-0.28127903,-0.051169455,-0.08027804,-0.31688207,0.00056766585,-0.10955143,-0.41090882,-0.041819133,-0.11218536,-0.3272128,-0.06572792,-0.10047227,-0.2687267,-0.076039575,-0.023634791,-0.32352236,-0.011442416,-0.045694888,-0.43461728,-0.05544727,-0.06221479,-0.33051684,-0.06755458,-0.052678645,-0.27276492,-0.06214864,0.03508532,-0.30007982,-0.031218726,0.023602724,-0.4135331,-0.07602913,-0.0005213022,-0.30116224,-0.072032265,0.0039548874,-0.23866063,-0.0559254,0.09354478,-0.25786757,-0.053327393,0.06125456,-0.30986977,-0.085066535,0.039097846,-0.2304033,-0.079894684,0.047025323,-0.18561828,-0.06772118
-0.08286971,-0.07184219,-0.021633936,-0.10675901,-0.22464573,-0.029394263,-0.03174907,-0.2906381,-0.04057865,0.04441613,-0.27631098,-0.04907615,-0.078846574,-0.31911772,0.00070637657,-0.10833889,-0.41230267,-0.041687317,-0.11229563,-0.3276814,-0.06611739,-0.100293756,-0.26858288,-0.07717362,-0.022753716,-0.32530257,-0.010724389,-0.046080887,-0.43704286,-0.05707151,-0.06276935,-0.33148503,-0.0697181,-0.052395046,-0.26910263,-0.06365855,0.035113692,-0.3023705,-0.030048575,0.022253275,-0.41450626,-0.07561057,-0.0015330911,-0.3013698,-0.07228143,0.0028315783,-0.23499137,-0.05612946,0.093723595,-0.26117665,-0.051928546,0.06222391,-0.31004494,-0.08508744,0.039269507,-0.22996819,-0.08191941,0.04554856,-0.18360543,-0.07091197
-0.08594656,-0.073723674,-0.025651237,-0.10802287,-0.2304315,-0.033958767,-0.028454006,-0.29102606,-0.043967355,0.04858166,-0.27555752,-0.05044113,-0.08600706,-0.31986493,-0.007338414,-0.11461437,-0.40745878,-0.04901598,-0.113776505,-0.3181756,-0.07054877,-0.10101426,-0.26999533,-0.08078808,-0.027610183,-0.32608867,-0.016616307,-0.050540388,-0.43172342,-0.06216989,-0.0655095,-0.32462108,-0.07250611,-0.056011856,-0.27411467,-0.06637569,0.031852722,-0.30369067,-0.03376301,0.022182405,-0.4131996,-0.0805809,-0.0011531711,-0.30107486,-0.076409094,0.0021085143,-0.24545121,-0.060876243,0.09097779,-0.26454175,-0.05358578,0.06684804,-0.30961853,-0.089968994,0.045564055,-0.22589707,-0.08776082,0.050670326,-0.18301523,-0.07783075
-0.0860849,-0.0761255,-0.025453761,-0.11098361,-0.22451067,-0.037651714,-0.03656131,-0.2886842,-0.052005336,0.0370723,-0.29300356,-0.06255743,-0.084525585,-0.32844114,-0.010007822,-0.118279815,-0.40225422,-0.056618985,-0.11702931,-0.31035888,-0.08245417,-0.10143584,-0.258478,-0.09522257,-0.02532959,-0.33631486,-0.021596804,-0.05510384,-0.42735854,-0.07130206,-0.06936121,-0.31582254,-0.08265908,-0.056106925,-0.26354742,-0.07699525,0.035535574,-0.31225127,-0.041172814,0.018882692,-0.4011928,-0.089253984,-0.0038243532,-0.28170443,-0.08062858,0.0016936064,-0.22558838,-0.062162787,0.0949986,-0.2705484,-0.06377833,0.062483847,-0.29366028,-0.09684252,0.03924215,-0.20853937,-0.090021506,0.04554665,-0.17307198,-0.0772537
-0.088287055,-0.07319385,-0.02757264,-0.11715102,-0.22522765,-0.039377328,-0.04396844,-0.2846861,-0.052760802,0.03207457,-0.2811603,-0.06162341,-0.08988762,-0.32491285,-0.013024228,-0.12172341,-0.4000733,-0.059258528,-0.1198557,-0.30573946,-0.08336432,-0.1049431,-0.25868434,-0.09556197,-0.030009985,-0.33370763,-0.023163233,-0.0578292,-0.42472374,-0.07271299,-0.07112718,-0.31108826,-0.081323124,-0.058166087,-0.26354468,-0.07401158,0.03065461,-0.31102508,-0.041659277,0.014339626,-0.39992052,-0.08866363,-0.0070375204,-0.2802614,-0.078048296,7.867813e-05,-0.23056668,-0.059009645,0.09037703,-0.27217048,-0.063603036,0.058781266,-0.29141694,-0.09638919,0.03648752,-0.20755583,-0.090264544,0.04384625,-0.1761499,-0.07855582
-0.0849573,-0.060921192,-0.03180847,-0.12560147,-0.2009852,-0.04743171,-0.07230067,-0.26624578,-0.064110436,-0.004856169,-0.2638505,-0.074358225,-0.09436798,-0.3225147,-0.015096618,-0.12636662,-0.39489996,-0.069283806,-0.124311864,-0.30041015,-0.09896607,-0.10835028,-0.25167167,-0.113864385,-0.034990788,-0.33015615,-0.024982473,-0.061748266,-0.4135797,-0.08295545,-0.071734905,-0.29751784,-0.09376192,-0.058783114,-0.25337374,-0.08629693,0.025717318,-0.3086658,-0.04418875,0.008888304,-0.38662273,-0.09726187,-0.008776009,-0.26142842,-0.08307138,-0.0010904074,-0.21669239,-0.060440145,0.08758491,-0.27298653,-0.06768253,0.05882609,-0.280532,-0.10262812,0.03509772,-0.19139993,-0.09383985,0.039606333,-0.16329825,-0.07929429
-0.0849573,-0.060921192,-0.03180847,-0.12560147,-0.2009852,-0.04743171,-0.07230067,-0.26624578,-0.064110436,-0.004856169,-0.2638505,-0.074358225,-0.09436798,-0.3225147,-0.015096618,-0.12636662,-0.39489996,-0.069283806,-0.124311864,-0.30041015,-0.09896607,-0.10835028,-0.25167167,-0.113864385,-0.034990788,-0.33015615,-0.024982473,-0.061748266,-0.4135797,-0.08295545,-0.071734905,-0.29751784,-0.09376192,-0.058783114,-0.25337374,-0.08629693,0.025717318,-0.3086658,-0.04418875,0.008888304,-0.38662273,-0.09726187,-0.008776009,-0.26142842,-0.08307138,-0.0010904074,-0.21669239,-0.060440145,0.08758491,-0.27298653,-0.06768253,0.05882609,-0.280532,-0.10262812,0.03509772,-0.19139993,-0.09383985,0.039606333,-0.16329825,-0.07929429
-0.08469719,-0.065811396,-0.027019879,-0.12600827,-0.20651573,-0.040519346,-0.07278746,-0.26688308,-0.056028772,-0.0023015141,-0.24900788,-0.06585279,-0.094215274,-0.32272226,-0.011204069,-0.12728149,-0.38625383,-0.061119255,-0.12352902,-0.29163957,-0.0894832,-0.10832316,-0.25197887,-0.10556255,-0.036074698,-0.33058333,-0.023610419,-0.063982606,-0.41110462,-0.07745772,-0.07319689,-0.29618168,-0.088622056,-0.061915934,-0.25851178,-0.083346166,0.024396777,-0.30942976,-0.04435021,0.01006645,-0.38457367,-0.09193431,-0.007405281,-0.26133806,-0.07751209,-0.0013930798,-0.21858793,-0.056610577,0.08551335,-0.2738487,-0.06928963,0.056775212,-0.28058916,-0.098974995,0.03412944,-0.19444793,-0.0889716,0.038434803,-0.16735709,-0.075165816
-0.08563751,-0.06755084,-0.030137774,-0.12288129,-0.21418583,-0.044971578,-0.05843669,-0.27797925,-0.061319005,0.018566668,-0.2669444,-0.07174511,-0.08556306,-0.3294745,-0.014224969,-0.12526023,-0.3868456,-0.06562913,-0.12499118,-0.289661,-0.09350624,-0.10667944,-0.24666083,-0.108782165,-0.02698052,-0.33727056,-0.02536586,-0.06044537,-0.41051394,-0.080915906,-0.07407421,-0.29305148,-0.09020857,-0.059370577,-0.25394595,-0.08317649,0.03181231,-0.31340325,-0.04549678,0.013081789,-0.37867478,-0.09532499,-0.0070034266,-0.25066435,-0.07906883,0.0024220943,-0.2065013,-0.05640358,0.091163754,-0.27519917,-0.07023688,0.057568073,-0.27396232,-0.1021024,0.033374846,-0.18634617,-0.09290732,0.039873958,-0.16073513,-0.079330236
-0.08626741,-0.07164329,-0.029237542,-0.12001288,-0.21608305,-0.043812145,-0.05324292,-0.27805668,-0.05953098,0.022899628,-0.28343958,-0.06885569,-0.09039575,-0.32736754,-0.016006015,-0.12782013,-0.3885237,-0.06804845,-0.12611932,-0.2919991,-0.09572698,-0.108017564,-0.24623871,-0.11029636,-0.029531002,-0.33667022,-0.027076425,-0.06095153,-0.41009903,-0.08187555,-0.07395518,-0.29303104,-0.090065606,-0.060165286,-0.25279164,-0.08250688,0.031029522,-0.31291342,-0.047101576,0.013865888,-0.37585104,-0.0969443,-0.0074346066,-0.24834448,-0.08071402,-0.00030481815,-0.20549095,-0.058502812,0.09111506,-0.27433455,-0.07141164,0.058285236,-0.26803917,-0.10494148,0.03486997,-0.18246996,-0.096842386,0.041509807,-0.16057754,-0.08391791
-0.09121323,-0.07261276,-0.033871107,-0.12526685,-0.20824015,-0.050664235,-0.0619725,-0.26712412,-0.06749025,0.01170969,-0.27658314,-0.07625567,-0.08910167,-0.34280223,-0.01772825,-0.1347794,-0.37662333,-0.07077822,-0.1277892,-0.27148926,-0.09832396,-0.10632104,-0.2418282,-0.11352675,-0.028214991,-0.34804353,-0.026464727,-0.066841364,-0.39198482,-0.08189547,-0.07385993,-0.26657718,-0.08662453,-0.05948329,-0.2393775,-0.077216975,0.031210601,-0.32047355,-0.04500162,0.009003222,-0.34937364,-0.09477616,-0.00937587,-0.22090161,-0.07344989,-0.0013204813,-0.19033569,-0.04787103,0.089761555,-0.27766323,-0.06879175,0.06062776,-0.26189733,-0.099844314,0.036610723,-0.17807388,-0.08844741,0.040417492,-0.16139352,-0.072931714
-0.09121323,-0.07261276,-0.033871107,-0.12526685,-0.20824015,-0.050664235,-0.0619725,-0.26712412,-0.06749025,0.01170969,-0.27658314,-0.07625567,-0.08910167,-0.34280223,-0.01772825,-0.1347794,-0.37662333,-0.07077822,-0.1277892,-0.27148926,-0.09832396,-0.10632104,-0.2418282,-0.11352675,-0.028214991,-0.34804353,-0.026464727,-0.066841364,-0.39198482,-0.08189547,-0.07385993,-0.26657718,-0.08662453,-0.05948329,-0.2393775,-0.077216975,0.031210601,-0.32047355,-0.04500162,0.009003222,-0.34937364,-0.09477616,-0.00937587,-0.22090161,-0.07344989,-0.0013204813,-0.19033569,-0.04787103,0.089761555,-0.27766323,-0.06879175,0.06062776,-0.26189733,-0.099844314,0.036610723,-0.17807388,-0.08844741,0.040417492,-0.16139352,-0.072931714
-0.088361025,-0.059307337,-0.045349423,-0.12808764,-0.18165797,-0.07038893,-0.07315612,-0.2486161,-0.09188295,-0.014722884,-0.29375142,-0.103530556,-0.08278984,-0.3790078,-0.025247317,-0.13783771,-0.33529878,-0.08201748,-0.1259746,-0.23361778,-0.115646414,-0.10262424,-0.2218098,-0.1353322,-0.020231307,-0.38263756,-0.030597007,-0.07331562,-0.33274585,-0.08881449,-0.07259309,-0.21728456,-0.100029044,-0.05808431,-0.2147798,-0.0963749,0.038964927,-0.34500575,-0.046309683,0.002309978,-0.28268445,-0.09894159,-0.011985064,-0.17430174,-0.08043466,-0.0058366656,-0.17644995,-0.05739796,0.09331399,-0.29107785,-0.06877357,0.06192583,-0.22877479,-0.09854666,0.036200225,-0.14794451,-0.08546531,0.03532529,-0.14559692,-0.06817727
-0.08148348,-0.06053531,-0.042554278,-0.13163215,-0.16669011,-0.06756962,-0.117005825,-0.22827005,-0.09000096,-0.08031255,-0.2672326,-0.104256265,-0.07673156,-0.36902884,-0.032809258,-0.13240844,-0.32603288,-0.087385066,-0.12664014,-0.22847426,-0.1155724,-0.105516136,-0.20387089,-0.12926258,-0.011265278,-0.3679,-0.038321387,-0.06724566,-0.30113637,-0.09053957,-0.06989312,-0.19185376,-0.09886635,-0.056217015,-0.18546629,-0.09407131,0.049373686,-0.32744217,-0.052889228,0.004166007,-0.25086546,-0.105556354,-0.008661807,-0.15447855,-0.09308779,0.00027531385,-0.16038132,-0.07341754,0.10464078,-0.27033383,-0.072728895,0.06946027,-0.21006578,-0.100943014,0.04033822,-0.13035941,-0.08803325,0.035218,-0.119802,-0.07059479
-0.088373005,-0.055460393,-0.05429739,-0.12954342,-0.16334271,-0.08627441,-0.08658135,-0.2207542,-0.112968795,-0.026136339,-0.25812513,-0.13062054,-0.08017701,-0.36592454,-0.047346625,-0.14197636,-0.3046211,-0.10644566,-0.1326124,-0.20893681,-0.13818425,-0.105545044,-0.19738942,-0.15554951,-0.010723054,-0.3679773,-0.049066298,-0.06765807,-0.28822893,-0.10523911,-0.07200688,-0.18625903,-0.11586345,-0.058113754,-0.19411659,-0.114079826,0.05106944,-0.32779723,-0.06045417,0.0058760047,-0.24320757,-0.11617581,-0.010701656,-0.14830428,-0.10372596,-0.002656877,-0.16163903,-0.085360155,0.10502875,-0.2703477,-0.07843089,0.068594694,-0.194794,-0.10982492,0.037876666,-0.11523658,-0.09830247,0.033132315,-0.110927045,-0.082519
-0.08561957,-0.059021592,-0.052006308,-0.13561338,-0.16393042,-0.08120804,-0.12282628,-0.23057187,-0.10578778,-0.08452034,-0.27805078,-0.12145046,-0.08171505,-0.36798838,-0.042035643,-0.13360202,-0.30839336,-0.102474414,-0.12956089,-0.21181214,-0.1355215,-0.108407855,-0.19240165,-0.1524335,-0.011952162,-0.368,-0.043786783,-0.067056715,-0.28530753,-0.10310555,-0.0719679,-0.1792357,-0.1155998,-0.055760324,-0.17651212,-0.11316654,0.050335884,-0.32833934,-0.05525309,0.0037500858,-0.23190004,-0.11383359,-0.011107683,-0.14105505,-0.10423573,-0.0007690191,-0.15343499,-0.086186245,0.10422748,-0.27205712,-0.07287249,0.067750275,-0.19233596,-0.105011545,0.040026665,-0.11614686,-0.09487235,0.038549125,-0.11288595,-0.0793371
-0.08561957,-0.059021592,-0.052006308,-0.13561338,-0.16393042,-0.08120804,-0.12282628,-0.23057187,-0.10578778,-0.08452034,-0.27805078,-0.12145046,-0.08171505,-0.36798838,-0.042035643,-0.13360202,-0.30839336,-0.102474414,-0.12956089,-0.21181214,-0.1355215,-0.108407855,-0.19240165,-0.1524335,-0.011952162,-0.368,-0.043786783,-0.067056715,-0.28530753,-0.10310555,-0.0719679,-0.1792357,-0.1155998,-0.055760324,-0.17651212,-0.11316654,0.050335884,-0.32833934,-0.05525309,0.0037500858,-0.23190004,-0.11383359,-0.011107683,-0.14105505,-0.10423573,-0.0007690191,-0.15343499,-0.086186245,0.10422748,-0.27205712,-0.07287249,0.067750275,-0.19233596,-0.105011545,0.040026665,-0.11614686,-0.09487235,0.038549125,-0.11288595,-0.0793371
-0.08620244,-0.05522096,-0.029911887,-0.13223797,-0.18390876,-0.04473444,-0.09144831,-0.24922574,-0.060244907,-0.030816019,-0.25841635,-0.069712296,-0.09507215,-0.3299895,-0.013446481,-0.1307084,-0.38041997,-0.06435321,-0.12763202,-0.2799453,-0.091947265,-0.110417664,-0.23244041,-0.10555853,-0.03379643,-0.33490282,-0.023651589,-0.063681304,-0.39858815,-0.07714508,-0.07282919,-0.2726608,-0.0835212,-0.061581194,-0.2312156,-0.0735877,0.027585864,-0.31019276,-0.04293867,0.011128545,-0.3657499,-0.094798304,-0.00784564,-0.23960584,-0.078663625,-0.0038897395,-0.19941622,-0.054485105,0.08819425,-0.26981896,-0.06605343,0.06604165,-0.27629107,-0.099495895,0.038443744,-0.18686163,-0.08773394,0.035173595,-0.1590128,-0.07060145
-0.08051443,-0.062381864,-0.0308013,-0.1121856,-0.21452993,-0.04193062,-0.050825477,-0.27664888,-0.055446155,0.02016145,-0.23714578,-0.06397392,-0.086720824,-0.32077825,-0.0066568493,-0.10341519,-0.4239102,-0.050944112,-0.10402727,-0.3361677,-0.07433109,-0.09434503,-0.28263545,-0.08602709,-0.026408553,-0.3291365,-0.01585203,-0.035831988,-0.44355297,-0.06455619,-0.04981512,-0.33500957,-0.07431186,-0.04406792,-0.2846098,-0.066979036,0.0346027,-0.3058282,-0.03423839,0.038642406,-0.41802007,-0.08052744,0.01508522,-0.3068624,-0.07246751,0.014147699,-0.25781405,-0.054430414,0.09568781,-0.26413137,-0.056614008,0.08732909,-0.31770742,-0.08799035,0.062753856,-0.2420212,-0.081738554,0.061481297,-0.2042501,-0.069956034
-0.077459514,-0.06873238,-0.027232772,-0.098276734,-0.22327083,-0.036143098,-0.022695065,-0.28658462,-0.047709808,0.054931283,-0.26150912,-0.05453789,-0.08189458,-0.3215745,-0.0036589499,-0.098383725,-0.42366776,-0.04546824,-0.10229999,-0.33253402,-0.06621827,-0.09305531,-0.27893776,-0.07592784,-0.021996617,-0.32966167,-0.013283961,-0.02936858,-0.4446429,-0.05741308,-0.04691285,-0.33478886,-0.064907946,-0.04133302,-0.28706425,-0.056988243,0.03927666,-0.3047191,-0.03167364,0.0449906,-0.4184587,-0.07500154,0.018556833,-0.3081633,-0.066291995,0.018316329,-0.2595967,-0.04862898,0.09912634,-0.26122874,-0.05349418,0.088884294,-0.31614906,-0.083669916,0.06527895,-0.24328083,-0.077325955,0.06763548,-0.20793432,-0.06576075
-0.07165307,-0.060747743,-0.026077628,-0.09130734,-0.21894568,-0.03203814,-0.013483822,-0.27477527,-0.039359167,0.06490499,-0.22421068,-0.04256447,-0.07567525,-0.30052048,-0.009939762,-0.08013785,-0.41638184,-0.051468074,-0.08600652,-0.33293945,-0.07139818,-0.079567194,-0.27059883,-0.079592705,-0.017052948,-0.3076933,-0.017454216,-0.014993668,-0.4393416,-0.062988855,-0.03190124,-0.34159532,-0.071259424,-0.027673066,-0.2856177,-0.06235708,0.042097747,-0.28649908,-0.033040684,0.05763966,-0.4111958,-0.07543483,0.032877147,-0.31685555,-0.07326263,0.029987872,-0.26673996,-0.059827153,0.101134956,-0.24878502,-0.051631093,0.10285956,-0.30586457,-0.08475718,0.081686616,-0.24236643,-0.08642008,0.08155006,-0.20487797,-0.080494106
-0.07165307,-0.060747743,-0.026077628,-0.09130734,-0.21894568,-0.03203814,-0.013483822,-0.27477527,-0.039359167,0.06490499,-0.22421068,-0.04256447,-0.07567525,-0.30052048,-0.009939762,-0.08013785,-0.41638184,-0.051468074,-0.08600652,-0.33293945,-0.07139818,-0.079567194,-0.27059883,-0.079592705,-0.017052948,-0.3076933,-0.017454216,-0.014993668,-0.4393416,-0.062988855,-0.03190124,-0.34159532,-0.071259424,-0.027673066,-0.2856177,-0.06235708,0.042097747,-0.28649908,-0.033040684,0.05763966,-0.4111958,-0.07543483,0.032877147,-0.31685555,-0.07326263,0.029987872,-0.26673996,-0.059827153,0.101134956,-0.24878502,-0.051631093,0.10285956,-0.30586457,-0.08475718,0.081686616,-0.24236643,-0.08642008,0.08155006,-0.20487797,-0.080494106
-0.07131094,-0.06648201,-0.025824726,-0.089753866,-0.22328413,-0.030991243,-0.012421131,-0.28143317,-0.038235724,0.06664407,-0.2472989,-0.04083208,-0.07358116,-0.30317855,-0.00256449,-0.07918304,-0.41772225,-0.043426126,-0.08654815,-0.337538,-0.062357586,-0.08070785,-0.27976853,-0.06963599,-0.015011668,-0.3106385,-0.009837411,-0.015626192,-0.4386894,-0.053811405,-0.03303927,-0.33819646,-0.0604744,-0.02681315,-0.28664017,-0.050262455,0.043803394,-0.28887153,-0.025834149,0.055832505,-0.41400164,-0.067647785,0.031508207,-0.31701833,-0.06222818,0.03212017,-0.26908958,-0.046206478,0.10185033,-0.2501294,-0.045008384,0.09580344,-0.30701143,-0.07686552,0.07607591,-0.24487555,-0.07609808,0.08039719,-0.21132791,-0.068029426
-0.06947845,-0.06425625,-0.021655288,-0.08787423,-0.213597,-0.025629075,-0.01594311,-0.27614897,-0.032750472,0.059396386,-0.2449345,-0.035135567,-0.07271391,-0.29535145,0.0027872266,-0.07735103,-0.41023576,-0.03574474,-0.08443403,-0.33424187,-0.05257279,-0.07940525,-0.2782362,-0.058371026,-0.014477193,-0.30458534,-0.005428205,-0.014858127,-0.4265333,-0.04580806,-0.032277107,-0.32944453,-0.050685614,-0.027250469,-0.28381175,-0.040233567,0.04392928,-0.28601056,-0.02206821,0.053259134,-0.40608314,-0.059006255,0.029359877,-0.31089368,-0.050647445,0.030113399,-0.26805145,-0.033874977,0.10058975,-0.2506308,-0.041893184,0.09077376,-0.30531782,-0.067337774,0.071333826,-0.24695933,-0.06361098,0.07734716,-0.21901166,-0.054670036
-0.0693481,-0.06591046,-0.021372424,-0.08829731,-0.21616012,-0.025744503,-0.014998496,-0.27906328,-0.033573974,0.061730802,-0.25020415,-0.036655597,-0.06961906,-0.29713625,0.0033872465,-0.075638354,-0.41268003,-0.03705384,-0.084325194,-0.33614787,-0.054889254,-0.07820231,-0.28011096,-0.061102245,-0.011207461,-0.30519247,-0.005513459,-0.012208641,-0.42633015,-0.047344673,-0.032134414,-0.32703072,-0.05189344,-0.026218295,-0.28392947,-0.04099654,0.046592295,-0.28551155,-0.023143992,0.05277878,-0.40214783,-0.06065039,0.026771307,-0.3021508,-0.049583986,0.029119313,-0.26168507,-0.030747602,0.1027897,-0.24933642,-0.044214778,0.08930391,-0.3034392,-0.068390794,0.068665445,-0.24280995,-0.06225656,0.076129615,-0.21727872,-0.051661268
-0.070378184,-0.078256965,-0.0219928,-0.08517414,-0.22748923,-0.027110364,-0.010136068,-0.28838342,-0.03606031,0.06627786,-0.26448357,-0.040227257,-0.062168717,-0.30052447,0.006621028,-0.06936723,-0.41550326,-0.03396689,-0.08156639,-0.3396638,-0.053291555,-0.07516438,-0.2874167,-0.060724676,-0.0067479014,-0.30578148,-0.002425947,-0.009792805,-0.430461,-0.045245513,-0.031650364,-0.33236313,-0.051995486,-0.022326887,-0.28798288,-0.04209745,0.049716532,-0.28466493,-0.020377854,0.05459851,-0.40838078,-0.059573192,0.025022984,-0.3093292,-0.049432468,0.028999925,-0.26297647,-0.030013898,0.10615164,-0.24700236,-0.041886557,0.09259784,-0.31252074,-0.06744351,0.06714332,-0.2516715,-0.061119,0.07286221,-0.21816629,-0.04931149
-0.06978744,-0.07750696,-0.023190927,-0.084915936,-0.22714353,-0.029082518,-0.010671854,-0.2892744,-0.038602807,0.06652635,-0.26240474,-0.04297931,-0.061486542,-0.29811615,0.0038294694,-0.068009496,-0.4186535,-0.037626524,-0.079247,-0.3413966,-0.057057448,-0.0727371,-0.28711206,-0.06430015,-0.0062606335,-0.30318874,-0.0044879387,-0.008446395,-0.43205202,-0.047611974,-0.02947551,-0.33595186,-0.053859334,-0.020566702,-0.29030746,-0.043682687,0.049616754,-0.28281116,-0.021787597,0.055175126,-0.40867713,-0.06073572,0.02647531,-0.31050748,-0.049912374,0.0299986,-0.2627169,-0.030086463,0.1061815,-0.24621469,-0.04282532,0.09468728,-0.3136105,-0.06788473,0.06948942,-0.25326508,-0.061364047,0.073874414,-0.21824092,-0.049477056
-0.07069403,-0.07015467,-0.022963963,-0.08772832,-0.22209561,-0.028412586,-0.013809264,-0.28339666,-0.036871698,0.06281489,-0.2547096,-0.04094252,-0.06350553,-0.29929072,0.00077445665,-0.073278725,-0.41727608,-0.0398972,-0.08422732,-0.34272936,-0.059584208,-0.07812631,-0.2847981,-0.06719822,-0.008079827,-0.3047812,-0.0073510814,-0.013372719,-0.43212187,-0.05071141,-0.03315538,-0.33540916,-0.057670925,-0.02440834,-0.2832324,-0.047726557,0.048186004,-0.28361005,-0.02398393,0.052534997,-0.41144103,-0.06362661,0.025032759,-0.31486574,-0.055739198,0.02767086,-0.26305962,-0.03799103,0.1056205,-0.24625498,-0.04390933,0.091279626,-0.30942786,-0.07270435,0.06797093,-0.24810737,-0.069550246,0.072841644,-0.211447,-0.059655588
-0.07321924,-0.07187563,-0.02280931,-0.08976036,-0.22224307,-0.027766643,-0.018794596,-0.28036606,-0.035947654,0.05523789,-0.24199408,-0.039550666,-0.061591923,-0.29803902,0.0041893614,-0.07034439,-0.41475207,-0.035592906,-0.08572316,-0.34415725,-0.05513022,-0.08015239,-0.28811294,-0.063004255,-0.008036613,-0.3026058,-0.0041579218,-0.014473438,-0.43085575,-0.04825661,-0.03715521,-0.3364567,-0.056138586,-0.025504291,-0.28339195,-0.0463106,0.04717475,-0.28123808,-0.021198869,0.050499976,-0.41070658,-0.06057946,0.020127296,-0.31779972,-0.05410809,0.02609396,-0.26767218,-0.0370541,0.10451603,-0.24383539,-0.041695822,0.08850467,-0.30515274,-0.06906555,0.062369764,-0.24767393,-0.06699926,0.0689562,-0.21248949,-0.058166426
-0.0725764,-0.07325804,-0.022668945,-0.09022915,-0.22273636,-0.028003898,-0.01989299,-0.28108364,-0.03669159,0.05427754,-0.2433343,-0.040495805,-0.06229478,-0.29809302,0.004273036,-0.073607385,-0.41300526,-0.03487812,-0.08577424,-0.33584505,-0.05379167,-0.07955563,-0.28281844,-0.061652754,-0.00891608,-0.302957,-0.004013285,-0.015681982,-0.42923626,-0.047468845,-0.0369426,-0.3306785,-0.054967668,-0.026848972,-0.28016537,-0.045008883,0.04591763,-0.2812422,-0.020834357,0.049254894,-0.40916264,-0.059157453,0.020148516,-0.3142262,-0.052142505,0.025360227,-0.2658518,-0.03487788,0.1036371,-0.24399954,-0.041069083,0.08536762,-0.303527,-0.06653753,0.060665965,-0.24662244,-0.06355204,0.067419946,-0.21482778,-0.05419583
-0.074940205,-0.07646477,-0.020984167,-0.0902707,-0.2234143,-0.025380285,-0.019651711,-0.28113294,-0.03358387,0.052183926,-0.24327391,-0.037500758,-0.06211686,-0.29857886,0.012101851,-0.07580495,-0.40579814,-0.023804653,-0.08835274,-0.33373925,-0.04357011,-0.08114809,-0.28299767,-0.05271695,-0.009000182,-0.30227813,0.0033318368,-0.01706928,-0.42349064,-0.037275054,-0.03991288,-0.33258158,-0.04849146,-0.029777944,-0.28108805,-0.042052105,0.044936895,-0.28008413,-0.013821368,0.04858631,-0.40630028,-0.051448833,0.015497386,-0.32000217,-0.050264865,0.018345952,-0.2698155,-0.03722637,0.10101622,-0.24182945,-0.034048848,0.08052683,-0.3030498,-0.05980539,0.052388966,-0.24864972,-0.059484642,0.05693811,-0.21212721,-0.052126348
-0.07416719,-0.07270807,-0.017304152,-0.09090245,-0.21580422,-0.020460157,-0.022867799,-0.27269018,-0.02783024,0.04946369,-0.2396084,-0.031579215,-0.062458813,-0.292323,0.01146701,-0.07804656,-0.40460595,-0.024629558,-0.08845222,-0.336593,-0.04392563,-0.08084142,-0.28134847,-0.05195092,-0.008610964,-0.2963698,0.001773174,-0.016711652,-0.4215328,-0.038796242,-0.038037896,-0.333669,-0.049337056,-0.030106604,-0.2768609,-0.042207588,0.045033038,-0.27524143,-0.015666282,0.048175573,-0.40291637,-0.05457808,0.017539859,-0.31533635,-0.053423207,0.019076645,-0.2597773,-0.039831724,0.10045123,-0.23752475,-0.035368707,0.07946211,-0.300634,-0.062957086,0.05386299,-0.24471289,-0.06269907,0.059256077,-0.20506924,-0.054883502
-0.06761229,-0.08270848,-0.017889235,-0.07611334,-0.22253788,-0.020214945,-0.0063275695,-0.26677525,-0.025835954,0.06459081,-0.23391849,-0.027204787,-0.053797364,-0.29311752,0.01078595,-0.06304246,-0.39561763,-0.022905467,-0.07385445,-0.32237273,-0.0400631,-0.06677139,-0.2789882,-0.04793469,-0.00052529573,-0.29440993,0.002310755,-0.003910303,-0.41024864,-0.03683868,-0.026355684,-0.32081395,-0.045647163,-0.018994749,-0.2747873,-0.038275536,0.053456366,-0.27176428,-0.013862386,0.060246885,-0.3926431,-0.05046713,0.029607058,-0.31035557,-0.04711359,0.032167137,-0.26628947,-0.033472154,0.108447075,-0.23435849,-0.03249943,0.089561164,-0.29365513,-0.05849236,0.0632596,-0.23914438,-0.057115108,0.06840569,-0.20480919,-0.049186125
-0.07189381,-0.08308035,-0.019145004,-0.08565831,-0.2262916,-0.022371981,-0.01789236,-0.27351278,-0.02856664,0.05049956,-0.22693974,-0.028740326,-0.06361717,-0.3042879,0.0075837406,-0.0773617,-0.40593386,-0.028536644,-0.08460814,-0.3192249,-0.044496223,-0.07372248,-0.28073767,-0.05167934,-0.009594858,-0.30572236,-0.000818517,-0.016765893,-0.41640416,-0.040319756,-0.03763491,-0.31540972,-0.043220844,-0.02666837,-0.28135777,-0.03198612,0.04485774,-0.2817589,-0.017687002,0.046038628,-0.3917632,-0.05220499,0.01763469,-0.30192646,-0.042028137,0.026972711,-0.27002066,-0.024799839,0.1013698,-0.24307066,-0.03780697,0.078534186,-0.2951138,-0.059825823,0.053505242,-0.23772687,-0.054914296,0.063333035,-0.21100378,-0.04548055
-0.072172165,-0.073516905,-0.019987423,-0.0888778,-0.21677339,-0.022650149,-0.021739006,-0.26513517,-0.028016394,0.046883166,-0.22114295,-0.028061533,-0.06587517,-0.294308,0.0064542154,-0.07971674,-0.39695644,-0.031125484,-0.08934873,-0.31875068,-0.04836885,-0.07907808,-0.27598566,-0.055625517,-0.012891352,-0.29805797,-0.001787504,-0.019507527,-0.41342065,-0.042513818,-0.04230386,-0.31857243,-0.046794165,-0.029838324,-0.28082898,-0.03586043,0.041406214,-0.27587378,-0.018624956,0.04330361,-0.3882098,-0.055816118,0.012892783,-0.29988977,-0.048118245,0.023438275,-0.26540333,-0.031692967,0.0987277,-0.23886555,-0.038588688,0.07561457,-0.29009527,-0.06378409,0.04869455,-0.23355526,-0.06095195,0.058924437,-0.20560086,-0.052400224
-0.07430816,-0.07347375,-0.017699929,-0.09394908,-0.23055428,-0.020221882,-0.02364409,-0.29065692,-0.026542097,0.050674796,-0.24617833,-0.029199496,-0.06987929,-0.30860677,0.010695212,-0.08598715,-0.4178309,-0.023660282,-0.09876585,-0.34619915,-0.04297848,-0.090268195,-0.29074484,-0.05254452,-0.015273154,-0.31542662,0.0005357169,-0.024306357,-0.43947864,-0.0395821,-0.04740292,-0.3503725,-0.05149127,-0.036901712,-0.29465967,-0.045836493,0.040733814,-0.29529577,-0.017150287,0.040934563,-0.42427677,-0.053993706,0.008569539,-0.33838522,-0.054996956,0.012247145,-0.2887224,-0.044507958,0.099072754,-0.25845563,-0.037353516,0.07223737,-0.31428063,-0.06470917,0.04753709,-0.25538135,-0.06678217,0.05762893,-0.22046185,-0.06166164
-0.073828936,-0.06788778,-0.020517275,-0.09322584,-0.22438371,-0.02460249,-0.023563981,-0.2858224,-0.031911086,0.051083207,-0.24303561,-0.035334315,-0.06491649,-0.30215657,0.0068309596,-0.07663208,-0.41712153,-0.030387865,-0.09594965,-0.35039842,-0.050174277,-0.09301162,-0.29429227,-0.058824103,-0.012898266,-0.3065403,-0.0018592062,-0.023876071,-0.43400145,-0.044282865,-0.0498358,-0.35117143,-0.056417987,-0.041160464,-0.2962886,-0.050571255,0.04175186,-0.28667998,-0.018438607,0.041337967,-0.42292064,-0.05844037,0.008265853,-0.3406855,-0.06072487,0.01022166,-0.28673065,-0.050167352,0.09978193,-0.2520808,-0.037473217,0.07287139,-0.3126129,-0.06733701,0.04749614,-0.2553128,-0.07065121,0.05606115,-0.21627724,-0.06567176
-0.07666069,-0.07636452,-0.02131692,-0.10244113,-0.23176068,-0.027229974,-0.035501897,-0.29958248,-0.037490997,0.040814996,-0.25002438,-0.042829223,-0.06569046,-0.3159467,0.009539638,-0.069755614,-0.4291379,-0.028903669,-0.09053463,-0.35470682,-0.04803867,-0.08778,-0.31102055,-0.05741465,-0.012338638,-0.3197157,-0.0007464515,-0.015995502,-0.44367748,-0.043243553,-0.043909192,-0.35167912,-0.051535957,-0.034022152,-0.31204522,-0.043459702,0.042443037,-0.29816377,-0.019928206,0.04532373,-0.42863083,-0.057913408,0.010587573,-0.3390126,-0.05283267,0.015745819,-0.29790634,-0.037867848,0.09917152,-0.2591138,-0.042658944,0.07414842,-0.3219453,-0.06599843,0.046119034,-0.2643841,-0.06311421,0.055927694,-0.23394579,-0.054870408
-0.076460004,-0.058689713,-0.020405626,-0.10854733,-0.20397049,-0.031057985,-0.053536594,-0.27239,-0.047323544,0.016652107,-0.21979737,-0.06032804,-0.05730456,-0.32684988,-0.0006790796,-0.058504164,-0.45389354,-0.041094527,-0.081053734,-0.38767004,-0.06496663,-0.080332816,-0.31960553,-0.07590072,-0.0048344135,-0.32735914,-0.013176085,0.005310893,-0.47432142,-0.054675017,-0.02583754,-0.39734355,-0.064725146,-0.02701211,-0.33250293,-0.058839127,0.046845675,-0.3018127,-0.03362638,0.07031512,-0.4506893,-0.06804137,0.033134937,-0.38098016,-0.067028604,0.02426058,-0.31599173,-0.056097433,0.09702563,-0.25647748,-0.057696357,0.10059488,-0.35129964,-0.07650193,0.067142904,-0.30758128,-0.07289648,0.059530735,-0.2557745,-0.065557726
-0.077041745,-0.051790774,-0.0232795,-0.110093,-0.19370013,-0.03459593,-0.055337787,-0.2593174,-0.051023,0.016421378,-0.20789695,-0.06559463,-0.05656928,-0.3309685,0.0009379979,-0.06098044,-0.45085478,-0.036484692,-0.081843376,-0.4046595,-0.06199672,-0.07765663,-0.3454329,-0.07468546,-0.0033887625,-0.3320468,-0.010532211,0.013978183,-0.4825977,-0.051528167,-0.019957006,-0.424788,-0.065525346,-0.02234608,-0.35663825,-0.061595585,0.047504783,-0.30440113,-0.029795026,0.0768621,-0.45307285,-0.06541711,0.03729129,-0.39176646,-0.06937372,0.030285,-0.32273906,-0.060344633,0.09842169,-0.25631756,-0.052703753,0.106835306,-0.36018285,-0.07364508,0.073256254,-0.317042,-0.07165653,0.06653643,-0.25684494,-0.06426363
-0.07733002,-0.056940675,-0.02555343,-0.10679442,-0.20261174,-0.0382191,-0.0477677,-0.27250946,-0.05581987,0.022241592,-0.22030866,-0.07056611,-0.05324489,-0.3368826,0.0010070208,-0.053523302,-0.47038224,-0.037058756,-0.07751775,-0.4186933,-0.06285817,-0.07668233,-0.35344574,-0.07592984,-0.00035768747,-0.33519262,-0.009198471,0.014008522,-0.48642147,-0.05068019,-0.022417545,-0.42316985,-0.06558638,-0.028017461,-0.3517567,-0.06301013,0.04987669,-0.30822942,-0.027622862,0.07801491,-0.4600057,-0.061867915,0.0371418,-0.40417278,-0.066776186,0.024983764,-0.3361156,-0.05977648,0.0999943,-0.26099372,-0.05014117,0.10809749,-0.36597496,-0.06948069,0.07574952,-0.3263306,-0.06824988,0.06805152,-0.26732016,-0.06252441
-0.077041805,-0.05429232,-0.026344009,-0.10943797,-0.19895655,-0.03892487,-0.051236928,-0.26591843,-0.055895593,0.019970119,-0.2133916,-0.07008417,-0.05268842,-0.33968377,-0.0014258329,-0.05410272,-0.4718995,-0.039799884,-0.07715455,-0.4176724,-0.06551616,-0.07619026,-0.35317498,-0.078529775,0.000829041,-0.33727774,-0.011419397,0.018544912,-0.4895525,-0.05254987,-0.01725471,-0.42449698,-0.066631824,-0.023605824,-0.35655266,-0.06349538,0.051115155,-0.3084411,-0.02961197,0.07993823,-0.4592561,-0.063836575,0.039662957,-0.39644745,-0.06695435,0.028105676,-0.32926077,-0.058693707,0.1007961,-0.25873768,-0.052020397,0.11039615,-0.36301985,-0.07207722,0.07944071,-0.3186877,-0.07019144,0.07341659,-0.26186967,-0.06379217
-0.0764882,-0.054485857,-0.026059255,-0.10505092,-0.20246118,-0.037654977,-0.04552424,-0.26841158,-0.054058842,0.024092615,-0.2181409,-0.06820836,-0.05121106,-0.33859876,0.0021104745,-0.05170083,-0.4666918,-0.0352873,-0.07422015,-0.42369273,-0.060589842,-0.07290441,-0.36582804,-0.07334638,0.0018085837,-0.3380307,-0.008078493,0.018355131,-0.48737842,-0.051377952,-0.01902163,-0.42287773,-0.06708448,-0.02581352,-0.351414,-0.06369241,0.051995933,-0.31084013,-0.02647595,0.081570566,-0.45895687,-0.06350529,0.039719105,-0.39742392,-0.06929074,0.027620673,-0.3273042,-0.06139254,0.1014114,-0.26277453,-0.048830688,0.11134422,-0.36483687,-0.071267046,0.07902497,-0.32147783,-0.07105422,0.07154417,-0.2614904,-0.06485362
-0.07758084,-0.056533337,-0.025554985,-0.10682699,-0.20550764,-0.036736842,-0.04648584,-0.2696851,-0.05315268,0.024578214,-0.21390313,-0.066478506,-0.051942825,-0.34117445,0.002664954,-0.056098282,-0.4756661,-0.035875507,-0.07971805,-0.41776922,-0.060920842,-0.07840112,-0.34811914,-0.07281696,-5.64456e-05,-0.33950648,-0.007257074,0.012857676,-0.49170625,-0.048642296,-0.021933377,-0.42389458,-0.06217361,-0.026771188,-0.35382855,-0.058329172,0.049509227,-0.31215215,-0.02589109,0.0766207,-0.46470106,-0.060356278,0.03710872,-0.40118125,-0.064124875,0.025949717,-0.3310788,-0.0560963,0.098746896,-0.26644838,-0.048863575,0.109667,-0.370986,-0.06975103,0.07837212,-0.32882187,-0.06977048,0.07128203,-0.27087975,-0.064529955
-0.0748291,-0.062052727,-0.022830661,-0.100619376,-0.2117213,-0.032354247,-0.037043214,-0.27721214,-0.047895487,0.034555495,-0.22571206,-0.059751377,-0.051308215,-0.33122167,0.008685264,-0.05832666,-0.46231878,-0.030236775,-0.08064133,-0.39624545,-0.053670693,-0.077301204,-0.33078402,-0.063958354,-0.00030124187,-0.3329196,-0.0019826582,0.0052148104,-0.4806745,-0.043852016,-0.028470933,-0.3994772,-0.055573672,-0.029534578,-0.33355695,-0.049612954,0.04974997,-0.31059644,-0.021553101,0.0722847,-0.4649292,-0.057650898,0.0332368,-0.38931793,-0.057713635,0.024942875,-0.31893468,-0.045686897,0.09992242,-0.26933277,-0.04520799,0.10829097,-0.37283364,-0.066794164,0.075739205,-0.32591793,-0.064838454,0.06887871,-0.26748043,-0.057097603
-0.07813263,-0.073915124,-0.019436443,-0.098914504,-0.23477799,-0.02225401,-0.027453423,-0.29922217,-0.02850774,0.045429766,-0.25475967,-0.030694196,-0.06707126,-0.30154985,0.008429042,-0.07677692,-0.41063696,-0.025539055,-0.09104723,-0.33358788,-0.04417803,-0.08261925,-0.27794415,-0.053944577,-0.015277088,-0.30913043,-0.0008735918,-0.021992803,-0.43902844,-0.041032054,-0.044558704,-0.35082835,-0.052291803,-0.033091843,-0.2942086,-0.04684572,0.03899038,-0.2909189,-0.017776772,0.037672818,-0.4274351,-0.053476572,0.008272052,-0.34041813,-0.052195776,0.013555288,-0.28505915,-0.040831335,0.0952186,-0.25648963,-0.03771653,0.064125836,-0.3164017,-0.06511488,0.040292025,-0.25395763,-0.06726641,0.050387144,-0.21337909,-0.06262829
-0.08200514,-0.08158934,-0.022042748,-0.10076827,-0.24415845,-0.024504976,-0.026216209,-0.3013234,-0.030057888,0.04587668,-0.24960005,-0.030459743,-0.07433128,-0.31025982,0.014218328,-0.08674365,-0.41686052,-0.02193152,-0.0995478,-0.33471656,-0.041556764,-0.09153259,-0.28314233,-0.051399183,-0.022415757,-0.31610358,0.005933526,-0.030340493,-0.43896624,-0.03812219,-0.052039564,-0.34581158,-0.051415883,-0.041409254,-0.2950462,-0.04571838,0.032879174,-0.2973243,-0.011075821,0.030658603,-0.42975232,-0.05057848,0.0020139217,-0.34126708,-0.0516498,0.0080733895,-0.29408336,-0.04075318,0.09167081,-0.2645582,-0.031396452,0.060634315,-0.31276262,-0.0617437,0.03924924,-0.24791396,-0.06620289,0.052059412,-0.21380699,-0.06242123
-0.08597529,-0.07626277,-0.020447837,-0.10548389,-0.24243444,-0.023631599,-0.02539152,-0.309031,-0.030118572,0.05122441,-0.27648252,-0.03326912,-0.08194405,-0.3138963,0.0125155635,-0.097504914,-0.42160735,-0.024008567,-0.107059,-0.3454439,-0.047509722,-0.09928316,-0.286506,-0.060177293,-0.028372169,-0.32224292,0.0024401562,-0.039720476,-0.44811076,-0.042422354,-0.05878812,-0.36195314,-0.06234177,-0.051937938,-0.3017509,-0.06229956,0.02822274,-0.30666995,-0.015461152,0.02384466,-0.44549787,-0.05711074,-0.0036435127,-0.36142272,-0.06593711,-0.0031696558,-0.30392164,-0.06104149,0.086500585,-0.27652484,-0.035889715,0.050587356,-0.32192963,-0.070718996,0.031099379,-0.252028,-0.079212554,0.042713642,-0.21129692,-0.07834575
-0.08597529,-0.07626277,-0.020447837,-0.10548389,-0.24243444,-0.023631599,-0.02539152,-0.309031,-0.030118572,0.05122441,-0.27648252,-0.03326912,-0.08194405,-0.3138963,0.0125155635,-0.097504914,-0.42160735,-0.024008567,-0.107059,-0.3454439,-0.047509722,-0.09928316,-0.286506,-0.060177293,-0.028372169,-0.32224292,0.0024401562,-0.039720476,-0.44811076,-0.042422354,-0.05878812,-0.36195314,-0.06234177,-0.051937938,-0.3017509,-0.06229956,0.02822274,-0.30666995,-0.015461152,0.02384466,-0.44549787,-0.05711074,-0.0036435127,-0.36142272,-0.06593711,-0.0031696558,-0.30392164,-0.06104149,0.086500585,-0.27652484,-0.035889715,0.050587356,-0.32192963,-0.070718996,0.031099379,-0.252028,-0.079212554,0.042713642,-0.21129692,-0.07834575
-0.082945704,-0.06437546,-0.021656405,-0.10858297,-0.2236594,-0.026560584,-0.032587886,-0.309905,-0.035585143,0.04764396,-0.29681462,-0.04179583,-0.07849848,-0.31221092,0.010869104,-0.09278047,-0.42733875,-0.024786465,-0.10575047,-0.36168835,-0.04863698,-0.09862465,-0.29630423,-0.060203165,-0.024845302,-0.32000822,0.0021119409,-0.029730558,-0.4564491,-0.039202623,-0.05428052,-0.37697247,-0.056405284,-0.05307573,-0.30893934,-0.054916836,0.030316293,-0.30442387,-0.014665302,0.038138866,-0.45826218,-0.055366684,0.008796573,-0.37806603,-0.061649483,0.0066434145,-0.30475986,-0.05377056,0.08455598,-0.27104378,-0.034176517,0.06559658,-0.36011183,-0.067240395,0.039140046,-0.29527372,-0.07143291,0.040762305,-0.23147672,-0.0666775
-0.08102572,-0.052741706,-0.023829972,-0.11129862,-0.19938225,-0.032444797,-0.046681046,-0.26913613,-0.04647617,0.030492902,-0.23045957,-0.058047872,-0.07012373,-0.31621903,0.008742352,-0.08321136,-0.43585202,-0.02919504,-0.10385218,-0.3755276,-0.054379217,-0.09713021,-0.3088693,-0.06572076,-0.020838618,-0.32596195,0.0001838202,-0.022501945,-0.46994162,-0.040509246,-0.054480553,-0.40429848,-0.05676522,-0.052326918,-0.33671048,-0.05461116,0.028370738,-0.31417847,-0.016933726,0.04031682,-0.46828645,-0.053534538,0.0030658245,-0.40410757,-0.06146698,0.00026088953,-0.33187783,-0.054797564,0.07966131,-0.2861486,-0.03762289,0.07055032,-0.39319816,-0.06120267,0.03898871,-0.3470299,-0.0635267,0.03667301,-0.2822336,-0.058463063
-0.08102572,-0.052741706,-0.023829972,-0.11129862,-0.19938225,-0.032444797,-0.046681046,-0.26913613,-0.04647617,0.030492902,-0.23045957,-0.058047872,-0.07012373,-0.31621903,0.008742352,-0.08321136,-0.43585202,-0.02919504,-0.10385218,-0.3755276,-0.054379217,-0.09713021,-0.3088693,-0.06572076,-0.020838618,-0.32596195,0.0001838202,-0.022501945,-0.46994162,-0.040509246,-0.054480553,-0.40429848,-0.05676522,-0.052326918,-0.33671048,-0.05461116,0.028370738,-0.31417847,-0.016933726,0.04031682,-0.46828645,-0.053534538,0.0030658245,-0.40410757,-0.06146698,0.00026088953,-0.33187783,-0.054797564,0.07966131,-0.2861486,-0.03762289,0.07055032,-0.39319816,-0.06120267,0.03898871,-0.3470299,-0.0635267,0.03667301,-0.2822336,-0.058463063
-0.07818365,-0.05452615,-0.020477401,-0.1055544,-0.20477945,-0.025516478,-0.03954321,-0.2793467,-0.036086682,0.036503434,-0.2525552,-0.04328679,-0.07621986,-0.30748183,0.01461768,-0.089117885,-0.4308045,-0.020881709,-0.10709688,-0.36604878,-0.043390814,-0.10005745,-0.30294907,-0.053517412,-0.028910756,-0.31938434,0.005648897,-0.031228662,-0.46602198,-0.03424596,-0.06068492,-0.39463997,-0.04915997,-0.05806911,-0.33144176,-0.04597979,0.020059884,-0.31075108,-0.011742043,0.032393575,-0.46996495,-0.04764965,-0.0035701394,-0.40147674,-0.05395682,-0.0073019266,-0.33235478,-0.04642085,0.07192701,-0.28743255,-0.032474507,0.060569048,-0.39217696,-0.05703287,0.030618787,-0.3449142,-0.06022842,0.029649615,-0.28557324,-0.055778477
-0.0768466,-0.04884398,-0.02109617,-0.10355216,-0.19983548,-0.025612824,-0.03428048,-0.27520758,-0.035126578,0.045372486,-0.25288594,-0.04140433,-0.07227242,-0.29955643,0.011381065,-0.08900255,-0.42636266,-0.02404807,-0.10519689,-0.3601059,-0.044657685,-0.09527773,-0.29540342,-0.05285874,-0.025223732,-0.3109789,0.0032117986,-0.030990422,-0.45938462,-0.036364224,-0.060367227,-0.3849813,-0.04902805,-0.054833293,-0.3229502,-0.043719616,0.02304107,-0.30054313,-0.013372537,0.032121718,-0.46229187,-0.051357593,-0.0040212274,-0.3886373,-0.056393526,-0.004288554,-0.3211348,-0.047142997,0.07344246,-0.27524608,-0.03292073,0.057970405,-0.37765795,-0.060241118,0.028211176,-0.32551113,-0.0633034,0.031111717,-0.26735544,-0.058028895
-0.07984042,-0.06340015,-0.01858882,-0.09992972,-0.22124034,-0.021674449,-0.023405373,-0.29683632,-0.030299766,0.05490631,-0.28517085,-0.036166042,-0.07913482,-0.29929042,0.013316278,-0.091261685,-0.42325932,-0.019980397,-0.10500622,-0.35334915,-0.039725088,-0.097637534,-0.2929771,-0.048479624,-0.029724717,-0.31190306,0.0040178597,-0.033628285,-0.4581356,-0.035784647,-0.05743134,-0.37797233,-0.049887013,-0.053987026,-0.3149135,-0.046149362,0.02228868,-0.30408233,-0.01306783,0.02869159,-0.4604205,-0.05098868,-0.0018058419,-0.38102907,-0.0554897,-0.0035227537,-0.31223428,-0.046619818,0.075496614,-0.28241432,-0.032829974,0.056566358,-0.37853223,-0.060174976,0.030675411,-0.31998575,-0.062415913,0.034115195,-0.26105714,-0.057233263
-0.08050531,-0.07772946,-0.015983002,-0.09747046,-0.23528248,-0.016277144,-0.019983113,-0.30843282,-0.021144075,0.05379677,-0.29834014,-0.022846531,-0.0824458,-0.29942614,0.021359645,-0.09503853,-0.41277128,-0.010496454,-0.1036689,-0.34051132,-0.02989406,-0.09705055,-0.28553444,-0.039260242,-0.03181684,-0.31147367,0.0122540295,-0.042734563,-0.44296828,-0.027186569,-0.05871141,-0.35920414,-0.043282207,-0.053235292,-0.30126685,-0.04096317,0.022073805,-0.30197716,-0.0043762303,0.015293956,-0.4475203,-0.04337958,-0.006842196,-0.36282542,-0.048646726,-0.005009234,-0.30255896,-0.040857624,0.07686454,-0.27952486,-0.022985715,0.03581345,-0.3376076,-0.055065896,0.019597948,-0.26944512,-0.060479898,0.03275311,-0.22417015,-0.05703776
-0.082977295,-0.07595527,-0.0150836455,-0.102014214,-0.22390574,-0.016294003,-0.027485013,-0.29753822,-0.022592768,0.044729352,-0.29174632,-0.02601265,-0.08750194,-0.28751475,0.019419618,-0.10290724,-0.40035215,-0.012599744,-0.11155197,-0.33036715,-0.032150816,-0.10356486,-0.27621216,-0.04176563,-0.036262214,-0.302024,0.0089997575,-0.047612965,-0.4310624,-0.028556796,-0.06388247,-0.3482148,-0.043849736,-0.057131946,-0.29221582,-0.042168386,0.019147277,-0.29182345,-0.008765384,0.015138388,-0.43788642,-0.04796289,-0.0076527596,-0.35264647,-0.053155206,-0.005678594,-0.290528,-0.04571024,0.07589996,-0.26430452,-0.028340017,0.04592544,-0.32565606,-0.06152143,0.025360882,-0.26033223,-0.06689905,0.031119943,-0.21251208,-0.06369686
-0.083563626,-0.07332289,-0.017154971,-0.10022867,-0.22694731,-0.017715065,-0.024096489,-0.29378164,-0.021998115,0.047914624,-0.2817223,-0.023993023,-0.08347905,-0.2931431,0.01833134,-0.1006313,-0.40176588,-0.013855894,-0.10720289,-0.33244607,-0.03331035,-0.09779817,-0.27478784,-0.0422084,-0.032452464,-0.30669886,0.009580154,-0.045348108,-0.43217638,-0.029863555,-0.06038308,-0.34655428,-0.046216592,-0.0519796,-0.2850594,-0.043541558,0.022447884,-0.29586792,-0.0066593625,0.015383542,-0.43941236,-0.048899464,-0.00592041,-0.35284454,-0.057082955,-0.00073057413,-0.29237968,-0.0503773,0.07763612,-0.26896316,-0.02438333,0.0378263,-0.31906748,-0.06299571,0.02191472,-0.24480134,-0.071609825,0.03515005,-0.19858223,-0.069213785
-0.08545464,-0.07684094,-0.018182734,-0.10077608,-0.23158062,-0.020008955,-0.020279527,-0.29835618,-0.025658118,0.05203575,-0.2898609,-0.029107869,-0.087199986,-0.2949701,0.01795109,-0.102633774,-0.4051988,-0.014811329,-0.11027959,-0.33765706,-0.035415996,-0.101925075,-0.28026116,-0.04515279,-0.035229445,-0.309102,0.009227657,-0.046775877,-0.43694654,-0.030887032,-0.063016534,-0.35351977,-0.04928918,-0.05648136,-0.29055798,-0.048373494,0.02075398,-0.29905736,-0.0069413115,0.01516664,-0.4444779,-0.05068203,-0.006095886,-0.35634074,-0.06083753,-0.0019642115,-0.29054344,-0.055310708,0.07661265,-0.27292597,-0.024498567,0.037237704,-0.3220116,-0.06448003,0.021822691,-0.24614114,-0.07406911,0.035174012,-0.19687903,-0.07223548
-0.083762884,-0.074462414,-0.017055085,-0.1002233,-0.22691774,-0.019229343,-0.022039473,-0.29767603,-0.025676137,0.050097406,-0.2891916,-0.0306743,-0.08201885,-0.2961591,0.017370168,-0.09744859,-0.40787476,-0.016344527,-0.107046306,-0.35009208,-0.039664287,-0.09978223,-0.2869718,-0.050790437,-0.028736472,-0.30783594,0.0077321595,-0.03967458,-0.43970892,-0.03233848,-0.056715667,-0.3711147,-0.054064196,-0.051069677,-0.3041379,-0.0560172,0.027221024,-0.29494184,-0.009057126,0.024522424,-0.44694924,-0.05267947,0.0014727712,-0.37158808,-0.06709223,0.0019510984,-0.30093485,-0.06494124,0.08172101,-0.26437432,-0.027028931,0.04516703,-0.32300997,-0.06832674,0.025484025,-0.2542293,-0.08051499,0.03248918,-0.19895667,-0.08061912
-0.07674956,-0.06536919,-0.018468093,-0.09859556,-0.21950638,-0.021148114,-0.02469492,-0.30521202,-0.029966358,0.054181457,-0.3036644,-0.035428103,-0.06849724,-0.30995536,0.019419549,-0.08388573,-0.43421483,-0.015732737,-0.0980916,-0.3655851,-0.03646638,-0.08837837,-0.30055618,-0.044333566,-0.018940747,-0.31988284,0.0100444425,-0.024448812,-0.464114,-0.029041208,-0.05054891,-0.37991005,-0.041048586,-0.04428333,-0.31452423,-0.03455034,0.030175805,-0.30856013,-0.00797504,0.039169908,-0.46408713,-0.046212405,0.0060334206,-0.38080603,-0.046905268,0.0063977838,-0.30870277,-0.033771306,0.079182684,-0.28137726,-0.029018017,0.06551379,-0.3831995,-0.05590989,0.036764026,-0.32546237,-0.05506854,0.0389477,-0.26404363,-0.046186052
-0.076732755,-0.06745887,-0.017685495,-0.09741151,-0.21792066,-0.02067522,-0.024300456,-0.30228704,-0.0303606,0.053667188,-0.30008072,-0.037097372,-0.06500518,-0.30885333,0.020774163,-0.07886869,-0.43386316,-0.0144856945,-0.09501219,-0.3673293,-0.03604426,-0.08638084,-0.3017071,-0.044384822,-0.017204106,-0.31808135,0.0110499365,-0.022419631,-0.4632529,-0.028414365,-0.04771,-0.3822501,-0.042000923,-0.04082465,-0.31488296,-0.03691574,0.03087598,-0.3079279,-0.0073271594,0.040386856,-0.46589744,-0.045246176,0.007876158,-0.38893127,-0.04795697,0.007745087,-0.3157221,-0.036405586,0.07963759,-0.2825709,-0.028748598,0.07028812,-0.39305598,-0.054874625,0.042212546,-0.33788726,-0.054705027,0.042330205,-0.2714675,-0.04652149
-0.080274045,-0.061879754,-0.0214416,-0.1015442,-0.21764994,-0.025041569,-0.023936272,-0.3009925,-0.03394645,0.056775272,-0.29435128,-0.040054016,-0.068368495,-0.3098098,0.017354429,-0.081261575,-0.4342707,-0.01831581,-0.09911585,-0.37045228,-0.04077117,-0.090786934,-0.3026986,-0.04975182,-0.019637346,-0.3188847,0.010192193,-0.023805916,-0.46477228,-0.029921057,-0.051609635,-0.3875898,-0.044907838,-0.04472828,-0.31809902,-0.040777646,0.028695822,-0.3086481,-0.005856962,0.038124084,-0.46748683,-0.045449905,0.0030133724,-0.39344227,-0.051970642,0.003125906,-0.31830645,-0.04287275,0.077476025,-0.2845866,-0.02497768,0.06205064,-0.39225075,-0.055187386,0.035601676,-0.33479887,-0.059031248,0.040290654,-0.2661689,-0.05322845
-0.0787105,-0.061764777,-0.017964954,-0.102494776,-0.2117694,-0.020546792,-0.031752527,-0.2985248,-0.02927661,0.04400009,-0.29077578,-0.03513556,-0.07091159,-0.29720938,0.020215927,-0.086191416,-0.42565042,-0.012697403,-0.09840816,-0.36435372,-0.03392228,-0.08822316,-0.3009094,-0.042685557,-0.023294866,-0.3074109,0.011767938,-0.028505623,-0.45478112,-0.02513305,-0.052142978,-0.38307145,-0.039438765,-0.047299266,-0.31763968,-0.035971224,0.023720503,-0.29849333,-0.0049433317,0.032598615,-0.4596308,-0.041636854,0.0013790727,-0.3875724,-0.04669122,0.0005303025,-0.31351817,-0.03741537,0.07106173,-0.27601457,-0.0245475,0.05756098,-0.385796,-0.0519591,0.030934215,-0.33246052,-0.054452844,0.032267213,-0.26570213,-0.048521724
-0.077949464,-0.05934906,-0.020730931,-0.098306656,-0.2163217,-0.022985449,-0.023507714,-0.3072511,-0.029242791,0.05352664,-0.32061285,-0.032281235,-0.07178682,-0.2944271,0.015949572,-0.08885205,-0.41142824,-0.015699577,-0.100822866,-0.34285855,-0.035320476,-0.092763424,-0.2833079,-0.04349711,-0.02370441,-0.3044964,0.00964186,-0.03704828,-0.44192505,-0.028149584,-0.05854267,-0.36092415,-0.04252477,-0.052168727,-0.29618877,-0.03861099,0.025300145,-0.29674923,-0.004695896,0.025032043,-0.45155883,-0.04391774,-0.0027056336,-0.37153223,-0.04867238,-0.0009624362,-0.29975104,-0.03868437,0.07470828,-0.27442604,-0.021562617,0.052518666,-0.37052882,-0.0538364,0.029908717,-0.30660892,-0.057505496,0.0364787,-0.24225217,-0.051286343
-0.08641648,-0.056899905,-0.019373167,-0.119758904,-0.21583384,-0.020732073,-0.053015828,-0.30216002,-0.02541982,0.024061859,-0.29411703,-0.026558371,-0.09799564,-0.29421508,0.013821268,-0.11835718,-0.40260577,-0.01787743,-0.12011117,-0.31733263,-0.03425745,-0.10536075,-0.26613575,-0.042281184,-0.046611905,-0.3072952,0.005507853,-0.068528175,-0.4289595,-0.03478918,-0.07931656,-0.3291964,-0.04582751,-0.065357566,-0.27194732,-0.039230824,0.006450236,-0.29915434,-0.0108083645,-0.019061267,-0.4373352,-0.053033814,-0.036809385,-0.34613287,-0.055620115,-0.024831831,-0.29486752,-0.04537861,0.060410917,-0.2751422,-0.029185066,0.0035272837,-0.32734352,-0.06604626,-0.009897709,-0.24229556,-0.070601545,0.010246694,-0.19055164,-0.06581333
-0.090430856,-0.0634467,-0.017489081,-0.12401736,-0.21923822,-0.01905239,-0.057908893,-0.30270994,-0.02518217,0.0180552,-0.3023014,-0.02784132,-0.10113138,-0.2905895,0.019308683,-0.12343505,-0.40025228,-0.013357456,-0.12565136,-0.3170901,-0.03092971,-0.10994643,-0.26173335,-0.038462184,-0.050123155,-0.30285543,0.009854917,-0.07157272,-0.42776576,-0.032991264,-0.08159888,-0.32983398,-0.047194533,-0.065152764,-0.26614106,-0.04084954,0.0024477243,-0.29617643,-0.0076022125,-0.022650063,-0.43263644,-0.05074495,-0.0403468,-0.3482481,-0.055966277,-0.026275158,-0.29632366,-0.04581757,0.056033492,-0.27579927,-0.026971128,0.0014435649,-0.33610678,-0.06156194,-0.013952911,-0.25677288,-0.065082304,0.0058788657,-0.20289528,-0.05880359
-0.088778675,-0.07340306,-0.01315645,-0.1166313,-0.22929084,-0.014487589,-0.054312706,-0.2993263,-0.02160672,0.015510976,-0.28929847,-0.02603831,-0.09061086,-0.2971307,0.014088966,-0.11568141,-0.40397555,-0.017672298,-0.12380558,-0.32017624,-0.033600647,-0.10363203,-0.27102715,-0.04190868,-0.04473424,-0.31226176,0.0015219664,-0.07009596,-0.43559492,-0.040379897,-0.087919235,-0.33449358,-0.049283866,-0.06674445,-0.2753448,-0.041242633,0.0032758117,-0.30657607,-0.01826463,-0.02517128,-0.4427663,-0.059352938,-0.048950493,-0.3495013,-0.057607472,-0.03010273,-0.29619193,-0.04514697,0.05270648,-0.28537,-0.04028171,-0.00261724,-0.32837194,-0.0730019,-0.02341336,-0.24773473,-0.07478082,-0.0014387965,-0.20015305,-0.069156714
-0.09024152,-0.076482356,-0.00909418,-0.114512056,-0.22640693,-0.009905014,-0.05621749,-0.2994538,-0.016801659,0.009943426,-0.30938882,-0.021124803,-0.08335167,-0.2830341,0.012270354,-0.11104447,-0.4022141,-0.018026652,-0.11581305,-0.3190441,-0.032309078,-0.09500274,-0.26607543,-0.039311368,-0.037141204,-0.29974842,-0.0005802923,-0.0712111,-0.427617,-0.038436875,-0.08333218,-0.3271436,-0.04473135,-0.060610235,-0.26946175,-0.036538996,0.008900642,-0.2971257,-0.019747006,-0.029620945,-0.43391308,-0.057695158,-0.04825771,-0.33553952,-0.050775185,-0.027528644,-0.2787887,-0.035888996,0.05358219,-0.27958566,-0.040770467,-0.0071324706,-0.32785827,-0.0718593,-0.026280463,-0.24523437,-0.070461184,-0.004838228,-0.19632334,-0.06294177
-0.110305965,-0.10550022,0.004637361,-0.1327942,-0.25081903,0.0033644761,-0.08293539,-0.3147086,-0.00783356,-0.02377367,-0.33054835,-0.017615786,-0.07315713,-0.3373375,0.030708643,-0.1196751,-0.43093172,-0.0015333031,-0.1311394,-0.3484689,-0.027119566,-0.10783547,-0.29313928,-0.044854764,-0.032148063,-0.34598142,0.007869288,-0.09211588,-0.46276125,-0.033779174,-0.1117419,-0.3645122,-0.0508501,-0.08408266,-0.29741013,-0.052124433,0.003995955,-0.33661234,-0.020442883,-0.06468701,-0.45573896,-0.05687863,-0.089126706,-0.36203593,-0.05399527,-0.06085491,-0.30491394,-0.04487002,0.030203938,-0.31146324,-0.05026743,-0.060569167,-0.3266456,-0.07863123,-0.07730311,-0.24661672,-0.078717455,-0.042026877,-0.20748132,-0.07414254
-0.102116704,-0.12133926,0.0065935664,-0.10970628,-0.2622413,0.0032234215,-0.07285011,-0.32687038,-0.009245951,-0.02535206,-0.35549897,-0.018919801,0.0013379455,-0.36432058,0.020862982,-0.09164977,-0.45075953,-0.011299748,-0.1120438,-0.36445034,-0.034766734,-0.08858746,-0.31339288,-0.05064389,0.03596884,-0.36793357,-0.0021395816,-0.076895356,-0.4605457,-0.038639482,-0.10178721,-0.36492085,-0.047369383,-0.07206839,-0.3152092,-0.046745196,0.048017323,-0.3485667,-0.029861279,-0.07015884,-0.42327556,-0.060827,-0.091932,-0.32751083,-0.048816137,-0.0562979,-0.28575587,-0.03685302,0.03484392,-0.3148418,-0.059562877,-0.076422036,-0.3312838,-0.08383239,-0.085279584,-0.25725985,-0.07906803,-0.046256065,-0.22645736,-0.07202947
-0.097364426,-0.13426208,0.040737316,-0.10750401,-0.257074,0.043092664,-0.10842234,-0.3388573,0.030494036,-0.103829384,-0.39936802,0.019016683,0.028081119,-0.36438996,0.038146924,-0.07964921,-0.46799552,0.015100571,-0.10248995,-0.3815807,-0.000891892,-0.07831627,-0.3366428,-0.011148048,0.04390496,-0.36402565,0.0015303548,-0.088689804,-0.47595996,-0.021890469,-0.11967951,-0.381683,-0.022793228,-0.086575925,-0.33490616,-0.020380205,0.033869922,-0.33948243,-0.03513085,-0.103238344,-0.42561692,-0.0512538,-0.12627196,-0.33096826,-0.03237427,-0.08425701,-0.28995115,-0.019969152,0.0047696233,-0.3074144,-0.0703472,-0.10987705,-0.3594572,-0.078715116,-0.12220085,-0.28876996,-0.06384584,-0.0827052,-0.24738187,-0.05223673
-0.08603543,-0.13051277,0.035810363,-0.09334785,-0.25551373,0.03744328,-0.09243363,-0.34334087,0.025704447,-0.085108936,-0.41037416,0.015739897,0.042223036,-0.35502452,0.030708147,-0.06542593,-0.4538382,0.008832376,-0.089271545,-0.36275405,-0.0046034446,-0.064982116,-0.32438624,-0.014029629,0.055015445,-0.3531981,-0.0031175856,-0.07499397,-0.46132004,-0.025110161,-0.105217636,-0.36727262,-0.023300076,-0.07232851,-0.32888383,-0.019905305,0.041963637,-0.3276897,-0.037039194,-0.0916391,-0.41326386,-0.051789574,-0.11507261,-0.3186038,-0.030761736,-0.07306725,-0.28430313,-0.018096702,0.011079073,-0.29560256,-0.06988041,-0.10386336,-0.34535855,-0.07961551,-0.113711774,-0.27627683,-0.0657133,-0.07166839,-0.24187756,-0.055042464
-0.07879323,-0.13463056,0.053992074,-0.08310449,-0.25195843,0.062049273,-0.081376016,-0.33329326,0.053861074,-0.07818484,-0.39272583,0.04645348,0.049064755,-0.35396934,0.04173006,-0.059944928,-0.4536063,0.022698592,-0.08421552,-0.36291552,0.0085911825,-0.061355174,-0.32187682,-0.0021999355,0.06027311,-0.3493715,-0.00014496726,-0.0727815,-0.4599941,-0.01570786,-0.10184169,-0.3677413,-0.012211424,-0.06923509,-0.3276983,-0.010442695,0.04482597,-0.32390422,-0.040640205,-0.08956754,-0.4225496,-0.048103753,-0.1144107,-0.3289885,-0.025027031,-0.073868215,-0.29136008,-0.014359497,0.011983812,-0.29399788,-0.07874974,-0.10834348,-0.34694564,-0.08421547,-0.12050021,-0.27650958,-0.0695112,-0.079606235,-0.24234867,-0.06029313
-0.07662213,-0.13907385,0.054613926,-0.07770413,-0.24977893,0.061080515,-0.07623577,-0.32693005,0.05103694,-0.072119474,-0.38706416,0.041220587,0.051422,-0.35232115,0.039828166,-0.056824207,-0.4504837,0.022884578,-0.08341849,-0.36250097,0.0101936115,-0.06370145,-0.31750232,0.0004674366,0.060340405,-0.3479408,-0.0028781672,-0.071398854,-0.45792294,-0.018265642,-0.10173136,-0.3678925,-0.015919445,-0.0721885,-0.3226002,-0.014708868,0.043646455,-0.32223505,-0.043462723,-0.08936685,-0.41900492,-0.05236587,-0.114269555,-0.32995743,-0.031508297,-0.078270555,-0.28810453,-0.021306025,0.008833587,-0.2913531,-0.08122411,-0.10700911,-0.34680063,-0.087207384,-0.12120724,-0.27988666,-0.072414234,-0.08584416,-0.24105626,-0.06261663
-0.05847472,-0.12723053,0.09044535,-0.06572789,-0.24014634,0.11130401,-0.07213324,-0.31237507,0.10926157,-0.07902324,-0.35963297,0.10516993,0.05488187,-0.34651875,0.06980054,-0.05423373,-0.43913203,0.06064498,-0.077109575,-0.35145932,0.048809227,-0.056670666,-0.3113885,0.037367947,0.06179613,-0.33989924,0.0124367485,-0.07108176,-0.4436941,0.011297571,-0.095555186,-0.35132688,0.016988298,-0.064231396,-0.31240648,0.015551371,0.043281317,-0.31623453,-0.040319808,-0.08738387,-0.41889745,-0.030487185,-0.109906435,-0.32230347,-0.0064579146,-0.072309375,-0.2836637,-0.001650696,0.00914222,-0.29250735,-0.08783039,-0.10956639,-0.33997107,-0.081003085,-0.11883068,-0.26650137,-0.06532799,-0.07805008,-0.23539454,-0.059849706
-0.059965074,-0.13867629,0.10622143,-0.06462133,-0.25077468,0.1300048,-0.07210356,-0.321122,0.12734307,-0.07786906,-0.37542838,0.12104399,0.052348316,-0.34493893,0.076034136,-0.050141215,-0.43838155,0.07601668,-0.07482344,-0.35042077,0.072961725,-0.05618137,-0.31138396,0.06625336,0.056409538,-0.3359822,0.010443255,-0.06727576,-0.44284046,0.014943333,-0.09345138,-0.3510567,0.024036957,-0.064157784,-0.31154794,0.02407919,0.03755039,-0.31120133,-0.047884505,-0.085879505,-0.41100207,-0.03230254,-0.107955754,-0.31421095,-0.0074293874,-0.07234943,-0.27584827,-0.0036356426,0.0039479136,-0.28848588,-0.09932847,-0.107332945,-0.33603215,-0.085932545,-0.11667138,-0.2639367,-0.067177415,-0.077572584,-0.23147726,-0.061085224
-0.09757465,-0.1297831,0.019219715,-0.1055873,-0.25244504,0.015933381,-0.09186363,-0.3184923,0.0027625703,-0.058295786,-0.33723104,-0.008120249,0.029825687,-0.35662258,0.019187445,-0.07704419,-0.45226008,-0.0068572997,-0.10189974,-0.3665424,-0.026656883,-0.08081919,-0.31890583,-0.04084916,0.051904917,-0.35492152,-0.0061690253,-0.076872826,-0.456573,-0.033991452,-0.10789728,-0.3638989,-0.03786994,-0.07894641,-0.31996036,-0.03714644,0.04888928,-0.32847804,-0.033134166,-0.079533696,-0.41073713,-0.054389738,-0.104673386,-0.32837838,-0.038865376,-0.07003152,-0.29176384,-0.027150543,0.0220474,-0.29224414,-0.060400136,-0.089205146,-0.33469743,-0.074047565,-0.100237966,-0.27300024,-0.063740216,-0.06394303,-0.23777914,-0.054558534
-0.09757465,-0.1297831,0.019219715,-0.1055873,-0.25244504,0.015933381,-0.09186363,-0.3184923,0.0027625703,-0.058295786,-0.33723104,-0.008120249,0.029825687,-0.35662258,0.019187445,-0.07704419,-0.45226008,-0.0068572997,-0.10189974,-0.3665424,-0.026656883,-0.08081919,-0.31890583,-0.04084916,0.051904917,-0.35492152,-0.0061690253,-0.076872826,-0.456573,-0.033991452,-0.10789728,-0.3638989,-0.03786994,-0.07894641,-0.31996036,-0.03714644,0.04888928,-0.32847804,-0.033134166,-0.079533696,-0.41073713,-0.054389738,-0.104673386,-0.32837838,-0.038865376,-0.07003152,-0.29176384,-0.027150543,0.0220474,-0.29224414,-0.060400136,-0.089205146,-0.33469743,-0.074047565,-0.100237966,-0.27300024,-0.063740216,-0.06394303,-0.23777914,-0.054558534
-0.08410466,-0.06226778,-0.02475113,-0.13071445,-0.2095803,-0.032582145,-0.07983261,-0.30449915,-0.04408992,0.00029551983,-0.28139323,-0.04932997,-0.124929935,-0.2886024,0.0079613365,-0.14732093,-0.4017612,-0.024770023,-0.14645237,-0.32436985,-0.044962544,-0.13583249,-0.2764778,-0.056510784,-0.071596086,-0.3101095,0.0006390415,-0.091148674,-0.43947822,-0.041407447,-0.09771013,-0.35177016,-0.056167316,-0.08680755,-0.28872538,-0.05221738,-0.01366055,-0.30583763,-0.014539596,-0.026029885,-0.44613573,-0.04916409,-0.04382074,-0.37445936,-0.054855898,-0.04231292,-0.31752527,-0.0480221,0.048872232,-0.28242666,-0.033279035,0.029537857,-0.34844828,-0.057317026,0.0076666474,-0.3050447,-0.063200876,0.0054020286,-0.2650686,-0.06164638
-0.078731716,-0.05630696,-0.027869634,-0.11495501,-0.22475529,-0.029547172,-0.04270804,-0.30687678,-0.032766532,0.0397889,-0.274688,-0.029996626,-0.11491698,-0.30610704,0.008944645,-0.13401139,-0.4212156,-0.024190398,-0.1302183,-0.335644,-0.04137606,-0.11987907,-0.28663796,-0.050461706,-0.060418844,-0.32748455,0.0031476899,-0.07754606,-0.4551613,-0.03681098,-0.082215905,-0.35531878,-0.046998277,-0.0738492,-0.30644876,-0.040236544,7.069111e-05,-0.31920815,-0.011564976,-0.004378259,-0.4658049,-0.053016253,-0.016327143,-0.37899166,-0.05631349,-0.011762381,-0.33753455,-0.047491416,0.064730644,-0.29351383,-0.029250432,0.048983216,-0.35481465,-0.06599605,0.038253486,-0.28063565,-0.07127556,0.046777666,-0.2360369,-0.06765383
-0.07837105,-0.057329893,-0.029175855,-0.10926905,-0.22755027,-0.030351108,-0.033168554,-0.30634528,-0.03232081,0.048282743,-0.2773224,-0.02819959,-0.115026504,-0.3102293,0.008668488,-0.13049018,-0.4246961,-0.024769396,-0.12736452,-0.33773345,-0.0413336,-0.11792046,-0.28384203,-0.049367264,-0.058966458,-0.33062053,0.0037851636,-0.07280034,-0.45950943,-0.036544178,-0.0766775,-0.3567925,-0.045673188,-0.068116784,-0.30462253,-0.037431072,0.0026236176,-0.32052904,-0.010404347,0.0016884208,-0.46418983,-0.0526362,-0.009316564,-0.37857413,-0.055666592,-0.004837513,-0.3398584,-0.046368055,0.0671649,-0.29328722,-0.027561134,0.053981185,-0.3527801,-0.06548087,0.042962015,-0.27701545,-0.07070594,0.049134612,-0.23268741,-0.06681323
-0.07549024,-0.06567252,-0.03356289,-0.102770746,-0.23120785,-0.036547285,-0.0280236,-0.30978143,-0.03994876,0.053082168,-0.28945452,-0.03479257,-0.11173153,-0.31911278,0.006641417,-0.124501646,-0.432916,-0.032595508,-0.1206494,-0.33755445,-0.049099576,-0.11216694,-0.29152012,-0.055771366,-0.05396104,-0.33770597,0.0028848033,-0.062179744,-0.46625564,-0.040095292,-0.06482977,-0.35285562,-0.043563347,-0.057644308,-0.31404352,-0.03075539,0.009089828,-0.32354105,-0.011627384,0.011590064,-0.46135095,-0.055872794,0.00012600422,-0.3563646,-0.048273943,0.00309515,-0.31910533,-0.030827506,0.07394785,-0.29141665,-0.030266793,0.06880331,-0.35259205,-0.06897132,0.055967808,-0.2741142,-0.06992461,0.059545636,-0.23417717,-0.061810598
-0.079042375,-0.07291037,-0.03392244,-0.103868425,-0.2367515,-0.037461452,-0.026758075,-0.31089872,-0.0417182,0.053606093,-0.28434855,-0.03761641,-0.11032194,-0.3211673,0.0102419285,-0.12266487,-0.43635726,-0.029770467,-0.12045738,-0.3441972,-0.0486702,-0.11249676,-0.29511666,-0.05650792,-0.051709235,-0.33774668,0.0070731286,-0.05916953,-0.4681654,-0.038069475,-0.06358802,-0.36031574,-0.045527745,-0.05738026,-0.31540316,-0.034632217,0.010743797,-0.32269102,-0.0070592454,0.014983475,-0.46401638,-0.052676257,0.0014825463,-0.3661995,-0.04970925,0.0029488802,-0.324138,-0.034312468,0.07497519,-0.28982288,-0.025215512,0.07182425,-0.3534161,-0.06406849,0.056533754,-0.28049147,-0.06754166,0.05786681,-0.23889548,-0.06086641
-0.077429354,-0.07061994,-0.032224134,-0.101228416,-0.23546553,-0.03563202,-0.026730299,-0.30827832,-0.040296815,0.05210644,-0.2848451,-0.036877237,-0.103526115,-0.31553346,0.0077525633,-0.11632979,-0.43451685,-0.034240708,-0.11631599,-0.34803873,-0.053260956,-0.108505696,-0.29597074,-0.060256835,-0.045318127,-0.33133006,0.0036491142,-0.052102387,-0.46309036,-0.04299263,-0.058166683,-0.3599401,-0.050483692,-0.051968098,-0.31420583,-0.03944906,0.016658008,-0.31562513,-0.011202388,0.022996604,-0.46206433,-0.05868253,0.009382844,-0.3686666,-0.05616322,0.011223555,-0.32555258,-0.040802766,0.08048773,-0.28264993,-0.029725553,0.081469476,-0.3480127,-0.069702975,0.06346959,-0.27890474,-0.0737471,0.061092436,-0.23641986,-0.06746798
-0.07806605,-0.062370837,-0.032755792,-0.09805769,-0.22844249,-0.037168022,-0.01822728,-0.29927528,-0.04143793,0.062034607,-0.2686265,-0.039137658,-0.09959024,-0.31203717,0.0012758159,-0.11194098,-0.4304554,-0.03929599,-0.108139455,-0.347786,-0.061963275,-0.10009068,-0.28505927,-0.07178526,-0.040215194,-0.3268965,-0.0020214955,-0.045767963,-0.4583766,-0.047109805,-0.05047393,-0.36527735,-0.06054241,-0.04880327,-0.30359292,-0.05487585,0.020299792,-0.31223917,-0.014925771,0.028180301,-0.45269042,-0.06168403,0.01690489,-0.36858344,-0.0679163,0.0136960745,-0.31340605,-0.05944144,0.081525385,-0.2792079,-0.030907243,0.07938737,-0.34058797,-0.07295887,0.0652979,-0.2669778,-0.08127132,0.061917424,-0.21113366,-0.078412645
-0.07874054,-0.05855167,-0.03329706,-0.101864696,-0.2284249,-0.038632665,-0.023145556,-0.30108178,-0.044127442,0.057810068,-0.26190448,-0.043385904,-0.0961377,-0.31473058,0.0019446344,-0.10842824,-0.43364346,-0.03841663,-0.10753751,-0.35341692,-0.062212564,-0.09997052,-0.28870988,-0.07309177,-0.036774278,-0.3279332,-0.0021337497,-0.042798936,-0.46095228,-0.047924634,-0.04931116,-0.3726583,-0.062982045,-0.04688865,-0.30787593,-0.058255404,0.02346468,-0.31136304,-0.015837247,0.03241384,-0.45112097,-0.06301674,0.0185408,-0.3702203,-0.06986343,0.0132133365,-0.3131507,-0.06156521,0.08451104,-0.27581382,-0.032863334,0.08305991,-0.33758837,-0.07315579,0.065785766,-0.26189262,-0.079665154,0.060296476,-0.20250165,-0.07586826
-0.08347833,-0.06677681,-0.043453302,-0.11433512,-0.21112728,-0.060547523,-0.040748954,-0.2694983,-0.07687179,0.035906136,-0.25256503,-0.08597608,-0.097357035,-0.32340384,-0.017631155,-0.11578119,-0.4024921,-0.07056219,-0.111953616,-0.30238706,-0.097148895,-0.10077405,-0.26570332,-0.11107578,-0.034117103,-0.3319142,-0.023156516,-0.043841183,-0.43062556,-0.08188522,-0.05464703,-0.3106994,-0.09227875,-0.051954806,-0.27875286,-0.08483758,0.027599573,-0.30870247,-0.03990585,0.036186695,-0.41535518,-0.097304836,0.014792681,-0.29850423,-0.08864814,0.009759486,-0.25993478,-0.069377564,0.08693546,-0.26902097,-0.061567444,0.08515,-0.30721152,-0.10406097,0.060866892,-0.22344631,-0.10167712,0.052847028,-0.19005042,-0.09128311
-0.090697765,-0.06914061,-0.04473281,-0.122651994,-0.20078486,-0.06536491,-0.050092936,-0.2538454,-0.08478123,0.02517283,-0.25003272,-0.097352006,-0.101834714,-0.33142132,-0.018773397,-0.12597322,-0.3905558,-0.07214234,-0.12052214,-0.28552395,-0.10132401,-0.10845584,-0.25143188,-0.11732735,-0.038193345,-0.33932668,-0.02255968,-0.054172933,-0.41738254,-0.08405749,-0.062530756,-0.29277527,-0.098403275,-0.058621764,-0.2568096,-0.09301363,0.025139153,-0.3166045,-0.036862496,0.024087727,-0.40233243,-0.0940516,0.0044428706,-0.28136766,-0.086468235,-0.00011152029,-0.24290651,-0.06758739,0.0857653,-0.27928394,-0.056027602,0.0733127,-0.29455268,-0.09454739,0.04997909,-0.2074064,-0.09046672,0.045023203,-0.18124247,-0.078885324
-0.087543726,-0.0565266,-0.045600086,-0.12326187,-0.18559808,-0.067464404,-0.05176288,-0.24277115,-0.0878414,0.02423942,-0.24184257,-0.10153807,-0.10183823,-0.32893628,-0.021547569,-0.12523967,-0.3833481,-0.074869245,-0.119125664,-0.28195995,-0.10512467,-0.10669893,-0.24709612,-0.12264053,-0.037615895,-0.34049696,-0.026254373,-0.05296886,-0.40559244,-0.08467207,-0.061404288,-0.28290492,-0.097872145,-0.058146477,-0.2536428,-0.09364169,0.024643421,-0.3191722,-0.041648787,0.024332106,-0.38929898,-0.09662746,0.004768133,-0.2697608,-0.08840572,-0.00027698278,-0.2391932,-0.071414694,0.08450669,-0.28068572,-0.062370624,0.071787775,-0.27616465,-0.100295305,0.049021244,-0.18655509,-0.096172765,0.04429847,-0.16650754,-0.085788995
-0.082713604,-0.0568856,-0.04798498,-0.11296576,-0.18014336,-0.071250856,-0.040360212,-0.22167373,-0.09164736,0.03030467,-0.22261405,-0.10453216,-0.08289105,-0.34809613,-0.029422138,-0.10767043,-0.37874252,-0.08761627,-0.10690898,-0.27061927,-0.11870357,-0.09268099,-0.23665673,-0.13501988,-0.014165521,-0.35347646,-0.03328088,-0.033370137,-0.39012998,-0.095880985,-0.047798216,-0.2586003,-0.10648034,-0.043473125,-0.23761487,-0.0992356,0.048055112,-0.32292038,-0.048163936,0.04464382,-0.3483289,-0.10155115,0.017891467,-0.22621316,-0.08701933,0.011527717,-0.2099849,-0.065650925,0.10177964,-0.2761987,-0.0693394,0.0902164,-0.25036055,-0.09940172,0.06282282,-0.1676246,-0.08999643,0.05663258,-0.16271734,-0.07642241
-0.0787797,-0.045437753,-0.05374844,-0.11803204,-0.16102952,-0.08247272,-0.0617162,-0.21488082,-0.10792884,0.0019665956,-0.23215199,-0.12462966,-0.09058756,-0.33095664,-0.03599778,-0.106122434,-0.37237102,-0.10092874,-0.10221928,-0.26474357,-0.1338146,-0.08928269,-0.2306264,-0.14981762,-0.02154696,-0.33617997,-0.038105637,-0.028613448,-0.37636393,-0.10720182,-0.038460374,-0.24093062,-0.11598907,-0.038339555,-0.22212452,-0.10589953,0.041519403,-0.31178463,-0.05240553,0.043004394,-0.32747447,-0.11349582,0.02191925,-0.20228928,-0.09497186,0.014826655,-0.19327897,-0.06873164,0.09859133,-0.2738366,-0.07313946,0.09266323,-0.2568977,-0.104306854,0.06789768,-0.16570175,-0.08895757,0.059881866,-0.15848762,-0.070360124
-0.07203215,-0.042539477,-0.05810329,-0.11997956,-0.1263051,-0.09170618,-0.102612495,-0.18115604,-0.11839338,-0.07311958,-0.22057706,-0.13473056,-0.0882414,-0.35967988,-0.048555646,-0.07992333,-0.31665713,-0.1039219,-0.07753652,-0.22269607,-0.13671337,-0.07569665,-0.19360882,-0.15616058,-0.013034403,-0.3677404,-0.046331447,-0.002178371,-0.28980315,-0.101043426,-0.01578188,-0.18880737,-0.11604434,-0.026214004,-0.18152428,-0.118258625,0.050800204,-0.33640885,-0.05350048,0.05836463,-0.23333329,-0.102312684,0.03432262,-0.14869738,-0.09579815,0.017794013,-0.15890914,-0.08456547,0.106354594,-0.28590107,-0.0680062,0.108208,-0.18918985,-0.09825538,0.07798451,-0.12095964,-0.09521118,0.05395639,-0.12868041,-0.087347314
-0.07692468,-0.03565681,-0.06861287,-0.12373781,-0.106097996,-0.112458766,-0.093233645,-0.1518318,-0.1455394,-0.046346486,-0.18358338,-0.16801704,-0.080592036,-0.346915,-0.07913937,-0.05456108,-0.25667924,-0.13131894,-0.0519768,-0.17052937,-0.15593155,-0.058758497,-0.15738636,-0.1708297,-0.006075144,-0.351368,-0.07246527,0.020260394,-0.24150574,-0.12401236,0.004971981,-0.14663649,-0.13482586,-0.011440814,-0.14335412,-0.13712786,0.056400955,-0.32036674,-0.07324808,0.08052409,-0.20266259,-0.12559144,0.055429637,-0.11500943,-0.11952065,0.03376919,-0.11845517,-0.10882046,0.107937515,-0.2687745,-0.08096002,0.123708546,-0.17379242,-0.11751399,0.09341192,-0.10012984,-0.11493033,0.06447452,-0.09833372,-0.106673256
-0.07170904,-0.03334254,-0.066483475,-0.113146424,-0.09756225,-0.10945483,-0.07641739,-0.12251508,-0.14340091,-0.022889316,-0.13481647,-0.16867122,-0.069173574,-0.34608394,-0.068243824,-0.03880298,-0.23160571,-0.12275073,-0.04465103,-0.15454173,-0.15514755,-0.05551839,-0.16155368,-0.17626816,0.008484006,-0.3491612,-0.06356731,0.03431666,-0.22195226,-0.116179995,0.011181533,-0.13607305,-0.12973721,-0.0054543614,-0.14458698,-0.1339222,0.07215303,-0.31581217,-0.06744146,0.09102595,-0.18150663,-0.118255265,0.05964881,-0.103680134,-0.11523537,0.037792504,-0.11733705,-0.10636117,0.12347597,-0.2646228,-0.07875734,0.13359135,-0.15809989,-0.11147417,0.09890455,-0.091347694,-0.11044883,0.06938326,-0.09493601,-0.103782
-0.07860768,-0.02506429,-0.07035096,-0.12630641,-0.08108187,-0.118647784,-0.08434147,-0.092659235,-0.15628877,-0.023466647,-0.097224,-0.18361998,-0.0728367,-0.3420656,-0.08923924,-0.038224816,-0.21310979,-0.14260401,-0.052205503,-0.14125383,-0.1675679,-0.0632118,-0.16404629,-0.1864395,0.0043566823,-0.34805852,-0.084474705,0.03592825,-0.20148945,-0.14117591,0.0058906674,-0.11532664,-0.14951408,-0.008597434,-0.13368332,-0.1519977,0.068855464,-0.31673884,-0.08706994,0.09229386,-0.16538036,-0.14111318,0.055509984,-0.083346605,-0.13186933,0.035263658,-0.10341662,-0.12124526,0.123547316,-0.26439905,-0.09756693,0.13507259,-0.1424216,-0.13577524,0.09523177,-0.07131672,-0.13560489,0.065434754,-0.08163154,-0.13076514
-0.07620424,-0.023555756,-0.07812207,-0.124140084,-0.08578426,-0.12873344,-0.096367,-0.122305036,-0.166466,-0.05138886,-0.15164769,-0.19215295,-0.06823069,-0.34561294,-0.098408125,-0.03463596,-0.21494466,-0.15249412,-0.046638608,-0.14188105,-0.17354009,-0.05682683,-0.16310495,-0.18879107,0.0077111125,-0.35059607,-0.08954388,0.039866865,-0.20456976,-0.14890598,0.009505749,-0.11911327,-0.15565315,-0.005211413,-0.14163005,-0.15595992,0.07152915,-0.31907836,-0.088474445,0.094733775,-0.16727108,-0.14421703,0.0577178,-0.09043777,-0.13384062,0.03806722,-0.11636269,-0.12239061,0.12563139,-0.2674544,-0.09584619,0.13693291,-0.14516103,-0.13529287,0.09684098,-0.077955365,-0.13622068,0.06652796,-0.092054725,-0.13200197
-0.07489723,0.0025900602,-0.09476636,-0.11154169,-0.03293705,-0.15641792,-0.04624766,-0.05255711,-0.20168824,0.022550762,-0.06528002,-0.23390345,-0.07258558,-0.30870008,-0.12361576,0.0016770363,-0.17339468,-0.17547785,-0.012559772,-0.09650785,-0.19393106,-0.033988595,-0.10998672,-0.20968905,0.000102221966,-0.32267645,-0.10656412,0.06814444,-0.16862434,-0.16202302,0.036078632,-0.08764839,-0.16727874,0.012694538,-0.11099255,-0.17054932,0.06183672,-0.30073762,-0.0970825,0.11721647,-0.14683759,-0.14719018,0.07981259,-0.072491884,-0.13565908,0.052901745,-0.09147525,-0.12660849,0.113951564,-0.257767,-0.0976197,0.14808059,-0.14227575,-0.13693853,0.11273062,-0.07861453,-0.13919412,0.08024269,-0.08611858,-0.13743925
-0.0676381,0.001073122,-0.1117105,-0.105353355,-0.027800798,-0.18441097,-0.049865484,-0.034861803,-0.23818544,0.015126467,-0.038494468,-0.27787396,-0.059298337,-0.30641362,-0.14121632,0.010786593,-0.15836108,-0.20052324,-0.0051617026,-0.08161855,-0.220254,-0.03309375,-0.10662806,-0.23589915,0.01153928,-0.31670398,-0.11699837,0.07496792,-0.15436518,-0.18070534,0.04674071,-0.06841135,-0.18597132,0.022522926,-0.10680294,-0.18749033,0.072776556,-0.2941207,-0.10186031,0.12399912,-0.13748848,-0.16157337,0.09352684,-0.06036061,-0.14971064,0.066853166,-0.09044385,-0.13821033,0.121840954,-0.25335205,-0.097638346,0.15722698,-0.13453674,-0.14364089,0.1307506,-0.07252526,-0.14859098,0.10388392,-0.09033167,-0.14749297
-0.0676381,0.001073122,-0.1117105,-0.105353355,-0.027800798,-0.18441097,-0.049865484,-0.034861803,-0.23818544,0.015126467,-0.038494468,-0.27787396,-0.059298337,-0.30641362,-0.14121632,0.010786593,-0.15836108,-0.20052324,-0.0051617026,-0.08161855,-0.220254,-0.03309375,-0.10662806,-0.23589915,0.01153928,-0.31670398,-0.11699837,0.07496792,-0.15436518,-0.18070534,0.04674071,-0.06841135,-0.18597132,0.022522926,-0.10680294,-0.18749033,0.072776556,-0.2941207,-0.10186031,0.12399912,-0.13748848,-0.16157337,0.09352684,-0.06036061,-0.14971064,0.066853166,-0.09044385,-0.13821033,0.121840954,-0.25335205,-0.097638346,0.15722698,-0.13453674,-0.14364089,0.1307506,-0.07252526,-0.14859098,0.10388392,-0.09033167,-0.14749297
-0.07220954,0.00034618378,-0.10332041,-0.10590267,-0.022031844,-0.17019103,-0.03675562,-0.0058900714,-0.21904853,0.03793955,0.011170447,-0.25551373,-0.045713067,-0.2841162,-0.13689186,0.021658063,-0.12709582,-0.19212756,0.00086295605,-0.047805846,-0.21260482,-0.02231276,-0.069348216,-0.22998174,0.026836634,-0.29107153,-0.11528354,0.083411336,-0.12586588,-0.17309017,0.05142963,-0.044030845,-0.17832558,0.03156823,-0.07714486,-0.1822584,0.08567691,-0.2662283,-0.101577446,0.13247979,-0.10839373,-0.15426746,0.09795755,-0.037849188,-0.14321367,0.07321876,-0.06576139,-0.13440984,0.13224751,-0.22310108,-0.09828946,0.1615957,-0.1093716,-0.13968812,0.13284498,-0.05206704,-0.143664,0.10759413,-0.068719566,-0.14341861
-0.073806345,-0.00070917606,-0.10378091,-0.110716045,-0.02253306,-0.17193866,-0.053112328,-0.0076924562,-0.22228344,0.011395454,0.010449052,-0.26023853,-0.04126644,-0.27328226,-0.1415196,0.02718705,-0.11640227,-0.19728759,0.0015357137,-0.04046619,-0.21486448,-0.024052382,-0.06281161,-0.2294368,0.030442059,-0.27698135,-0.119841345,0.090670586,-0.11244577,-0.17978193,0.051415503,-0.031053305,-0.18262045,0.027379274,-0.064564764,-0.1837786,0.08946246,-0.2501577,-0.10582511,0.13838011,-0.0955261,-0.16233435,0.0963887,-0.026778162,-0.15035383,0.06725097,-0.05708784,-0.13940878,0.13528067,-0.20554513,-0.10159512,0.16997576,-0.09987199,-0.14431392,0.13560683,-0.045194685,-0.14682548,0.105204344,-0.06402576,-0.14493662
-0.075291336,-0.0022915602,-0.094712816,-0.110594094,-0.027859986,-0.15628497,-0.04721707,-0.01746291,-0.20189066,0.016644478,-0.0005508661,-0.23559737,-0.04009682,-0.26463008,-0.12741518,0.028695107,-0.11245757,-0.1780808,0.007144153,-0.040162146,-0.19478789,-0.012978435,-0.058611095,-0.20926817,0.029904127,-0.27194875,-0.108686425,0.09113783,-0.10458821,-0.16219455,0.053437114,-0.03202355,-0.16545609,0.033206582,-0.06433642,-0.16762832,0.088332236,-0.246979,-0.097019024,0.13827723,-0.089307845,-0.14608957,0.09783822,-0.026742399,-0.13415553,0.074008286,-0.052678227,-0.12425497,0.13453573,-0.20292825,-0.09505116,0.16937566,-0.09809893,-0.1337099,0.13814098,-0.049045086,-0.13588023,0.113280535,-0.06335217,-0.13373572
-0.075291336,-0.0022915602,-0.094712816,-0.110594094,-0.027859986,-0.15628497,-0.04721707,-0.01746291,-0.20189066,0.016644478,-0.0005508661,-0.23559737,-0.04009682,-0.26463008,-0.12741518,0.028695107,-0.11245757,-0.1780808,0.007144153,-0.040162146,-0.19478789,-0.012978435,-0.058611095,-0.20926817,0.029904127,-0.27194875,-0.108686425,0.09113783,-0.10458821,-0.16219455,0.053437114,-0.03202355,-0.16545609,0.033206582,-0.06433642,-0.16762832,0.088332236,-0.246979,-0.097019024,0.13827723,-0.089307845,-0.14608957,0.09783822,-0.026742399,-0.13415553,0.074008286,-0.052678227,-0.12425497,0.13453573,-0.20292825,-0.09505116,0.16937566,-0.09809893,-0.1337099,0.13814098,-0.049045086,-0.13588023,0.113280535,-0.06335217,-0.13373572
-0.06935966,0.005163133,-0.11641107,-0.104539156,-0.0155261755,-0.19407488,-0.067415416,-0.019359708,-0.2515071,-0.0278548,-0.020273566,-0.29491442,-0.038301945,-0.22617519,-0.1774584,0.053459227,-0.07245535,-0.23943369,0.028812766,-0.006119311,-0.2467079,-0.003006518,-0.034680724,-0.2524386,0.028578162,-0.24850339,-0.15062647,0.1128183,-0.06993741,-0.21673825,0.066664994,0.0111095905,-0.20708634,0.039420545,-0.036497176,-0.19801427,0.08765662,-0.23465171,-0.13189988,0.15740383,-0.064530015,-0.19499841,0.11084604,0.0013619661,-0.17632657,0.08129895,-0.04133582,-0.16121192,0.13462067,-0.20020053,-0.12368332,0.17784876,-0.06820494,-0.17490768,0.14390588,-0.018157959,-0.18223283,0.1182881,-0.04750812,-0.18362488
-0.062314093,0.01169014,-0.13121818,-0.08831197,0.0041276813,-0.21699512,-0.041629434,0.018956482,-0.27877858,0.0023762584,0.04064864,-0.32643816,-0.03111422,-0.21487865,-0.19583721,0.057844162,-0.056191266,-0.25637174,0.034500122,0.0038063526,-0.26290646,0.0059332848,-0.024032712,-0.26891592,0.037015498,-0.23395413,-0.16084684,0.114323735,-0.053949654,-0.2263207,0.0683859,0.020251513,-0.21649556,0.04148239,-0.02609253,-0.2077648,0.09679657,-0.22007841,-0.13412648,0.15895647,-0.047006726,-0.1961594,0.11383128,0.012079835,-0.17890443,0.08547568,-0.029212475,-0.16502352,0.14246053,-0.18702596,-0.119018294,0.18079317,-0.054212987,-0.17036603,0.1489417,-0.008582473,-0.17987365,0.12411803,-0.036651194,-0.18316577
-0.054976046,0.002494216,-0.12163154,-0.08093822,-0.013519287,-0.20359063,-0.050917327,-0.011379361,-0.26457766,-0.019884884,-0.0022692084,-0.31310147,-0.014821291,-0.21443403,-0.18636386,0.06648964,-0.051463664,-0.24941687,0.048670053,0.01136291,-0.25738338,0.022800505,-0.011757553,-0.2622796,0.04890281,-0.22846517,-0.15653403,0.12438089,-0.05359602,-0.22305934,0.084361315,0.02670598,-0.21345592,0.05982274,-0.015976131,-0.20360626,0.10670912,-0.21152961,-0.13457921,0.1674462,-0.041576684,-0.19912493,0.12507719,0.023316503,-0.18133706,0.09731662,-0.013874292,-0.16560681,0.15090114,-0.1788995,-0.12333412,0.19157022,-0.048433423,-0.1729908,0.15992665,-0.00030851364,-0.17895165,0.13642949,-0.0246526,-0.17927653
-0.06760508,0.016677916,-0.09947248,-0.100150764,-0.001273036,-0.16790763,-0.06626594,-0.012714744,-0.21789876,-0.027919352,-0.027143061,-0.25860345,-0.058047295,-0.20813605,-0.16570953,0.006020665,-0.061387897,-0.22214638,0.0062152147,0.009693265,-0.24306197,-0.0006623268,0.0038801432,-0.26074165,0.012766838,-0.21619919,-0.1470423,0.06907439,-0.06612432,-0.20674065,0.05464083,-0.0006238222,-0.21457766,0.044774175,-0.011107743,-0.22278513,0.071434915,-0.1942471,-0.13252792,0.11599362,-0.045685768,-0.18467152,0.08899307,0.014607191,-0.17301196,0.06833452,-0.004290223,-0.16654994,0.11755788,-0.15667105,-0.12734114,0.14586222,-0.04059601,-0.1666445,0.11808288,0.0094483495,-0.16740316,0.09178233,-0.004594147,-0.16710204
-0.0661459,-0.011277437,-0.07443644,-0.09854776,-0.05575961,-0.12401682,-0.06169051,-0.08882409,-0.16166835,-0.017241716,-0.108522475,-0.1895158,-0.06284988,-0.28380945,-0.09768931,-0.031154037,-0.18644702,-0.14283636,-0.029034197,-0.099562585,-0.16120648,-0.03223467,-0.089864075,-0.17513083,0.0022069216,-0.28509378,-0.0876946,0.03802365,-0.17578405,-0.13604805,0.025388658,-0.09542012,-0.14611678,0.012000084,-0.09835881,-0.15183973,0.057922065,-0.25994,-0.08325817,0.09164953,-0.14358169,-0.12784204,0.067409694,-0.07152206,-0.12099348,0.045084655,-0.0825482,-0.11451844,0.104786634,-0.22058505,-0.08634386,0.12941241,-0.12381148,-0.11651692,0.10084337,-0.060077846,-0.114545755,0.07170874,-0.06432283,-0.110482484
-0.07306713,-0.051741004,-0.043027833,-0.102704644,-0.14884639,-0.07023015,-0.03791237,-0.19325137,-0.094428666,0.026045918,-0.1987238,-0.11339126,-0.08578476,-0.27546996,-0.04190191,-0.079339415,-0.34995934,-0.093194544,-0.075719416,-0.25438333,-0.1218709,-0.07355505,-0.19685161,-0.13616873,-0.019840002,-0.2812767,-0.044326566,-0.011283755,-0.37262082,-0.098076254,-0.016859174,-0.2545387,-0.110938534,-0.024294078,-0.20370698,-0.10746962,0.03950298,-0.26132226,-0.053804703,0.06465393,-0.34687123,-0.1024116,0.046239436,-0.24040204,-0.0923208,0.026544452,-0.19595426,-0.07424089,0.08919644,-0.2254175,-0.066967085,0.09575713,-0.25398934,-0.09534607,0.07531202,-0.18049878,-0.08343851,0.058466434,-0.15368962,-0.06850888
-0.072799385,-0.05053401,-0.035860416,-0.1069054,-0.16032147,-0.056629896,-0.044381738,-0.20163357,-0.07639254,0.02111882,-0.19243997,-0.09169478,-0.09530595,-0.28733015,-0.027015116,-0.090136975,-0.36498576,-0.073899075,-0.083672434,-0.2765708,-0.10249949,-0.0816133,-0.21803981,-0.11724357,-0.03198558,-0.2971127,-0.033174135,-0.024641752,-0.3956565,-0.0832002,-0.025129259,-0.2865317,-0.09902065,-0.03104192,-0.22933143,-0.097387776,0.026887894,-0.279562,-0.046412006,0.049564302,-0.37192822,-0.09117134,0.038760185,-0.27424216,-0.08900719,0.022797525,-0.22435474,-0.07672849,0.079497874,-0.24412632,-0.06306423,0.08663088,-0.27575684,-0.09119161,0.070260465,-0.20513684,-0.08555275,0.054947674,-0.17202514,-0.07550168
-0.07964164,-0.050624013,-0.027687624,-0.106702894,-0.18435323,-0.035992607,-0.041642606,-0.24484247,-0.04555749,0.026082993,-0.23159826,-0.051167425,-0.10795081,-0.27370363,-0.0038395736,-0.1109204,-0.3857438,-0.038175803,-0.106646,-0.31502163,-0.05903601,-0.103230834,-0.25274324,-0.06903363,-0.050255418,-0.2909488,-0.00911797,-0.050899386,-0.41428742,-0.046595834,-0.05006075,-0.32825726,-0.06170594,-0.05000919,-0.26276594,-0.060502756,0.0067514777,-0.28098363,-0.021502424,0.017832816,-0.40978467,-0.058301527,0.011437118,-0.3316247,-0.06484091,0.0042384863,-0.26946294,-0.059394833,0.06062293,-0.25185448,-0.03637743,0.05921346,-0.30710155,-0.06701756,0.049925745,-0.24837834,-0.07100607,0.044236362,-0.20233488,-0.0672621
-0.07850897,-0.050385416,-0.027706599,-0.1075052,-0.19066525,-0.034036245,-0.041883826,-0.25993288,-0.04202708,0.027526379,-0.24719805,-0.04569089,-0.10996923,-0.27879924,0.005148948,-0.11602157,-0.386959,-0.029645778,-0.10980192,-0.3128959,-0.051059477,-0.10375792,-0.24960417,-0.060777865,-0.053943455,-0.29713643,-0.0001720887,-0.0562526,-0.4163521,-0.03916925,-0.057119787,-0.3265529,-0.054963183,-0.055665612,-0.26266205,-0.052456614,0.0031805634,-0.28719956,-0.013548149,0.013712108,-0.41428944,-0.051431105,0.005067885,-0.33598852,-0.059067953,0.00043296814,-0.27888948,-0.053083383,0.058666706,-0.25921828,-0.029621633,0.05433041,-0.30963612,-0.06016118,0.043986022,-0.25021875,-0.06458357,0.04134351,-0.20859158,-0.060346384
-0.08003634,-0.054077268,-0.02717787,-0.11518881,-0.19454771,-0.03097032,-0.053164244,-0.27404302,-0.03782026,0.018286943,-0.26282787,-0.038526017,-0.11343023,-0.27453953,0.015024578,-0.12124848,-0.3877035,-0.023349354,-0.11903584,-0.31090438,-0.044331647,-0.112369895,-0.25165898,-0.052598618,-0.05992025,-0.29391336,0.010044895,-0.065113604,-0.41683048,-0.033924267,-0.0684458,-0.3218842,-0.04732276,-0.063008785,-0.26656705,-0.040936068,-0.0042046905,-0.28792644,-0.0046707923,-0.00018137693,-0.42174622,-0.045191217,-0.010044396,-0.34044632,-0.047496162,-0.008608758,-0.28956223,-0.036107685,0.05140239,-0.26536214,-0.022793896,0.044092655,-0.3245511,-0.05291043,0.0333004,-0.2727824,-0.05632158,0.036156476,-0.23801178,-0.050730523
-0.08290088,-0.049150407,-0.028313953,-0.11802748,-0.18820262,-0.03040038,-0.051686168,-0.2681334,-0.034596145,0.022381902,-0.2613039,-0.033014316,-0.11893916,-0.26020586,0.018297004,-0.13078496,-0.3686348,-0.017039884,-0.12665871,-0.2994737,-0.03871801,-0.117744476,-0.24121821,-0.048270952,-0.066612065,-0.28355777,0.0153029775,-0.07733053,-0.4042675,-0.026351266,-0.07773334,-0.3225081,-0.04414726,-0.06986332,-0.26707768,-0.041768044,-0.012230039,-0.28199267,0.002793683,-0.012853384,-0.41202968,-0.037141077,-0.020441175,-0.33902022,-0.0466885,-0.018842936,-0.28792155,-0.04081519,0.04202962,-0.26555657,-0.012939491,0.029873013,-0.31607848,-0.044761278,0.022697031,-0.26836032,-0.0533351,0.028197289,-0.2390585,-0.051730078
-0.08090913,-0.052889526,-0.026273802,-0.11951572,-0.18928558,-0.029661566,-0.06071651,-0.27083427,-0.036253422,0.00958544,-0.26041,-0.037613,-0.11932269,-0.2630639,0.01675666,-0.13489169,-0.37438565,-0.017555643,-0.13149625,-0.30666283,-0.039203554,-0.12124258,-0.24859923,-0.04920312,-0.06906456,-0.28600395,0.0125012435,-0.08261061,-0.40868962,-0.026299682,-0.083292484,-0.32983974,-0.04345624,-0.073275626,-0.2741574,-0.04234682,-0.01484555,-0.28454602,-0.00074186974,-0.019354582,-0.4200154,-0.037310127,-0.027989507,-0.34780547,-0.04583832,-0.023650348,-0.2907825,-0.040448893,0.040084183,-0.26729298,-0.017221512,0.025769114,-0.33023477,-0.045593552,0.017786264,-0.28671563,-0.052746546,0.026011884,-0.25262886,-0.050962646
-0.08343387,-0.054421723,-0.025063895,-0.12186414,-0.1891936,-0.027017655,-0.064205766,-0.2743879,-0.032407176,0.0048389435,-0.27375627,-0.031411678,-0.125312,-0.2589975,0.021574074,-0.14032245,-0.36961254,-0.013612751,-0.13332069,-0.29596168,-0.033755414,-0.12322295,-0.24118125,-0.041895743,-0.07402933,-0.2830369,0.017281637,-0.0875448,-0.40290695,-0.021485873,-0.08532196,-0.31475165,-0.03454902,-0.0764156,-0.26634157,-0.02972391,-0.019470334,-0.28297913,0.0033955832,-0.025387347,-0.41302824,-0.03246715,-0.031117678,-0.33408016,-0.03358326,-0.02590996,-0.2851025,-0.022616882,0.035442293,-0.26738346,-0.014028941,0.02075088,-0.33024228,-0.038997345,0.012409389,-0.2821616,-0.04008099,0.019482493,-0.2505893,-0.033834275
-0.081171155,-0.040002942,-0.018690055,-0.120667815,-0.17216498,-0.017397678,-0.06866616,-0.25642353,-0.019196397,-0.0033070445,-0.25754064,-0.017169936,-0.118716,-0.23770076,0.016378703,-0.13498437,-0.34177208,-0.010456492,-0.13269463,-0.28415364,-0.026047733,-0.12166467,-0.23134959,-0.0327091,-0.07071352,-0.2616607,0.011132268,-0.08629173,-0.3798666,-0.022111198,-0.08669311,-0.30733007,-0.034800667,-0.074496865,-0.25212342,-0.031002894,-0.018068075,-0.2641155,-0.0011295228,-0.02611947,-0.3897947,-0.033699166,-0.033182442,-0.32074207,-0.039326344,-0.026699364,-0.2691394,-0.032837816,0.03583938,-0.2508905,-0.015568608,0.015633404,-0.3064021,-0.04214987,0.007282138,-0.25969607,-0.047727086,0.016386092,-0.22653061,-0.04550153
-0.08325273,-0.05872965,-0.019424643,-0.11739552,-0.18609679,-0.020351822,-0.06288552,-0.26382214,-0.025170406,0.004744172,-0.25388145,-0.024273017,-0.12199366,-0.25083703,0.02037241,-0.13665235,-0.3617067,-0.008547443,-0.13315836,-0.2951088,-0.025536027,-0.12735,-0.24821466,-0.03305709,-0.07144314,-0.27350092,0.015714739,-0.08643317,-0.39116308,-0.01833294,-0.086579144,-0.31419837,-0.03091589,-0.08108616,-0.26538152,-0.026860517,-0.01805836,-0.27364194,0.003274917,-0.024921775,-0.40097463,-0.026160818,-0.03253317,-0.3348444,-0.0291597,-0.032671094,-0.28539985,-0.020516422,0.03525293,-0.25786805,-0.012149412,0.022556603,-0.32414556,-0.032671507,0.011498392,-0.29262483,-0.035962656,0.010980606,-0.2650907,-0.031953283
-0.081291616,-0.060649455,-0.016940422,-0.11425471,-0.18806195,-0.018096406,-0.061089814,-0.264216,-0.024260547,0.0045166016,-0.25327063,-0.02539489,-0.110758245,-0.24729586,0.018754719,-0.12641346,-0.3652056,-0.010967764,-0.12514806,-0.30330563,-0.027701432,-0.1179924,-0.25658935,-0.034629285,-0.062595606,-0.26806575,0.0123935845,-0.07716328,-0.39364713,-0.021711767,-0.0804168,-0.31992584,-0.033059407,-0.073296845,-0.26948243,-0.028380647,-0.011209071,-0.2670068,-0.0014673095,-0.018312156,-0.40174767,-0.030302538,-0.02850014,-0.33485305,-0.03104921,-0.027141273,-0.2823612,-0.021159831,0.040373445,-0.24997926,-0.018267566,0.028320432,-0.32342803,-0.036839377,0.015337288,-0.29352736,-0.03813095,0.015817165,-0.2650085,-0.033275094
-0.08504534,-0.06463367,-0.0196891,-0.11950922,-0.19514108,-0.017818406,-0.059357405,-0.27059168,-0.020632535,0.010534465,-0.25136435,-0.017473402,-0.11909485,-0.25340116,0.033795435,-0.13654894,-0.36597702,0.0046708966,-0.13236332,-0.2977267,-0.0127371885,-0.121400476,-0.24928159,-0.019995209,-0.06906313,-0.27443862,0.029568635,-0.08348256,-0.3940913,-0.0036204124,-0.0854072,-0.314174,-0.016348504,-0.07608086,-0.26848716,-0.012546422,-0.015684366,-0.27532655,0.01588985,-0.022124052,-0.40291208,-0.013531373,-0.03257346,-0.32736403,-0.01599904,-0.027809978,-0.27990586,-0.0071293814,0.037666798,-0.2642923,-0.0013990006,0.020362973,-0.32785803,-0.020155758,0.007929206,-0.280546,-0.021875458,0.014897943,-0.24766672,-0.017401505
-0.082244575,-0.058959186,-0.022663988,-0.119335294,-0.18992835,-0.022374539,-0.06178969,-0.26945847,-0.02596851,0.008226514,-0.25132275,-0.023517393,-0.11994755,-0.25422633,0.028766429,-0.13579613,-0.36540017,-0.00012817603,-0.13178748,-0.29593015,-0.016635532,-0.12235981,-0.2479499,-0.023528425,-0.07020414,-0.2771474,0.025625499,-0.08334702,-0.39406282,-0.0069176992,-0.08528668,-0.31273693,-0.017967274,-0.07712579,-0.2691052,-0.013061416,-0.016859949,-0.27685797,0.013075752,-0.02195859,-0.40174896,-0.016352491,-0.03151661,-0.32455993,-0.017455382,-0.027718663,-0.27931708,-0.00775736,0.037323833,-0.26259482,-0.0031942246,0.022010386,-0.32396287,-0.02225606,0.010254264,-0.2757557,-0.023224272,0.016347647,-0.24435759,-0.018051332
-0.09045887,-0.071894586,-0.02031386,-0.12127215,-0.19668186,-0.018362073,-0.06125194,-0.2767524,-0.021437973,0.0054609776,-0.2662229,-0.017729275,-0.1185078,-0.2588657,0.042868536,-0.13462818,-0.37275335,0.013246113,-0.13081604,-0.3048287,-0.006419532,-0.12346619,-0.25820667,-0.015116927,-0.06780374,-0.27646172,0.038419027,-0.08009362,-0.39878657,0.0033485992,-0.08073908,-0.31841755,-0.013528164,-0.075725436,-0.2754529,-0.012112007,-0.016070604,-0.27405047,0.02379262,-0.020052314,-0.4040934,-0.009040232,-0.029809237,-0.3313642,-0.015491031,-0.029110014,-0.2852571,-0.008505482,0.035695434,-0.2596727,0.0057030646,0.021825016,-0.3262475,-0.015691156,0.009790957,-0.28054285,-0.019694123,0.014112651,-0.24714589,-0.016266549
-0.08596784,-0.06560707,-0.020415498,-0.11676198,-0.19064838,-0.019164575,-0.05640644,-0.27038836,-0.022972116,0.007786453,-0.26107758,-0.021811884,-0.11256957,-0.25792313,0.039065924,-0.12849939,-0.37192756,0.009839082,-0.12616944,-0.31618685,-0.011454351,-0.11652559,-0.26496625,-0.021099808,-0.062456787,-0.27566558,0.034687925,-0.07368988,-0.40161175,-0.0016276318,-0.07599908,-0.33378917,-0.022281758,-0.06891483,-0.28144175,-0.02321528,-0.013411343,-0.27250457,0.020799678,-0.013663173,-0.40505132,-0.014184126,-0.023284733,-0.33917713,-0.026385374,-0.022636235,-0.28052294,-0.022523096,0.034915686,-0.25587577,0.0038523679,0.021935582,-0.32523823,-0.022298906,0.010773063,-0.2861662,-0.031669408,0.014124393,-0.24906617,-0.031264868
-0.07813823,-0.030475736,-0.025455922,-0.120592535,-0.15223664,-0.03477941,-0.08091724,-0.22787112,-0.04960483,-0.016161203,-0.22018784,-0.06145702,-0.0812996,-0.2710433,0.0032042481,-0.09179711,-0.39642936,-0.037487,-0.10850012,-0.364527,-0.06492604,-0.10189003,-0.30154932,-0.07638911,-0.03739643,-0.28571874,-0.0048691374,-0.040008247,-0.4339449,-0.04984326,-0.06530589,-0.38177317,-0.06897261,-0.061718047,-0.3099926,-0.06795313,0.0048235655,-0.28164738,-0.021463746,0.009343445,-0.4253232,-0.056743104,-0.019356072,-0.3771236,-0.06620977,-0.018333972,-0.30863333,-0.06052975,0.048471093,-0.2654788,-0.04237874,0.053132534,-0.3757658,-0.063544765,0.029307902,-0.35659352,-0.068206854,0.02694273,-0.30395108,-0.06510981
-0.07817364,-0.034112394,-0.024743404,-0.12178218,-0.15799779,-0.033620954,-0.08006686,-0.23766255,-0.04834459,-0.011181772,-0.23376393,-0.05924505,-0.08233243,-0.27696496,0.0056979554,-0.0951969,-0.40853775,-0.035677675,-0.11022103,-0.36028084,-0.06254416,-0.10238296,-0.29276437,-0.07318688,-0.038351,-0.29144853,-0.0027631428,-0.041305244,-0.44154412,-0.04672574,-0.06599265,-0.3783311,-0.06339869,-0.0615198,-0.3071502,-0.06013728,0.0026387572,-0.28733635,-0.020199688,0.008036792,-0.43259603,-0.053691845,-0.0218454,-0.3775997,-0.059374366,-0.021214366,-0.30973637,-0.05080877,0.0451712,-0.27143997,-0.042213794,0.047572136,-0.38373265,-0.059573323,0.021517217,-0.36261266,-0.060675606,0.01915133,-0.31308913,-0.055071134
-0.08120972,-0.042271793,-0.025157532,-0.122653365,-0.16933215,-0.032271095,-0.07613891,-0.24744481,-0.04516894,-0.0070756674,-0.23864847,-0.054587338,-0.08764696,-0.27584374,0.010331369,-0.09785575,-0.40973732,-0.0296363,-0.11403155,-0.37209994,-0.05739388,-0.10634822,-0.31094903,-0.06929827,-0.04394859,-0.2906478,0.0025172748,-0.044260204,-0.4441107,-0.041747354,-0.070210636,-0.38687223,-0.062109612,-0.06577361,-0.31645203,-0.061655052,-0.0037359595,-0.28830194,-0.014428121,0.0023075938,-0.43385476,-0.04777245,-0.028415203,-0.3842549,-0.05901349,-0.026771605,-0.31721973,-0.05454266,0.038224697,-0.27504796,-0.035943847,0.03911388,-0.3883121,-0.052790232,0.0133515,-0.37083995,-0.057006598,0.012525678,-0.32153553,-0.05436183
-0.07867694,-0.041017592,-0.020785334,-0.11578405,-0.16944903,-0.025874987,-0.06861043,-0.24641961,-0.037270796,-0.0052732825,-0.23793596,-0.04623691,-0.08797526,-0.27180088,0.012722398,-0.098334074,-0.39805767,-0.023148462,-0.112801194,-0.37079546,-0.04944426,-0.105335236,-0.31206375,-0.061273698,-0.044984996,-0.28807753,0.00379114,-0.047989845,-0.43307447,-0.034298863,-0.06968951,-0.3900155,-0.053301968,-0.065891445,-0.32348287,-0.05423695,-0.0041171312,-0.28556716,-0.013417887,-0.0015644431,-0.42468882,-0.041639104,-0.02705735,-0.3858385,-0.05137148,-0.025576353,-0.32344615,-0.048500847,0.037009835,-0.2708379,-0.034960076,0.036702454,-0.37749204,-0.050380673,0.015344739,-0.3638265,-0.05417514,0.014737546,-0.31752324,-0.05245094
-0.07949406,-0.049927175,-0.017521493,-0.11625588,-0.1735121,-0.023140848,-0.06763339,-0.24591315,-0.03642793,-0.0019838214,-0.2353071,-0.047044445,-0.0924623,-0.2676229,0.016871562,-0.106606245,-0.39308625,-0.018285468,-0.12068522,-0.3547843,-0.043218687,-0.11220366,-0.29916573,-0.05439344,-0.04983157,-0.28513855,0.0060453266,-0.053613067,-0.4285987,-0.031330936,-0.07493842,-0.375656,-0.048732407,-0.0695982,-0.31225365,-0.048836604,-0.008300602,-0.2849921,-0.012955204,-0.0045306087,-0.42519745,-0.03967025,-0.030863822,-0.37815756,-0.046437856,-0.029271722,-0.316018,-0.041671753,0.034115613,-0.27331585,-0.036211852,0.034347773,-0.38265362,-0.046953745,0.010210216,-0.3639791,-0.046817575,0.007870376,-0.3160863,-0.042986777
-0.07156342,-0.049948573,-0.019260233,-0.11270416,-0.1733815,-0.025039835,-0.06246406,-0.25242943,-0.035766065,0.011003673,-0.23936659,-0.041278332,-0.10908371,-0.24832588,0.013176214,-0.12992698,-0.3591078,-0.020471785,-0.12940434,-0.28590554,-0.039062083,-0.11661404,-0.24174815,-0.047342088,-0.06573349,-0.27028328,0.005988535,-0.08214903,-0.39037508,-0.027022475,-0.08725995,-0.30649793,-0.033588078,-0.07691741,-0.26997906,-0.027514597,-0.019113123,-0.27371663,-0.009500953,-0.027213037,-0.40158144,-0.035844993,-0.040991426,-0.32083714,-0.027676035,-0.03624493,-0.2759599,-0.013408884,0.029782474,-0.26516294,-0.029026305,0.013397992,-0.35466775,-0.04150395,-0.0039951205,-0.30295622,-0.03373623,0.0004284978,-0.2597412,-0.023972549
-0.07491845,-0.048725843,-0.018862069,-0.11669183,-0.17374516,-0.02186575,-0.06471425,-0.2537945,-0.029585728,0.0077145696,-0.24425101,-0.0320822,-0.11621326,-0.24328363,0.017898174,-0.1360429,-0.3472992,-0.013349688,-0.13333327,-0.2761327,-0.030992843,-0.12087208,-0.23377311,-0.038919874,-0.07175577,-0.26608193,0.011298352,-0.08765495,-0.38060975,-0.024275107,-0.090206444,-0.29722142,-0.0339433,-0.07992929,-0.25582945,-0.028386239,-0.024909377,-0.27068233,-0.0034485965,-0.0330956,-0.39265105,-0.033045415,-0.044550836,-0.31416392,-0.0292977,-0.039429188,-0.26756674,-0.01654138,0.024241686,-0.26301163,-0.021804009,0.0061149597,-0.34073398,-0.038606565,-0.0093019605,-0.29175973,-0.035207123,-0.0036786199,-0.2524405,-0.027462024
-0.07657826,-0.05720663,-0.015817838,-0.11651635,-0.18287766,-0.016556688,-0.06900859,-0.25886583,-0.022397963,-0.00083982944,-0.23741436,-0.022215249,-0.11860794,-0.24016064,0.019230826,-0.13476706,-0.34891957,-0.010207532,-0.13085207,-0.27530354,-0.025209382,-0.12007153,-0.23781198,-0.031987462,-0.07356161,-0.26161027,0.011906868,-0.08717477,-0.38241035,-0.022145038,-0.08985323,-0.29783368,-0.029305052,-0.08068758,-0.260926,-0.02238097,-0.024534523,-0.2648191,-0.003242154,-0.031516194,-0.39070505,-0.029926075,-0.04395008,-0.31451714,-0.025003575,-0.038398445,-0.27059478,-0.012056213,0.026494741,-0.25735766,-0.021900473,0.0094022155,-0.33395457,-0.03548929,-0.010984123,-0.2935546,-0.032728996,-0.0085501075,-0.2587641,-0.026170738
-0.083773255,-0.064947784,-0.017337885,-0.11934519,-0.18858063,-0.01857461,-0.064432144,-0.26684082,-0.026168486,0.0046750307,-0.25890946,-0.027800282,-0.118189394,-0.2439568,0.030829273,-0.13926601,-0.3554719,-0.0024771052,-0.13513577,-0.28440577,-0.021960773,-0.12349728,-0.24054527,-0.02975487,-0.07138401,-0.2628069,0.023913685,-0.088781655,-0.3855301,-0.0142899,-0.09037435,-0.30260307,-0.027587112,-0.079502404,-0.25976634,-0.023099082,-0.022211134,-0.26447594,0.007702777,-0.03266442,-0.39379525,-0.024777751,-0.04348159,-0.3151759,-0.025080262,-0.03619671,-0.2619787,-0.012895462,0.027457654,-0.25624496,-0.012058045,0.007992744,-0.3327573,-0.029712148,-0.011363804,-0.29355353,-0.030145392,-0.008596659,-0.25807548,-0.024044858
-0.083973944,-0.060552835,-0.018373553,-0.11983228,-0.185987,-0.021558762,-0.067518294,-0.26518166,-0.029807886,0.00022518635,-0.252492,-0.032840807,-0.117414474,-0.24796188,0.018619986,-0.13476893,-0.35400075,-0.013002173,-0.13419574,-0.28721857,-0.031954855,-0.124262035,-0.2419504,-0.04081614,-0.06894112,-0.26673937,0.011310443,-0.08174926,-0.39082563,-0.025068382,-0.08762574,-0.31191248,-0.037646897,-0.0787012,-0.26338232,-0.033800688,-0.018480003,-0.26381654,-0.003999391,-0.022834778,-0.3937605,-0.034680083,-0.03782028,-0.32004845,-0.03699074,-0.03428358,-0.26387578,-0.02779329,0.032090485,-0.24601775,-0.022526257,0.01629591,-0.316118,-0.041366726,-0.00541085,-0.2828269,-0.044594176,-0.0062004924,-0.24972099,-0.0413728
-0.078162014,-0.049915433,-0.022214826,-0.11284429,-0.18061274,-0.026209611,-0.05380237,-0.2624948,-0.033668652,0.018183887,-0.25647873,-0.034775157,-0.11880764,-0.2468136,0.010709713,-0.13154513,-0.35447022,-0.021863863,-0.12702999,-0.27852964,-0.03847946,-0.117842734,-0.23829144,-0.045883354,-0.06967741,-0.26722366,0.0058964365,-0.08099365,-0.38534987,-0.033781294,-0.083078384,-0.29921043,-0.04339029,-0.07678664,-0.25862902,-0.036596216,-0.020472944,-0.26827538,-0.007075979,-0.02330631,-0.39211404,-0.038431164,-0.03601575,-0.3204214,-0.03647466,-0.036453307,-0.28078192,-0.024893705,0.028687954,-0.25741976,-0.023752484,0.014465272,-0.3258043,-0.041995883,-0.003224671,-0.28997606,-0.0427626,-0.0043597817,-0.26628548,-0.038065314
-0.07798481,-0.052013457,-0.018089145,-0.115065396,-0.1848324,-0.020901307,-0.058062077,-0.26566446,-0.028492834,0.012442887,-0.2594695,-0.031115102,-0.11116439,-0.25841403,0.01570006,-0.12625399,-0.3715195,-0.015848309,-0.12904441,-0.3001768,-0.033635497,-0.11941174,-0.25208008,-0.04123981,-0.06494814,-0.2787425,0.0085747065,-0.077301264,-0.4019893,-0.025266921,-0.085547864,-0.31871676,-0.033708744,-0.07582104,-0.27256954,-0.027748797,-0.017014325,-0.27908242,-0.006611365,-0.019936144,-0.4089829,-0.033668485,-0.037914634,-0.3317914,-0.028969008,-0.035791874,-0.28200185,-0.016479624,0.031391263,-0.26588416,-0.025454987,0.016344726,-0.35433513,-0.039411724,-0.00490731,-0.30664325,-0.03419037,-0.003998399,-0.26407087,-0.025730804
-0.07553792,-0.038312733,-0.023781504,-0.11784786,-0.16158885,-0.031421628,-0.0653103,-0.2341969,-0.044163752,0.009635806,-0.22188956,-0.052405372,-0.10355699,-0.26415038,0.007807426,-0.123921365,-0.3824853,-0.027677698,-0.12795788,-0.31498832,-0.047361974,-0.11687338,-0.26137304,-0.054733377,-0.059714198,-0.28641546,0.0022806467,-0.07277852,-0.41324648,-0.033529814,-0.079616785,-0.32601273,-0.04084526,-0.068960905,-0.2721693,-0.03355246,-0.015702128,-0.28997624,-0.011906773,-0.017146766,-0.42621782,-0.041498795,-0.032304525,-0.34507766,-0.03633541,-0.028823078,-0.2828706,-0.021948585,0.029112637,-0.2792735,-0.030369652,0.024585843,-0.38125697,-0.045126278,0.005738497,-0.33328378,-0.03919858,0.0048271418,-0.27889568,-0.029381182
-0.07652199,-0.038220823,-0.024273468,-0.11740154,-0.16358125,-0.032620456,-0.06487244,-0.23967028,-0.04571719,0.0106604695,-0.22805417,-0.053955436,-0.10461122,-0.26437867,0.006876874,-0.12576675,-0.38337502,-0.028438972,-0.1274778,-0.3179714,-0.04908177,-0.114423186,-0.264166,-0.057537884,-0.05994922,-0.28584254,0.0014139871,-0.07476574,-0.4163254,-0.03395492,-0.08100253,-0.3351711,-0.04229457,-0.06912643,-0.28122014,-0.036125187,-0.01595229,-0.2881868,-0.012678751,-0.01855719,-0.42653528,-0.040682077,-0.03373438,-0.3506629,-0.036198843,-0.02927208,-0.28932363,-0.022933632,0.029466093,-0.2766798,-0.03133143,0.022846162,-0.37810257,-0.045761276,0.0032282472,-0.33460724,-0.04140425,0.0028419495,-0.28197682,-0.03309444
-0.07752168,-0.04087454,-0.022684144,-0.116725415,-0.1682992,-0.028429043,-0.061608016,-0.2485869,-0.038963206,0.012886047,-0.23906809,-0.044959664,-0.107090026,-0.26142657,0.012846479,-0.12619948,-0.37641805,-0.019846821,-0.1281653,-0.31124258,-0.040534936,-0.11572254,-0.2564149,-0.04949034,-0.06263971,-0.28318787,0.0075511574,-0.07481462,-0.41264826,-0.02665088,-0.08267665,-0.33462822,-0.03731632,-0.07228941,-0.27840316,-0.03278799,-0.018186212,-0.2859922,-0.0061347433,-0.018556774,-0.42456388,-0.03416505,-0.035153627,-0.3517666,-0.03346182,-0.032298505,-0.28838074,-0.022704748,0.028065443,-0.2762832,-0.02401978,0.01986003,-0.37481835,-0.040100515,0.0017796159,-0.3322724,-0.03832799,0.0032482147,-0.27955145,-0.0315207
-0.07752168,-0.04087454,-0.022684144,-0.116725415,-0.1682992,-0.028429043,-0.061608016,-0.2485869,-0.038963206,0.012886047,-0.23906809,-0.044959664,-0.107090026,-0.26142657,0.012846479,-0.12619948,-0.37641805,-0.019846821,-0.1281653,-0.31124258,-0.040534936,-0.11572254,-0.2564149,-0.04949034,-0.06263971,-0.28318787,0.0075511574,-0.07481462,-0.41264826,-0.02665088,-0.08267665,-0.33462822,-0.03731632,-0.07228941,-0.27840316,-0.03278799,-0.018186212,-0.2859922,-0.0061347433,-0.018556774,-0.42456388,-0.03416505,-0.035153627,-0.3517666,-0.03346182,-0.032298505,-0.28838074,-0.022704748,0.028065443,-0.2762832,-0.02401978,0.01986003,-0.37481835,-0.040100515,0.0017796159,-0.3322724,-0.03832799,0.0032482147,-0.27955145,-0.0315207
-0.07696253,-0.037303686,-0.022748383,-0.119423956,-0.16322297,-0.030689817,-0.066642225,-0.241472,-0.04365926,0.008015633,-0.22769105,-0.051855493,-0.105434686,-0.2664929,0.00840587,-0.12574989,-0.38267124,-0.027208973,-0.13016507,-0.31531018,-0.048432592,-0.118524164,-0.25974613,-0.05721234,-0.061590314,-0.28654456,0.002116254,-0.07490283,-0.41517252,-0.034148827,-0.08478904,-0.33388495,-0.043628715,-0.0744881,-0.28016979,-0.03823531,-0.018131673,-0.28812146,-0.012598569,-0.018934727,-0.42642522,-0.042233568,-0.03664899,-0.35219133,-0.03981082,-0.03235936,-0.2903443,-0.027751772,0.026697159,-0.2776305,-0.03146617,0.019536078,-0.37777877,-0.04741876,3.9935112e-05,-0.33585173,-0.044200778,0.0017737746,-0.2837268,-0.03640637
-0.074578464,-0.043947577,-0.018530302,-0.11746365,-0.17248172,-0.023943145,-0.06767422,-0.2511136,-0.035356574,0.0019888878,-0.23424935,-0.041768055,-0.10485369,-0.26200145,0.013121785,-0.12554252,-0.38012284,-0.022198262,-0.1265642,-0.30351293,-0.04139307,-0.11419004,-0.2529831,-0.04891093,-0.06167561,-0.28158092,0.004932744,-0.076453686,-0.40935528,-0.031229606,-0.08280945,-0.32121128,-0.038357086,-0.073118865,-0.27526778,-0.0312013,-0.016686618,-0.2831033,-0.0116161695,-0.020469725,-0.42269963,-0.039896376,-0.034459233,-0.34231955,-0.032259047,-0.030410528,-0.28740323,-0.017124645,0.02927661,-0.27273053,-0.0321588,0.018912971,-0.37272626,-0.044830833,0.0005118847,-0.32363784,-0.037084118,0.0019898415,-0.27376562,-0.026768314
-0.08004278,-0.04850459,-0.016062226,-0.124254435,-0.17308897,-0.019546434,-0.07881594,-0.2533487,-0.029021077,-0.010805845,-0.23399669,-0.034345783,-0.11404741,-0.25010133,0.017398547,-0.13059586,-0.36674255,-0.0142968455,-0.13391641,-0.30580783,-0.034094866,-0.124456435,-0.25315446,-0.043170363,-0.0699271,-0.26963294,0.008519839,-0.081502736,-0.39989972,-0.027846357,-0.08997816,-0.32611185,-0.0412501,-0.08251256,-0.27111697,-0.038325775,-0.022355199,-0.2713297,-0.0077890432,-0.026482403,-0.4121401,-0.037397016,-0.04189247,-0.34129363,-0.03907673,-0.03845787,-0.2798251,-0.029930957,0.02693224,-0.2587046,-0.02726096,0.009032965,-0.34111586,-0.044508573,-0.011254907,-0.3020873,-0.045001637,-0.00896126,-0.25825882,-0.040214848
-0.08941114,-0.046841443,-0.015662443,-0.13007867,-0.1775232,-0.012934446,-0.07957393,-0.26478547,-0.014614057,-0.015140593,-0.26581204,-0.012257456,-0.11820811,-0.23838556,0.02870256,-0.13337633,-0.34743768,0.0028213323,-0.13574338,-0.2895422,-0.014779161,-0.124818,-0.23564273,-0.023117179,-0.07152969,-0.2601577,0.02242701,-0.08461928,-0.38755935,-0.0104663465,-0.09126884,-0.32383376,-0.027588962,-0.080526054,-0.2679581,-0.027466578,-0.021413028,-0.2627356,0.008572128,-0.028746367,-0.40302154,-0.023669248,-0.040775597,-0.3438842,-0.035420354,-0.034341455,-0.2858488,-0.033395827,0.030267596,-0.25136924,-0.0073155765,0.0016368032,-0.3112203,-0.03448068,-0.013409853,-0.2683453,-0.044684682,-0.006219387,-0.2294113,-0.04600394
-0.08634013,-0.055981696,-0.018726407,-0.12804699,-0.1865226,-0.019569395,-0.07732189,-0.26845872,-0.025950825,-0.011038721,-0.2569487,-0.02800288,-0.11762017,-0.24790585,0.024898477,-0.13261968,-0.35974917,-0.004935602,-0.13394254,-0.30436713,-0.024972752,-0.12381953,-0.25296676,-0.034712568,-0.07021171,-0.27005935,0.017405843,-0.08024454,-0.3968951,-0.01779492,-0.0860731,-0.33264986,-0.033902455,-0.07656139,-0.27822375,-0.0326059,-0.018625975,-0.2690599,0.0015780588,-0.021698654,-0.40071166,-0.030874876,-0.033502758,-0.33130437,-0.03816184,-0.029210508,-0.2701103,-0.032094374,0.036297143,-0.25041795,-0.017398294,0.02153492,-0.31100297,-0.040899485,0.0017380118,-0.271702,-0.047466345,-4.8220158e-05,-0.23337543,-0.046141103
-0.08641249,-0.053182423,-0.018266864,-0.12727603,-0.17931557,-0.020239322,-0.079600394,-0.26048094,-0.027838845,-0.014878392,-0.24943012,-0.030618384,-0.11413717,-0.24686801,0.022121923,-0.12928629,-0.3575734,-0.009116717,-0.12911269,-0.29652327,-0.028293552,-0.11768186,-0.24762529,-0.03731352,-0.06718469,-0.2667721,0.013834624,-0.07783544,-0.39326766,-0.02309094,-0.08401382,-0.32302207,-0.03752069,-0.07348096,-0.27153337,-0.034661837,-0.016336381,-0.26483452,-0.0027133294,-0.019402742,-0.3998766,-0.03709011,-0.032940388,-0.32860437,-0.04211643,-0.028449595,-0.27000618,-0.034031883,0.037142813,-0.24502462,-0.022232275,0.022275627,-0.30898207,-0.04667108,0.0013329387,-0.26972705,-0.052027375,1.1265278e-05,-0.23241061,-0.049489755
-0.08915794,-0.044737697,-0.01789468,-0.13390812,-0.17087817,-0.017427597,-0.086774826,-0.25617403,-0.021506878,-0.02140373,-0.25759226,-0.020742536,-0.12115714,-0.24182951,0.01938441,-0.13588017,-0.3522253,-0.011911995,-0.13322586,-0.2835588,-0.029097458,-0.1217159,-0.23154199,-0.036317598,-0.07341063,-0.2628538,0.011877815,-0.086218715,-0.39168245,-0.02572494,-0.08784425,-0.30879754,-0.03785283,-0.07676613,-0.2544304,-0.032594293,-0.022825181,-0.26294386,-0.0035499507,-0.02773273,-0.3994728,-0.038982708,-0.036937594,-0.31968102,-0.04090102,-0.03115648,-0.26116562,-0.030379253,0.03023988,-0.24702185,-0.021571275,0.009989977,-0.31050587,-0.047842544,-0.00679332,-0.26150972,-0.051375788,-0.0045080185,-0.22178662,-0.04705064
-0.09001863,-0.049633145,-0.018501865,-0.13268942,-0.17713577,-0.019070087,-0.08441627,-0.2626019,-0.024650168,-0.01965046,-0.26445884,-0.02516016,-0.122044355,-0.24467611,0.021851948,-0.13634756,-0.35569414,-0.009670551,-0.1332916,-0.28964627,-0.028063737,-0.12258461,-0.23804498,-0.03605369,-0.07308185,-0.26525116,0.014260636,-0.08544999,-0.3936507,-0.023753338,-0.08641279,-0.3158931,-0.037861478,-0.07589102,-0.26200533,-0.033986166,-0.022119164,-0.26453322,-0.0015243356,-0.027024388,-0.39869934,-0.036342163,-0.03515762,-0.3261556,-0.039938886,-0.029678524,-0.2694195,-0.030692326,0.030868292,-0.24766791,-0.020139778,0.0125494,-0.3122121,-0.044230938,-0.0038008094,-0.2713251,-0.04792435,-0.0027502775,-0.23529518,-0.04411659
-0.088665426,-0.04601723,-0.020062001,-0.13233134,-0.17223048,-0.021784082,-0.084940016,-0.25774682,-0.028343441,-0.02010268,-0.2626142,-0.030600581,-0.118938446,-0.24121344,0.02029045,-0.13429606,-0.3511042,-0.009706617,-0.13222244,-0.29249316,-0.028434444,-0.12095037,-0.24063367,-0.036761895,-0.07147217,-0.26291573,0.014184765,-0.084195614,-0.38968894,-0.022296512,-0.08602017,-0.31862783,-0.03778028,-0.0740844,-0.26116747,-0.035298094,-0.021319687,-0.26398468,0.00027666424,-0.027026415,-0.40105936,-0.034620132,-0.034620523,-0.32770202,-0.039877634,-0.027580798,-0.2633611,-0.031385716,0.031054258,-0.24832988,-0.016342727,0.010358214,-0.3142705,-0.042204425,-0.0030155182,-0.27168983,-0.046986517,0.001932025,-0.23115325,-0.043272868
-0.088665426,-0.04601723,-0.020062001,-0.13233134,-0.17223048,-0.021784082,-0.084940016,-0.25774682,-0.028343441,-0.02010268,-0.2626142,-0.030600581,-0.118938446,-0.24121344,0.02029045,-0.13429606,-0.3511042,-0.009706617,-0.13222244,-0.29249316,-0.028434444,-0.12095037,-0.24063367,-0.036761895,-0.07147217,-0.26291573,0.014184765,-0.084195614,-0.38968894,-0.022296512,-0.08602017,-0.31862783,-0.03778028,-0.0740844,-0.26116747,-0.035298094,-0.021319687,-0.26398468,0.00027666424,-0.027026415,-0.40105936,-0.034620132,-0.034620523,-0.32770202,-0.039877634,-0.027580798,-0.2633611,-0.031385716,0.031054258,-0.24832988,-0.016342727,0.010358214,-0.3142705,-0.042204425,-0.0030155182,-0.27168983,-0.046986517,0.001932025,-0.23115325,-0.043272868
-0.09325147,-0.05709994,-0.015840633,-0.13268304,-0.18338305,-0.014861634,-0.08369249,-0.26836425,-0.019812653,-0.018900335,-0.26748282,-0.019312926,-0.12027216,-0.24401754,0.030081661,-0.1352782,-0.3577927,-0.00045909488,-0.13414043,-0.29008734,-0.018366188,-0.12348369,-0.2393412,-0.025919383,-0.07205975,-0.26359028,0.021598712,-0.08406401,-0.39276534,-0.016462903,-0.08773267,-0.31283975,-0.03125476,-0.07651752,-0.25938994,-0.027162092,-0.020635724,-0.26396894,0.0046253256,-0.026618242,-0.3989586,-0.027580798,-0.038963735,-0.33109576,-0.030946879,-0.033481658,-0.28045171,-0.0217352,0.032536685,-0.24848485,-0.015371179,0.015235841,-0.31775475,-0.03515698,-0.0051161647,-0.27763724,-0.037166666,-0.0046874285,-0.24156183,-0.032667514
-0.09236258,-0.054489076,-0.014799669,-0.13243663,-0.17956752,-0.013517951,-0.08211899,-0.26543272,-0.01846408,-0.016022384,-0.2689591,-0.019076765,-0.11915031,-0.24312949,0.029108176,-0.13535693,-0.35343215,-0.0006887701,-0.13519084,-0.2868868,-0.018818982,-0.123398304,-0.23540533,-0.026757434,-0.071857214,-0.26318502,0.020150654,-0.085697055,-0.39101252,-0.016113618,-0.088745296,-0.312281,-0.030368155,-0.07527232,-0.2585129,-0.026881306,-0.021423042,-0.2641766,0.0029752569,-0.029372096,-0.39706796,-0.030222772,-0.040708363,-0.32331288,-0.03352966,-0.032594502,-0.2658679,-0.024134576,0.03180009,-0.25085497,-0.016914193,0.0092871785,-0.32236683,-0.038938813,-0.008765101,-0.2784782,-0.041240238,-0.004092157,-0.2382639,-0.03663479
-0.094543636,-0.06288427,-0.011196053,-0.12858662,-0.1874842,-0.008905655,-0.07725865,-0.27473855,-0.01365332,-0.014054418,-0.28480572,-0.014112827,-0.11789963,-0.24342531,0.037165266,-0.13240355,-0.3537826,0.010066837,-0.1341019,-0.2919075,-0.008286722,-0.12439886,-0.24197036,-0.01671274,-0.069868445,-0.26154983,0.027911538,-0.08289194,-0.38744217,-0.007078999,-0.088795125,-0.31641376,-0.02502666,-0.07843846,-0.26268345,-0.02469911,-0.019148648,-0.2631389,0.010894372,-0.028695703,-0.3977521,-0.020016693,-0.041382253,-0.33542824,-0.02746918,-0.03453046,-0.27767873,-0.021508468,0.032983243,-0.25221127,-0.008444731,0.0061614513,-0.32156837,-0.027990688,-0.013236284,-0.2880963,-0.03244384,-0.009730816,-0.25251722,-0.0299048
-0.10376638,-0.07312131,-0.0040938137,-0.13088816,-0.18281853,0.006109892,-0.07978004,-0.26175582,0.0073952656,-0.021162808,-0.2673505,0.012992132,-0.11905682,-0.23149562,0.07435285,-0.12998706,-0.33484626,0.06086459,-0.13435486,-0.2936958,0.045406867,-0.12723792,-0.25531578,0.037894506,-0.07300162,-0.24786234,0.065859415,-0.08264238,-0.36831734,0.04077783,-0.09169805,-0.32014483,0.016794734,-0.08418143,-0.2758181,0.012281071,-0.024628103,-0.2524941,0.048797127,-0.032636106,-0.3794592,0.02734643,-0.04788816,-0.34448448,0.009854051,-0.042636156,-0.3007149,0.008223852,0.02467674,-0.24865979,0.029592302,-0.0032844543,-0.31837356,0.01996958,-0.026088595,-0.3034209,0.012214063,-0.025346994,-0.28149474,0.01101953
-0.09539235,-0.07323104,-0.0077138036,-0.12824568,-0.18582493,-0.0031465082,-0.07635695,-0.26316226,-0.007642949,-0.013724089,-0.26247233,-0.008335398,-0.11043537,-0.23129022,0.058327127,-0.12465063,-0.33746278,0.03674145,-0.13088667,-0.284966,0.018593729,-0.120930254,-0.24181348,0.010354869,-0.068419576,-0.24793714,0.049414407,-0.08174181,-0.37365466,0.017065605,-0.09113175,-0.3095479,-0.0045746583,-0.07854521,-0.2547915,-0.005766745,-0.021728873,-0.2545671,0.032150406,-0.033685982,-0.39158368,0.004131644,-0.04693383,-0.33406842,-0.0069255345,-0.035001278,-0.27423978,-0.001718386,0.02687645,-0.25208092,0.01246923,-0.004228592,-0.33271608,-0.0015519836,-0.023413718,-0.30093956,-0.0051117446,-0.013952136,-0.26084524,-0.0014079707
-0.093725204,-0.07347852,-0.008727928,-0.12751132,-0.18679047,-0.0045747324,-0.07646364,-0.26362908,-0.009541283,-0.013354063,-0.25560546,-0.010614275,-0.1093843,-0.2301892,0.060171973,-0.12530604,-0.33782196,0.040202036,-0.1309464,-0.2862407,0.022498384,-0.120357394,-0.24384165,0.014313797,-0.069019675,-0.2473172,0.051926225,-0.08360666,-0.37340993,0.02025735,-0.091891825,-0.309556,-0.0018143049,-0.077975094,-0.25339139,-0.0030301304,-0.02357477,-0.25529212,0.03525279,-0.035817325,-0.3925889,0.008187281,-0.04967028,-0.3359099,-0.0041734558,-0.03798163,-0.27544606,0.00022891405,0.024712205,-0.25502592,0.016039157,-0.0044047832,-0.33882433,0.003879871,-0.02246511,-0.30482686,0.00076948747,-0.011599362,-0.2606446,0.0046264194
-0.09031838,-0.071388125,-0.008509899,-0.13185924,-0.18001664,-0.0012382286,-0.08634126,-0.26010048,-0.0031301368,-0.0207268,-0.24773473,-0.00076377916,-0.11561608,-0.21668756,0.07258848,-0.13897455,-0.30864942,0.053270053,-0.13844943,-0.25042427,0.03523663,-0.12398863,-0.21101356,0.028037561,-0.0817222,-0.24058956,0.06604486,-0.104008615,-0.35242626,0.034641255,-0.1036098,-0.2822286,0.013721981,-0.08581567,-0.23391414,0.01511233,-0.042203784,-0.25815547,0.04986819,-0.06417006,-0.36933038,0.02148668,-0.06943202,-0.30825132,0.009865393,-0.052799642,-0.26013327,0.01704587,0.0015547276,-0.27061248,0.031192478,-0.032087028,-0.3592197,0.021935947,-0.041422665,-0.31534868,0.023501066,-0.023171365,-0.26817954,0.031701937
-0.08988613,-0.06639254,-0.008163958,-0.13252199,-0.17155755,-0.00092770084,-0.08998674,-0.250867,-0.0030708935,-0.026881933,-0.24129063,-0.0013927687,-0.11907607,-0.21156597,0.07038294,-0.13793021,-0.30180424,0.05343534,-0.1384033,-0.25280476,0.036942124,-0.12582153,-0.2167964,0.029961785,-0.08439499,-0.23840326,0.06322952,-0.102391005,-0.34675685,0.034904625,-0.10144442,-0.28526795,0.015945522,-0.085706055,-0.2377373,0.017363159,-0.044271886,-0.25612867,0.046726797,-0.063123405,-0.36346447,0.021811208,-0.06671184,-0.30706042,0.012565732,-0.05227053,-0.25961733,0.019783452,0.00095421076,-0.26768464,0.027503919,-0.029608369,-0.35335898,0.021700278,-0.039833307,-0.31362575,0.025351966,-0.025524378,-0.2700848,0.033743717
-0.08781612,-0.06219244,-0.00047383254,-0.12681305,-0.15557545,0.014307119,-0.08766568,-0.22933733,0.020340811,-0.027835011,-0.22047335,0.028778795,-0.11190885,-0.19745088,0.08248916,-0.13271505,-0.28101498,0.07853985,-0.13761938,-0.25361758,0.065135695,-0.12816113,-0.22314304,0.05791729,-0.077107966,-0.2217108,0.07605747,-0.09882051,-0.32255957,0.0632881,-0.101352036,-0.27863932,0.042573657,-0.08829802,-0.23177111,0.038074303,-0.037300825,-0.23728013,0.061838318,-0.059452295,-0.34320077,0.047929782,-0.06605196,-0.30115223,0.031703945,-0.053004563,-0.25123662,0.030336387,0.005196452,-0.24670404,0.045988582,-0.028959215,-0.3322459,0.041604254,-0.04093659,-0.29954988,0.039863557,-0.027846575,-0.25140792,0.043091435
-0.09222847,-0.06197989,0.0039316663,-0.12785321,-0.15651923,0.022395154,-0.08766729,-0.22657394,0.031152295,-0.031187534,-0.2196055,0.043274507,-0.11106312,-0.19503284,0.09276947,-0.13525224,-0.2812814,0.087131396,-0.13788182,-0.24130565,0.07477416,-0.123887,-0.20354694,0.070227474,-0.076835155,-0.21576917,0.085923664,-0.097889185,-0.3154896,0.06732122,-0.09787154,-0.25570834,0.044641204,-0.08141726,-0.20725954,0.042201214,-0.037748277,-0.23357075,0.071149975,-0.06035155,-0.33482823,0.0543954,-0.06614083,-0.28343183,0.03781669,-0.05027789,-0.2378881,0.03841618,0.003962934,-0.24824631,0.055335682,-0.029301167,-0.32763255,0.05207738,-0.040356636,-0.28936827,0.05092944,-0.024886906,-0.24432504,0.055655554
-0.09359658,-0.05991912,-0.00048422406,-0.1324321,-0.1550675,0.01766364,-0.092196524,-0.22945613,0.02654421,-0.03428334,-0.22291058,0.040572908,-0.116574645,-0.19458288,0.09704716,-0.1425451,-0.28158152,0.08741661,-0.14362133,-0.23578125,0.073711574,-0.12940449,-0.20037967,0.069655545,-0.082130134,-0.21436346,0.09178311,-0.10482317,-0.3165799,0.068533525,-0.10206193,-0.25318396,0.045238893,-0.08497399,-0.20931458,0.04439004,-0.043126404,-0.23288411,0.0769892,-0.06645304,-0.33448815,0.055596333,-0.06944394,-0.27764153,0.038756832,-0.052804053,-0.23475748,0.04139073,-0.0017153621,-0.24998677,0.060661748,-0.0359208,-0.3280754,0.056324847,-0.045900524,-0.28775978,0.05492762,-0.029695451,-0.24478674,0.06046516
-0.08918303,-0.060379744,-0.0072580026,-0.13043523,-0.16198039,-0.00022096671,-0.08757031,-0.23573464,-0.0010186854,-0.024977148,-0.2224055,0.0014702374,-0.119799554,-0.21000314,0.055191554,-0.13817352,-0.3088355,0.040831883,-0.14246237,-0.27080262,0.025740664,-0.13259274,-0.23211193,0.018237136,-0.07993096,-0.23175228,0.047805153,-0.095127285,-0.34812745,0.026153034,-0.10046762,-0.30077565,0.008239171,-0.08784479,-0.25119263,0.006182279,-0.03573942,-0.24128711,0.032713514,-0.047578394,-0.3637227,0.013709365,-0.05887741,-0.32358563,0.0004727915,-0.049312353,-0.27049595,0.0008235029,0.009191215,-0.24031878,0.015145042,-0.015649796,-0.3235468,0.0059098173,-0.033080935,-0.30011854,0.0013839972,-0.026603758,-0.2583009,0.0022702746
-0.085876286,-0.055835366,-0.013205982,-0.12641615,-0.16365749,-0.014717295,-0.07854587,-0.2363692,-0.02281308,-0.013160884,-0.22550482,-0.028245887,-0.11422801,-0.21789116,0.030333433,-0.13300496,-0.3217592,0.0052223303,-0.1346308,-0.2777941,-0.014321787,-0.1237576,-0.23291302,-0.024129571,-0.070718825,-0.23743188,0.022098815,-0.08804011,-0.3543471,-0.009535798,-0.09012079,-0.29962993,-0.029032808,-0.07651967,-0.24597675,-0.031563763,-0.023860455,-0.2424615,0.0067148325,-0.037985444,-0.37083212,-0.021031361,-0.046206355,-0.32052943,-0.032422695,-0.036179066,-0.2619295,-0.029957827,0.02347523,-0.23482394,-0.011138308,-0.0025330186,-0.30706844,-0.028879214,-0.017223895,-0.27710298,-0.034384903,-0.010999918,-0.23633897,-0.033098884
-0.08925223,-0.06751537,-0.014321858,-0.121788144,-0.18518895,-0.014568489,-0.067139566,-0.2593969,-0.02085442,-0.0029178858,-0.25390995,-0.023081018,-0.11153084,-0.23660791,0.030657575,-0.12464452,-0.34810808,0.0020650302,-0.12724358,-0.2888886,-0.017501676,-0.12125713,-0.2401501,-0.026504287,-0.06353313,-0.25362897,0.023274356,-0.07469183,-0.3809327,-0.012145494,-0.07937956,-0.3096215,-0.030123191,-0.07120705,-0.2556219,-0.029650414,-0.013784826,-0.25210452,0.008306239,-0.01759535,-0.39120984,-0.021636078,-0.029141665,-0.32819915,-0.02863125,-0.026325822,-0.27019995,-0.022173576,0.03589636,-0.23492557,-0.009213811,0.021895409,-0.30919152,-0.02794856,0.005515456,-0.28082073,-0.032103226,0.005365789,-0.24994648,-0.029184157
-0.09192473,-0.07102466,-0.016345546,-0.12324393,-0.19367057,-0.015308658,-0.06653428,-0.26700085,-0.020296413,-0.0020284057,-0.25537205,-0.020479998,-0.111904144,-0.25754786,0.038632,-0.12773818,-0.36256447,0.009316861,-0.13022357,-0.301131,-0.010695831,-0.121464014,-0.2519036,-0.019590909,-0.06306708,-0.2733246,0.031491343,-0.076043606,-0.39682272,-0.0047762683,-0.080844045,-0.321896,-0.0218062,-0.06964725,-0.26828915,-0.019509237,-0.012674093,-0.26685715,0.015310573,-0.017699778,-0.39811957,-0.01805371,-0.029332995,-0.32692206,-0.024472052,-0.023635745,-0.26986122,-0.016133266,0.03794694,-0.24480546,-0.0037730045,0.023157835,-0.31239444,-0.025806013,0.006320119,-0.27622086,-0.030515341,0.008292556,-0.24350226,-0.0268899
-0.09136093,-0.073126495,-0.016605128,-0.12281066,-0.19644445,-0.016491853,-0.06416798,-0.27091753,-0.022378188,0.00027257204,-0.25786275,-0.023358596,-0.11242509,-0.26128918,0.036811497,-0.12680107,-0.36579612,0.003858474,-0.12893051,-0.30061936,-0.018752167,-0.120797515,-0.24758029,-0.02909306,-0.06273335,-0.27533168,0.028510328,-0.074765444,-0.39934802,-0.012538688,-0.078593194,-0.32129887,-0.032259874,-0.066919744,-0.26487905,-0.030895028,-0.011170685,-0.2679472,0.010944254,-0.014069438,-0.40020478,-0.026376836,-0.025400579,-0.3323,-0.03621594,-0.019965589,-0.27656823,-0.029693069,0.04014218,-0.24563295,-0.009353078,0.027031481,-0.31176966,-0.035389196,0.008910239,-0.27485263,-0.043134373,0.009417117,-0.24069673,-0.041303262
-0.091534555,-0.06184733,-0.018385848,-0.12511301,-0.1897068,-0.015305959,-0.06287044,-0.26758754,-0.017370693,0.005599737,-0.25913543,-0.014001061,-0.11168802,-0.2532611,0.04086387,-0.12864822,-0.35695866,0.005360821,-0.13021094,-0.28951937,-0.019079436,-0.11968827,-0.23407608,-0.030119207,-0.061634183,-0.26882988,0.033096496,-0.07565683,-0.3940077,-0.0109463995,-0.08039063,-0.3115776,-0.033400424,-0.0689823,-0.25782913,-0.033106975,-0.010022938,-0.2632782,0.01524527,-0.015714705,-0.3979629,-0.027767781,-0.027458072,-0.32135522,-0.040467497,-0.021264851,-0.2671526,-0.035014063,0.04011786,-0.24492627,-0.0049671233,0.020858645,-0.299474,-0.037666295,0.0062244534,-0.24875724,-0.04769466,0.013830483,-0.21422029,-0.046589624
-0.08952159,-0.0638361,-0.01881972,-0.12413335,-0.18985927,-0.01840316,-0.06056553,-0.2645309,-0.023128815,0.008246779,-0.25103372,-0.02311182,-0.11086357,-0.25555128,0.034279604,-0.12662709,-0.36020252,-0.0022671511,-0.12907648,-0.29416507,-0.027477965,-0.11861217,-0.23676866,-0.038959704,-0.06055349,-0.271097,0.026187409,-0.07443011,-0.3939544,-0.01806482,-0.07922608,-0.31339586,-0.03974506,-0.06694758,-0.25576675,-0.039252315,-0.0082196,-0.2656874,0.008430429,-0.013761938,-0.39823556,-0.03373213,-0.025445998,-0.3203212,-0.04482982,-0.019190967,-0.26129943,-0.038445495,0.042596996,-0.24677569,-0.011861256,0.022514999,-0.30178934,-0.04367527,0.007867515,-0.24966174,-0.05243328,0.015332401,-0.2120781,-0.05039752
-0.084471226,-0.058032572,-0.021922225,-0.12491906,-0.19308144,-0.022791583,-0.06700349,-0.2743284,-0.027543679,0.0023964643,-0.25987393,-0.026716221,-0.11499953,-0.26237166,0.022928448,-0.12864214,-0.3669651,-0.010673144,-0.12886173,-0.2911036,-0.02924982,-0.12002158,-0.24195248,-0.037405003,-0.06551921,-0.2808286,0.01664489,-0.0748142,-0.4011665,-0.023106951,-0.07929474,-0.30979043,-0.034850758,-0.06871104,-0.26017284,-0.028283123,-0.01290226,-0.27472466,0.0010785304,-0.015032589,-0.39929527,-0.036272623,-0.026510894,-0.31134304,-0.03692528,-0.019758523,-0.26204443,-0.02469951,0.041840494,-0.25371158,-0.017661784,0.022535622,-0.30656183,-0.043723803,0.008145988,-0.25085503,-0.045824185,0.016082764,-0.21740735,-0.03996478
-0.08364439,-0.058244407,-0.024167135,-0.12215626,-0.19491065,-0.027279666,-0.06295097,-0.27376723,-0.033701994,0.0066406727,-0.25388438,-0.034566786,-0.1120733,-0.26669395,0.019886084,-0.123689055,-0.3706174,-0.01513333,-0.12624592,-0.29671025,-0.036064964,-0.11741835,-0.24237466,-0.045702044,-0.06274301,-0.28398722,0.0139947925,-0.070165455,-0.40515912,-0.02719635,-0.07731497,-0.31783184,-0.04117571,-0.06761676,-0.26253414,-0.03621305,-0.010053396,-0.27690458,-0.0012422345,-0.010134757,-0.40598276,-0.039431907,-0.023897946,-0.32295448,-0.04284166,-0.018426418,-0.26876563,-0.032701492,0.044354916,-0.25367856,-0.019796416,0.02514565,-0.3060575,-0.047988854,0.009627223,-0.25000417,-0.052449614,0.016730666,-0.212304,-0.048190225
-0.08367884,-0.05477214,-0.02480816,-0.120308876,-0.19035494,-0.029358674,-0.061092615,-0.2675128,-0.03720733,0.008237958,-0.24836636,-0.040201925,-0.108409286,-0.26634395,0.016107036,-0.11933684,-0.3736168,-0.017667733,-0.12262404,-0.3109355,-0.040352065,-0.11435413,-0.25344127,-0.051745396,-0.057323456,-0.28225482,0.010338441,-0.06405401,-0.40704438,-0.030147135,-0.072354555,-0.33272058,-0.048465777,-0.06373441,-0.2702248,-0.047535058,-0.004058361,-0.27285618,-0.0041851248,-0.0006108284,-0.40671223,-0.041509792,-0.01663208,-0.3408103,-0.052190438,-0.015026629,-0.28252465,-0.047941905,0.050128758,-0.24544525,-0.021797512,0.03937161,-0.30701083,-0.05099752,0.01713556,-0.26328444,-0.06028474,0.013153076,-0.2210083,-0.060101695
-0.087705076,-0.0606938,-0.022981558,-0.12251645,-0.19788277,-0.025049353,-0.061486542,-0.2775846,-0.03159449,0.011403918,-0.2618521,-0.032421984,-0.11045295,-0.27296525,0.027070154,-0.122683704,-0.3823046,-0.009001161,-0.122751474,-0.3155192,-0.032966018,-0.11281401,-0.25718176,-0.04434953,-0.058103442,-0.2879259,0.019931052,-0.06465882,-0.4138339,-0.021957269,-0.07162756,-0.33523682,-0.039742347,-0.062531054,-0.2782672,-0.037650112,-0.0047804117,-0.2771358,0.0027712365,-0.0013437867,-0.4087677,-0.03667071,-0.017369688,-0.33476028,-0.044814214,-0.015449405,-0.27865398,-0.037810963,0.049919188,-0.2504123,-0.017715966,0.03908491,-0.30879444,-0.04733452,0.01787448,-0.2597282,-0.054874726,0.01600045,-0.21958339,-0.052924912
-0.08348107,-0.055500507,-0.025083408,-0.118955255,-0.19790566,-0.02903232,-0.058007956,-0.27359694,-0.03627638,0.01363492,-0.2513054,-0.03842508,-0.104608834,-0.2769825,0.016720874,-0.11670786,-0.38217497,-0.019401249,-0.11765665,-0.31239647,-0.04305682,-0.10784334,-0.25113463,-0.054758325,-0.052212834,-0.29233378,0.009843233,-0.058241427,-0.4154184,-0.031719685,-0.06657112,-0.33534408,-0.04841536,-0.058125317,-0.27493787,-0.04614844,0.001286447,-0.2804206,-0.006430573,0.006348133,-0.40938628,-0.04542965,-0.010694087,-0.33333182,-0.053024936,-0.009729147,-0.27642566,-0.04654774,0.055839002,-0.25108904,-0.02600053,0.043932676,-0.30342954,-0.056059323,0.022664249,-0.24769086,-0.063086525,0.020862043,-0.20524806,-0.061279837
-0.08390921,-0.052942812,-0.02882137,-0.12298566,-0.19661391,-0.03394754,-0.06172073,-0.26872855,-0.041041795,0.01054889,-0.23900658,-0.04269405,-0.11000168,-0.2815919,0.010798389,-0.11854899,-0.38811356,-0.024516081,-0.11977488,-0.31506532,-0.04571365,-0.11158782,-0.25698465,-0.05611592,-0.056263268,-0.29845703,0.0061224042,-0.058282435,-0.42067283,-0.035138194,-0.066584945,-0.33344883,-0.048928756,-0.060441315,-0.2745744,-0.04456729,-0.0019118786,-0.28772897,-0.007930086,0.0059909225,-0.4111153,-0.04715803,-0.010184288,-0.32746786,-0.052693956,-0.010300934,-0.27155334,-0.044684373,0.05442959,-0.25946754,-0.025549198,0.04307896,-0.30420148,-0.056021046,0.022825658,-0.24288964,-0.06253023,0.020514488,-0.20104069,-0.06012431
-0.084134996,-0.052509904,-0.031388644,-0.12289834,-0.19588518,-0.03720357,-0.058270693,-0.27079034,-0.04475205,0.019070387,-0.24837267,-0.04623416,-0.108802974,-0.28291756,0.010028293,-0.119541466,-0.38670292,-0.02900587,-0.120680034,-0.30768317,-0.05135498,-0.111573935,-0.25188088,-0.062169973,-0.054695368,-0.2996452,0.005340321,-0.057989776,-0.41957176,-0.0391656,-0.068134606,-0.3252775,-0.05225596,-0.061336637,-0.2729159,-0.046761543,0.0001873374,-0.28706467,-0.009735932,0.007417381,-0.41153213,-0.05222264,-0.011762202,-0.32444412,-0.0557407,-0.010858715,-0.27598006,-0.045798726,0.057052314,-0.25706798,-0.028719276,0.04474014,-0.30194652,-0.06147575,0.022919953,-0.23865426,-0.067227915,0.022045314,-0.20053214,-0.063871674
-0.08250022,-0.044286907,-0.031638898,-0.12443614,-0.1863845,-0.042255104,-0.06338167,-0.2627337,-0.054681286,0.012712896,-0.23800606,-0.06218951,-0.108315825,-0.27609783,-0.0007371886,-0.11745781,-0.37997365,-0.042648908,-0.11696166,-0.30609185,-0.06939865,-0.10609609,-0.24073309,-0.0830748,-0.053681254,-0.2949683,-0.0069650337,-0.05652523,-0.4193355,-0.05483353,-0.06435919,-0.3350479,-0.07391441,-0.056572556,-0.27119976,-0.07262207,0.0012645721,-0.284666,-0.022114778,0.012307346,-0.41345572,-0.06518305,-0.0052502155,-0.32847053,-0.07238042,-0.0076605678,-0.26675546,-0.065159366,0.05787587,-0.25642365,-0.040891387,0.046304405,-0.2953033,-0.07259661,0.027018249,-0.23551166,-0.079142496,0.025400221,-0.19782227,-0.076681636
-0.088398516,-0.059819043,-0.035311498,-0.12471843,-0.1920436,-0.04612985,-0.05871284,-0.2667086,-0.059426393,0.012434125,-0.25384986,-0.06618197,-0.1142661,-0.2712139,0.012229656,-0.12291592,-0.37769508,-0.03987265,-0.11966258,-0.30436742,-0.07350805,-0.10937047,-0.23969316,-0.08907198,-0.05743611,-0.28704536,0.0054704403,-0.06220472,-0.41146475,-0.051431336,-0.065059125,-0.33040103,-0.07615772,-0.057412505,-0.2761886,-0.0768252,-0.0024021268,-0.277071,-0.013373288,0.00539577,-0.40492108,-0.06810911,-0.0064451694,-0.32716253,-0.08049271,-0.008196235,-0.2755912,-0.07397978,0.05121821,-0.25104046,-0.03626735,0.046235085,-0.30020922,-0.07717016,0.028018951,-0.24376333,-0.087364234,0.022780657,-0.20498127,-0.08575541
-0.08842242,-0.056347966,-0.033764843,-0.12558895,-0.1858809,-0.043484803,-0.06057471,-0.25980866,-0.055504214,0.012432814,-0.24994475,-0.061481655,-0.11440492,-0.26667148,0.013380435,-0.121834815,-0.37072143,-0.034331102,-0.11960071,-0.29932266,-0.065873,-0.110696375,-0.23605514,-0.08090611,-0.05763811,-0.28489298,0.007254641,-0.06166607,-0.40811703,-0.045657665,-0.06506175,-0.32460332,-0.06967359,-0.058626533,-0.26846206,-0.070427045,-0.0024178028,-0.2762909,-0.010032093,0.0065317154,-0.40390086,-0.06134255,-0.0053244233,-0.32322422,-0.07374931,-0.008827746,-0.2685085,-0.06779622,0.051046073,-0.24964666,-0.030971374,0.04650438,-0.2918011,-0.06932224,0.029924393,-0.2343213,-0.0790018,0.024496615,-0.19772315,-0.07736469
-0.08803153,-0.04452336,-0.0359035,-0.1291393,-0.17967439,-0.04599541,-0.064228356,-0.25343227,-0.056874868,0.011905909,-0.23482293,-0.06236789,-0.111748695,-0.2744714,0.002852516,-0.12112582,-0.37349832,-0.04071353,-0.119237065,-0.30127275,-0.068112716,-0.10967928,-0.2397092,-0.080931954,-0.055726886,-0.2909069,-0.00045268258,-0.060717165,-0.41015202,-0.048833713,-0.06576884,-0.31809515,-0.0655969,-0.059044182,-0.25711018,-0.061556686,-0.0010376573,-0.27932328,-0.013895345,0.008219123,-0.4018793,-0.06151488,-0.0064798594,-0.3056277,-0.06513224,-0.009994686,-0.2421276,-0.053050037,0.052674413,-0.24895269,-0.03124784,0.044967234,-0.29505038,-0.067403756,0.028531075,-0.22827536,-0.071560465,0.025690913,-0.187343,-0.06536751
-0.08645606,-0.047020316,-0.038451843,-0.12805909,-0.18457812,-0.05102109,-0.06407189,-0.2571395,-0.06470341,0.012628734,-0.23166919,-0.071823895,-0.108689904,-0.28541213,0.0026271143,-0.121581554,-0.37530598,-0.04666133,-0.120930016,-0.29548967,-0.07631273,-0.11038941,-0.23978657,-0.0901322,-0.05407673,-0.29884756,-0.0015580255,-0.059866726,-0.41126603,-0.05681474,-0.06769562,-0.31482658,-0.07351078,-0.060168684,-0.260378,-0.068047136,2.3663044e-05,-0.28450084,-0.01721788,0.007979691,-0.40087658,-0.07030816,-0.009700179,-0.30395514,-0.0727393,-0.011597395,-0.24576294,-0.058570754,0.054945648,-0.2535391,-0.03739746,0.048271775,-0.29994595,-0.07634194,0.02754122,-0.23120612,-0.08090583,0.02349323,-0.18852639,-0.07426414
-0.09042889,-0.046836138,-0.045791946,-0.13370174,-0.17725396,-0.06503785,-0.069504976,-0.24561852,-0.08481258,0.008455634,-0.22948599,-0.09775143,-0.11027998,-0.2831508,-0.0026396296,-0.12858957,-0.36583698,-0.062861204,-0.12246543,-0.28187186,-0.10031963,-0.1100235,-0.23020422,-0.1184462,-0.05460173,-0.2946838,-0.008194996,-0.06458986,-0.40292254,-0.07694395,-0.06847793,-0.29999983,-0.10150308,-0.06233281,-0.24952328,-0.099292,-0.00064766407,-0.27966124,-0.026560819,0.0012004375,-0.38965282,-0.09248473,-0.011234462,-0.2862122,-0.09732644,-0.013501465,-0.23335391,-0.08212491,0.053807497,-0.24924368,-0.04984239,0.04600197,-0.29025447,-0.097121455,0.0276227,-0.21150142,-0.101494215,0.022221208,-0.16913009,-0.093086645
-0.092645764,-0.047756553,-0.045892447,-0.13696414,-0.17407894,-0.06227033,-0.075175345,-0.23276806,-0.07656577,9.781122e-05,-0.20520598,-0.08428401,-0.123317,-0.28076094,-0.01279754,-0.13558584,-0.36389625,-0.064977214,-0.127927,-0.27949518,-0.09467758,-0.115719974,-0.22951436,-0.109391965,-0.06452465,-0.2957492,-0.013568425,-0.07096779,-0.40320903,-0.07342835,-0.07146776,-0.29710734,-0.08978734,-0.065582335,-0.24490464,-0.0841717,-0.007496357,-0.28394383,-0.025608288,-0.0036635995,-0.3881188,-0.08377636,-0.014601111,-0.28001213,-0.083729774,-0.017907798,-0.22588807,-0.0676786,0.04834211,-0.25661504,-0.04227833,0.04078728,-0.28858268,-0.087541565,0.024026334,-0.20482534,-0.09208509,0.017204225,-0.16060787,-0.08494977
-0.09160298,-0.049584806,-0.043074384,-0.13593638,-0.1737709,-0.06136237,-0.07862735,-0.23199624,-0.07903776,-0.0060256124,-0.19787216,-0.090897635,-0.12076622,-0.28014338,-0.011279537,-0.13566315,-0.3641555,-0.063767694,-0.12910348,-0.283858,-0.09524427,-0.117492974,-0.23281056,-0.11124489,-0.06393671,-0.29467386,-0.014937287,-0.07185525,-0.40140933,-0.074759915,-0.07239622,-0.30126327,-0.09285412,-0.06590235,-0.24668872,-0.08894729,-0.007841468,-0.2827521,-0.029565578,-0.0050444007,-0.38745844,-0.086753346,-0.01656574,-0.28659827,-0.08809437,-0.018835723,-0.23194271,-0.07356333,0.047704518,-0.25455803,-0.048772935,0.040184796,-0.29349405,-0.09158555,0.021916091,-0.21278006,-0.09468657,0.015522122,-0.16386068,-0.0871373
-0.091444135,-0.045850933,-0.043899987,-0.139938,-0.16339654,-0.06382234,-0.08459145,-0.22242194,-0.08273683,-0.009333968,-0.1926626,-0.09570548,-0.120952904,-0.27552235,-0.016316434,-0.13849092,-0.3553732,-0.067296036,-0.13156784,-0.27423853,-0.09746354,-0.11683154,-0.22749579,-0.11371513,-0.06335354,-0.2922657,-0.019438114,-0.07342142,-0.3949412,-0.077425,-0.07650161,-0.2926224,-0.09361692,-0.068350315,-0.24147522,-0.08955542,-0.007659912,-0.28197074,-0.033080257,-0.0056608915,-0.3802525,-0.086145915,-0.019913733,-0.2762838,-0.083846,-0.02128613,-0.22461742,-0.06829031,0.04706061,-0.2551055,-0.05175357,0.03615415,-0.28323025,-0.08840644,0.016681671,-0.2051562,-0.088714726,0.01246506,-0.16477048,-0.08061526
-0.08693266,-0.040887,-0.03938095,-0.13968098,-0.15245813,-0.05740206,-0.09476286,-0.21398401,-0.075664885,-0.021969914,-0.19263119,-0.08819073,-0.12103367,-0.26912004,-0.011702776,-0.13869089,-0.3476412,-0.060779754,-0.1308716,-0.26817787,-0.0894501,-0.11623412,-0.22092462,-0.10430316,-0.06407344,-0.28705955,-0.016842844,-0.07561761,-0.38964808,-0.07195999,-0.07585055,-0.28738117,-0.08577117,-0.06666881,-0.23621917,-0.07990392,-0.008060038,-0.27728945,-0.03212322,-0.008121371,-0.37232566,-0.08315996,-0.019277096,-0.2680924,-0.07795264,-0.020642161,-0.2174092,-0.060128473,0.047350466,-0.24965906,-0.052051015,0.039149642,-0.28535986,-0.08520655,0.021481574,-0.20925426,-0.081243,0.016511798,-0.16892457,-0.070104785
-0.086773455,-0.039625704,-0.03838703,-0.14128885,-0.14256203,-0.057553474,-0.091796815,-0.19780213,-0.07648906,-0.018205464,-0.18977797,-0.09056076,-0.122755885,-0.27640527,-0.016495986,-0.13752115,-0.33487904,-0.06372363,-0.12913895,-0.25362444,-0.09247256,-0.12037045,-0.22031265,-0.109110795,-0.06399095,-0.29042697,-0.023075774,-0.07465416,-0.3768854,-0.076452844,-0.07642293,-0.2708038,-0.09195035,-0.07604247,-0.22841203,-0.089531384,-0.0060216784,-0.2774214,-0.03854667,-0.00189358,-0.36238912,-0.090201154,-0.013522387,-0.25455457,-0.087489784,-0.023317695,-0.2072035,-0.072763205,0.050214946,-0.2457887,-0.05798686,0.047056854,-0.2691093,-0.09185738,0.029677272,-0.18870884,-0.08730353,0.018313646,-0.15186155,-0.076392755
-0.0890699,-0.038077474,-0.03626564,-0.15089577,-0.121399224,-0.058859587,-0.112344325,-0.1730398,-0.082054004,-0.043340266,-0.1683389,-0.10030783,-0.123393595,-0.27451003,-0.021335062,-0.1460324,-0.32868114,-0.07194604,-0.14086348,-0.240322,-0.10084637,-0.12829751,-0.20280677,-0.11536269,-0.06744146,-0.28549308,-0.02730246,-0.085501134,-0.36144137,-0.08120381,-0.08955163,-0.25025284,-0.092320025,-0.08359772,-0.21236497,-0.08655403,-0.013125241,-0.27462304,-0.042156704,-0.020810425,-0.34101027,-0.09120559,-0.035443425,-0.23599678,-0.08343387,-0.037182927,-0.19705123,-0.06478147,0.0410769,-0.24781191,-0.06086497,0.022873819,-0.28891677,-0.08510628,0.0036882162,-0.21636486,-0.07341392,0.0002835989,-0.1826098,-0.057990216
-0.08876437,-0.027058661,-0.035904158,-0.1581355,-0.121773124,-0.05310407,-0.12010282,-0.18005562,-0.07021153,-0.04665208,-0.17132956,-0.0812658,-0.13475269,-0.27071196,-0.018465811,-0.15623826,-0.32034498,-0.06414284,-0.14483756,-0.22849053,-0.08720958,-0.13436049,-0.20407122,-0.09929236,-0.08004099,-0.28320396,-0.023418667,-0.09500617,-0.35184747,-0.0734225,-0.09317136,-0.2376461,-0.07923303,-0.09070164,-0.21523476,-0.07056342,-0.025480866,-0.2727579,-0.037481233,-0.030646145,-0.33438367,-0.08394586,-0.039023757,-0.22774434,-0.07230205,-0.042450786,-0.20331985,-0.052319042,0.02961278,-0.24860084,-0.055581335,0.016093612,-0.29076195,-0.07892715,0.0020713806,-0.21601713,-0.066041514,-0.0018101335,-0.18877238,-0.05046602
-0.08949834,-0.029116571,-0.039496712,-0.15352967,-0.11097121,-0.06157586,-0.115314424,-0.15927202,-0.083118066,-0.045756757,-0.15390146,-0.098635085,-0.1308918,-0.28535914,-0.021594832,-0.15543568,-0.30995333,-0.07166583,-0.14532942,-0.21591735,-0.09954554,-0.13006419,-0.19056797,-0.113885105,-0.073462844,-0.29428828,-0.02595848,-0.08953583,-0.33895096,-0.07881277,-0.090643704,-0.22446865,-0.087058455,-0.084085345,-0.20271432,-0.07984811,-0.016817272,-0.27727097,-0.039847385,-0.023180962,-0.31713182,-0.08765915,-0.035636246,-0.21137047,-0.07706457,-0.0360108,-0.18947864,-0.057356838,0.039117754,-0.24618793,-0.058208894,0.025933683,-0.27253234,-0.080348216,0.008117437,-0.1988303,-0.067068964,0.0057489276,-0.17646545,-0.05092533
-0.08707303,-0.030911088,-0.034178887,-0.1491859,-0.11685026,-0.05487998,-0.115045965,-0.1722179,-0.07651774,-0.04762715,-0.17900175,-0.09267308,-0.11992884,-0.29101628,-0.017043026,-0.14614272,-0.31803828,-0.06514424,-0.14154491,-0.22576171,-0.09355495,-0.12774801,-0.19531238,-0.10893811,-0.063462496,-0.29862547,-0.024669586,-0.08314562,-0.33918995,-0.07359674,-0.088761926,-0.22645736,-0.08186377,-0.081154525,-0.20202821,-0.07616292,-0.007769525,-0.2790771,-0.041358262,-0.018553138,-0.31599504,-0.08610864,-0.03525412,-0.21060318,-0.0744368,-0.03480047,-0.18558437,-0.055472285,0.04667747,-0.24402994,-0.062292423,0.029300809,-0.26887536,-0.083546564,0.007256508,-0.19336486,-0.068880975,0.0040077567,-0.16725886,-0.052246936
-0.08327985,-0.02829957,-0.02940184,-0.14674407,-0.108991444,-0.048169404,-0.12580514,-0.17560709,-0.06789733,-0.071136296,-0.20764619,-0.08342752,-0.1156258,-0.27104735,-0.020559834,-0.13920498,-0.31485724,-0.06957798,-0.13875389,-0.22442764,-0.09680987,-0.12571931,-0.17912227,-0.109382406,-0.05902201,-0.2793793,-0.028501742,-0.08015478,-0.3409688,-0.079614684,-0.084516466,-0.22464025,-0.08740092,-0.07427585,-0.18068916,-0.079253085,-0.00339669,-0.26457494,-0.04413458,-0.01855886,-0.3184173,-0.09416744,-0.03255278,-0.20599145,-0.08217462,-0.029572308,-0.16188723,-0.060164873,0.05225271,-0.23478103,-0.062286027,0.028324842,-0.27437097,-0.090563655,0.007249713,-0.1896832,-0.07604748,0.005684972,-0.1479606,-0.056966513
-0.08205098,-0.025196493,-0.032407288,-0.1432733,-0.09690416,-0.05646283,-0.13575241,-0.15539676,-0.080861494,-0.096625745,-0.18170863,-0.10197986,-0.10141611,-0.28033727,-0.031960715,-0.1279208,-0.30637282,-0.08175809,-0.1386846,-0.22600746,-0.11372126,-0.13027188,-0.17471367,-0.12979849,-0.043869734,-0.28473467,-0.0393048,-0.06541407,-0.31560075,-0.08956245,-0.07890457,-0.21696848,-0.10299592,-0.0739727,-0.16271073,-0.10009767,0.0116965175,-0.26330042,-0.05322834,-0.0060029626,-0.27269346,-0.10056618,-0.021731555,-0.17744184,-0.094728455,-0.019076467,-0.126109,-0.07796945,0.06449568,-0.22600627,-0.070090376,0.041339993,-0.2416398,-0.09629749,0.01999551,-0.16944551,-0.084425054,0.018302262,-0.123749316,-0.067457184
-0.07889795,-0.022786021,-0.039688203,-0.13930538,-0.09101355,-0.06724894,-0.12972164,-0.13768935,-0.09363231,-0.085698485,-0.15810812,-0.11474734,-0.10801351,-0.3172784,-0.031489745,-0.13246256,-0.28501338,-0.08622767,-0.12938264,-0.19603962,-0.12254436,-0.11343223,-0.1611951,-0.14195922,-0.0442006,-0.31861436,-0.038298327,-0.06440419,-0.2987969,-0.092894666,-0.07298821,-0.19679737,-0.108041346,-0.06750053,-0.15948063,-0.10621202,0.015389681,-0.2880546,-0.053292718,-0.0019652247,-0.25265813,-0.10166283,-0.016856074,-0.16003567,-0.09508362,-0.015002251,-0.13251263,-0.07841351,0.06938052,-0.23977727,-0.073018126,0.05004114,-0.21360463,-0.096034616,0.027114391,-0.14263493,-0.084360845,0.023461819,-0.11636019,-0.06829388
-0.07896894,-0.02253908,-0.04822692,-0.14261782,-0.08636427,-0.08026907,-0.13888618,-0.12976074,-0.10901292,-0.09311253,-0.14619905,-0.13147673,-0.11285901,-0.3192876,-0.039984167,-0.13587141,-0.26570594,-0.095202334,-0.13064444,-0.1812011,-0.13124765,-0.11504358,-0.1619507,-0.1518171,-0.04849738,-0.32318747,-0.042659033,-0.06904256,-0.2751482,-0.09751388,-0.07536399,-0.17954671,-0.11262889,-0.06937933,-0.16206431,-0.11228494,0.011715472,-0.29290998,-0.05383175,-0.004552841,-0.23398632,-0.10240981,-0.01788479,-0.14806193,-0.09476642,-0.015953124,-0.13907605,-0.078422084,0.06553048,-0.24620193,-0.070807196,0.04961419,-0.20388663,-0.09357807,0.028684497,-0.13704294,-0.08202819,0.025132239,-0.12267178,-0.066536106
-0.07685989,-0.028214037,-0.042571712,-0.138425,-0.088964164,-0.073517874,-0.13868427,-0.12826604,-0.10275374,-0.105376124,-0.146317,-0.12685506,-0.109885156,-0.3150447,-0.03636779,-0.12950528,-0.27841067,-0.09427967,-0.12856886,-0.19036144,-0.13461949,-0.11718398,-0.14617342,-0.15639186,-0.044010937,-0.31988984,-0.04209899,-0.060658872,-0.28491384,-0.09771512,-0.069393754,-0.18407065,-0.11604768,-0.06610501,-0.14559847,-0.11711774,0.016041577,-0.2890038,-0.055912945,0.0046148896,-0.23573261,-0.10476507,-0.012567341,-0.14315134,-0.10017527,-0.017230093,-0.116318345,-0.08554089,0.06815553,-0.23797637,-0.07482902,0.05556667,-0.1892435,-0.099062495,0.03305453,-0.11913365,-0.08890167,0.023759365,-0.09785241,-0.07414866
-0.07981533,-0.026438892,-0.040180758,-0.14296597,-0.08956581,-0.06884874,-0.14127213,-0.13376611,-0.095859915,-0.107492805,-0.1539408,-0.118059754,-0.1123538,-0.31381094,-0.03471418,-0.13317645,-0.2766136,-0.08949068,-0.13096943,-0.18858266,-0.12812382,-0.11870879,-0.14038241,-0.14856087,-0.04864365,-0.32034677,-0.03978171,-0.066919506,-0.2773131,-0.09162663,-0.072604775,-0.17765677,-0.1094804,-0.067316175,-0.1370427,-0.11058969,0.010464609,-0.29122078,-0.05223819,-0.0030118227,-0.22902763,-0.09801938,-0.015334308,-0.13793993,-0.09370535,-0.015917838,-0.109078944,-0.07944037,0.062517524,-0.24240345,-0.069522835,0.048541725,-0.19180137,-0.092265904,0.028926909,-0.12057644,-0.08146155,0.022458196,-0.094869554,-0.06596576
-0.078306556,-0.026177049,-0.040934358,-0.14112788,-0.08622962,-0.07027296,-0.14055008,-0.12982267,-0.097469516,-0.10872835,-0.1500634,-0.119245544,-0.11162001,-0.31734252,-0.03639046,-0.13234043,-0.27303576,-0.09055006,-0.13019383,-0.18583697,-0.12854965,-0.11764634,-0.1428349,-0.1492353,-0.046830893,-0.32363343,-0.04105574,-0.064572334,-0.26667893,-0.092161916,-0.070356846,-0.170766,-0.10987893,-0.06555897,-0.13782895,-0.11179953,0.012183905,-0.29340333,-0.053052556,-0.0012444854,-0.2147041,-0.096935295,-0.014281392,-0.12915587,-0.09285181,-0.01606983,-0.10871804,-0.07985962,0.06339288,-0.24410337,-0.07029267,0.04933411,-0.17767954,-0.09226356,0.02965653,-0.110761225,-0.083246864,0.022063255,-0.091811836,-0.0694653
-0.079457104,-0.023355007,-0.040826,-0.1392932,-0.08428651,-0.069521084,-0.13404864,-0.12797064,-0.09594604,-0.099781394,-0.15154523,-0.11694812,-0.11361915,-0.3178528,-0.033992104,-0.12411296,-0.27814245,-0.08611335,-0.12225616,-0.19073969,-0.12282743,-0.1154241,-0.14507699,-0.14247361,-0.046321273,-0.32297295,-0.039025392,-0.059063554,-0.27869308,-0.09087325,-0.06573957,-0.1797626,-0.10862851,-0.06467652,-0.13408315,-0.109327964,0.014371574,-0.29461604,-0.05145714,0.0045318604,-0.23458701,-0.09574926,-0.006876588,-0.14588219,-0.09143501,-0.009543717,-0.11134559,-0.0771612,0.067459464,-0.24604756,-0.06888576,0.055495977,-0.19750798,-0.09074758,0.036265075,-0.12836283,-0.08102981,0.028678894,-0.10035771,-0.06620814
-0.079457104,-0.023355007,-0.040826,-0.1392932,-0.08428651,-0.069521084,-0.13404864,-0.12797064,-0.09594604,-0.099781394,-0.15154523,-0.11694812,-0.11361915,-0.3178528,-0.033992104,-0.12411296,-0.27814245,-0.08611335,-0.12225616,-0.19073969,-0.12282743,-0.1154241,-0.14507699,-0.14247361,-0.046321273,-0.32297295,-0.039025392,-0.059063554,-0.27869308,-0.09087325,-0.06573957,-0.1797626,-0.10862851,-0.06467652,-0.13408315,-0.109327964,0.014371574,-0.29461604,-0.05145714,0.0045318604,-0.23458701,-0.09574926,-0.006876588,-0.14588219,-0.09143501,-0.009543717,-0.11134559,-0.0771612,0.067459464,-0.24604756,-0.06888576,0.055495977,-0.19750798,-0.09074758,0.036265075,-0.12836283,-0.08102981,0.028678894,-0.10035771,-0.06620814
-0.08496237,-0.048873544,-0.040181562,-0.14522076,-0.13933533,-0.06604041,-0.111043334,-0.1830287,-0.09221813,-0.04403597,-0.17322242,-0.112803385,-0.11762035,-0.29467535,-0.026605573,-0.13836008,-0.35202014,-0.08064367,-0.13379127,-0.25878644,-0.11203157,-0.12376332,-0.22264683,-0.12839474,-0.056656003,-0.3031999,-0.033421494,-0.07693797,-0.38812545,-0.093285255,-0.08314514,-0.27306378,-0.10738038,-0.073771656,-0.23418885,-0.10208632,0.002161622,-0.28328115,-0.049314223,-0.0066506863,-0.37198344,-0.10081857,-0.022046685,-0.2667048,-0.09197475,-0.018387437,-0.2246033,-0.0717558,0.057026744,-0.24623233,-0.069647565,0.04287553,-0.28508472,-0.096385494,0.018816471,-0.21856594,-0.08578916,0.01671815,-0.1908046,-0.07034659
-0.083417594,-0.041705966,-0.029833453,-0.13160571,-0.1792987,-0.03864423,-0.07812524,-0.25950873,-0.048716534,-0.00549984,-0.23123735,-0.053784568,-0.12275249,-0.27491462,-0.0016808518,-0.13578665,-0.37152565,-0.039255522,-0.13455588,-0.29356045,-0.06175111,-0.124153465,-0.23725057,-0.07353381,-0.06863934,-0.29606295,-0.0077138534,-0.07933283,-0.41481197,-0.05014362,-0.08519769,-0.3225968,-0.063492864,-0.07713485,-0.26459724,-0.059465185,-0.0115760565,-0.28717327,-0.022133715,-0.011277378,-0.41302112,-0.06246157,-0.026412249,-0.32316685,-0.066194154,-0.025018573,-0.26302987,-0.057200246,0.046004534,-0.25853902,-0.039879825,0.028600156,-0.30560094,-0.07166108,0.010725915,-0.24349451,-0.07687042,0.012301445,-0.2017206,-0.07327506
-0.08422452,-0.044849515,-0.02790179,-0.13308221,-0.18485028,-0.032898042,-0.0799582,-0.273408,-0.04025637,-0.005669594,-0.25039017,-0.04176655,-0.12505406,-0.27101403,0.009579115,-0.13804269,-0.3770156,-0.026897015,-0.136709,-0.3005553,-0.04822164,-0.12681308,-0.24342602,-0.05867574,-0.07262772,-0.29353803,0.004025277,-0.082283676,-0.41705677,-0.037504263,-0.08654648,-0.32588992,-0.050274506,-0.07724124,-0.268943,-0.045066636,-0.016865075,-0.28694445,-0.010735951,-0.017355144,-0.41761824,-0.049751148,-0.029949069,-0.33183253,-0.053172633,-0.026311398,-0.2744757,-0.04359004,0.040457428,-0.2607289,-0.028997453,0.024604023,-0.31242573,-0.05988515,0.008866668,-0.25641644,-0.06587836,0.012306035,-0.21661937,-0.062701784
-0.094655395,-0.05851102,-0.023104586,-0.13503215,-0.19409144,-0.024197593,-0.07370752,-0.27788275,-0.028820792,-0.0031680465,-0.26571214,-0.02838635,-0.12587303,-0.26644623,0.02349342,-0.13945478,-0.37482232,-0.010735837,-0.13914484,-0.30271816,-0.03230903,-0.12990588,-0.24789566,-0.042616393,-0.07324791,-0.28663945,0.017633328,-0.08452648,-0.41266674,-0.025195248,-0.08727956,-0.32376066,-0.042904615,-0.07680714,-0.262623,-0.039924994,-0.019124985,-0.2820012,0.002670493,-0.025137603,-0.4161467,-0.03799989,-0.03431344,-0.33152533,-0.045609575,-0.028786838,-0.2695645,-0.03747457,0.03505802,-0.26047796,-0.015173778,0.014485121,-0.31455058,-0.047768604,0.0024328828,-0.2604797,-0.056361098,0.009013295,-0.22213244,-0.054214343
-0.09204817,-0.0588454,-0.021228045,-0.13462523,-0.18588519,-0.025288304,-0.07983112,-0.26662308,-0.033881824,-0.011360824,-0.25617152,-0.037624463,-0.12346339,-0.2568922,0.019037914,-0.13811249,-0.36582625,-0.016019486,-0.13743448,-0.29777724,-0.037968084,-0.12699303,-0.24379015,-0.048309006,-0.07264507,-0.27656102,0.011939899,-0.08572632,-0.40187186,-0.030175691,-0.08933544,-0.3174411,-0.046360623,-0.07719326,-0.25687563,-0.04275865,-0.019646704,-0.2735451,-0.0037494404,-0.026725829,-0.40775895,-0.041596755,-0.037284613,-0.32788727,-0.046265826,-0.030183852,-0.2651453,-0.03645999,0.03461206,-0.25222045,-0.022452736,0.014802098,-0.31181,-0.05043996,-0.0011637211,-0.26570672,-0.056221925,0.002619505,-0.2276048,-0.052584585
-0.09108162,-0.056811333,-0.02431443,-0.13742495,-0.18524045,-0.027974552,-0.084448874,-0.26773614,-0.03580861,-0.013857901,-0.25462306,-0.037847757,-0.12456843,-0.25802922,0.020608388,-0.1401459,-0.36542577,-0.015735304,-0.13686538,-0.29456735,-0.03732448,-0.12669224,-0.24577957,-0.047050513,-0.07451272,-0.27761734,0.014771911,-0.08733851,-0.40009063,-0.027453925,-0.08886433,-0.3147249,-0.041646928,-0.07822108,-0.26327717,-0.03639858,-0.02223003,-0.27361315,-0.0005890516,-0.028427482,-0.401609,-0.03952549,-0.035485387,-0.3170618,-0.04106993,-0.028453171,-0.25992167,-0.028435858,0.03289956,-0.252639,-0.019517107,0.01609993,-0.31223235,-0.04705189,0.0017878413,-0.2630158,-0.0504244,0.004846871,-0.22535759,-0.04470445
-0.093521,-0.06770909,-0.014741513,-0.1327942,-0.19200248,-0.014500379,-0.07945436,-0.2749011,-0.021143688,-0.015359938,-0.2757563,-0.02358298,-0.12092906,-0.24945676,0.03516837,-0.13944367,-0.36154684,0.003181571,-0.13679975,-0.2964679,-0.018509744,-0.12532538,-0.24209988,-0.028007127,-0.071611226,-0.26887107,0.02583444,-0.085528135,-0.39527345,-0.012218246,-0.08638185,-0.31730115,-0.030494554,-0.07413745,-0.26034218,-0.029020937,-0.01962632,-0.26808512,0.007912244,-0.027757823,-0.40232524,-0.028183673,-0.035016596,-0.32381696,-0.033289503,-0.02617079,-0.26039147,-0.023486651,0.03399694,-0.25189835,-0.012535008,0.012162209,-0.32331896,-0.036359165,-0.0018464923,-0.27563912,-0.038041484,0.0045879483,-0.23236072,-0.031682286
-0.09101188,-0.062413573,-0.01601518,-0.12870231,-0.18905938,-0.015755568,-0.07337326,-0.27174693,-0.021171652,-0.008136153,-0.26823133,-0.02213199,-0.1182816,-0.2449233,0.031574998,-0.1330857,-0.35546005,0.0009243488,-0.13496292,-0.29077417,-0.0195101,-0.12591454,-0.23826534,-0.028876958,-0.0703516,-0.2635497,0.023783853,-0.083954096,-0.38842604,-0.013736176,-0.08807957,-0.3148045,-0.03182955,-0.07723653,-0.25885373,-0.03098798,-0.018608093,-0.2644068,0.0075973817,-0.027839482,-0.3992375,-0.025763985,-0.038143277,-0.33223668,-0.0334307,-0.032195628,-0.27420783,-0.027342254,0.034614086,-0.2522148,-0.011277733,0.010376334,-0.3168177,-0.03468432,-0.00270015,-0.2723199,-0.03978823,0.004111171,-0.23302937,-0.037160337
-0.097873926,-0.08318645,-0.0068785464,-0.12637416,-0.19517106,0.0015878767,-0.068437934,-0.272806,0.00070152315,-0.007785678,-0.27848756,0.005728341,-0.11586279,-0.24129963,0.07981416,-0.13040239,-0.348752,0.054141384,-0.13333887,-0.28869015,0.029668061,-0.12540597,-0.23850858,0.018356051,-0.068008184,-0.25478303,0.07024694,-0.08199221,-0.37574983,0.03361887,-0.08574915,-0.30391833,0.0022696005,-0.075461924,-0.2507326,-0.004649352,-0.018777847,-0.25726795,0.050526086,-0.02984041,-0.385716,0.018589977,-0.040383995,-0.32200903,-0.00030568635,-0.033486962,-0.2632748,1.3744184e-05,0.030373394,-0.25404608,0.0285467,0.004867792,-0.31619084,0.010868538,-0.009350359,-0.27744174,0.002636602,-0.0016075969,-0.24225771,0.0036135255
-0.09065372,-0.072446406,-0.010146832,-0.12165815,-0.18284303,-0.008141739,-0.0681712,-0.2598788,-0.0142055955,-0.00891006,-0.26923054,-0.016659427,-0.11021829,-0.23173398,0.04720104,-0.12666601,-0.33648595,0.019994037,-0.12876436,-0.2811694,-0.0008259091,-0.1172477,-0.2311449,-0.010106171,-0.064623535,-0.24857682,0.038243715,-0.07842547,-0.3680048,0.0026920526,-0.08314806,-0.29843938,-0.018420681,-0.07008648,-0.24057114,-0.019607628,-0.016194105,-0.25153154,0.02098932,-0.026058137,-0.38222596,-0.010658123,-0.038451552,-0.31755883,-0.019436007,-0.030603528,-0.25437015,-0.01309455,0.033608258,-0.2429862,0.0013774108,0.008962512,-0.31506878,-0.017526595,-0.00801456,-0.2765354,-0.020829136,-0.0023229122,-0.2346201,-0.016651403
-0.092351496,-0.07635051,-0.009702238,-0.12216997,-0.18969989,-0.0061101974,-0.06779981,-0.2631662,-0.010758411,-0.0073021054,-0.25745374,-0.010912824,-0.111700356,-0.23660922,0.05481566,-0.12660155,-0.34200823,0.03054209,-0.1293436,-0.2863325,0.011592527,-0.11926806,-0.23892468,0.0035137108,-0.066102445,-0.25295234,0.046388622,-0.07762754,-0.3714484,0.013518533,-0.082924366,-0.30238083,-0.0065905913,-0.07134104,-0.24721462,-0.0066733337,-0.016680002,-0.25423127,0.029236423,-0.024166703,-0.38245672,0.0010192142,-0.03627312,-0.3196533,-0.007888392,-0.029066622,-0.26128483,-0.0016448948,0.03361386,-0.24459565,0.009526109,0.01213336,-0.3155419,-0.004746647,-0.0050429106,-0.27953583,-0.0069472613,0.00046014786,-0.24150687,-0.002309234
-0.09297949,-0.07035375,-0.010402208,-0.12595725,-0.18781525,-0.0054278066,-0.074160814,-0.2656371,-0.007627924,-0.014183342,-0.25891632,-0.0051590027,-0.11175197,-0.23720515,0.054197967,-0.121782064,-0.34095716,0.03164074,-0.12668213,-0.28866434,0.012991023,-0.12055582,-0.2417506,0.004677439,-0.065844655,-0.25212586,0.046937842,-0.07473868,-0.37001,0.015334335,-0.080610394,-0.31017607,-0.0059899627,-0.07298869,-0.2585944,-0.0075997785,-0.017378688,-0.25361758,0.031069584,-0.021668553,-0.38102365,0.0042248718,-0.032996178,-0.330119,-0.008187478,-0.030053198,-0.2760805,-0.005339295,0.031228006,-0.24498618,0.012630632,0.012073755,-0.31780654,-0.0024294723,-0.005946636,-0.28577846,-0.008048796,-0.0064014196,-0.24930006,-0.0065540364
-0.09281862,-0.069532216,-0.011501671,-0.12439799,-0.1866194,-0.0075074597,-0.070026636,-0.26280248,-0.010233232,-0.009017289,-0.25611484,-0.008747765,-0.11046952,-0.23867774,0.050705675,-0.11976743,-0.3400008,0.028095653,-0.1270147,-0.29062515,0.009269045,-0.120367765,-0.2443167,0.0004722357,-0.06425971,-0.25450712,0.043859933,-0.0730325,-0.36983025,0.012821774,-0.08093715,-0.310017,-0.0076646996,-0.07193333,-0.25883085,-0.009163249,-0.015474319,-0.2554366,0.028571751,-0.019919693,-0.38065964,0.0013003798,-0.033270717,-0.3244003,-0.009878374,-0.028613806,-0.26856476,-0.006257657,0.03339857,-0.24544162,0.010697387,0.012705445,-0.31330514,-0.005875266,-0.005550921,-0.27873313,-0.01140822,-0.0033812523,-0.24350405,-0.009588407
-0.090640604,-0.06665552,-0.013417621,-0.12368339,-0.18879479,-0.012266246,-0.064723074,-0.26480007,-0.017539911,0.0006071329,-0.26265275,-0.019168317,-0.10827404,-0.2397064,0.037401624,-0.120399,-0.34832123,0.0094034765,-0.12745202,-0.29234892,-0.011076081,-0.119128585,-0.24267966,-0.02070231,-0.062512815,-0.25470424,0.029980857,-0.072922766,-0.3794734,-0.007139978,-0.08118105,-0.30905437,-0.028064836,-0.07025319,-0.24814564,-0.028969415,-0.014358997,-0.2556582,0.014649454,-0.021634042,-0.39283153,-0.018219082,-0.034959376,-0.3271817,-0.02901323,-0.027129471,-0.26196498,-0.02427424,0.03429997,-0.24550194,-0.003110801,0.010207176,-0.31683904,-0.026047656,-0.005946696,-0.27317834,-0.032995947,0.0012028813,-0.22716743,-0.031276282
-0.09314132,-0.077643156,-0.013958245,-0.121768534,-0.19827086,-0.011744919,-0.061868608,-0.2727728,-0.016223801,0.0030169487,-0.263475,-0.016070263,-0.10932952,-0.24534279,0.047946617,-0.12281954,-0.3558748,0.022948522,-0.1294719,-0.30057824,0.0037057998,-0.12107968,-0.25204837,-0.004753026,-0.06446481,-0.25845122,0.042278018,-0.07430661,-0.3863586,0.0071524456,-0.0822919,-0.31685525,-0.013812325,-0.06980282,-0.2555607,-0.013771671,-0.016316712,-0.25783408,0.02801195,-0.02192992,-0.39696726,-0.0028378917,-0.034879565,-0.33562604,-0.01478611,-0.024923742,-0.27069682,-0.009748184,0.03234315,-0.2473048,0.011066569,0.012410045,-0.32615322,-0.008604529,-0.0033350587,-0.29102033,-0.0156545,0.0052086115,-0.24748963,-0.013421904
-0.08783394,-0.07156074,-0.0117596695,-0.117429614,-0.19358194,-0.009939156,-0.060689747,-0.26689637,-0.0152560305,0.0026977062,-0.25415927,-0.016607217,-0.106895626,-0.24490935,0.039629277,-0.120304406,-0.35525548,0.013780968,-0.12443936,-0.29836196,-0.004154778,-0.11549395,-0.25099623,-0.0120615065,-0.0614897,-0.25896323,0.03180096,-0.07205713,-0.3840266,-0.0035411464,-0.07743347,-0.31196418,-0.021623464,-0.06498718,-0.25303215,-0.020103665,-0.0125101805,-0.25717133,0.016206337,-0.018178463,-0.39312598,-0.014256665,-0.029201448,-0.32784694,-0.022263963,-0.020209372,-0.26525825,-0.015324223,0.036734283,-0.24302536,-0.0018468793,0.018281937,-0.31902203,-0.02092049,0.0026904345,-0.28402972,-0.025836103,0.009344637,-0.2435816,-0.022745794
-0.087795496,-0.07256639,-0.012164934,-0.11699605,-0.19713002,-0.011320089,-0.06170553,-0.27260548,-0.017299555,0.001735568,-0.2618391,-0.018641364,-0.105728686,-0.2537213,0.035729054,-0.11644429,-0.3634853,0.0073854374,-0.123295486,-0.30637187,-0.012203608,-0.118400335,-0.2586798,-0.021311969,-0.058605373,-0.26678336,0.027475659,-0.06711483,-0.3923742,-0.009262462,-0.075392246,-0.32375628,-0.026807833,-0.06753087,-0.26759684,-0.025332855,-0.009448826,-0.2617448,0.011313027,-0.012414753,-0.39650923,-0.01791763,-0.025568962,-0.339714,-0.024183556,-0.02157247,-0.2835158,-0.017218638,0.04058492,-0.24287438,-0.007715915,0.028886616,-0.3176544,-0.024552174,0.008795857,-0.2969488,-0.029266221,0.0057147145,-0.2691468,-0.02710844
-0.09155178,-0.07572949,-0.013403473,-0.11925608,-0.19770694,-0.011040196,-0.059858322,-0.2730689,-0.015496817,0.0035688877,-0.26697338,-0.015855052,-0.10591191,-0.25181556,0.04499522,-0.11696422,-0.35976416,0.01964823,-0.12357223,-0.3094136,-0.00038330778,-0.11672056,-0.2642027,-0.010224579,-0.05780816,-0.2653451,0.038134996,-0.06609815,-0.390518,0.004211615,-0.07516348,-0.32420793,-0.01570302,-0.06673044,-0.26782924,-0.016504172,-0.009079039,-0.2608592,0.02274468,-0.011967421,-0.39329314,-0.0064902934,-0.026660383,-0.32986054,-0.015602862,-0.021628141,-0.26771837,-0.010225528,0.03942609,-0.24348825,0.0044097924,0.023940027,-0.3164318,-0.013088365,0.0044079423,-0.28617084,-0.018605733,0.005450368,-0.2513855,-0.016741531
-0.089346826,-0.07176322,-0.01595835,-0.12084854,-0.19927496,-0.0132642705,-0.062380493,-0.27646875,-0.016470889,0.0028648973,-0.2636158,-0.015351831,-0.10517681,-0.25449532,0.04073228,-0.11712074,-0.36374295,0.015669327,-0.12363672,-0.31039977,-0.0028311731,-0.116729975,-0.2634114,-0.011553289,-0.05826837,-0.26940608,0.03559918,-0.06628442,-0.39424253,0.0024311538,-0.07409853,-0.3256956,-0.015172221,-0.06427306,-0.2680115,-0.014098086,-0.009435058,-0.26523018,0.021944683,-0.012918353,-0.3972774,-0.008355887,-0.025841534,-0.3278768,-0.0164126,-0.019129813,-0.26267707,-0.009778008,0.03990692,-0.24800724,0.005357363,0.021533549,-0.3184145,-0.015441368,0.005348444,-0.27953047,-0.021453813,0.011080444,-0.23809087,-0.018968761
-0.08910459,-0.06974363,-0.018600333,-0.12028968,-0.19926995,-0.017313639,-0.06110984,-0.27262282,-0.021755455,0.0026462674,-0.2516595,-0.020801952,-0.10479385,-0.26077068,0.03965682,-0.11924964,-0.36590487,0.010313588,-0.12498319,-0.30049092,-0.008550591,-0.11640906,-0.25263804,-0.016669419,-0.05867642,-0.27464795,0.033870265,-0.06790024,-0.39444697,-0.002431042,-0.07766503,-0.31666642,-0.017440652,-0.06622499,-0.26702136,-0.013584313,-0.008956969,-0.26863557,0.018292883,-0.012468815,-0.39579403,-0.015474771,-0.028847694,-0.31981295,-0.020510375,-0.021111548,-0.26650906,-0.011178117,0.04277289,-0.25086588,-0.00061532925,0.023224652,-0.3143626,-0.02219758,0.003553331,-0.26709056,-0.025800155,0.010069728,-0.22936857,-0.021341309
-0.08910459,-0.06974363,-0.018600333,-0.12028968,-0.19926995,-0.017313639,-0.06110984,-0.27262282,-0.021755455,0.0026462674,-0.2516595,-0.020801952,-0.10479385,-0.26077068,0.03965682,-0.11924964,-0.36590487,0.010313588,-0.12498319,-0.30049092,-0.008550591,-0.11640906,-0.25263804,-0.016669419,-0.05867642,-0.27464795,0.033870265,-0.06790024,-0.39444697,-0.002431042,-0.07766503,-0.31666642,-0.017440652,-0.06622499,-0.26702136,-0.013584313,-0.008956969,-0.26863557,0.018292883,-0.012468815,-0.39579403,-0.015474771,-0.028847694,-0.31981295,-0.020510375,-0.021111548,-0.26650906,-0.011178117,0.04277289,-0.25086588,-0.00061532925,0.023224652,-0.3143626,-0.02219758,0.003553331,-0.26709056,-0.025800155,0.010069728,-0.22936857,-0.021341309
-0.093839645,-0.07496488,-0.01927759,-0.12084103,-0.19782764,-0.020116456,-0.056573033,-0.27018958,-0.026861321,0.008566439,-0.26777118,-0.028720714,-0.10637057,-0.25690347,0.041408863,-0.12278122,-0.3626763,0.010492371,-0.12542593,-0.2964577,-0.010884684,-0.11611849,-0.24606329,-0.019913979,-0.057534516,-0.27026355,0.03524333,-0.07010454,-0.3906129,-0.00305009,-0.078555465,-0.3111304,-0.021751199,-0.06789595,-0.25715023,-0.019678554,-0.007420659,-0.26478893,0.019251853,-0.013340831,-0.39522272,-0.017283285,-0.029731393,-0.31777984,-0.023278499,-0.023710549,-0.26119483,-0.013361941,0.042624712,-0.24665391,0.0002118275,0.01734662,-0.3147515,-0.022826787,-0.0010675192,-0.2617315,-0.024162102,0.005821407,-0.21961355,-0.017034514
-0.0913617,-0.076214194,-0.017629191,-0.11915338,-0.20239168,-0.016752914,-0.05697459,-0.27733147,-0.021783303,0.0064690113,-0.26798117,-0.0220363,-0.10735726,-0.26435488,0.041848455,-0.120470405,-0.36914888,0.011967861,-0.12370765,-0.30606067,-0.009665362,-0.11678934,-0.254323,-0.019300811,-0.057418704,-0.2778765,0.03503676,-0.066753626,-0.39760157,-0.0004661502,-0.07367039,-0.32331538,-0.018411089,-0.0651893,-0.26960778,-0.017125458,-0.006153047,-0.26949406,0.018561864,-0.008321524,-0.3965469,-0.015487896,-0.023352623,-0.3234974,-0.022060802,-0.020732462,-0.26585877,-0.0138149755,0.043752432,-0.24699026,-0.0009634245,0.026770413,-0.31842893,-0.023059662,0.007880449,-0.2713598,-0.02554071,0.009646893,-0.23006505,-0.02018667
-0.09592974,-0.07530469,-0.021284707,-0.124477684,-0.19713116,-0.019830577,-0.061258614,-0.26987332,-0.023514561,0.004172921,-0.25320804,-0.020497287,-0.111597,-0.26155782,0.048296202,-0.124224186,-0.36739856,0.017073,-0.12585932,-0.30123734,-0.0050575277,-0.11710554,-0.2538271,-0.014929536,-0.061162412,-0.27417034,0.043789856,-0.07072371,-0.39426267,0.0046590203,-0.078002274,-0.31802398,-0.015726274,-0.068380415,-0.27216864,-0.014853764,-0.010502636,-0.26739544,0.028436072,-0.014254212,-0.3938201,-0.0083747,-0.02847749,-0.32212442,-0.01813365,-0.022298157,-0.2743942,-0.01125507,0.039889097,-0.24921483,0.009585558,0.0221107,-0.30614263,-0.014443916,0.0047912598,-0.2594025,-0.020628177,0.011682212,-0.22645849,-0.017397225
-0.0948509,-0.076464,-0.02408843,-0.12475604,-0.20329994,-0.025287515,-0.061252475,-0.28027767,-0.031380486,0.008828044,-0.26422685,-0.030682836,-0.110907316,-0.26175636,0.044406578,-0.1241588,-0.37100798,0.015253118,-0.12603432,-0.30379915,-0.005411109,-0.11849135,-0.25807917,-0.015033045,-0.061164558,-0.276231,0.041137103,-0.07003307,-0.39756542,0.002706752,-0.07816315,-0.31904888,-0.017195707,-0.07123387,-0.26923388,-0.01598419,-0.011343837,-0.27077347,0.027278803,-0.013842821,-0.40136927,-0.0069424417,-0.028895855,-0.33010238,-0.015428304,-0.025969088,-0.27885795,-0.008001368,0.039358675,-0.25287074,0.009507583,0.021238863,-0.3145889,-0.010723586,0.003901422,-0.26958072,-0.015152741,0.008354008,-0.23570561,-0.01115124
-0.091884375,-0.062790096,-0.02202279,-0.13248622,-0.2017973,-0.0269671,-0.069051325,-0.27903092,-0.035962153,0.005212128,-0.26028275,-0.04123715,-0.10202432,-0.28127587,0.014408734,-0.11220688,-0.39036703,-0.020241419,-0.12061274,-0.31845617,-0.041404765,-0.112828076,-0.26219946,-0.051668946,-0.052601814,-0.2943945,0.007280997,-0.058345914,-0.4174338,-0.033774078,-0.07291883,-0.33201635,-0.04864408,-0.064032495,-0.2742213,-0.04528902,-0.0037178993,-0.2858718,-0.008295069,-0.007911682,-0.41301945,-0.046636987,-0.027202606,-0.32687008,-0.0513278,-0.019439578,-0.26646346,-0.042646617,0.04580033,-0.26302457,-0.026772501,0.010029733,-0.307191,-0.054345604,-0.008220732,-0.24438918,-0.059338566,0.0042799115,-0.20464694,-0.055906605
-0.08890051,-0.056901455,-0.021097124,-0.13533711,-0.1845274,-0.031178929,-0.08706081,-0.26286215,-0.046489492,-0.016900897,-0.22715008,-0.058722932,-0.09150487,-0.28574848,0.0088790655,-0.09010738,-0.40572473,-0.028105726,-0.10661423,-0.3636232,-0.055428695,-0.10683185,-0.3019442,-0.07084397,-0.041644633,-0.29309034,-0.0005644788,-0.03717786,-0.42175114,-0.043218642,-0.057787478,-0.36311427,-0.06360282,-0.057171106,-0.294374,-0.06668305,0.005670011,-0.27902448,-0.017826064,0.009054601,-0.41127706,-0.05204164,-0.014183164,-0.3429486,-0.0582476,-0.015293062,-0.26886094,-0.05300723,0.055159092,-0.24783593,-0.038796436,0.033022225,-0.3085081,-0.06254349,0.0054109693,-0.2642367,-0.06879067,0.0010403395,-0.21489286,-0.06821866
-0.08842963,-0.06200528,-0.020589652,-0.13463503,-0.19199061,-0.030244369,-0.088232756,-0.27293772,-0.045566566,-0.019211292,-0.2369731,-0.056954835,-0.089931965,-0.2966993,0.012880153,-0.08910209,-0.41576576,-0.024577452,-0.10392904,-0.36136487,-0.051241267,-0.10140264,-0.30021113,-0.06602817,-0.040669262,-0.30244517,0.0026275227,-0.038123727,-0.42882374,-0.03973352,-0.057253838,-0.36199927,-0.058135938,-0.05482334,-0.2974547,-0.05950351,0.007079661,-0.28767413,-0.016022542,0.011748314,-0.41793984,-0.05091882,-0.013010979,-0.3455814,-0.055977847,-0.014994204,-0.27426535,-0.049630206,0.056454062,-0.2555322,-0.038411077,0.035911143,-0.31396413,-0.0610126,0.005816698,-0.26614428,-0.06601355,-6.908178e-05,-0.21854728,-0.06463731
-0.08734685,-0.05478853,-0.025905121,-0.14111769,-0.1859613,-0.038683604,-0.1022495,-0.2673186,-0.056240797,-0.03344059,-0.22991067,-0.06855472,-0.08515358,-0.30703264,0.0038656485,-0.08394551,-0.42443642,-0.039226897,-0.10035086,-0.35784137,-0.0656599,-0.09693444,-0.2981717,-0.07898913,-0.036441624,-0.3080142,-0.0056274394,-0.035579324,-0.43265802,-0.052872274,-0.056931317,-0.3506193,-0.06692573,-0.052230418,-0.2929399,-0.063375205,0.010676682,-0.28839183,-0.024405075,0.02043593,-0.41907823,-0.06353623,-0.007778406,-0.33599412,-0.061383825,-0.010450184,-0.27052927,-0.04840728,0.05930823,-0.25046486,-0.047482096,0.049937427,-0.31930172,-0.06984398,0.019424438,-0.26665378,-0.068785235,0.013696253,-0.22127157,-0.062132273
-0.08734685,-0.05478853,-0.025905121,-0.14111769,-0.1859613,-0.038683604,-0.1022495,-0.2673186,-0.056240797,-0.03344059,-0.22991067,-0.06855472,-0.08515358,-0.30703264,0.0038656485,-0.08394551,-0.42443642,-0.039226897,-0.10035086,-0.35784137,-0.0656599,-0.09693444,-0.2981717,-0.07898913,-0.036441624,-0.3080142,-0.0056274394,-0.035579324,-0.43265802,-0.052872274,-0.056931317,-0.3506193,-0.06692573,-0.052230418,-0.2929399,-0.063375205,0.010676682,-0.28839183,-0.024405075,0.02043593,-0.41907823,-0.06353623,-0.007778406,-0.33599412,-0.061383825,-0.010450184,-0.27052927,-0.04840728,0.05930823,-0.25046486,-0.047482096,0.049937427,-0.31930172,-0.06984398,0.019424438,-0.26665378,-0.068785235,0.013696253,-0.22127157,-0.062132273
-0.08693707,-0.04838729,-0.027176376,-0.14416146,-0.17872429,-0.039425895,-0.11022699,-0.26397604,-0.055779636,-0.04108721,-0.23052448,-0.06679902,-0.080233395,-0.30233133,0.002343935,-0.07898587,-0.41920176,-0.039559897,-0.096322775,-0.3544927,-0.06529184,-0.09520823,-0.29385024,-0.07802467,-0.031788588,-0.3025989,-0.005554676,-0.032248497,-0.42484528,-0.05184965,-0.05432564,-0.34311095,-0.06534498,-0.05107975,-0.28290612,-0.06095366,0.014568388,-0.2831204,-0.022573264,0.022272825,-0.41020507,-0.06051234,-0.0069120526,-0.32832634,-0.05810153,-0.011648655,-0.26179123,-0.044704724,0.062077403,-0.24571776,-0.04396666,0.04976052,-0.31222796,-0.0657769,0.019770384,-0.26199007,-0.06468483,0.013880074,-0.21852094,-0.057689816
-0.087828755,-0.049481094,-0.027775237,-0.14489385,-0.18066323,-0.03949409,-0.103992045,-0.25948405,-0.05534482,-0.032699227,-0.22491074,-0.065723225,-0.091129005,-0.30135345,0.004726221,-0.09588802,-0.4191417,-0.037848376,-0.10727787,-0.35068443,-0.063894585,-0.10239971,-0.2903191,-0.0763062,-0.04148388,-0.30338,-0.0023726318,-0.04491502,-0.4251445,-0.050098225,-0.06184119,-0.33861506,-0.06476675,-0.05706638,-0.2779051,-0.060537104,0.005363524,-0.28622395,-0.018847458,0.009435475,-0.41523677,-0.05915949,-0.012691379,-0.3263107,-0.057474528,-0.013779342,-0.25687212,-0.04344925,0.05266249,-0.2521674,-0.039495725,0.037049055,-0.31908983,-0.06377236,0.012785375,-0.26220483,-0.063019045,0.011630595,-0.21445715,-0.055331003
-0.090019226,-0.050056636,-0.024417344,-0.13588792,-0.18124253,-0.031645704,-0.081026316,-0.26013517,-0.04331977,-0.0075876117,-0.23106408,-0.050641485,-0.095980585,-0.28097087,0.014990402,-0.101104975,-0.39387047,-0.021679383,-0.11296821,-0.33608022,-0.046644635,-0.110126436,-0.27672863,-0.058736403,-0.046369374,-0.28856748,0.008546592,-0.048625827,-0.41240335,-0.033780407,-0.062388778,-0.3436615,-0.05238388,-0.057839215,-0.2827335,-0.051768243,0.0019894838,-0.27656293,-0.00689616,0.0055710077,-0.40632045,-0.043290105,-0.012814045,-0.3422029,-0.05147091,-0.013132453,-0.2782836,-0.045258094,0.05062294,-0.25083613,-0.025975935,0.031177104,-0.32226366,-0.050473742,0.009182215,-0.2831719,-0.05641005,0.008179307,-0.23954082,-0.054004427
-0.08884925,-0.061216354,-0.022564368,-0.12967223,-0.19514048,-0.028372664,-0.07013315,-0.26847225,-0.038800936,0.004858494,-0.2444979,-0.044560317,-0.09525955,-0.28477752,0.015438842,-0.10675728,-0.39428407,-0.021719739,-0.11642665,-0.3216958,-0.043337703,-0.11090088,-0.26611745,-0.052200202,-0.048033774,-0.29331338,0.0087835705,-0.055956304,-0.41380745,-0.03297518,-0.069969475,-0.32732546,-0.046046793,-0.061276972,-0.2722711,-0.040463567,-0.00052565336,-0.2822901,-0.0069292802,-0.0016265512,-0.41015878,-0.04488409,-0.020716727,-0.32756907,-0.046399217,-0.015472472,-0.2677794,-0.03422378,0.0472883,-0.25765836,-0.025918767,0.02375567,-0.32974535,-0.050802227,0.0043180585,-0.27543145,-0.051627494,0.011947334,-0.2295587,-0.044285778
-0.08416891,-0.07120687,-0.016827714,-0.11234939,-0.19875419,-0.018512007,-0.055451095,-0.27277845,-0.026366234,0.0075027347,-0.26292437,-0.029436493,-0.100687444,-0.26349413,0.029157821,-0.10853064,-0.37691918,-0.0044295094,-0.11350143,-0.31823385,-0.027327107,-0.10867536,-0.2624976,-0.037415333,-0.05153078,-0.27421772,0.020870805,-0.05626732,-0.40193468,-0.0181495,-0.065947235,-0.33261806,-0.037510775,-0.06143278,-0.27578616,-0.037379686,-0.0018934011,-0.2659682,0.0039731115,0.0018820763,-0.39764464,-0.029001318,-0.014416933,-0.3321901,-0.036584333,-0.015839458,-0.27272534,-0.029994009,0.046064973,-0.24284405,-0.016030114,0.03546995,-0.3148569,-0.035640907,0.01560694,-0.28342724,-0.03984238,0.012594402,-0.24992067,-0.036921218
-0.085130155,-0.0735113,-0.018700693,-0.114103675,-0.19555026,-0.02266394,-0.057596385,-0.26897764,-0.03309416,0.006686628,-0.25782895,-0.038782593,-0.101308584,-0.26451188,0.031372666,-0.11102992,-0.37348098,-0.002554657,-0.117121816,-0.3166693,-0.027453328,-0.11198896,-0.265126,-0.039569415,-0.053008378,-0.2760324,0.02299364,-0.058051407,-0.40209293,-0.017314993,-0.06856471,-0.33429438,-0.03927427,-0.063251555,-0.27835393,-0.04107413,-0.0044831038,-0.26902473,0.005640351,-0.0008826256,-0.39944935,-0.028822856,-0.018728673,-0.33416936,-0.038561773,-0.019596577,-0.27211487,-0.03305966,0.0435282,-0.2474767,-0.015144205,0.03287196,-0.3209315,-0.035689324,0.011847258,-0.29004252,-0.041330904,0.009247959,-0.25405705,-0.039280117
-0.077555835,-0.066601396,-0.020425348,-0.10929257,-0.19468331,-0.02526218,-0.0563426,-0.27307177,-0.035758957,0.008421123,-0.25613904,-0.0406712,-0.10504222,-0.26363015,0.023304071,-0.11538768,-0.3785742,-0.0100004785,-0.11628604,-0.31708276,-0.03245473,-0.109247506,-0.26627553,-0.043208256,-0.05626875,-0.27620006,0.015996752,-0.06143111,-0.4017486,-0.021340221,-0.06935918,-0.33050656,-0.03780221,-0.065788865,-0.28058124,-0.037182137,-0.0066922307,-0.26992714,-0.00012878783,-0.0016380548,-0.40149304,-0.030773975,-0.019039273,-0.3353989,-0.034736745,-0.02246219,-0.28000373,-0.02709905,0.04209298,-0.25044757,-0.020101445,0.03533393,-0.33036333,-0.036460504,0.014591157,-0.29764467,-0.03777069,0.010452807,-0.26147717,-0.03397299
-0.07406843,-0.061384976,-0.023286005,-0.10643619,-0.1911487,-0.027510757,-0.048762083,-0.27298802,-0.036991946,0.01903534,-0.26380205,-0.03999423,-0.106690526,-0.26078254,0.025445243,-0.1202656,-0.37361413,-0.0093713505,-0.11826092,-0.30454975,-0.030809514,-0.1087867,-0.25832492,-0.04051727,-0.05868876,-0.2774356,0.019553557,-0.066426694,-0.3957262,-0.019184984,-0.0727607,-0.3158645,-0.03348667,-0.06861079,-0.27524972,-0.030692102,-0.009666383,-0.2745307,0.0038417948,-0.00729537,-0.40014935,-0.0288063,-0.023445547,-0.32503694,-0.028412884,-0.025381625,-0.27905518,-0.017314773,0.039408207,-0.26006192,-0.016180664,0.029699683,-0.33706653,-0.033442345,0.011651278,-0.29345268,-0.031563923,0.012040377,-0.25916117,-0.024881367
-0.072862685,-0.056407392,-0.024017915,-0.10629922,-0.18566996,-0.030158428,-0.049170017,-0.2669044,-0.040962543,0.02078396,-0.2613051,-0.04607721,-0.10558009,-0.25813758,0.016480265,-0.121050656,-0.3706631,-0.018339239,-0.11947805,-0.30468357,-0.03957857,-0.10847974,-0.25609535,-0.049303863,-0.057625234,-0.27599823,0.010819913,-0.066394866,-0.39533567,-0.026730143,-0.07316351,-0.3162067,-0.03948251,-0.06699848,-0.2717005,-0.03624703,-0.008442402,-0.27343762,-0.0039373827,-0.0065298676,-0.40074554,-0.034933977,-0.023720503,-0.325567,-0.033054113,-0.024535477,-0.27684468,-0.021672884,0.0407207,-0.25851423,-0.022951214,0.028160393,-0.33534402,-0.039029334,0.00987643,-0.29192573,-0.03592091,0.011343062,-0.2575503,-0.02878716
-0.0761925,-0.05764872,-0.022734916,-0.10947955,-0.18848109,-0.028582832,-0.052413285,-0.2670328,-0.039567877,0.016452193,-0.25381815,-0.0450034,-0.10411805,-0.26389802,0.018147388,-0.11698419,-0.37668896,-0.016375162,-0.1186105,-0.31316936,-0.0377363,-0.10902405,-0.26377845,-0.047332127,-0.05591774,-0.27772462,0.011701103,-0.06250703,-0.4001479,-0.026095342,-0.07148993,-0.32451212,-0.03932483,-0.06440139,-0.27772355,-0.036096882,-0.00717026,-0.27201837,-0.0038807986,-0.0025511384,-0.39986923,-0.03467263,-0.022533357,-0.33048183,-0.035088744,-0.023239493,-0.28058314,-0.024977999,0.04108733,-0.25504977,-0.02359747,0.029840767,-0.33513415,-0.038067736,0.007879496,-0.29818696,-0.03601557,0.007658899,-0.26430994,-0.029935857
-0.08118904,-0.06036061,-0.023648502,-0.11667144,-0.195068,-0.02978284,-0.054642975,-0.2669739,-0.04027526,0.018653154,-0.24478447,-0.04505514,-0.1016044,-0.28046894,0.0142718395,-0.11003673,-0.3933286,-0.021159308,-0.11917502,-0.32357085,-0.041522685,-0.11190498,-0.27195477,-0.05042462,-0.052180946,-0.2922309,0.008197153,-0.054419637,-0.4127103,-0.030084081,-0.0704869,-0.3313642,-0.04122396,-0.06338751,-0.28606653,-0.03649607,-0.0028928518,-0.28352612,-0.007110188,0.005814016,-0.41085097,-0.039210685,-0.019435704,-0.33769837,-0.038610745,-0.019556522,-0.2900167,-0.027879937,0.046346426,-0.2624334,-0.026441643,0.035411417,-0.34119728,-0.043570496,0.0102286935,-0.2971983,-0.041654833,0.010709643,-0.2595598,-0.035199624
-0.085804224,-0.056566954,-0.021353269,-0.13012287,-0.1820336,-0.030896362,-0.08111751,-0.24821967,-0.045967944,-0.012001276,-0.20975113,-0.057440337,-0.08906251,-0.28382248,0.008568964,-0.09287113,-0.40449473,-0.028769448,-0.113408685,-0.35148534,-0.052960627,-0.1124692,-0.29347765,-0.064631544,-0.041583598,-0.28972435,2.9177934e-06,-0.04140234,-0.4180686,-0.040735707,-0.06603843,-0.3484732,-0.055733692,-0.062788844,-0.28882402,-0.054290287,0.0039047003,-0.2778468,-0.01679015,0.011901796,-0.41531533,-0.048334982,-0.01746875,-0.3491616,-0.050242357,-0.019523442,-0.28363973,-0.0415427,0.0487507,-0.2518307,-0.0374029,0.037913322,-0.33663058,-0.05275369,0.010871053,-0.3008647,-0.051663853,0.009759307,-0.25817358,-0.046253495
-0.082748055,-0.05023229,-0.026698172,-0.13324589,-0.1753071,-0.041646186,-0.09262496,-0.2512977,-0.06099896,-0.022818804,-0.2164905,-0.07582802,-0.08070779,-0.2991293,-0.00037251113,-0.07806754,-0.4183585,-0.04110707,-0.09631425,-0.3628587,-0.06796798,-0.09703767,-0.30133873,-0.08182612,-0.03221649,-0.2976585,-0.008225986,-0.027961433,-0.41740328,-0.05257473,-0.0519284,-0.3412647,-0.06803495,-0.052453518,-0.2802211,-0.066912,0.013272345,-0.27824223,-0.02458222,0.030018926,-0.41094738,-0.059199687,-0.0005784631,-0.3397485,-0.058605257,-0.00971359,-0.27209646,-0.048108976,0.05863017,-0.2429604,-0.045284104,0.05811858,-0.3275057,-0.06396306,0.030768573,-0.2858094,-0.061797604,0.022838712,-0.23988503,-0.055115853
-0.08643752,-0.045782745,-0.027004723,-0.14136028,-0.1785515,-0.037929676,-0.10381812,-0.26212007,-0.05262649,-0.03336197,-0.22773069,-0.061999615,-0.08190441,-0.29863912,0.003624184,-0.0761475,-0.41704965,-0.03391369,-0.09084624,-0.3576008,-0.05771773,-0.09100646,-0.29515707,-0.069529295,-0.032747984,-0.30003357,-0.0025265636,-0.025799692,-0.4176032,-0.04367608,-0.04621929,-0.3381381,-0.055731565,-0.04704702,-0.27704257,-0.051532894,0.013901472,-0.2816335,-0.017491573,0.030561805,-0.40806788,-0.049531043,0.0037240982,-0.3370921,-0.047651637,-0.0057044625,-0.27192056,-0.036374856,0.060554147,-0.2450527,-0.036960147,0.06178361,-0.3211959,-0.05441137,0.03575045,-0.27927274,-0.052292977,0.026005685,-0.23588115,-0.04569632
-0.08786577,-0.047167063,-0.026670625,-0.14613724,-0.18246114,-0.0348984,-0.114764154,-0.26762915,-0.046863534,-0.045794487,-0.22953099,-0.05249125,-0.08184677,-0.29532284,0.0074368212,-0.076663494,-0.41440165,-0.02948552,-0.091362715,-0.3494804,-0.051284652,-0.092526555,-0.28996044,-0.061705224,-0.03361553,-0.2974345,0.0017139486,-0.028367698,-0.41442084,-0.038535018,-0.04703015,-0.33132857,-0.048308533,-0.046049535,-0.27646565,-0.042114787,0.01294291,-0.27890092,-0.01324522,0.02999264,-0.40401322,-0.04455258,0.004281223,-0.33250386,-0.040625047,-0.004981935,-0.27505565,-0.027792325,0.058545828,-0.24082202,-0.032891273,0.0642038,-0.31724834,-0.048811343,0.037644207,-0.2764601,-0.045478404,0.02646035,-0.23773474,-0.038171567
-0.09038794,-0.05057627,-0.025212282,-0.1510616,-0.18241775,-0.03348317,-0.12274909,-0.2690013,-0.045720477,-0.05465561,-0.23514742,-0.051656425,-0.089506686,-0.30016887,0.012119567,-0.083694935,-0.4191369,-0.02450069,-0.09791255,-0.35965553,-0.049369402,-0.10084015,-0.29953545,-0.06218999,-0.040906727,-0.30295396,0.005782091,-0.036109746,-0.4234215,-0.03640534,-0.05343592,-0.34644476,-0.05158605,-0.05355555,-0.283764,-0.048558928,0.005810797,-0.2853256,-0.00954752,0.020075798,-0.41299134,-0.041521393,-0.0019029975,-0.34983885,-0.042747635,-0.00977689,-0.28701925,-0.032721743,0.052288473,-0.24703085,-0.029377963,0.053890646,-0.3218382,-0.046959486,0.030620515,-0.29180264,-0.047683716,0.020981908,-0.25623345,-0.042605564
-0.085202456,-0.04967016,-0.021142662,-0.1406278,-0.17298234,-0.029679209,-0.10285133,-0.25163847,-0.043121472,-0.03437096,-0.22250724,-0.051734235,-0.09530383,-0.28542215,0.010458648,-0.10062969,-0.39896607,-0.026377203,-0.11533278,-0.3351903,-0.04999015,-0.11259478,-0.2778995,-0.06143238,-0.0487985,-0.29290384,0.002234981,-0.054239273,-0.41396677,-0.040059816,-0.07097155,-0.33718833,-0.055319443,-0.065948844,-0.2743886,-0.052539233,-0.0036312342,-0.28252095,-0.014178584,-0.0019681454,-0.41488427,-0.0482105,-0.024201512,-0.34678137,-0.051124185,-0.0255,-0.27918273,-0.041661594,0.04175836,-0.25485617,-0.034127932,0.02575022,-0.3333729,-0.054587737,0.0008368492,-0.2937932,-0.056530714,-0.0022258162,-0.24715602,-0.051672768
-0.08417827,-0.051745117,-0.023862813,-0.13798258,-0.17603487,-0.034459416,-0.09749961,-0.25557208,-0.049511313,-0.02524525,-0.22475767,-0.06027836,-0.094092906,-0.28277546,0.0054554637,-0.09887117,-0.39643258,-0.033162642,-0.11527118,-0.3319785,-0.05912541,-0.11357468,-0.27017522,-0.07232535,-0.047876596,-0.2916916,-0.0020952101,-0.05319673,-0.41570637,-0.04439897,-0.07198799,-0.34094772,-0.061083075,-0.06753951,-0.2759347,-0.060312964,-0.0020574927,-0.28186136,-0.017893929,0.0006278157,-0.41882902,-0.053529684,-0.02352631,-0.3501206,-0.05860697,-0.025027215,-0.2775849,-0.05093439,0.043959856,-0.25488603,-0.037294548,0.028210461,-0.33700094,-0.060886033,0.003133893,-0.29469126,-0.06459277,0.00028538704,-0.24174005,-0.060907494
-0.087284505,-0.058849096,-0.018253192,-0.13074869,-0.18733919,-0.025152445,-0.07628214,-0.2595653,-0.037380118,-0.0010161996,-0.22480112,-0.046513837,-0.098725975,-0.27319527,0.01040965,-0.10798913,-0.3898351,-0.024764396,-0.12642282,-0.33031595,-0.047549296,-0.123229116,-0.27308315,-0.058923252,-0.051405072,-0.28478158,0.00131679,-0.05944705,-0.41301262,-0.0388905,-0.08124435,-0.34163553,-0.055649873,-0.074783504,-0.28231007,-0.055201776,-0.0039921403,-0.27782893,-0.015258123,-0.008518398,-0.4143945,-0.048344813,-0.03425485,-0.34409076,-0.05472385,-0.03104198,-0.27922636,-0.048587237,0.04297179,-0.2569942,-0.034852304,0.012328625,-0.3285305,-0.055296037,-0.01343888,-0.28743553,-0.059626076,-0.008653045,-0.24556082,-0.057285752
-0.082455516,-0.057507038,-0.016530698,-0.12311539,-0.1810903,-0.023403825,-0.07654858,-0.25382715,-0.036337897,-0.012750804,-0.22747701,-0.04512497,-0.10345882,-0.26974684,0.011560728,-0.11522514,-0.38338655,-0.02496213,-0.12349439,-0.32054222,-0.047448494,-0.117001384,-0.26630658,-0.058019068,-0.05574429,-0.28046805,0.0005349631,-0.06263226,-0.408284,-0.04105206,-0.07567066,-0.33364356,-0.056375735,-0.06862837,-0.27700025,-0.054317594,-0.0066328645,-0.27173895,-0.01811554,-0.0044130683,-0.40603298,-0.05134649,-0.025310457,-0.34066916,-0.055024218,-0.024201393,-0.2826839,-0.04699013,0.04192424,-0.24789643,-0.039818984,0.024882734,-0.32121414,-0.057477474,-0.0003452301,-0.29201758,-0.05921717,-0.0017596483,-0.2594992,-0.055544242
-0.08245039,-0.06234175,-0.01977843,-0.115829796,-0.1921587,-0.024445629,-0.06092584,-0.2705739,-0.0342315,0.00731951,-0.25278556,-0.038530774,-0.10888922,-0.26806372,0.017943716,-0.12158626,-0.37644643,-0.015743619,-0.12512994,-0.31205118,-0.03689493,-0.11621642,-0.26334488,-0.04674817,-0.05933124,-0.2803712,0.010189712,-0.06516087,-0.40435228,-0.028931716,-0.077567935,-0.3289988,-0.043918494,-0.071716785,-0.27891815,-0.04120123,-0.009016275,-0.27269262,-0.0059264256,-0.003534913,-0.39756954,-0.037672497,-0.025712669,-0.33181942,-0.04251548,-0.026809633,-0.27909875,-0.034789048,0.039916873,-0.2517084,-0.025577465,0.027198017,-0.32344705,-0.042340674,0.0017098188,-0.29551834,-0.045489237,-0.0009804964,-0.26592928,-0.042651232
-0.07344204,-0.057361245,-0.019645711,-0.10720819,-0.18684912,-0.024907446,-0.05057943,-0.26209033,-0.03525175,0.020098388,-0.25668317,-0.041115835,-0.10507476,-0.25889403,0.01420702,-0.12315202,-0.36949557,-0.018457364,-0.12679857,-0.3048712,-0.038415544,-0.11789808,-0.25541717,-0.047593925,-0.05904758,-0.27596438,0.007152931,-0.07356042,-0.39604366,-0.028494503,-0.08156413,-0.31724387,-0.0409185,-0.07194406,-0.26785415,-0.03798259,-0.009371102,-0.27342063,-0.007892671,-0.013621807,-0.403464,-0.03697557,-0.031841516,-0.33155334,-0.036754128,-0.030009747,-0.27876812,-0.026993677,0.041361213,-0.25915134,-0.026430758,0.024518311,-0.34007356,-0.04162001,0.0047314167,-0.30192327,-0.03928001,0.0062962174,-0.2669468,-0.032985095
-0.071977675,-0.052736342,-0.019450199,-0.10783452,-0.1795854,-0.02572445,-0.052218497,-0.25370252,-0.036863856,0.018756568,-0.24972683,-0.043462973,-0.106392324,-0.24921596,0.0076322607,-0.12706634,-0.36150762,-0.025802122,-0.1276043,-0.29739904,-0.044981882,-0.11605868,-0.25025243,-0.053533927,-0.060518265,-0.26887918,0.00034290238,-0.07599193,-0.38814723,-0.034384493,-0.08341622,-0.31018448,-0.044400293,-0.0728001,-0.26578134,-0.040583584,-0.011660755,-0.26941586,-0.014516505,-0.016536295,-0.39842096,-0.04308325,-0.034435034,-0.3262357,-0.04036371,-0.030837834,-0.27703404,-0.029415408,0.038298845,-0.25895947,-0.03286687,0.021122336,-0.34186012,-0.04697832,0.0011984706,-0.30294538,-0.04247384,0.004501164,-0.26876467,-0.034969382
-0.07311267,-0.053531587,-0.021484092,-0.10965675,-0.18157327,-0.027022488,-0.05232638,-0.25832266,-0.036900334,0.020032287,-0.25322604,-0.04134302,-0.110304,-0.24993038,0.010175047,-0.12848029,-0.36227265,-0.02401683,-0.1298495,-0.2938043,-0.04264174,-0.119146675,-0.24841952,-0.05053256,-0.06410426,-0.26905102,0.0044204663,-0.07814258,-0.38811004,-0.031915363,-0.08643925,-0.30767858,-0.04149502,-0.076238394,-0.2668196,-0.036571335,-0.014525712,-0.26991248,-0.009647912,-0.018967986,-0.39694613,-0.039377358,-0.03725475,-0.3239414,-0.036426958,-0.033418834,-0.2786888,-0.024776272,0.036700368,-0.2608351,-0.02748779,0.018180668,-0.3414429,-0.042638958,-0.0015060902,-0.30161655,-0.03917085,0.002810061,-0.26904213,-0.031979218
-0.07311267,-0.053531587,-0.021484092,-0.10965675,-0.18157327,-0.027022488,-0.05232638,-0.25832266,-0.036900334,0.020032287,-0.25322604,-0.04134302,-0.110304,-0.24993038,0.010175047,-0.12848029,-0.36227265,-0.02401683,-0.1298495,-0.2938043,-0.04264174,-0.119146675,-0.24841952,-0.05053256,-0.06410426,-0.26905102,0.0044204663,-0.07814258,-0.38811004,-0.031915363,-0.08643925,-0.30767858,-0.04149502,-0.076238394,-0.2668196,-0.036571335,-0.014525712,-0.26991248,-0.009647912,-0.018967986,-0.39694613,-0.039377358,-0.03725475,-0.3239414,-0.036426958,-0.033418834,-0.2786888,-0.024776272,0.036700368,-0.2608351,-0.02748779,0.018180668,-0.3414429,-0.042638958,-0.0015060902,-0.30161655,-0.03917085,0.002810061,-0.26904213,-0.031979218
-0.07982969,-0.047664225,-0.021898603,-0.12395275,-0.17167485,-0.031609148,-0.07239467,-0.24338865,-0.04568074,0.0013090968,-0.21917117,-0.05553332,-0.09582496,-0.26598018,-0.00048204686,-0.10615745,-0.37951714,-0.039887626,-0.12417057,-0.31288248,-0.06165565,-0.11871752,-0.25981367,-0.07101969,-0.05037844,-0.2771666,-0.008539907,-0.057465017,-0.40238112,-0.049688544,-0.08113891,-0.3262815,-0.06074449,-0.074228704,-0.27708036,-0.05625404,-0.0041398406,-0.2700839,-0.02450918,-0.0027592778,-0.40373862,-0.05820067,-0.032612443,-0.3342485,-0.05812481,-0.031565905,-0.2808407,-0.04777278,0.04217547,-0.24953735,-0.0439047,0.023940265,-0.3349815,-0.06061968,-0.0039463043,-0.2945434,-0.05799279,-0.0019034147,-0.2550999,-0.05123815
-0.08435732,-0.046635866,-0.023768732,-0.1410693,-0.16848141,-0.036418915,-0.10468483,-0.25463533,-0.053886198,-0.031873405,-0.23175526,-0.06640724,-0.10131413,-0.28436613,0.002948494,-0.10850239,-0.40120292,-0.036593687,-0.1258887,-0.33602524,-0.061861664,-0.122935146,-0.27902526,-0.07405764,-0.055174112,-0.29297328,-0.0048766267,-0.060641944,-0.41682836,-0.04663921,-0.08060306,-0.34030467,-0.060682796,-0.074013114,-0.2827649,-0.058058735,-0.00935322,-0.28473878,-0.020871822,-0.0039725304,-0.41795102,-0.052917495,-0.03148997,-0.35520378,-0.054313466,-0.03227091,-0.29255927,-0.0445967,0.037501097,-0.261245,-0.040893637,0.02651918,-0.35574222,-0.054226544,-0.0015442371,-0.32626188,-0.051624537,-0.005170405,-0.28355205,-0.044935726
-0.08653271,-0.042545557,-0.023331983,-0.14425829,-0.16562986,-0.034522228,-0.11268026,-0.25490993,-0.050685115,-0.041787684,-0.22947955,-0.061479673,-0.09970683,-0.28787547,0.007909114,-0.103102565,-0.40312883,-0.031105923,-0.12204558,-0.34486288,-0.05683628,-0.12143549,-0.28613794,-0.06986591,-0.05314809,-0.2955221,-0.00021921312,-0.05786705,-0.41684207,-0.041548625,-0.078710794,-0.3465176,-0.056091078,-0.07213724,-0.28884536,-0.054595258,-0.0075918436,-0.28465617,-0.017059917,-0.0013846159,-0.4178986,-0.04930233,-0.02955997,-0.35761872,-0.049983785,-0.031633794,-0.29508722,-0.040425748,0.039519608,-0.25841242,-0.038101923,0.026098728,-0.3485978,-0.053745296,-0.0009545088,-0.31871933,-0.052472424,-0.0046036243,-0.2776134,-0.04677818
-0.08651638,-0.042881966,-0.02322499,-0.14655146,-0.16347271,-0.034099676,-0.122950315,-0.25640714,-0.050283782,-0.05375129,-0.23552561,-0.06074712,-0.098552346,-0.29049355,0.010795071,-0.10233879,-0.40937406,-0.027927743,-0.11875278,-0.3488819,-0.053368382,-0.117874175,-0.28992236,-0.06597287,-0.052880287,-0.2977575,0.0025906188,-0.058258593,-0.42142135,-0.038443368,-0.07698804,-0.34863335,-0.052275337,-0.07101035,-0.2909773,-0.049881183,-0.007720828,-0.28691167,-0.014538325,-0.0021185875,-0.41992763,-0.046739824,-0.02905339,-0.35705957,-0.046017133,-0.0318349,-0.2939406,-0.034948274,0.03933239,-0.26003665,-0.03599698,0.027223468,-0.35205606,-0.05057661,0.00061529875,-0.32127953,-0.047729272,-0.004053414,-0.27927053,-0.04069146
-0.08651638,-0.042881966,-0.02322499,-0.14655146,-0.16347271,-0.034099676,-0.122950315,-0.25640714,-0.050283782,-0.05375129,-0.23552561,-0.06074712,-0.098552346,-0.29049355,0.010795071,-0.10233879,-0.40937406,-0.027927743,-0.11875278,-0.3488819,-0.053368382,-0.117874175,-0.28992236,-0.06597287,-0.052880287,-0.2977575,0.0025906188,-0.058258593,-0.42142135,-0.038443368,-0.07698804,-0.34863335,-0.052275337,-0.07101035,-0.2909773,-0.049881183,-0.007720828,-0.28691167,-0.014538325,-0.0021185875,-0.41992763,-0.046739824,-0.02905339,-0.35705957,-0.046017133,-0.0318349,-0.2939406,-0.034948274,0.03933239,-0.26003665,-0.03599698,0.027223468,-0.35205606,-0.05057661,0.00061529875,-0.32127953,-0.047729272,-0.004053414,-0.27927053,-0.04069146
-0.08337778,-0.036822677,-0.021254312,-0.14192325,-0.15452468,-0.031824395,-0.12411675,-0.24541438,-0.047818247,-0.061590254,-0.22971565,-0.05862619,-0.089855134,-0.28631014,0.008012641,-0.09478706,-0.40336937,-0.02988733,-0.11126608,-0.34344947,-0.054808237,-0.10976452,-0.2824915,-0.06730886,-0.04467845,-0.29307663,-0.001516828,-0.050036192,-0.41657996,-0.042252492,-0.07042658,-0.34454498,-0.056040846,-0.065346,-0.28422105,-0.0539866,-0.00020849705,-0.28086126,-0.019217018,0.0050053596,-0.41594613,-0.051231716,-0.022251606,-0.353231,-0.048836272,-0.024994075,-0.2898767,-0.03713106,0.04604602,-0.25172704,-0.040988717,0.035443604,-0.34249887,-0.05692306,0.008876443,-0.31193757,-0.053393945,0.0036667585,-0.27014965,-0.04582518
-0.08821589,-0.04927832,-0.023819648,-0.1450063,-0.1742962,-0.034758195,-0.10958058,-0.2596535,-0.051005296,-0.040050685,-0.23410982,-0.061708383,-0.10219246,-0.29239047,0.010471722,-0.107682824,-0.40977183,-0.029441077,-0.12298694,-0.34105128,-0.05564966,-0.12035298,-0.2844512,-0.068710335,-0.05546224,-0.2985018,0.0019135711,-0.058690906,-0.42261255,-0.041615807,-0.07791859,-0.3444962,-0.057631407,-0.07423878,-0.2880906,-0.056029946,-0.009205639,-0.2871611,-0.015590616,-0.0034853816,-0.42038244,-0.04942059,-0.029006124,-0.35352024,-0.050506644,-0.03137493,-0.2916429,-0.04032787,0.037854254,-0.26002204,-0.037366915,0.026447892,-0.34834924,-0.052498274,0.00038588047,-0.313774,-0.049998257,-0.0030587912,-0.27115083,-0.043142423
-0.08012432,-0.045679092,-0.020729713,-0.124068946,-0.16927505,-0.029015064,-0.077735126,-0.241898,-0.04186171,-0.007483661,-0.21223772,-0.050785992,-0.098729014,-0.26787442,0.0039157677,-0.11321467,-0.37813872,-0.030543368,-0.122933656,-0.31433344,-0.051693913,-0.11695281,-0.26002342,-0.061985064,-0.05076456,-0.28217304,-0.0041154134,-0.06144142,-0.4059859,-0.04064425,-0.0756616,-0.33119792,-0.05193522,-0.06813377,-0.27678788,-0.048812192,-0.0017981529,-0.27554172,-0.019720305,-0.00011622906,-0.4072554,-0.049753383,-0.023252547,-0.3435082,-0.051298123,-0.02387309,-0.28723675,-0.04305496,0.04658079,-0.2534569,-0.038696628,0.034394383,-0.33827987,-0.054025155,0.010287285,-0.30522072,-0.05272739,0.008795381,-0.26537633,-0.047587827
-0.08717042,-0.051724494,-0.021114135,-0.12716213,-0.18125808,-0.025705524,-0.07121199,-0.2564242,-0.03503881,0.0012549758,-0.23646533,-0.03994339,-0.111147165,-0.25829095,0.010828972,-0.12752962,-0.3705271,-0.02082207,-0.1304419,-0.30624205,-0.040565062,-0.12150651,-0.2580617,-0.05056851,-0.06207949,-0.2794919,0.0044108764,-0.07341492,-0.40531033,-0.029539151,-0.08389604,-0.3301977,-0.03985083,-0.07480413,-0.2785188,-0.036500838,-0.011947155,-0.2785275,-0.010070391,-0.01132381,-0.411705,-0.03884689,-0.03138566,-0.34245145,-0.038756005,-0.028429389,-0.28384948,-0.029506816,0.038841367,-0.2627309,-0.028373173,0.025004447,-0.34725478,-0.045094837,0.002099514,-0.3105623,-0.04460999,0.0028752685,-0.2679478,-0.039857898
-0.076931655,-0.053930342,-0.023261521,-0.11367527,-0.17981684,-0.028825132,-0.05710405,-0.26252443,-0.038489595,0.015000522,-0.26373833,-0.04203453,-0.12038389,-0.23883003,0.011714754,-0.13535598,-0.34674796,-0.020194026,-0.12735957,-0.27350473,-0.037992522,-0.11588019,-0.23301816,-0.046769906,-0.07011694,-0.2635687,0.0062846746,-0.082674205,-0.3837392,-0.02941303,-0.08231032,-0.2987399,-0.038442753,-0.07383382,-0.2554888,-0.033364236,-0.01779455,-0.26880932,-0.007590342,-0.020924091,-0.39524543,-0.037149996,-0.032670975,-0.31761318,-0.03317168,-0.030909896,-0.2688831,-0.020912971,0.034882545,-0.26294523,-0.025510138,0.01788038,-0.33836243,-0.041132864,0.0014135242,-0.2952646,-0.037819214,0.003688991,-0.2601608,-0.031003276
-0.0753535,-0.05130434,-0.025020298,-0.113173366,-0.17978984,-0.030133639,-0.055866838,-0.2591582,-0.03856804,0.017024994,-0.25602293,-0.040002067,-0.1202378,-0.24394286,0.009983315,-0.13806495,-0.3471747,-0.02092699,-0.1305762,-0.27101928,-0.036782257,-0.11862409,-0.23570943,-0.044710662,-0.071374655,-0.26922947,0.0059786974,-0.08812791,-0.3805437,-0.028070033,-0.08807415,-0.29427296,-0.033469543,-0.07728404,-0.25825894,-0.026336674,-0.019851029,-0.27455378,-0.0067425156,-0.026761293,-0.39848688,-0.03603389,-0.037251472,-0.3186149,-0.02914508,-0.031906128,-0.27488583,-0.015323905,0.033320367,-0.2686513,-0.023727216,0.016631782,-0.34186697,-0.041207846,0.0019854307,-0.29451406,-0.03748264,0.007900596,-0.26046395,-0.029984249
-0.07462096,-0.051853776,-0.022074014,-0.1106804,-0.17980313,-0.026943423,-0.054439723,-0.26077914,-0.035496168,0.019024491,-0.2577399,-0.037912842,-0.11658108,-0.23987263,0.009547155,-0.13351473,-0.34709385,-0.021295248,-0.12840515,-0.27480584,-0.03763411,-0.117774606,-0.23612642,-0.045529965,-0.06805712,-0.26490307,0.004375169,-0.08320421,-0.38064447,-0.028683225,-0.084852755,-0.29738462,-0.035214223,-0.07551658,-0.25866657,-0.029082255,-0.016394734,-0.2699411,-0.0088827545,-0.021996558,-0.3957221,-0.036384016,-0.03464842,-0.31975168,-0.030925587,-0.031531334,-0.27460015,-0.018374838,0.036598444,-0.26343393,-0.0260146,0.020041108,-0.34104246,-0.04151243,0.004072666,-0.2965458,-0.037532754,0.008144379,-0.26054478,-0.03019597
-0.08021581,-0.048021734,-0.02482402,-0.12266043,-0.17594129,-0.033660203,-0.06463206,-0.25284785,-0.045870014,0.012932539,-0.24108052,-0.053169593,-0.10592091,-0.25844413,-0.0008970753,-0.11925304,-0.37191445,-0.035130728,-0.1270568,-0.301579,-0.054646347,-0.11980769,-0.25312495,-0.06415092,-0.05671251,-0.27643937,-0.005798448,-0.06635988,-0.3989088,-0.041619714,-0.08066541,-0.31851715,-0.05172063,-0.07351267,-0.2690733,-0.048436634,-0.0061719418,-0.27515048,-0.018300155,-0.0025776625,-0.40988755,-0.047478464,-0.02661711,-0.34014037,-0.046786603,-0.026987672,-0.28365403,-0.037731837,0.043854594,-0.25997883,-0.034581475,0.02995658,-0.34613323,-0.04964383,0.0061151385,-0.30731583,-0.047126483,0.0071751475,-0.266317,-0.041366823
-0.07864326,-0.04224336,-0.026324637,-0.122733265,-0.16564322,-0.038623914,-0.068584025,-0.2427119,-0.053948507,0.010634422,-0.23285806,-0.065043435,-0.09620559,-0.2658128,-0.006749528,-0.109455466,-0.38172415,-0.043814987,-0.12425226,-0.31723487,-0.06595452,-0.11794698,-0.26004446,-0.07630818,-0.046487987,-0.27921498,-0.012215066,-0.055974245,-0.40610895,-0.050685614,-0.07621485,-0.33173668,-0.06291596,-0.06803173,-0.27505153,-0.060352907,0.0029287934,-0.27292317,-0.025154348,0.0073031783,-0.41103294,-0.05713473,-0.020758867,-0.34853733,-0.05920396,-0.020472646,-0.29074126,-0.051214844,0.051614285,-0.2516237,-0.041612186,0.037710547,-0.34157002,-0.058874518,0.012325108,-0.3066715,-0.057200357,0.013953447,-0.2656021,-0.051398795
-0.08272582,-0.03556472,-0.029853882,-0.13774958,-0.15166777,-0.044586804,-0.10187018,-0.2416811,-0.062755905,-0.025367618,-0.2358172,-0.07585583,-0.09359902,-0.28148103,-0.0003599661,-0.097560585,-0.39808244,-0.03762996,-0.114070475,-0.34617338,-0.06273708,-0.11386448,-0.28667784,-0.075553164,-0.044974267,-0.29216635,-0.0052974266,-0.046622634,-0.41637552,-0.043681666,-0.06604737,-0.3537085,-0.057909455,-0.06379813,-0.29301828,-0.057299096,0.0026977658,-0.28270876,-0.01888622,0.013150036,-0.41752857,-0.05087727,-0.010740936,-0.36534834,-0.053861633,-0.016294181,-0.30234313,-0.04671042,0.051017344,-0.25608033,-0.036874894,0.047125638,-0.34736454,-0.05603471,0.025591671,-0.3186779,-0.056505553,0.01965195,-0.27244866,-0.051884457
-0.08171064,-0.037655294,-0.029765654,-0.13919255,-0.15093619,-0.046054497,-0.106235206,-0.24242038,-0.0658055,-0.028598905,-0.24154723,-0.080209844,-0.09081477,-0.28406918,-0.0027017568,-0.09493625,-0.40132338,-0.041927364,-0.11295825,-0.34439817,-0.06769204,-0.112811446,-0.28531998,-0.08080116,-0.041363,-0.2932889,-0.008321092,-0.042645216,-0.41968068,-0.048287272,-0.06487876,-0.35217938,-0.062039766,-0.063244104,-0.29263115,-0.06093927,0.006787896,-0.28291684,-0.022542607,0.017597854,-0.42031598,-0.055595234,-0.009314716,-0.36398488,-0.05658935,-0.015852451,-0.30070823,-0.04769989,0.05514115,-0.25447214,-0.041132938,0.05040735,-0.34807864,-0.060189262,0.026457012,-0.31927258,-0.05935406,0.019759357,-0.27411765,-0.05361389
-0.08485359,-0.03763908,-0.029238295,-0.14323488,-0.15409815,-0.044380542,-0.10981369,-0.24704659,-0.0632198,-0.033459008,-0.24349004,-0.076408565,-0.09396088,-0.28736997,0.00015679203,-0.09739345,-0.4044057,-0.0393616,-0.11442205,-0.34395936,-0.06544813,-0.11294711,-0.2826625,-0.078733146,-0.043515265,-0.29656404,-0.0057095247,-0.043585777,-0.42264563,-0.04675568,-0.06557548,-0.35231298,-0.061225783,-0.06338632,-0.2914428,-0.06012079,0.004964471,-0.28671098,-0.020358084,0.01756376,-0.42415553,-0.05413007,-0.010118365,-0.3650725,-0.055057265,-0.017069161,-0.30060852,-0.0457622,0.053132772,-0.25813705,-0.039458863,0.05018896,-0.35124096,-0.058679804,0.025137365,-0.31975186,-0.05776903,0.017714858,-0.27376974,-0.051881675
-0.0855363,-0.038041353,-0.030444134,-0.1429849,-0.15398353,-0.04571811,-0.109086394,-0.2452789,-0.06457,-0.03265959,-0.24136448,-0.07781258,-0.09709716,-0.2847538,0.0015717669,-0.10075927,-0.40092885,-0.038543362,-0.116755605,-0.34029284,-0.065156944,-0.11578745,-0.2816121,-0.07873268,-0.046752214,-0.29494303,-0.0040324703,-0.047025323,-0.4201094,-0.04631509,-0.06694877,-0.34885418,-0.061814908,-0.06468356,-0.2902543,-0.06092623,0.001796186,-0.28609592,-0.018733751,0.013447821,-0.42098758,-0.053731646,-0.012690306,-0.35948387,-0.055431094,-0.0192976,-0.2967342,-0.046178523,0.05087155,-0.25906044,-0.037971657,0.047604263,-0.34988347,-0.057516843,0.023996651,-0.31582916,-0.05673003,0.01752007,-0.2707035,-0.050788254
-0.08602953,-0.040817797,-0.028797831,-0.14153314,-0.15986586,-0.04321433,-0.10559732,-0.24944913,-0.061416883,-0.032762825,-0.23878431,-0.074078985,-0.0959447,-0.28685015,0.0024573463,-0.09633803,-0.40258712,-0.036471184,-0.11179638,-0.34302542,-0.062949345,-0.111331254,-0.284657,-0.07666767,-0.045656443,-0.29512846,-0.0034178735,-0.044991493,-0.4185128,-0.044099517,-0.0645057,-0.34888285,-0.05931566,-0.06236881,-0.29000503,-0.05889143,0.0025199056,-0.28487957,-0.018158909,0.014754951,-0.4186979,-0.05157262,-0.011898518,-0.35932156,-0.053515177,-0.019020438,-0.29525054,-0.044939276,0.050584614,-0.2573787,-0.037333377,0.046555102,-0.34860048,-0.05567552,0.020898044,-0.31793147,-0.055102993,0.012323499,-0.27273864,-0.0496612
-0.08306342,-0.047935605,-0.023811435,-0.13304177,-0.17674655,-0.035014816,-0.09381777,-0.26365,-0.05095484,-0.022738278,-0.2414226,-0.061510645,-0.09138638,-0.2918989,0.0063292887,-0.09243566,-0.40759683,-0.03123629,-0.109938234,-0.34249708,-0.056090496,-0.10888398,-0.28469658,-0.06910382,-0.04243034,-0.30058587,-0.0017441678,-0.040892243,-0.42373282,-0.041628346,-0.062178075,-0.34964925,-0.055774156,-0.05932802,-0.29298592,-0.054501493,0.004772842,-0.28973687,-0.018151626,0.018008888,-0.4235486,-0.04863347,-0.010277092,-0.35972986,-0.048098594,-0.01637441,-0.29818016,-0.03862505,0.051501215,-0.2617857,-0.03887578,0.04833412,-0.35156146,-0.053017408,0.021276474,-0.31819934,-0.050169475,0.014646888,-0.27564645,-0.0440452
-0.08236396,-0.04593557,-0.023960643,-0.1333549,-0.17663932,-0.034680497,-0.09326023,-0.26264447,-0.04976159,-0.021161854,-0.23728901,-0.0595191,-0.091596186,-0.28952765,0.004966996,-0.091352224,-0.40482658,-0.032651316,-0.108992994,-0.34146607,-0.057296086,-0.108673155,-0.28301978,-0.06987875,-0.042442203,-0.29799503,-0.002663888,-0.04046458,-0.4223443,-0.04240227,-0.061840773,-0.35148254,-0.056253128,-0.05931312,-0.2939089,-0.05447939,0.0048191547,-0.2864986,-0.01857667,0.01706022,-0.4202025,-0.049208377,-0.0112268925,-0.35893148,-0.04983592,-0.01736617,-0.2971412,-0.04089036,0.0514161,-0.25785834,-0.038683865,0.045250237,-0.3457932,-0.053646248,0.017498791,-0.3155982,-0.052226122,0.010558605,-0.27454817,-0.046868157
-0.08425063,-0.04383701,-0.0254048,-0.13928437,-0.17541504,-0.03581375,-0.10341632,-0.27064115,-0.050684232,-0.02934277,-0.24564856,-0.059584733,-0.09448928,-0.2926023,0.010594141,-0.09436488,-0.4057247,-0.027168568,-0.109951735,-0.34307635,-0.052882604,-0.1089094,-0.28549337,-0.06618904,-0.044810057,-0.3000725,0.0036791493,-0.04331869,-0.42463452,-0.0383837,-0.06319666,-0.35398996,-0.054746587,-0.06105584,-0.29311568,-0.05347689,0.002746284,-0.2886063,-0.012190027,0.014532566,-0.42302722,-0.04510273,-0.012944102,-0.36608845,-0.048815645,-0.02004224,-0.30286634,-0.040538438,0.049381375,-0.26002353,-0.03241304,0.03919381,-0.34925717,-0.049723446,0.011520684,-0.32266563,-0.051439714,0.0036202073,-0.2809121,-0.047456965
-0.08466864,-0.043799102,-0.024237864,-0.13860297,-0.17282236,-0.03513618,-0.10486251,-0.26572293,-0.050772913,-0.032665074,-0.24662954,-0.06120803,-0.09266609,-0.28959846,0.009076896,-0.09055358,-0.40532184,-0.027612966,-0.10887143,-0.35351655,-0.053561784,-0.10971996,-0.29615116,-0.0672388,-0.043329954,-0.2978639,0.0015529579,-0.040299952,-0.42460194,-0.039837018,-0.062188506,-0.3633197,-0.057733692,-0.06001401,-0.30066526,-0.058083083,0.003089428,-0.28694338,-0.014277349,0.015052736,-0.4233076,-0.045549996,-0.012276411,-0.3734157,-0.04996098,-0.01782465,-0.30997276,-0.04279442,0.049568415,-0.2590291,-0.03436459,0.04034084,-0.34949422,-0.050644852,0.014126897,-0.33018672,-0.052451305,0.007080972,-0.2917968,-0.048832744
-0.08236927,-0.032987118,-0.024771612,-0.14205709,-0.15322924,-0.035130642,-0.12328762,-0.25026476,-0.050250333,-0.056321323,-0.24474645,-0.06093392,-0.08584696,-0.28487402,0.006905372,-0.08463925,-0.40520638,-0.02870505,-0.09919244,-0.36735958,-0.052935872,-0.098244786,-0.31612414,-0.06545089,-0.03808087,-0.2925374,-0.0009732406,-0.032948673,-0.42264336,-0.03971059,-0.053399146,-0.36530375,-0.05473113,-0.051858068,-0.312083,-0.054265495,0.0073815584,-0.28028393,-0.017127413,0.023291409,-0.41948837,-0.04900472,-0.004308641,-0.3635401,-0.04997984,-0.01223439,-0.3026275,-0.041240588,0.053584874,-0.24949759,-0.03759449,0.053583503,-0.3448453,-0.056537338,0.027336061,-0.3138249,-0.056295395,0.016960084,-0.26845735,-0.05131523
-0.08474946,-0.031659365,-0.02636911,-0.14669436,-0.14534104,-0.038289204,-0.1274342,-0.24338436,-0.054689024,-0.057598352,-0.24455482,-0.06600769,-0.090738654,-0.28146923,0.004337907,-0.091460645,-0.40280315,-0.032855835,-0.10642168,-0.35712892,-0.056033213,-0.102832854,-0.30352217,-0.06654919,-0.042956233,-0.2903608,-0.002263746,-0.04079753,-0.42309064,-0.04051211,-0.060912848,-0.35770935,-0.051293835,-0.055674314,-0.30547726,-0.04700457,0.0034211278,-0.2810998,-0.017605916,0.016288877,-0.42025253,-0.049503475,-0.0113684535,-0.36303505,-0.04797309,-0.015221059,-0.3040908,-0.036572993,0.0503121,-0.25367284,-0.037394695,0.050911605,-0.35589787,-0.05473141,0.02436006,-0.3276171,-0.05249629,0.016756654,-0.28250647,-0.04564551
-0.08474946,-0.031659365,-0.02636911,-0.14669436,-0.14534104,-0.038289204,-0.1274342,-0.24338436,-0.054689024,-0.057598352,-0.24455482,-0.06600769,-0.090738654,-0.28146923,0.004337907,-0.091460645,-0.40280315,-0.032855835,-0.10642168,-0.35712892,-0.056033213,-0.102832854,-0.30352217,-0.06654919,-0.042956233,-0.2903608,-0.002263746,-0.04079753,-0.42309064,-0.04051211,-0.060912848,-0.35770935,-0.051293835,-0.055674314,-0.30547726,-0.04700457,0.0034211278,-0.2810998,-0.017605916,0.016288877,-0.42025253,-0.049503475,-0.0113684535,-0.36303505,-0.04797309,-0.015221059,-0.3040908,-0.036572993,0.0503121,-0.25367284,-0.037394695,0.050911605,-0.35589787,-0.05473141,0.02436006,-0.3276171,-0.05249629,0.016756654,-0.28250647,-0.04564551
-0.080756485,-0.022502422,-0.027786335,-0.14235944,-0.1357261,-0.040567577,-0.1287077,-0.2351389,-0.05801702,-0.0627501,-0.23944283,-0.07097549,-0.081906915,-0.29112744,-0.0014700692,-0.07939923,-0.42203856,-0.04275114,-0.10126042,-0.38055736,-0.0693928,-0.10098854,-0.31906104,-0.081125766,-0.033497274,-0.29997027,-0.009539386,-0.022928357,-0.44991106,-0.055678334,-0.052684188,-0.38761532,-0.07168961,-0.053882003,-0.31836838,-0.06832918,0.012185752,-0.2908584,-0.025933579,0.028780341,-0.4318286,-0.061045103,-0.0059592724,-0.3766505,-0.06445381,-0.012225926,-0.309511,-0.054627493,0.059243023,-0.26669443,-0.047053825,0.06757444,-0.37919703,-0.064623415,0.03810537,-0.35436416,-0.06454122,0.029056787,-0.30263358,-0.058621924
-0.089639366,-0.034559965,-0.02809454,-0.15040815,-0.14681423,-0.043735705,-0.13945428,-0.24353427,-0.06363354,-0.07226491,-0.24622554,-0.07977748,-0.07777643,-0.31767887,-0.005032861,-0.0715037,-0.45313686,-0.044771962,-0.09608698,-0.43131375,-0.07655401,-0.100248456,-0.36745885,-0.094521254,-0.026595056,-0.32214612,-0.015013906,-0.0037278533,-0.4814405,-0.058838345,-0.037036538,-0.44742966,-0.08586085,-0.04662645,-0.37534258,-0.09527923,0.018724501,-0.30891025,-0.032355707,0.04501158,-0.44875515,-0.062188916,0.0090402365,-0.42697906,-0.07782523,-0.0032927394,-0.36253533,-0.08170458,0.065629184,-0.27848077,-0.05453077,0.08162737,-0.3927527,-0.07038433,0.05652809,-0.3931588,-0.07818259,0.04373032,-0.3455587,-0.081486456
-0.09032744,-0.037885487,-0.02767078,-0.15083063,-0.15069968,-0.043360446,-0.13884541,-0.24779612,-0.06380466,-0.0707674,-0.24601412,-0.08043679,-0.07934904,-0.32224584,-0.0005295951,-0.0729031,-0.45359892,-0.039429568,-0.09675068,-0.43569142,-0.07165145,-0.10126859,-0.37335393,-0.090084225,-0.028291404,-0.32715523,-0.010574595,-0.0065980554,-0.48226652,-0.052982695,-0.039936364,-0.451403,-0.07930605,-0.04972166,-0.37846273,-0.08838661,0.016676426,-0.31334108,-0.028329168,0.04295963,-0.45082158,-0.056331985,0.00634104,-0.42905593,-0.0698748,-0.0060935616,-0.36397386,-0.07239379,0.063465655,-0.28184998,-0.051281184,0.07972515,-0.3955782,-0.065034494,0.053227603,-0.39491057,-0.07094399,0.039260924,-0.34543657,-0.07290145
-0.08485556,-0.032477796,-0.029401442,-0.14153302,-0.1491862,-0.04728354,-0.11480892,-0.2378152,-0.069680154,-0.03870511,-0.2275176,-0.08783178,-0.07588124,-0.31204802,-0.00935944,-0.07076323,-0.44703898,-0.052335378,-0.099484175,-0.40501687,-0.083276235,-0.10113153,-0.33478928,-0.09936163,-0.02889812,-0.31754178,-0.018532703,-0.0055692196,-0.47551528,-0.06317879,-0.04327905,-0.4216995,-0.082129896,-0.049103975,-0.34763154,-0.08360905,0.013499975,-0.3033203,-0.03570376,0.038820684,-0.44646043,-0.065834254,-0.0021126866,-0.4037193,-0.07210481,-0.012244046,-0.33589607,-0.067681886,0.05835396,-0.27376497,-0.058211558,0.0714311,-0.38934883,-0.07245392,0.040784657,-0.37549928,-0.07345804,0.02961135,-0.32521838,-0.07047716
-0.08337784,-0.029476881,-0.029615993,-0.13974541,-0.1487782,-0.04580652,-0.11257398,-0.23426247,-0.066674896,-0.035585105,-0.21994376,-0.08324184,-0.07545173,-0.3092693,-0.0044588973,-0.070914924,-0.43992117,-0.045813162,-0.1001448,-0.40204716,-0.07527986,-0.10181129,-0.3339131,-0.09011484,-0.030085921,-0.31668198,-0.012800697,-0.011932135,-0.46998417,-0.05641709,-0.04823041,-0.41865188,-0.07413185,-0.05230409,-0.34544858,-0.07394215,0.011468291,-0.3039431,-0.029539993,0.032796383,-0.444852,-0.059756864,-0.005293727,-0.40009102,-0.06449015,-0.012317598,-0.33148843,-0.058110196,0.055506647,-0.27626848,-0.051774085,0.066964746,-0.38994634,-0.06690318,0.038147986,-0.3717746,-0.06724444,0.03022021,-0.3179146,-0.062983386
-0.0827927,-0.039978325,-0.02376286,-0.1318469,-0.16562647,-0.03512579,-0.095384836,-0.24680299,-0.05242676,-0.02140063,-0.22749186,-0.06586149,-0.07562071,-0.30746353,0.0058155437,-0.07771778,-0.43576947,-0.032653555,-0.10222831,-0.388866,-0.060697835,-0.09982538,-0.32300133,-0.07494342,-0.0304991,-0.31558555,-0.004515764,-0.017992735,-0.466373,-0.04686001,-0.04937142,-0.4117638,-0.06540422,-0.049625993,-0.34106135,-0.06578861,0.010173261,-0.3036468,-0.023128467,0.02893281,-0.44605547,-0.05283078,-0.007104337,-0.40006313,-0.05950508,-0.011767685,-0.33350092,-0.054121625,0.052015543,-0.27700335,-0.04662278,0.0592438,-0.39103678,-0.05897184,0.030179858,-0.37314212,-0.059150245,0.024467409,-0.32160795,-0.055322025
-0.08236265,-0.053305805,-0.01720627,-0.1286656,-0.17688745,-0.026276104,-0.08592564,-0.2532624,-0.042716876,-0.018992066,-0.22886115,-0.055185486,-0.0905987,-0.29374748,0.012108863,-0.103292406,-0.4115166,-0.027165493,-0.11785114,-0.33734477,-0.05087092,-0.1078845,-0.28048354,-0.061518252,-0.046720862,-0.30417418,5.1901094e-05,-0.05084634,-0.438245,-0.04207478,-0.06973946,-0.35152996,-0.052861214,-0.060658693,-0.2910195,-0.046786476,-0.0030709505,-0.29639488,-0.020229312,0.0008506179,-0.4341194,-0.051713556,-0.024284959,-0.35364065,-0.044420972,-0.02130723,-0.28845507,-0.027992027,0.042108536,-0.27256685,-0.04464301,0.037945688,-0.37910664,-0.055884317,0.011726081,-0.33111286,-0.045991216,0.011260688,-0.27462274,-0.03383566
-0.08177966,-0.055683315,-0.01664964,-0.12670407,-0.19032907,-0.02143061,-0.07954395,-0.26990634,-0.031977735,-0.009532273,-0.24299961,-0.037602697,-0.1008693,-0.27388448,0.014283893,-0.111588895,-0.38829744,-0.019761095,-0.12193322,-0.31125474,-0.03768072,-0.11276859,-0.26344013,-0.045804664,-0.05586195,-0.2886477,0.004687791,-0.06238556,-0.41572553,-0.033812568,-0.07832068,-0.3271188,-0.041656002,-0.06834793,-0.27893382,-0.03384824,-0.008426547,-0.28349125,-0.012859501,-0.010516465,-0.4156979,-0.044644017,-0.033342123,-0.33152485,-0.038121797,-0.027345002,-0.27867723,-0.0224557,0.04259944,-0.26416653,-0.033815406,0.021134257,-0.34737435,-0.05019673,-0.003225863,-0.29663044,-0.044683706,0.002181232,-0.25272286,-0.035021726
-0.08702725,-0.058954895,-0.014429185,-0.12643382,-0.18945873,-0.017972784,-0.07332212,-0.26870066,-0.027651636,-0.007511556,-0.2536003,-0.034017257,-0.10341674,-0.26234674,0.018700413,-0.11597693,-0.37273616,-0.014216038,-0.12288436,-0.30263925,-0.03367172,-0.11104712,-0.249497,-0.042943712,-0.05685675,-0.27739328,0.0070944172,-0.06364405,-0.40743116,-0.03277686,-0.077162266,-0.32465702,-0.045958694,-0.065580845,-0.26701117,-0.041119184,-0.006436944,-0.2698422,-0.012131521,-0.013465583,-0.39851367,-0.047078107,-0.0322538,-0.31518394,-0.0480313,-0.02246672,-0.2580303,-0.03689971,0.047222614,-0.24716699,-0.03396285,0.013858557,-0.30267864,-0.05540608,-0.0063546896,-0.24919933,-0.055797376,0.0044373274,-0.21280265,-0.050019227
-0.08550143,-0.05835879,-0.013565431,-0.12701178,-0.19497013,-0.014898911,-0.07696849,-0.27506775,-0.02206389,-0.011746645,-0.24832916,-0.025402585,-0.103711635,-0.2667809,0.019895012,-0.11602813,-0.37561345,-0.011173635,-0.12474668,-0.30817306,-0.02960322,-0.11373931,-0.25534868,-0.038681142,-0.058113694,-0.28092968,0.008761347,-0.065983474,-0.41006875,-0.029333644,-0.08005923,-0.33286756,-0.041747708,-0.068204165,-0.27582353,-0.036945418,-0.007822752,-0.27224863,-0.009833596,-0.014901817,-0.40124243,-0.04209894,-0.033197403,-0.32224768,-0.042482335,-0.023880541,-0.26474166,-0.031834163,0.045906007,-0.24879527,-0.031194607,0.015950501,-0.3089642,-0.05181316,-0.0043781996,-0.25983614,-0.053149212,0.0050022006,-0.22244197,-0.048433647
-0.08356404,-0.056240976,-0.01314885,-0.12712917,-0.19165796,-0.013705491,-0.083177865,-0.27645993,-0.02046833,-0.01993829,-0.25707698,-0.023171142,-0.10352093,-0.26462662,0.022048712,-0.11301282,-0.372988,-0.008517685,-0.12140086,-0.3059231,-0.026908515,-0.111382276,-0.2528581,-0.036033582,-0.05821532,-0.27949816,0.010629504,-0.062277198,-0.40879115,-0.027347088,-0.07546848,-0.33142942,-0.04021382,-0.065423906,-0.2721299,-0.03574822,-0.007856667,-0.27230036,-0.008174271,-0.012364328,-0.40143266,-0.040130977,-0.029418468,-0.32366198,-0.040287714,-0.021615624,-0.26387507,-0.029501058,0.04598564,-0.25001967,-0.029790994,0.018559337,-0.31158078,-0.049674835,-0.001414597,-0.2632271,-0.05020775,0.006593585,-0.22361845,-0.045009658
-0.08828431,-0.058036268,-0.012532682,-0.12928632,-0.18701851,-0.011137499,-0.082339585,-0.26876903,-0.01637135,-0.018759727,-0.25364608,-0.018387973,-0.104165554,-0.25525612,0.032286532,-0.11008224,-0.36389363,0.0032154992,-0.120236814,-0.31280428,-0.01812118,-0.114646256,-0.2571432,-0.028646285,-0.05709374,-0.2684344,0.02227674,-0.058291793,-0.39477605,-0.012708093,-0.071793556,-0.34059066,-0.030941943,-0.06636208,-0.2871276,-0.03182344,-0.0075617433,-0.26178676,0.0041618547,-0.010608673,-0.39031297,-0.027006086,-0.026389122,-0.33081895,-0.035201546,-0.02285695,-0.27219558,-0.0303707,0.043349564,-0.24271613,-0.016598137,0.015069783,-0.3110944,-0.037657283,-0.0061739683,-0.27184635,-0.042780887,-0.004544258,-0.23017645,-0.04116309
-0.08561528,-0.056323946,-0.013255267,-0.12788042,-0.18190396,-0.015183202,-0.08157241,-0.2644142,-0.023849418,-0.017190456,-0.2563588,-0.029474882,-0.102391034,-0.25657433,0.023405865,-0.10965711,-0.36676887,-0.009726847,-0.11707276,-0.3067714,-0.032355256,-0.10946697,-0.24822503,-0.043221377,-0.055416703,-0.26937646,0.012166161,-0.057995737,-0.40176383,-0.027966496,-0.06914562,-0.33386776,-0.046189927,-0.06173873,-0.2711237,-0.045389857,-0.0063147545,-0.2627054,-0.0066226874,-0.010132372,-0.39593393,-0.04058652,-0.024972796,-0.3280204,-0.04607025,-0.020274282,-0.26336145,-0.038223468,0.04420513,-0.24248868,-0.028039534,0.016025841,-0.31182492,-0.049995985,-0.003956735,-0.2710774,-0.05316952,-0.000731647,-0.22797853,-0.049321976
-0.08376479,-0.05003339,-0.019306181,-0.13214818,-0.18409342,-0.022475796,-0.08794069,-0.27077794,-0.030921511,-0.02333796,-0.26405352,-0.033746175,-0.11056268,-0.25814223,0.017885463,-0.12150711,-0.37058136,-0.017160108,-0.124257445,-0.2984988,-0.03660353,-0.11441934,-0.24717832,-0.044912104,-0.0642997,-0.27395165,0.009597965,-0.07037473,-0.40107062,-0.031414688,-0.078656316,-0.32236272,-0.04375463,-0.06918162,-0.2705859,-0.037985407,-0.015114248,-0.26970297,-0.0072715986,-0.02028954,-0.3980959,-0.041014083,-0.03405249,-0.3234604,-0.03953226,-0.028320372,-0.27107775,-0.02690106,0.038033128,-0.25287938,-0.027695661,0.0122279525,-0.31820613,-0.04684386,-0.007314861,-0.27287686,-0.045691222,-0.003929794,-0.23517954,-0.038793154
-0.08299744,-0.049751878,-0.018964907,-0.1308356,-0.18630338,-0.021905389,-0.0841853,-0.2736261,-0.029786427,-0.01880753,-0.26395005,-0.032395255,-0.110681176,-0.25924706,0.014640056,-0.12097672,-0.36950836,-0.020501522,-0.123028815,-0.2926649,-0.039173674,-0.11315113,-0.24079084,-0.046970848,-0.06339061,-0.27449661,0.006288057,-0.068163455,-0.4029853,-0.035518657,-0.07562083,-0.3173815,-0.04654475,-0.065740645,-0.26369017,-0.03923797,-0.012835801,-0.2691043,-0.010260029,-0.017544866,-0.39684665,-0.04471312,-0.030637443,-0.31683344,-0.041845936,-0.023769617,-0.26320183,-0.027764438,0.04112363,-0.25204456,-0.030127533,0.013049662,-0.3168071,-0.04955586,-0.0049595833,-0.26908088,-0.047523845,0.0015811324,-0.23228586,-0.0396791
-0.08489716,-0.04972613,-0.017710762,-0.12742412,-0.18704236,-0.020390121,-0.07630056,-0.27322507,-0.028078686,-0.010837734,-0.2632804,-0.031764023,-0.10707179,-0.26037204,0.01573305,-0.118284404,-0.3708379,-0.015927475,-0.124295056,-0.30362475,-0.03553483,-0.11316165,-0.24616832,-0.045024235,-0.06056255,-0.27718842,0.0072602727,-0.06712204,-0.410262,-0.03167375,-0.07867545,-0.33338737,-0.045836058,-0.06664926,-0.26947254,-0.041954692,-0.010926783,-0.27251506,-0.008776749,-0.015919566,-0.40841365,-0.0414024,-0.03330171,-0.33595973,-0.044865802,-0.025110304,-0.27411795,-0.036292516,0.04121411,-0.25406063,-0.02780072,0.011174619,-0.31636357,-0.0492892,-0.009628475,-0.27196997,-0.05286473,-0.0026699305,-0.23247874,-0.049636666
-0.08577883,-0.047275543,-0.016631443,-0.1290003,-0.18152487,-0.018390208,-0.08019316,-0.2697662,-0.025380222,-0.01566714,-0.26172417,-0.027982473,-0.10739416,-0.25663435,0.019690707,-0.11930895,-0.3695631,-0.010500485,-0.125386,-0.30261105,-0.029466493,-0.11373046,-0.24418002,-0.038664848,-0.06114036,-0.2734005,0.010862858,-0.06977737,-0.40785065,-0.025543135,-0.0810979,-0.33511013,-0.039100304,-0.0684008,-0.2739753,-0.035479255,-0.012000501,-0.26876932,-0.0057528648,-0.017780721,-0.4028474,-0.0364962,-0.035610735,-0.3367961,-0.040433973,-0.027793407,-0.28081882,-0.033051938,0.039748847,-0.24915314,-0.025411194,0.012571037,-0.3113159,-0.04534834,-0.010386765,-0.26787907,-0.048560426,-0.0060266256,-0.2288717,-0.045823153
-0.08439958,-0.04876405,-0.015750922,-0.13180393,-0.17988378,-0.01812437,-0.08950013,-0.2677291,-0.0259672,-0.026443958,-0.2634533,-0.029355638,-0.10782534,-0.2549157,0.016084658,-0.119143456,-0.3676822,-0.016448455,-0.123458326,-0.29827493,-0.035354733,-0.11299825,-0.24260968,-0.043934423,-0.060903132,-0.27054673,0.0062016128,-0.06850374,-0.40079647,-0.03109936,-0.077521384,-0.3250153,-0.042796914,-0.066194296,-0.26890045,-0.03800702,-0.011296093,-0.26525956,-0.011321006,-0.017164767,-0.39724848,-0.042373665,-0.032773912,-0.32536417,-0.0418063,-0.026771247,-0.27026188,-0.031198405,0.040870428,-0.24547529,-0.03189035,0.014015973,-0.31007993,-0.05061587,-0.0069589615,-0.2662462,-0.050184283,-0.0036554933,-0.22926354,-0.04464177
-0.08311933,-0.046705365,-0.017644495,-0.13059878,-0.18211937,-0.021155188,-0.084812224,-0.26896113,-0.02968236,-0.018962383,-0.26015806,-0.03368344,-0.110366404,-0.26150018,0.011138662,-0.12219092,-0.37303334,-0.022219542,-0.12627542,-0.29797375,-0.040513206,-0.11536175,-0.24405283,-0.048875347,-0.06338245,-0.27873552,0.0020585158,-0.06921911,-0.4084793,-0.039004173,-0.07919425,-0.32165855,-0.05061148,-0.06821364,-0.26097506,-0.044132315,-0.013169289,-0.27425957,-0.014347575,-0.01923263,-0.40794772,-0.048526566,-0.0346995,-0.32758886,-0.04780905,-0.026159704,-0.2682128,-0.03560717,0.040200472,-0.25555027,-0.03369093,0.009997666,-0.31864226,-0.05528172,-0.009950042,-0.27104717,-0.055875886,-0.0019811392,-0.23165667,-0.0498516
-0.08240658,-0.0462541,-0.018673502,-0.1302664,-0.17814338,-0.02230279,-0.08651072,-0.26534718,-0.030882712,-0.021764934,-0.2539221,-0.034455687,-0.11008036,-0.2555012,0.012655441,-0.12277487,-0.36772716,-0.020080369,-0.12715304,-0.2943614,-0.037697203,-0.1159811,-0.24330711,-0.045827974,-0.06432235,-0.27296185,0.0038591293,-0.07100296,-0.4029544,-0.035452727,-0.08092123,-0.32053214,-0.046197094,-0.06976515,-0.2660231,-0.040097736,-0.014857292,-0.26901752,-0.012666091,-0.019819856,-0.40108064,-0.045478854,-0.03555256,-0.3251763,-0.04434175,-0.027510941,-0.271667,-0.032781973,0.037858546,-0.25101584,-0.03246919,0.011667371,-0.3154242,-0.05202364,-0.008674562,-0.26912177,-0.051652744,-0.0018824935,-0.23059076,-0.045823086
-0.08325082,-0.052838385,-0.017734554,-0.13067046,-0.18991041,-0.020398268,-0.08551043,-0.27601355,-0.028110338,-0.018982649,-0.26356107,-0.030554479,-0.1141164,-0.26235384,0.013304303,-0.1255579,-0.37365448,-0.018011076,-0.12858507,-0.2959355,-0.034222748,-0.118628204,-0.24872631,-0.04225649,-0.06713164,-0.28157067,0.0042803474,-0.07461357,-0.4091015,-0.034065954,-0.082988024,-0.3207357,-0.043238718,-0.07167888,-0.2688086,-0.036291428,-0.016314268,-0.27880204,-0.012254677,-0.022821963,-0.40742397,-0.043818317,-0.037849307,-0.32571632,-0.040391233,-0.029999733,-0.27461082,-0.027723314,0.03806448,-0.2621113,-0.032083526,0.009787619,-0.31953996,-0.05018041,-0.009635389,-0.27054197,-0.04840534,-0.0022199154,-0.23646569,-0.04193888
-0.08426827,-0.04923278,-0.017216029,-0.13330695,-0.18703389,-0.019325009,-0.08913517,-0.27518773,-0.026461894,-0.021623492,-0.26498044,-0.028386172,-0.112715065,-0.2634015,0.013936772,-0.124883145,-0.376478,-0.018915696,-0.12954372,-0.3019684,-0.036775872,-0.11857918,-0.24730903,-0.045065496,-0.066808164,-0.2794019,0.004957783,-0.07412118,-0.40907878,-0.034515932,-0.083930254,-0.3248124,-0.04556429,-0.07271755,-0.26788288,-0.03976035,-0.0173617,-0.27435178,-0.011641307,-0.023229063,-0.40613514,-0.044458248,-0.038689196,-0.3265835,-0.042760525,-0.031288326,-0.26908255,-0.030853191,0.035680354,-0.25615746,-0.031390205,0.007109523,-0.31784147,-0.05221334,-0.012544274,-0.26978052,-0.05265337,-0.0060762763,-0.23056555,-0.047133505
-0.08350605,-0.050484598,-0.01773578,-0.13150948,-0.18553215,-0.021542903,-0.08646023,-0.27160907,-0.03018488,-0.018398523,-0.25958377,-0.03392641,-0.11060631,-0.2614879,0.009940949,-0.12161884,-0.3739812,-0.022980332,-0.12774503,-0.3015166,-0.041267566,-0.11778894,-0.2472375,-0.05004561,-0.064258695,-0.27759045,0.0011391779,-0.07074267,-0.4067799,-0.03861064,-0.081837,-0.32469612,-0.05034587,-0.07121986,-0.26592988,-0.04517766,-0.014575779,-0.27302754,-0.014930411,-0.019314468,-0.40604556,-0.047053322,-0.035924137,-0.33040237,-0.046546534,-0.02937162,-0.2720642,-0.03573827,0.038483083,-0.25445396,-0.0341454,0.012223601,-0.3173563,-0.05418226,-0.008879006,-0.27365047,-0.055283405,-0.0044133663,-0.23556423,-0.050520074
-0.08242637,-0.047213197,-0.019116784,-0.13239002,-0.18421352,-0.02232798,-0.08950651,-0.27106,-0.030060492,-0.023302197,-0.2593552,-0.0324109,-0.11364338,-0.26142597,0.0104887495,-0.124034554,-0.37371236,-0.02148452,-0.12748685,-0.2970878,-0.03846081,-0.11850217,-0.24594057,-0.046761043,-0.0670138,-0.28035468,0.0020199774,-0.07340586,-0.40857303,-0.03700248,-0.08171636,-0.32078296,-0.04706454,-0.07163656,-0.26464885,-0.04056269,-0.016794264,-0.27742422,-0.013926225,-0.021821022,-0.40766644,-0.04598499,-0.036037862,-0.32746708,-0.04361857,-0.028779268,-0.27298397,-0.031585347,0.037005365,-0.25960553,-0.03320902,0.010630131,-0.3197555,-0.053076934,-0.0090738535,-0.27035695,-0.05260031,-0.0032808185,-0.23166513,-0.046736363
-0.08308715,-0.045690298,-0.019388057,-0.13217363,-0.18083584,-0.022430189,-0.088234484,-0.26884127,-0.029978363,-0.022109866,-0.25843865,-0.032260947,-0.11130369,-0.26068884,0.011674072,-0.12299228,-0.3718122,-0.020509662,-0.12814814,-0.29537576,-0.037923034,-0.11818844,-0.24214423,-0.046211693,-0.06474936,-0.27858883,0.0034992897,-0.071366966,-0.40710884,-0.03573512,-0.08193439,-0.31932837,-0.046068743,-0.07145047,-0.26097572,-0.039450686,-0.015003204,-0.27443945,-0.012336153,-0.019606352,-0.40519398,-0.044887435,-0.036099076,-0.32506984,-0.04302094,-0.028960288,-0.26869798,-0.030940684,0.03785199,-0.25517416,-0.03153106,0.012777686,-0.31774247,-0.05202575,-0.008692861,-0.26903588,-0.051963534,-0.003507495,-0.22924644,-0.04611398
-0.08179736,-0.047749043,-0.016370485,-0.1316095,-0.1691336,-0.022344312,-0.093616515,-0.2542256,-0.034107484,-0.02950424,-0.2512399,-0.042126182,-0.10957509,-0.25190055,0.011790171,-0.12046826,-0.3671738,-0.0220416,-0.12480351,-0.3002326,-0.042816356,-0.11505905,-0.24536604,-0.052972253,-0.06377292,-0.27025586,0.0007707237,-0.069650054,-0.40395254,-0.038653426,-0.07876897,-0.32994032,-0.05297538,-0.070958555,-0.2691474,-0.050211277,-0.015329659,-0.26739848,-0.017287275,-0.0250718,-0.40139586,-0.050083898,-0.037936866,-0.32583374,-0.050352506,-0.032158434,-0.26223493,-0.03976232,0.03557408,-0.24823582,-0.038221054,0.0017717481,-0.31385863,-0.0577794,-0.015289187,-0.26579934,-0.05657385,-0.008249879,-0.2222926,-0.05004581
-0.08381683,-0.0534696,-0.01602903,-0.13341212,-0.18502373,-0.019502847,-0.09125379,-0.26593494,-0.028855251,-0.028170824,-0.257483,-0.034293924,-0.10905957,-0.26231158,0.019407574,-0.12166527,-0.3723417,-0.0133264465,-0.12582254,-0.30472928,-0.033676475,-0.116145074,-0.2528696,-0.04343858,-0.0649153,-0.2791797,0.008970909,-0.07251048,-0.4054942,-0.02975165,-0.08131802,-0.33165753,-0.04433391,-0.072152495,-0.27461696,-0.04126032,-0.017894566,-0.27518886,-0.009180386,-0.027844787,-0.40395024,-0.043107815,-0.041819632,-0.3286872,-0.045253705,-0.03574592,-0.27038348,-0.035692673,0.031896353,-0.2558117,-0.030136114,-0.0043945312,-0.3122651,-0.051559642,-0.019391656,-0.2574014,-0.051764373,-0.008906841,-0.21448314,-0.04592119
-0.09081739,-0.05439514,-0.018097857,-0.13891205,-0.182733,-0.021644365,-0.09510723,-0.26714426,-0.03130042,-0.033277154,-0.25817305,-0.036407966,-0.11396754,-0.2544226,0.021858413,-0.1306358,-0.36640766,-0.012557849,-0.12874258,-0.29522645,-0.03317002,-0.11408675,-0.24458617,-0.042750757,-0.0700618,-0.271397,0.01208575,-0.081077754,-0.40017697,-0.030629106,-0.08508432,-0.3187725,-0.045636464,-0.072416365,-0.26212138,-0.04140498,-0.024456441,-0.2709517,-0.0062356815,-0.03594798,-0.40391266,-0.044442315,-0.048123956,-0.3296737,-0.04667513,-0.039547324,-0.27702636,-0.035720825,0.02251178,-0.2576915,-0.02764306,-0.013751149,-0.320871,-0.05098868,-0.029010057,-0.26544452,-0.050931353,-0.017887175,-0.22152632,-0.04436299
-0.08752766,-0.05124259,-0.015190401,-0.13351181,-0.17226589,-0.016809367,-0.09264335,-0.25419444,-0.02548139,-0.03358078,-0.23524976,-0.030697646,-0.10948923,-0.24456394,0.029201541,-0.12393573,-0.35472965,-0.00072415324,-0.1286749,-0.30388284,-0.0221066,-0.11704385,-0.25500417,-0.032914445,-0.06598765,-0.2620294,0.019890932,-0.07526162,-0.3883273,-0.016301317,-0.085187376,-0.3329252,-0.034401197,-0.07563594,-0.27871633,-0.035125248,-0.019718528,-0.26061863,0.0023939437,-0.027637005,-0.3883992,-0.02952341,-0.043029428,-0.32515,-0.036487754,-0.038050115,-0.26304197,-0.030202476,0.028874934,-0.24473965,-0.018251723,0.0042811036,-0.31358773,-0.037356243,-0.015082955,-0.27545196,-0.04098567,-0.012078106,-0.23158967,-0.03824223
-0.08641446,-0.06016147,-0.0150882825,-0.13244778,-0.18665707,-0.018106714,-0.09192124,-0.26955628,-0.028904855,-0.032848775,-0.25361532,-0.0361594,-0.10368538,-0.26405168,0.031495877,-0.122107774,-0.37342128,-0.0024117846,-0.12505755,-0.3152519,-0.02560174,-0.10979143,-0.26371998,-0.036394723,-0.059946656,-0.27971643,0.02041955,-0.07123345,-0.40919662,-0.021078855,-0.08187312,-0.34265715,-0.039273832,-0.06819403,-0.28511792,-0.037567716,-0.015834093,-0.27783173,0.00057529286,-0.026251733,-0.40696567,-0.0376081,-0.0444929,-0.33401853,-0.043022636,-0.035548985,-0.27368367,-0.03310108,0.029369116,-0.26385325,-0.02219226,-0.003931105,-0.3343708,-0.043684848,-0.023180425,-0.28234464,-0.04397872,-0.0127693415,-0.232903,-0.037282642
-0.08991414,-0.059479058,-0.011561185,-0.13484755,-0.17921436,-0.012179726,-0.09506953,-0.26351893,-0.022114385,-0.035446405,-0.25725836,-0.028153487,-0.11083928,-0.24228597,0.041992705,-0.12966064,-0.33951342,0.009815206,-0.12887254,-0.26422524,-0.011259196,-0.110272765,-0.21454132,-0.01999346,-0.07403386,-0.26040143,0.030786794,-0.08825648,-0.3770458,-0.012857988,-0.09117496,-0.28749442,-0.029725255,-0.07302129,-0.23284054,-0.024654439,-0.03390366,-0.270127,0.010545906,-0.048843324,-0.39088866,-0.027284857,-0.059575796,-0.3168077,-0.0303224,-0.04528165,-0.26910627,-0.01729139,0.008710623,-0.272444,-0.012504351,-0.021642148,-0.3603649,-0.026466843,-0.037768424,-0.30816954,-0.020247767,-0.025237381,-0.26162457,-0.009212914
-0.08991414,-0.059479058,-0.011561185,-0.13484755,-0.17921436,-0.012179726,-0.09506953,-0.26351893,-0.022114385,-0.035446405,-0.25725836,-0.028153487,-0.11083928,-0.24228597,0.041992705,-0.12966064,-0.33951342,0.009815206,-0.12887254,-0.26422524,-0.011259196,-0.110272765,-0.21454132,-0.01999346,-0.07403386,-0.26040143,0.030786794,-0.08825648,-0.3770458,-0.012857988,-0.09117496,-0.28749442,-0.029725255,-0.07302129,-0.23284054,-0.024654439,-0.03390366,-0.270127,0.010545906,-0.048843324,-0.39088866,-0.027284857,-0.059575796,-0.3168077,-0.0303224,-0.04528165,-0.26910627,-0.01729139,0.008710623,-0.272444,-0.012504351,-0.021642148,-0.3603649,-0.026466843,-0.037768424,-0.30816954,-0.020247767,-0.025237381,-0.26162457,-0.009212914
-0.08929795,-0.04677826,-0.008219869,-0.13142884,-0.14564914,-0.008425752,-0.10529438,-0.23117429,-0.017707488,-0.053735197,-0.23940462,-0.024583017,-0.10053763,-0.201231,0.04605026,-0.121897936,-0.27708405,0.021854015,-0.12583888,-0.22089398,0.0016474581,-0.10640663,-0.17427146,-0.007959353,-0.06847513,-0.22067118,0.036335114,-0.0868091,-0.31764734,0.0026877562,-0.09249896,-0.2494989,-0.015481137,-0.071644366,-0.1981501,-0.015573493,-0.03256446,-0.2352286,0.019021502,-0.05152762,-0.34193885,-0.011890238,-0.06488067,-0.28600538,-0.018133853,-0.04743308,-0.23683715,-0.010163976,0.007048011,-0.2435025,-0.00051009114,-0.026512802,-0.3312806,-0.012628249,-0.046569288,-0.29436457,-0.008802592,-0.035079777,-0.24517542,-0.0008413668
-0.08686,-0.061380744,0.0028777334,-0.118537754,-0.1513527,0.006543425,-0.093764275,-0.22382301,-0.00094079715,-0.05230391,-0.24491382,-0.007922629,-0.07942426,-0.20409751,0.05354573,-0.09635919,-0.27839857,0.03538899,-0.10677588,-0.22894573,0.017575052,-0.093295485,-0.1833027,0.008465377,-0.04980135,-0.21912968,0.039637506,-0.065226376,-0.31481242,0.011963205,-0.07670945,-0.252433,-0.006819627,-0.05988425,-0.19995993,-0.009352012,-0.014187455,-0.22960508,0.019906405,-0.03157848,-0.33841476,-0.007065249,-0.04923737,-0.28311527,-0.013517422,-0.034963667,-0.22833282,-0.007161337,0.02506429,-0.2336629,-0.0007485272,-0.0056536198,-0.32112616,-0.012813668,-0.030967176,-0.28732717,-0.008652877,-0.024466455,-0.2383365,-0.0004769568
-0.09022534,-0.06537515,0.0006978939,-0.12001464,-0.15789205,0.0044360026,-0.08728343,-0.23409289,-0.0028656141,-0.038710296,-0.25054175,-0.009752699,-0.08201122,-0.20562851,0.05904592,-0.096484065,-0.27946615,0.041076332,-0.10558131,-0.23051804,0.021986138,-0.09085226,-0.18424785,0.011858352,-0.05082321,-0.22236896,0.04641026,-0.06384033,-0.32061654,0.018227788,-0.074237704,-0.25707823,-0.0023280755,-0.05499369,-0.20291,-0.005539054,-0.014262676,-0.23341101,0.027171124,-0.02771902,-0.34757423,-0.0011678495,-0.04507643,-0.2929333,-0.010345034,-0.028720915,-0.23650587,-0.005096479,0.025993705,-0.23699087,0.0068005263,-0.0044087768,-0.3241247,-0.006491183,-0.028635561,-0.2875536,-0.0043409737,-0.019684255,-0.23598015,0.0026498218
-0.08186293,-0.08582741,0.0016416695,-0.09881538,-0.19827646,0.0071477927,-0.05873978,-0.2667721,0.0010315707,-0.010435522,-0.26547158,-0.0043122633,-0.047383964,-0.2516625,0.054802038,-0.045499563,-0.34841323,0.033869624,-0.06309879,-0.2910732,0.016120987,-0.058333695,-0.23476905,0.007453134,-0.016732037,-0.25617445,0.039746374,-0.013233602,-0.3746156,0.008018629,-0.03627312,-0.30419362,-0.01047588,-0.030898392,-0.23943865,-0.010493176,0.017673612,-0.25352168,0.017825756,0.016242683,-0.38101125,-0.014064504,-0.011981428,-0.32036674,-0.022436133,-0.009130299,-0.2561155,-0.0152786,0.051452816,-0.24273676,-0.0051970514,0.020405412,-0.3361467,-0.023167362,-0.009160519,-0.29227215,-0.022457115,-0.006556332,-0.23240644,-0.01540188
-0.08006954,-0.09158343,-0.0025870358,-0.090684414,-0.21632296,-0.0012593931,-0.038004816,-0.2827739,-0.009143093,0.015631974,-0.28422856,-0.016028648,-0.045037627,-0.26891,0.03585509,-0.03911239,-0.3634,0.008138043,-0.054644227,-0.29759735,-0.011656673,-0.049771965,-0.23256719,-0.021073654,-0.010244191,-0.27117687,0.02116716,-0.005737245,-0.3897308,-0.016529962,-0.02740419,-0.31070405,-0.034928966,-0.022396445,-0.23897928,-0.033902295,0.026147366,-0.26188695,-7.0731934e-05,0.02294296,-0.39240363,-0.036264967,-0.00369519,-0.32851714,-0.04528145,0.00044500828,-0.26558846,-0.038855948,0.05878669,-0.24096632,-0.022230512,0.01710087,-0.31969887,-0.04660278,-0.010160923,-0.27054536,-0.04974949,-0.0027365088,-0.21653813,-0.04489182
-0.076124966,-0.09178722,-0.001090627,-0.09216356,-0.22410709,0.0007971809,-0.04321885,-0.29455268,-0.006847468,0.010747194,-0.27591723,-0.013489506,-0.04264778,-0.28885,0.036636945,-0.039187074,-0.38626084,0.009352436,-0.05890149,-0.32151377,-0.009877538,-0.054807127,-0.25820142,-0.019196162,-0.0034365654,-0.28924656,0.020284833,0.002817154,-0.40968803,-0.016157733,-0.023686707,-0.33976927,-0.033465188,-0.021899462,-0.26854485,-0.03234191,0.034149468,-0.2751724,-0.0026457096,0.029996872,-0.40419587,-0.037971582,-0.0026878715,-0.34620604,-0.049185827,-0.0015842319,-0.2816053,-0.04482759,0.06525767,-0.24925447,-0.026482457,0.01952815,-0.32645953,-0.05081596,-0.010975301,-0.27863693,-0.056663353,-0.003317356,-0.22216326,-0.054215956
-0.07373786,-0.09647596,0.0013351579,-0.07780963,-0.22982979,0.002236748,-0.033255935,-0.29853547,-0.0049963803,0.00906831,-0.33878905,-0.010930311,-0.0151308775,-0.29597336,0.030042598,-0.02991438,-0.38824734,0.0012973228,-0.051259518,-0.31822538,-0.018983422,-0.04704833,-0.24986011,-0.029067453,0.019593418,-0.2946561,0.0132216755,-0.0042189956,-0.40384609,-0.023652164,-0.032628596,-0.31628215,-0.040818367,-0.027377427,-0.23693627,-0.04049372,0.050946355,-0.2780667,-0.008936857,0.022349417,-0.39943093,-0.044278067,-0.010682225,-0.32722718,-0.047430694,-0.008142233,-0.25911647,-0.039157704,0.072267294,-0.24704885,-0.031297833,0.013470769,-0.29450792,-0.058372803,-0.010096729,-0.23462039,-0.059247352,0.0032866,-0.18673736,-0.052770045
-0.073583126,-0.09881562,0.0040170797,-0.08583963,-0.22883731,0.0058490136,-0.053052127,-0.2917313,-0.0022629346,-0.011891842,-0.30382538,-0.009299592,-0.0035353303,-0.30541068,0.037964765,-0.031965077,-0.39454624,0.010610068,-0.05423373,-0.3276478,-0.0100304885,-0.04846728,-0.26536238,-0.021851948,0.029494941,-0.30450022,0.017979318,-0.007662773,-0.40909293,-0.016324619,-0.036224008,-0.32901025,-0.032323696,-0.029402614,-0.25921452,-0.032904606,0.057576597,-0.28653735,-0.007832417,0.013460457,-0.3961246,-0.043278698,-0.018492341,-0.31693786,-0.04508402,-0.01221925,-0.25007772,-0.03622805,0.07277262,-0.25376308,-0.0343806,0.0044466257,-0.2918592,-0.06240196,-0.019312024,-0.2301246,-0.06421509,-0.0037273765,-0.18502492,-0.058764905
-0.07211274,-0.101471424,0.0051661883,-0.085062504,-0.22616047,0.0030226724,-0.064652145,-0.2934404,-0.008541062,-0.030905724,-0.29169965,-0.019013014,0.030822098,-0.32045627,0.025633084,-0.022396207,-0.40091014,-0.00039499498,-0.05121869,-0.32624033,-0.017606374,-0.04030937,-0.2725944,-0.029041475,0.058570504,-0.31444585,0.0029703013,-0.0061581135,-0.4165777,-0.029332291,-0.040304363,-0.3355861,-0.0374599,-0.027245998,-0.27843428,-0.03492489,0.07103467,-0.28725892,-0.024511812,-0.006562233,-0.37906063,-0.0585466,-0.036818445,-0.2938491,-0.05191052,-0.01846975,-0.24030167,-0.03943463,0.064632416,-0.24676138,-0.052968837,-0.020100713,-0.28364897,-0.08089816,-0.04312271,-0.21955168,-0.07893255,-0.021852195,-0.17930001,-0.071795456
-0.0722242,-0.12135601,0.020609325,-0.07990295,-0.23441297,0.018829415,-0.061295092,-0.3126716,0.0042818435,-0.03236848,-0.3517536,-0.00959443,0.04162562,-0.324143,0.029790843,-0.024964511,-0.41152894,0.00051640713,-0.054617286,-0.33643922,-0.017901914,-0.040750742,-0.28645062,-0.030116966,0.06483632,-0.31249565,-0.0042829714,-0.013151884,-0.41959795,-0.038473,-0.050770342,-0.3392622,-0.04591954,-0.031460106,-0.28783232,-0.04500615,0.06945336,-0.28109246,-0.041917596,-0.014768422,-0.37539858,-0.07632792,-0.050291657,-0.29227394,-0.06361094,-0.027253449,-0.24525893,-0.049709503,0.05634314,-0.23940915,-0.0792825,-0.032608688,-0.28629273,-0.107681386,-0.05748862,-0.22156519,-0.10037716,-0.03145039,-0.18365651,-0.09024309
-0.07116979,-0.119744,0.021842917,-0.086515665,-0.2272951,0.01802929,-0.075279236,-0.29581285,-0.00052078016,-0.050932884,-0.31786138,-0.018702226,0.02941978,-0.32050538,0.03661169,-0.033152103,-0.407918,0.0040698815,-0.05777353,-0.33512256,-0.017302867,-0.043550014,-0.2842856,-0.030208122,0.053667486,-0.3094002,-0.00046362006,-0.01632446,-0.4165215,-0.039060067,-0.049104273,-0.34149426,-0.050210997,-0.03175664,-0.28788573,-0.049860034,0.061925054,-0.27923858,-0.041880213,-0.013254046,-0.373048,-0.08004732,-0.045369387,-0.2943294,-0.06991471,-0.025096655,-0.24514526,-0.055450805,0.054432392,-0.23794717,-0.08305656,-0.024331868,-0.2864446,-0.111165784,-0.051648736,-0.22346139,-0.10311509,-0.03210479,-0.18026483,-0.09177094
-0.07922077,-0.1264987,0.025600707,-0.09032357,-0.2430076,0.026523426,-0.06985754,-0.3182587,0.012229567,-0.041167617,-0.3600945,-0.0015082723,0.008705139,-0.3196786,0.03925557,-0.054371595,-0.40132624,0.0026073002,-0.07564497,-0.31842113,-0.020023413,-0.06035334,-0.26678836,-0.032109514,0.035589635,-0.31005162,0.0019897167,-0.035119593,-0.4035479,-0.038885977,-0.06337041,-0.31748343,-0.05072778,-0.0442155,-0.2662745,-0.049730483,0.05001259,-0.2808771,-0.039380223,-0.03274572,-0.35201234,-0.07683216,-0.056740284,-0.2598911,-0.06429153,-0.031906366,-0.21329647,-0.048019774,0.05175388,-0.23934007,-0.08014555,-0.034003794,-0.26781166,-0.10468195,-0.051623583,-0.19784242,-0.09326244,-0.024100184,-0.16321576,-0.079520755
-0.08516663,-0.10757148,0.01034769,-0.108332336,-0.21954292,0.0060226046,-0.08194822,-0.27445436,-0.010996711,-0.043517113,-0.28492218,-0.027833007,-0.016550004,-0.3082236,0.027344815,-0.06917894,-0.3899954,-0.013448602,-0.08791447,-0.30762255,-0.038624812,-0.07267934,-0.25157034,-0.051358715,0.014371872,-0.301022,-0.0027552135,-0.045123577,-0.39874017,-0.049850266,-0.06978977,-0.3094712,-0.06437811,-0.050220728,-0.25179023,-0.0620696,0.03671044,-0.2747656,-0.038508013,-0.03440684,-0.35505965,-0.08386378,-0.055865288,-0.26064545,-0.07726148,-0.031859636,-0.20781052,-0.06053867,0.04944849,-0.23374891,-0.07439738,-0.027462542,-0.26580197,-0.104544,-0.046687126,-0.19516069,-0.09694792,-0.022556186,-0.15510273,-0.08364513
-0.07985711,-0.07751274,-0.00625591,-0.112645864,-0.19588071,-0.01401018,-0.081150234,-0.25312072,-0.029256972,-0.03248757,-0.24550325,-0.043414958,-0.04818672,-0.30365455,0.010661321,-0.08108443,-0.38658798,-0.02683027,-0.097313225,-0.3102587,-0.04953684,-0.085163414,-0.2515909,-0.059986215,-0.006698489,-0.30310476,-0.006300978,-0.04451579,-0.4014414,-0.047952697,-0.06495881,-0.31137508,-0.059106823,-0.052806377,-0.24289858,-0.05381197,0.031146824,-0.2820965,-0.029042166,-0.01589191,-0.35766372,-0.068346836,-0.03626734,-0.25957322,-0.06293602,-0.023844063,-0.19102412,-0.046599668,0.061530113,-0.24375302,-0.05331015,0.00251472,-0.27439696,-0.077587105,-0.018033564,-0.2053011,-0.071134806,-0.0048301816,-0.15625173,-0.058777425
-0.08779138,-0.06726706,-0.00823155,-0.13170359,-0.1990425,-0.011421119,-0.08809888,-0.26287585,-0.021260804,-0.026737392,-0.22756326,-0.028393831,-0.09813744,-0.2835598,0.014864021,-0.117097735,-0.38389286,-0.01792773,-0.12188411,-0.3111477,-0.03632122,-0.108941436,-0.26249194,-0.04621851,-0.053014815,-0.29455376,-0.0016703684,-0.06583089,-0.4167735,-0.039951894,-0.07819855,-0.33637744,-0.050559152,-0.06663227,-0.28260487,-0.046151873,-0.004621446,-0.28216982,-0.024830578,-0.01597035,-0.3950923,-0.05759084,-0.035814345,-0.3118459,-0.054886695,-0.02898395,-0.26198506,-0.043944746,0.04495412,-0.25334746,-0.050255455,0.006086886,-0.29649246,-0.07000813,-0.012542248,-0.2320692,-0.06713799,-0.00066518784,-0.19460505,-0.060770407
-0.08160329,-0.049721062,-0.020738598,-0.12648517,-0.17889929,-0.027980074,-0.07874149,-0.24897486,-0.038053073,-0.014020324,-0.22309798,-0.044737957,-0.10511184,-0.26156348,-0.0025790113,-0.1112006,-0.3666557,-0.034608833,-0.11696881,-0.2969013,-0.053642154,-0.11047518,-0.24421358,-0.064379625,-0.05566722,-0.27925324,-0.012516536,-0.0585804,-0.4135868,-0.05015846,-0.07035202,-0.33265007,-0.061752863,-0.063387215,-0.26894003,-0.057884634,-0.0040456057,-0.26937044,-0.028850183,-0.0025920272,-0.39617506,-0.062421326,-0.021530509,-0.32003045,-0.06555883,-0.01960349,-0.26137334,-0.058334425,0.048184812,-0.23926431,-0.047798444,0.02851504,-0.29181576,-0.0714918,0.007121861,-0.2383641,-0.073831655,0.009052694,-0.19690746,-0.070717946
-0.08203572,-0.0405975,-0.024117446,-0.1279856,-0.1667316,-0.031262323,-0.07904917,-0.24449998,-0.040229995,-0.015293956,-0.22656476,-0.045495436,-0.111528456,-0.251436,0.00022347651,-0.11884007,-0.3621899,-0.031577248,-0.121711135,-0.29713482,-0.051723897,-0.1155079,-0.23710161,-0.061978497,-0.06277925,-0.2718671,-0.00605917,-0.06674451,-0.40594986,-0.04237448,-0.07322407,-0.33141124,-0.055425946,-0.06698656,-0.2626158,-0.05226805,-0.012019038,-0.26641256,-0.019171724,-0.009652376,-0.3915053,-0.052610822,-0.021464705,-0.31999886,-0.058038708,-0.020700693,-0.25631863,-0.05188967,0.04015869,-0.24099654,-0.035105027,0.026689708,-0.2930283,-0.061088886,0.012574494,-0.23675525,-0.065066546,0.013249397,-0.18807203,-0.062118493
-0.08231419,-0.040129304,-0.02379048,-0.12802488,-0.16526812,-0.031433165,-0.077156544,-0.24255413,-0.040768992,-0.00979805,-0.22374648,-0.04668238,-0.11443555,-0.2530015,-0.0036347094,-0.11845046,-0.359781,-0.03597583,-0.12209493,-0.29342186,-0.056096006,-0.11721486,-0.23567694,-0.06677031,-0.06442171,-0.2724303,-0.010575016,-0.06569427,-0.40610096,-0.046925366,-0.07343823,-0.32826304,-0.058933802,-0.06797904,-0.26257497,-0.055454325,-0.012193143,-0.26474774,-0.024095232,-0.005800128,-0.38808256,-0.05688539,-0.020819306,-0.31289738,-0.060861852,-0.022481024,-0.25109547,-0.054123998,0.040923417,-0.2371102,-0.040387712,0.028098166,-0.29146063,-0.06466695,0.013407409,-0.23711461,-0.06734112,0.014505148,-0.19377708,-0.06397629
-0.07993257,-0.034358084,-0.02600547,-0.12408796,-0.15766263,-0.03558669,-0.07255584,-0.22981226,-0.046085455,-0.005533457,-0.21438682,-0.05321274,-0.10945788,-0.24950212,-0.009635398,-0.11153668,-0.35313535,-0.04248177,-0.11428556,-0.28876042,-0.0630616,-0.109324366,-0.23190665,-0.07409211,-0.058969736,-0.26907718,-0.015806753,-0.058342695,-0.40043926,-0.052408513,-0.0652349,-0.326825,-0.06483716,-0.0598796,-0.26279753,-0.062094882,-0.0072261095,-0.2614776,-0.028363315,0.0022904873,-0.38377404,-0.061172232,-0.01247102,-0.31391388,-0.0659251,-0.015421331,-0.2544579,-0.060343035,0.04511547,-0.23446882,-0.043794673,0.034988582,-0.28705448,-0.068266235,0.020022392,-0.2352165,-0.071310036,0.018703878,-0.19302636,-0.06855705
-0.078853786,-0.035362065,-0.028500207,-0.125067,-0.16123945,-0.037419643,-0.07634407,-0.22877699,-0.046374805,-0.010328293,-0.20846486,-0.050257754,-0.107651085,-0.2588389,-0.010587602,-0.10418397,-0.34928906,-0.051132433,-0.106372386,-0.2755252,-0.07303503,-0.10465425,-0.22307348,-0.08369174,-0.055457294,-0.2757789,-0.01726229,-0.05024928,-0.39790267,-0.061682068,-0.054855406,-0.30791253,-0.071028985,-0.05233389,-0.25528204,-0.06370376,-0.0035150647,-0.2643531,-0.03169064,0.009833336,-0.36884248,-0.07005129,-0.0028364062,-0.28633666,-0.06644309,-0.008567989,-0.2438873,-0.053510584,0.047497034,-0.23529667,-0.04966233,0.04613173,-0.2779987,-0.07461926,0.030428708,-0.21934623,-0.07230485,0.02356273,-0.18760443,-0.06520151
-0.08055282,-0.037632644,-0.03517739,-0.12106785,-0.15105546,-0.04757874,-0.06639379,-0.21318138,-0.059712186,-0.0015567541,-0.20272815,-0.06737964,-0.11150426,-0.2548657,-0.0085166935,-0.10424638,-0.33857843,-0.049390484,-0.10285914,-0.27310306,-0.07585063,-0.10039884,-0.22210437,-0.08965208,-0.056008995,-0.27304095,-0.012922675,-0.044740915,-0.38995284,-0.05790919,-0.046453714,-0.30479014,-0.07300815,-0.046257794,-0.249358,-0.06979609,-0.00374192,-0.26159555,-0.025835076,0.017447531,-0.35937643,-0.066470504,0.0077335835,-0.27715218,-0.06799017,-0.0027151704,-0.22964269,-0.0573564,0.044703424,-0.2293989,-0.042706903,0.052156627,-0.27613652,-0.06645401,0.038559258,-0.2192899,-0.06342352,0.026238084,-0.18590486,-0.05571183
-0.07120001,-0.034296572,-0.04000625,-0.112081975,-0.120185375,-0.062286817,-0.064260304,-0.17308432,-0.08256647,-0.0049153566,-0.17795908,-0.09774907,-0.10921413,-0.24802679,-0.027639529,-0.10077202,-0.3173306,-0.073503055,-0.09224695,-0.24290627,-0.10100701,-0.08775818,-0.19814253,-0.114957504,-0.049836278,-0.2645685,-0.031024192,-0.034143925,-0.37151954,-0.080486424,-0.03246963,-0.27337468,-0.093334496,-0.035061657,-0.2223872,-0.088598214,0.0040756464,-0.25151795,-0.041926112,0.031525314,-0.33836156,-0.08752634,0.023568153,-0.24823236,-0.08395606,0.010819554,-0.20394081,-0.06883274,0.051313818,-0.2179482,-0.05638445,0.06384671,-0.2568283,-0.08109348,0.050417066,-0.19776797,-0.07319186,0.036513925,-0.16988045,-0.061144456
-0.0716784,-0.032140017,-0.043780494,-0.11375654,-0.11534721,-0.0679066,-0.06701541,-0.16816658,-0.08901163,-0.010859549,-0.17537212,-0.10444318,-0.11348656,-0.24318534,-0.032770593,-0.09817767,-0.31267595,-0.08023548,-0.09043789,-0.23510706,-0.107497714,-0.08861357,-0.19502199,-0.1215616,-0.052894294,-0.26043713,-0.034427296,-0.034496486,-0.36955848,-0.08675581,-0.032782793,-0.27026635,-0.09958828,-0.03635609,-0.22416133,-0.09458878,0.0013569593,-0.24955648,-0.043682143,0.029759705,-0.33458772,-0.09125372,0.021668375,-0.2395742,-0.085201845,0.007417977,-0.19859147,-0.068145044,0.048269212,-0.2188012,-0.05681474,0.061305285,-0.2555709,-0.08192372,0.04775095,-0.19301426,-0.07258105,0.033345163,-0.16820288,-0.059543915
-0.07134533,-0.042747855,-0.044624303,-0.10125232,-0.122403204,-0.07094298,-0.047234118,-0.16575962,-0.09408403,0.0049951077,-0.17140609,-0.112598665,-0.09426585,-0.26572305,-0.031585895,-0.0711475,-0.31963173,-0.07968257,-0.066645026,-0.24568701,-0.112276964,-0.06534743,-0.19708407,-0.13020092,-0.033249438,-0.27255878,-0.033018954,-0.008491635,-0.36503044,-0.08550646,-0.010784507,-0.27195364,-0.10477646,-0.01572764,-0.21647978,-0.10522338,0.0194543,-0.25247282,-0.041901927,0.054577053,-0.32880384,-0.090341166,0.040869176,-0.23864692,-0.09046415,0.023149908,-0.18757665,-0.07791907,0.063266695,-0.21074367,-0.05449904,0.078855276,-0.24037182,-0.08312926,0.06141305,-0.17826468,-0.07791201,0.04416424,-0.14817244,-0.06719859
-0.066039205,-0.045470595,-0.047435444,-0.09523755,-0.12193298,-0.07691594,-0.045256913,-0.16492862,-0.10274569,0.005819738,-0.17557812,-0.12356256,-0.092015475,-0.26164156,-0.037625752,-0.0675922,-0.3194232,-0.088822044,-0.063011646,-0.24626964,-0.12296324,-0.063385546,-0.1967597,-0.1415551,-0.030369699,-0.26765677,-0.038454108,-0.0017648339,-0.36177382,-0.09334108,-0.0035788417,-0.26777098,-0.113502435,-0.010555744,-0.21374184,-0.114743166,0.023060739,-0.2467832,-0.04680951,0.06088084,-0.3202422,-0.09678464,0.047051013,-0.23210973,-0.0964977,0.02732724,-0.18553543,-0.0839659,0.066514134,-0.2050705,-0.059047304,0.084809184,-0.23463279,-0.087275505,0.06761694,-0.17594701,-0.08095702,0.048905253,-0.14861679,-0.07000208
-0.065543175,-0.043381214,-0.04623311,-0.09292781,-0.12396145,-0.07558293,-0.040598094,-0.16690075,-0.10102027,0.010880172,-0.17008555,-0.1213963,-0.08962834,-0.2627818,-0.041759603,-0.065118134,-0.3254652,-0.091797,-0.058228016,-0.2476443,-0.124132864,-0.057035208,-0.19479209,-0.14156318,-0.028406262,-0.267857,-0.042825695,0.0024216175,-0.36172032,-0.09581459,0.0022303462,-0.26605898,-0.114023685,-0.0063995123,-0.21118534,-0.11452771,0.02423966,-0.24731445,-0.050855257,0.06414652,-0.32220972,-0.09947637,0.05121565,-0.23234135,-0.09832459,0.030032575,-0.18444991,-0.085773334,0.06740272,-0.2070266,-0.06254088,0.08616465,-0.23499835,-0.091494836,0.06981599,-0.17441493,-0.08547355,0.050548434,-0.14572561,-0.074674
-0.07366341,-0.04419279,-0.039756645,-0.10168859,-0.13811421,-0.06403848,-0.044020236,-0.19256353,-0.085239224,0.010388434,-0.21043843,-0.10216535,-0.09975082,-0.24692988,-0.03817682,-0.07887131,-0.3288788,-0.08408781,-0.06992221,-0.25328064,-0.11457052,-0.06693518,-0.19264287,-0.13132963,-0.038796365,-0.26157972,-0.040812235,-0.01807493,-0.37581214,-0.08897783,-0.013319671,-0.28049314,-0.10715876,-0.016397119,-0.21423149,-0.10826185,0.015429556,-0.2508381,-0.04908254,0.042993367,-0.3470577,-0.09096197,0.03721732,-0.2566476,-0.088328056,0.022127628,-0.19798261,-0.07660815,0.061181664,-0.2208395,-0.060749725,0.0671494,-0.25230223,-0.08638507,0.054719627,-0.19023788,-0.08002005,0.040565312,-0.15662205,-0.070124365
-0.07150388,-0.04024774,-0.03234447,-0.107055694,-0.14319986,-0.048853364,-0.05382234,-0.20090729,-0.06468446,0.006272197,-0.1965667,-0.0767288,-0.094135374,-0.24991703,-0.021089887,-0.07976961,-0.33778164,-0.06289296,-0.07676554,-0.2751471,-0.09064261,-0.07759273,-0.21787769,-0.10480222,-0.03969872,-0.26394907,-0.025676398,-0.024692237,-0.3777467,-0.06897175,-0.023008406,-0.29972595,-0.08439016,-0.026165187,-0.23937768,-0.08304133,0.009878039,-0.25369853,-0.036700357,0.032927454,-0.35193878,-0.074756764,0.02805537,-0.2723993,-0.073614486,0.015537858,-0.21544617,-0.062232718,0.05438727,-0.2230686,-0.0510879,0.062276244,-0.26654693,-0.074234895,0.051484346,-0.2101422,-0.06903869,0.037952006,-0.17233539,-0.059518892
-0.07266486,-0.030354023,-0.030945884,-0.11935052,-0.15107822,-0.042026732,-0.06817424,-0.2162478,-0.05202108,-0.00075888634,-0.19896746,-0.057539906,-0.10603753,-0.24866024,-0.01461902,-0.09965411,-0.34297195,-0.05103774,-0.09859595,-0.27165997,-0.072913215,-0.09790319,-0.21636283,-0.084231876,-0.054791808,-0.26631218,-0.018209215,-0.049113274,-0.38670158,-0.057627164,-0.049713194,-0.3076117,-0.069313064,-0.05001986,-0.251776,-0.065515935,-0.0058594346,-0.25810003,-0.028865887,0.007115066,-0.366884,-0.06430774,0.0008286834,-0.29090863,-0.067307726,-0.007382512,-0.23692757,-0.05987725,0.041508555,-0.23207664,-0.04282411,0.04025805,-0.26875013,-0.0695496,0.030494392,-0.2108193,-0.072999805,0.022049427,-0.17328906,-0.06998222
-0.07266486,-0.030354023,-0.030945884,-0.11935052,-0.15107822,-0.042026732,-0.06817424,-0.2162478,-0.05202108,-0.00075888634,-0.19896746,-0.057539906,-0.10603753,-0.24866024,-0.01461902,-0.09965411,-0.34297195,-0.05103774,-0.09859595,-0.27165997,-0.072913215,-0.09790319,-0.21636283,-0.084231876,-0.054791808,-0.26631218,-0.018209215,-0.049113274,-0.38670158,-0.057627164,-0.049713194,-0.3076117,-0.069313064,-0.05001986,-0.251776,-0.065515935,-0.0058594346,-0.25810003,-0.028865887,0.007115066,-0.366884,-0.06430774,0.0008286834,-0.29090863,-0.067307726,-0.007382512,-0.23692757,-0.05987725,0.041508555,-0.23207664,-0.04282411,0.04025805,-0.26875013,-0.0695496,0.030494392,-0.2108193,-0.072999805,0.022049427,-0.17328906,-0.06998222
-0.07782972,-0.03488624,-0.022971457,-0.12605137,-0.15988207,-0.029085921,-0.077257216,-0.23259175,-0.037297245,-0.0055007935,-0.20951486,-0.042282183,-0.10161692,-0.24613929,0.0008095465,-0.108584195,-0.3476615,-0.031995922,-0.11305022,-0.28823113,-0.0533419,-0.10562885,-0.2310529,-0.06424593,-0.05394286,-0.26449743,-0.0058535095,-0.05652678,-0.38907158,-0.04220481,-0.06465292,-0.32008868,-0.05524902,-0.057693243,-0.258073,-0.052589823,-0.005636692,-0.256882,-0.01971577,-0.0034778118,-0.3781279,-0.053198956,-0.015060961,-0.3096896,-0.059159216,-0.014015973,-0.24985752,-0.05344048,0.042417943,-0.22913358,-0.036420014,0.03167659,-0.28476095,-0.06262522,0.018853486,-0.23331222,-0.06772811,0.01883173,-0.18786192,-0.06580043
-0.08017647,-0.033144474,-0.023951674,-0.12985614,-0.1593461,-0.028467534,-0.080403686,-0.23375887,-0.034884445,-0.010620475,-0.2164805,-0.037739,-0.105694294,-0.245641,0.0038859244,-0.11355126,-0.34382588,-0.029160738,-0.11724985,-0.2832763,-0.050178345,-0.11043307,-0.22746754,-0.06051998,-0.058124065,-0.2655192,-0.0015422283,-0.062675,-0.3848781,-0.03788467,-0.06880921,-0.3137644,-0.05046659,-0.06135094,-0.25638747,-0.04719418,-0.0102446675,-0.25961614,-0.014592462,-0.008779764,-0.37610906,-0.04900981,-0.017553449,-0.301662,-0.05357056,-0.015743256,-0.24220476,-0.04644927,0.037959635,-0.23469362,-0.030610576,0.027046561,-0.28427646,-0.057828933,0.016161561,-0.23054057,-0.062682904,0.017047286,-0.18823701,-0.06004733
-0.0826689,-0.043272257,-0.021463344,-0.1282911,-0.16779268,-0.024563946,-0.0768162,-0.2406174,-0.030685369,-0.008381605,-0.22691381,-0.033061534,-0.10488087,-0.2400699,0.010092826,-0.1118505,-0.33952975,-0.022944145,-0.11911324,-0.27569202,-0.04287056,-0.11388871,-0.22376221,-0.05221457,-0.058545053,-0.25906828,0.0039295307,-0.06329453,-0.3780216,-0.03326755,-0.07271385,-0.30354097,-0.04576782,-0.0640471,-0.25035593,-0.041855555,-0.0106211305,-0.25517216,-0.010092756,-0.010931373,-0.37423673,-0.04434778,-0.024052858,-0.29825607,-0.047598485,-0.020624876,-0.24159548,-0.03907292,0.038004994,-0.23383224,-0.027083583,0.023414314,-0.28696704,-0.052176885,0.009468496,-0.23437053,-0.055730175,0.0130018,-0.19536644,-0.052149724
-0.08582437,-0.05511737,-0.016988672,-0.1259822,-0.1722638,-0.021034885,-0.07460451,-0.2414,-0.030347833,-0.010244429,-0.23188597,-0.037208673,-0.09980607,-0.24524987,0.018752726,-0.107706845,-0.34635454,-0.012620114,-0.11916217,-0.2976814,-0.03530158,-0.11362845,-0.2463705,-0.04609842,-0.052903056,-0.2599144,0.010546636,-0.05820638,-0.38114864,-0.025219724,-0.070780516,-0.32416108,-0.04309826,-0.062318563,-0.26877216,-0.043312825,-0.0059484243,-0.25403655,-0.005194755,-0.007312238,-0.37706316,-0.036747217,-0.023906827,-0.31977236,-0.04590416,-0.020291269,-0.26118916,-0.04125072,0.040164173,-0.23196048,-0.023571994,0.023227394,-0.29954514,-0.044421367,0.0043857694,-0.2623601,-0.048930876,0.005119145,-0.22133225,-0.046254583
-0.08582437,-0.05511737,-0.016988672,-0.1259822,-0.1722638,-0.021034885,-0.07460451,-0.2414,-0.030347833,-0.010244429,-0.23188597,-0.037208673,-0.09980607,-0.24524987,0.018752726,-0.107706845,-0.34635454,-0.012620114,-0.11916217,-0.2976814,-0.03530158,-0.11362845,-0.2463705,-0.04609842,-0.052903056,-0.2599144,0.010546636,-0.05820638,-0.38114864,-0.025219724,-0.070780516,-0.32416108,-0.04309826,-0.062318563,-0.26877216,-0.043312825,-0.0059484243,-0.25403655,-0.005194755,-0.007312238,-0.37706316,-0.036747217,-0.023906827,-0.31977236,-0.04590416,-0.020291269,-0.26118916,-0.04125072,0.040164173,-0.23196048,-0.023571994,0.023227394,-0.29954514,-0.044421367,0.0043857694,-0.2623601,-0.048930876,0.005119145,-0.22133225,-0.046254583
-0.08820844,-0.06528604,-0.02016651,-0.12345719,-0.18414307,-0.020894583,-0.07012361,-0.25766206,-0.026276076,-0.0077488422,-0.23781967,-0.026338797,-0.10249674,-0.24649858,0.034043327,-0.111037314,-0.34397578,0.0048324526,-0.119980216,-0.2879394,-0.015788425,-0.114694715,-0.24038249,-0.02475689,-0.056955397,-0.258034,0.030242462,-0.062354267,-0.37224966,-0.004774903,-0.07284379,-0.30868304,-0.021665467,-0.064627826,-0.25974214,-0.01961891,-0.009767711,-0.25156736,0.01727908,-0.00907588,-0.36827284,-0.013101508,-0.025650918,-0.3116712,-0.020888334,-0.022731662,-0.2610036,-0.014042486,0.038023174,-0.23285556,0.00090343243,0.024250865,-0.30006894,-0.016362932,0.0035298467,-0.2701882,-0.02032109,0.0031712651,-0.23838925,-0.016654124
-0.0864889,-0.06776768,-0.01727684,-0.11939025,-0.18547475,-0.019525837,-0.06519055,-0.25668645,-0.02784517,-0.0032901764,-0.24641341,-0.03294607,-0.095632255,-0.25023764,0.031039366,-0.10630089,-0.34872565,0.002220922,-0.11525148,-0.29549277,-0.018756002,-0.107941926,-0.24843127,-0.028759997,-0.05150217,-0.26397622,0.023842553,-0.056280613,-0.38223442,-0.011541927,-0.06799275,-0.31711468,-0.028464902,-0.05827719,-0.26196265,-0.026849547,-0.0055368543,-0.25823855,0.008278684,-0.007080853,-0.37885737,-0.02433452,-0.023321033,-0.31303173,-0.03092608,-0.015791655,-0.2553398,-0.0230234,0.041193843,-0.23858637,-0.010241686,0.022203684,-0.3045122,-0.029977795,0.0039405227,-0.26357937,-0.03224067,0.010417283,-0.22340935,-0.027177634
-0.08899963,-0.06887776,-0.016818317,-0.119924545,-0.18783855,-0.017053926,-0.064909935,-0.2591713,-0.023316076,-0.0037577152,-0.24739265,-0.025668368,-0.09589708,-0.24889863,0.0341975,-0.10654414,-0.35034183,0.006150825,-0.113875985,-0.29707336,-0.013852266,-0.106322944,-0.250458,-0.023276733,-0.050855517,-0.26357752,0.027770896,-0.05659294,-0.3816262,-0.005918519,-0.067540705,-0.31781054,-0.022032531,-0.058110237,-0.26625443,-0.020624673,-0.004837692,-0.25799966,0.012660173,-0.0058616996,-0.38021064,-0.018107371,-0.02211082,-0.3151646,-0.024099486,-0.016187072,-0.25843543,-0.016618548,0.04220295,-0.23777491,-0.005595888,0.0266155,-0.30108756,-0.02425389,0.006801963,-0.26513594,-0.02752472,0.009649456,-0.23005152,-0.023766354
-0.09256548,-0.07202405,-0.020569948,-0.12462264,-0.19092262,-0.020714272,-0.06350523,-0.26661462,-0.026275625,0.0030165315,-0.25690705,-0.026836067,-0.10307068,-0.25194937,0.042874664,-0.11096591,-0.35469303,0.013961812,-0.11775142,-0.29557145,-0.007495505,-0.11004096,-0.24640238,-0.017085742,-0.05468297,-0.26475137,0.039031863,-0.058551192,-0.38513553,0.00051421626,-0.069098175,-0.31356758,-0.020109566,-0.05957979,-0.2564432,-0.019075973,-0.0064386725,-0.26087248,0.025401857,-0.00806576,-0.3835544,-0.009635359,-0.024426043,-0.3156901,-0.020457253,-0.017498195,-0.2562313,-0.013658301,0.041837215,-0.24621248,0.008525642,0.018884838,-0.304874,-0.012570263,-0.00075662136,-0.26411265,-0.018815743,0.0059629083,-0.22762674,-0.015509511
-0.09256548,-0.07202405,-0.020569948,-0.12462264,-0.19092262,-0.020714272,-0.06350523,-0.26661462,-0.026275625,0.0030165315,-0.25690705,-0.026836067,-0.10307068,-0.25194937,0.042874664,-0.11096591,-0.35469303,0.013961812,-0.11775142,-0.29557145,-0.007495505,-0.11004096,-0.24640238,-0.017085742,-0.05468297,-0.26475137,0.039031863,-0.058551192,-0.38513553,0.00051421626,-0.069098175,-0.31356758,-0.020109566,-0.05957979,-0.2564432,-0.019075973,-0.0064386725,-0.26087248,0.025401857,-0.00806576,-0.3835544,-0.009635359,-0.024426043,-0.3156901,-0.020457253,-0.017498195,-0.2562313,-0.013658301,0.041837215,-0.24621248,0.008525642,0.018884838,-0.304874,-0.012570263,-0.00075662136,-0.26411265,-0.018815743,0.0059629083,-0.22762674,-0.015509511
-0.091403365,-0.06878555,-0.013554452,-0.12380302,-0.18990856,-0.011157426,-0.07067633,-0.26718664,-0.015689578,-0.01041013,-0.2511266,-0.01524846,-0.10060638,-0.255571,0.045743562,-0.10821909,-0.35979855,0.017539749,-0.118130505,-0.30326003,-0.003179132,-0.11061567,-0.25021404,-0.0120965475,-0.053063273,-0.26509327,0.03884951,-0.057326317,-0.38674042,0.0009826666,-0.07094699,-0.31944466,-0.01926564,-0.06222844,-0.26023275,-0.018263131,-0.0047540665,-0.25933522,0.0229939,-0.004599035,-0.38786834,-0.00861607,-0.023205161,-0.32859457,-0.017975988,-0.018259764,-0.26940703,-0.011378248,0.043738246,-0.24294978,0.004201627,0.02694428,-0.31270945,-0.013262071,0.0026364923,-0.2792892,-0.018270226,0.0027909875,-0.24208558,-0.015228283
-0.09333581,-0.06492525,-0.014771157,-0.12780976,-0.17907196,-0.013593884,-0.077634096,-0.25479114,-0.019087736,-0.018505692,-0.24504375,-0.019631479,-0.10362369,-0.2417618,0.04371401,-0.111888945,-0.34228426,0.016028523,-0.1197319,-0.28767794,-0.0041332007,-0.11310083,-0.24001157,-0.013218257,-0.057976782,-0.25311172,0.03678159,-0.06343311,-0.37074775,0.00023835275,-0.07450974,-0.3080526,-0.01921703,-0.06623268,-0.25726068,-0.018675217,-0.010754347,-0.2506165,0.020743381,-0.010514259,-0.37334493,-0.010599407,-0.02698487,-0.32246152,-0.020089366,-0.023781598,-0.27486032,-0.014490295,0.037751973,-0.23650783,0.0016708678,0.02187872,-0.30396968,-0.014982104,-0.0018306375,-0.27277774,-0.018919446,-0.0049845576,-0.2400505,-0.01590868
-0.08809972,-0.06375879,-0.01682317,-0.12661386,-0.1859582,-0.017793553,-0.07821357,-0.26597184,-0.02532552,-0.015189469,-0.24753237,-0.028327378,-0.10212892,-0.24695027,0.037224464,-0.10844451,-0.35091984,0.009275854,-0.11700684,-0.30064708,-0.012120848,-0.11017156,-0.25082093,-0.022518339,-0.056328177,-0.26021767,0.03084805,-0.05860275,-0.3801182,-0.0040529575,-0.07194996,-0.32367456,-0.023277627,-0.064805865,-0.26897186,-0.023935664,-0.00955683,-0.25752372,0.015661228,-0.0081676245,-0.38306373,-0.013352882,-0.026188314,-0.3264652,-0.022092227,-0.023259163,-0.26646912,-0.016674325,0.038681805,-0.24347568,-0.0030046399,0.024026096,-0.31475002,-0.017804986,-7.2836876e-05,-0.28374088,-0.02180492,-0.0027383566,-0.24548268,-0.019417142
-0.08812678,-0.060689867,-0.019443436,-0.12699944,-0.1776784,-0.023287168,-0.07476324,-0.2542795,-0.03301696,-0.009881616,-0.24132204,-0.038729873,-0.100120604,-0.23709822,0.026635243,-0.10979998,-0.33935246,-0.0061135045,-0.11815494,-0.2832628,-0.027501686,-0.10938138,-0.2339071,-0.036753897,-0.055844903,-0.25135702,0.020342661,-0.061644495,-0.36999863,-0.019516535,-0.07442993,-0.30334592,-0.036427826,-0.063247085,-0.24918854,-0.033606324,-0.009848595,-0.2503941,0.0051748487,-0.013374567,-0.37259674,-0.029790446,-0.03090632,-0.3068567,-0.035842303,-0.022654593,-0.2511788,-0.026571594,0.037599623,-0.23713928,-0.013229167,0.014378488,-0.30298883,-0.03214809,-0.0069379807,-0.26285005,-0.03426743,-0.0013762712,-0.22499627,-0.029024743
-0.08577061,-0.059223592,-0.017862378,-0.124262094,-0.18050432,-0.020454094,-0.074011445,-0.25928974,-0.029031929,-0.009052873,-0.23796743,-0.033357695,-0.10195464,-0.24191976,0.028325338,-0.10801762,-0.34478518,-0.0020560762,-0.11680615,-0.29015535,-0.022856751,-0.11025709,-0.24090993,-0.032356545,-0.05767995,-0.2557385,0.021848982,-0.06076449,-0.37759078,-0.016072271,-0.07332307,-0.31542712,-0.03326748,-0.064376175,-0.2582807,-0.0313239,-0.010969996,-0.254201,0.0069256,-0.011415184,-0.379898,-0.025153559,-0.02901256,-0.3208208,-0.03290039,-0.023961246,-0.26121926,-0.025707921,0.036963165,-0.24068362,-0.011239194,0.01805669,-0.31362653,-0.028648924,-0.005467713,-0.27979195,-0.032526664,-0.004839182,-0.23860341,-0.029224547
-0.09298372,-0.063943624,-0.014173385,-0.12753242,-0.17905235,-0.013247589,-0.077182114,-0.25630796,-0.0189252,-0.017168462,-0.2449317,-0.019835917,-0.10523498,-0.23448074,0.043330938,-0.11213225,-0.33633214,0.0163517,-0.119576156,-0.28132123,-0.003497925,-0.11188108,-0.23068035,-0.012082371,-0.06016463,-0.24625832,0.03721964,-0.06550062,-0.36547396,0.00078643963,-0.07674497,-0.29951644,-0.018543499,-0.06657511,-0.24160343,-0.017273907,-0.013679564,-0.24584585,0.022378076,-0.01680553,-0.3732429,-0.0074762967,-0.032425344,-0.31975526,-0.01684022,-0.025042832,-0.26526737,-0.010691658,0.033380866,-0.23493993,0.0046008374,0.012624204,-0.30391592,-0.01041154,-0.009848118,-0.27269405,-0.014351876,-0.008156478,-0.23671949,-0.011107161
-0.090938926,-0.06027299,-0.013126423,-0.12853187,-0.17056382,-0.013544588,-0.083248615,-0.2477988,-0.02139205,-0.024086833,-0.24069917,-0.025242135,-0.10487801,-0.2265665,0.038732126,-0.1148929,-0.32539007,0.009952862,-0.12058216,-0.26723266,-0.009532382,-0.10934383,-0.21773303,-0.01773198,-0.06349158,-0.24043667,0.030881936,-0.071701765,-0.35750276,-0.007964619,-0.08071947,-0.28563577,-0.025460271,-0.06673801,-0.2274872,-0.022401113,-0.018667161,-0.24424899,0.014628279,-0.026874721,-0.36856887,-0.018550863,-0.04083562,-0.30870402,-0.024817392,-0.029207647,-0.254416,-0.015460634,0.027870357,-0.23797011,-0.004335276,-0.00030636787,-0.30940235,-0.020976428,-0.018798769,-0.27277952,-0.022052411,-0.009539366,-0.23322546,-0.016126458
-0.0912596,-0.062021732,-0.013457415,-0.12962478,-0.17355019,-0.013822597,-0.0837847,-0.25009078,-0.021533646,-0.025663674,-0.2377497,-0.025196342,-0.1081422,-0.22722644,0.039027587,-0.117443144,-0.3252112,0.011267713,-0.12259084,-0.27045763,-0.007837662,-0.11281705,-0.22476381,-0.016166069,-0.066743135,-0.24192518,0.031091196,-0.072399676,-0.35948464,-0.007044583,-0.081067204,-0.29181778,-0.024292314,-0.0702247,-0.23405409,-0.021334518,-0.021962404,-0.24562025,0.014708411,-0.026868522,-0.3690771,-0.01724196,-0.039028347,-0.31087887,-0.023587901,-0.029847682,-0.2556005,-0.014681621,0.024489105,-0.2390464,-0.004559091,0.00042241812,-0.3098008,-0.019248681,-0.017907023,-0.27530807,-0.020066613,-0.011847496,-0.23611093,-0.014552634
-0.090112865,-0.06053096,-0.012010987,-0.13133878,-0.1692428,-0.0091581205,-0.08831018,-0.24944162,-0.014519372,-0.02864021,-0.24536693,-0.015869625,-0.1075024,-0.21584022,0.049450576,-0.120640755,-0.30851424,0.02447843,-0.12476981,-0.25276703,0.0063737314,-0.113138914,-0.21029764,-0.0012469452,-0.07006341,-0.23317462,0.0422999,-0.08058983,-0.34409347,0.0061012264,-0.08730215,-0.27427113,-0.011426576,-0.07381636,-0.22184658,-0.008332086,-0.029136777,-0.2429635,0.026306577,-0.03952092,-0.3602953,-0.0053808214,-0.049425066,-0.29920477,-0.011174376,-0.03636074,-0.24682748,-0.0007993373,0.014886677,-0.24467212,0.007395042,-0.0113132,-0.32735622,-0.0061836634,-0.027404487,-0.2887066,-0.0049273395,-0.017098963,-0.24467725,0.0027006438
-0.091664314,-0.06115043,-0.008452807,-0.12919295,-0.16614628,-0.0038862799,-0.087773204,-0.24413359,-0.00770189,-0.031138182,-0.24105626,-0.0077371,-0.10461265,-0.20941287,0.052329727,-0.11666924,-0.3034445,0.030138444,-0.1234352,-0.24815392,0.013617592,-0.11356723,-0.20462412,0.006939326,-0.06720787,-0.2254898,0.04474227,-0.077883184,-0.3386209,0.011865976,-0.085638225,-0.2692393,-0.0049501294,-0.07207698,-0.21612841,-0.0020240652,-0.026361406,-0.23469174,0.028992428,-0.038416743,-0.35257697,0.0007471777,-0.049341798,-0.29078925,-0.0045049917,-0.03628236,-0.23647851,0.005494589,0.017184436,-0.23678571,0.01068572,-0.009206235,-0.3205918,-0.0006209993,-0.026516259,-0.28385323,0.0011040927,-0.016705692,-0.23910517,0.00870569
-0.09148103,-0.05999911,-0.008501422,-0.13017094,-0.16543466,-0.0034755075,-0.08843666,-0.2405985,-0.006999879,-0.03026694,-0.23189133,-0.006866009,-0.103990495,-0.21105683,0.053302802,-0.11603916,-0.3053732,0.032319676,-0.12362486,-0.25242615,0.016752217,-0.11207509,-0.21056026,0.010341706,-0.06751853,-0.2280348,0.045908384,-0.07754433,-0.34159333,0.013643144,-0.08705813,-0.2726819,-0.0025763784,-0.07237816,-0.21920788,0.0006085687,-0.02748245,-0.23817432,0.030211352,-0.038159072,-0.35781682,0.0021315268,-0.05056858,-0.29583466,-0.003861887,-0.03674251,-0.24035788,0.0054793837,0.014670908,-0.24084568,0.011922827,-0.012757361,-0.32441112,-1.3776642e-05,-0.030433893,-0.2870444,0.00033469457,-0.018905878,-0.24178517,0.0068588853
-0.09062928,-0.061499894,-0.016540382,-0.12695354,-0.1691361,-0.018645609,-0.079540014,-0.24282128,-0.027417334,-0.020661771,-0.23569,-0.032534353,-0.102232456,-0.22456545,0.03604041,-0.11223978,-0.3196685,0.00898111,-0.11942476,-0.26881278,-0.01086954,-0.10877007,-0.22361892,-0.020323224,-0.06237334,-0.23902476,0.03012296,-0.06845194,-0.3531283,-0.0069012223,-0.07989609,-0.2874686,-0.025331551,-0.067549646,-0.23097318,-0.024319042,-0.019960105,-0.24350178,0.015863243,-0.023726523,-0.3680007,-0.016529582,-0.03884542,-0.31192058,-0.024241531,-0.02853036,-0.2565111,-0.016756235,0.024866462,-0.237149,-0.0014440718,0.00070512295,-0.3102392,-0.018168356,-0.017705142,-0.27559716,-0.020057822,-0.009092271,-0.23481506,-0.015270885
-0.088787556,-0.05845058,-0.013529351,-0.12750345,-0.16906011,-0.012347189,-0.083839715,-0.24473035,-0.01841398,-0.02495563,-0.2347675,-0.020464346,-0.102874815,-0.22788668,0.04169368,-0.10940778,-0.3234814,0.015258768,-0.117503464,-0.2752862,-0.0036321962,-0.11019385,-0.2309202,-0.011759009,-0.06022334,-0.24016213,0.034392342,-0.06280863,-0.35377464,-0.0011584031,-0.07540548,-0.29493165,-0.01871513,-0.06636506,-0.24417776,-0.016756305,-0.015420973,-0.2418207,0.018418565,-0.015204668,-0.3598284,-0.011331282,-0.032711208,-0.31286964,-0.019215923,-0.026931226,-0.26683456,-0.012230972,0.031169116,-0.23350036,-0.00056478794,0.012874484,-0.30733776,-0.013216608,-0.009602666,-0.2799214,-0.0140645,-0.008133411,-0.24644876,-0.009253857
-0.0851717,-0.058321834,-0.019766979,-0.12196064,-0.17944819,-0.023157721,-0.06934184,-0.2547593,-0.03197531,-0.0055173635,-0.24022865,-0.03641179,-0.093593776,-0.24536353,0.022089178,-0.10052365,-0.35230675,-0.01088754,-0.10914302,-0.29082263,-0.03083605,-0.10169548,-0.2394653,-0.03952439,-0.048081994,-0.258007,0.015225384,-0.05084473,-0.381464,-0.022172173,-0.06453109,-0.30977303,-0.03496807,-0.054168224,-0.25887167,-0.030621653,-0.0017648935,-0.2520795,-0.00047020384,-0.00033831596,-0.37607396,-0.033802338,-0.020304441,-0.30525208,-0.035017308,-0.014428139,-0.2534004,-0.02407357,0.046949744,-0.23193318,-0.019602453,0.0305385,-0.29629982,-0.0378116,0.006602943,-0.25313783,-0.037195377,0.008693635,-0.2166081,-0.031022104
-0.085995734,-0.059798956,-0.019378575,-0.121034324,-0.18162346,-0.021930726,-0.070222676,-0.2543034,-0.029843736,-0.008898973,-0.23085952,-0.03332778,-0.092443824,-0.25106412,0.02616116,-0.09678799,-0.35689294,-0.005357738,-0.108834624,-0.3018695,-0.026097793,-0.102259934,-0.251239,-0.035891626,-0.046299994,-0.26233637,0.0188644,-0.046886504,-0.38592464,-0.017903417,-0.06384504,-0.32362783,-0.033435352,-0.05399859,-0.2742474,-0.03151855,0.0013769865,-0.25531775,0.0026619127,0.00600183,-0.38192034,-0.030128187,-0.016200483,-0.32293284,-0.03583333,-0.011086106,-0.27418196,-0.028697187,0.05088657,-0.2332148,-0.016981391,0.037985206,-0.301107,-0.036384936,0.011998475,-0.26095998,-0.03872061,0.01270175,-0.22262669,-0.03506918
-0.08111864,-0.055370808,-0.019754115,-0.11706722,-0.18686056,-0.024046468,-0.062357187,-0.25823307,-0.032437805,0.004056573,-0.23029244,-0.03691749,-0.08469266,-0.26223046,0.008076907,-0.09014058,-0.3689563,-0.025628136,-0.09851086,-0.30262488,-0.044905618,-0.09201634,-0.2459535,-0.053344112,-0.03575152,-0.27213943,0.00014854808,-0.03480822,-0.3987063,-0.03690454,-0.05059296,-0.3224317,-0.046983168,-0.04339075,-0.26654774,-0.04077223,0.01364094,-0.25901282,-0.015455239,0.020605505,-0.38246715,-0.047663186,-0.0020734072,-0.30949527,-0.04743975,0.0005232692,-0.25571668,-0.036246985,0.06341368,-0.22936511,-0.034153275,0.04987991,-0.29554063,-0.053458005,0.024908185,-0.25142306,-0.052570827,0.026041329,-0.21357393,-0.04622941
-0.077631295,-0.055850327,-0.021684492,-0.11576152,-0.19537354,-0.025861342,-0.062877715,-0.27051574,-0.03439826,0.007993698,-0.23092163,-0.038366903,-0.081759155,-0.27860254,0.011448161,-0.0856908,-0.38361007,-0.024009893,-0.09679055,-0.31862885,-0.045471556,-0.09051454,-0.26002342,-0.05608969,-0.032405257,-0.28902203,0.0029166904,-0.029461384,-0.4154021,-0.036590435,-0.04897511,-0.3399803,-0.049207777,-0.041300118,-0.28429925,-0.04479687,0.017653942,-0.27253753,-0.01399509,0.028216243,-0.39535087,-0.046829004,0.0018078685,-0.31616533,-0.045551382,0.0026382208,-0.26104897,-0.033845715,0.06836563,-0.23723084,-0.034686204,0.058975816,-0.29841518,-0.054648627,0.033374548,-0.24908763,-0.054098587,0.03461349,-0.21208847,-0.04813694
-0.079487324,-0.05426061,-0.022006152,-0.117862046,-0.19486046,-0.02550267,-0.061780512,-0.268049,-0.032771792,0.009835362,-0.22889769,-0.03535041,-0.084664226,-0.27896637,0.010903825,-0.08759862,-0.3819942,-0.024624284,-0.09847385,-0.31303298,-0.04481438,-0.09268391,-0.25501454,-0.05435955,-0.035062194,-0.29032868,0.002830393,-0.031496882,-0.4155382,-0.03721404,-0.050608277,-0.3333553,-0.04776488,-0.043009043,-0.2783742,-0.041061465,0.015881538,-0.27420592,-0.01377472,0.026243567,-0.3938797,-0.04754963,0.0004298687,-0.31075782,-0.045124024,0.0024726987,-0.25847745,-0.032132864,0.06775129,-0.23947394,-0.03403993,0.055590868,-0.29565716,-0.055262227,0.03098005,-0.24326026,-0.054622475,0.034168124,-0.2087233,-0.04811344
-0.07811946,-0.050138116,-0.022117117,-0.12005043,-0.18990993,-0.025691899,-0.067596376,-0.26554948,-0.033107426,0.004715383,-0.23142421,-0.03563033,-0.084154665,-0.27645433,0.009426557,-0.09109229,-0.38480186,-0.026945058,-0.09821463,-0.30998993,-0.046167515,-0.09031016,-0.2512675,-0.0545295,-0.03457284,-0.2880224,0.0010537572,-0.033329368,-0.41493273,-0.038090453,-0.05014944,-0.32596606,-0.04558933,-0.04220873,-0.27411795,-0.036804,0.015900254,-0.27201855,-0.016078051,0.023676038,-0.392334,-0.05023817,0.00014430285,-0.30335635,-0.04433001,0.0034137368,-0.25409347,-0.02888505,0.067145705,-0.23719257,-0.03691237,0.05505365,-0.29439563,-0.05824519,0.032725096,-0.23668474,-0.05476313,0.03763956,-0.202326,-0.046090163
-0.07646841,-0.05317831,-0.021059085,-0.115508735,-0.19318044,-0.02523111,-0.061050534,-0.26513046,-0.03360562,0.0102568865,-0.2305556,-0.037913173,-0.08166647,-0.27987558,0.009387804,-0.08792567,-0.38755846,-0.02584322,-0.095914006,-0.31806052,-0.04629738,-0.08883804,-0.25782764,-0.05591022,-0.032176793,-0.29083908,0.00034298474,-0.029603839,-0.41838706,-0.037975308,-0.04670739,-0.334594,-0.048078697,-0.04033047,-0.27757627,-0.041767426,0.018371224,-0.27392662,-0.016978512,0.028282106,-0.3935995,-0.05006477,0.0037708282,-0.30885297,-0.04785823,0.0043516755,-0.25438875,-0.035520397,0.06897998,-0.23797226,-0.037764244,0.058511198,-0.29572892,-0.05798273,0.035438538,-0.24149394,-0.055985603,0.03817022,-0.20515692,-0.049001545
-0.077484846,-0.05052179,-0.023306258,-0.11285329,-0.18750471,-0.029529847,-0.05525732,-0.25685114,-0.03957964,0.016216159,-0.22325134,-0.04534131,-0.084153175,-0.27757978,0.0070199226,-0.088546574,-0.3844375,-0.029769609,-0.092874646,-0.31419468,-0.05166954,-0.08543515,-0.25415295,-0.06196697,-0.032462656,-0.28918684,-0.0018914749,-0.024776876,-0.41749445,-0.041639537,-0.040569663,-0.33595055,-0.052261557,-0.036964893,-0.27919447,-0.04599627,0.017793238,-0.27134842,-0.019290552,0.030880928,-0.3860878,-0.053372186,0.008883834,-0.30122203,-0.049991768,0.008823037,-0.2489863,-0.036433175,0.068682194,-0.23435062,-0.04048837,0.062408626,-0.2895531,-0.060908344,0.040504694,-0.23478115,-0.057496015,0.040824115,-0.19901192,-0.04919138
-0.07619506,-0.049647212,-0.024997415,-0.11204648,-0.1861713,-0.03068181,-0.0536685,-0.25384682,-0.039048173,0.014963746,-0.22052085,-0.04292483,-0.086091995,-0.27526647,0.003283175,-0.08780372,-0.38114142,-0.03359367,-0.09128487,-0.30825192,-0.05478205,-0.08569175,-0.24723393,-0.06439872,-0.032643676,-0.28806096,-0.0037384296,-0.024277687,-0.4158283,-0.04272199,-0.03769809,-0.3301155,-0.05196363,-0.03417325,-0.27469146,-0.044916276,0.018193603,-0.270508,-0.019163879,0.036303222,-0.3829211,-0.052086644,0.015051544,-0.2992578,-0.047907654,0.011318088,-0.25084937,-0.034335088,0.068306446,-0.23388594,-0.038382858,0.0688957,-0.2917884,-0.057401527,0.048210084,-0.23922616,-0.052869786,0.04502201,-0.20500392,-0.0440989
-0.07697302,-0.047153175,-0.026516289,-0.113285065,-0.18522596,-0.031484317,-0.05555576,-0.25493914,-0.038831133,0.014277339,-0.22232473,-0.040998474,-0.08934444,-0.27341157,0.004657174,-0.08984518,-0.3812707,-0.032015994,-0.09434998,-0.30972517,-0.0524532,-0.08995688,-0.24865788,-0.061391674,-0.03597814,-0.28704196,-0.001225349,-0.027509153,-0.41716895,-0.040985145,-0.040536046,-0.33409053,-0.05061808,-0.03706342,-0.2769212,-0.0434696,0.014682829,-0.27055186,-0.015791459,0.034092188,-0.3867309,-0.04936024,0.014236748,-0.3050592,-0.045603026,0.00972712,-0.25479192,-0.03201861,0.064754605,-0.23526484,-0.034316216,0.06728804,-0.29412925,-0.054712657,0.047979057,-0.24231768,-0.05156197,0.04380238,-0.2063703,-0.043408923
-0.07616264,-0.053113937,-0.028252417,-0.11296809,-0.19523734,-0.033007056,-0.05311829,-0.26359862,-0.03988306,0.01831597,-0.22805905,-0.040447928,-0.09079474,-0.28353447,0.0060157645,-0.08834702,-0.38768077,-0.033317424,-0.09231651,-0.3094399,-0.054126788,-0.08818835,-0.2502213,-0.06307362,-0.0367406,-0.29619026,0.0007355975,-0.026750743,-0.4222589,-0.041162506,-0.039135695,-0.33027732,-0.048766058,-0.03482449,-0.27805007,-0.039593495,0.015014172,-0.2785383,-0.014206264,0.034653187,-0.38974237,-0.04940759,0.014758885,-0.30120158,-0.042256255,0.011490703,-0.25491488,-0.02587265,0.06602913,-0.24263507,-0.033597782,0.06987119,-0.29824436,-0.055476613,0.04914683,-0.24301887,-0.051877096,0.044537127,-0.20947176,-0.042986345
-0.07635802,-0.05244845,-0.02711027,-0.11238468,-0.19390339,-0.03203629,-0.054025948,-0.26274073,-0.039739657,0.016911924,-0.22860122,-0.041871887,-0.08841652,-0.28108072,0.007917454,-0.08763927,-0.38678372,-0.029168444,-0.09221989,-0.31546855,-0.05078876,-0.08805269,-0.25435704,-0.06085969,-0.034899533,-0.29487336,0.0018993263,-0.024839163,-0.4241935,-0.039420497,-0.038253605,-0.34106135,-0.05089036,-0.034864604,-0.28217196,-0.044674788,0.015602827,-0.2779168,-0.013144755,0.036045372,-0.39167106,-0.046425976,0.01617086,-0.30876774,-0.042474505,0.011587858,-0.2577262,-0.028685652,0.06607956,-0.24197042,-0.03255695,0.07002741,-0.29719418,-0.05207792,0.050409377,-0.24525386,-0.049126167,0.045397937,-0.21001232,-0.041202042
-0.07580119,-0.056172848,-0.028837906,-0.111049,-0.1945231,-0.03461617,-0.053064704,-0.2571271,-0.041874368,0.015737891,-0.21888083,-0.042900518,-0.08719307,-0.2836479,0.002492694,-0.08328056,-0.38870272,-0.03666804,-0.08807492,-0.311742,-0.057118963,-0.08561283,-0.25385785,-0.06538614,-0.032530427,-0.29406142,-0.002082979,-0.019546509,-0.42038,-0.042679336,-0.032491565,-0.33154488,-0.049487572,-0.032111764,-0.28199476,-0.03991206,0.01888293,-0.27519608,-0.01608815,0.040781736,-0.38185185,-0.050426252,0.020644128,-0.29944623,-0.04536959,0.014487505,-0.25770587,-0.030595146,0.06812757,-0.23804885,-0.034355056,0.07517284,-0.29331195,-0.054606732,0.055291295,-0.24388897,-0.051293336,0.049202442,-0.2135908,-0.042948592
-0.07490218,-0.054666698,-0.029756058,-0.10930431,-0.1966151,-0.03453453,-0.048771977,-0.2593658,-0.040124133,0.0237301,-0.2238586,-0.03913613,-0.084667325,-0.28355432,-0.00045378134,-0.079842985,-0.38718644,-0.040063273,-0.087181985,-0.30765712,-0.058623713,-0.08542347,-0.2528993,-0.06592917,-0.030285716,-0.29425865,-0.0041605844,-0.015905082,-0.4187885,-0.0460813,-0.03161162,-0.3241862,-0.050414555,-0.03043425,-0.27872908,-0.038954347,0.021100879,-0.27516788,-0.017419029,0.044149816,-0.38130003,-0.05289607,0.021496117,-0.2937407,-0.044600744,0.016399264,-0.2564928,-0.027744476,0.071547985,-0.23975134,-0.035046604,0.07733613,-0.29246753,-0.057615343,0.056762636,-0.24036074,-0.054523364,0.0525257,-0.21331042,-0.04617667
-0.076660156,-0.054843128,-0.032997645,-0.11002946,-0.19953799,-0.038254324,-0.047489524,-0.25904286,-0.043069407,0.02490753,-0.2213493,-0.041404128,-0.07906073,-0.29570007,-0.004666442,-0.06984043,-0.3915905,-0.044558786,-0.08155674,-0.31061393,-0.063786976,-0.083247006,-0.26340753,-0.07241375,-0.024756908,-0.3033113,-0.0070386743,-0.0053173304,-0.4218359,-0.048763085,-0.02557218,-0.32732284,-0.053331252,-0.028200746,-0.28587013,-0.043099973,0.025809526,-0.2819764,-0.01911834,0.053198993,-0.3886243,-0.05654471,0.027373672,-0.29882348,-0.04995025,0.018614054,-0.25674963,-0.034586,0.07526708,-0.2438479,-0.0357078,0.083450854,-0.29692864,-0.063022554,0.060462713,-0.24136734,-0.06302986,0.052744746,-0.2094785,-0.056519397
-0.07797909,-0.054975092,-0.03513739,-0.109769225,-0.1982879,-0.043175295,-0.045221448,-0.25401157,-0.050642375,0.027148664,-0.21346754,-0.051478934,-0.0777185,-0.29262155,-0.008355779,-0.06714666,-0.38831675,-0.05063954,-0.07982558,-0.31044275,-0.07282713,-0.08290142,-0.25606978,-0.0831925,-0.022010326,-0.29892325,-0.011024212,-0.0015158653,-0.4213075,-0.055427447,-0.021863997,-0.33399016,-0.0639898,-0.025724411,-0.28817672,-0.05659475,0.02820915,-0.2758075,-0.023358732,0.05841732,-0.38227338,-0.061396785,0.032259405,-0.29573935,-0.05638682,0.020703197,-0.25346273,-0.042425603,0.07631546,-0.23523343,-0.04047771,0.087288916,-0.28563827,-0.06702524,0.064083636,-0.23188663,-0.067268,0.05335301,-0.20199949,-0.061506707
-0.07797909,-0.054975092,-0.03513739,-0.109769225,-0.1982879,-0.043175295,-0.045221448,-0.25401157,-0.050642375,0.027148664,-0.21346754,-0.051478934,-0.0777185,-0.29262155,-0.008355779,-0.06714666,-0.38831675,-0.05063954,-0.07982558,-0.31044275,-0.07282713,-0.08290142,-0.25606978,-0.0831925,-0.022010326,-0.29892325,-0.011024212,-0.0015158653,-0.4213075,-0.055427447,-0.021863997,-0.33399016,-0.0639898,-0.025724411,-0.28817672,-0.05659475,0.02820915,-0.2758075,-0.023358732,0.05841732,-0.38227338,-0.061396785,0.032259405,-0.29573935,-0.05638682,0.020703197,-0.25346273,-0.042425603,0.07631546,-0.23523343,-0.04047771,0.087288916,-0.28563827,-0.06702524,0.064083636,-0.23188663,-0.067268,0.05335301,-0.20199949,-0.061506707
-0.075609446,-0.05734825,-0.03722254,-0.105047405,-0.20185804,-0.04618126,-0.040662766,-0.2545936,-0.053971075,0.031019628,-0.21333766,-0.05492777,-0.076156676,-0.29552257,-0.010059307,-0.059827328,-0.38882154,-0.054053295,-0.07325697,-0.31254286,-0.07768057,-0.078508615,-0.25706363,-0.088360704,-0.0198012,-0.30140984,-0.01141813,0.004670143,-0.42493394,-0.058106635,-0.015771985,-0.3398161,-0.06825442,-0.022281408,-0.28831792,-0.060982972,0.030588508,-0.27848488,-0.022561714,0.06026292,-0.38073224,-0.06166694,0.035950184,-0.29493177,-0.058324527,0.022180796,-0.24673998,-0.04448562,0.07873368,-0.23832428,-0.038634025,0.08951533,-0.2871101,-0.06552563,0.067840576,-0.23368579,-0.067110784,0.054413676,-0.1999734,-0.061799496
-0.07620931,-0.059020042,-0.0372435,-0.105371594,-0.20203388,-0.04718551,-0.03910458,-0.25491756,-0.055773705,0.032055557,-0.21335024,-0.057699542,-0.0762496,-0.29789913,-0.01228033,-0.060723603,-0.3907969,-0.056149658,-0.074278,-0.31235236,-0.07944255,-0.078709185,-0.25862294,-0.09035536,-0.020489275,-0.30309105,-0.013760561,0.00364542,-0.42444992,-0.059535366,-0.016531527,-0.33451807,-0.068198726,-0.021936953,-0.2873872,-0.060587395,0.030149698,-0.28032428,-0.02487847,0.06173873,-0.38568997,-0.064218245,0.035888553,-0.29661906,-0.059595086,0.022751391,-0.25007212,-0.045392238,0.07870239,-0.24030137,-0.04085895,0.089497685,-0.29008847,-0.06849321,0.06649709,-0.23500818,-0.06942729,0.05431837,-0.20318806,-0.06374465
-0.07702488,-0.054896057,-0.034813058,-0.105715394,-0.19820803,-0.042619802,-0.03684044,-0.25102055,-0.048907544,0.036922574,-0.2128129,-0.049277596,-0.07403231,-0.29522222,-0.012176828,-0.059862435,-0.38491714,-0.05284225,-0.07378191,-0.30658346,-0.07423323,-0.078802586,-0.25357997,-0.084448695,-0.018547177,-0.30076253,-0.014177248,0.004380226,-0.42143723,-0.05675184,-0.015958905,-0.3315059,-0.06417741,-0.021345437,-0.28344274,-0.056178305,0.031488955,-0.27703083,-0.02513029,0.06312764,-0.38073367,-0.062350143,0.037532568,-0.2921158,-0.05800266,0.02415514,-0.24688458,-0.044638004,0.07925528,-0.23568463,-0.040557366,0.0903002,-0.28314674,-0.06790526,0.06789547,-0.22707063,-0.06879229,0.055828154,-0.19636309,-0.06331614
-0.07578373,-0.058832824,-0.040043492,-0.09940559,-0.2021684,-0.049129978,-0.028451324,-0.25373882,-0.056145344,0.041955054,-0.21409643,-0.056306075,-0.06832981,-0.29807675,-0.010339551,-0.05119139,-0.3892244,-0.053276937,-0.06440812,-0.3098384,-0.0758524,-0.06910002,-0.25783998,-0.08581898,-0.010499835,-0.30040425,-0.01004303,0.017129123,-0.42049626,-0.054879308,-0.0038236976,-0.33089983,-0.06297609,-0.010845721,-0.28527147,-0.054217946,0.039156556,-0.27488506,-0.019915331,0.07789153,-0.3783712,-0.061036166,0.0507735,-0.29055238,-0.057791952,0.034879148,-0.2462486,-0.04331193,0.08463895,-0.23180616,-0.034593794,0.10264301,-0.28072947,-0.064191066,0.079313695,-0.22673607,-0.06541117,0.06449616,-0.1963821,-0.05895856
-0.072217464,-0.06489539,-0.042858414,-0.09155303,-0.20703173,-0.051467292,-0.020077646,-0.251512,-0.056678794,0.05129254,-0.21892744,-0.0542349,-0.064320564,-0.30525994,-0.012619756,-0.03818226,-0.38790742,-0.05757396,-0.056140006,-0.30838823,-0.0797728,-0.066503406,-0.26409608,-0.08923457,-0.0061025023,-0.3029713,-0.009550997,0.027059615,-0.41796553,-0.05679771,0.0039888024,-0.3242644,-0.06454592,-0.005761802,-0.28442538,-0.055439543,0.043854535,-0.27532184,-0.0171274,0.08411652,-0.37495583,-0.06031795,0.057191074,-0.29102612,-0.058354437,0.039645314,-0.25281936,-0.04467971,0.0886001,-0.2321564,-0.029489754,0.1072759,-0.28244114,-0.06081198,0.08539921,-0.2350334,-0.06481276,0.06919491,-0.20971674,-0.0605751
-0.066250026,-0.06757414,-0.038929485,-0.078748226,-0.2021969,-0.048857383,-0.010591865,-0.24465084,-0.056751866,0.056574047,-0.21609032,-0.05814797,-0.04738331,-0.30910194,-0.012964341,-0.021464527,-0.38058248,-0.05682959,-0.037635922,-0.30822712,-0.08041094,-0.044746697,-0.26495856,-0.09187629,0.014093459,-0.30096585,-0.013470843,0.05254489,-0.41342062,-0.063506134,0.027616858,-0.3245262,-0.07555403,0.017959893,-0.27841425,-0.069421425,0.062195122,-0.26449138,-0.02324241,0.108447194,-0.36043894,-0.06717589,0.080165625,-0.278889,-0.06473634,0.061256707,-0.23881674,-0.050402816,0.102778554,-0.21346372,-0.037213508,0.12542146,-0.26541692,-0.065692805,0.10444796,-0.22331494,-0.06647215,0.08698994,-0.20096481,-0.060316447
-0.06826717,-0.07144827,-0.044922907,-0.075972795,-0.20691001,-0.052409746,-0.002740562,-0.24845678,-0.05460438,0.06620878,-0.22740072,-0.049017332,-0.05215156,-0.30936575,-0.017699247,-0.01972574,-0.37918738,-0.059475414,-0.037246525,-0.2968601,-0.07894694,-0.045482635,-0.2610337,-0.08838771,0.013152003,-0.30231565,-0.011988242,0.052116275,-0.41131657,-0.058403607,0.025660336,-0.30897492,-0.06496113,0.016625166,-0.27406037,-0.05630782,0.062542796,-0.26751226,-0.01614582,0.10793269,-0.3605063,-0.058605008,0.07808542,-0.27272898,-0.053593833,0.061824083,-0.24065268,-0.038938623,0.10291135,-0.21977913,-0.024859771,0.12387717,-0.26489437,-0.054184582,0.10265666,-0.21901572,-0.056278393,0.08741349,-0.20158017,-0.051898632
-0.0703097,-0.07279694,-0.041785117,-0.08191109,-0.20822763,-0.04971293,-0.010188222,-0.24834973,-0.053972185,0.062021255,-0.21981353,-0.05115525,-0.04572159,-0.30875784,-0.013978981,-0.017993271,-0.376391,-0.05751555,-0.03762412,-0.30268502,-0.07937137,-0.04616803,-0.26283973,-0.0899505,0.016355217,-0.2995721,-0.011510608,0.05392909,-0.40793586,-0.061133012,0.025278091,-0.31608814,-0.07106639,0.015415132,-0.27553856,-0.063718796,0.06352693,-0.26289093,-0.018848779,0.10972649,-0.35543793,-0.063466,0.07740271,-0.27557623,-0.060120016,0.060203254,-0.2426073,-0.04555849,0.10317397,-0.21322542,-0.030597573,0.124433696,-0.2592324,-0.06042336,0.101509035,-0.21503127,-0.061982952,0.08523458,-0.1954624,-0.056655034
-0.06904906,-0.068678975,-0.03907023,-0.07726222,-0.20560127,-0.04501654,-0.0037708879,-0.24465209,-0.04720522,0.06596464,-0.21383876,-0.042910215,-0.04334116,-0.3133456,-0.014667413,-0.013330042,-0.37801087,-0.05599187,-0.03270942,-0.30109942,-0.07703335,-0.04131341,-0.26101446,-0.0879903,0.021624029,-0.30369574,-0.012290382,0.061602533,-0.41134664,-0.06265435,0.031683624,-0.31397998,-0.07366693,0.021099329,-0.27042764,-0.06694718,0.069266915,-0.2657553,-0.018488301,0.11535877,-0.35655117,-0.062025163,0.0818938,-0.26781422,-0.056616124,0.064694226,-0.2302295,-0.040738244,0.109242976,-0.21609098,-0.028747495,0.1294151,-0.26113832,-0.058166213,0.10619211,-0.21414703,-0.058917552,0.09193164,-0.19599193,-0.052908845
-0.067870855,-0.06819934,-0.039192855,-0.079867244,-0.20062715,-0.047482867,-0.009800136,-0.23755807,-0.052461334,0.05738139,-0.20616722,-0.05130529,-0.0406276,-0.31308448,-0.015800772,-0.012789249,-0.37660822,-0.058110796,-0.032869875,-0.2981012,-0.07927538,-0.041675925,-0.25649428,-0.08927838,0.021972835,-0.30340344,-0.01448498,0.06128472,-0.4068671,-0.063750274,0.03044808,-0.30594862,-0.07153576,0.019328654,-0.26103532,-0.061744094,0.07065737,-0.2655607,-0.022168899,0.116521895,-0.35197258,-0.066591516,0.08145511,-0.26304257,-0.061007213,0.06427735,-0.22585374,-0.044074092,0.110284746,-0.2139942,-0.033787925,0.13096827,-0.2583959,-0.062280927,0.10530108,-0.20964104,-0.060794063,0.09144777,-0.1896941,-0.052693106
-0.06919396,-0.071207106,-0.042037543,-0.079509914,-0.20247233,-0.049592275,-0.009588897,-0.23879105,-0.05326093,0.053091705,-0.20272702,-0.05018367,-0.045055807,-0.3116721,-0.014078424,-0.012803733,-0.377149,-0.057752535,-0.0343796,-0.2997524,-0.079748414,-0.044616938,-0.25823188,-0.090102255,0.018534303,-0.30135715,-0.010909687,0.058397174,-0.40613115,-0.061672106,0.027173579,-0.30674464,-0.07104861,0.016722977,-0.26513827,-0.062252928,0.067311645,-0.26381308,-0.017418066,0.11219269,-0.3491506,-0.06233395,0.0768041,-0.25897777,-0.057739384,0.059559405,-0.2236563,-0.041459437,0.10593152,-0.21327251,-0.028346041,0.12656456,-0.254189,-0.056966405,0.10086918,-0.20677179,-0.057418697,0.08676869,-0.1890524,-0.050971188
-0.06815177,-0.06648922,-0.040055342,-0.078679144,-0.19845104,-0.049407322,-0.008472323,-0.2342475,-0.056211136,0.05806285,-0.19822115,-0.05763873,-0.03596133,-0.30380338,-0.015664129,-0.00844425,-0.3714835,-0.060741954,-0.028875887,-0.3011878,-0.085763104,-0.04025817,-0.2538641,-0.097551174,0.025403798,-0.29160428,-0.015774086,0.06831008,-0.39997935,-0.06647993,0.03886968,-0.31058747,-0.07986224,0.025010347,-0.26194054,-0.07406897,0.071302,-0.25297016,-0.025031654,0.12007624,-0.3406161,-0.07172448,0.08708739,-0.25929397,-0.07271526,0.06587136,-0.21915668,-0.05970355,0.107497156,-0.19945478,-0.03814461,0.13171285,-0.24574226,-0.068071924,0.10878956,-0.2010566,-0.06925721,0.091869,-0.17814529,-0.06313178
-0.07205355,-0.073474765,-0.043216906,-0.08327967,-0.20153993,-0.055006128,-0.007185042,-0.23441249,-0.06402544,0.06383556,-0.2048744,-0.06767476,-0.03902763,-0.30520988,-0.015363609,-0.013551414,-0.3687782,-0.062607564,-0.029179215,-0.29760182,-0.090938695,-0.039053142,-0.25036216,-0.10481498,0.023236036,-0.29479945,-0.014896912,0.06454086,-0.40190047,-0.06763188,0.038675845,-0.3112681,-0.083534926,0.024064004,-0.2603858,-0.0789162,0.07060027,-0.2583714,-0.024154417,0.11998677,-0.343113,-0.073419,0.08764577,-0.26035064,-0.07606752,0.063721895,-0.21945709,-0.06336188,0.10677916,-0.20565248,-0.037641857,0.13199747,-0.24635512,-0.06964533,0.10623574,-0.19643402,-0.07118443,0.084836006,-0.17250103,-0.06467228
-0.068715334,-0.0725916,-0.045822006,-0.07804251,-0.20077884,-0.057537735,-0.0054499507,-0.23335558,-0.06544528,0.0636251,-0.20198923,-0.067052335,-0.03531587,-0.3088529,-0.017367974,-0.0077715516,-0.3704127,-0.06506366,-0.02565676,-0.29649228,-0.09181684,-0.035051882,-0.25114888,-0.10481893,0.026909411,-0.29601228,-0.0147347655,0.068084836,-0.39833772,-0.06926398,0.039129913,-0.30410242,-0.08400869,0.025823593,-0.25802696,-0.078638755,0.0732522,-0.25702274,-0.022099998,0.12123871,-0.33906662,-0.07241618,0.08717495,-0.25498348,-0.072879985,0.06644541,-0.21735829,-0.0587933,0.10923082,-0.20374256,-0.033911075,0.1323536,-0.24240762,-0.06696157,0.10744172,-0.193569,-0.06910792,0.08991414,-0.17307991,-0.063043095
-0.06658912,-0.06910175,-0.045597162,-0.07777017,-0.20218879,-0.0569719,-0.0074805617,-0.23703587,-0.063714445,0.058054507,-0.19624454,-0.06403272,-0.039216995,-0.31238383,-0.021858772,-0.005146146,-0.37200034,-0.06669729,-0.026027322,-0.29425693,-0.089749865,-0.03625667,-0.25433505,-0.10098171,0.024381936,-0.29963356,-0.018430794,0.06816691,-0.40319318,-0.07128576,0.036308408,-0.30779058,-0.08251701,0.024070382,-0.26503015,-0.07436881,0.07284212,-0.25999796,-0.02429611,0.12176943,-0.3404531,-0.07210829,0.085406005,-0.2548743,-0.07078495,0.06570387,-0.21976954,-0.055598985,0.110862195,-0.20780933,-0.034442313,0.13317418,-0.24422193,-0.0650626,0.107752025,-0.19765103,-0.06643072,0.09332228,-0.18036264,-0.059813056
-0.066248596,-0.06806481,-0.039608758,-0.078092515,-0.20060724,-0.049598265,-0.010810196,-0.23409444,-0.056531083,0.051966846,-0.1894235,-0.057965036,-0.0378595,-0.3102135,-0.018757898,-0.0056554675,-0.37209535,-0.062755816,-0.026565313,-0.29969072,-0.08586978,-0.038160026,-0.25483745,-0.09674432,0.024987757,-0.2973196,-0.01904765,0.070854604,-0.40235746,-0.07114148,0.039164603,-0.30910116,-0.08236469,0.024572194,-0.26088756,-0.0738622,0.07348281,-0.2573821,-0.028044887,0.12375885,-0.3390575,-0.074848846,0.08714229,-0.25754017,-0.07491938,0.06523907,-0.22227168,-0.06088742,0.11109865,-0.20433438,-0.04073132,0.13389182,-0.24180067,-0.06999394,0.106359184,-0.19558728,-0.070803896,0.089191854,-0.17602563,-0.06416232
-0.0691337,-0.06967908,-0.043896556,-0.08166063,-0.19477755,-0.056277942,-0.011115968,-0.22867656,-0.06411128,0.05351013,-0.19600695,-0.06583009,-0.04288864,-0.30709487,-0.024664233,-0.009880483,-0.36861408,-0.06878331,-0.02974248,-0.2884422,-0.09104735,-0.040118933,-0.24799508,-0.1015026,0.021752834,-0.29493314,-0.02197958,0.06417531,-0.40009296,-0.07308202,0.033543766,-0.30045187,-0.082752556,0.020141304,-0.25614417,-0.07371745,0.071605146,-0.2563954,-0.027946962,0.11964154,-0.33823538,-0.07513113,0.0834654,-0.2521748,-0.07360282,0.062330365,-0.21748918,-0.058414172,0.109161496,-0.2044968,-0.037684064,0.1298908,-0.2409808,-0.066437185,0.104277074,-0.194238,-0.0655717,0.089565575,-0.17755193,-0.057598557
-0.06779468,-0.07011849,-0.04222222,-0.083758116,-0.19617385,-0.054912016,-0.018615484,-0.22791076,-0.064009055,0.04626304,-0.18992859,-0.06731767,-0.042826176,-0.30185193,-0.023273934,-0.011759281,-0.3701709,-0.06831256,-0.030081451,-0.29444098,-0.09161779,-0.04083228,-0.25088084,-0.10249988,0.02060461,-0.29022735,-0.022626372,0.06272155,-0.4003995,-0.07481121,0.034068942,-0.30423212,-0.08632306,0.020067036,-0.25766283,-0.078295216,0.069592,-0.2512921,-0.030654559,0.11922628,-0.3381893,-0.07831104,0.08595806,-0.25643873,-0.07862957,0.064050615,-0.22162575,-0.06452877,0.10666335,-0.19799155,-0.04232587,0.13113248,-0.23865515,-0.07122014,0.10753775,-0.19438702,-0.070808105,0.09093076,-0.17578888,-0.06328529
-0.0697934,-0.06596732,-0.040213425,-0.0850659,-0.19594288,-0.051615387,-0.015536189,-0.23237014,-0.05895388,0.051688313,-0.1980409,-0.06011839,-0.04686445,-0.30444348,-0.026472252,-0.015068173,-0.37156296,-0.069115125,-0.036213517,-0.29256648,-0.088706724,-0.045762897,-0.2544223,-0.098310776,0.017438471,-0.29468727,-0.025958994,0.06037104,-0.4026754,-0.07519762,0.028446734,-0.3045032,-0.08135155,0.016926289,-0.2651102,-0.07119298,0.06686437,-0.25584674,-0.033730324,0.11355281,-0.33979917,-0.07747339,0.077463925,-0.25496942,-0.071276255,0.060545146,-0.22571665,-0.055111505,0.106583,-0.2037754,-0.04538117,0.12698108,-0.24429822,-0.07337096,0.1020841,-0.20015752,-0.071695216,0.09045446,-0.18593657,-0.06431974
-0.0688324,-0.073343754,-0.04398897,-0.08322531,-0.19758642,-0.058135018,-0.017699182,-0.23062444,-0.0687056,0.04698676,-0.19113088,-0.0733497,-0.038098335,-0.31031364,-0.023002537,-0.008902967,-0.37225825,-0.06856921,-0.031375587,-0.2957936,-0.09265589,-0.04187846,-0.25584292,-0.10466893,0.025472522,-0.29482645,-0.021977406,0.06836134,-0.39820045,-0.07471489,0.03478408,-0.30298907,-0.08655206,0.021087885,-0.2606781,-0.07969944,0.07344133,-0.25222188,-0.029944725,0.122977436,-0.3344367,-0.077625915,0.08425999,-0.25288135,-0.07629005,0.06271845,-0.21882802,-0.061780524,0.109164596,-0.19633883,-0.041952856,0.13352793,-0.23816502,-0.07062835,0.106888175,-0.19390959,-0.06963963,0.09083867,-0.17482394,-0.062034532
-0.07008302,-0.07152945,-0.04237436,-0.08610946,-0.20006186,-0.0563912,-0.017392337,-0.23343748,-0.067155525,0.048422158,-0.19199568,-0.07216663,-0.037631214,-0.30706286,-0.022598783,-0.010363579,-0.37105227,-0.068119586,-0.031623185,-0.29441226,-0.09156782,-0.04175383,-0.25205547,-0.10229743,0.024705827,-0.29461104,-0.022736723,0.06661332,-0.4000891,-0.07461452,0.034710348,-0.30521107,-0.084530994,0.021495879,-0.2604081,-0.07499939,0.07294816,-0.25506663,-0.031936564,0.12316233,-0.33444196,-0.080195524,0.086277425,-0.25305492,-0.07947157,0.06531328,-0.22078878,-0.06401936,0.11043841,-0.20063657,-0.044955388,0.13474262,-0.23904598,-0.073244214,0.108807385,-0.19475341,-0.071205646,0.093286574,-0.17732763,-0.062058136
-0.06623244,-0.07564139,-0.04786035,-0.080688536,-0.19934642,-0.06648696,-0.013548076,-0.22739333,-0.08252029,0.055154085,-0.18513852,-0.09288993,-0.028547466,-0.3076743,-0.023543544,-0.0030580163,-0.36640018,-0.07846464,-0.022474587,-0.2925682,-0.11163684,-0.032739997,-0.24405217,-0.12869503,0.03282559,-0.29219455,-0.024371097,0.077133596,-0.39237478,-0.08817181,0.046055675,-0.29810667,-0.1099199,0.029881835,-0.25065607,-0.108299404,0.07873291,-0.2503875,-0.035119355,0.13113654,-0.3303529,-0.09127352,0.09471536,-0.24712819,-0.09432587,0.07035285,-0.20994169,-0.08082537,0.11382824,-0.19450438,-0.050453883,0.14316827,-0.23179501,-0.08334857,0.11701262,-0.1869945,-0.08388596,0.097358584,-0.16928613,-0.07663829
-0.06566399,-0.07546443,-0.045295097,-0.07913017,-0.19901508,-0.06476098,-0.008510411,-0.22190893,-0.08224858,0.06262523,-0.17770857,-0.09543947,-0.027861059,-0.3046183,-0.02673703,-0.0049238205,-0.36609888,-0.07971484,-0.023830056,-0.2945277,-0.11255276,-0.03472966,-0.2444753,-0.1297039,0.03390169,-0.28928417,-0.029094681,0.07836372,-0.3901532,-0.08927811,0.0466702,-0.29761654,-0.11061059,0.028743982,-0.2468872,-0.109809734,0.0807212,-0.24771434,-0.04058182,0.13468301,-0.32950288,-0.094758876,0.0973081,-0.24795425,-0.10103545,0.07159066,-0.20536143,-0.09049797,0.11533326,-0.19059455,-0.056098193,0.1421687,-0.22743237,-0.08885811,0.11637032,-0.18326336,-0.09106809,0.09830141,-0.16269803,-0.08540416
-0.06676352,-0.08010632,-0.04676191,-0.08074492,-0.20884776,-0.06458599,-0.011574745,-0.23567492,-0.07921448,0.058902025,-0.18508762,-0.08792463,-0.03083551,-0.31302643,-0.025870489,-0.0017065406,-0.36981302,-0.0771632,-0.021653473,-0.29097277,-0.10568148,-0.031247377,-0.24840826,-0.12064073,0.031613827,-0.29745352,-0.0259012,0.07779956,-0.3988932,-0.08845461,0.0453341,-0.29779643,-0.106069446,0.030292034,-0.2529167,-0.10126141,0.0778867,-0.25506234,-0.035281844,0.13075513,-0.33444476,-0.089483954,0.09240872,-0.24934566,-0.09031722,0.06967634,-0.21554285,-0.0753575,0.113058805,-0.20062518,-0.049058825,0.1408453,-0.23722589,-0.080273494,0.1139279,-0.19315076,-0.08081149,0.09685922,-0.17860472,-0.073765114
-0.06484854,-0.075884104,-0.036694456,-0.0767439,-0.20203519,-0.05206812,-0.007095337,-0.22607613,-0.06690197,0.060509562,-0.17814177,-0.07769698,-0.025130153,-0.3062625,-0.01872634,0.0005814433,-0.3687694,-0.06660528,-0.017052412,-0.30084217,-0.09673852,-0.028383136,-0.24973196,-0.11261971,0.034907103,-0.2905268,-0.024202667,0.082889855,-0.39250696,-0.07987894,0.052629173,-0.30567336,-0.09912504,0.033127964,-0.251661,-0.09703033,0.08031726,-0.24780023,-0.03780275,0.13547009,-0.32928902,-0.085672595,0.100366354,-0.2519923,-0.08902919,0.07415146,-0.21023631,-0.07746154,0.11443019,-0.18933052,-0.055048082,0.1419558,-0.22879452,-0.082766995,0.11792582,-0.187698,-0.08237304,0.099972606,-0.1685512,-0.07539911
-0.06586778,-0.07896626,-0.040776845,-0.0777697,-0.20387852,-0.05777964,-0.006259799,-0.22784913,-0.07300978,0.06269848,-0.17972493,-0.0837837,-0.025935888,-0.30984223,-0.02365573,0.0017838478,-0.3660046,-0.07349255,-0.017445743,-0.2943107,-0.10336022,-0.027519166,-0.24640018,-0.11887598,0.03493291,-0.29263842,-0.027082289,0.08397102,-0.39150319,-0.085438475,0.051421046,-0.30130494,-0.103927754,0.033744574,-0.2518248,-0.10075242,0.08099604,-0.24895442,-0.039016914,0.13585627,-0.32608563,-0.09032803,0.0978663,-0.24835986,-0.09417141,0.07378352,-0.21152246,-0.08211613,0.11555374,-0.19100124,-0.054671936,0.1415664,-0.22713286,-0.08433097,0.11458832,-0.18573523,-0.08478275,0.09757745,-0.16908216,-0.07802781
-0.06586778,-0.07896626,-0.040776845,-0.0777697,-0.20387852,-0.05777964,-0.006259799,-0.22784913,-0.07300978,0.06269848,-0.17972493,-0.0837837,-0.025935888,-0.30984223,-0.02365573,0.0017838478,-0.3660046,-0.07349255,-0.017445743,-0.2943107,-0.10336022,-0.027519166,-0.24640018,-0.11887598,0.03493291,-0.29263842,-0.027082289,0.08397102,-0.39150319,-0.085438475,0.051421046,-0.30130494,-0.103927754,0.033744574,-0.2518248,-0.10075242,0.08099604,-0.24895442,-0.039016914,0.13585627,-0.32608563,-0.09032803,0.0978663,-0.24835986,-0.09417141,0.07378352,-0.21152246,-0.08211613,0.11555374,-0.19100124,-0.054671936,0.1415664,-0.22713286,-0.08433097,0.11458832,-0.18573523,-0.08478275,0.09757745,-0.16908216,-0.07802781
-0.06833166,-0.07812965,-0.04253542,-0.07618451,-0.19981569,-0.059109125,0.0012116432,-0.22008932,-0.073091775,0.07211667,-0.17994261,-0.08266003,-0.028012395,-0.30860293,-0.023844685,0.0010597706,-0.3626991,-0.073091164,-0.016384125,-0.28930318,-0.10334386,-0.02681756,-0.23980224,-0.11897914,0.035236776,-0.29137248,-0.025289943,0.08204895,-0.38646668,-0.081733935,0.051847994,-0.2935238,-0.09983926,0.034939706,-0.24284518,-0.09671206,0.08267444,-0.24828094,-0.0354207,0.1361987,-0.32033283,-0.086802095,0.09891915,-0.23870099,-0.09098381,0.07346022,-0.19983107,-0.07917289,0.11731607,-0.19046426,-0.049288575,0.13988888,-0.21958643,-0.081212446,0.1121341,-0.17423034,-0.0826193,0.09342533,-0.15768749,-0.07608378
-0.06759548,-0.08407557,-0.05355178,-0.07736325,-0.20297855,-0.07538134,-0.00077843666,-0.21944582,-0.09296951,0.0687173,-0.17351508,-0.10383467,-0.02701509,-0.31663054,-0.029050598,0.0025681257,-0.3696785,-0.08586096,-0.019143105,-0.290169,-0.11807972,-0.030702889,-0.24450833,-0.13358778,0.037391067,-0.29708183,-0.027110184,0.085994124,-0.3849678,-0.09078607,0.049883366,-0.28323704,-0.10725558,0.03159958,-0.24056071,-0.100984186,0.08523786,-0.25459206,-0.03631132,0.13609189,-0.31456625,-0.09546883,0.09322852,-0.22465229,-0.097245134,0.0681687,-0.19420946,-0.081351265,0.11975932,-0.19735903,-0.05050002,0.14201725,-0.21653992,-0.08580055,0.110538304,-0.16679281,-0.08649725,0.09089595,-0.15421253,-0.078097865
-0.06617761,-0.08124709,-0.045501433,-0.07471603,-0.20490295,-0.0625167,-2.3066998e-05,-0.2232998,-0.0763796,0.06785631,-0.17606598,-0.08463912,-0.025816858,-0.31527495,-0.02375422,0.0051014423,-0.3674144,-0.073979065,-0.015426695,-0.29058492,-0.10236908,-0.027799308,-0.2464146,-0.11649096,0.037409842,-0.29662007,-0.023942824,0.0871045,-0.38661367,-0.08192749,0.05165881,-0.28836584,-0.09642591,0.032574415,-0.24486059,-0.08985047,0.084593475,-0.2527814,-0.033817817,0.1382522,-0.3183071,-0.08717489,0.096251786,-0.2321719,-0.08857526,0.07016975,-0.2005508,-0.073922336,0.11862856,-0.19486749,-0.047885202,0.1426816,-0.21887177,-0.08059822,0.11134088,-0.17146301,-0.08150732,0.09096676,-0.15839213,-0.07406959
-0.06846577,-0.08193821,-0.048193324,-0.07559955,-0.20209688,-0.06703732,0.002672255,-0.22350866,-0.080948494,0.072532,-0.179335,-0.08986436,-0.028670907,-0.31266284,-0.03663299,0.0066573024,-0.35897154,-0.08744167,-0.012691498,-0.28060955,-0.115248926,-0.02214849,-0.2400927,-0.13061282,0.03813857,-0.2939918,-0.03489598,0.08701414,-0.38845837,-0.099619456,0.05276209,-0.28692198,-0.11697562,0.036352098,-0.2424652,-0.11253097,0.08640385,-0.24814552,-0.04122153,0.13960719,-0.31889153,-0.09793119,0.09725875,-0.23086238,-0.09758184,0.072764516,-0.19926566,-0.08230645,0.11955166,-0.19259024,-0.05158772,0.14342636,-0.21682066,-0.08620593,0.112436295,-0.17069769,-0.08724995,0.09452289,-0.16146761,-0.08067472
-0.06846577,-0.08193821,-0.048193324,-0.07559955,-0.20209688,-0.06703732,0.002672255,-0.22350866,-0.080948494,0.072532,-0.179335,-0.08986436,-0.028670907,-0.31266284,-0.03663299,0.0066573024,-0.35897154,-0.08744167,-0.012691498,-0.28060955,-0.115248926,-0.02214849,-0.2400927,-0.13061282,0.03813857,-0.2939918,-0.03489598,0.08701414,-0.38845837,-0.099619456,0.05276209,-0.28692198,-0.11697562,0.036352098,-0.2424652,-0.11253097,0.08640385,-0.24814552,-0.04122153,0.13960719,-0.31889153,-0.09793119,0.09725875,-0.23086238,-0.09758184,0.072764516,-0.19926566,-0.08230645,0.11955166,-0.19259024,-0.05158772,0.14342636,-0.21682066,-0.08620593,0.112436295,-0.17069769,-0.08724995,0.09452289,-0.16146761,-0.08067472
-0.06579977,-0.0767203,-0.040316723,-0.07702893,-0.20125502,-0.056794412,-0.0059551,-0.22219115,-0.07087795,0.06141025,-0.1704042,-0.08058861,-0.024698436,-0.31263018,-0.027993824,0.008569539,-0.366022,-0.07492303,-0.012023628,-0.29164332,-0.100768454,-0.025532663,-0.24750495,-0.11431684,0.03843522,-0.29235935,-0.030412527,0.09083301,-0.3867445,-0.0867189,0.054870248,-0.29000002,-0.099742815,0.033844292,-0.24384946,-0.09327186,0.085368514,-0.24546665,-0.04090369,0.14253098,-0.3173645,-0.091068566,0.10053855,-0.236538,-0.0913934,0.07358736,-0.20388883,-0.07759168,0.11871719,-0.18641067,-0.05489087,0.14702773,-0.22067755,-0.08461237,0.116812885,-0.17793977,-0.084085956,0.097337246,-0.16439271,-0.07703786
-0.06752694,-0.07906371,-0.05102513,-0.07759553,-0.2029872,-0.06939007,-0.006003797,-0.21853316,-0.08256085,0.062208533,-0.16980517,-0.088937014,-0.027182996,-0.32124692,-0.032207396,0.0048894286,-0.3657326,-0.08227895,-0.01732105,-0.28329897,-0.105901144,-0.029147983,-0.25057805,-0.117475405,0.037500262,-0.29977334,-0.028641772,0.08773732,-0.38522685,-0.08932097,0.049889028,-0.2807889,-0.09819846,0.032104373,-0.24885994,-0.08738843,0.08520496,-0.25271696,-0.035167728,0.1377393,-0.31294674,-0.09073074,0.093740046,-0.22613955,-0.086878784,0.07052261,-0.20674169,-0.0688976,0.118596435,-0.19596308,-0.046211306,0.14374441,-0.21767825,-0.08062675,0.111843586,-0.16881943,-0.08077418,0.09453118,-0.16221195,-0.07302272
-0.07278192,-0.068914294,-0.03630634,-0.0935024,-0.19695473,-0.05212796,-0.023463488,-0.23122698,-0.06720709,0.04518503,-0.18497825,-0.078651935,-0.045216262,-0.2992171,-0.019353831,-0.026129842,-0.37452775,-0.06684531,-0.040255785,-0.30590189,-0.09609978,-0.04935646,-0.24851465,-0.10990775,0.014088333,-0.29088414,-0.02404825,0.049532652,-0.39823714,-0.07739348,0.025925994,-0.3102895,-0.09469843,0.010976851,-0.25192732,-0.090309866,0.06158316,-0.25628382,-0.036671262,0.10545778,-0.34294122,-0.08376737,0.07604468,-0.2594387,-0.08613732,0.05487764,-0.21186483,-0.072818026,0.09965354,-0.20542818,-0.052695606,0.11575323,-0.2427566,-0.07929609,0.0926044,-0.1891321,-0.0758648,0.078008175,-0.16128612,-0.065571815
-0.07292575,-0.0669651,-0.033449654,-0.095448315,-0.19612098,-0.04786724,-0.024442136,-0.2339459,-0.06218826,0.04704833,-0.19806808,-0.0732478,-0.050615013,-0.29675132,-0.017104419,-0.032615125,-0.38143498,-0.06131209,-0.044188857,-0.31185198,-0.089568935,-0.05369973,-0.2509324,-0.10262555,0.009609818,-0.29090935,-0.021096578,0.03655678,-0.40263587,-0.06908381,0.018799186,-0.320104,-0.08598808,0.0047788024,-0.25509477,-0.0826476,0.05807185,-0.26176077,-0.032419,0.09488398,-0.35712242,-0.07447699,0.07182616,-0.27491862,-0.07744671,0.050544858,-0.21396893,-0.06571981,0.09714043,-0.21666574,-0.046972867,0.10767889,-0.25869113,-0.07163308,0.088517845,-0.20419133,-0.06882688,0.07390547,-0.16627419,-0.059217766
-0.07456297,-0.060995042,-0.03255605,-0.10258818,-0.19469178,-0.04636573,-0.036826313,-0.24256402,-0.060285572,0.029372334,-0.20790529,-0.069799885,-0.0670557,-0.29480207,-0.015151914,-0.054918766,-0.38836616,-0.05917437,-0.06731033,-0.31217098,-0.08480471,-0.07196176,-0.2551809,-0.0966857,-0.009796143,-0.29665112,-0.020481262,0.010568857,-0.41803357,-0.066420175,-0.009303212,-0.32950497,-0.07830505,-0.015979052,-0.2728867,-0.07251182,0.041229784,-0.2725011,-0.033938933,0.06901181,-0.37579095,-0.07458802,0.04136318,-0.28847814,-0.073734686,0.02680087,-0.23454493,-0.061044488,0.08614856,-0.2301172,-0.051043343,0.091065526,-0.27954596,-0.075494684,0.067192614,-0.22083133,-0.07276293,0.0567922,-0.18521369,-0.06449563
-0.075877905,-0.0528903,-0.029295037,-0.10848993,-0.18437463,-0.039474532,-0.046135426,-0.23707324,-0.050445933,0.021406889,-0.20402199,-0.057319924,-0.07526213,-0.28284317,-0.007802718,-0.06910771,-0.38230085,-0.04715009,-0.078009784,-0.31004208,-0.07069271,-0.08062464,-0.2520613,-0.08157189,-0.01914823,-0.2885399,-0.01317988,-0.0073657036,-0.4106652,-0.05371999,-0.021314502,-0.32969928,-0.06560279,-0.02509147,-0.27201402,-0.06095613,0.03164965,-0.26848084,-0.026503777,0.05229622,-0.37757942,-0.062323503,0.03167045,-0.29715544,-0.062666476,0.0194695,-0.24199092,-0.0521875,0.07757187,-0.22903001,-0.04336421,0.08029473,-0.28209287,-0.06631804,0.0607872,-0.22516191,-0.06456164,0.05135131,-0.18582618,-0.05757449
-0.07701039,-0.044879854,-0.026040614,-0.12095934,-0.17826074,-0.03342121,-0.06441718,-0.24591619,-0.043401416,0.0110237,-0.21666056,-0.048718862,-0.0919863,-0.27567846,9.677517e-05,-0.09584671,-0.3822046,-0.040307187,-0.10268986,-0.30469757,-0.061826803,-0.0971477,-0.24558377,-0.07088787,-0.0398888,-0.2899807,-0.0069360994,-0.037778854,-0.41366994,-0.04803692,-0.05131626,-0.32150978,-0.055740606,-0.045937896,-0.27395743,-0.0472775,0.012244582,-0.27656758,-0.022807581,0.022574127,-0.38767982,-0.05726578,0.0024187565,-0.2960202,-0.05090727,0.0010687113,-0.25119656,-0.035660107,0.064582944,-0.24469048,-0.042676136,0.059277415,-0.30069888,-0.062444918,0.041417956,-0.24197203,-0.057024367,0.04369068,-0.2119968,-0.047445927
-0.077417016,-0.04172373,-0.025142629,-0.122467875,-0.1779468,-0.031681538,-0.06562865,-0.2498377,-0.041415803,0.012573063,-0.22251612,-0.046592876,-0.09644258,-0.27658653,0.004582035,-0.10455668,-0.38287634,-0.03310834,-0.10693216,-0.30664843,-0.053923998,-0.097100735,-0.24824113,-0.06323784,-0.043731987,-0.29326874,-0.0032469253,-0.045159996,-0.41908026,-0.04334904,-0.05606532,-0.32759064,-0.051889837,-0.047048092,-0.27704245,-0.043766484,0.00889653,-0.2805689,-0.019910494,0.017975807,-0.39713508,-0.053634115,-0.0006119609,-0.3102374,-0.048605792,0.000818789,-0.2662577,-0.03417869,0.06159532,-0.24929863,-0.04048182,0.0551672,-0.3087337,-0.059246622,0.038468897,-0.25257272,-0.053616844,0.042856455,-0.22267842,-0.044032205
-0.07980043,-0.046951532,-0.02389241,-0.12636745,-0.18336707,-0.028158776,-0.0720129,-0.25779372,-0.036004435,0.0022714734,-0.23300493,-0.039449323,-0.09807831,-0.27206302,0.01230559,-0.10654259,-0.37877005,-0.02357693,-0.11198366,-0.30831093,-0.044125598,-0.10286397,-0.25140166,-0.053140797,-0.048091054,-0.28966278,0.0053694188,-0.051863253,-0.41394672,-0.03394675,-0.06261718,-0.32743675,-0.043822978,-0.05174333,-0.27664846,-0.035989895,0.0030341148,-0.28105748,-0.010650312,0.008231044,-0.39767355,-0.044233408,-0.007953107,-0.31619126,-0.04209788,-0.0032917857,-0.27269995,-0.029062035,0.055972338,-0.25358242,-0.030498076,0.04729092,-0.30974287,-0.049688827,0.03165269,-0.25581002,-0.04638863,0.037248075,-0.2262913,-0.038092792
-0.079408586,-0.04263389,-0.027133405,-0.12722361,-0.18029732,-0.03218812,-0.07007563,-0.26038963,-0.039714135,0.007870436,-0.24145633,-0.04173896,-0.10741788,-0.26944375,0.008044211,-0.11768532,-0.37716907,-0.02898365,-0.117908955,-0.29807192,-0.048390877,-0.10678762,-0.24363941,-0.056703176,-0.056251407,-0.29030597,0.0031355303,-0.062017143,-0.41395998,-0.035741694,-0.069903314,-0.31948996,-0.042224597,-0.059203684,-0.27346224,-0.032687463,-0.0044136047,-0.28355008,-0.01127941,-0.0026931763,-0.3961925,-0.04512942,-0.017881274,-0.3052221,-0.03871497,-0.012489557,-0.26188517,-0.023048207,0.04918295,-0.25896686,-0.029907255,0.03576666,-0.31362617,-0.050653804,0.020758152,-0.25515324,-0.046571784,0.028022349,-0.22572166,-0.037487764
-0.07958549,-0.044166088,-0.026139686,-0.1270392,-0.17691284,-0.031700183,-0.072885334,-0.25671095,-0.040803116,0.003168404,-0.23489499,-0.04466399,-0.10597813,-0.26519346,0.010766778,-0.118581,-0.37391695,-0.027178688,-0.11894238,-0.30085075,-0.048481867,-0.10589957,-0.24305099,-0.0575004,-0.055745304,-0.2853045,0.0048245164,-0.06215805,-0.4116724,-0.03378262,-0.071070194,-0.32476115,-0.04184879,-0.058648705,-0.27633756,-0.033589825,-0.0045306683,-0.27767408,-0.010782562,-0.002110362,-0.3924751,-0.044392593,-0.018441856,-0.30499268,-0.03885771,-0.01191479,-0.25863284,-0.02335687,0.048584104,-0.2515669,-0.030682096,0.037874043,-0.31347656,-0.04884221,0.01994145,-0.25902855,-0.04342857,0.025548935,-0.22612786,-0.033662334
-0.07992458,-0.04411459,-0.024007004,-0.12761122,-0.17703688,-0.028110687,-0.077498615,-0.25954133,-0.036174405,-0.0045268536,-0.23540801,-0.039284077,-0.10281253,-0.26667327,0.014466597,-0.115226805,-0.3746451,-0.021484805,-0.120078325,-0.3018126,-0.041509867,-0.10839087,-0.24590409,-0.050071035,-0.054615915,-0.2846319,0.008109222,-0.061565578,-0.40812096,-0.030532427,-0.073940694,-0.31988668,-0.039361306,-0.061625063,-0.27059847,-0.031277776,-0.004232049,-0.27731413,-0.0075402325,-0.004014015,-0.3930739,-0.040859547,-0.02300477,-0.30424863,-0.036274165,-0.016468406,-0.25623435,-0.02116979,0.048826933,-0.25206363,-0.027274786,0.03522402,-0.3135115,-0.044896018,0.014945507,-0.2579161,-0.04017573,0.020944178,-0.2244839,-0.03078995
-0.07959384,-0.048253596,-0.020845935,-0.12321502,-0.18127018,-0.025753606,-0.07341045,-0.25975847,-0.03536065,-0.0019494295,-0.23273069,-0.041019123,-0.09255934,-0.26863736,0.013505028,-0.10606754,-0.37616307,-0.021673799,-0.116126895,-0.31194335,-0.04348133,-0.10541719,-0.25363338,-0.05345595,-0.04560858,-0.28366685,0.0052722497,-0.05281973,-0.40934688,-0.032065548,-0.07082522,-0.33805817,-0.044421595,-0.05997187,-0.28453898,-0.039989877,0.0036421418,-0.27412117,-0.011425115,0.0023934245,-0.39616138,-0.044118818,-0.021153688,-0.31821132,-0.044943236,-0.015302181,-0.26168752,-0.034236647,0.055786848,-0.24658722,-0.031677797,0.037606716,-0.3113417,-0.05135015,0.01358974,-0.26032078,-0.050683413,0.018547773,-0.21913755,-0.044289872
-0.079603195,-0.0719406,-0.0070999768,-0.111400545,-0.20927143,-0.0077181985,-0.06658375,-0.27845418,-0.016819555,-0.004992366,-0.2389729,-0.024077505,-0.07014918,-0.2972473,0.03130368,-0.08465397,-0.3932229,0.0043751355,-0.0957796,-0.33361268,-0.012925856,-0.08179963,-0.28771013,-0.022865297,-0.026458919,-0.30630535,0.015313269,-0.031617343,-0.42779374,-0.02075122,-0.053657293,-0.35210735,-0.033660214,-0.04323131,-0.29649526,-0.02963376,0.018931925,-0.28948247,-0.007857421,0.012029886,-0.40720952,-0.039589275,-0.015335798,-0.3246752,-0.039186537,-0.008243084,-0.2701537,-0.027596641,0.065080225,-0.25568467,-0.033358607,0.028006554,-0.31546867,-0.05068859,0.0038645864,-0.2603433,-0.04844701,0.015651464,-0.2228738,-0.04161323
-0.07476807,-0.06706643,-0.00751331,-0.10868132,-0.20429319,-0.009898643,-0.06951022,-0.2784009,-0.020466791,-0.008628666,-0.24248487,-0.028946757,-0.059844136,-0.3036679,0.02181693,-0.073381245,-0.4059198,-0.010508045,-0.087005496,-0.33441323,-0.02837474,-0.07485294,-0.28079456,-0.037313975,-0.016235173,-0.30854017,0.0047563673,-0.021151125,-0.43136913,-0.03472781,-0.04580462,-0.34264946,-0.04396195,-0.03670448,-0.28624696,-0.036282852,0.028375447,-0.28736484,-0.019527303,0.018307686,-0.40060663,-0.054323986,-0.0120482445,-0.30966175,-0.04942614,-0.0048779845,-0.2583943,-0.033986438,0.07275945,-0.24832052,-0.046102934,0.034860075,-0.309604,-0.06412094,0.007074535,-0.2502535,-0.05836027,0.018422604,-0.21420741,-0.048538666
-0.07476807,-0.06706643,-0.00751331,-0.10868132,-0.20429319,-0.009898643,-0.06951022,-0.2784009,-0.020466791,-0.008628666,-0.24248487,-0.028946757,-0.059844136,-0.3036679,0.02181693,-0.073381245,-0.4059198,-0.010508045,-0.087005496,-0.33441323,-0.02837474,-0.07485294,-0.28079456,-0.037313975,-0.016235173,-0.30854017,0.0047563673,-0.021151125,-0.43136913,-0.03472781,-0.04580462,-0.34264946,-0.04396195,-0.03670448,-0.28624696,-0.036282852,0.028375447,-0.28736484,-0.019527303,0.018307686,-0.40060663,-0.054323986,-0.0120482445,-0.30966175,-0.04942614,-0.0048779845,-0.2583943,-0.033986438,0.07275945,-0.24832052,-0.046102934,0.034860075,-0.309604,-0.06412094,0.007074535,-0.2502535,-0.05836027,0.018422604,-0.21420741,-0.048538666
-0.07787782,-0.069927156,-0.0086191315,-0.10959065,-0.20367175,-0.012336129,-0.06536126,-0.2709229,-0.02372074,-0.004502833,-0.23450297,-0.0337664,-0.06215805,-0.3013714,0.021308156,-0.07519007,-0.39350295,-0.00939047,-0.08987957,-0.33108568,-0.02823704,-0.078763545,-0.28402048,-0.0389419,-0.018292904,-0.3060766,0.0044596707,-0.023065805,-0.42626148,-0.034924936,-0.048659563,-0.34293503,-0.04706566,-0.040193677,-0.28514647,-0.042065747,0.026936293,-0.2840994,-0.019266913,0.018535018,-0.39666778,-0.054661848,-0.012354493,-0.3086751,-0.053072583,-0.006096065,-0.2544092,-0.04019526,0.070846796,-0.2436871,-0.045154396,0.03297454,-0.30038065,-0.06514343,0.0062325597,-0.24244052,-0.062071666,0.017406106,-0.20691562,-0.054327507
-0.07810235,-0.06509924,-0.010152733,-0.11486596,-0.19933027,-0.013881683,-0.07285106,-0.26543868,-0.024795735,-0.008868992,-0.2310422,-0.033868942,-0.064169705,-0.30112392,0.017173301,-0.07982963,-0.39764655,-0.016595077,-0.09344983,-0.32822067,-0.036215693,-0.08308327,-0.27541214,-0.04623219,-0.019202292,-0.30519056,0.0011142051,-0.02685827,-0.42422426,-0.038817186,-0.05192691,-0.33474243,-0.04925957,-0.04361546,-0.2780832,-0.042858385,0.026543796,-0.28268278,-0.022228388,0.016174555,-0.39027908,-0.057246827,-0.014497042,-0.29830897,-0.053952694,-0.008218527,-0.24636352,-0.040057555,0.07105744,-0.24202532,-0.048001535,0.035051703,-0.2942186,-0.06683375,0.007843018,-0.23418117,-0.062263425,0.018494725,-0.20034832,-0.05349605
-0.077916324,-0.053675294,-0.015115615,-0.120491624,-0.17965615,-0.020729814,-0.083940566,-0.2402175,-0.031108968,-0.021929204,-0.21044308,-0.038797233,-0.06643146,-0.29261637,0.0057826308,-0.08836931,-0.37853545,-0.030518334,-0.098069966,-0.30324185,-0.049724884,-0.086109936,-0.25173247,-0.058946844,-0.017735004,-0.2963001,-0.007875685,-0.0322994,-0.40498173,-0.0497868,-0.055500984,-0.3101042,-0.05730799,-0.046480894,-0.2565354,-0.048604473,0.029183328,-0.2707973,-0.028751323,0.011045992,-0.36155635,-0.06662302,-0.016407907,-0.26297557,-0.058847096,-0.009026051,-0.21480703,-0.041340087,0.07496476,-0.2273581,-0.052186143,0.034601808,-0.26218712,-0.074452765,0.008925974,-0.19530702,-0.067882776,0.018752337,-0.16345745,-0.056613404
-0.08341128,-0.046720624,-0.021012556,-0.12781566,-0.165946,-0.0313884,-0.08462185,-0.22239542,-0.04469565,-0.015551448,-0.19233614,-0.05546388,-0.08454001,-0.28201324,-0.0077629876,-0.10561377,-0.36338687,-0.046838786,-0.11108339,-0.28949898,-0.069274075,-0.10122824,-0.23807222,-0.080633394,-0.031793296,-0.2883423,-0.018763302,-0.045006275,-0.39343274,-0.060830813,-0.0627439,-0.30382717,-0.07070251,-0.05529231,-0.24794483,-0.06501306,0.019184113,-0.2655772,-0.036598265,0.009422779,-0.35300142,-0.074317984,-0.016202033,-0.25782257,-0.070170365,-0.015374482,-0.20281428,-0.056089424,0.068635404,-0.22563475,-0.057171937,0.038902223,-0.2564857,-0.07955652,0.012840748,-0.19041157,-0.07461024,0.015134871,-0.15285331,-0.06507064
-0.082362354,-0.04648137,-0.020924922,-0.1298455,-0.16052341,-0.030069217,-0.09350419,-0.21607393,-0.042210296,-0.025767148,-0.18723416,-0.05097795,-0.089090765,-0.28125834,-0.0042198948,-0.10710132,-0.36615184,-0.042132,-0.111151636,-0.28944224,-0.062264036,-0.10141146,-0.24037355,-0.0721687,-0.03570366,-0.28940773,-0.014794121,-0.04601419,-0.39921463,-0.055971764,-0.061749816,-0.30411893,-0.06264311,-0.05354339,-0.2529642,-0.054177105,0.01610905,-0.26669788,-0.032615528,0.010177553,-0.35850757,-0.06899998,-0.013822496,-0.26083934,-0.06098601,-0.011867344,-0.21178031,-0.04399771,0.06699473,-0.22683758,-0.053346463,0.04207009,-0.26349044,-0.07437102,0.017224133,-0.19799155,-0.067477055,0.01972127,-0.16407216,-0.05632023
-0.08304536,-0.046055555,-0.023132415,-0.12938893,-0.15991032,-0.034019243,-0.08975065,-0.2171135,-0.047606345,-0.019591391,-0.19071794,-0.057254195,-0.0920341,-0.27925563,-0.006911924,-0.106936276,-0.3665231,-0.048755366,-0.11090851,-0.2883765,-0.07154564,-0.1014902,-0.23739564,-0.08289586,-0.03827405,-0.28841877,-0.017738368,-0.046466112,-0.4015578,-0.06209929,-0.06050259,-0.30679387,-0.07105142,-0.0515275,-0.25778776,-0.064555995,0.015388191,-0.26740426,-0.03625329,0.014729738,-0.36636555,-0.07508377,-0.008304179,-0.26528227,-0.06657555,-0.00776428,-0.2151506,-0.04943836,0.068066716,-0.2291773,-0.05805088,0.050744176,-0.27209032,-0.08151552,0.026205719,-0.2050001,-0.07489963,0.026177585,-0.16968393,-0.063973896
-0.08168566,-0.048009336,-0.022021092,-0.12903851,-0.15540761,-0.032631792,-0.090495944,-0.20523876,-0.04572566,-0.022014856,-0.18218654,-0.054796852,-0.0940032,-0.27717686,-0.00856683,-0.10724485,-0.35932547,-0.04926168,-0.109674096,-0.2763276,-0.06999954,-0.10027242,-0.22996783,-0.08026269,-0.039758623,-0.2863657,-0.019356873,-0.04623264,-0.39554793,-0.06275997,-0.05855471,-0.29503256,-0.068354376,-0.05086851,-0.24953234,-0.05963057,0.014440954,-0.2656986,-0.03761429,0.01602757,-0.357917,-0.07568545,-0.0061836243,-0.25581568,-0.06530881,-0.007260978,-0.20969003,-0.04732116,0.06664592,-0.22816437,-0.05893379,0.053544402,-0.26655978,-0.08148965,0.02919662,-0.19992131,-0.07398279,0.026964903,-0.16857797,-0.06275958
-0.07912946,-0.05223131,-0.030162508,-0.13023019,-0.14992881,-0.048093252,-0.09998804,-0.19485724,-0.06789159,-0.03249067,-0.17553276,-0.083453566,-0.09091371,-0.28612185,-0.012339783,-0.10702574,-0.35496014,-0.059963346,-0.1080215,-0.26901197,-0.08756884,-0.0969879,-0.22240013,-0.10199595,-0.03597474,-0.29433358,-0.0221166,-0.046007037,-0.3937922,-0.07343724,-0.05772245,-0.29106802,-0.08527494,-0.049951315,-0.24507958,-0.07980791,0.018330753,-0.2728383,-0.040571835,0.01879543,-0.35522908,-0.08756023,-0.0044184327,-0.2510149,-0.08209232,-0.007788658,-0.20323813,-0.06530043,0.06884915,-0.233163,-0.06256541,0.057559907,-0.26527798,-0.09038497,0.030702591,-0.19472533,-0.08509534,0.024061501,-0.16187382,-0.07441036
-0.07912946,-0.05223131,-0.030162508,-0.13023019,-0.14992881,-0.048093252,-0.09998804,-0.19485724,-0.06789159,-0.03249067,-0.17553276,-0.083453566,-0.09091371,-0.28612185,-0.012339783,-0.10702574,-0.35496014,-0.059963346,-0.1080215,-0.26901197,-0.08756884,-0.0969879,-0.22240013,-0.10199595,-0.03597474,-0.29433358,-0.0221166,-0.046007037,-0.3937922,-0.07343724,-0.05772245,-0.29106802,-0.08527494,-0.049951315,-0.24507958,-0.07980791,0.018330753,-0.2728383,-0.040571835,0.01879543,-0.35522908,-0.08756023,-0.0044184327,-0.2510149,-0.08209232,-0.007788658,-0.20323813,-0.06530043,0.06884915,-0.233163,-0.06256541,0.057559907,-0.26527798,-0.09038497,0.030702591,-0.19472533,-0.08509534,0.024061501,-0.16187382,-0.07441036
-0.07607275,-0.048815846,-0.02713414,-0.13035482,-0.14346254,-0.043917652,-0.10379827,-0.190341,-0.062488865,-0.043032467,-0.16909283,-0.07768344,-0.086921275,-0.26700246,-0.018888991,-0.09552896,-0.3440156,-0.064115055,-0.09805596,-0.2679447,-0.08980202,-0.0903855,-0.21764702,-0.102481835,-0.03197378,-0.27468532,-0.028738754,-0.031756938,-0.37745452,-0.07666437,-0.04457307,-0.2797442,-0.08708355,-0.04244238,-0.22803444,-0.08091505,0.020976067,-0.25517625,-0.045729507,0.031061292,-0.32878947,-0.08798477,0.006587684,-0.23300678,-0.08255026,-0.0023767948,-0.1860804,-0.06671541,0.07050854,-0.21769893,-0.065742426,0.06647456,-0.25207776,-0.0867026,0.039925337,-0.18965858,-0.07759451,0.029291332,-0.157228,-0.06522584
-0.074388444,-0.050026298,-0.03244273,-0.13005048,-0.13921487,-0.05198859,-0.10703188,-0.18197405,-0.07202011,-0.046572506,-0.17237157,-0.088286966,-0.08818871,-0.27307844,-0.022575453,-0.09466547,-0.33399165,-0.07104549,-0.09368551,-0.2558692,-0.09858498,-0.08780521,-0.21102273,-0.11199689,-0.029959261,-0.28006345,-0.029728271,-0.028658748,-0.36632103,-0.08252888,-0.039840043,-0.26168036,-0.09336556,-0.040850103,-0.21481317,-0.08640738,0.024645269,-0.2602737,-0.044688098,0.032213986,-0.30830073,-0.089936934,0.009523988,-0.21181124,-0.083351985,1.1980534e-05,-0.17618287,-0.0660493,0.07310736,-0.22425443,-0.06313784,0.069072604,-0.23990291,-0.08279418,0.044955194,-0.17402422,-0.07156162,0.0346995,-0.15086007,-0.057645623
-0.07418311,-0.044921458,-0.03259216,-0.13041645,-0.13447207,-0.05154051,-0.10350478,-0.17732352,-0.070938624,-0.0391258,-0.16462225,-0.08639582,-0.08955377,-0.27147305,-0.02254813,-0.09345186,-0.3343413,-0.07103324,-0.09423387,-0.25461173,-0.0972419,-0.08916193,-0.21029449,-0.10969164,-0.030704439,-0.27682757,-0.02952689,-0.027965128,-0.36142516,-0.08066011,-0.038749278,-0.25380772,-0.08897645,-0.03941661,-0.2123226,-0.08099928,0.024601638,-0.25729442,-0.044738572,0.03246653,-0.30855715,-0.08952812,0.010201871,-0.21089464,-0.08186832,0.0010482073,-0.17952323,-0.06444216,0.07433236,-0.22266573,-0.0634344,0.07008904,-0.24224693,-0.083250545,0.046604753,-0.17462462,-0.071779236,0.036776066,-0.1517722,-0.058037948
-0.07469636,-0.04386741,-0.03114581,-0.13363612,-0.12798995,-0.046548896,-0.12460321,-0.17573851,-0.06257328,-0.07433063,-0.16417092,-0.07437249,-0.090021014,-0.26061314,-0.0148211345,-0.09271532,-0.3338197,-0.059660543,-0.09474361,-0.25994015,-0.08374477,-0.09008825,-0.20940566,-0.094123326,-0.03345108,-0.26820755,-0.02012589,-0.028779864,-0.36088252,-0.06807315,-0.03905654,-0.2575537,-0.07605915,-0.040059566,-0.20980245,-0.067036696,0.020074725,-0.2528448,-0.03361894,0.029720962,-0.30788243,-0.07778905,0.009149373,-0.21172118,-0.07082404,-0.0005953908,-0.17358494,-0.052347254,0.06996298,-0.22106045,-0.05015363,0.06717479,-0.25160617,-0.07043725,0.045203567,-0.18692982,-0.059211574,0.03393489,-0.15964967,-0.04454677
-0.06941831,-0.035951912,-0.0369321,-0.13286602,-0.112580895,-0.055714734,-0.14033312,-0.1600343,-0.07342807,-0.09616339,-0.15339458,-0.0858097,-0.089803815,-0.27001917,-0.017820135,-0.09345448,-0.32170045,-0.06665477,-0.09366423,-0.24526805,-0.0920501,-0.08858937,-0.20234424,-0.10313197,-0.03090167,-0.2746935,-0.021470092,-0.026918411,-0.3411107,-0.07580161,-0.03549677,-0.22856581,-0.08304535,-0.03768581,-0.18972856,-0.07203496,0.023226202,-0.2570706,-0.034382224,0.030352652,-0.28002572,-0.084224574,0.010813832,-0.17969543,-0.07478704,0.00018572807,-0.15694201,-0.053615104,0.07257241,-0.22459549,-0.050992444,0.07019073,-0.23015004,-0.07357277,0.050325513,-0.15830821,-0.06141771,0.039042532,-0.1419462,-0.04545249
-0.06821364,-0.035859346,-0.036681384,-0.13027275,-0.1126793,-0.055885516,-0.13519096,-0.16339844,-0.07384565,-0.09095329,-0.15740204,-0.08619204,-0.086793244,-0.2625723,-0.022505855,-0.08681619,-0.32425684,-0.070108496,-0.087528646,-0.24482292,-0.092972144,-0.08547461,-0.20297527,-0.102628,-0.02691108,-0.26655316,-0.025955861,-0.021932662,-0.33899438,-0.07770902,-0.030191362,-0.22469002,-0.08215399,-0.033242524,-0.18924087,-0.070079304,0.028078258,-0.24809724,-0.03824758,0.039230347,-0.2818576,-0.086829714,0.02014041,-0.18149555,-0.075499564,0.008121371,-0.15757793,-0.053552456,0.07811499,-0.21536773,-0.053964257,0.07768053,-0.23214471,-0.07570149,0.05888188,-0.1607188,-0.061994534,0.047376692,-0.14219892,-0.045170575
-0.07280856,-0.035909057,-0.035466295,-0.1325987,-0.11720717,-0.052010164,-0.12771082,-0.17391312,-0.06806291,-0.08218157,-0.18244672,-0.07851044,-0.09103662,-0.27438307,-0.014174512,-0.08932507,-0.32692462,-0.06310115,-0.086847186,-0.24675864,-0.08879099,-0.086657405,-0.20319933,-0.0997085,-0.030719578,-0.2801596,-0.018454364,-0.024938524,-0.34390587,-0.07135244,-0.03067267,-0.23270535,-0.07906352,-0.03717667,-0.19358206,-0.06859265,0.024659157,-0.2621655,-0.032121465,0.031371057,-0.28795838,-0.08206652,0.016698897,-0.18656212,-0.07320274,0.0045747757,-0.15793157,-0.0519337,0.074946165,-0.22846496,-0.049240187,0.068691134,-0.23592442,-0.07260693,0.050504267,-0.16376889,-0.060756914,0.037727118,-0.14317685,-0.04427741
-0.07134813,-0.03094703,-0.030577486,-0.13433826,-0.10993326,-0.050168138,-0.13127863,-0.16245401,-0.07022643,-0.08210212,-0.15315616,-0.08650298,-0.089977264,-0.25893956,-0.0215181,-0.09445584,-0.32587796,-0.06690273,-0.09356892,-0.25293505,-0.09225862,-0.08775222,-0.20147967,-0.10370145,-0.03228128,-0.2632268,-0.028075762,-0.029784322,-0.34252656,-0.076291986,-0.035718977,-0.23682576,-0.08419541,-0.037056565,-0.18546063,-0.07533684,0.020891368,-0.24774516,-0.042132284,0.027624428,-0.2882548,-0.08618762,0.011975884,-0.19201201,-0.07803161,0.0018331409,-0.15308374,-0.05913974,0.07096106,-0.21728504,-0.05911497,0.06777334,-0.24339432,-0.078449115,0.04947257,-0.17303222,-0.06456874,0.037825406,-0.14209807,-0.048054047
-0.07141811,-0.031168938,-0.031787068,-0.13209969,-0.10852289,-0.05138588,-0.12588984,-0.15955287,-0.070822686,-0.07509887,-0.15538138,-0.08610673,-0.09092498,-0.25990957,-0.022160761,-0.09294778,-0.32503444,-0.06847022,-0.09194839,-0.25117087,-0.09450698,-0.08758962,-0.19911683,-0.106157534,-0.03164071,-0.26454937,-0.02830985,-0.027172387,-0.34243405,-0.076559246,-0.03402418,-0.23621297,-0.08466699,-0.036527276,-0.18539906,-0.075997226,0.022734582,-0.24744135,-0.042142455,0.033236742,-0.28625602,-0.08640771,0.015253067,-0.19069874,-0.07878062,0.0021932125,-0.15221798,-0.060335986,0.07267833,-0.21470231,-0.058960624,0.07212156,-0.23588473,-0.07944104,0.05351603,-0.16730416,-0.06649451,0.040680826,-0.13904834,-0.05033451
-0.07613164,-0.041603804,-0.03237086,-0.13647413,-0.12347287,-0.05298488,-0.12412006,-0.17080766,-0.074304655,-0.06781125,-0.16206777,-0.09197111,-0.08913773,-0.28060287,-0.018682843,-0.0996986,-0.32986283,-0.06522059,-0.101180494,-0.2533546,-0.09337674,-0.092099786,-0.20754838,-0.108031444,-0.031692863,-0.28514254,-0.026506353,-0.032846868,-0.35174346,-0.07572854,-0.043676555,-0.24926126,-0.0863484,-0.043478906,-0.20595586,-0.08052171,0.022431493,-0.26478428,-0.04249197,0.024552345,-0.29166883,-0.08670101,0.0036025643,-0.19773549,-0.08121286,-0.004512131,-0.16709667,-0.065441765,0.07283026,-0.22826928,-0.062069625,0.06442088,-0.2344557,-0.08175761,0.04100281,-0.16655421,-0.070781365,0.030217707,-0.14369655,-0.05712975
-0.07648885,-0.038621902,-0.033598356,-0.13605005,-0.12218416,-0.05467437,-0.11411518,-0.16865665,-0.075892046,-0.052322626,-0.15463388,-0.092931405,-0.087320805,-0.28710353,-0.020165995,-0.09502792,-0.32833272,-0.06755638,-0.0975585,-0.25112665,-0.09565326,-0.09062022,-0.20948976,-0.11066122,-0.028175056,-0.2890466,-0.027456397,-0.030400872,-0.34326923,-0.076509096,-0.041869342,-0.23993564,-0.08554398,-0.040952563,-0.20356649,-0.079466365,0.026946664,-0.26509655,-0.043402456,0.029738724,-0.28378946,-0.08617915,0.0058927536,-0.19034773,-0.07925048,-0.003755927,-0.16574937,-0.06376204,0.07747394,-0.22578645,-0.06340496,0.06701785,-0.2204516,-0.08272738,0.04239136,-0.15355551,-0.07268247,0.031440556,-0.1364178,-0.060339253
-0.07772422,-0.04167646,-0.03455105,-0.13821334,-0.12369889,-0.055089567,-0.12109119,-0.16822016,-0.075752266,-0.060226083,-0.15347373,-0.092525,-0.093399525,-0.28456664,-0.01853783,-0.09781581,-0.3297189,-0.067651816,-0.099693775,-0.25545633,-0.097127065,-0.093363285,-0.21054363,-0.11251211,-0.034008324,-0.28972208,-0.02576137,-0.032896936,-0.35634112,-0.07869025,-0.04328096,-0.25120234,-0.08956539,-0.04369372,-0.20743793,-0.082822144,0.021416783,-0.26858997,-0.041969918,0.027424455,-0.29342473,-0.08907652,0.0052452087,-0.19662249,-0.08419878,-0.0057129264,-0.16660964,-0.06803007,0.071726084,-0.23091918,-0.06205467,0.06539172,-0.22899163,-0.08458806,0.04207307,-0.16066778,-0.07615269,0.029598057,-0.14166743,-0.0639388
-0.07226199,-0.039573133,-0.033279162,-0.13093227,-0.1214627,-0.054827664,-0.11120695,-0.17100996,-0.07661158,-0.04402566,-0.15840393,-0.09483259,-0.09049845,-0.2699868,-0.023044119,-0.09385735,-0.33450294,-0.07173673,-0.095964074,-0.2635994,-0.099745035,-0.09105414,-0.21377033,-0.11336794,-0.030913055,-0.27768672,-0.03045968,-0.029783726,-0.36187023,-0.081618465,-0.039503038,-0.2565903,-0.0908754,-0.038872838,-0.20791483,-0.08246703,0.024900258,-0.25821966,-0.046093363,0.033168137,-0.29629993,-0.09221231,0.0110268,-0.19864267,-0.08687946,-0.00041025877,-0.16418976,-0.0696514,0.076517105,-0.22195232,-0.065042466,0.07078165,-0.23333156,-0.08590568,0.049513996,-0.16438967,-0.07512628,0.03851664,-0.14173973,-0.061004743
-0.0736649,-0.03789115,-0.03188532,-0.13272697,-0.118989825,-0.051077943,-0.11707008,-0.16510028,-0.07059294,-0.05710137,-0.14843756,-0.08674729,-0.09232777,-0.26629615,-0.020014651,-0.09533489,-0.3277254,-0.06772911,-0.09842354,-0.257693,-0.09539745,-0.09338462,-0.20642406,-0.10857595,-0.033109546,-0.27244115,-0.027658395,-0.03064245,-0.35630924,-0.07838388,-0.04133874,-0.25355726,-0.08831455,-0.040990412,-0.20384759,-0.0802397,0.02217853,-0.25289446,-0.04340996,0.032005608,-0.2932551,-0.089523256,0.00927937,-0.19641519,-0.08494489,-0.002637148,-0.1603859,-0.068111226,0.07308489,-0.21670347,-0.062269237,0.06929904,-0.23087186,-0.0840667,0.04714799,-0.16238618,-0.07389631,0.03534621,-0.13817936,-0.059929848
-0.07445043,-0.032878816,-0.0314763,-0.13398165,-0.118074834,-0.051106133,-0.113772094,-0.16681355,-0.07112004,-0.04721433,-0.14535522,-0.08758677,-0.08991289,-0.26736808,-0.022294603,-0.10023862,-0.32345355,-0.067489214,-0.099267185,-0.24679518,-0.09346694,-0.09337318,-0.2000699,-0.106008574,-0.031371117,-0.27314836,-0.030002728,-0.036489308,-0.3551249,-0.07836859,-0.046893656,-0.25310057,-0.08719841,-0.046035826,-0.20343935,-0.07873156,0.023953497,-0.2501799,-0.045225546,0.029113352,-0.29828006,-0.08842384,0.0074751973,-0.20386589,-0.08346162,-0.002067268,-0.16351068,-0.0667717,0.07449418,-0.21038383,-0.06352608,0.06463474,-0.23163307,-0.082914285,0.042385757,-0.16611773,-0.07239301,0.033501327,-0.13850015,-0.058359522
-0.07445043,-0.032878816,-0.0314763,-0.13398165,-0.118074834,-0.051106133,-0.113772094,-0.16681355,-0.07112004,-0.04721433,-0.14535522,-0.08758677,-0.08991289,-0.26736808,-0.022294603,-0.10023862,-0.32345355,-0.067489214,-0.099267185,-0.24679518,-0.09346694,-0.09337318,-0.2000699,-0.106008574,-0.031371117,-0.27314836,-0.030002728,-0.036489308,-0.3551249,-0.07836859,-0.046893656,-0.25310057,-0.08719841,-0.046035826,-0.20343935,-0.07873156,0.023953497,-0.2501799,-0.045225546,0.029113352,-0.29828006,-0.08842384,0.0074751973,-0.20386589,-0.08346162,-0.002067268,-0.16351068,-0.0667717,0.07449418,-0.21038383,-0.06352608,0.06463474,-0.23163307,-0.082914285,0.042385757,-0.16611773,-0.07239301,0.033501327,-0.13850015,-0.058359522
-0.07849038,-0.039356947,-0.030704316,-0.13760638,-0.13417268,-0.04814003,-0.11644715,-0.18679881,-0.066663176,-0.048307,-0.16622376,-0.08146056,-0.09730041,-0.2689618,-0.016427148,-0.10585213,-0.34764802,-0.060207658,-0.10608512,-0.27195537,-0.085193135,-0.10160279,-0.22361487,-0.09787372,-0.041460693,-0.27787519,-0.024573183,-0.04518938,-0.38323903,-0.07206107,-0.05329019,-0.28381902,-0.08196425,-0.05176294,-0.22950703,-0.07520375,0.012539208,-0.25931293,-0.040555164,0.019179523,-0.3379411,-0.08411151,-0.0006905794,-0.23710966,-0.07928408,-0.010980308,-0.18399209,-0.06330006,0.0638693,-0.22245634,-0.05978761,0.0573501,-0.2573573,-0.08325502,0.035712123,-0.18588501,-0.07558977,0.025450468,-0.14745659,-0.06385768
-0.078840554,-0.03909564,-0.03240678,-0.1357441,-0.1367647,-0.050690923,-0.11402297,-0.19359148,-0.07057105,-0.04492098,-0.17334801,-0.08604859,-0.09688157,-0.27578068,-0.010543798,-0.10950494,-0.35822463,-0.05583848,-0.11039269,-0.2829482,-0.083466135,-0.10240543,-0.23079246,-0.097478166,-0.04326743,-0.28528863,-0.018292507,-0.049394786,-0.3911581,-0.06619193,-0.057997465,-0.299677,-0.078555144,-0.054243088,-0.24566787,-0.07344408,0.009964943,-0.2665742,-0.03481126,0.013302624,-0.35362548,-0.07887617,-0.0050524473,-0.25479203,-0.075208545,-0.012197673,-0.19734448,-0.05970178,0.06253916,-0.22867912,-0.05517416,0.053600967,-0.26613355,-0.08125095,0.031306505,-0.19504505,-0.07613996,0.021979332,-0.15259755,-0.06547179
-0.08271742,-0.040667772,-0.026432963,-0.13055038,-0.16821206,-0.038357306,-0.07633793,-0.23682702,-0.052622084,-0.00023460388,-0.20111322,-0.0636126,-0.09943348,-0.2780062,-0.007914203,-0.11211139,-0.37742597,-0.047838323,-0.115272224,-0.3057984,-0.072748914,-0.10479009,-0.24438262,-0.085511185,-0.046323657,-0.28941888,-0.016202902,-0.05103314,-0.41115016,-0.058250856,-0.06452227,-0.32771176,-0.07030483,-0.05839044,-0.2659011,-0.06617245,0.0058804154,-0.27275568,-0.032278076,0.008595228,-0.3804138,-0.06921417,-0.012451708,-0.28983575,-0.068695165,-0.012957215,-0.22759944,-0.057496533,0.05926186,-0.23818773,-0.051858336,0.044261754,-0.2884307,-0.07588683,0.02310294,-0.2255196,-0.074797295,0.023876011,-0.18258011,-0.068202384
-0.07925606,-0.047010064,-0.021659998,-0.12373054,-0.17819941,-0.029059377,-0.07253039,-0.25421625,-0.040882185,-0.00033557415,-0.22305298,-0.048754167,-0.09434849,-0.2762004,0.006857996,-0.10849273,-0.3803348,-0.03155783,-0.11484361,-0.30741173,-0.05414186,-0.10367465,-0.24974191,-0.064909495,-0.044706523,-0.2883193,-0.0030522207,-0.05195284,-0.40903604,-0.043706477,-0.06643021,-0.3249315,-0.054778952,-0.05650705,-0.2749651,-0.049495425,0.006251216,-0.27402765,-0.02143703,0.0054308176,-0.38811073,-0.055548914,-0.01644957,-0.30049497,-0.05200657,-0.012242973,-0.25038773,-0.03886314,0.058758557,-0.24211305,-0.04347808,0.039838552,-0.29865366,-0.06186563,0.019176662,-0.24267906,-0.0577434,0.026152492,-0.210442,-0.04961472
-0.07925606,-0.047010064,-0.021659998,-0.12373054,-0.17819941,-0.029059377,-0.07253039,-0.25421625,-0.040882185,-0.00033557415,-0.22305298,-0.048754167,-0.09434849,-0.2762004,0.006857996,-0.10849273,-0.3803348,-0.03155783,-0.11484361,-0.30741173,-0.05414186,-0.10367465,-0.24974191,-0.064909495,-0.044706523,-0.2883193,-0.0030522207,-0.05195284,-0.40903604,-0.043706477,-0.06643021,-0.3249315,-0.054778952,-0.05650705,-0.2749651,-0.049495425,0.006251216,-0.27402765,-0.02143703,0.0054308176,-0.38811073,-0.055548914,-0.01644957,-0.30049497,-0.05200657,-0.012242973,-0.25038773,-0.03886314,0.058758557,-0.24211305,-0.04347808,0.039838552,-0.29865366,-0.06186563,0.019176662,-0.24267906,-0.0577434,0.026152492,-0.210442,-0.04961472
-0.08000654,-0.044130445,-0.023768542,-0.12474966,-0.17360258,-0.029951308,-0.073204696,-0.2517476,-0.03969177,-0.0023440123,-0.23067176,-0.04584142,-0.092992246,-0.2599672,0.006756272,-0.10227227,-0.36795026,-0.028457956,-0.113589525,-0.30685252,-0.050044324,-0.103900075,-0.2478202,-0.05983619,-0.045244157,-0.27516454,0.00079597207,-0.05033773,-0.4017998,-0.036715887,-0.066788256,-0.33102483,-0.048595395,-0.05531901,-0.27536607,-0.044053312,0.0037204027,-0.26779193,-0.013354066,0.0053110123,-0.38919872,-0.045833964,-0.016620398,-0.3161465,-0.046876654,-0.012128651,-0.2598555,-0.036853824,0.054681778,-0.2434541,-0.03111273,0.03862703,-0.30793083,-0.050046165,0.017815053,-0.25954098,-0.04889724,0.02285391,-0.21978694,-0.042729203
-0.07639593,-0.04693699,-0.025268277,-0.12009984,-0.1815694,-0.03266595,-0.06550437,-0.25664514,-0.043249793,0.007735133,-0.23282403,-0.049045894,-0.090504825,-0.26514578,0.0011021725,-0.09897041,-0.3747851,-0.03888288,-0.10541123,-0.29872847,-0.059818126,-0.096405506,-0.2432881,-0.068863064,-0.041572094,-0.27910626,-0.0061183316,-0.043997526,-0.40278825,-0.04693493,-0.057707787,-0.31496555,-0.054592464,-0.04849583,-0.2710275,-0.046918277,0.008352518,-0.2671553,-0.022141997,0.010904908,-0.38196728,-0.056947965,-0.009193778,-0.29111284,-0.04908712,-0.006110072,-0.24565542,-0.033059206,0.06006491,-0.23831171,-0.04221509,0.04794985,-0.2958935,-0.06167733,0.02979064,-0.23931336,-0.055462323,0.035244524,-0.20909691,-0.045566164
-0.07901716,-0.047222972,-0.021963637,-0.12405783,-0.17845857,-0.027650466,-0.07211739,-0.24648875,-0.037052073,-0.00060623884,-0.20754272,-0.04225075,-0.092027724,-0.27137983,0.005156917,-0.10414678,-0.37608716,-0.03235421,-0.110497296,-0.30326724,-0.053056743,-0.10042447,-0.24635828,-0.06263728,-0.043021142,-0.28415442,-0.0036180546,-0.046854794,-0.40544963,-0.04299486,-0.060944855,-0.31955355,-0.051282417,-0.051567614,-0.27232766,-0.044154573,0.006937027,-0.26980418,-0.0208825,0.011093676,-0.3802765,-0.05320952,-0.008895099,-0.29283988,-0.04749988,-0.005481839,-0.24783242,-0.033487227,0.058214426,-0.2376337,-0.04198553,0.04778999,-0.2921731,-0.059873387,0.029197276,-0.23655528,-0.05531892,0.034733176,-0.20703048,-0.047225427
-0.08514303,-0.05054623,-0.024348918,-0.12682432,-0.17012143,-0.033299223,-0.07652539,-0.22065467,-0.04409313,-0.010673702,-0.18663633,-0.050900754,-0.0956797,-0.27889675,-0.006142847,-0.104902565,-0.3639109,-0.043616544,-0.107947886,-0.28123403,-0.062267177,-0.097742856,-0.2364558,-0.071915686,-0.04072988,-0.28994656,-0.014599994,-0.04325676,-0.40127072,-0.057097115,-0.056886613,-0.3000443,-0.062390227,-0.049506187,-0.2540505,-0.053044766,0.012865841,-0.27047116,-0.030786129,0.016138494,-0.3673271,-0.067507856,-0.005522132,-0.2688527,-0.05828653,-0.0043492317,-0.22676253,-0.04141306,0.06420338,-0.23453754,-0.050329432,0.050581455,-0.27498275,-0.07242994,0.029963017,-0.20998603,-0.066539064,0.033119082,-0.18288785,-0.056887306
-0.08147222,-0.047715604,-0.019345129,-0.12834859,-0.15536404,-0.025269164,-0.09428692,-0.20892602,-0.034047935,-0.034472466,-0.18415439,-0.039343547,-0.095139444,-0.2701609,0.00041494743,-0.104881465,-0.35261333,-0.037251376,-0.10612464,-0.2773484,-0.05706121,-0.09639943,-0.22872442,-0.06626268,-0.04075092,-0.28070223,-0.010498458,-0.04103458,-0.38999826,-0.0518588,-0.050388277,-0.29124475,-0.056518923,-0.04536718,-0.24040759,-0.045835868,0.013090551,-0.26261812,-0.029056704,0.0194242,-0.3526302,-0.06827939,0.0012803078,-0.25385433,-0.05923768,-0.0008228421,-0.2060197,-0.040611584,0.06468445,-0.22521198,-0.05017208,0.05721587,-0.27091277,-0.07476665,0.035200655,-0.20428568,-0.0674005,0.0307706,-0.1676997,-0.055241838
-0.0784753,-0.03248018,-0.035164468,-0.14282781,-0.12364769,-0.051682103,-0.1254617,-0.17118925,-0.06738737,-0.06921357,-0.16696256,-0.076803975,-0.098694384,-0.28364515,-0.01637802,-0.108199,-0.31547207,-0.0624469,-0.09993082,-0.22723532,-0.086492755,-0.09371936,-0.19562095,-0.09870181,-0.039081752,-0.29366714,-0.020277342,-0.03988856,-0.31927413,-0.07053893,-0.041181803,-0.21086133,-0.0777329,-0.045214713,-0.18897593,-0.06989531,0.0152052045,-0.27905166,-0.033373073,0.017003417,-0.2645619,-0.0757506,0.0040840507,-0.17014766,-0.06592208,-0.008813381,-0.16078585,-0.04894323,0.06356996,-0.25030655,-0.05123612,0.061341703,-0.21726966,-0.070061974,0.045079887,-0.14667529,-0.060696196,0.032171845,-0.14007473,-0.04876207
-0.079040825,-0.027329504,-0.041579876,-0.14118385,-0.095519304,-0.06660026,-0.12515771,-0.12791258,-0.0880968,-0.07217628,-0.12711263,-0.10317553,-0.100179076,-0.3017481,-0.030041106,-0.096191525,-0.24376446,-0.0716886,-0.08934772,-0.16842496,-0.096938446,-0.08803809,-0.16752732,-0.11338415,-0.037501335,-0.3081479,-0.03252132,-0.03395939,-0.25117534,-0.07668634,-0.03703302,-0.16420859,-0.08705149,-0.0407328,-0.166318,-0.08650179,0.019243479,-0.28489578,-0.04251427,0.023934126,-0.20968413,-0.081266224,0.010014892,-0.13388264,-0.07507919,-0.0015563965,-0.14422065,-0.06376101,0.0686093,-0.24723738,-0.05798888,0.07057536,-0.18371159,-0.07649613,0.05246085,-0.12130684,-0.069287986,0.037041724,-0.1229471,-0.05964299
-0.07920462,-0.02249074,-0.044364158,-0.14212358,-0.08576989,-0.07117656,-0.12468004,-0.1225636,-0.09333025,-0.0704931,-0.12784034,-0.108825594,-0.10160977,-0.29522645,-0.037482683,-0.08892006,-0.22232485,-0.078869954,-0.08548045,-0.1492359,-0.10346724,-0.0876708,-0.15359128,-0.12031894,-0.036901772,-0.30316913,-0.03872844,-0.02753073,-0.22727895,-0.0823243,-0.035183012,-0.14311767,-0.09241848,-0.040867805,-0.14873457,-0.09283509,0.020892024,-0.2805937,-0.047154494,0.03061068,-0.18906885,-0.08706531,0.011658728,-0.1158486,-0.082122386,-0.0027289987,-0.12891012,-0.07221303,0.07028079,-0.24289453,-0.06113207,0.07579696,-0.16797489,-0.08348684,0.054272234,-0.10789716,-0.07931854,0.035708606,-0.11150527,-0.071625605
-0.07841301,-0.026227295,-0.048419427,-0.14195484,-0.08587128,-0.07987025,-0.13669002,-0.11410022,-0.105985515,-0.09195447,-0.11733192,-0.12505154,-0.10073459,-0.2992658,-0.04710135,-0.08939773,-0.2267887,-0.0884717,-0.085231125,-0.15379053,-0.110662274,-0.08919901,-0.1555019,-0.1249832,-0.03432274,-0.30622053,-0.047151763,-0.024670482,-0.21918744,-0.089478016,-0.03457856,-0.1399746,-0.0996943,-0.04442227,-0.148135,-0.10080869,0.023425043,-0.2811882,-0.05386602,0.03214878,-0.18171543,-0.09542257,0.013703108,-0.10916823,-0.09153925,-0.0005784631,-0.12095052,-0.08187518,0.07229644,-0.24096715,-0.06609303,0.07837087,-0.16467237,-0.090330146,0.05715823,-0.10136622,-0.085566536,0.038342535,-0.100251675,-0.07674351
-0.07820195,-0.01820016,-0.051548477,-0.13880146,-0.06670052,-0.08815505,-0.125557,-0.0901953,-0.11856094,-0.073130965,-0.09541726,-0.14224549,-0.094649434,-0.280259,-0.06293595,-0.07752973,-0.18693113,-0.109699234,-0.078106225,-0.11623359,-0.1354196,-0.08339602,-0.1229825,-0.1529207,-0.028093696,-0.2905233,-0.063354865,-0.0169034,-0.18079942,-0.11067338,-0.029704869,-0.101634264,-0.12102764,-0.036293924,-0.11085683,-0.12339263,0.02978146,-0.26566213,-0.07006766,0.03962457,-0.14786434,-0.11503418,0.018323123,-0.07837951,-0.10941094,0.0061793923,-0.09274614,-0.099743746,0.07813132,-0.22352439,-0.08279976,0.08445799,-0.12908179,-0.1118232,0.060359836,-0.069354236,-0.109052815,0.042222798,-0.07161486,-0.10205467
-0.07483423,-0.018732846,-0.05037982,-0.13519168,-0.064891994,-0.087008774,-0.1258539,-0.08429098,-0.1184171,-0.07357144,-0.0842455,-0.14395404,-0.091107905,-0.28110135,-0.060034197,-0.079052925,-0.19625896,-0.10722109,-0.07717222,-0.12051648,-0.13433932,-0.079776704,-0.11749983,-0.15162016,-0.023913562,-0.28962535,-0.060879577,-0.015995264,-0.18418002,-0.10616365,-0.028132021,-0.10017854,-0.1170502,-0.033995926,-0.10285449,-0.11953623,0.034818828,-0.26291716,-0.068058535,0.042463243,-0.15099889,-0.1118791,0.0213961,-0.07662332,-0.10727826,0.009956241,-0.08463693,-0.09761371,0.08369613,-0.22013104,-0.08102558,0.08972734,-0.13443547,-0.10797225,0.0664562,-0.07285941,-0.10369461,0.049639642,-0.07052755,-0.09534021
-0.072947025,-0.01986903,-0.054430716,-0.13123077,-0.06801379,-0.093642585,-0.11684233,-0.08397597,-0.12656325,-0.060700238,-0.08073026,-0.1526847,-0.087952316,-0.28241038,-0.06660092,-0.07762462,-0.19771981,-0.11608531,-0.07594991,-0.12241632,-0.14255348,-0.07620102,-0.12515074,-0.15962003,-0.019409359,-0.2899016,-0.066207245,-0.012290478,-0.18139565,-0.115818374,-0.026932836,-0.09629643,-0.1259288,-0.031550527,-0.10342711,-0.12713434,0.039069116,-0.26143217,-0.07266928,0.04626292,-0.14241058,-0.11963158,0.021164477,-0.06939596,-0.114574715,0.008836746,-0.08419073,-0.1042072,0.08694816,-0.21757036,-0.08533245,0.0916397,-0.122256756,-0.11462543,0.06615788,-0.06366342,-0.112217605,0.048817754,-0.068262994,-0.10507948
-0.074281335,-0.019037366,-0.052125987,-0.13394743,-0.069177866,-0.08927623,-0.11881775,-0.09049547,-0.120552704,-0.062463462,-0.089211345,-0.14541,-0.08973062,-0.28377068,-0.062638685,-0.0771023,-0.20008111,-0.1106017,-0.076355875,-0.123630166,-0.13722645,-0.078609884,-0.123906136,-0.15450858,-0.021912456,-0.29270327,-0.062877044,-0.013478041,-0.18579465,-0.110006794,-0.027875364,-0.09978008,-0.120298825,-0.033349395,-0.10504985,-0.12204965,0.036611438,-0.2654252,-0.069774404,0.04573846,-0.14792043,-0.11448951,0.020098686,-0.07420194,-0.1101936,0.006428778,-0.087182105,-0.10084316,0.084922194,-0.22211015,-0.08272111,0.09120667,-0.12860847,-0.11071739,0.064897895,-0.06831503,-0.1083514,0.045995414,-0.07029921,-0.101517156
-0.07272625,-0.024780393,-0.040959794,-0.13017273,-0.07334429,-0.0725234,-0.12353253,-0.10611063,-0.10096135,-0.08308107,-0.119556546,-0.12422075,-0.0888443,-0.29159957,-0.04464254,-0.082360625,-0.22699511,-0.090084545,-0.07683289,-0.14876205,-0.12072418,-0.07366121,-0.11811179,-0.13869713,-0.023352504,-0.2992692,-0.04753529,-0.018101096,-0.21218991,-0.09010019,-0.026578128,-0.12385154,-0.103915654,-0.03192377,-0.096506715,-0.1067298,0.034698367,-0.27255172,-0.056308854,0.03818482,-0.17390323,-0.09447231,0.021537423,-0.09947866,-0.09076532,0.012444735,-0.08552003,-0.08110945,0.08365053,-0.22779852,-0.07007307,0.083992064,-0.15047216,-0.09159923,0.060892582,-0.090669274,-0.08526512,0.04432887,-0.07744956,-0.074764095
-0.07449037,-0.02751416,-0.03876539,-0.13471287,-0.08087999,-0.07010015,-0.12495279,-0.11378926,-0.09922106,-0.07923931,-0.120153844,-0.12278264,-0.09175211,-0.29948157,-0.039361935,-0.08921152,-0.27005827,-0.08927008,-0.08463329,-0.18340784,-0.124781564,-0.08192998,-0.13020104,-0.1437513,-0.02557385,-0.3050111,-0.0428712,-0.02342844,-0.24597037,-0.08797495,-0.02836442,-0.15351397,-0.10473762,-0.03286451,-0.105782926,-0.10757696,0.031797945,-0.27858853,-0.05270601,0.030680358,-0.1893627,-0.088004604,0.01863122,-0.112338424,-0.08376069,0.009450793,-0.0814932,-0.07294162,0.079628944,-0.23578644,-0.06796624,0.0763793,-0.16406804,-0.08465956,0.058203697,-0.10350937,-0.07596176,0.044482052,-0.080845416,-0.06356368
-0.07965785,-0.03605205,-0.023097724,-0.13635671,-0.12599826,-0.034698203,-0.118528545,-0.18417788,-0.048403207,-0.06490135,-0.17745751,-0.058447327,-0.10329962,-0.25635314,-0.007425183,-0.11282629,-0.33613688,-0.047434848,-0.107587576,-0.26177514,-0.07032542,-0.09745455,-0.20936441,-0.080830075,-0.04670739,-0.26945937,-0.017192371,-0.05104494,-0.37740946,-0.061671812,-0.053750396,-0.28140706,-0.070349514,-0.05110866,-0.22054422,-0.06148172,0.008307099,-0.25541532,-0.033750504,0.0069928765,-0.33139014,-0.07349654,-0.0036900043,-0.23452675,-0.064664654,-0.007685125,-0.18041283,-0.045317378,0.061529458,-0.22230804,-0.053019594,0.052078247,-0.26130605,-0.07399655,0.033628285,-0.19600683,-0.062947795,0.025676727,-0.15798008,-0.047824696
-0.08221924,-0.039883435,-0.024829844,-0.13210607,-0.17212927,-0.032151815,-0.08192009,-0.24365604,-0.042424437,-0.0087528825,-0.20549464,-0.047534954,-0.10712111,-0.27275127,0.00337757,-0.12046975,-0.369403,-0.036405966,-0.11956972,-0.29223323,-0.058143828,-0.10806525,-0.23835576,-0.06801474,-0.055315673,-0.28759676,-0.005176853,-0.06286156,-0.4085015,-0.048888322,-0.07029897,-0.31970674,-0.057741046,-0.061701655,-0.26532197,-0.0490508,-0.0027351975,-0.27304667,-0.02247362,-0.0037078261,-0.37971282,-0.06087481,-0.016090035,-0.2842906,-0.054934382,-0.012604117,-0.22971833,-0.038087007,0.052361608,-0.24074894,-0.043485858,0.03801477,-0.2910717,-0.06781081,0.021780908,-0.2288959,-0.06444964,0.024451256,-0.19136298,-0.054939512
-0.08353835,-0.049655795,-0.022214422,-0.13092405,-0.18176085,-0.02757814,-0.081808805,-0.25459033,-0.037314173,-0.009540379,-0.22241187,-0.04138923,-0.10473478,-0.2736299,0.011369012,-0.11990774,-0.37378764,-0.026559824,-0.119606316,-0.2936017,-0.04553804,-0.10561329,-0.24696857,-0.053921163,-0.054606557,-0.2890563,0.0019533765,-0.06416696,-0.4076922,-0.039361123,-0.072721064,-0.31518602,-0.04528477,-0.05809641,-0.27458012,-0.034884073,-0.0028018355,-0.27633232,-0.016795514,-0.007908523,-0.38272315,-0.05079141,-0.02225548,-0.29006684,-0.04093107,-0.011669874,-0.25280654,-0.022553852,0.05163753,-0.24699497,-0.039720885,0.033537805,-0.296391,-0.056342095,0.017119467,-0.24047625,-0.04906159,0.026820421,-0.21782994,-0.038215723
-0.08262551,-0.046447158,-0.020302312,-0.12834817,-0.17645705,-0.023625696,-0.078294575,-0.25369436,-0.031440157,-0.007435143,-0.22852421,-0.034737643,-0.10117382,-0.2621057,0.013076661,-0.117075145,-0.36651063,-0.022200363,-0.12104893,-0.2944563,-0.040838283,-0.1070593,-0.24121428,-0.048572954,-0.053935528,-0.2787915,0.004990371,-0.063886106,-0.40125382,-0.032747597,-0.07501286,-0.3154407,-0.039411288,-0.059783995,-0.26776373,-0.030200243,-0.0042159557,-0.2706154,-0.011929397,-0.009779334,-0.38283274,-0.044696134,-0.027113736,-0.29855525,-0.039325222,-0.01556319,-0.25394785,-0.02405762,0.048398018,-0.24611348,-0.032491505,0.029072821,-0.306127,-0.050005794,0.010256767,-0.25505006,-0.04549653,0.020395577,-0.22350585,-0.03653254
-0.081171274,-0.046680927,-0.020048436,-0.12566435,-0.17567289,-0.023360439,-0.07646054,-0.25262403,-0.031451605,-0.007498443,-0.22998011,-0.0350833,-0.100913465,-0.26019996,0.0155837815,-0.11667436,-0.36733046,-0.018518647,-0.118582904,-0.29577786,-0.037079494,-0.105056524,-0.24218583,-0.044688098,-0.05441451,-0.27676803,0.0076396577,-0.06403637,-0.4008175,-0.02907947,-0.073335886,-0.31644017,-0.036458798,-0.059149444,-0.26627296,-0.02770902,-0.0053173304,-0.2692886,-0.009088243,-0.01011008,-0.38382724,-0.04120404,-0.02602923,-0.30110836,-0.036524016,-0.016289234,-0.2538712,-0.021530537,0.046846926,-0.24523044,-0.029410353,0.029597163,-0.31033796,-0.046229508,0.012159288,-0.25872523,-0.041100807,0.020708323,-0.22381097,-0.031562656
-0.08476651,-0.049165666,-0.020776829,-0.12787563,-0.17885739,-0.023830447,-0.07607621,-0.25547624,-0.031461887,-0.0064077377,-0.22947258,-0.034897123,-0.10365993,-0.25727874,0.015233257,-0.11770356,-0.36697578,-0.017957767,-0.120887816,-0.30194658,-0.037168656,-0.10800922,-0.24693924,-0.045459576,-0.055951357,-0.27417588,0.008113818,-0.06261504,-0.4006562,-0.028453566,-0.0739404,-0.32337308,-0.03830549,-0.061141193,-0.26923728,-0.03164379,-0.0060783625,-0.26711583,-0.0076036453,-0.008241177,-0.38513142,-0.04032372,-0.025987506,-0.3068726,-0.040291313,-0.017285526,-0.25361967,-0.02846629,0.046276867,-0.24350256,-0.026746932,0.029438734,-0.30680656,-0.045529786,0.010900557,-0.25880772,-0.044494685,0.019347131,-0.22213852,-0.037891973
-0.08399284,-0.04723102,-0.022386907,-0.13048488,-0.17601162,-0.027285347,-0.079377174,-0.2534315,-0.036061205,-0.007156551,-0.22556233,-0.04037235,-0.104394495,-0.26289338,0.009900355,-0.12139183,-0.3680792,-0.026012918,-0.12300062,-0.29714578,-0.04594602,-0.10995251,-0.24557024,-0.05481096,-0.056555808,-0.2802099,0.0024109327,-0.06630474,-0.40223044,-0.03556559,-0.07623762,-0.3182975,-0.043612868,-0.063165724,-0.270604,-0.035886012,-0.006637931,-0.2712649,-0.01382396,-0.010638535,-0.38528198,-0.047211815,-0.026681304,-0.30038744,-0.043018684,-0.017078936,-0.2523148,-0.028683722,0.046325505,-0.24471027,-0.033773776,0.028562069,-0.3050611,-0.05291651,0.011882663,-0.25138593,-0.049394213,0.021720827,-0.21724778,-0.040949937
-0.0827685,-0.046039283,-0.022297394,-0.12862223,-0.17679971,-0.02741009,-0.07752597,-0.2555428,-0.036658693,-0.0045911074,-0.22742015,-0.041621223,-0.10446316,-0.26375508,0.010087205,-0.120802164,-0.37129286,-0.025617724,-0.12221891,-0.30279833,-0.0459301,-0.109484196,-0.24884099,-0.055121407,-0.056869864,-0.2817679,0.0025437614,-0.065012336,-0.40481552,-0.03517346,-0.07464188,-0.32205874,-0.043619882,-0.06241882,-0.27239192,-0.036434785,-0.0068897605,-0.27309245,-0.013681154,-0.0098721385,-0.38839743,-0.046418503,-0.025153697,-0.30279654,-0.041749094,-0.015978932,-0.25315028,-0.027351711,0.046714842,-0.24701005,-0.033682197,0.029525936,-0.3081947,-0.052151605,0.013641119,-0.2548746,-0.048134856,0.02333045,-0.22072423,-0.039553598
-0.08277303,-0.04320705,-0.021373833,-0.12968194,-0.1742689,-0.025505245,-0.079588056,-0.2526697,-0.03362921,-0.0074178576,-0.2259295,-0.037064888,-0.10594851,-0.2634439,0.009008483,-0.12162,-0.36877793,-0.02646099,-0.12363118,-0.29492253,-0.045009326,-0.11062276,-0.24269146,-0.053034626,-0.05759585,-0.28090286,0.0012420771,-0.06652206,-0.4024753,-0.036241516,-0.0765993,-0.31562728,-0.0423192,-0.06301528,-0.2692467,-0.033261865,-0.0074219108,-0.27155,-0.015110677,-0.011414766,-0.38423988,-0.046869103,-0.027240932,-0.2971354,-0.039524317,-0.017507195,-0.25220942,-0.0235917,0.04549128,-0.24553275,-0.03524742,0.027424574,-0.30502993,-0.05250299,0.010899007,-0.2515906,-0.047070947,0.020697057,-0.22068357,-0.03767871
-0.08225238,-0.04386282,-0.02126735,-0.12921065,-0.17656302,-0.024630131,-0.07856697,-0.25474972,-0.032050107,-0.0065042377,-0.22852021,-0.034655534,-0.104828,-0.26487476,0.0114475805,-0.12146509,-0.3690113,-0.0238428,-0.12263036,-0.2934531,-0.04178792,-0.10914403,-0.2436043,-0.0493821,-0.05699724,-0.2823705,0.0035446177,-0.067451954,-0.40291494,-0.034453582,-0.0766505,-0.31370813,-0.040258966,-0.06250256,-0.26961482,-0.03050422,-0.006874919,-0.2731831,-0.01316093,-0.012073636,-0.38348803,-0.04585732,-0.027097464,-0.2946698,-0.038423847,-0.017041266,-0.25245416,-0.021995388,0.046190083,-0.24748921,-0.033647075,0.027360976,-0.30515575,-0.05158224,0.011649132,-0.2498284,-0.046076637,0.021852672,-0.22020274,-0.03633378
-0.08232224,-0.045984566,-0.01991899,-0.12708277,-0.17704928,-0.022937981,-0.07611865,-0.2517485,-0.030372182,-0.0049524903,-0.22405863,-0.033615146,-0.104088604,-0.26306665,0.011402165,-0.11984229,-0.36830646,-0.02372402,-0.12215018,-0.29793274,-0.042794507,-0.109443665,-0.24340528,-0.050838478,-0.05628556,-0.2806071,0.0030356047,-0.063896,-0.40318197,-0.034283847,-0.07397568,-0.31931835,-0.04158221,-0.062085032,-0.26957202,-0.033188507,-0.005984783,-0.27144343,-0.013823632,-0.008965254,-0.3842473,-0.046277385,-0.024654686,-0.2980826,-0.04120809,-0.016590595,-0.24955678,-0.026416045,0.046734154,-0.24490368,-0.034186844,0.03028369,-0.3050698,-0.05271346,0.013358355,-0.2518378,-0.048642654,0.021216989,-0.2180317,-0.03994178
-0.08232224,-0.045984566,-0.01991899,-0.12708277,-0.17704928,-0.022937981,-0.07611865,-0.2517485,-0.030372182,-0.0049524903,-0.22405863,-0.033615146,-0.104088604,-0.26306665,0.011402165,-0.11984229,-0.36830646,-0.02372402,-0.12215018,-0.29793274,-0.042794507,-0.109443665,-0.24340528,-0.050838478,-0.05628556,-0.2806071,0.0030356047,-0.063896,-0.40318197,-0.034283847,-0.07397568,-0.31931835,-0.04158221,-0.062085032,-0.26957202,-0.033188507,-0.005984783,-0.27144343,-0.013823632,-0.008965254,-0.3842473,-0.046277385,-0.024654686,-0.2980826,-0.04120809,-0.016590595,-0.24955678,-0.026416045,0.046734154,-0.24490368,-0.034186844,0.03028369,-0.3050698,-0.05271346,0.013358355,-0.2518378,-0.048642654,0.021216989,-0.2180317,-0.03994178
-0.079549074,-0.039371967,-0.021174587,-0.12810153,-0.17006075,-0.024456428,-0.0803141,-0.25041318,-0.031619836,-0.0066963434,-0.2275753,-0.034396105,-0.10122305,-0.2574625,0.01043207,-0.11557406,-0.3659159,-0.023360375,-0.11841649,-0.2994343,-0.04213435,-0.10674697,-0.24464983,-0.050394565,-0.053806722,-0.2750467,0.0033408557,-0.06259048,-0.39946926,-0.0323147,-0.07182807,-0.32095635,-0.03953199,-0.059984088,-0.27048314,-0.03171659,-0.004398644,-0.26757914,-0.012167577,-0.008739233,-0.38267112,-0.043476585,-0.022988856,-0.30138665,-0.03865243,-0.01568073,-0.25190198,-0.024642797,0.048721254,-0.2427119,-0.0313313,0.03263402,-0.3066821,-0.050503265,0.017168403,-0.2542109,-0.04698627,0.024255455,-0.2176354,-0.038822275
-0.08020371,-0.04124999,-0.020700304,-0.12766433,-0.17084956,-0.023479689,-0.07989776,-0.25019085,-0.030302014,-0.007851481,-0.22478312,-0.032491215,-0.10374498,-0.256423,0.013170539,-0.11788541,-0.36348784,-0.019482248,-0.119074464,-0.2936284,-0.037590846,-0.10730481,-0.24238956,-0.04562271,-0.057019293,-0.27444035,0.0058147125,-0.06508744,-0.39783406,-0.029178461,-0.0734601,-0.3172332,-0.036556583,-0.06221801,-0.2692188,-0.028696086,-0.007867217,-0.26733422,-0.010008735,-0.010693967,-0.38107413,-0.040453523,-0.025507748,-0.3003766,-0.036938593,-0.019228041,-0.25275034,-0.023734258,0.044694424,-0.24289644,-0.02947375,0.030608475,-0.30621934,-0.04681251,0.012757897,-0.2556218,-0.043580174,0.017413259,-0.22032636,-0.035816815
-0.082181334,-0.04607767,-0.018689035,-0.12807137,-0.17836726,-0.020861652,-0.08065063,-0.2585976,-0.027694287,-0.008214295,-0.23167014,-0.029831335,-0.10157889,-0.26103616,0.015944177,-0.11619139,-0.367676,-0.015283437,-0.11976689,-0.30066782,-0.032625433,-0.1078701,-0.25103527,-0.04070781,-0.05496216,-0.27805167,0.007915986,-0.06405759,-0.40136015,-0.026599197,-0.075885,-0.32504994,-0.034513798,-0.06361234,-0.27728295,-0.027361702,-0.0053082705,-0.27024055,-0.008399638,-0.0111444,-0.385287,-0.037340324,-0.029332578,-0.30886447,-0.03463708,-0.02109909,-0.26194435,-0.02250212,0.048653305,-0.24603128,-0.028286634,0.02680707,-0.30437732,-0.04407267,0.0075886846,-0.25871176,-0.042223956,0.015911877,-0.22710937,-0.035948854
-0.08260465,-0.04883206,-0.014001984,-0.12490362,-0.17948598,-0.015669998,-0.079505265,-0.2589376,-0.023276238,-0.011521697,-0.23232579,-0.027790163,-0.0949679,-0.26440638,0.018460289,-0.111503184,-0.37051687,-0.012444719,-0.11891472,-0.30863583,-0.03063123,-0.10609883,-0.25559354,-0.039198585,-0.050444007,-0.279729,0.007677736,-0.060225844,-0.40536907,-0.028631728,-0.0756644,-0.32860065,-0.03904295,-0.0632596,-0.27238023,-0.032808315,-0.0020030737,-0.2705357,-0.010572513,-0.011080503,-0.38741666,-0.04225236,-0.03131497,-0.3072083,-0.041529328,-0.021586955,-0.2534892,-0.02954996,0.050501943,-0.24423975,-0.031596538,0.024208605,-0.3028034,-0.049394198,0.0035951138,-0.253267,-0.04784356,0.013722777,-0.21778166,-0.041188236
-0.07869613,-0.054341853,-0.009028509,-0.12082577,-0.18735123,-0.011621514,-0.080065966,-0.26277554,-0.02169252,-0.013637781,-0.23231775,-0.030327357,-0.08279711,-0.27986693,0.019367702,-0.10051662,-0.38039207,-0.013971604,-0.11246765,-0.32126153,-0.034733914,-0.10018277,-0.2626096,-0.044915438,-0.040537953,-0.29103488,0.004385444,-0.051434815,-0.41168565,-0.03619591,-0.07187295,-0.33197433,-0.04931561,-0.061637044,-0.26809335,-0.043855615,0.0050005317,-0.27748162,-0.017579665,-0.01070112,-0.38287294,-0.05227346,-0.03372109,-0.2972666,-0.05249937,-0.024463177,-0.24169576,-0.04033017,0.053804636,-0.24709213,-0.041776568,0.017182827,-0.29794472,-0.061047018,-0.0035600066,-0.24289364,-0.05887866,0.009161472,-0.2081253,-0.051338803
-0.08015436,-0.06624031,-0.0040349076,-0.12073088,-0.19662791,-0.004054418,-0.08617574,-0.26707476,-0.0133770825,-0.025225103,-0.23205543,-0.02037916,-0.07709843,-0.29232967,0.03091259,-0.10112566,-0.38687772,-0.0002529983,-0.11044991,-0.3140456,-0.01756173,-0.0949167,-0.26947755,-0.026412264,-0.036679924,-0.29957336,0.012896625,-0.05285853,-0.41314256,-0.02562947,-0.06999987,-0.32397074,-0.034466498,-0.05576855,-0.27768856,-0.02686969,0.0070052743,-0.2831962,-0.012773041,-0.013429284,-0.38353777,-0.046227388,-0.036083102,-0.29136038,-0.04037969,-0.024385452,-0.24985415,-0.024696534,0.0526464,-0.251521,-0.040787496,0.01226294,-0.3059181,-0.05592203,-0.011013269,-0.24564695,-0.04884071,0.0028289557,-0.21509606,-0.038721636
-0.07634574,-0.06295872,-0.005344733,-0.11750114,-0.19415283,-0.006171056,-0.08384597,-0.2676537,-0.015662348,-0.023551404,-0.23558903,-0.023119876,-0.074998856,-0.28964972,0.025650645,-0.09780043,-0.38793957,-0.0058955704,-0.10830808,-0.316916,-0.023390159,-0.09417164,-0.26797706,-0.03220742,-0.03421992,-0.2975129,0.008421261,-0.05016768,-0.41379026,-0.03011023,-0.068971455,-0.32569265,-0.038973607,-0.056396067,-0.27399862,-0.031441055,0.009278655,-0.28147388,-0.016108634,-0.012952328,-0.38155693,-0.050511453,-0.036207974,-0.28956866,-0.045300346,-0.02502817,-0.24364579,-0.0298717,0.054374933,-0.24891257,-0.04287697,0.012215257,-0.30277973,-0.060485747,-0.010299861,-0.2408359,-0.05433881,0.003929138,-0.20652795,-0.044456292
-0.07597333,-0.06421685,-0.0031173762,-0.11876279,-0.18817961,-0.0033230663,-0.09274787,-0.260256,-0.013241198,-0.034700394,-0.22938651,-0.021256872,-0.07392752,-0.285726,0.03163158,-0.09632176,-0.38208482,0.00017459308,-0.10533035,-0.31476855,-0.018390391,-0.091068506,-0.26463073,-0.027343098,-0.035303712,-0.29253185,0.013587179,-0.05016738,-0.40993628,-0.025306087,-0.06718171,-0.32459158,-0.035619933,-0.056004405,-0.26844943,-0.028240165,0.007532239,-0.27723312,-0.011735925,-0.014634371,-0.3729031,-0.046824645,-0.03646344,-0.28203887,-0.04301692,-0.027023017,-0.2307558,-0.027241617,0.052748322,-0.24535787,-0.039063632,0.014294624,-0.30117428,-0.055627495,-0.009652019,-0.2423886,-0.04919924,0.00037056208,-0.20426828,-0.03861422
-0.078066885,-0.06856346,-0.00120163,-0.119795024,-0.18977487,-0.0012183528,-0.09536648,-0.25736004,-0.011290343,-0.04036051,-0.2297805,-0.019974887,-0.072157025,-0.2920745,0.03630761,-0.09844041,-0.38275412,0.007049808,-0.11057979,-0.3206392,-0.0118353125,-0.096254826,-0.27385604,-0.022093428,-0.03407967,-0.30008423,0.017100874,-0.053378403,-0.4102229,-0.020896092,-0.07196826,-0.32527953,-0.03262049,-0.058798075,-0.26954937,-0.027028464,0.0073411465,-0.28532976,-0.009252176,-0.019446075,-0.37879622,-0.044731967,-0.041110456,-0.2891791,-0.042450335,-0.027726531,-0.23937339,-0.02835902,0.049447715,-0.25288463,-0.037479095,0.0054216385,-0.3023556,-0.056559995,-0.017885208,-0.24055147,-0.051843792,-0.0041416883,-0.20168704,-0.042565525
-0.08012301,-0.06778467,-0.0047148718,-0.12189126,-0.19117165,-0.0066437395,-0.09282452,-0.25836164,-0.018382631,-0.035399973,-0.22734815,-0.027808635,-0.08092165,-0.29517895,0.03392876,-0.106352866,-0.38690433,0.0010303181,-0.114883006,-0.3178864,-0.018454123,-0.09889853,-0.27472132,-0.028577048,-0.041032612,-0.30316222,0.015152628,-0.05879897,-0.4124731,-0.025877284,-0.07409775,-0.3220774,-0.036917087,-0.059340715,-0.27450168,-0.030281963,0.0019545555,-0.28839636,-0.011625129,-0.021969676,-0.38369006,-0.048356716,-0.04180783,-0.28866732,-0.0431574,-0.028393924,-0.24495643,-0.02672676,0.04678589,-0.2573793,-0.040764365,0.0048959255,-0.3092091,-0.0581458,-0.01595664,-0.24533802,-0.050711732,-0.00067430735,-0.21170795,-0.03949345
-0.08188677,-0.06404549,-0.0056211725,-0.12357205,-0.18581766,-0.008014341,-0.08710092,-0.2508453,-0.018992053,-0.025945127,-0.2225256,-0.028172458,-0.08884293,-0.27922738,0.02536448,-0.10986096,-0.3709857,-0.0065134573,-0.115846634,-0.30927843,-0.025647711,-0.10094619,-0.26447624,-0.03554426,-0.046425283,-0.292342,0.008064821,-0.060516894,-0.40387833,-0.03042903,-0.07410449,-0.3224098,-0.041806735,-0.05991417,-0.27221876,-0.03630537,4.374981e-05,-0.27980417,-0.016258532,-0.018847048,-0.37942135,-0.048221868,-0.036313713,-0.29238844,-0.044592515,-0.0236516,-0.24778163,-0.030954627,0.04973322,-0.24981499,-0.042848513,0.011783838,-0.29330504,-0.05773832,-0.0064644217,-0.23888785,-0.052142028,0.007587254,-0.2124694,-0.043164067
-0.07647765,-0.031933546,-0.027208623,-0.13077271,-0.1526168,-0.033338647,-0.084736526,-0.23048705,-0.042105727,-0.009165764,-0.21573877,-0.04500651,-0.11956179,-0.2416699,0.0076593356,-0.13751507,-0.34606886,-0.03154019,-0.13076675,-0.27411425,-0.051415484,-0.11619836,-0.22153836,-0.05860304,-0.07161522,-0.26685494,0.0027644234,-0.0854879,-0.38519788,-0.03609818,-0.08384889,-0.29888362,-0.041331068,-0.06949782,-0.26031303,-0.03070057,-0.020816147,-0.26511288,-0.011987857,-0.023877919,-0.3694389,-0.0457771,-0.028829217,-0.28737348,-0.038250137,-0.020667315,-0.25655752,-0.021597557,0.033103645,-0.24612331,-0.031076495,0.026977003,-0.30311048,-0.049070876,0.019311965,-0.248972,-0.04199589,0.02700466,-0.2224747,-0.030967709
-0.08049393,-0.039081097,-0.030503724,-0.13129318,-0.160371,-0.03758115,-0.08156276,-0.23649621,-0.046468977,-0.008523762,-0.2220462,-0.04888599,-0.12268293,-0.25066662,0.005810758,-0.13689,-0.35282707,-0.032794856,-0.12986678,-0.27813464,-0.053059664,-0.11895138,-0.22674626,-0.06113863,-0.07219672,-0.27457952,0.002371632,-0.0828926,-0.39330152,-0.035546485,-0.0797286,-0.30720437,-0.041487485,-0.06806576,-0.2653169,-0.032434028,-0.020193636,-0.2714209,-0.011026102,-0.019635081,-0.3793071,-0.044874173,-0.024320602,-0.29974115,-0.038196642,-0.019256651,-0.26277536,-0.022580048,0.0331347,-0.2504943,-0.028969321,0.029467821,-0.3117677,-0.047982875,0.020913482,-0.26167524,-0.0418451,0.024593294,-0.23040855,-0.031507265
-0.078169286,-0.048757017,-0.03259403,-0.11875987,-0.18293595,-0.038232084,-0.061567664,-0.25872386,-0.045463346,0.011949658,-0.2398234,-0.046015013,-0.11123711,-0.26514864,0.011620478,-0.119036734,-0.36990678,-0.025291188,-0.1160084,-0.30048376,-0.047421332,-0.10940945,-0.24573249,-0.05662318,-0.05822891,-0.28478044,0.0097414525,-0.06368834,-0.41178268,-0.02760268,-0.06422067,-0.34212226,-0.03933121,-0.05594617,-0.29598403,-0.034235183,-0.004891634,-0.2761885,-0.0025745158,0.0044863224,-0.39169914,-0.03757301,-0.0030106902,-0.32918316,-0.041378696,-0.0036822557,-0.28727454,-0.03239412,0.048493266,-0.25177324,-0.019336019,0.05434525,-0.32311052,-0.0416811,0.044592977,-0.284338,-0.043160245,0.042369246,-0.24867058,-0.0379268
-0.07790929,-0.055402994,-0.033031244,-0.112930834,-0.18676722,-0.037297353,-0.050358772,-0.261791,-0.04287282,0.02483964,-0.2477867,-0.04070065,-0.104337454,-0.26831347,0.02380401,-0.110937536,-0.3743292,-0.008046676,-0.110057175,-0.31237793,-0.02933329,-0.10635316,-0.26339054,-0.038375262,-0.050336897,-0.28240174,0.02491155,-0.053320408,-0.40365076,-0.0043853717,-0.055190086,-0.36202496,-0.017529342,-0.051368356,-0.33854347,-0.016365714,0.0012962222,-0.2697245,0.014634902,0.012878537,-0.376132,-0.014491118,0.008276224,-0.34719115,-0.023179974,0.0069741607,-0.328467,-0.019923775,0.0524565,-0.24574351,-0.00035142197,0.061054826,-0.3148635,-0.0191099,0.054878592,-0.29469508,-0.023240147,0.052335024,-0.27446693,-0.02143132
-0.07668501,-0.053620517,-0.034514256,-0.11008155,-0.18790615,-0.040388435,-0.04787737,-0.2585354,-0.046416637,0.027062953,-0.24188083,-0.044182934,-0.1033411,-0.27088434,0.012669708,-0.10580212,-0.37148893,-0.022265958,-0.10348469,-0.30003,-0.04268225,-0.101587415,-0.25411075,-0.05121279,-0.048589647,-0.2851208,0.013343328,-0.048562706,-0.4034924,-0.020345684,-0.04987389,-0.34459025,-0.031094356,-0.047311783,-0.31760782,-0.02689939,0.004583776,-0.27202213,0.0031781362,0.018095434,-0.37359935,-0.028395826,0.01335597,-0.3368696,-0.033802874,0.010071337,-0.32359767,-0.02801787,0.056374848,-0.24644929,-0.011611099,0.06706488,-0.31105822,-0.031998813,0.060776353,-0.2850989,-0.034386657,0.056368113,-0.26493824,-0.030866507
-0.072788596,-0.04803127,-0.03849172,-0.106031954,-0.17895693,-0.04632139,-0.04455805,-0.2502094,-0.054059602,0.02988869,-0.23826969,-0.053683605,-0.1001212,-0.2663594,0.009624469,-0.102354646,-0.36859578,-0.026922408,-0.10039252,-0.30372733,-0.04910324,-0.09919435,-0.25615227,-0.05875939,-0.045989275,-0.28290766,0.0117083555,-0.045666993,-0.39859617,-0.02127757,-0.045169413,-0.35004902,-0.033195384,-0.044902265,-0.32744187,-0.031885937,0.006279111,-0.27176934,0.0024412556,0.020455956,-0.38017678,-0.031824294,0.01904267,-0.33544606,-0.03755896,0.01358068,-0.30971575,-0.032325387,0.05648601,-0.24791437,-0.011765772,0.07339358,-0.31700706,-0.036691822,0.069301724,-0.28399652,-0.041211892,0.06216389,-0.25370568,-0.039196156
-0.071520925,-0.053902626,-0.03556997,-0.099250734,-0.1845634,-0.040993102,-0.0364722,-0.25313872,-0.046551753,0.035302103,-0.23965126,-0.0450636,-0.09398216,-0.2669195,0.013479254,-0.09732723,-0.36645824,-0.020608718,-0.0978691,-0.30912495,-0.042821787,-0.09557599,-0.26204187,-0.05256052,-0.039841235,-0.28131205,0.014843337,-0.04023403,-0.3961812,-0.01578244,-0.042586267,-0.36192197,-0.030173939,-0.041278064,-0.3431766,-0.031013753,0.011916459,-0.26819795,0.0052101896,0.0263049,-0.37601805,-0.027725816,0.02344352,-0.34461868,-0.03853798,0.019716918,-0.3240189,-0.036984976,0.06132227,-0.24291092,-0.0088736145,0.077234924,-0.30995166,-0.034131553,0.073180854,-0.2877689,-0.04195292,0.06763446,-0.2648121,-0.04236877
-0.07090646,-0.04683429,-0.035286408,-0.1021651,-0.18394566,-0.041292813,-0.03786218,-0.25307453,-0.047036625,0.038288176,-0.24010408,-0.046081807,-0.091079295,-0.26776183,0.0019846184,-0.09268856,-0.37073082,-0.034874573,-0.09590745,-0.30554557,-0.05649481,-0.09408355,-0.25453085,-0.065625206,-0.03746885,-0.28320545,0.0025406992,-0.03495878,-0.40483585,-0.031858303,-0.041000664,-0.3504637,-0.043134023,-0.0393731,-0.32007217,-0.040492203,0.014198303,-0.27090836,-0.0070006317,0.033750832,-0.3876925,-0.040776372,0.025056064,-0.3346271,-0.045484073,0.018277049,-0.3019917,-0.03954304,0.06382972,-0.24422437,-0.021061769,0.086155415,-0.31493068,-0.04636723,0.075493276,-0.2796321,-0.05110639,0.06470847,-0.2484315,-0.049282767
-0.072942376,-0.05043423,-0.036235947,-0.103232145,-0.18337446,-0.04252322,-0.040116906,-0.25094873,-0.048323616,0.0366804,-0.23915279,-0.046885952,-0.090332985,-0.27195352,0.0067875576,-0.089992106,-0.3742867,-0.028663192,-0.09185153,-0.30909246,-0.05015835,-0.09136361,-0.25666785,-0.059109118,-0.03643787,-0.28609705,0.008453376,-0.03159958,-0.4111047,-0.025350755,-0.03537798,-0.35496658,-0.037052304,-0.034606516,-0.31902516,-0.033680674,0.015621781,-0.27142894,-0.00029351833,0.035941303,-0.38434893,-0.03283372,0.029209375,-0.33785784,-0.038476,0.021328807,-0.3087387,-0.032564394,0.064925075,-0.24287683,-0.013665243,0.08591044,-0.30999488,-0.037920225,0.07904452,-0.28074133,-0.042870734,0.06988448,-0.25474548,-0.040662006
-0.07336736,-0.048033655,-0.033397783,-0.10373849,-0.17865056,-0.040031265,-0.04048544,-0.24498618,-0.046840403,0.035014153,-0.23461074,-0.04764895,-0.0892331,-0.26483727,0.0012988803,-0.09128493,-0.36940485,-0.035539843,-0.09177345,-0.30526263,-0.05812287,-0.089972615,-0.25014484,-0.067802295,-0.034136236,-0.2779882,0.00055822206,-0.031822443,-0.40454346,-0.034731146,-0.03531742,-0.34826618,-0.048002873,-0.034448802,-0.3079813,-0.04613224,0.017490685,-0.26385468,-0.009625603,0.036682427,-0.3823483,-0.043853585,0.0295887,-0.33119124,-0.05018689,0.022042751,-0.29410738,-0.044740774,0.0664075,-0.23407894,-0.023882879,0.08617604,-0.30319005,-0.050061237,0.07858944,-0.27286345,-0.055417437,0.069530845,-0.2438612,-0.053408
-0.07480466,-0.052988768,-0.030095702,-0.108062446,-0.18791789,-0.03470809,-0.050096035,-0.25778383,-0.040709276,0.019593537,-0.23222756,-0.039962597,-0.092988074,-0.27316302,0.0111764595,-0.096658945,-0.38316953,-0.025225023,-0.095986545,-0.32024133,-0.047575213,-0.09223664,-0.26446515,-0.057196945,-0.038631856,-0.28292418,0.009138759,-0.037549853,-0.40800732,-0.027133057,-0.04001361,-0.35870677,-0.040898576,-0.03747523,-0.32669455,-0.038906135,0.012793839,-0.2653566,-0.0030722735,0.03047657,-0.3770864,-0.038240492,0.024989963,-0.34014386,-0.047343608,0.020408332,-0.31853932,-0.04362753,0.06241429,-0.2343145,-0.019191988,0.08042389,-0.29635888,-0.045707066,0.07434052,-0.27767968,-0.0539206,0.06898981,-0.2628476,-0.054144703
-0.07613921,-0.054008543,-0.03480098,-0.109147966,-0.19059062,-0.041080702,-0.045372903,-0.25641042,-0.04827812,0.028280854,-0.22840708,-0.047942795,-0.092105925,-0.27575427,0.006724925,-0.094001174,-0.3835654,-0.03615476,-0.09427917,-0.30714828,-0.059368286,-0.088513255,-0.24881113,-0.06772238,-0.03637868,-0.28711206,0.005225467,-0.033296824,-0.4146285,-0.03746943,-0.039639413,-0.33806598,-0.047586508,-0.03484291,-0.2964123,-0.039834965,0.015996397,-0.27089375,-0.00757901,0.03357911,-0.38171238,-0.04812456,0.021075726,-0.31048828,-0.04976643,0.01773554,-0.2735185,-0.037815403,0.06740987,-0.23927915,-0.024963956,0.083341956,-0.3019222,-0.052068472,0.06865275,-0.257901,-0.05423722,0.06178409,-0.22546297,-0.048364613
-0.07806313,-0.057085156,-0.032916714,-0.11371559,-0.19458449,-0.03748407,-0.052621484,-0.25722295,-0.044032507,0.020053566,-0.22869188,-0.043013256,-0.091460824,-0.27884513,0.015036676,-0.09501451,-0.3848101,-0.029240323,-0.09570074,-0.30684447,-0.052272804,-0.08717936,-0.24935651,-0.059594467,-0.03602475,-0.28973293,0.011754705,-0.03282702,-0.4169557,-0.033757012,-0.042284787,-0.32989758,-0.0426312,-0.035037518,-0.28760833,-0.031595137,0.016588628,-0.2732237,-0.0036592504,0.0302369,-0.37797403,-0.045774825,0.013439655,-0.29627985,-0.044034716,0.013000011,-0.26257616,-0.02788194,0.069209576,-0.24093395,-0.02375066,0.07724005,-0.29528618,-0.047473572,0.060293555,-0.24555135,-0.04505896,0.05805117,-0.21873504,-0.035466477
-0.0765934,-0.058162093,-0.030941742,-0.113560915,-0.19305646,-0.03570103,-0.0536502,-0.2566297,-0.042609718,0.019150257,-0.22568631,-0.0423478,-0.09145981,-0.27691543,0.012985944,-0.094833136,-0.38417912,-0.030370506,-0.09731424,-0.30826366,-0.052377168,-0.08855212,-0.2510053,-0.05949016,-0.036332488,-0.28839993,0.009025207,-0.03396082,-0.41433108,-0.035464562,-0.045128822,-0.32527715,-0.04298639,-0.036486387,-0.28318423,-0.031436574,0.016533136,-0.27267092,-0.0064883474,0.02963382,-0.3764093,-0.04658139,0.011103988,-0.29222322,-0.04273895,0.012544692,-0.25886422,-0.025860736,0.069009244,-0.24044633,-0.026614856,0.07478464,-0.2917624,-0.048668142,0.05670774,-0.24073017,-0.045210674,0.056731224,-0.21572179,-0.03531376
-0.075766325,-0.053464353,-0.028539836,-0.112380326,-0.19079834,-0.03320061,-0.05390662,-0.252158,-0.040487744,0.018744051,-0.21484882,-0.041373227,-0.08922619,-0.27730823,0.009266752,-0.094198644,-0.3830521,-0.03392425,-0.09518862,-0.30554128,-0.055607557,-0.08606285,-0.24714947,-0.06277836,-0.0357877,-0.2892202,0.0035417397,-0.033745408,-0.4141168,-0.041296348,-0.04352349,-0.32327735,-0.048488382,-0.035910726,-0.2766518,-0.036811672,0.016564608,-0.273018,-0.012942034,0.028630853,-0.37616193,-0.052431602,0.0120123625,-0.2886107,-0.047566943,0.012616038,-0.2501933,-0.030242393,0.0690043,-0.23952931,-0.033763878,0.074062884,-0.29182023,-0.05604081,0.057141542,-0.2378524,-0.052195147,0.05655539,-0.20895195,-0.042057976
-0.07370001,-0.048447847,-0.02704002,-0.11194575,-0.18466693,-0.034132343,-0.054959238,-0.25109303,-0.04415015,0.017831206,-0.21263748,-0.048381638,-0.08817142,-0.27401984,0.0040736697,-0.09440428,-0.38285905,-0.037487257,-0.094646394,-0.30367285,-0.058103815,-0.0869391,-0.24611855,-0.065533616,-0.035173953,-0.28585547,-0.0028799328,-0.034688592,-0.4109211,-0.045040883,-0.043206513,-0.3181349,-0.05052843,-0.036298215,-0.27314764,-0.03921071,0.017224431,-0.26921618,-0.019598205,0.026833773,-0.37289578,-0.05630777,0.011745393,-0.2833383,-0.04841773,0.012985408,-0.24577475,-0.030598305,0.07051206,-0.23501837,-0.040551074,0.071983695,-0.28913188,-0.060312297,0.05744618,-0.23247808,-0.05337048,0.05967796,-0.20388907,-0.042020008
-0.07428074,-0.044915378,-0.026534414,-0.111269295,-0.17969728,-0.034093585,-0.053910375,-0.24568218,-0.044043355,0.018781245,-0.21084249,-0.04888497,-0.08731508,-0.26944852,-0.0015150502,-0.09333521,-0.38096243,-0.04169722,-0.09398967,-0.30415714,-0.06224694,-0.08712989,-0.24449795,-0.070177466,-0.0344584,-0.28229898,-0.00850738,-0.033407867,-0.40960008,-0.04922762,-0.042506337,-0.31956142,-0.055588085,-0.03740871,-0.2693982,-0.045853212,0.017665565,-0.2663737,-0.024350014,0.028402984,-0.37536263,-0.059994735,0.012624919,-0.28840858,-0.053803116,0.011431754,-0.24527693,-0.03804448,0.07041144,-0.23218077,-0.04406392,0.07159668,-0.28801602,-0.06516735,0.05731827,-0.23228794,-0.05964124,0.05824089,-0.20038146,-0.04949635
-0.07378763,-0.046028674,-0.029333903,-0.11218089,-0.18097693,-0.038477097,-0.054430068,-0.25385386,-0.05071023,0.018613577,-0.23002708,-0.05722404,-0.09190172,-0.27962995,0.0038871446,-0.09674132,-0.39172876,-0.035861444,-0.09840506,-0.322451,-0.05885507,-0.09229684,-0.2629571,-0.068607435,-0.039388,-0.29465812,-0.0011977056,-0.03559631,-0.41755345,-0.040854868,-0.045238256,-0.3341503,-0.050213203,-0.04311341,-0.28582138,-0.044061977,0.012515843,-0.284037,-0.015931042,0.02929759,-0.4051535,-0.049720053,0.012814164,-0.32760543,-0.04627151,0.009186506,-0.2801155,-0.0337256,0.06359553,-0.2563371,-0.03527511,0.07250786,-0.32766867,-0.053757574,0.05451435,-0.27952582,-0.04966482,0.04971862,-0.24188274,-0.041650314
-0.07235134,-0.042617917,-0.030111594,-0.10768342,-0.17464924,-0.039923687,-0.049295187,-0.24402684,-0.051878523,0.024391234,-0.22183383,-0.05864042,-0.083111346,-0.27962393,-5.861574e-05,-0.08545172,-0.39146787,-0.039376948,-0.09135771,-0.32336456,-0.06250621,-0.08828473,-0.26291406,-0.07228319,-0.03131491,-0.29229707,-0.00424283,-0.026911438,-0.41677052,-0.04286202,-0.039897382,-0.34341693,-0.053845555,-0.040139973,-0.2927491,-0.049595956,0.018571079,-0.28018266,-0.017673982,0.034903467,-0.40693486,-0.051920082,0.01754421,-0.3376336,-0.05301515,0.011468768,-0.28653097,-0.04406236,0.067047,-0.25052136,-0.03530613,0.077662826,-0.32582808,-0.057720464,0.061685145,-0.27653378,-0.05772807,0.05575013,-0.23237264,-0.052415863
-0.0755682,-0.04427904,-0.031283747,-0.111561656,-0.16876894,-0.043570377,-0.053676844,-0.2416839,-0.058518164,0.016535282,-0.23032802,-0.06876875,-0.08009189,-0.28143865,-0.0043582115,-0.08167845,-0.4007904,-0.04493079,-0.09279591,-0.34275216,-0.07024558,-0.09104687,-0.2824803,-0.08136437,-0.028723836,-0.29081237,-0.008408933,-0.023378432,-0.4237603,-0.047731843,-0.0413301,-0.35808733,-0.060902555,-0.04046029,-0.3022961,-0.058840737,0.019620419,-0.27687037,-0.021393834,0.036391437,-0.41210043,-0.05584844,0.013839126,-0.34839213,-0.058554646,0.008403003,-0.2875982,-0.050704304,0.06759822,-0.24636495,-0.038721573,0.08014083,-0.3331194,-0.06074533,0.058478594,-0.29163033,-0.061058246,0.04943663,-0.23992002,-0.055789746
-0.07263011,-0.041714013,-0.030418942,-0.10708463,-0.16820705,-0.04311267,-0.051550746,-0.23624128,-0.05838454,0.017019272,-0.21795261,-0.06960333,-0.07077855,-0.28766024,-0.005296414,-0.07277894,-0.40576154,-0.045355435,-0.08638281,-0.35030138,-0.070962794,-0.08550453,-0.28929526,-0.08264053,-0.020879328,-0.29573238,-0.010110888,-0.015928328,-0.42516053,-0.05001849,-0.035490334,-0.35800076,-0.063631184,-0.034896314,-0.2998489,-0.061792698,0.026230633,-0.28044128,-0.02348799,0.04460442,-0.41443604,-0.059123192,0.020649374,-0.3477008,-0.062219884,0.014047325,-0.28484714,-0.054719627,0.07309717,-0.24825966,-0.041019123,0.087210655,-0.33041674,-0.06619701,0.06472802,-0.28172225,-0.06755795,0.054578543,-0.22768599,-0.06268984
-0.07206309,-0.041651964,-0.031013269,-0.10702783,-0.17241085,-0.04294906,-0.049947083,-0.24300969,-0.0575124,0.020719945,-0.22378439,-0.0676019,-0.071888745,-0.28942233,-0.004732964,-0.07451987,-0.40910625,-0.044303574,-0.08900106,-0.35256517,-0.068446,-0.08750045,-0.2918085,-0.079257704,-0.021826625,-0.29875076,-0.009055022,-0.01911217,-0.4289089,-0.04838734,-0.038937688,-0.35642174,-0.059525814,-0.035546005,-0.2985589,-0.0557201,0.02621591,-0.2833432,-0.02225123,0.042500854,-0.4180625,-0.057202686,0.017216742,-0.34639734,-0.057662774,0.012954116,-0.28329808,-0.048221234,0.07440853,-0.25123882,-0.03986849,0.08828646,-0.33450627,-0.06369129,0.06408006,-0.28658754,-0.06394627,0.05560398,-0.23439556,-0.058371276
-0.071148574,-0.038362384,-0.030175688,-0.10759109,-0.16987139,-0.040570073,-0.05393225,-0.24097937,-0.05346212,0.013417959,-0.21897143,-0.062125884,-0.07194537,-0.2870093,-0.003738303,-0.074679375,-0.41099662,-0.04157294,-0.08858192,-0.36002588,-0.064655825,-0.08743578,-0.29820645,-0.07498181,-0.022547841,-0.29714662,-0.007993064,-0.020199299,-0.43185705,-0.045542695,-0.03807056,-0.36446583,-0.05566953,-0.035387874,-0.3056035,-0.051445603,0.024710894,-0.28200942,-0.021058397,0.040242076,-0.4177487,-0.055162467,0.018575668,-0.34807867,-0.05522974,0.014033675,-0.284904,-0.04593082,0.07213426,-0.24914467,-0.038524434,0.08653307,-0.3318987,-0.06379409,0.06528258,-0.28356332,-0.064818546,0.056390166,-0.23058134,-0.059891377
-0.071451604,-0.039126992,-0.0314509,-0.106632054,-0.17372572,-0.042767912,-0.049147427,-0.24585122,-0.056401853,0.020976484,-0.22380728,-0.06570949,-0.07115966,-0.29072785,-0.0054114377,-0.07246655,-0.41510686,-0.044609305,-0.08702606,-0.36296776,-0.06894929,-0.086741865,-0.29937482,-0.07987436,-0.022025168,-0.2990495,-0.009168519,-0.019209623,-0.43317115,-0.04807322,-0.037675917,-0.36531836,-0.059375454,-0.035075486,-0.3045869,-0.05586345,0.025120318,-0.28339684,-0.021885552,0.041224718,-0.42174226,-0.056619905,0.01813358,-0.35383606,-0.05828663,0.013077557,-0.28903097,-0.050032668,0.07267141,-0.25133824,-0.039076675,0.085996985,-0.33609968,-0.06422513,0.06421578,-0.28905052,-0.06609775,0.05539292,-0.23510683,-0.061827984
-0.06985676,-0.043190956,-0.03176923,-0.10550749,-0.17630798,-0.0435546,-0.047334433,-0.24558967,-0.05724861,0.023301482,-0.21631736,-0.06624286,-0.08063394,-0.2869599,-0.0059800255,-0.085576355,-0.40643293,-0.044443786,-0.09711939,-0.34662163,-0.067660645,-0.09489596,-0.285807,-0.07849535,-0.029783845,-0.29835278,-0.009767239,-0.031231582,-0.42622694,-0.048810706,-0.046793044,-0.34842014,-0.059401363,-0.042475283,-0.2906803,-0.055365082,0.020364642,-0.28430587,-0.022340212,0.033896804,-0.41860455,-0.056991868,0.012696147,-0.34557408,-0.057616882,0.010214686,-0.28600317,-0.04859203,0.07065141,-0.2530191,-0.03928861,0.078485966,-0.32985556,-0.062947884,0.05799067,-0.28115487,-0.06357696,0.053443015,-0.233792,-0.058685742
-0.07070905,-0.044193625,-0.029807402,-0.108464,-0.17763042,-0.04071574,-0.049205363,-0.2521783,-0.053716723,0.02620542,-0.22975892,-0.06126439,-0.089595914,-0.28134376,-0.005994644,-0.09677166,-0.3998184,-0.046232674,-0.10575324,-0.32971752,-0.0668925,-0.099806845,-0.2736721,-0.07548333,-0.037798643,-0.29477382,-0.011024057,-0.03972107,-0.42315567,-0.050620586,-0.054630816,-0.3358239,-0.05658519,-0.048506737,-0.2888348,-0.048769083,0.013603032,-0.28260803,-0.025066514,0.023221195,-0.40848157,-0.059819486,0.0015866756,-0.32518566,-0.054096654,0.0019536018,-0.27758002,-0.040376067,0.06491792,-0.2540362,-0.043424785,0.063815415,-0.3266706,-0.0634901,0.042755783,-0.27456915,-0.05895676,0.042986393,-0.23663199,-0.05074053
-0.06803131,-0.04747176,-0.028349895,-0.10389823,-0.17912799,-0.037740108,-0.043960273,-0.25422806,-0.049861263,0.029744089,-0.23714411,-0.05608499,-0.09423548,-0.27485192,0.0012017944,-0.103097975,-0.38745868,-0.038492523,-0.10470635,-0.3106758,-0.058538616,-0.097469926,-0.25881517,-0.066708796,-0.042271376,-0.29095,-0.004436664,-0.0476619,-0.4126716,-0.042969726,-0.05634737,-0.32357264,-0.0491794,-0.050545156,-0.28456426,-0.04161196,0.010763049,-0.28173286,-0.01950066,0.015767574,-0.4047231,-0.054260246,0.0001232028,-0.3198604,-0.047926947,0.0018031597,-0.2781089,-0.033667415,0.06387246,-0.25623482,-0.038788952,0.057771146,-0.32431424,-0.059765458,0.041588247,-0.27015263,-0.055082913,0.044820786,-0.23564029,-0.046329044
-0.06981808,-0.049193025,-0.027498392,-0.10634589,-0.18072337,-0.036127996,-0.047352076,-0.25773436,-0.04801199,0.027455926,-0.23649889,-0.054416966,-0.09686178,-0.2723564,0.0058283415,-0.10968119,-0.38465953,-0.03344411,-0.111784756,-0.31587994,-0.05443962,-0.102677464,-0.26333934,-0.063189104,-0.045386374,-0.28937286,0.00024421702,-0.05310583,-0.41145235,-0.03785778,-0.062108457,-0.32663465,-0.044601806,-0.05501032,-0.2869978,-0.037192006,0.007607579,-0.2815383,-0.015115472,0.009793878,-0.40414476,-0.04943566,-0.007518947,-0.32135236,-0.044013526,-0.004958153,-0.2792096,-0.030168414,0.06167966,-0.2580909,-0.034852758,0.054857314,-0.32881474,-0.05616115,0.03677225,-0.27561098,-0.052847262,0.039567888,-0.23923719,-0.044989623
-0.07088286,-0.05122304,-0.029832643,-0.10694075,-0.18778211,-0.0371311,-0.047507644,-0.26305002,-0.04681129,0.026152432,-0.24117488,-0.049590394,-0.100226104,-0.26811332,0.0066336794,-0.11180055,-0.37729684,-0.032834053,-0.1130386,-0.30127972,-0.0518985,-0.10551828,-0.25532103,-0.059668604,-0.049554884,-0.28593618,0.0022422501,-0.058843017,-0.40584645,-0.03833212,-0.06468898,-0.31668365,-0.0442273,-0.05671543,-0.28191686,-0.035135746,0.0038344264,-0.27918702,-0.012415614,0.0043146014,-0.4003791,-0.048598234,-0.009162664,-0.3170535,-0.04163159,-0.0053195357,-0.28316796,-0.026329942,0.059554577,-0.25880474,-0.031729065,0.051289618,-0.32373202,-0.05499023,0.036178112,-0.26924294,-0.052356716,0.040495396,-0.2380889,-0.044688717
-0.06979132,-0.043694258,-0.028983103,-0.1096701,-0.17846692,-0.035232686,-0.053379774,-0.2557419,-0.043702785,0.021567345,-0.24288398,-0.04585629,-0.10123414,-0.2628345,0.0046727327,-0.11574417,-0.36847878,-0.033867072,-0.11597979,-0.29688883,-0.052964006,-0.10761511,-0.24956518,-0.061113365,-0.05202949,-0.28204507,0.00010993387,-0.06443733,-0.40113115,-0.03970341,-0.06744552,-0.31249177,-0.045669224,-0.05848235,-0.27430046,-0.03688414,0.00072449446,-0.27670956,-0.014221658,-0.0014964938,-0.39978623,-0.051020574,-0.012454748,-0.31792778,-0.044897046,-0.00895077,-0.28128487,-0.030303678,0.056249797,-0.25723296,-0.032824203,0.04790193,-0.32444334,-0.059230138,0.034817874,-0.2694764,-0.05782013,0.038520336,-0.23558515,-0.050683096
-0.07158035,-0.043620586,-0.028064488,-0.11427665,-0.17614442,-0.033817593,-0.059690833,-0.25853443,-0.042092897,0.015293956,-0.25145674,-0.044408366,-0.106061935,-0.25674742,0.008112941,-0.12164748,-0.3649466,-0.028747523,-0.120681405,-0.29536605,-0.04798152,-0.11223078,-0.2475946,-0.056546487,-0.0576573,-0.27784753,0.0038445855,-0.070994556,-0.39914042,-0.03511204,-0.07192743,-0.31438935,-0.043239404,-0.06437391,-0.27369183,-0.036316365,-0.0056223273,-0.2756464,-0.009952966,-0.008988738,-0.39945847,-0.045816097,-0.017920136,-0.3204679,-0.04188725,-0.016079545,-0.2814989,-0.028965255,0.049312055,-0.2598536,-0.027888881,0.03850925,-0.32715088,-0.05291471,0.028497458,-0.27287257,-0.052101955,0.03311622,-0.2390995,-0.045800064
-0.071018934,-0.04665315,-0.029516134,-0.11156428,-0.18006921,-0.03599338,-0.05539936,-0.26324278,-0.044924665,0.019548595,-0.2516479,-0.04732714,-0.10748249,-0.25739145,0.00950156,-0.121670365,-0.3645348,-0.027725644,-0.12050158,-0.2927847,-0.047030922,-0.11162758,-0.24693823,-0.055623926,-0.058630824,-0.27984613,0.005909733,-0.07152474,-0.39918977,-0.03186196,-0.07345849,-0.31629205,-0.038817268,-0.06484723,-0.2813396,-0.031596996,-0.0058101416,-0.27771562,-0.0077616465,-0.009682596,-0.39918876,-0.042464737,-0.019517899,-0.320022,-0.037574958,-0.015850782,-0.28378624,-0.024430066,0.049988866,-0.26207078,-0.025968822,0.040415347,-0.32762688,-0.049708743,0.02881378,-0.27450782,-0.04889031,0.033932626,-0.24270529,-0.042849936
-0.06992024,-0.045249045,-0.028510118,-0.11212748,-0.17792952,-0.034991927,-0.057467163,-0.26154584,-0.044138636,0.018166065,-0.251481,-0.046967834,-0.106713414,-0.25725734,0.008372884,-0.122122645,-0.3640675,-0.028276253,-0.119916975,-0.29087776,-0.047040906,-0.11076003,-0.24449599,-0.055397384,-0.058014214,-0.2791819,0.0042072223,-0.072137,-0.39741397,-0.03335935,-0.073022425,-0.31156528,-0.039907996,-0.063857734,-0.27518606,-0.032314327,-0.005247891,-0.27673608,-0.009696296,-0.009475589,-0.39961195,-0.044142123,-0.018454552,-0.31894124,-0.03849617,-0.014156282,-0.28190082,-0.024741454,0.050857306,-0.26062226,-0.027942656,0.040909052,-0.3265785,-0.05138965,0.029364705,-0.27297425,-0.04963524,0.03441018,-0.2407946,-0.04278646
-0.06992024,-0.045249045,-0.028510118,-0.11212748,-0.17792952,-0.034991927,-0.057467163,-0.26154584,-0.044138636,0.018166065,-0.251481,-0.046967834,-0.106713414,-0.25725734,0.008372884,-0.122122645,-0.3640675,-0.028276253,-0.119916975,-0.29087776,-0.047040906,-0.11076003,-0.24449599,-0.055397384,-0.058014214,-0.2791819,0.0042072223,-0.072137,-0.39741397,-0.03335935,-0.073022425,-0.31156528,-0.039907996,-0.063857734,-0.27518606,-0.032314327,-0.005247891,-0.27673608,-0.009696296,-0.009475589,-0.39961195,-0.044142123,-0.018454552,-0.31894124,-0.03849617,-0.014156282,-0.28190082,-0.024741454,0.050857306,-0.26062226,-0.027942656,0.040909052,-0.3265785,-0.05138965,0.029364705,-0.27297425,-0.04963524,0.03441018,-0.2407946,-0.04278646
-0.07314026,-0.04510963,-0.027002992,-0.11551726,-0.17598486,-0.032416042,-0.06196201,-0.2574023,-0.040539198,0.012340307,-0.24680883,-0.043063115,-0.10786092,-0.25310057,0.008940671,-0.1243127,-0.3616854,-0.025880992,-0.12435895,-0.2943197,-0.04408557,-0.11510271,-0.2473318,-0.052322,-0.060333908,-0.27463502,0.004204624,-0.07389617,-0.39687088,-0.033693716,-0.07613689,-0.3161713,-0.042259872,-0.06692994,-0.27401757,-0.03576905,-0.008352041,-0.273313,-0.009739332,-0.01276499,-0.40025592,-0.045445744,-0.022514343,-0.32520026,-0.043916292,-0.019193828,-0.28429812,-0.032583162,0.047680497,-0.2578032,-0.027542107,0.03685552,-0.32621068,-0.053609382,0.026130736,-0.2721672,-0.054647293,0.031172276,-0.23536676,-0.04952477
-0.073314965,-0.0415805,-0.027699282,-0.11696297,-0.17487866,-0.0324171,-0.06175798,-0.25475264,-0.039386753,0.014596522,-0.24458712,-0.040788915,-0.105706155,-0.25260752,0.0074445982,-0.12223774,-0.359002,-0.027314361,-0.123274624,-0.2904598,-0.0443464,-0.114865184,-0.24434096,-0.051632456,-0.058172286,-0.2733794,0.0034070727,-0.072223604,-0.39407033,-0.0346462,-0.07546568,-0.3095047,-0.041546155,-0.06620675,-0.26768184,-0.033473443,-0.0064157248,-0.2709173,-0.009882638,-0.010846913,-0.39642736,-0.046599843,-0.021052778,-0.3165666,-0.043189596,-0.017194748,-0.2761256,-0.030031592,0.0498091,-0.25448984,-0.026968377,0.03804046,-0.32234937,-0.054189935,0.02670163,-0.26518202,-0.054158736,0.03144127,-0.22804296,-0.047721725
-0.07459581,-0.045027494,-0.028153824,-0.118085146,-0.18040842,-0.032922275,-0.063785136,-0.26264244,-0.039998565,0.010916591,-0.24748725,-0.040945664,-0.10748315,-0.25768107,0.010313358,-0.123750985,-0.36262655,-0.024554342,-0.12375581,-0.29270232,-0.04253434,-0.11508858,-0.24741262,-0.050769426,-0.060144603,-0.27873665,0.00621597,-0.07438111,-0.39880854,-0.032286853,-0.07674211,-0.31714666,-0.04049176,-0.06751692,-0.27710265,-0.03333038,-0.00854522,-0.2757104,-0.0074485387,-0.013114035,-0.39990222,-0.04346175,-0.021707296,-0.3247034,-0.041223973,-0.017110348,-0.2875176,-0.029154329,0.04772389,-0.2580806,-0.025161196,0.03640294,-0.32405853,-0.050901126,0.026387691,-0.27081782,-0.051616166,0.03197193,-0.23703003,-0.04617556
-0.07493442,-0.045294166,-0.028880624,-0.11893737,-0.1791398,-0.034473643,-0.064184666,-0.26183492,-0.042510994,0.010457218,-0.24411744,-0.043908637,-0.108855486,-0.25736248,0.009458521,-0.12559724,-0.36121935,-0.026191004,-0.124810874,-0.28834987,-0.0436493,-0.11568558,-0.2466119,-0.051610027,-0.06101197,-0.27871627,0.005339471,-0.07544142,-0.39692748,-0.033426717,-0.07751298,-0.3106842,-0.039643236,-0.067926764,-0.2743743,-0.031021012,-0.009514928,-0.27566135,-0.008584117,-0.015310228,-0.39679247,-0.044405725,-0.023266137,-0.31613386,-0.03873821,-0.017108679,-0.28064346,-0.024154454,0.046632648,-0.2579882,-0.026878264,0.03455746,-0.32333952,-0.051125713,0.024031341,-0.26937878,-0.049601477,0.030106068,-0.23760241,-0.04253912
-0.07493442,-0.045294166,-0.028880624,-0.11893737,-0.1791398,-0.034473643,-0.064184666,-0.26183492,-0.042510994,0.010457218,-0.24411744,-0.043908637,-0.108855486,-0.25736248,0.009458521,-0.12559724,-0.36121935,-0.026191004,-0.124810874,-0.28834987,-0.0436493,-0.11568558,-0.2466119,-0.051610027,-0.06101197,-0.27871627,0.005339471,-0.07544142,-0.39692748,-0.033426717,-0.07751298,-0.3106842,-0.039643236,-0.067926764,-0.2743743,-0.031021012,-0.009514928,-0.27566135,-0.008584117,-0.015310228,-0.39679247,-0.044405725,-0.023266137,-0.31613386,-0.03873821,-0.017108679,-0.28064346,-0.024154454,0.046632648,-0.2579882,-0.026878264,0.03455746,-0.32333952,-0.051125713,0.024031341,-0.26937878,-0.049601477,0.030106068,-0.23760241,-0.04253912
-0.07342303,-0.044326425,-0.027846415,-0.11605036,-0.17930293,-0.032816272,-0.059173644,-0.2586972,-0.03989143,0.017190456,-0.24452126,-0.04102238,-0.10461837,-0.25712198,0.006748431,-0.120440185,-0.36052,-0.028188325,-0.12174964,-0.28829086,-0.04574556,-0.11351335,-0.24511838,-0.05398519,-0.056690514,-0.27822733,0.0027938415,-0.069879234,-0.39533693,-0.03439745,-0.0742867,-0.30791694,-0.040191423,-0.06509751,-0.27069527,-0.03204162,-0.0047959685,-0.27460706,-0.01047041,-0.007920682,-0.39707932,-0.04501224,-0.0192222,-0.31496727,-0.03952724,-0.014602065,-0.27708787,-0.025878245,0.0512895,-0.25692427,-0.027871018,0.041577935,-0.32197887,-0.05303293,0.028403044,-0.26712126,-0.052301865,0.032765508,-0.23395234,-0.045955002
-0.07377666,-0.04048413,-0.02937067,-0.1182099,-0.1788711,-0.03403793,-0.06273538,-0.26045573,-0.040240627,0.014168918,-0.24417692,-0.04055577,-0.10768503,-0.26036924,0.007041349,-0.122302294,-0.3639546,-0.026488349,-0.123764634,-0.2948104,-0.044298735,-0.11649853,-0.24843222,-0.053043365,-0.05987358,-0.28091478,0.0037757594,-0.07279253,-0.40097275,-0.03405161,-0.077032566,-0.31786305,-0.042695418,-0.06903982,-0.27372515,-0.036147136,-0.008087099,-0.27653134,-0.008640725,-0.011102498,-0.40065473,-0.044917025,-0.021105826,-0.3232273,-0.043744702,-0.018240869,-0.28127134,-0.032527473,0.04851824,-0.25668854,-0.024974763,0.038624167,-0.32160342,-0.05326022,0.028227448,-0.2654363,-0.055401735,0.032409847,-0.22788316,-0.050637536
-0.07528591,-0.04190612,-0.030414922,-0.11969507,-0.17746466,-0.03576846,-0.06414217,-0.2587571,-0.0428801,0.011423111,-0.24538034,-0.043606438,-0.10916859,-0.25715053,0.008850496,-0.12548196,-0.35942185,-0.02729624,-0.1265527,-0.28905177,-0.045426257,-0.11805093,-0.24602908,-0.05341502,-0.06147915,-0.2781632,0.005686612,-0.07455599,-0.39502656,-0.033894114,-0.07866907,-0.3117988,-0.041468024,-0.06930882,-0.2747829,-0.03334642,-0.010390043,-0.2745633,-0.0074072434,-0.014997005,-0.39348662,-0.0450638,-0.025055408,-0.3142568,-0.041546512,-0.020145893,-0.2797848,-0.027998647,0.04534787,-0.25625038,-0.024761993,0.033438444,-0.31857497,-0.05180882,0.02291131,-0.26147503,-0.051665846,0.029093623,-0.22896415,-0.04500667
-0.08115989,-0.044759333,-0.024882635,-0.123871446,-0.17899507,-0.028478678,-0.06835109,-0.25932986,-0.034870822,0.0043908954,-0.24554902,-0.035681542,-0.10833979,-0.2560488,0.012560631,-0.1231913,-0.35807627,-0.01875608,-0.12465495,-0.28389198,-0.0362455,-0.115362585,-0.23906547,-0.045155603,-0.060364783,-0.27471513,0.0078085344,-0.07223946,-0.39250714,-0.028698849,-0.080661476,-0.30709904,-0.038614057,-0.07221484,-0.2635274,-0.03283342,-0.010012746,-0.2712878,-0.0054641543,-0.014205873,-0.3941983,-0.038940493,-0.029002964,-0.31568456,-0.037902452,-0.02451539,-0.27302527,-0.02668808,0.04511541,-0.25363404,-0.02228534,0.0278759,-0.31328756,-0.045047358,0.012347698,-0.26011503,-0.04500634,0.01826477,-0.22700065,-0.03908196
-0.084765315,-0.05570209,-0.021985343,-0.123318076,-0.19466561,-0.025348136,-0.06489825,-0.26568407,-0.03187064,0.006363213,-0.2407844,-0.03310325,-0.10084832,-0.27004832,0.0138372015,-0.11726028,-0.3636983,-0.01869111,-0.12261671,-0.28603923,-0.035778742,-0.112613976,-0.24783385,-0.04498727,-0.05311656,-0.28507793,0.006654869,-0.066413105,-0.39422747,-0.032793004,-0.08045697,-0.30464906,-0.042784914,-0.069052935,-0.26823986,-0.0365322,-0.002726078,-0.27733713,-0.00904227,-0.01235944,-0.39016682,-0.043909345,-0.033611298,-0.30548453,-0.04205149,-0.02541846,-0.2719875,-0.030449979,0.052106142,-0.25574034,-0.028194644,0.019437194,-0.2986421,-0.05173312,0.0035066009,-0.24072891,-0.052366346,0.018255651,-0.21729302,-0.046997894
-0.08300573,-0.061634243,-0.017595718,-0.12045354,-0.19877619,-0.020938253,-0.06966376,-0.27046776,-0.029309249,-0.0019084811,-0.23881465,-0.03295701,-0.0900166,-0.2816996,0.02004453,-0.109280586,-0.37186483,-0.014178429,-0.11798656,-0.29903197,-0.033786677,-0.106045306,-0.25658137,-0.044299535,-0.04402256,-0.29344964,0.009507221,-0.060459316,-0.4016928,-0.031486128,-0.07717776,-0.31740737,-0.0437766,-0.062907696,-0.2780559,-0.038822174,0.0055509806,-0.2824521,-0.009546006,-0.007396102,-0.39334905,-0.04491976,-0.030685246,-0.30929667,-0.043547705,-0.019592404,-0.2734033,-0.031788364,0.059101284,-0.25607717,-0.03193706,0.022601783,-0.29950035,-0.05399759,0.0042848587,-0.24340254,-0.054145403,0.021115422,-0.22062719,-0.048542257
-0.07666439,-0.060001254,-0.015529888,-0.109405816,-0.19572175,-0.020687187,-0.062075675,-0.2642303,-0.031397905,0.0023962855,-0.22847193,-0.03902053,-0.07202983,-0.28653502,0.016041879,-0.089808226,-0.37814283,-0.015820075,-0.10450405,-0.30766964,-0.034247976,-0.09282935,-0.26010376,-0.044590615,-0.027719319,-0.29767567,0.003910204,-0.039823055,-0.4077168,-0.035196897,-0.063494146,-0.32411963,-0.0461529,-0.051558018,-0.2752077,-0.041154355,0.018743098,-0.28378034,-0.015892804,0.006188214,-0.39553052,-0.051013898,-0.022990763,-0.3109274,-0.05005498,-0.0142275095,-0.26577872,-0.039147876,0.066845894,-0.2515717,-0.03851828,0.024121165,-0.29625642,-0.061547276,0.004873812,-0.23647338,-0.061696555,0.023832679,-0.20758855,-0.056476086
-0.07750583,-0.06314868,-0.015659578,-0.10959655,-0.2006306,-0.020940825,-0.06313521,-0.27009892,-0.032101404,7.3611736e-05,-0.23311412,-0.04072593,-0.071276486,-0.2912904,0.016643414,-0.09018135,-0.38386297,-0.0136597715,-0.10386449,-0.31477386,-0.03080739,-0.09067249,-0.27067035,-0.040757798,-0.02701521,-0.30305916,0.0039863624,-0.03767842,-0.41565788,-0.034390215,-0.060823917,-0.3294083,-0.04408035,-0.048387647,-0.27975702,-0.03799903,0.018710315,-0.28776526,-0.016350824,0.0044597387,-0.3996805,-0.053172916,-0.02412504,-0.3122319,-0.05195262,-0.013651609,-0.26731682,-0.04015336,0.06480014,-0.25317204,-0.03939383,0.021498203,-0.30343598,-0.06413851,0.0016363859,-0.23900288,-0.0635546,0.020729601,-0.2045238,-0.05737499
-0.08094174,-0.07252103,-0.01427395,-0.112831,-0.20082283,-0.021852648,-0.07375759,-0.26351798,-0.036047474,-0.015712202,-0.22839975,-0.04812655,-0.06635398,-0.2946115,0.019474125,-0.08556962,-0.38525897,-0.01129286,-0.102102995,-0.32652587,-0.03142558,-0.09239191,-0.28317463,-0.04370084,-0.022865474,-0.3029371,0.005310335,-0.03697735,-0.41325796,-0.0324068,-0.061882854,-0.3365875,-0.0454139,-0.05185318,-0.2835704,-0.04321652,0.021048427,-0.28712696,-0.016414404,0.0033085942,-0.39745438,-0.0530727,-0.025665522,-0.31408507,-0.05309827,-0.016218662,-0.26090622,-0.042638406,0.06352168,-0.252217,-0.040809583,0.016573846,-0.30121338,-0.064835,-0.005757928,-0.23803431,-0.06387937,0.010940731,-0.19804484,-0.057793926
-0.07849252,-0.06824815,-0.013442637,-0.110926986,-0.19889706,-0.020546112,-0.06984687,-0.26243275,-0.033858396,-0.010068536,-0.22642428,-0.04533689,-0.06630683,-0.29108852,0.015494366,-0.08455169,-0.38444844,-0.01473504,-0.1030702,-0.3263089,-0.034672428,-0.0946607,-0.2785403,-0.046816297,-0.022370875,-0.30073237,0.0016988388,-0.03497058,-0.41203225,-0.03521286,-0.061416805,-0.33521038,-0.047727175,-0.05208701,-0.277556,-0.04541849,0.021677792,-0.28582954,-0.019086361,0.004944265,-0.39738786,-0.053887457,-0.02470529,-0.31789035,-0.05508725,-0.015591919,-0.26317966,-0.046354648,0.06472695,-0.25153124,-0.042374436,0.017163157,-0.29789197,-0.0660331,-0.0042793155,-0.23634619,-0.06661411,0.013838887,-0.19599229,-0.062139984
-0.08229011,-0.06768644,-0.017496286,-0.117026925,-0.2026105,-0.023687515,-0.0748955,-0.27246338,-0.035675436,-0.013252437,-0.23490888,-0.04451286,-0.0808447,-0.2866869,0.02109991,-0.100245714,-0.37715244,-0.0075849444,-0.11235762,-0.31462288,-0.025359884,-0.09819585,-0.27654445,-0.036891956,-0.036532998,-0.2999009,0.009566035,-0.048973322,-0.40827698,-0.02805081,-0.07087535,-0.33037627,-0.04020507,-0.057552874,-0.28450638,-0.037292466,0.008932412,-0.28835917,-0.010044344,-0.005245924,-0.40254894,-0.0467142,-0.03260684,-0.3207631,-0.04751135,-0.021548212,-0.2750579,-0.03798695,0.055867314,-0.25839925,-0.032689784,0.010385215,-0.3046791,-0.05859137,-0.00782752,-0.23995471,-0.06031718,0.012524784,-0.20265955,-0.05619
-0.080488026,-0.057390988,-0.018853115,-0.119212985,-0.19932163,-0.022836586,-0.067465544,-0.2733106,-0.030632,0.0018593073,-0.23510522,-0.033688683,-0.09562194,-0.27116567,0.011176937,-0.11305773,-0.36505675,-0.018382765,-0.120030046,-0.29044425,-0.03353543,-0.107655704,-0.2538526,-0.04291614,-0.04986167,-0.2884935,0.0024538925,-0.06397593,-0.39738473,-0.034777276,-0.0788182,-0.3112293,-0.04214348,-0.0647043,-0.27347833,-0.035426237,-0.0010334253,-0.28153372,-0.013945384,-0.014167011,-0.39508355,-0.04527485,-0.03508413,-0.3112918,-0.040670015,-0.02404368,-0.2773462,-0.028930679,0.052432656,-0.2598564,-0.033829473,0.015297115,-0.30207944,-0.054314494,0.0002503991,-0.24439955,-0.053936154,0.017970264,-0.22187275,-0.049298916
-0.0839079,-0.056208372,-0.02265351,-0.12496275,-0.19757992,-0.02625055,-0.0731802,-0.2761231,-0.033028577,-0.002570808,-0.24686104,-0.03382169,-0.1023134,-0.27051187,0.013809795,-0.12226397,-0.36199313,-0.016847454,-0.12577641,-0.2823764,-0.032228634,-0.11306977,-0.25238377,-0.041562967,-0.05645126,-0.28788322,0.006726445,-0.07358509,-0.3944366,-0.031753577,-0.0858984,-0.30352253,-0.0389923,-0.0711965,-0.27240115,-0.031365886,-0.0072800517,-0.28173333,-0.00896094,-0.02070111,-0.3950699,-0.041908816,-0.03973818,-0.3098765,-0.03594013,-0.02798742,-0.28140616,-0.02228759,0.047022045,-0.26139134,-0.028647888,0.01594168,-0.30767834,-0.049424276,0.0008921623,-0.24994415,-0.04728701,0.017017901,-0.22847116,-0.04061795
-0.08157933,-0.045669913,-0.02631885,-0.12602693,-0.17715853,-0.030661933,-0.0739612,-0.26026076,-0.03742989,-0.0029036403,-0.24431872,-0.038494285,-0.11715627,-0.24894834,0.011820321,-0.1365763,-0.3518595,-0.020671172,-0.13714105,-0.27871168,-0.038286973,-0.12663686,-0.23622751,-0.04718307,-0.07156402,-0.27198565,0.0077984855,-0.090037584,-0.38648245,-0.030162254,-0.09545416,-0.29980057,-0.039137743,-0.082684755,-0.25888836,-0.032544237,-0.02200371,-0.27273726,-0.0051451162,-0.033707917,-0.39447403,-0.039427426,-0.044955492,-0.31143183,-0.035773147,-0.034998775,-0.27212304,-0.022688644,0.032913804,-0.25844216,-0.022063559,0.011005282,-0.31856972,-0.046245746,0.0011450648,-0.26040184,-0.04551575,0.014358103,-0.22784036,-0.03874624
-0.0832392,-0.043660402,-0.027007664,-0.13048303,-0.17614192,-0.030745365,-0.07851285,-0.2609452,-0.03671123,-0.0057362914,-0.24160784,-0.035640005,-0.1231153,-0.24780703,0.012348598,-0.1432702,-0.3477459,-0.019979404,-0.14062732,-0.2675712,-0.035787657,-0.1286667,-0.23266965,-0.043923717,-0.076274574,-0.2710932,0.009046594,-0.09375107,-0.38115463,-0.0287359,-0.09854376,-0.28914624,-0.034718823,-0.086494565,-0.25634474,-0.026224727,-0.026212454,-0.27267873,-0.003624595,-0.036684692,-0.39136106,-0.036989104,-0.04779309,-0.30828017,-0.030577164,-0.037557304,-0.27584326,-0.016091911,0.029353917,-0.26103938,-0.020574305,0.007127285,-0.31801355,-0.042764697,-0.0042440295,-0.26149088,-0.04099064,0.008203387,-0.23195398,-0.033933174
-0.082223475,-0.041950643,-0.030986924,-0.1316464,-0.17312014,-0.035664216,-0.082081735,-0.25827253,-0.041584976,-0.00805378,-0.23581511,-0.039667778,-0.12503779,-0.24340117,0.011197177,-0.14522707,-0.3434825,-0.020988476,-0.1432566,-0.26731694,-0.036360446,-0.13126004,-0.23548853,-0.044329286,-0.07932049,-0.26829553,0.009828163,-0.09574896,-0.3793593,-0.027924418,-0.10021007,-0.29339457,-0.03342839,-0.08831179,-0.26397806,-0.024600796,-0.030573606,-0.2704236,-0.0014538305,-0.039130688,-0.38550222,-0.035110354,-0.049118042,-0.30695623,-0.028942399,-0.038932145,-0.27780062,-0.014498112,0.024719596,-0.25927043,-0.017553251,0.006227374,-0.31850737,-0.040385664,-0.0047982335,-0.26403838,-0.03940898,0.0062658787,-0.23360014,-0.03287952
-0.08112556,-0.041607678,-0.029984012,-0.1299066,-0.17194605,-0.034868043,-0.08127153,-0.25812382,-0.04188895,-0.0086122155,-0.23790187,-0.0412088,-0.12442672,-0.24111265,0.014408406,-0.14448255,-0.34220028,-0.017279277,-0.14214998,-0.26744688,-0.03324671,-0.13052696,-0.23354518,-0.041490927,-0.078286946,-0.26605326,0.0122301,-0.09484249,-0.37722263,-0.025501044,-0.098217726,-0.29458427,-0.032931313,-0.08688283,-0.26094055,-0.025652321,-0.029382885,-0.26951706,0.00016459555,-0.037383497,-0.38810852,-0.033495948,-0.046381474,-0.31290352,-0.02885332,-0.037852228,-0.2784899,-0.015460219,0.025556505,-0.26015627,-0.016687468,0.009069324,-0.32312834,-0.038755916,-0.0017699599,-0.2708549,-0.03799159,0.0073822737,-0.2368356,-0.031827632
-0.08228862,-0.04223478,-0.030005129,-0.13315952,-0.1739586,-0.03488162,-0.08491498,-0.2601186,-0.04159186,-0.010940969,-0.24000901,-0.040154926,-0.12577266,-0.24309516,0.012162247,-0.1469422,-0.3441565,-0.02108768,-0.14206916,-0.26534468,-0.036557727,-0.12987018,-0.23370165,-0.0440918,-0.079841316,-0.26767427,0.0099279685,-0.09728682,-0.37987173,-0.028891755,-0.0986858,-0.29265523,-0.03411423,-0.086805165,-0.26160973,-0.024624849,-0.030826986,-0.27082348,-0.0023149662,-0.040598392,-0.38669014,-0.036212757,-0.047469676,-0.30759126,-0.028709635,-0.037033617,-0.27619588,-0.012998221,0.024761021,-0.26174426,-0.019421034,0.0065645576,-0.3220492,-0.041099668,-0.003220141,-0.2679577,-0.038781874,0.0072099566,-0.23625576,-0.031147698
-0.08149713,-0.042592347,-0.029584,-0.12841499,-0.17381257,-0.034863755,-0.07584387,-0.25984836,-0.042294458,-0.0021181703,-0.24383324,-0.04245481,-0.122737825,-0.24239022,0.0121363,-0.14349222,-0.34534752,-0.020687483,-0.14063042,-0.27005303,-0.03796219,-0.12861037,-0.23238277,-0.04685666,-0.07659519,-0.26606554,0.009817814,-0.09417963,-0.37967604,-0.02873854,-0.09816748,-0.2956612,-0.037212167,-0.08691299,-0.25818878,-0.030614788,-0.027630866,-0.26900107,-0.0021927997,-0.03565365,-0.39015752,-0.03636939,-0.046303153,-0.3148864,-0.032951336,-0.038365304,-0.27685708,-0.020345235,0.027044296,-0.2595415,-0.018812,0.009652793,-0.323161,-0.042149942,-0.0021776557,-0.27125466,-0.042558774,0.006745577,-0.2354722,-0.037054896
-0.08071476,-0.04053378,-0.029643103,-0.12871206,-0.17313176,-0.034460954,-0.07683849,-0.2579602,-0.041123763,-0.0031672716,-0.23927653,-0.040439595,-0.12276429,-0.24395168,0.011066926,-0.14273405,-0.34485722,-0.020905089,-0.13906926,-0.26725358,-0.03717995,-0.12739146,-0.23078454,-0.045638327,-0.07615799,-0.2671411,0.009102576,-0.09291476,-0.37947148,-0.029275037,-0.09590715,-0.2933522,-0.03705911,-0.085413694,-0.25556493,-0.029842673,-0.026396751,-0.26955354,-0.0022851585,-0.034631312,-0.38895965,-0.036579937,-0.043538272,-0.3116145,-0.03269574,-0.035573363,-0.27330393,-0.019679448,0.029297829,-0.25959998,-0.018130234,0.011851311,-0.32029057,-0.04194237,0.0013637543,-0.26711613,-0.04228437,0.01058352,-0.23203462,-0.036525797
-0.07871866,-0.03823483,-0.03033744,-0.12726015,-0.17355806,-0.03527325,-0.07400268,-0.25773287,-0.041499123,0.0015617609,-0.24072689,-0.040193964,-0.12046063,-0.24386305,0.0072258627,-0.13934374,-0.3451895,-0.025747845,-0.13580817,-0.2662409,-0.040937193,-0.12347746,-0.23172861,-0.048455242,-0.07379413,-0.26719517,0.005559816,-0.0892241,-0.3805114,-0.03294685,-0.09235591,-0.2922504,-0.038036052,-0.08132535,-0.25877672,-0.02887428,-0.024529457,-0.2693864,-0.005603294,-0.032384098,-0.38618755,-0.039923903,-0.04077089,-0.30507237,-0.03250828,-0.03149438,-0.27152008,-0.01722137,0.03100121,-0.25950176,-0.021349054,0.012224376,-0.3206041,-0.044795863,0.0015384555,-0.2642864,-0.042846862,0.011536479,-0.23119593,-0.03550982
-0.08050406,-0.04134816,-0.029450182,-0.12744898,-0.17591691,-0.033478726,-0.07397318,-0.2612834,-0.039057665,0.00035905838,-0.24518138,-0.037248023,-0.122879446,-0.24305087,0.011228747,-0.14197105,-0.34732485,-0.020057706,-0.1385274,-0.2704882,-0.035769787,-0.12669575,-0.23289382,-0.043750767,-0.07644868,-0.2666055,0.009774673,-0.09257215,-0.38259917,-0.027780287,-0.09568709,-0.29723662,-0.035083864,-0.08445728,-0.25846076,-0.027438022,-0.026694775,-0.26975393,-0.001044184,-0.03480196,-0.39092755,-0.03473897,-0.04408598,-0.31479508,-0.03093295,-0.035709262,-0.27657723,-0.018040773,0.029419899,-0.2606004,-0.016261024,0.011734784,-0.32291168,-0.040295493,0.0005310178,-0.26895654,-0.040810194,0.009452939,-0.23269826,-0.035130005
-0.078849316,-0.03751445,-0.030670848,-0.12773305,-0.17390805,-0.035322223,-0.074430406,-0.26101148,-0.041375715,0.00069803,-0.2438643,-0.03978408,-0.12115443,-0.2447105,0.008515328,-0.13998276,-0.34875524,-0.023611818,-0.13576865,-0.27009743,-0.03925181,-0.12387991,-0.23335338,-0.047293063,-0.07429987,-0.26753312,0.0073629385,-0.090506196,-0.3824305,-0.031089187,-0.093379915,-0.29509348,-0.037424188,-0.083042026,-0.2575137,-0.02912545,-0.02473408,-0.2699471,-0.0032859105,-0.032863855,-0.39079744,-0.037889306,-0.04176557,-0.31310976,-0.032757524,-0.033849478,-0.27550858,-0.018922614,0.030957162,-0.2601313,-0.018482378,0.013646126,-0.32175934,-0.043233998,0.0023098588,-0.26713276,-0.043389544,0.01054728,-0.23086643,-0.03739003
-0.07908726,-0.040112495,-0.030040633,-0.12714565,-0.17752331,-0.034878224,-0.07467556,-0.2627517,-0.041342232,-0.0011395216,-0.24158436,-0.040406294,-0.12152612,-0.24634331,0.008082353,-0.1413818,-0.35135615,-0.023595352,-0.13784814,-0.2741614,-0.039104834,-0.12552893,-0.23584133,-0.047086734,-0.075286865,-0.26980418,0.006646296,-0.09184641,-0.385172,-0.031390604,-0.095421374,-0.30019933,-0.038047336,-0.08443248,-0.26049465,-0.03019698,-0.025921166,-0.27268982,-0.004062793,-0.033923566,-0.39409232,-0.03802026,-0.043349266,-0.31711137,-0.03367115,-0.035063803,-0.27703506,-0.02060486,0.029687643,-0.26335895,-0.019278701,0.0120713115,-0.32363987,-0.0432723,0.0007151365,-0.2708133,-0.043971542,0.009484291,-0.23470551,-0.038639747
-0.08071774,-0.042996287,-0.029372143,-0.12817836,-0.17607516,-0.034509342,-0.07608777,-0.2623316,-0.041758753,-0.0031569004,-0.24477178,-0.041570324,-0.120434344,-0.2447474,0.0110478215,-0.13965708,-0.3496465,-0.022596512,-0.13664651,-0.27218002,-0.03987176,-0.12438929,-0.23263532,-0.048425056,-0.07345921,-0.26729345,0.008900086,-0.08973348,-0.38301772,-0.0306586,-0.09317446,-0.29657978,-0.038373366,-0.08137894,-0.25611407,-0.03072171,-0.023931623,-0.2696615,-0.0028677091,-0.032335877,-0.39212337,-0.037600506,-0.041874647,-0.31469887,-0.03246644,-0.032833755,-0.27422374,-0.018342027,0.031189322,-0.25939143,-0.019233672,0.0137655735,-0.32445383,-0.043097604,0.001747489,-0.27108335,-0.042719673,0.010464072,-0.23335487,-0.036290795
-0.079576194,-0.041065037,-0.02895047,-0.12695438,-0.17348582,-0.034449227,-0.07491791,-0.25939554,-0.041935068,-0.0010868907,-0.24142796,-0.042285,-0.119589984,-0.24329317,0.009064178,-0.13915193,-0.34855378,-0.023740795,-0.13717741,-0.271187,-0.040348485,-0.12519956,-0.23206413,-0.04866956,-0.07275671,-0.26569813,0.006632156,-0.088833034,-0.3815713,-0.03268498,-0.093014,-0.2957744,-0.040592358,-0.08157754,-0.2545783,-0.03310479,-0.023031712,-0.26777685,-0.0050109383,-0.03146094,-0.39135402,-0.03973597,-0.041444182,-0.31642455,-0.03558537,-0.032827497,-0.27652562,-0.022171227,0.03239554,-0.25694096,-0.021010146,0.014821291,-0.32410055,-0.045251813,0.0027142763,-0.27138913,-0.045117304,0.0111118555,-0.23237306,-0.03883034
-0.07977009,-0.04128784,-0.029446147,-0.12577361,-0.17376411,-0.03499532,-0.07282174,-0.25888193,-0.042368777,0.00018644333,-0.23873389,-0.04254845,-0.118528605,-0.24268824,0.008188758,-0.13823116,-0.3482483,-0.024610898,-0.13604581,-0.27168798,-0.04133809,-0.12386179,-0.23218477,-0.04978528,-0.07221359,-0.2652821,0.006232893,-0.088650644,-0.38120118,-0.0322884,-0.093230665,-0.29641122,-0.03958508,-0.08165318,-0.2563095,-0.032196555,-0.02319318,-0.26752263,-0.0049952646,-0.03042543,-0.3901828,-0.03912212,-0.041101635,-0.31483084,-0.034593187,-0.032364428,-0.27488822,-0.02135012,0.031692743,-0.25719482,-0.020724382,0.016020417,-0.32360077,-0.044479758,0.002922535,-0.27139127,-0.04444373,0.010676324,-0.23273021,-0.038599737
-0.0777902,-0.03838706,-0.030071806,-0.12597424,-0.17302632,-0.035132788,-0.07410997,-0.25946963,-0.04170624,-9.447336e-05,-0.23895168,-0.04082885,-0.11850947,-0.2418884,0.006369496,-0.13791531,-0.34803087,-0.025456665,-0.13409603,-0.27117795,-0.04062187,-0.121481,-0.23425037,-0.0483371,-0.072301626,-0.26539755,0.0049334327,-0.08835304,-0.38199857,-0.03268791,-0.091202974,-0.29779273,-0.03825798,-0.07991606,-0.2598151,-0.029846959,-0.023227096,-0.26824325,-0.0057074344,-0.030707657,-0.39014518,-0.039400864,-0.03968984,-0.31423104,-0.03381966,-0.0312984,-0.27581662,-0.01998536,0.03215438,-0.25838828,-0.02089448,0.0167225,-0.32283074,-0.044414993,0.004439473,-0.2707771,-0.04411303,0.011724055,-0.23360515,-0.038140576
-0.08011657,-0.043243647,-0.029324403,-0.12607878,-0.17733276,-0.03435915,-0.07257491,-0.26262766,-0.04130745,0.00016474724,-0.2441529,-0.04128769,-0.12027323,-0.24295217,0.009569123,-0.13957232,-0.34849346,-0.021784373,-0.13609421,-0.27293015,-0.038358722,-0.12428123,-0.23272276,-0.047002833,-0.07386887,-0.26651788,0.007867207,-0.0896582,-0.38256094,-0.029736439,-0.09265965,-0.29788613,-0.03800977,-0.08163935,-0.2555166,-0.031338006,-0.024546862,-0.269731,-0.0029338412,-0.031542063,-0.39279866,-0.03611819,-0.040792227,-0.31731296,-0.03285496,-0.032923877,-0.27495962,-0.020535242,0.03041619,-0.2598886,-0.018162064,0.014719844,-0.32409662,-0.041355677,0.003309071,-0.272983,-0.041985672,0.011350632,-0.23583758,-0.03668798
-0.08039212,-0.040435314,-0.028106984,-0.1283406,-0.17393994,-0.032781765,-0.0781222,-0.25930357,-0.039555952,-0.0051808953,-0.23775995,-0.039305866,-0.12020862,-0.24100387,0.009190691,-0.13923782,-0.3463269,-0.021775767,-0.13584083,-0.2705236,-0.03732228,-0.12332326,-0.23230845,-0.045499343,-0.073829174,-0.26442325,0.0066780294,-0.08991474,-0.38038027,-0.030819355,-0.09266794,-0.29666108,-0.03800876,-0.08095437,-0.25640935,-0.03070508,-0.024670184,-0.2679237,-0.004770833,-0.032848656,-0.3902774,-0.037830103,-0.041510344,-0.31520844,-0.03366071,-0.03269577,-0.27498746,-0.020885091,0.03022772,-0.25865108,-0.02057087,0.013019085,-0.32144368,-0.043319583,0.0019481778,-0.2701816,-0.043471258,0.011062264,-0.23357815,-0.038021438
-0.0798071,-0.04066378,-0.02900734,-0.1266911,-0.17485696,-0.033789102,-0.07565445,-0.26028132,-0.040523168,-0.0016587377,-0.24116123,-0.040374108,-0.11973554,-0.24050075,0.010350454,-0.13862807,-0.34464633,-0.0196716,-0.13721293,-0.27252066,-0.035636246,-0.12548095,-0.23393792,-0.04421724,-0.07409084,-0.2637686,0.008623478,-0.08996683,-0.38009006,-0.028495848,-0.09459263,-0.2998144,-0.03751572,-0.083005786,-0.25767565,-0.03146256,-0.025275052,-0.2672481,-0.0019833725,-0.032824397,-0.39112413,-0.03441226,-0.043139637,-0.31960893,-0.032331526,-0.03503394,-0.2778694,-0.020962814,0.029794514,-0.25794792,-0.016964624,0.012775421,-0.32289767,-0.039183084,0.0010251999,-0.27406466,-0.040286664,0.009867132,-0.23715496,-0.035601974
-0.08216989,-0.04105091,-0.026369933,-0.12831724,-0.17468506,-0.030397408,-0.075359285,-0.2586131,-0.03697852,-0.0019140244,-0.24896461,-0.037972383,-0.118958116,-0.2373848,0.012206829,-0.14049757,-0.3358215,-0.017253626,-0.14024162,-0.26800627,-0.033493046,-0.12646347,-0.22764772,-0.04191424,-0.07412332,-0.26171583,0.0095412675,-0.090112984,-0.3751955,-0.02842055,-0.09536451,-0.29482597,-0.039274137,-0.08173227,-0.24808127,-0.03372901,-0.026716828,-0.26718444,-0.0014711267,-0.036051452,-0.3873163,-0.03438469,-0.046248257,-0.31396037,-0.033695806,-0.035297513,-0.27084035,-0.02272365,0.026263237,-0.26064163,-0.016411144,0.0017346144,-0.320099,-0.0384445,-0.0075350404,-0.27122468,-0.03965666,0.006985426,-0.23885357,-0.034827493
-0.0830428,-0.046718776,-0.025541192,-0.12705499,-0.17505139,-0.030089365,-0.07429683,-0.2589566,-0.038183033,-0.0035510063,-0.25158232,-0.040720876,-0.11713737,-0.2368303,0.019223632,-0.1359039,-0.33375144,-0.010156231,-0.13776016,-0.2686916,-0.028322004,-0.12540442,-0.22587508,-0.03773964,-0.0730052,-0.25932306,0.016287334,-0.088082075,-0.36824727,-0.021836879,-0.09387314,-0.29256248,-0.03572827,-0.08058578,-0.24462926,-0.032208316,-0.025867462,-0.26455432,0.004657458,-0.035328925,-0.3832385,-0.027058056,-0.045572996,-0.31775606,-0.028752165,-0.035032034,-0.2744664,-0.019440148,0.026331842,-0.25872403,-0.011077595,0.0030300021,-0.32029563,-0.030068763,-0.006330192,-0.2772472,-0.03105361,0.007681966,-0.24495023,-0.02639623
-0.08949679,-0.06046152,-0.015927298,-0.12769794,-0.17570019,-0.016086156,-0.081015706,-0.25950468,-0.022886615,-0.02000755,-0.26285458,-0.024955895,-0.11667776,-0.22442317,0.04206496,-0.1358236,-0.31904024,0.018213432,-0.13654625,-0.26380712,-0.00016051563,-0.122549236,-0.22128373,-0.008821806,-0.07400477,-0.24538189,0.036392853,-0.08707285,-0.3566293,0.0044679386,-0.09176242,-0.28943676,-0.011781603,-0.076711655,-0.23830897,-0.010042741,-0.027398705,-0.25279552,0.022228232,-0.03625518,-0.37162262,-0.0026686674,-0.04666096,-0.31358778,-0.0057918485,-0.0339545,-0.26249295,0.002948622,0.023286462,-0.25108147,0.0043806327,0.0031226277,-0.32467967,-0.0040674107,-0.012083173,-0.29123807,-0.00097246625,-0.0022221804,-0.25533926,0.005944671
-0.089649856,-0.061364055,-0.015920002,-0.12921059,-0.1753475,-0.016239401,-0.08062172,-0.26022726,-0.024076391,-0.018917978,-0.2661907,-0.02722499,-0.11712301,-0.21759027,0.046713296,-0.13673109,-0.31139106,0.021536453,-0.13616765,-0.2553901,0.0023011267,-0.1225428,-0.21402723,-0.006496355,-0.0752216,-0.23898709,0.04069919,-0.08986664,-0.34752685,0.006057733,-0.092490435,-0.27873474,-0.011861138,-0.07764155,-0.22818333,-0.010405165,-0.030086339,-0.24942088,0.025620077,-0.03963262,-0.36502373,-0.0022179983,-0.04779774,-0.3047762,-0.006532812,-0.03471917,-0.2543311,0.0025720545,0.019048274,-0.25310254,0.0068195853,-0.003456831,-0.32691354,-0.0020548117,-0.016132593,-0.29037565,0.0013093435,-0.004529953,-0.25188065,0.008775584
-0.087118804,-0.06624526,-0.005452443,-0.122951806,-0.16784781,-0.0032025578,-0.081106186,-0.2435447,-0.009690942,-0.024835467,-0.25697708,-0.013242383,-0.10932952,-0.19937289,0.045405723,-0.12940818,-0.28937292,0.024389096,-0.13071549,-0.23619431,0.0072475467,-0.11761117,-0.19203442,-0.0005769386,-0.06903535,-0.219441,0.03624415,-0.08423215,-0.3240406,0.008110821,-0.087637305,-0.2574557,-0.008435882,-0.0724473,-0.20324719,-0.008445563,-0.024744928,-0.23012525,0.020389186,-0.03724718,-0.34099883,-0.000242586,-0.04593402,-0.28296638,-0.0023770886,-0.033415377,-0.22865319,0.00587593,0.022226036,-0.23315167,0.0019669302,-0.001684308,-0.3115471,-0.0011010517,-0.016503215,-0.27943307,0.005415478,-0.0073314905,-0.2397393,0.013702571
-0.08978301,-0.06642276,-0.0058164126,-0.12570035,-0.16387516,-0.00089047046,-0.0840705,-0.23785502,-0.004495005,-0.0284006,-0.2460916,-0.004955328,-0.11265808,-0.19763589,0.05820319,-0.12954277,-0.28290308,0.04344122,-0.13253886,-0.23733842,0.027152957,-0.12271309,-0.19749045,0.019037208,-0.07225746,-0.21889013,0.050978284,-0.08336538,-0.32136595,0.028766885,-0.08658165,-0.26160616,0.010121775,-0.07452887,-0.20903534,0.007815827,-0.02814281,-0.22897369,0.0366436,-0.036916733,-0.33847892,0.020713834,-0.04447043,-0.287134,0.014532674,-0.033716917,-0.23316926,0.019238446,0.018625915,-0.23023915,0.019665739,-0.0016435385,-0.30928814,0.02027847,-0.016565502,-0.2811991,0.025569912,-0.010041416,-0.24086887,0.03244225
-0.08651829,-0.0618971,-0.0070361486,-0.12506568,-0.16151464,-0.0022759947,-0.08382815,-0.23665816,-0.005717583,-0.027007759,-0.24434751,-0.005929684,-0.11294186,-0.19520462,0.053407036,-0.13044578,-0.2815107,0.037768193,-0.13176352,-0.23521036,0.021332467,-0.12227446,-0.19540751,0.012955714,-0.071945965,-0.21725261,0.046416502,-0.08387679,-0.32078397,0.024575194,-0.08635801,-0.26273412,0.006667583,-0.0750978,-0.2106905,0.004055288,-0.027566075,-0.22795212,0.032318484,-0.03608793,-0.33878577,0.016194837,-0.04381627,-0.28849953,0.009985531,-0.034560084,-0.23305738,0.014162844,0.019065797,-0.230232,0.015432542,-0.00014269352,-0.30995953,0.014613551,-0.015372872,-0.2834338,0.018602403,-0.010371566,-0.24252409,0.024234882
-0.08208543,-0.054526746,-0.01675651,-0.12048453,-0.16179293,-0.018966915,-0.074653864,-0.24003744,-0.027222723,-0.012201071,-0.24095225,-0.031758256,-0.10722685,-0.20518225,0.02994289,-0.12408835,-0.29682654,0.005309697,-0.12687713,-0.24646181,-0.012462404,-0.11630589,-0.2066114,-0.021090683,-0.06543046,-0.22629517,0.024468172,-0.07707381,-0.3351084,-0.0048565995,-0.0826962,-0.27378404,-0.01768229,-0.07053566,-0.22580045,-0.015681623,-0.020165741,-0.23342055,0.011197531,-0.027454376,-0.35101497,-0.013463822,-0.03807485,-0.2931739,-0.013767141,-0.028642118,-0.2421822,-0.004098274,0.02877295,-0.2300992,-0.005622972,0.0107014775,-0.3106659,-0.014600029,-0.0051044226,-0.2771219,-0.009557609,0.0013329387,-0.23725873,-0.0018971416
-0.08561915,-0.05856973,-0.014820374,-0.120753646,-0.17040569,-0.014055828,-0.072655916,-0.2481842,-0.01989549,-0.010316253,-0.24117643,-0.022161255,-0.107257664,-0.21610332,0.04055316,-0.12383556,-0.3073575,0.019489642,-0.13001269,-0.26178455,0.0023734816,-0.12069327,-0.22519201,-0.006380417,-0.06698233,-0.23597956,0.03485889,-0.07747871,-0.34671605,0.006311997,-0.08569884,-0.28631914,-0.009763219,-0.073740184,-0.23761213,-0.009634609,-0.021695137,-0.24287152,0.021280846,-0.02660507,-0.36418417,-0.0038498358,-0.040504754,-0.30819762,-0.009805819,-0.031490326,-0.25494748,-0.0034843823,0.027967453,-0.24031746,0.0045050615,0.010985017,-0.32245559,-0.006303206,-0.005449176,-0.28903735,-0.005320934,0.0023269057,-0.24631566,-9.341416e-05
-0.08775878,-0.060765743,-0.017299693,-0.12520683,-0.17757428,-0.016280767,-0.074545264,-0.25818288,-0.021465113,-0.010242343,-0.24754375,-0.022461925,-0.11186296,-0.22808802,0.045684863,-0.12640148,-0.32190692,0.023044795,-0.13183081,-0.27411819,0.0047302386,-0.12193543,-0.23686236,-0.004754901,-0.07058835,-0.24876827,0.041053783,-0.07995206,-0.35893947,0.008872168,-0.0882557,-0.29698616,-0.009521068,-0.077569604,-0.25001281,-0.009614332,-0.02514273,-0.2564156,0.027536528,-0.030575454,-0.37331778,-0.00057496736,-0.0434404,-0.31541884,-0.0085841855,-0.03503257,-0.2675987,-0.0029491023,0.024797201,-0.2545923,0.010591919,0.0025148988,-0.32381606,-0.0034361829,-0.009616613,-0.28385884,-0.0049160235,0.0021098256,-0.2459948,-0.00081367797
-0.08799696,-0.05642271,-0.017721754,-0.12691009,-0.17365354,-0.01549239,-0.07770491,-0.25334543,-0.018965414,-0.014081001,-0.24142766,-0.017803079,-0.11528689,-0.22889495,0.04442615,-0.13076365,-0.32592016,0.022040192,-0.13393915,-0.2741667,0.005318155,-0.12263322,-0.2333625,-0.0029792713,-0.072678804,-0.25037706,0.039938916,-0.08343029,-0.36267686,0.0086087575,-0.08800286,-0.2981748,-0.007171229,-0.07441628,-0.25143653,-0.005308149,-0.02540189,-0.25695235,0.026331913,-0.033367574,-0.37419775,-0.0013296762,-0.042703748,-0.31473184,-0.0071327495,-0.03163427,-0.2707473,-0.00029903796,0.026702583,-0.25313985,0.009174206,0.0048999786,-0.31960756,-0.0058227414,-0.0049505234,-0.27747357,-0.007062022,0.008351386,-0.24255651,-0.0028071653
-0.0821206,-0.053230822,-0.022475252,-0.12236005,-0.17691344,-0.025294527,-0.07003659,-0.2600875,-0.032822184,0.00012129545,-0.2512244,-0.035443313,-0.11215407,-0.23464656,0.026160369,-0.13046241,-0.33512068,-0.0017826542,-0.13195884,-0.275518,-0.018265994,-0.11916709,-0.23634714,-0.026137315,-0.06833041,-0.25752908,0.021508014,-0.081603765,-0.37338728,-0.013278765,-0.085862696,-0.29977834,-0.024181861,-0.07110399,-0.25577128,-0.018830739,-0.0199579,-0.2621175,0.0077448874,-0.028327525,-0.38148585,-0.02343611,-0.039377272,-0.31003523,-0.022531802,-0.028796673,-0.26701325,-0.0106763225,0.033192754,-0.25488156,-0.009999182,0.012595117,-0.32561755,-0.02735219,7.164478e-05,-0.27768075,-0.025219178,0.010949671,-0.2415393,-0.018153043
-0.08075023,-0.053352594,-0.02914794,-0.12446368,-0.1823886,-0.034561593,-0.07125658,-0.26355898,-0.042881418,-0.00048708916,-0.24126703,-0.04429888,-0.1152181,-0.2500788,0.016044566,-0.13019347,-0.35470575,-0.017950939,-0.12691712,-0.28187507,-0.03609175,-0.11699194,-0.24334168,-0.045037657,-0.068339705,-0.2722116,0.0128598,-0.08076149,-0.38605255,-0.024812073,-0.081335664,-0.30188012,-0.032281134,-0.07080537,-0.26822484,-0.025163814,-0.018115163,-0.272784,-0.00059369014,-0.022542417,-0.38932872,-0.033949364,-0.03021884,-0.31076473,-0.028040942,-0.02284664,-0.2765382,-0.013830348,0.035900474,-0.26007313,-0.018980343,0.02540481,-0.32411253,-0.039282363,0.014485419,-0.27085048,-0.03625088,0.021439493,-0.23857623,-0.028722145
-0.076583505,-0.048237443,-0.030803006,-0.12201643,-0.18044138,-0.03767238,-0.0723573,-0.26083505,-0.04670751,-9.179115e-05,-0.23396361,-0.04845309,-0.11235136,-0.2537557,0.008411125,-0.12749982,-0.35914433,-0.026786478,-0.12516487,-0.28413868,-0.043553535,-0.11531049,-0.24606913,-0.05128808,-0.06518084,-0.27556866,0.005670726,-0.077473044,-0.39023986,-0.03154759,-0.07956523,-0.3044396,-0.035273273,-0.06895518,-0.27253032,-0.02572091,-0.014404714,-0.27435946,-0.007301444,-0.018629968,-0.39204547,-0.04070053,-0.027047873,-0.3120749,-0.032013673,-0.018959343,-0.2788906,-0.016058993,0.040765166,-0.2596622,-0.025250696,0.030050874,-0.32639694,-0.046293937,0.019062936,-0.2718758,-0.042205915,0.026496232,-0.23725396,-0.033766672
-0.07878524,-0.04652965,-0.03274563,-0.12551433,-0.18514925,-0.03752161,-0.07028282,-0.26713008,-0.04353431,0.0057905316,-0.23807567,-0.0416067,-0.11441475,-0.26024097,0.009645284,-0.13019621,-0.3598904,-0.024895277,-0.12808442,-0.28102255,-0.04094621,-0.11840618,-0.24790323,-0.048955712,-0.06675559,-0.28205264,0.008132353,-0.07998741,-0.3960779,-0.030632291,-0.08376813,-0.30738795,-0.034757037,-0.07343882,-0.27863258,-0.024646895,-0.016298652,-0.27889442,-0.0039367042,-0.02085948,-0.39272973,-0.03927307,-0.030171335,-0.31043673,-0.03207406,-0.021793485,-0.28115207,-0.016616266,0.03967631,-0.261638,-0.021085551,0.02894044,-0.32005984,-0.04526481,0.017454982,-0.26404744,-0.044311345,0.025253057,-0.2344743,-0.037679277
-0.078571916,-0.044952154,-0.03187983,-0.12800246,-0.18488657,-0.035993982,-0.07331169,-0.26557678,-0.041264992,0.005335033,-0.23724318,-0.038507465,-0.117423296,-0.26187962,0.00978004,-0.13199812,-0.36423135,-0.023713939,-0.13071346,-0.2823975,-0.03872831,-0.12143695,-0.2471813,-0.04598371,-0.06864202,-0.28288156,0.008303582,-0.07932937,-0.39758635,-0.029644404,-0.0844053,-0.30712837,-0.033313386,-0.075574994,-0.2758013,-0.022857511,-0.017779231,-0.27896863,-0.0035284827,-0.020178676,-0.39325663,-0.038090076,-0.030027628,-0.31132305,-0.03120359,-0.023449779,-0.28020573,-0.016092017,0.038387,-0.26080024,-0.020205745,0.027854085,-0.31977916,-0.044423718,0.016957283,-0.26224852,-0.043553267,0.024065852,-0.22978199,-0.03680876
-0.08110255,-0.048428,-0.032463957,-0.12707353,-0.18469936,-0.03747412,-0.069251835,-0.26568735,-0.04439774,0.007096052,-0.23801112,-0.04323283,-0.11803031,-0.2633322,0.014919976,-0.1322332,-0.36574847,-0.021263022,-0.13215148,-0.28577673,-0.04000077,-0.12405658,-0.24872953,-0.04945538,-0.069285154,-0.28254044,0.01269613,-0.08086693,-0.3971755,-0.02816626,-0.08687472,-0.3088025,-0.035942614,-0.079202175,-0.27773505,-0.028072419,-0.01883185,-0.27733636,-0.0005833321,-0.0201087,-0.39460433,-0.037672594,-0.031484663,-0.3150739,-0.033927806,-0.026453614,-0.2822476,-0.020428238,0.036815166,-0.25842237,-0.018890662,0.029069304,-0.31808716,-0.044353925,0.016424716,-0.2637087,-0.045394607,0.02179718,-0.23159969,-0.039932907
-0.07987541,-0.046087384,-0.030828482,-0.1261828,-0.18307585,-0.035489086,-0.070411384,-0.26435167,-0.04250209,0.004745722,-0.2378332,-0.041862395,-0.115921736,-0.2642976,0.01461433,-0.13004947,-0.36584663,-0.021184638,-0.1305362,-0.28652024,-0.039598923,-0.122365415,-0.24773067,-0.048800703,-0.06762117,-0.28282672,0.011129511,-0.079791784,-0.3988662,-0.030243788,-0.085092604,-0.31055588,-0.038475078,-0.07668066,-0.27581215,-0.030656092,-0.016892135,-0.2773201,-0.0029622663,-0.019325018,-0.39699477,-0.040727198,-0.029381394,-0.3163464,-0.03675833,-0.023572803,-0.28128278,-0.022859527,0.038848102,-0.25771004,-0.021829404,0.030707479,-0.31934518,-0.04750231,0.018225133,-0.26435983,-0.047743145,0.023744583,-0.23095268,-0.041636102
-0.08040446,-0.048359513,-0.03047373,-0.12608194,-0.1846438,-0.034836665,-0.067270696,-0.2655114,-0.041595686,0.008691788,-0.24015099,-0.040524263,-0.11692512,-0.2647555,0.01592894,-0.13043088,-0.36811495,-0.020414937,-0.1302734,-0.2887901,-0.039157677,-0.12219083,-0.24946511,-0.04827302,-0.067478776,-0.2829287,0.012869317,-0.078757405,-0.3980762,-0.027425265,-0.083913505,-0.3091864,-0.034670677,-0.075684965,-0.27637082,-0.026552903,-0.016786098,-0.2769521,-0.001057632,-0.019203782,-0.39434284,-0.037563562,-0.02901572,-0.31282496,-0.032155808,-0.022661746,-0.2785409,-0.017625779,0.038725138,-0.25723135,-0.01985719,0.029714108,-0.31832778,-0.04438184,0.017772496,-0.26382744,-0.04378557,0.024139524,-0.23193783,-0.037234824
-0.078794,-0.04560566,-0.028972553,-0.12751442,-0.1825124,-0.034828443,-0.07428497,-0.2638963,-0.042777415,0.0025148988,-0.23589087,-0.043648154,-0.11560482,-0.25765252,0.005201713,-0.13075179,-0.36347133,-0.028272536,-0.13022202,-0.28376734,-0.043981813,-0.120812654,-0.24566549,-0.05217436,-0.066782594,-0.2775768,0.0014274183,-0.07898557,-0.39540106,-0.035577457,-0.08455062,-0.30818176,-0.039779287,-0.07524222,-0.27361047,-0.03106055,-0.015754819,-0.27366573,-0.01175071,-0.019830704,-0.3938623,-0.04512808,-0.029489815,-0.3142718,-0.03796976,-0.022067487,-0.27856869,-0.02372135,0.040079474,-0.25525427,-0.029496465,0.028808057,-0.31972164,-0.052368823,0.017191231,-0.26447123,-0.050399404,0.02426821,-0.22904807,-0.043793574
-0.07947129,-0.043140233,-0.029769458,-0.1286239,-0.18082017,-0.036142197,-0.07732183,-0.26546055,-0.044538215,-0.0013769865,-0.2382192,-0.045303594,-0.11710137,-0.25780118,0.005449851,-0.13506472,-0.36792845,-0.029683001,-0.1333583,-0.2847064,-0.04513282,-0.12177473,-0.24549204,-0.05238024,-0.06779766,-0.2785219,0.0018527792,-0.082485735,-0.3973887,-0.03580474,-0.08734852,-0.30734003,-0.037889373,-0.07580322,-0.274588,-0.027096184,-0.017239273,-0.27448708,-0.011676995,-0.02408868,-0.39441556,-0.045140408,-0.03340876,-0.31320834,-0.03465016,-0.02376622,-0.28210825,-0.017898714,0.03820139,-0.25565982,-0.03009423,0.024545312,-0.3215329,-0.052118175,0.013693929,-0.2631628,-0.047666624,0.022973478,-0.2279383,-0.039079834
-0.08126402,-0.050837994,-0.030871255,-0.12400842,-0.18310368,-0.038159348,-0.0695101,-0.26300472,-0.04759773,0.0038805008,-0.238738,-0.050549556,-0.11098182,-0.26026392,0.010022348,-0.12562627,-0.36198223,-0.026623387,-0.1276874,-0.29043448,-0.04610019,-0.11786622,-0.247249,-0.055639863,-0.06389296,-0.27993107,0.0060002715,-0.07599503,-0.39650995,-0.03415767,-0.08118343,-0.31196547,-0.042305406,-0.06849027,-0.27536827,-0.03499009,-0.013253987,-0.2748134,-0.008294995,-0.016628861,-0.39197874,-0.044796593,-0.027826905,-0.31332684,-0.040210586,-0.018520474,-0.28174442,-0.02640829,0.04176271,-0.2537321,-0.027348123,0.030151248,-0.31616718,-0.05105372,0.017995715,-0.2602517,-0.049063537,0.026594162,-0.22904122,-0.04188086
-0.07698512,-0.048550487,-0.030467907,-0.117949724,-0.18006772,-0.037810028,-0.061293423,-0.256693,-0.047283057,0.012631774,-0.23733252,-0.05044724,-0.10951775,-0.25928593,0.0078879725,-0.122350335,-0.36212683,-0.030647578,-0.124349356,-0.29109335,-0.050628822,-0.11615378,-0.24504346,-0.05954726,-0.062211514,-0.2785647,0.0038100602,-0.07284665,-0.39468682,-0.037290104,-0.0779804,-0.31087452,-0.045685876,-0.06732315,-0.27436048,-0.038139027,-0.011201799,-0.27352566,-0.010437704,-0.012830079,-0.39160353,-0.048159562,-0.023995817,-0.31284308,-0.044569902,-0.017130256,-0.2803198,-0.031057475,0.043906093,-0.25309163,-0.029134428,0.03490007,-0.31268954,-0.054667328,0.023444295,-0.25798404,-0.05397262,0.030730903,-0.22885782,-0.047225602
-0.07592732,-0.047821343,-0.028765867,-0.11785656,-0.17843407,-0.036147654,-0.062954664,-0.2548405,-0.045825105,0.01121366,-0.2303977,-0.049752172,-0.10849494,-0.2583562,0.0070692347,-0.119761944,-0.36368537,-0.029336458,-0.122178674,-0.295564,-0.049482435,-0.11485684,-0.24655044,-0.059007395,-0.060650706,-0.27625376,0.0025931254,-0.069990814,-0.39531934,-0.037065033,-0.075120926,-0.31368756,-0.04676054,-0.065809906,-0.2699374,-0.04061402,-0.0095822215,-0.27043837,-0.011315262,-0.009031296,-0.39350337,-0.04677145,-0.019956589,-0.3186072,-0.044927057,-0.015055656,-0.2794953,-0.033134915,0.045642436,-0.24875009,-0.029437525,0.039763868,-0.3140515,-0.05347662,0.027771115,-0.26186162,-0.05336401,0.03212905,-0.22732103,-0.047501944
-0.07460576,-0.04356152,-0.031503096,-0.11796266,-0.17612815,-0.04001046,-0.064977586,-0.25393963,-0.05033609,0.009062171,-0.22810507,-0.054442216,-0.10619253,-0.25764894,0.004322863,-0.11843449,-0.36143494,-0.03315905,-0.120449424,-0.29362404,-0.053597737,-0.11282176,-0.24707401,-0.06344587,-0.058900297,-0.27560878,0.0005177201,-0.06820494,-0.39503822,-0.041016273,-0.07341033,-0.31475043,-0.050609477,-0.0649932,-0.27152008,-0.043952007,-0.008627236,-0.26962167,-0.013001107,-0.008141577,-0.39263406,-0.05025351,-0.018135011,-0.31732506,-0.0479869,-0.013836205,-0.277844,-0.035566494,0.04617715,-0.24797136,-0.031067988,0.041679263,-0.31095153,-0.056830145,0.030886114,-0.25769436,-0.057417646,0.035016954,-0.22365308,-0.051849797
-0.07373279,-0.04320848,-0.033855543,-0.115825236,-0.1713596,-0.042030025,-0.061816514,-0.24644172,-0.051598538,0.012610376,-0.22969419,-0.053749993,-0.10964745,-0.25500476,0.0060703917,-0.12011862,-0.35959554,-0.03430362,-0.11854613,-0.28812867,-0.054719206,-0.11301726,-0.24185461,-0.06291081,-0.05998385,-0.27224463,0.0040392536,-0.066660225,-0.39055574,-0.038414378,-0.067347825,-0.30626428,-0.046360835,-0.06272793,-0.26822007,-0.03793233,-0.008843839,-0.2649647,-0.008648139,-0.005213797,-0.3869538,-0.04781171,-0.011712134,-0.30982542,-0.043612175,-0.0112454295,-0.2738636,-0.028960083,0.044891357,-0.24286574,-0.026008483,0.04646665,-0.30983347,-0.053329032,0.036739588,-0.25760847,-0.0530453,0.035988748,-0.22344077,-0.045893844
-0.07373279,-0.04320848,-0.033855543,-0.115825236,-0.1713596,-0.042030025,-0.061816514,-0.24644172,-0.051598538,0.012610376,-0.22969419,-0.053749993,-0.10964745,-0.25500476,0.0060703917,-0.12011862,-0.35959554,-0.03430362,-0.11854613,-0.28812867,-0.054719206,-0.11301726,-0.24185461,-0.06291081,-0.05998385,-0.27224463,0.0040392536,-0.066660225,-0.39055574,-0.038414378,-0.067347825,-0.30626428,-0.046360835,-0.06272793,-0.26822007,-0.03793233,-0.008843839,-0.2649647,-0.008648139,-0.005213797,-0.3869538,-0.04781171,-0.011712134,-0.30982542,-0.043612175,-0.0112454295,-0.2738636,-0.028960083,0.044891357,-0.24286574,-0.026008483,0.04646665,-0.30983347,-0.053329032,0.036739588,-0.25760847,-0.0530453,0.035988748,-0.22344077,-0.045893844
-0.07199675,-0.044914186,-0.028337564,-0.10914856,-0.16571862,-0.03858507,-0.056392133,-0.22600853,-0.05043486,0.010751307,-0.20915323,-0.056730606,-0.103850424,-0.2515874,-0.0059884954,-0.11046249,-0.34924704,-0.04413548,-0.10825962,-0.27213115,-0.063763805,-0.10197252,-0.22264373,-0.07275575,-0.051425993,-0.27116114,-0.012088699,-0.053722262,-0.38315022,-0.050804548,-0.056283772,-0.29384106,-0.05787952,-0.052132487,-0.25391245,-0.051457327,0.0024468303,-0.26280385,-0.026528131,0.010773003,-0.37610024,-0.06166639,0.002629578,-0.2960986,-0.05650824,0.002976954,-0.26129323,-0.04393347,0.055113733,-0.23634529,-0.04468367,0.057409286,-0.29500157,-0.06775295,0.04501319,-0.241925,-0.06370614,0.043215215,-0.20999789,-0.055890683
-0.07448977,-0.049070597,-0.03533372,-0.11017758,-0.16943365,-0.050730743,-0.051977575,-0.22631162,-0.06674537,0.016777396,-0.20820397,-0.076392576,-0.1028319,-0.2596975,-0.011954697,-0.10576308,-0.3505047,-0.057835672,-0.10403055,-0.26689613,-0.08153677,-0.09790242,-0.21936858,-0.09251001,-0.049889445,-0.2778359,-0.016752087,-0.049503565,-0.38388646,-0.064430475,-0.053402543,-0.2856505,-0.07295001,-0.04999274,-0.24883491,-0.065894276,0.003781259,-0.2685579,-0.031338926,0.015071392,-0.3756923,-0.07398722,0.0049499273,-0.28686112,-0.06790104,0.0034812689,-0.25240666,-0.052874986,0.056082666,-0.24202788,-0.050450392,0.062466502,-0.29445225,-0.07735915,0.04798764,-0.23621124,-0.07392085,0.043028474,-0.20728749,-0.06561976
-0.0703432,-0.03602594,-0.032169368,-0.11135471,-0.14603132,-0.045454737,-0.0666284,-0.19993174,-0.05904832,-0.00022906065,-0.18461221,-0.067269534,-0.097634256,-0.24601477,-0.014490885,-0.1024667,-0.33562928,-0.058468465,-0.10160518,-0.2607497,-0.081104524,-0.097498536,-0.20991737,-0.09096785,-0.044124365,-0.26406842,-0.01984348,-0.044576585,-0.37627792,-0.066120416,-0.046763718,-0.2798447,-0.07343712,-0.045489013,-0.2349717,-0.06496094,0.009881794,-0.25489557,-0.0338704,0.021660209,-0.36424142,-0.076887004,0.013213575,-0.27294004,-0.06998124,0.008579195,-0.2316066,-0.053486157,0.06258768,-0.2281422,-0.051574253,0.07250589,-0.28585982,-0.080894515,0.058694124,-0.22687268,-0.077393316,0.050135374,-0.19277012,-0.068158366
-0.069711804,-0.038582027,-0.032890737,-0.11520368,-0.14829093,-0.046148244,-0.075856745,-0.20242351,-0.05991998,-0.00978297,-0.18384218,-0.06764598,-0.10146487,-0.25442004,-0.00974032,-0.10794985,-0.33936226,-0.052533675,-0.10391158,-0.25885224,-0.07405017,-0.09805989,-0.21399683,-0.08396847,-0.04772812,-0.27239716,-0.015163096,-0.049069762,-0.3753987,-0.05999191,-0.050050676,-0.2738945,-0.06567865,-0.04803455,-0.23752356,-0.05665957,0.006858051,-0.26193857,-0.029928664,0.017111361,-0.3625192,-0.07153761,0.009215951,-0.26747662,-0.061975326,0.0056430697,-0.23321718,-0.0442369,0.060725927,-0.2338298,-0.048787992,0.067141175,-0.28651965,-0.07538762,0.053955913,-0.22384226,-0.06921726,0.04687667,-0.1936419,-0.05856838
-0.07106578,-0.03996104,-0.034378745,-0.1149379,-0.1468237,-0.049804922,-0.07230276,-0.19656289,-0.06483894,-0.0071480274,-0.17617238,-0.07413244,-0.099517345,-0.2546667,-0.017231386,-0.1056878,-0.33777523,-0.061615173,-0.10403514,-0.25664252,-0.08418951,-0.09910345,-0.21004367,-0.09481028,-0.04557818,-0.27112675,-0.022083523,-0.047438383,-0.3719911,-0.06773078,-0.050246954,-0.27114838,-0.074254036,-0.049957395,-0.23299336,-0.06655111,0.009449542,-0.2603895,-0.035784684,0.020579517,-0.3601749,-0.07860479,0.009910166,-0.26374346,-0.070253804,0.0030736327,-0.22580153,-0.053742383,0.06297964,-0.23154682,-0.053393036,0.06952566,-0.28428096,-0.08180211,0.05433166,-0.21940595,-0.07665935,0.045109928,-0.18560523,-0.06681937
-0.07193506,-0.037362456,-0.03494254,-0.11719918,-0.1439963,-0.051114284,-0.07484013,-0.19639021,-0.067082934,-0.009011805,-0.17666292,-0.077377126,-0.09899193,-0.25427717,-0.017739214,-0.10654843,-0.33680475,-0.06283303,-0.10416156,-0.255327,-0.08595842,-0.097919405,-0.21007854,-0.097156845,-0.045485497,-0.27103257,-0.023047354,-0.048771083,-0.37047935,-0.069767244,-0.05118704,-0.26880676,-0.07693576,-0.04962778,-0.23243743,-0.069665775,0.009203255,-0.2607665,-0.037235983,0.018717647,-0.35783052,-0.080582686,0.008840799,-0.2593302,-0.07099625,0.0035262108,-0.22327173,-0.05366573,0.062618494,-0.2324605,-0.05557595,0.068698585,-0.28476048,-0.08320134,0.053750217,-0.21836114,-0.076315925,0.046010673,-0.18649435,-0.065396525
-0.0724749,-0.040076494,-0.031719364,-0.11853099,-0.14398444,-0.046778653,-0.0783146,-0.19622737,-0.06257922,-0.011937797,-0.17487049,-0.073101215,-0.10249096,-0.24947727,-0.014410512,-0.11124337,-0.335427,-0.05898807,-0.10822904,-0.25768495,-0.08282745,-0.10103428,-0.20932734,-0.094095685,-0.048852503,-0.26663518,-0.0209851,-0.05209726,-0.37005925,-0.06665136,-0.05399716,-0.27141023,-0.07457207,-0.05195391,-0.22938299,-0.067722425,0.0061825514,-0.25723332,-0.036162205,0.015083492,-0.35914385,-0.078483395,0.0053504705,-0.263273,-0.07029894,0.0003864169,-0.22106016,-0.05360305,0.059812903,-0.22870845,-0.055152602,0.066972256,-0.28751343,-0.082495555,0.05150801,-0.22279948,-0.0762368,0.043112695,-0.18505132,-0.065470316
-0.07249361,-0.038647413,-0.037571147,-0.11925006,-0.14531672,-0.054155532,-0.07884681,-0.19582134,-0.070087396,-0.011034071,-0.171449,-0.08008581,-0.105442524,-0.25941795,-0.0150004765,-0.11293554,-0.33524454,-0.058594342,-0.109932125,-0.25802654,-0.082725115,-0.102989495,-0.21290958,-0.095126756,-0.050207913,-0.27806097,-0.01871725,-0.05424571,-0.37506592,-0.06527035,-0.05625081,-0.27625483,-0.073992245,-0.053667903,-0.23258126,-0.06733954,0.005681336,-0.2675442,-0.03170873,0.012893975,-0.36318827,-0.074735105,0.0035445094,-0.2675432,-0.06763961,-0.0005993843,-0.22398275,-0.051475503,0.06006056,-0.23751539,-0.049146254,0.06397897,-0.28331947,-0.078423455,0.0490458,-0.21816128,-0.07475826,0.04086709,-0.18238288,-0.06545831
-0.073716044,-0.035832107,-0.036745552,-0.11904037,-0.14260161,-0.056155648,-0.073506,-0.20154351,-0.07612835,-0.0057822466,-0.18540335,-0.090876386,-0.107353866,-0.25063205,-0.016181387,-0.11889237,-0.34257156,-0.06387956,-0.1145826,-0.26362908,-0.09089094,-0.105528,-0.21164185,-0.103471845,-0.05340463,-0.26889938,-0.021763634,-0.059722185,-0.38061047,-0.072260626,-0.06161475,-0.28407568,-0.08424073,-0.05833167,-0.23542762,-0.078379974,0.0011882782,-0.25995338,-0.03655559,0.006522894,-0.36945933,-0.08334736,-0.0007163882,-0.2735231,-0.07848459,-0.0023170114,-0.22480172,-0.062107496,0.05604291,-0.23269153,-0.055461753,0.05949354,-0.2876991,-0.085723996,0.045547485,-0.21963346,-0.08106746,0.038994074,-0.17863673,-0.07026063
-0.073716044,-0.035832107,-0.036745552,-0.11904037,-0.14260161,-0.056155648,-0.073506,-0.20154351,-0.07612835,-0.0057822466,-0.18540335,-0.090876386,-0.107353866,-0.25063205,-0.016181387,-0.11889237,-0.34257156,-0.06387956,-0.1145826,-0.26362908,-0.09089094,-0.105528,-0.21164185,-0.103471845,-0.05340463,-0.26889938,-0.021763634,-0.059722185,-0.38061047,-0.072260626,-0.06161475,-0.28407568,-0.08424073,-0.05833167,-0.23542762,-0.078379974,0.0011882782,-0.25995338,-0.03655559,0.006522894,-0.36945933,-0.08334736,-0.0007163882,-0.2735231,-0.07848459,-0.0023170114,-0.22480172,-0.062107496,0.05604291,-0.23269153,-0.055461753,0.05949354,-0.2876991,-0.085723996,0.045547485,-0.21963346,-0.08106746,0.038994074,-0.17863673,-0.07026063
-0.07450986,-0.04086131,-0.027873179,-0.121723175,-0.1619299,-0.03740871,-0.07424009,-0.23472291,-0.049462873,-0.0024073124,-0.21502626,-0.055835877,-0.118644,-0.25558555,0.0036813915,-0.13195992,-0.35738474,-0.034399427,-0.12935579,-0.28601813,-0.05505723,-0.11987287,-0.23416907,-0.06400222,-0.06829059,-0.27705353,-0.0023731797,-0.07684171,-0.3910285,-0.040552024,-0.07827103,-0.30551422,-0.048776034,-0.0709402,-0.26544374,-0.04217622,-0.014516473,-0.27213985,-0.017507399,-0.013304412,-0.38918307,-0.05178518,-0.020670593,-0.30800575,-0.04768621,-0.01751715,-0.2696072,-0.034800787,0.040481687,-0.24908888,-0.036659878,0.035930634,-0.3080945,-0.058745876,0.026580215,-0.25464302,-0.05529137,0.03064388,-0.22342044,-0.04702171
-0.07830012,-0.044136643,-0.02885647,-0.12243438,-0.16961944,-0.035107438,-0.07081139,-0.24370438,-0.043441202,0.0020352006,-0.22222823,-0.04596747,-0.11506957,-0.24902415,0.00868035,-0.12945294,-0.3545493,-0.027280578,-0.13077319,-0.2885967,-0.045961887,-0.12212515,-0.24171811,-0.053762436,-0.06760186,-0.2701882,0.0046989894,-0.07760608,-0.3882302,-0.033892486,-0.08059293,-0.30982608,-0.04226745,-0.07119733,-0.2710207,-0.034810204,-0.016471803,-0.26737332,-0.008865976,-0.01887548,-0.38550273,-0.044185545,-0.026753187,-0.3107165,-0.042018175,-0.021139264,-0.27686328,-0.029752722,0.03846526,-0.24836141,-0.026596373,0.03042823,-0.30927926,-0.050850257,0.022517502,-0.25643623,-0.050444774,0.029975295,-0.22582662,-0.044023454
-0.08117223,-0.04824239,-0.025057357,-0.12556893,-0.17274755,-0.029729487,-0.07343507,-0.25321084,-0.037572976,-0.0032951832,-0.24542165,-0.040167388,-0.11236769,-0.24752349,0.014624463,-0.12852567,-0.35131145,-0.019426413,-0.12943971,-0.28583306,-0.03825678,-0.11972642,-0.23864841,-0.04687189,-0.06524831,-0.26941377,0.009984007,-0.07839775,-0.38560826,-0.027820641,-0.08125031,-0.3052107,-0.03749694,-0.07166314,-0.26134306,-0.031602763,-0.014782488,-0.2698415,-0.0038399743,-0.022577167,-0.38812947,-0.03804294,-0.031248868,-0.310394,-0.035581734,-0.025159895,-0.2674464,-0.02349836,0.039176524,-0.2557789,-0.021570638,0.020906031,-0.31213152,-0.044837557,0.011986196,-0.2602427,-0.044856608,0.021661937,-0.23053032,-0.039082352
-0.08514476,-0.058998823,-0.022293774,-0.121320724,-0.18457341,-0.026476398,-0.06337726,-0.26183593,-0.035087354,0.0030847788,-0.25012207,-0.039460193,-0.106126964,-0.25843823,0.024660164,-0.12214339,-0.3573488,-0.006601992,-0.12757635,-0.2965381,-0.027882619,-0.11869794,-0.24834633,-0.0390136,-0.06013626,-0.27739567,0.018739104,-0.07368922,-0.3898403,-0.018416937,-0.0820418,-0.3167702,-0.034446802,-0.071893275,-0.26584804,-0.033540484,-0.010675132,-0.2758748,0.0038186875,-0.019830644,-0.3954571,-0.031123968,-0.034314215,-0.32214165,-0.036639806,-0.02797687,-0.26996642,-0.029713847,0.04243952,-0.25999355,-0.014446147,0.019151747,-0.31303698,-0.038197216,0.006128669,-0.26229304,-0.042093307,0.016944647,-0.22791314,-0.03908311
-0.08491367,-0.05880332,-0.020322658,-0.12097561,-0.18893105,-0.022837093,-0.06393331,-0.2613626,-0.029576572,0.003297627,-0.23634255,-0.031943362,-0.09778559,-0.26651758,0.023908617,-0.11549431,-0.36017895,-0.007855824,-0.124955416,-0.29450017,-0.028143765,-0.11507529,-0.2488488,-0.03873347,-0.0519979,-0.28072166,0.016790777,-0.06516123,-0.39207634,-0.021935659,-0.08000553,-0.31528103,-0.036702204,-0.06922603,-0.26992536,-0.03386814,-0.0033802986,-0.27408463,0.00088478957,-0.012456238,-0.39149797,-0.034628022,-0.03186345,-0.3173293,-0.039721105,-0.023742855,-0.27305675,-0.032153726,0.04890865,-0.2543862,-0.018162511,0.021084368,-0.30233073,-0.042225465,0.0059869885,-0.25184405,-0.046726365,0.0205338,-0.22431302,-0.043969337
-0.07868749,-0.059754968,-0.019985206,-0.11025244,-0.19803786,-0.024175635,-0.054302633,-0.26863658,-0.032301925,0.013676643,-0.2410202,-0.036942217,-0.08640915,-0.26844156,0.017906982,-0.09939253,-0.36303738,-0.010986369,-0.11135703,-0.3012278,-0.030321082,-0.10459781,-0.2560404,-0.041597977,-0.042586565,-0.28367555,0.010036768,-0.05196631,-0.3933498,-0.026757598,-0.06989157,-0.32043123,-0.042642634,-0.061508656,-0.27169168,-0.04174348,0.0060638785,-0.27710354,-0.00540563,0.00059223175,-0.3964782,-0.03852686,-0.022377312,-0.32587045,-0.044518255,-0.017776847,-0.27980685,-0.039117888,0.05975461,-0.25484693,-0.02378158,0.031739473,-0.30183947,-0.047340572,0.01673305,-0.2466324,-0.05142717,0.030678809,-0.21336961,-0.049175326
-0.07911801,-0.06042397,-0.016064234,-0.11115128,-0.19786245,-0.019934151,-0.056969643,-0.26603377,-0.028213657,0.010837913,-0.23629695,-0.033502415,-0.084144056,-0.2746386,0.016348837,-0.098709226,-0.36756676,-0.012697054,-0.11071831,-0.3036343,-0.031962235,-0.103233576,-0.25433123,-0.043250516,-0.040141642,-0.2877512,0.0066875652,-0.052331865,-0.39567363,-0.02978058,-0.07071757,-0.32091177,-0.04528115,-0.062598586,-0.26949167,-0.044594873,0.0089710355,-0.27942312,-0.009895328,-0.00054746866,-0.3963069,-0.041854043,-0.024860382,-0.32450968,-0.04794849,-0.020862162,-0.27829224,-0.043424826,0.06228161,-0.2552852,-0.028934082,0.026196718,-0.29514945,-0.051557507,0.010994971,-0.23989785,-0.05624039,0.026440442,-0.21046364,-0.055085685
-0.08431393,-0.071923554,-0.015521238,-0.11268771,-0.20850134,-0.020130206,-0.05654657,-0.27250296,-0.03023273,0.008947074,-0.23948342,-0.036543697,-0.08557665,-0.2828048,0.02081444,-0.101665795,-0.37063208,-0.011294711,-0.11134875,-0.29945636,-0.031303946,-0.10210031,-0.25870466,-0.043160707,-0.040494263,-0.29423058,0.008825041,-0.053071856,-0.3971957,-0.031229945,-0.06969708,-0.315408,-0.045762647,-0.059153557,-0.27493614,-0.043567874,0.008559763,-0.28294802,-0.011015232,-0.004243672,-0.38946712,-0.045148738,-0.026752532,-0.3079083,-0.045989607,-0.019046366,-0.27101785,-0.03705637,0.061115324,-0.25712186,-0.03388508,0.023485005,-0.29318064,-0.05514947,0.008198142,-0.23727018,-0.05591184,0.02514571,-0.2166031,-0.051718034
-0.08279306,-0.06851411,-0.014941559,-0.11248398,-0.20783728,-0.019124301,-0.056678474,-0.27412063,-0.02895895,0.008871555,-0.24249798,-0.035181206,-0.08550054,-0.283773,0.020865396,-0.10308266,-0.3723401,-0.011118219,-0.11396402,-0.3032701,-0.031007718,-0.10358822,-0.26102203,-0.042629346,-0.04143071,-0.29494226,0.00884488,-0.055690646,-0.40023574,-0.03163608,-0.07398689,-0.32038945,-0.046490803,-0.062753856,-0.27707195,-0.04425294,0.0065923333,-0.2837389,-0.0108851865,-0.008661866,-0.39229783,-0.0455886,-0.031246543,-0.31027007,-0.046780188,-0.022171319,-0.27023214,-0.037747458,0.05827558,-0.25850248,-0.033526525,0.018025517,-0.29568577,-0.05558873,0.0031385422,-0.23918796,-0.056981757,0.02164203,-0.21718353,-0.053020373
-0.083458304,-0.06803578,-0.015775679,-0.11368412,-0.20852453,-0.01970065,-0.057881832,-0.27590412,-0.028714351,0.007950902,-0.2416811,-0.03410855,-0.09089297,-0.27992302,0.019642131,-0.10554063,-0.36966264,-0.010332717,-0.11442202,-0.30075037,-0.028917883,-0.105398595,-0.26000124,-0.04018197,-0.04696828,-0.29339755,0.008434306,-0.059619784,-0.3990121,-0.030180244,-0.07496041,-0.3188637,-0.0443565,-0.064137936,-0.27638882,-0.042116832,0.0019339323,-0.28421217,-0.010261598,-0.010896027,-0.39172626,-0.04333298,-0.03213221,-0.3106776,-0.04507277,-0.024481714,-0.27129853,-0.037003316,0.054994702,-0.2615317,-0.03191133,0.018756032,-0.29574108,-0.053414974,0.0047034025,-0.23941523,-0.055336628,0.021574914,-0.21691483,-0.052002136
-0.08262515,-0.06699413,-0.015774716,-0.11326498,-0.20596826,-0.020386478,-0.058050334,-0.2726388,-0.030111082,0.0078449845,-0.23598713,-0.03649074,-0.08998382,-0.27753705,0.017646313,-0.10501045,-0.36802974,-0.013302967,-0.115271986,-0.29971236,-0.032792438,-0.10609698,-0.2562694,-0.044425026,-0.045830548,-0.29055917,0.006269951,-0.05820775,-0.3977664,-0.032618023,-0.07465619,-0.3190124,-0.047020268,-0.06389856,-0.27437627,-0.045085143,0.0029814243,-0.28115934,-0.012512595,-0.009421825,-0.3905753,-0.045937803,-0.031051934,-0.31043512,-0.047821127,-0.023292184,-0.26874357,-0.039776143,0.05582726,-0.25790358,-0.03419017,0.020992458,-0.29696023,-0.055897485,0.0066199303,-0.24067086,-0.057617523,0.023307085,-0.21578485,-0.054166116
-0.08495176,-0.071624935,-0.01726431,-0.11546713,-0.20718938,-0.023336517,-0.05831796,-0.27223653,-0.034677416,0.007999361,-0.23512095,-0.042009342,-0.09403616,-0.27873456,0.018794382,-0.10997909,-0.3675012,-0.0138614485,-0.11821562,-0.29578108,-0.03391119,-0.10834521,-0.25764865,-0.045960877,-0.04894823,-0.29091722,0.0072697145,-0.06071186,-0.39602494,-0.03428919,-0.07537544,-0.31376243,-0.049164437,-0.06469059,-0.27395874,-0.046990044,7.8976154e-05,-0.28167248,-0.012209829,-0.011290193,-0.38895607,-0.047283415,-0.031797826,-0.3073482,-0.048209794,-0.02409947,-0.27051443,-0.039036643,0.053261638,-0.25980294,-0.034910426,0.019996583,-0.29845625,-0.055764474,0.005375147,-0.24196035,-0.056114517,0.021101177,-0.21926999,-0.051619936
-0.083109856,-0.06755912,-0.019941993,-0.11525762,-0.20485961,-0.026038488,-0.055661917,-0.2719971,-0.036225438,0.013389111,-0.23908257,-0.04228784,-0.09545052,-0.2753328,0.014745284,-0.1101318,-0.36450833,-0.017546726,-0.11808497,-0.2929213,-0.037691027,-0.109434545,-0.25191402,-0.049779348,-0.049019396,-0.28963113,0.00560454,-0.061781943,-0.39142767,-0.03519995,-0.07711345,-0.30920357,-0.050592333,-0.06768328,-0.26812822,-0.04915545,0.0004672408,-0.28343374,-0.011457472,-0.010058522,-0.39139026,-0.04666311,-0.031921268,-0.31435472,-0.050411243,-0.025496304,-0.27801323,-0.043471523,0.05358076,-0.2639584,-0.031688962,0.021419466,-0.30112076,-0.054601353,0.007234633,-0.24492478,-0.057559114,0.023040175,-0.22052163,-0.05481398
-0.08464271,-0.06262314,-0.025460448,-0.11764568,-0.19348174,-0.032537136,-0.058944225,-0.26772773,-0.043326363,0.009878635,-0.2402218,-0.049179915,-0.10042244,-0.2654413,0.020939546,-0.11507332,-0.35830325,-0.0135940695,-0.123827696,-0.2913887,-0.03674194,-0.11657214,-0.24819183,-0.049542435,-0.054569244,-0.28029305,0.01443432,-0.06622845,-0.38803977,-0.02910713,-0.08065438,-0.31088,-0.047862515,-0.072191715,-0.26488483,-0.047142096,-0.0055696964,-0.27525198,-0.0013607565,-0.012416422,-0.39314726,-0.040454917,-0.03213364,-0.32141548,-0.047530916,-0.027127802,-0.27723664,-0.040590238,0.047842324,-0.25695854,-0.02075432,0.025295913,-0.30834502,-0.04693899,0.011235595,-0.25564414,-0.05157083,0.023555756,-0.22351813,-0.048346896
-0.08131856,-0.05556768,-0.028990678,-0.12404448,-0.184798,-0.03602962,-0.07024819,-0.2642799,-0.046143737,0.0012091398,-0.23935622,-0.04975401,-0.11448419,-0.25593805,0.014260166,-0.12931615,-0.35747916,-0.021045232,-0.12896395,-0.28486276,-0.040516723,-0.11900312,-0.2436077,-0.05010044,-0.06737876,-0.27681065,0.010391584,-0.079600215,-0.38786232,-0.029701604,-0.083241284,-0.30381882,-0.03933483,-0.072130084,-0.26597446,-0.032920983,-0.016792357,-0.27617776,-0.003519375,-0.0229128,-0.3908978,-0.038317464,-0.032613337,-0.31242847,-0.03459692,-0.024103165,-0.27483332,-0.02115298,0.037973225,-0.26160485,-0.022169594,0.023966908,-0.32231557,-0.04318257,0.012403548,-0.26972914,-0.041442424,0.021270156,-0.23739737,-0.03440777
-0.076777756,-0.054991722,-0.031209169,-0.11954498,-0.19027346,-0.03636668,-0.06350762,-0.26894253,-0.043080453,0.010883272,-0.24495238,-0.042694695,-0.114233196,-0.25744253,0.011317974,-0.12578267,-0.36238545,-0.022569545,-0.123894095,-0.28667057,-0.039888266,-0.1146459,-0.24471444,-0.048066232,-0.06680727,-0.28134465,0.010111302,-0.07491773,-0.39509046,-0.02591255,-0.07688105,-0.30902767,-0.031836465,-0.06674242,-0.27407068,-0.023801873,-0.015771031,-0.28090733,-0.0012216056,-0.016138196,-0.3948766,-0.033583503,-0.024814248,-0.31486374,-0.027847731,-0.018256605,-0.28060347,-0.013961185,0.039328218,-0.26642102,-0.017426709,0.02919501,-0.32870072,-0.038172036,0.019041538,-0.27410793,-0.035678353,0.026273966,-0.24228936,-0.028335748
-0.0789963,-0.05550623,-0.030518556,-0.11830467,-0.18679523,-0.03578062,-0.05980134,-0.26572698,-0.0436283,0.014647067,-0.25080013,-0.04490347,-0.11074394,-0.2561509,0.015462465,-0.1245929,-0.3669983,-0.018894026,-0.123450875,-0.2977674,-0.037900154,-0.11336821,-0.25055623,-0.046211004,-0.062306643,-0.27831197,0.013887017,-0.0704568,-0.3998774,-0.022198709,-0.072829664,-0.32077414,-0.030772049,-0.062655985,-0.27773577,-0.02447935,-0.011519372,-0.27706015,0.0019315185,-0.010382354,-0.39893818,-0.030841663,-0.02014947,-0.32491457,-0.028134573,-0.015257716,-0.2814176,-0.015907347,0.042688668,-0.26246017,-0.014803899,0.035015404,-0.33298898,-0.035189528,0.024782062,-0.2840526,-0.033670392,0.030466557,-0.24749458,-0.027008943
-0.078251064,-0.05446458,-0.031149678,-0.117912054,-0.1857304,-0.036053687,-0.06014347,-0.26581198,-0.04325318,0.013912737,-0.24842453,-0.04320861,-0.11206716,-0.2548573,0.015436141,-0.12344235,-0.36493582,-0.019581335,-0.12114769,-0.29406136,-0.038303267,-0.111970246,-0.24797386,-0.04618549,-0.0633592,-0.2750867,0.014380914,-0.071043134,-0.39641172,-0.02239766,-0.07182127,-0.31683964,-0.029971734,-0.062403798,-0.27641147,-0.022719525,-0.012422919,-0.27346796,0.002691332,-0.011556447,-0.39477915,-0.030484779,-0.019390643,-0.32243448,-0.026751187,-0.014364898,-0.2825749,-0.013727228,0.042135894,-0.25908744,-0.013964526,0.03763807,-0.33110785,-0.034650024,0.027142584,-0.28293735,-0.033142436,0.03125024,-0.24645174,-0.026466463
-0.07920259,-0.05889672,-0.031127391,-0.11911547,-0.18933159,-0.035516337,-0.06259036,-0.2695955,-0.043076146,0.0102286935,-0.2520457,-0.042660646,-0.11310512,-0.25984037,0.024598705,-0.123132885,-0.36981028,-0.010982055,-0.119936764,-0.29661238,-0.030474748,-0.111640215,-0.25155395,-0.038382344,-0.06354505,-0.2798888,0.023082744,-0.07051647,-0.39959216,-0.013446118,-0.070412815,-0.31943113,-0.021662654,-0.062518656,-0.28445292,-0.014552276,-0.012218475,-0.2774105,0.009966907,-0.011288345,-0.39507633,-0.02224154,-0.018314362,-0.32228583,-0.017563384,-0.014631212,-0.28750902,-0.00373888,0.04178375,-0.26253986,-0.008545707,0.03859532,-0.33452004,-0.025234984,0.027633846,-0.28724253,-0.021087931,0.030371666,-0.2546178,-0.012880209
-0.07920259,-0.05889672,-0.031127391,-0.11911547,-0.18933159,-0.035516337,-0.06259036,-0.2695955,-0.043076146,0.0102286935,-0.2520457,-0.042660646,-0.11310512,-0.25984037,0.024598705,-0.123132885,-0.36981028,-0.010982055,-0.119936764,-0.29661238,-0.030474748,-0.111640215,-0.25155395,-0.038382344,-0.06354505,-0.2798888,0.023082744,-0.07051647,-0.39959216,-0.013446118,-0.070412815,-0.31943113,-0.021662654,-0.062518656,-0.28445292,-0.014552276,-0.012218475,-0.2774105,0.009966907,-0.011288345,-0.39507633,-0.02224154,-0.018314362,-0.32228583,-0.017563384,-0.014631212,-0.28750902,-0.00373888,0.04178375,-0.26253986,-0.008545707,0.03859532,-0.33452004,-0.025234984,0.027633846,-0.28724253,-0.021087931,0.030371666,-0.2546178,-0.012880209
-0.079081416,-0.05930811,-0.029729247,-0.11700708,-0.18758607,-0.03402121,-0.058749378,-0.2664821,-0.04148043,0.0123461485,-0.2492705,-0.041754115,-0.110229015,-0.2580744,0.023577994,-0.120945215,-0.36627537,-0.010532238,-0.118641436,-0.29720014,-0.030105127,-0.10928625,-0.2507081,-0.03836126,-0.061344385,-0.2775923,0.02181532,-0.067914486,-0.39712244,-0.013634276,-0.068380654,-0.32069778,-0.022954246,-0.059082866,-0.28146887,-0.016986763,-0.010609448,-0.27510405,0.00903018,-0.008927941,-0.39235437,-0.022573814,-0.016860902,-0.32316995,-0.020236203,-0.012005806,-0.28532124,-0.008205352,0.043278635,-0.25978392,-0.008792204,0.03865367,-0.3313172,-0.025546988,0.026803851,-0.28694892,-0.022747803,0.030041218,-0.25356084,-0.015664684
-0.078859806,-0.060058713,-0.026294215,-0.11611521,-0.19040954,-0.029113336,-0.05821854,-0.27218682,-0.036151163,0.011553109,-0.26191533,-0.036549337,-0.10927409,-0.25878668,0.027232818,-0.12101972,-0.36882198,-0.0059458166,-0.11841416,-0.29996425,-0.024926705,-0.10882515,-0.2523088,-0.03274838,-0.06019157,-0.27892196,0.023770966,-0.06708133,-0.3986951,-0.01087888,-0.06816244,-0.32107937,-0.020291325,-0.060248256,-0.2828554,-0.0144627625,-0.009375155,-0.27585524,0.009642338,-0.008144021,-0.39332318,-0.021013761,-0.01655221,-0.3213002,-0.0175315,-0.012838721,-0.28350115,-0.004925141,0.043809235,-0.25995177,-0.00920555,0.038365126,-0.32989192,-0.024443494,0.026402831,-0.28458458,-0.020096269,0.029678822,-0.2535419,-0.012136473
-0.079446495,-0.060736835,-0.027399624,-0.11658406,-0.18983686,-0.030430019,-0.05757612,-0.27072573,-0.037345752,0.012712359,-0.25632876,-0.03766883,-0.10969514,-0.25752956,0.027436795,-0.12067163,-0.3660537,-0.0053551244,-0.117504895,-0.29805243,-0.024252651,-0.107474625,-0.25146043,-0.032106645,-0.0605765,-0.27852738,0.024755388,-0.06666124,-0.39690173,-0.009681456,-0.06684798,-0.31956166,-0.018936928,-0.05830908,-0.28027666,-0.012845571,-0.009842336,-0.2764585,0.011229734,-0.008187234,-0.3919352,-0.020241309,-0.016115129,-0.31849217,-0.017494343,-0.011870384,-0.2789222,-0.004834935,0.04340899,-0.26151383,-0.007023337,0.03716314,-0.33007944,-0.02322656,0.025379658,-0.28360617,-0.019578584,0.028970242,-0.25164366,-0.011733273
-0.08012736,-0.06344479,-0.024817066,-0.11489445,-0.19019735,-0.02711999,-0.05621338,-0.27021968,-0.03420155,0.012422442,-0.25604457,-0.034766935,-0.107170105,-0.25558358,0.03176509,-0.11786771,-0.36407536,-0.0004117718,-0.116018474,-0.29547727,-0.019194892,-0.10628027,-0.24858022,-0.02694221,-0.058143497,-0.2742651,0.027805334,-0.06449878,-0.39297616,-0.0072777453,-0.06579578,-0.31511027,-0.017717486,-0.056980014,-0.2748376,-0.012069726,-0.0073608756,-0.27151144,0.013133028,-0.0064279437,-0.38761574,-0.01780548,-0.015331328,-0.31664014,-0.015565879,-0.010501683,-0.2772773,-0.0031667515,0.045553148,-0.2567436,-0.006134856,0.03863561,-0.32607603,-0.02086596,0.026201487,-0.2825234,-0.017078687,0.030551732,-0.25131,-0.009342985
-0.07897204,-0.061733127,-0.02389611,-0.11407387,-0.18908799,-0.025490591,-0.055963874,-0.27026612,-0.031711686,0.012029767,-0.2588672,-0.031818304,-0.10489398,-0.25191927,0.029867806,-0.11503321,-0.36059535,-0.0015727978,-0.113301635,-0.2926126,-0.019561345,-0.104314566,-0.24510336,-0.026823286,-0.056462705,-0.27026343,0.026015501,-0.06255615,-0.39087015,-0.0093923025,-0.06356835,-0.31257588,-0.019701576,-0.055000663,-0.26872975,-0.013562807,-0.006080091,-0.26797044,0.011985108,-0.0061237216,-0.38605917,-0.019071454,-0.01422435,-0.31636947,-0.016950725,-0.009720147,-0.27538407,-0.0044753426,0.046806157,-0.25386965,-0.0063469945,0.03806466,-0.32519412,-0.021800524,0.0269835,-0.28167617,-0.018183522,0.03192693,-0.24925643,-0.0103955
-0.08177215,-0.06337559,-0.022003278,-0.117776394,-0.18924671,-0.021037774,-0.06360906,-0.2693143,-0.025164815,0.0014220476,-0.25585157,-0.02281537,-0.10597181,-0.24940753,0.03839736,-0.11621398,-0.35683078,0.009016274,-0.11557555,-0.290987,-0.008588486,-0.1062758,-0.24335825,-0.015466437,-0.0579859,-0.26671064,0.03485011,-0.06386721,-0.38499448,0.00059524307,-0.0657953,-0.3105722,-0.010993253,-0.056716144,-0.2679922,-0.0055844835,-0.008524418,-0.26577574,0.020827727,-0.008968055,-0.38167816,-0.008342573,-0.017211974,-0.31767768,-0.007884792,-0.011600912,-0.2795769,0.0033985148,0.043177485,-0.2543019,0.0024429064,0.0339728,-0.32616836,-0.0106311655,0.022265315,-0.2859336,-0.0075835795,0.027923465,-0.25429082,-0.0004569571
-0.08870572,-0.07179022,-0.014487062,-0.12336844,-0.18800372,-0.011824729,-0.071774244,-0.2666859,-0.01653584,-0.01064527,-0.26829702,-0.016155737,-0.11187643,-0.23286098,0.05110773,-0.1249091,-0.3286866,0.026366616,-0.12274414,-0.2700559,0.007633421,-0.11463696,-0.22988898,-0.0007496319,-0.06758398,-0.2521112,0.04480532,-0.075511456,-0.36006707,0.01352064,-0.074940324,-0.2876262,-0.0024896478,-0.0663175,-0.2454471,-0.00096481026,-0.019589126,-0.25713825,0.029234836,-0.022877753,-0.3687722,0.0033189843,-0.027091801,-0.30207044,0.0029342347,-0.019627512,-0.25837117,0.013590724,0.03073597,-0.25274312,0.009983841,0.018574953,-0.32699972,0.0032717304,0.008312225,-0.28502172,0.010840863,0.014893293,-0.2500648,0.020705875
-0.08979732,-0.07237142,-0.013555201,-0.1238718,-0.18580377,-0.009219621,-0.07109779,-0.2636943,-0.012376051,-0.010777831,-0.26751894,-0.010408992,-0.114210606,-0.22808695,0.058163982,-0.12926388,-0.3233379,0.034820516,-0.12677479,-0.26543593,0.015474012,-0.11694515,-0.22350359,0.0069965483,-0.069737375,-0.2476995,0.05268724,-0.080171585,-0.35743284,0.0213594,-0.07914513,-0.28288198,0.002354718,-0.06766498,-0.23624581,0.002627662,-0.022006333,-0.25466055,0.037794866,-0.027937114,-0.36817896,0.011867082,-0.032469988,-0.30162835,0.007389304,-0.022187054,-0.25516677,0.01601673,0.028282046,-0.2535907,0.019494634,0.0123435855,-0.32663035,0.012600133,0.002564907,-0.2849015,0.017744264,0.012044728,-0.24868119,0.026410293
-0.08764523,-0.07095885,-0.01439331,-0.12102646,-0.18071342,-0.013828443,-0.07094103,-0.25674683,-0.020545019,-0.010427475,-0.2673056,-0.022693066,-0.10875499,-0.22343034,0.046171233,-0.12316269,-0.31647205,0.02158972,-0.12354058,-0.2585408,0.0026018056,-0.11451405,-0.21525776,-0.0058829207,-0.06422168,-0.24218279,0.039988533,-0.07413477,-0.34870648,0.009505979,-0.07669979,-0.2785191,-0.006461295,-0.06577945,-0.23023999,-0.005243491,-0.01657492,-0.24766314,0.025125613,-0.02171284,-0.36059296,0.0006227298,-0.0287897,-0.2961989,0.00051128474,-0.01958102,-0.24768537,0.011063004,0.032969773,-0.24342364,0.0066626384,0.017213225,-0.31877905,0.0004642475,0.005457461,-0.2779643,0.008382924,0.0133270025,-0.23978359,0.018547086
-0.08764523,-0.07095885,-0.01439331,-0.12102646,-0.18071342,-0.013828443,-0.07094103,-0.25674683,-0.020545019,-0.010427475,-0.2673056,-0.022693066,-0.10875499,-0.22343034,0.046171233,-0.12316269,-0.31647205,0.02158972,-0.12354058,-0.2585408,0.0026018056,-0.11451405,-0.21525776,-0.0058829207,-0.06422168,-0.24218279,0.039988533,-0.07413477,-0.34870648,0.009505979,-0.07669979,-0.2785191,-0.006461295,-0.06577945,-0.23023999,-0.005243491,-0.01657492,-0.24766314,0.025125613,-0.02171284,-0.36059296,0.0006227298,-0.0287897,-0.2961989,0.00051128474,-0.01958102,-0.24768537,0.011063004,0.032969773,-0.24342364,0.0066626384,0.017213225,-0.31877905,0.0004642475,0.005457461,-0.2779643,0.008382924,0.0133270025,-0.23978359,0.018547086
-0.08910054,-0.07262099,-0.011319837,-0.11782074,-0.18187034,-0.00825454,-0.06578344,-0.25826317,-0.012741445,-0.0073612332,-0.26995564,-0.012984374,-0.10645765,-0.22159618,0.051770326,-0.1219545,-0.3148551,0.029920802,-0.123710215,-0.25846714,0.011758041,-0.11435008,-0.21328747,0.003860819,-0.06177509,-0.23867822,0.045682516,-0.072454035,-0.34523517,0.017170474,-0.07625532,-0.27465582,0.00012441624,-0.0655179,-0.22287303,0.00050763326,-0.014048517,-0.24402374,0.0313166,-0.019739985,-0.35726678,0.007995038,-0.028693855,-0.29163563,0.0059406618,-0.019934893,-0.2380392,0.015393339,0.035179853,-0.24085325,0.013819021,0.018720865,-0.31728673,0.007874672,0.00502789,-0.27667397,0.014439741,0.012175441,-0.23595184,0.023862863
-0.08926839,-0.067667186,-0.011166845,-0.12207419,-0.17121458,-0.007789729,-0.07394582,-0.24777079,-0.011772359,-0.014981151,-0.25751114,-0.011547276,-0.11083031,-0.20950747,0.053374324,-0.12305862,-0.29768807,0.03310628,-0.12560439,-0.24533868,0.015655845,-0.118827164,-0.20503235,0.007854907,-0.06629574,-0.22764254,0.04772218,-0.07462269,-0.3320914,0.020964975,-0.07824385,-0.26473767,0.0042541437,-0.069202185,-0.21643579,0.004316645,-0.019075036,-0.23462576,0.033828236,-0.024037719,-0.3451891,0.011801336,-0.03195989,-0.28300673,0.009421069,-0.024163425,-0.23277712,0.018265443,0.029368281,-0.23351252,0.016876087,0.013700187,-0.31156844,0.012825664,0.00026005507,-0.27333134,0.01994218,0.0064757466,-0.23331487,0.02920976
-0.09304887,-0.069544494,-0.006928534,-0.12566096,-0.16914654,-0.000105976425,-0.08158851,-0.24304742,-0.001317376,-0.025700629,-0.253007,0.0010485381,-0.11004722,-0.2088139,0.06634695,-0.12534958,-0.28983426,0.05340071,-0.1307286,-0.25384104,0.03767931,-0.1239934,-0.22021967,0.03025993,-0.06927258,-0.22768337,0.060618203,-0.0776692,-0.33036047,0.039445277,-0.08260548,-0.27326512,0.020578861,-0.072229266,-0.2238133,0.018799048,-0.023455441,-0.23470199,0.04712493,-0.026227117,-0.34568173,0.030236604,-0.035360932,-0.29546613,0.022873316,-0.025706887,-0.24477834,0.027664043,0.025285184,-0.23304623,0.031033816,0.011143506,-0.31060898,0.030362079,-0.004665673,-0.2815625,0.034777153,0.00047576427,-0.2435351,0.04179442
-0.090032935,-0.067362785,-0.0071461275,-0.12407082,-0.16733164,-0.0012942604,-0.0801484,-0.23986268,-0.0032673923,-0.025166035,-0.25257266,-0.001706877,-0.11095542,-0.20302427,0.05746644,-0.1266681,-0.28552514,0.040710688,-0.12727326,-0.23773825,0.024158547,-0.1184634,-0.19646949,0.016849618,-0.068143666,-0.2221191,0.051550526,-0.07736689,-0.3210981,0.027934657,-0.0783478,-0.25648165,0.010005588,-0.06795013,-0.20506132,0.008839228,-0.022191644,-0.23026228,0.038180925,-0.026755095,-0.3369245,0.019776989,-0.03306091,-0.2810794,0.014757015,-0.02511239,-0.22930545,0.021176863,0.024707079,-0.23002249,0.022321062,0.009457946,-0.3053246,0.0211277,-0.0032579303,-0.27408242,0.02702654,0.0017929077,-0.23687983,0.035129134
-0.092041194,-0.06592357,-0.0037511003,-0.12608832,-0.16208714,0.004193297,-0.08533448,-0.23375297,0.003973829,-0.03264165,-0.24616611,0.0067510423,-0.11083019,-0.20303643,0.063765064,-0.12649834,-0.28063846,0.051662304,-0.13284594,-0.24442524,0.036655497,-0.12639046,-0.20894927,0.029647002,-0.06930429,-0.22153997,0.057080444,-0.07713193,-0.3195846,0.0372032,-0.08179653,-0.26350772,0.019182228,-0.07184088,-0.21233886,0.01740795,-0.024304628,-0.22838765,0.0434567,-0.029068887,-0.33481336,0.028323626,-0.03722167,-0.2873478,0.02195987,-0.0278427,-0.23677444,0.026673036,0.022425234,-0.2264669,0.02764854,0.0070931315,-0.30475748,0.02752499,-0.0077022314,-0.2771253,0.03280778,-0.0028293133,-0.23828024,0.04026629
-0.09327489,-0.067712605,0.003978637,-0.12422508,-0.1527335,0.01530212,-0.08646566,-0.21861666,0.017467521,-0.037926137,-0.23653424,0.022345996,-0.10830474,-0.19401854,0.07622618,-0.120887995,-0.27081984,0.07136844,-0.12467784,-0.24183476,0.057768058,-0.121328115,-0.20952064,0.050644547,-0.06854582,-0.21353763,0.068498306,-0.07743645,-0.30682814,0.05722322,-0.07781851,-0.25450987,0.03730117,-0.07010698,-0.20564878,0.03141277,-0.024579048,-0.22302908,0.054963782,-0.030365646,-0.32502925,0.047891635,-0.035452187,-0.2793309,0.039778404,-0.02702403,-0.22704124,0.040566076,0.022880316,-0.22329998,0.040063757,0.007578552,-0.29627758,0.046517752,-0.005998075,-0.26994634,0.05293921,-0.0024668574,-0.2315731,0.059598614
-0.09354293,-0.06865734,0.003922566,-0.12666774,-0.15594459,0.01594124,-0.091663,-0.22841144,0.018759672,-0.04722321,-0.25697827,0.024238931,-0.11182451,-0.1930176,0.07948889,-0.12634993,-0.2691412,0.07547706,-0.12813282,-0.24273723,0.061794452,-0.123033345,-0.21214694,0.054523442,-0.07318765,-0.21478158,0.07205998,-0.084409356,-0.30671495,0.06034013,-0.08215189,-0.25484908,0.03890792,-0.071854234,-0.20595902,0.03246881,-0.029937804,-0.22673434,0.058769025,-0.03740126,-0.3266784,0.050798982,-0.040646017,-0.28173447,0.041426074,-0.030090809,-0.22992146,0.04186938,0.01793927,-0.22969729,0.04421923,0.002377808,-0.3020693,0.049952768,-0.010320604,-0.27738845,0.05574708,-0.0061224103,-0.24046242,0.062402286
-0.096271574,-0.075226486,0.008872785,-0.12423849,-0.16061687,0.026383905,-0.08794361,-0.22825742,0.033841833,-0.04457605,-0.25428826,0.04340426,-0.10718739,-0.1936143,0.098675154,-0.12275773,-0.2639711,0.10094461,-0.1304335,-0.2544216,0.088303424,-0.1291402,-0.23402822,0.08128711,-0.069366515,-0.21348286,0.09081779,-0.08042568,-0.30731982,0.0819835,-0.08356476,-0.26627445,0.055376466,-0.07670021,-0.21805167,0.045851808,-0.02665317,-0.22515488,0.077030696,-0.032490253,-0.32656056,0.07086397,-0.0399217,-0.29146093,0.05391675,-0.030902088,-0.24045306,0.049854383,0.020304263,-0.22900474,0.06257334,0.003788054,-0.30018705,0.068629295,-0.011951208,-0.28159034,0.06958948,-0.009866834,-0.24518687,0.07327667
-0.092443705,-0.06702173,0.000504976,-0.12532008,-0.15703017,0.01026132,-0.087192535,-0.22472143,0.011244061,-0.037878394,-0.24069333,0.015108007,-0.1091302,-0.20247334,0.07049689,-0.121095836,-0.28142703,0.061866693,-0.12624317,-0.25212693,0.047099385,-0.122020125,-0.21724069,0.03985293,-0.0683344,-0.22194803,0.06320407,-0.0748657,-0.31795496,0.04847937,-0.0777936,-0.2672767,0.029186334,-0.0696609,-0.21675116,0.02459934,-0.023954332,-0.22933161,0.049477484,-0.027399182,-0.33260536,0.03922996,-0.034508526,-0.29005563,0.030852284,-0.026234806,-0.23778099,0.03228553,0.023156524,-0.22712016,0.034017384,0.009725571,-0.3010133,0.037747066,-0.0049064755,-0.27649325,0.042867135,-0.0015693903,-0.23727697,0.04911674
-0.09012085,-0.069737315,-0.0044455854,-0.1192134,-0.16650605,0.0032520955,-0.07400495,-0.23673904,0.0027663803,-0.021094859,-0.25004178,0.0056468635,-0.105792284,-0.20370322,0.06487652,-0.1169014,-0.2871709,0.05217883,-0.12156677,-0.24652666,0.036013402,-0.11627591,-0.20478153,0.02851989,-0.06235218,-0.2204994,0.058800943,-0.06786895,-0.32125843,0.039881878,-0.07259226,-0.26674116,0.019751927,-0.06477058,-0.21472216,0.015633361,-0.016561866,-0.22586375,0.045583613,-0.01755178,-0.33433646,0.030515753,-0.026951432,-0.2883857,0.021219393,-0.020789206,-0.23417771,0.023629112,0.029772341,-0.22284836,0.030241275,0.016715229,-0.29983342,0.030052414,0.0006839633,-0.2747417,0.03341134,0.0024843812,-0.23479652,0.039212182
-0.089042425,-0.07245505,-0.0049641235,-0.11695999,-0.17481911,0.00017695037,-0.068991125,-0.24474311,-0.0031395825,-0.013933301,-0.2512446,-0.0031115387,-0.1042425,-0.21248817,0.055980403,-0.116373956,-0.3020565,0.038133122,-0.12075472,-0.25179207,0.020966705,-0.11225498,-0.20729709,0.01307283,-0.060422063,-0.22991687,0.04802237,-0.06803858,-0.33578908,0.02443293,-0.07463193,-0.27145308,0.006655539,-0.063749254,-0.21932596,0.004965332,-0.013987839,-0.23564291,0.03288356,-0.017828166,-0.34661186,0.014606823,-0.029413223,-0.28990388,0.009814128,-0.020579219,-0.23632413,0.0158413,0.033147454,-0.23298979,0.015346387,0.01707542,-0.3104025,0.0140784765,0.00056904554,-0.2775898,0.020106088,0.006939471,-0.23731875,0.027795464
-0.08307648,-0.06487429,-0.013601766,-0.115979314,-0.17442143,-0.014074189,-0.06541979,-0.24731886,-0.021522908,-0.004515767,-0.24533767,-0.025682671,-0.10160601,-0.21745479,0.034410246,-0.11449897,-0.3142751,0.008887798,-0.11888528,-0.26334953,-0.009896881,-0.11066693,-0.21806914,-0.018444527,-0.056543708,-0.23472202,0.027302252,-0.063911974,-0.34524095,-0.0034085636,-0.07155037,-0.2811948,-0.0188647,-0.06130749,-0.22866786,-0.018120794,-0.008715272,-0.23828095,0.012514706,-0.011045873,-0.3567493,-0.013163858,-0.023897111,-0.29780364,-0.015853032,-0.016634226,-0.24268013,-0.0072995834,0.040022552,-0.23120731,-0.0053458787,0.024328232,-0.30952752,-0.014804034,0.00826025,-0.27618456,-0.010607897,0.014573514,-0.23553872,-0.0031963794
-0.08379537,-0.065820396,-0.016376385,-0.1170181,-0.1782164,-0.016615916,-0.06376618,-0.25243217,-0.02353568,-0.0019644499,-0.24891031,-0.02653031,-0.10420263,-0.2222302,0.037426148,-0.11542475,-0.32113808,0.011444385,-0.11937964,-0.26898026,-0.0073958267,-0.11125797,-0.22461742,-0.015786266,-0.058585405,-0.24012673,0.031516254,-0.06411129,-0.35273033,-0.0008338392,-0.071354985,-0.28631067,-0.016913177,-0.06148553,-0.23507857,-0.015574314,-0.010037422,-0.24411911,0.017164066,-0.010886967,-0.3625231,-0.009987096,-0.023071826,-0.30049664,-0.013087389,-0.015796483,-0.2472443,-0.003924857,0.039690316,-0.2377072,-0.0006427785,0.02588141,-0.31243223,-0.01095476,0.009747982,-0.27759403,-0.0074462686,0.015349746,-0.23903471,3.478186e-05
-0.08081025,-0.058853984,-0.022167355,-0.116193295,-0.17929101,-0.02642498,-0.06159371,-0.2557605,-0.035860475,0.0053195953,-0.2423966,-0.040958013,-0.10166633,-0.23482722,0.023638068,-0.11531204,-0.33673626,-0.0053588944,-0.116539955,-0.28218132,-0.023168683,-0.105231404,-0.24106807,-0.03154387,-0.056544185,-0.25489604,0.018543255,-0.062396348,-0.36877504,-0.016551388,-0.06799579,-0.29979903,-0.028692152,-0.0569039,-0.25299728,-0.024711313,-0.007924497,-0.2574448,0.0046371585,-0.0077164173,-0.37702847,-0.027090315,-0.018975735,-0.30960083,-0.026877228,-0.0110756755,-0.26194793,-0.015469195,0.04421985,-0.24772191,-0.013117601,0.03197813,-0.31951845,-0.029401261,0.01866883,-0.2758872,-0.02622888,0.025895238,-0.23883754,-0.018615156
-0.08120191,-0.05614555,-0.022741301,-0.12077081,-0.18205905,-0.024311513,-0.068535626,-0.26266253,-0.030506339,-0.0002964735,-0.2460168,-0.031218465,-0.1075055,-0.24037737,0.028967042,-0.11997402,-0.34504443,0.0013092392,-0.11992288,-0.28465486,-0.015187955,-0.10902649,-0.24035287,-0.022593696,-0.060961068,-0.26120067,0.025345545,-0.067908764,-0.37693876,-0.007902365,-0.07203174,-0.30597043,-0.018515673,-0.06137997,-0.2601896,-0.013379412,-0.01169306,-0.26353168,0.012260909,-0.012696862,-0.38069543,-0.017290348,-0.023066223,-0.31431913,-0.016700445,-0.016366959,-0.27045548,-0.005615769,0.040976107,-0.25351375,-0.0049664206,0.026803136,-0.3233785,-0.020182619,0.015140355,-0.27910775,-0.017841548,0.023046732,-0.24367201,-0.011224721
-0.081163704,-0.06287557,-0.024389684,-0.11870724,-0.18941432,-0.027145078,-0.06252056,-0.26565194,-0.034198657,0.0068355203,-0.2459091,-0.03573597,-0.10897982,-0.24774879,0.02605016,-0.121442914,-0.3531596,-0.0035249158,-0.1216408,-0.29190195,-0.020993073,-0.11180037,-0.24825692,-0.029066764,-0.062250435,-0.26906544,0.022284817,-0.069037735,-0.38589385,-0.012342897,-0.073069155,-0.31223446,-0.023197671,-0.062339664,-0.2681625,-0.01811932,-0.011616945,-0.26972616,0.008886378,-0.011782885,-0.3871255,-0.021906987,-0.022704184,-0.3178109,-0.021361733,-0.0160321,-0.27594924,-0.010247956,0.042244673,-0.25694716,-0.0087683005,0.02971226,-0.32342702,-0.025336023,0.017970622,-0.2781453,-0.023269605,0.026082695,-0.24532717,-0.016622543
-0.08307767,-0.061025143,-0.026414681,-0.1210773,-0.19120657,-0.029175099,-0.06311095,-0.26912355,-0.03587899,0.0072461367,-0.24907535,-0.036444474,-0.1104334,-0.25151616,0.02569111,-0.12281942,-0.3583206,-0.006088453,-0.12287986,-0.29287463,-0.024030961,-0.11193961,-0.24849504,-0.031841237,-0.062870145,-0.27193058,0.022526776,-0.069741964,-0.3905024,-0.015609761,-0.07381773,-0.31337774,-0.026790475,-0.06218767,-0.26810437,-0.020537572,-0.011782825,-0.2724263,0.009154965,-0.012514651,-0.39018998,-0.024140388,-0.023158014,-0.32036614,-0.02359613,-0.01526171,-0.28014153,-0.011636046,0.042663455,-0.26036507,-0.008757784,0.029613137,-0.326914,-0.027489811,0.018067777,-0.27935296,-0.026223639,0.026809633,-0.24545658,-0.019506996
-0.08153778,-0.058484495,-0.028091576,-0.11910027,-0.19042814,-0.03148664,-0.060581744,-0.2689466,-0.0379975,0.0103802085,-0.24667984,-0.038270753,-0.108302355,-0.25353408,0.021788228,-0.12004298,-0.3604917,-0.010117565,-0.12021655,-0.29381543,-0.028802138,-0.11009228,-0.24597448,-0.037175182,-0.06014377,-0.2726273,0.019718634,-0.066839874,-0.3906252,-0.018115668,-0.07095736,-0.31453866,-0.029885806,-0.060369194,-0.2661147,-0.024463037,-0.008922219,-0.27220398,0.0076223663,-0.008601427,-0.39327586,-0.0258541,-0.019168079,-0.32760608,-0.027183278,-0.0128567815,-0.28474182,-0.016878476,0.04565972,-0.25874943,-0.008948595,0.035404384,-0.32770604,-0.029823033,0.023500562,-0.2799185,-0.03041108,0.029899776,-0.240906,-0.024876973
-0.08121902,-0.058807373,-0.02752512,-0.1185776,-0.19044942,-0.03145663,-0.061217487,-0.26980442,-0.038762424,0.008777857,-0.24506181,-0.03989487,-0.10678053,-0.2554379,0.020625593,-0.117498636,-0.36347783,-0.012247831,-0.11810118,-0.29618514,-0.031267,-0.108507216,-0.24888092,-0.039933883,-0.057941318,-0.27382588,0.017571287,-0.063563764,-0.39277464,-0.01970275,-0.068553686,-0.31620282,-0.030403953,-0.05884862,-0.27084273,-0.024891546,-0.006278634,-0.27117646,0.0044942168,-0.004714906,-0.39340717,-0.02895071,-0.016245782,-0.32372177,-0.028162705,-0.011092842,-0.280468,-0.016747857,0.04811263,-0.2544775,-0.01306618,0.040139318,-0.32518607,-0.03381794,0.027619302,-0.2757818,-0.033109087,0.03317356,-0.23689264,-0.026842909
-0.08213645,-0.058992624,-0.02722647,-0.11848122,-0.19055939,-0.031317454,-0.06091267,-0.26920807,-0.039023478,0.008649468,-0.24594021,-0.041009735,-0.106344104,-0.2592126,0.021444151,-0.11626989,-0.36708307,-0.010820865,-0.11937159,-0.30472344,-0.031177217,-0.1113233,-0.25539023,-0.041012168,-0.057652712,-0.27710962,0.017973581,-0.06328887,-0.39796185,-0.019090857,-0.0697422,-0.32649642,-0.032356616,-0.061194718,-0.27652395,-0.029076189,-0.006662786,-0.27398282,0.004611619,-0.004378438,-0.39732745,-0.02877191,-0.01738882,-0.3326912,-0.032166865,-0.014443159,-0.28390586,-0.023842694,0.047020018,-0.25680292,-0.013071713,0.040294528,-0.32736868,-0.03385576,0.026725948,-0.28365016,-0.035817888,0.030372977,-0.24407262,-0.031846654
-0.08117688,-0.060277045,-0.026931956,-0.1173898,-0.19430315,-0.030846057,-0.058936715,-0.27164924,-0.038308457,0.0112089515,-0.24630576,-0.040067818,-0.10367429,-0.26337564,0.019769078,-0.114911735,-0.37070507,-0.01296695,-0.11863434,-0.30616224,-0.0327767,-0.10937035,-0.25715536,-0.04237242,-0.055644333,-0.2817433,0.01602399,-0.06296545,-0.40152526,-0.021399047,-0.069839776,-0.32757998,-0.033216428,-0.059568644,-0.2786966,-0.028970204,-0.0048671365,-0.2783205,0.0023940443,-0.004378855,-0.40105864,-0.03163371,-0.017742276,-0.33337003,-0.03323383,-0.012920558,-0.2854063,-0.02379341,0.049242914,-0.26072264,-0.015593022,0.041568816,-0.3315341,-0.03820352,0.027170897,-0.28455007,-0.040104542,0.03150791,-0.24380714,-0.03587907
-0.08131015,-0.057421446,-0.02857136,-0.11903125,-0.19090664,-0.032958552,-0.05921781,-0.26981485,-0.040667087,0.012620389,-0.24936628,-0.04196134,-0.10447514,-0.26304466,0.01978903,-0.11497861,-0.37024868,-0.015381816,-0.11837882,-0.30020303,-0.03500507,-0.10982984,-0.2527753,-0.04378005,-0.055022657,-0.2801466,0.016126152,-0.061918497,-0.40041918,-0.023418287,-0.068541944,-0.32204336,-0.033931557,-0.059041977,-0.27924395,-0.027759675,-0.004213929,-0.2751698,0.001899593,-0.0039393306,-0.39597017,-0.034642994,-0.015912056,-0.32546097,-0.03423393,-0.01035589,-0.28513283,-0.022550788,0.05019784,-0.25680846,-0.016842991,0.04233551,-0.32585502,-0.04066708,0.028670192,-0.27596605,-0.04120781,0.03323567,-0.2386905,-0.03544993
-0.080911934,-0.05295682,-0.029664787,-0.120025635,-0.18919742,-0.033990473,-0.060660362,-0.2678805,-0.041338567,0.011282206,-0.24370205,-0.042290807,-0.10503149,-0.26487976,0.018289922,-0.116001666,-0.37129545,-0.016362332,-0.11973047,-0.30236852,-0.035789564,-0.111228585,-0.25608945,-0.044927053,-0.055669665,-0.28173804,0.0150505835,-0.062989235,-0.4018724,-0.024809076,-0.07045454,-0.324605,-0.035647973,-0.061692774,-0.28184962,-0.029798785,-0.005215168,-0.276294,0.0012777436,-0.005203128,-0.39719376,-0.035622418,-0.017805874,-0.32617253,-0.03619372,-0.01360333,-0.2844932,-0.025379034,0.04918945,-0.25737435,-0.017095514,0.04173982,-0.32351893,-0.04234397,0.028250515,-0.27285892,-0.04475465,0.032540083,-0.23584664,-0.040407818
-0.08381796,-0.057504654,-0.02995197,-0.122292876,-0.19222689,-0.03385444,-0.05967486,-0.26976573,-0.04052896,0.013631523,-0.24720514,-0.04008835,-0.11106849,-0.26571018,0.018993896,-0.12209654,-0.36822826,-0.01788999,-0.1238392,-0.29054278,-0.036883656,-0.116042376,-0.24775207,-0.045146573,-0.06106943,-0.2838968,0.01586978,-0.06939942,-0.39944804,-0.025794258,-0.07565731,-0.3102286,-0.03418546,-0.06692153,-0.2746659,-0.025599446,-0.009746671,-0.27912617,0.001720738,-0.011061072,-0.39423263,-0.03656274,-0.023043334,-0.31194085,-0.032388017,-0.01712221,-0.27735454,-0.017374048,0.044989407,-0.2610612,-0.017140381,0.03495139,-0.32060665,-0.041357495,0.022334874,-0.2660588,-0.040145215,0.028897822,-0.23641795,-0.03261704
-0.0809325,-0.059183,-0.029376915,-0.119463444,-0.19274765,-0.03453507,-0.058989525,-0.26941574,-0.04240985,0.014565885,-0.24765068,-0.04395052,-0.110988855,-0.26558256,0.015076298,-0.122660935,-0.3718534,-0.021186333,-0.12445563,-0.29985356,-0.0408327,-0.115588546,-0.25214452,-0.049688883,-0.06242138,-0.28649408,0.011795299,-0.07052088,-0.4051867,-0.027328312,-0.07577717,-0.32044297,-0.03608009,-0.06611693,-0.2795015,-0.029112648,-0.010427415,-0.2827102,-0.0019083184,-0.010306537,-0.40177277,-0.037542675,-0.022583067,-0.3228227,-0.034772746,-0.017331839,-0.28350395,-0.02204867,0.044528365,-0.2639565,-0.020152599,0.035347402,-0.32692528,-0.043282803,0.023209274,-0.27356702,-0.042718794,0.029553294,-0.24039102,-0.03642269
-0.08260262,-0.060163736,-0.028992042,-0.12057096,-0.19127911,-0.034774676,-0.059715986,-0.26784414,-0.0436228,0.01300174,-0.24536353,-0.04654213,-0.11204988,-0.2652027,0.016998177,-0.12436241,-0.37214,-0.01869137,-0.12686968,-0.3026377,-0.039027445,-0.11753595,-0.2548349,-0.048633374,-0.06317681,-0.28693062,0.013221448,-0.0713557,-0.40491217,-0.025123619,-0.07727325,-0.32309604,-0.035188545,-0.06809217,-0.28239042,-0.029780963,-0.011386812,-0.28383487,-0.0010047022,-0.011404991,-0.40131253,-0.036409356,-0.024533331,-0.322106,-0.035068832,-0.019948542,-0.28079176,-0.023536649,0.04292041,-0.26523125,-0.019758187,0.033473372,-0.3279935,-0.042494424,0.02066356,-0.27461392,-0.042340424,0.026743114,-0.24079084,-0.03658258
-0.07908201,-0.055645406,-0.029199708,-0.117887795,-0.18627357,-0.03658661,-0.05687487,-0.26113033,-0.04669214,0.018298566,-0.24124908,-0.05104069,-0.110147655,-0.26284558,0.009271586,-0.12192422,-0.37007308,-0.027775178,-0.1244182,-0.30102038,-0.047515642,-0.11671442,-0.25356674,-0.05648263,-0.060655236,-0.2836116,0.005268697,-0.068255246,-0.40098065,-0.03378918,-0.07363832,-0.31766993,-0.042423442,-0.065699756,-0.27857542,-0.035996195,-0.007870913,-0.27973235,-0.008585991,-0.008319497,-0.39774475,-0.043872323,-0.020268023,-0.31818444,-0.040732756,-0.01646781,-0.28004527,-0.028372185,0.047131658,-0.2606138,-0.026816687,0.03731823,-0.32188886,-0.049973663,0.026630819,-0.26860356,-0.049050674,0.03370434,-0.23794603,-0.042830534
-0.0805493,-0.05596757,-0.030261334,-0.119722664,-0.18902719,-0.03717594,-0.05975789,-0.26427746,-0.0466565,0.015355825,-0.24207938,-0.04923522,-0.11014831,-0.26661617,0.011463598,-0.11991292,-0.37045985,-0.026391363,-0.12108064,-0.29438913,-0.04597451,-0.113648355,-0.24970359,-0.054784585,-0.061175466,-0.28510708,0.0075470908,-0.06824368,-0.40060985,-0.033440433,-0.0726496,-0.31299424,-0.041481547,-0.0644865,-0.27663314,-0.033654124,-0.009542763,-0.27982324,-0.006777943,-0.008744597,-0.39530522,-0.042660266,-0.019480348,-0.3162833,-0.037395816,-0.014899969,-0.28301823,-0.023021575,0.044988334,-0.26006275,-0.025883883,0.0378083,-0.32232028,-0.04794112,0.026325464,-0.26938176,-0.045276564,0.031790137,-0.23962498,-0.03758505
-0.08313602,-0.05777955,-0.030098407,-0.12235236,-0.1924339,-0.03593743,-0.060631096,-0.27058512,-0.044609513,0.013602376,-0.25135446,-0.046546392,-0.11029369,-0.26979053,0.016514033,-0.12321293,-0.37425935,-0.022165619,-0.1252284,-0.30002904,-0.04318541,-0.116784394,-0.25341195,-0.052637454,-0.060567915,-0.2882334,0.012285014,-0.07065678,-0.40401995,-0.030959774,-0.075351894,-0.3182509,-0.041679565,-0.066260576,-0.278731,-0.034853235,-0.009239197,-0.28340364,-0.002848087,-0.012289405,-0.4013364,-0.04201963,-0.022577584,-0.32220852,-0.039698742,-0.016917586,-0.2848168,-0.026263498,0.04571861,-0.2641214,-0.02262451,0.03477162,-0.3244083,-0.048799045,0.024240136,-0.27002484,-0.04912887,0.03148985,-0.23879802,-0.042657558
