0,1,2,3,4,5,6,7,8,9,10,11,12,13,14,15,16,17,18,19,20,21,22,23,24,25,26,27,28,29,30,31,32,33,34,35,36,37,38,39,40,41,42,43,44,45,46,47,48,49,50,51,52,53,54,55,56,57,58,59
-0.07780948,-0.046563387,-0.04015995,-0.14157793,-0.15313089,-0.073464505,-0.15996855,-0.24755847,-0.10323327,-0.13030812,-0.3336382,-0.13410725,-0.09975141,-0.28096676,-0.06269482,-0.1039885,-0.40377718,-0.1200444,-0.099692196,-0.42649806,-0.16445535,-0.09658334,-0.4388579,-0.18974844,-0.046773076,-0.29546487,-0.07216464,-0.04203576,-0.47088647,-0.11420581,-0.038226813,-0.59486014,-0.14847448,-0.033924907,-0.70587844,-0.17202164,0.0075663626,-0.27778566,-0.086809866,0.008201659,-0.4456789,-0.12756605,0.013560265,-0.56852305,-0.15437838,0.01793918,-0.6768867,-0.17076957,0.060441226,-0.23713529,-0.10377135,0.06421161,-0.364138,-0.13452654,0.07030836,-0.45896995,-0.14389206,0.07581401,-0.54089767,-0.14978515
-0.07942349,-0.0360083,-0.032193925,-0.1489543,-0.15741086,-0.05424568,-0.17089877,-0.26669747,-0.075506136,-0.15080246,-0.3610403,-0.096204914,-0.12068072,-0.2863456,-0.03816597,-0.12449956,-0.4227159,-0.08410078,-0.123735696,-0.45065027,-0.11926297,-0.12634036,-0.45653772,-0.13817139,-0.07373941,-0.3024143,-0.04726218,-0.07928944,-0.47263098,-0.07924335,-0.082637906,-0.5924651,-0.10608109,-0.0824253,-0.6922866,-0.123882,-0.02115339,-0.28778344,-0.06221452,-0.030358791,-0.44944048,-0.092058405,-0.033924967,-0.56421316,-0.11458045,-0.035530955,-0.66114855,-0.12868825,0.032514513,-0.25167274,-0.07998067,0.026937842,-0.3773651,-0.10178438,0.022802413,-0.46832597,-0.10943425,0.019942164,-0.5467788,-0.11429567
-0.07431817,-0.031640172,-0.032201387,-0.1442321,-0.14253163,-0.05459488,-0.17329308,-0.24399734,-0.0758088,-0.15662864,-0.3351549,-0.096615024,-0.12031135,-0.27897578,-0.0365864,-0.12691396,-0.40781713,-0.07923683,-0.1280489,-0.44843253,-0.11282222,-0.13189483,-0.47098976,-0.13197978,-0.07655504,-0.29631418,-0.044882327,-0.08602789,-0.46086782,-0.07600627,-0.09061128,-0.57520026,-0.10209248,-0.09226644,-0.67127883,-0.119087994,-0.025992513,-0.28494674,-0.0585738,-0.03850603,-0.44081333,-0.08723703,-0.043828607,-0.5506339,-0.10798878,-0.046825707,-0.64400506,-0.120742284,0.026163578,-0.2521912,-0.07516128,0.016709745,-0.37479588,-0.096421026,0.011274695,-0.46195394,-0.10367752,0.007359028,-0.53725505,-0.10800491
-0.07618874,-0.016878486,-0.038837884,-0.14881772,-0.1204626,-0.062871195,-0.18464398,-0.22312176,-0.08362196,-0.17641878,-0.3180948,-0.10166153,-0.12904617,-0.26383287,-0.039852943,-0.13926435,-0.3931593,-0.08229135,-0.14507869,-0.42184293,-0.11349649,-0.15111169,-0.4222383,-0.13069749,-0.08500695,-0.28457808,-0.04316059,-0.09241453,-0.44510245,-0.07788071,-0.09593919,-0.5569883,-0.10436295,-0.09704292,-0.6490617,-0.121100776,-0.036469102,-0.2713315,-0.052557517,-0.045132875,-0.42202848,-0.08451211,-0.049632728,-0.53061867,-0.10532061,-0.05258715,-0.6230705,-0.11731317,0.01570785,-0.23825675,-0.0650094,0.006746471,-0.3582846,-0.088189214,0.001427114,-0.44349924,-0.09675813,-0.0026567578,-0.52039206,-0.10157756
-0.075982094,-0.018378794,-0.035448026,-0.14611542,-0.12369114,-0.05787591,-0.1790258,-0.22824621,-0.07751822,-0.17012373,-0.32320094,-0.09369706,-0.12725344,-0.2658037,-0.035424955,-0.13559425,-0.39599937,-0.07763266,-0.1444009,-0.42023206,-0.108363636,-0.15227896,-0.4125585,-0.12470445,-0.08341253,-0.2861113,-0.039785773,-0.09085262,-0.4443312,-0.07431812,-0.0943203,-0.55447066,-0.09929887,-0.095356554,-0.6440084,-0.11438588,-0.035228014,-0.27364057,-0.050208893,-0.044139564,-0.4229684,-0.080995716,-0.048429072,-0.5307003,-0.09873842,-0.05118674,-0.6222228,-0.10821506,0.01805991,-0.24102968,-0.06364417,0.008502126,-0.3620937,-0.085115924,0.003081143,-0.4471669,-0.09136647,-0.001235187,-0.52241683,-0.09411549
-0.07500553,-0.01911676,-0.034962878,-0.14392617,-0.12245184,-0.058572423,-0.17422408,-0.22634149,-0.07925167,-0.1684547,-0.3209824,-0.096635126,-0.12784907,-0.26294845,-0.039347287,-0.13469744,-0.39900857,-0.08358946,-0.14695567,-0.41420007,-0.11340683,-0.15944529,-0.39631152,-0.12736821,-0.083431244,-0.28163707,-0.043938227,-0.0890798,-0.44745278,-0.07922853,-0.09320539,-0.55769587,-0.10275315,-0.09648153,-0.64875674,-0.11625467,-0.034346104,-0.26925635,-0.05439613,-0.039859295,-0.42417237,-0.08553361,-0.043571234,-0.5323614,-0.10322962,-0.04860419,-0.62557244,-0.112331375,0.01765269,-0.23644298,-0.06749718,0.010054827,-0.3572787,-0.088180386,0.005446315,-0.44167814,-0.09303923,0.0017011762,-0.51634026,-0.094623886
-0.07500553,-0.01911676,-0.034962878,-0.14392617,-0.12245184,-0.058572423,-0.17422408,-0.22634149,-0.07925167,-0.1684547,-0.3209824,-0.096635126,-0.12784907,-0.26294845,-0.039347287,-0.13469744,-0.39900857,-0.08358946,-0.14695567,-0.41420007,-0.11340683,-0.15944529,-0.39631152,-0.12736821,-0.083431244,-0.28163707,-0.043938227,-0.0890798,-0.44745278,-0.07922853,-0.09320539,-0.55769587,-0.10275315,-0.09648153,-0.64875674,-0.11625467,-0.034346104,-0.26925635,-0.05439613,-0.039859295,-0.42417237,-0.08553361,-0.043571234,-0.5323614,-0.10322962,-0.04860419,-0.62557244,-0.112331375,0.01765269,-0.23644298,-0.06749718,0.010054827,-0.3572787,-0.088180386,0.005446315,-0.44167814,-0.09303923,0.0017011762,-0.51634026,-0.094623886
-0.07790089,-0.01599443,-0.035663493,-0.14822516,-0.11646837,-0.05861622,-0.17624363,-0.2222622,-0.07889155,-0.17440912,-0.3159889,-0.09519108,-0.13177776,-0.26331556,-0.03530636,-0.14047799,-0.4075012,-0.0808994,-0.15374154,-0.40936753,-0.11336258,-0.16671383,-0.37897623,-0.12882032,-0.08832431,-0.28369445,-0.039838642,-0.094647944,-0.45550072,-0.07419948,-0.10123238,-0.56655145,-0.098729074,-0.10577437,-0.6590585,-0.113646634,-0.04125482,-0.27140677,-0.051070843,-0.04733658,-0.42679843,-0.08181105,-0.052732766,-0.5355841,-0.10001861,-0.05952686,-0.6294085,-0.109996,0.009839535,-0.23969996,-0.06526568,0.002731204,-0.36080498,-0.08589954,-0.0026450753,-0.44565344,-0.0903077,-0.008481085,-0.5213072,-0.09201002
-0.0761888,-0.02437818,-0.035233457,-0.14082271,-0.117448926,-0.059032474,-0.16801286,-0.2107848,-0.08070505,-0.16855386,-0.30136305,-0.100889295,-0.13352299,-0.2593168,-0.035000507,-0.14290506,-0.3831879,-0.07861593,-0.14798662,-0.42046297,-0.112433955,-0.15325087,-0.43607467,-0.13088147,-0.087388456,-0.28513706,-0.041357294,-0.09459412,-0.45314372,-0.072378635,-0.10198665,-0.566475,-0.098181285,-0.10809857,-0.6619807,-0.11501288,-0.037193477,-0.2779293,-0.053986255,-0.044317245,-0.4348457,-0.083308585,-0.05089724,-0.5433827,-0.10499192,-0.058076143,-0.6376207,-0.118191764,0.014603019,-0.24810779,-0.06964658,0.008992195,-0.37057835,-0.09351041,0.002603531,-0.45745492,-0.10307021,-0.005811453,-0.5342317,-0.10838009
-0.076844275,-0.023698747,-0.03254661,-0.13974866,-0.119820476,-0.054518618,-0.15920737,-0.21758753,-0.07429262,-0.15890312,-0.30726504,-0.093573056,-0.13550094,-0.24637473,-0.037878048,-0.14479113,-0.36426336,-0.08045687,-0.14895254,-0.4039037,-0.112906724,-0.15424755,-0.4237576,-0.13097212,-0.08857185,-0.27268612,-0.04490448,-0.09524578,-0.4358672,-0.07801587,-0.10221481,-0.54966104,-0.10516313,-0.10946593,-0.6456371,-0.12308234,-0.038320184,-0.26782608,-0.05722067,-0.042340636,-0.42053998,-0.089134775,-0.04925227,-0.5300026,-0.113094494,-0.058178484,-0.6238829,-0.12772453,0.013468385,-0.2425834,-0.07179747,0.010451853,-0.3632658,-0.09769016,0.003232181,-0.44916677,-0.10874977,-0.006803155,-0.5238615,-0.115287334
-0.062114,-0.018802762,-0.04238708,-0.119547635,-0.110001564,-0.072774455,-0.1299431,-0.20575696,-0.09920817,-0.12147671,-0.29431123,-0.12247236,-0.115508616,-0.25161207,-0.05277781,-0.11489099,-0.3867911,-0.107973486,-0.111401916,-0.38320437,-0.14676367,-0.11714625,-0.35743287,-0.1640871,-0.06147933,-0.27117342,-0.054801058,-0.05480665,-0.43750972,-0.092920415,-0.051724195,-0.5429833,-0.12175871,-0.055134594,-0.63776875,-0.13976805,-0.012065887,-0.26162517,-0.06347082,-0.0046859384,-0.4120327,-0.09797409,-0.0039992332,-0.5165988,-0.12160208,-0.010398328,-0.60920954,-0.1348246,0.03615266,-0.23391819,-0.0749002,0.041161954,-0.3523047,-0.10002701,0.0416376,-0.4346462,-0.10888199,0.036488116,-0.5064873,-0.11311198
-0.06100619,-0.010616541,-0.05503483,-0.102909744,-0.09280634,-0.09221167,-0.09567374,-0.1757378,-0.1239917,-0.08339739,-0.2515331,-0.15166274,-0.12085247,-0.25114483,-0.072051935,-0.11833063,-0.39877555,-0.13774306,-0.089738786,-0.37621585,-0.1801818,-0.075442076,-0.33128333,-0.19665319,-0.057602644,-0.2701242,-0.06920982,-0.047356248,-0.44406632,-0.11626485,-0.03328228,-0.5462741,-0.15046483,-0.032212794,-0.63736975,-0.17111129,-0.0034638047,-0.25941813,-0.0741119,0.009724021,-0.4082321,-0.11352416,0.013061345,-0.51038384,-0.14097854,0.0071843266,-0.6046418,-0.15565233,0.046808302,-0.23384583,-0.082568645,0.054787576,-0.35558364,-0.1075385,0.056972086,-0.43482935,-0.116494216,0.05100876,-0.50174755,-0.120357014
-0.054603636,-0.0064105988,-0.06635289,-0.09116894,-0.0835188,-0.1094435,-0.07785958,-0.16482478,-0.14497644,-0.057535827,-0.24227464,-0.17517506,-0.113110065,-0.25633395,-0.08259529,-0.10873568,-0.40312076,-0.15096503,-0.077919126,-0.376376,-0.19513287,-0.061228037,-0.32518372,-0.21285075,-0.04845804,-0.275769,-0.07448239,-0.0336197,-0.44637388,-0.12610272,-0.015733361,-0.5468721,-0.16406392,-0.011826277,-0.6363654,-0.18751223,0.005457461,-0.26416212,-0.07467498,0.02303344,-0.40885773,-0.11691129,0.027837098,-0.51020586,-0.14576854,0.023028135,-0.60311747,-0.16161345,0.055067122,-0.23796213,-0.07930176,0.06658882,-0.35798955,-0.10400497,0.07046777,-0.43465367,-0.11259236,0.065054834,-0.4977374,-0.116843686
-0.060220838,-0.0051050186,-0.07300892,-0.083897114,-0.07999843,-0.12037262,-0.046800613,-0.142277,-0.1602576,-0.009222329,-0.20298892,-0.19346258,-0.08993614,-0.25920045,-0.08264105,-0.072483,-0.38929236,-0.15820743,-0.038913548,-0.3487161,-0.20977092,-0.017609239,-0.28998467,-0.23250054,-0.021501899,-0.28181022,-0.07343815,0.005131662,-0.44061095,-0.1266774,0.026132822,-0.5265695,-0.16551982,0.03446895,-0.6163609,-0.19000927,0.03262794,-0.27415073,-0.07405866,0.059842825,-0.42157024,-0.11871688,0.06536567,-0.502722,-0.14452212,0.0559628,-0.5837678,-0.15796576,0.07617581,-0.24801129,-0.08038149,0.096088886,-0.36232406,-0.10558199,0.0938192,-0.4178493,-0.110956594,0.07856816,-0.46759683,-0.11256225
-0.05025649,-0.002230525,-0.07605561,-0.07334441,-0.06587696,-0.1278345,-0.042519927,-0.12290454,-0.17063038,-0.0073637962,-0.18899691,-0.20731816,-0.08916563,-0.25435627,-0.0942021,-0.06764811,-0.38546106,-0.17350803,-0.0296669,-0.3427759,-0.22727811,-0.007159412,-0.283046,-0.2501005,-0.018355548,-0.27106047,-0.08338741,0.01186651,-0.42964596,-0.13996182,0.03450972,-0.51632065,-0.18048605,0.040560186,-0.6050753,-0.2050752,0.035835505,-0.26075518,-0.08212319,0.06395203,-0.40056583,-0.12963459,0.071841,-0.49635476,-0.1584852,0.06586504,-0.59099907,-0.17312944,0.07918477,-0.23605824,-0.08598405,0.09592879,-0.35227093,-0.112430096,0.09794533,-0.42003262,-0.11865947,0.08999926,-0.48009202,-0.12027284
-0.035500765,0.0031989813,-0.09202227,-0.04596758,-0.05343008,-0.15048467,-0.011109173,-0.113042,-0.19552718,0.023579001,-0.1903066,-0.23376761,-0.06845498,-0.25308728,-0.11803934,-0.04468602,-0.38023618,-0.20329562,-0.005010426,-0.33324373,-0.26157463,0.019625545,-0.273755,-0.28715688,-0.0038275719,-0.26955587,-0.098569654,0.027954996,-0.42144394,-0.16282582,0.05310589,-0.51195765,-0.20918207,0.06274128,-0.6043339,-0.23723333,0.048017204,-0.25719672,-0.088397816,0.07576567,-0.3875218,-0.1411223,0.08966082,-0.4881711,-0.17288275,0.089577675,-0.5850807,-0.189016,0.08759785,-0.23226619,-0.084190995,0.10998821,-0.33974436,-0.1135983,0.114632785,-0.40872803,-0.121323556,0.11015123,-0.4684527,-0.12351817
-0.04210049,0.0014120936,-0.087276295,-0.049527884,-0.045078218,-0.14559287,-0.007744074,-0.08277309,-0.19179466,0.03639829,-0.12999457,-0.23261623,-0.05150032,-0.24994224,-0.11539343,-0.018246114,-0.36298522,-0.20128652,0.020039141,-0.32104948,-0.26397786,0.04592347,-0.26060218,-0.2937781,0.014366269,-0.26132798,-0.09859824,0.04856199,-0.40851557,-0.15844743,0.07317138,-0.50162745,-0.2043957,0.08556682,-0.5924159,-0.23425539,0.06560922,-0.2463957,-0.09059987,0.09957254,-0.37519082,-0.13825105,0.11103195,-0.4703024,-0.16887878,0.11169243,-0.56145823,-0.18601485,0.101689756,-0.21578592,-0.088657364,0.123345554,-0.31399632,-0.114635944,0.12188095,-0.37790385,-0.12036889,0.11554289,-0.434287,-0.12183794
-0.039385855,-0.00944531,-0.084942974,-0.04315704,-0.063682675,-0.14161478,-0.000116825104,-0.10638571,-0.18536936,0.04586488,-0.16154951,-0.22502573,-0.042111814,-0.270113,-0.114192456,-0.010533392,-0.3786223,-0.19718136,0.028037727,-0.33001888,-0.2597392,0.05416417,-0.26708448,-0.29103354,0.024661839,-0.27467754,-0.10094913,0.060476363,-0.41220412,-0.16004471,0.086217344,-0.50095785,-0.20859082,0.098721206,-0.5870564,-0.2406757,0.07521945,-0.251054,-0.09616623,0.1064831,-0.3684332,-0.14681658,0.11414468,-0.46769184,-0.18373409,0.11374062,-0.5629209,-0.20664187,0.106765985,-0.20972061,-0.09649659,0.111422956,-0.28139046,-0.12798823,0.0917871,-0.3255354,-0.13583373,0.07431686,-0.3631522,-0.13927141
-0.044983327,-0.011908472,-0.07830799,-0.054674387,-0.065858185,-0.13184321,-0.009036601,-0.10823929,-0.17428407,0.035855114,-0.16220826,-0.21024893,-0.052592516,-0.26877028,-0.09934173,-0.01826179,-0.37115106,-0.1799227,0.022241771,-0.3151064,-0.23974945,0.048226,-0.25178266,-0.26796895,0.013076782,-0.27258223,-0.08647367,0.044372857,-0.4125096,-0.14256316,0.06839067,-0.50109684,-0.18721926,0.080135286,-0.5911473,-0.21623394,0.064230084,-0.25359344,-0.08227666,0.094542265,-0.37835246,-0.12816343,0.10587752,-0.47577238,-0.15792592,0.107023776,-0.57014024,-0.17448607,0.10151541,-0.22277099,-0.08330881,0.11820763,-0.32090122,-0.10768501,0.11586523,-0.38651532,-0.11192855,0.11009812,-0.44672436,-0.11248054
-0.039279997,-0.02002871,-0.07790598,-0.04490578,-0.08670682,-0.12583679,0.0012434721,-0.1425249,-0.1608509,0.044369757,-0.21148473,-0.19128105,-0.05993414,-0.27478194,-0.10189697,-0.023017287,-0.3925339,-0.17831312,0.018109798,-0.34146813,-0.23510759,0.040859163,-0.2767666,-0.26276827,0.009617746,-0.27812642,-0.09121594,0.04792571,-0.42589575,-0.14407013,0.07482672,-0.5155171,-0.18868601,0.08631623,-0.6059723,-0.21769121,0.06226003,-0.2503339,-0.08849074,0.09587574,-0.36957988,-0.13520376,0.107124925,-0.46533352,-0.16909975,0.10926467,-0.56422293,-0.19061641,0.09709442,-0.20278555,-0.0904052,0.10141796,-0.2582491,-0.1201851,0.07832229,-0.27737814,-0.123722136,0.056939185,-0.29568395,-0.12408074
-0.039279997,-0.02002871,-0.07790598,-0.04490578,-0.08670682,-0.12583679,0.0012434721,-0.1425249,-0.1608509,0.044369757,-0.21148473,-0.19128105,-0.05993414,-0.27478194,-0.10189697,-0.023017287,-0.3925339,-0.17831312,0.018109798,-0.34146813,-0.23510759,0.040859163,-0.2767666,-0.26276827,0.009617746,-0.27812642,-0.09121594,0.04792571,-0.42589575,-0.14407013,0.07482672,-0.5155171,-0.18868601,0.08631623,-0.6059723,-0.21769121,0.06226003,-0.2503339,-0.08849074,0.09587574,-0.36957988,-0.13520376,0.107124925,-0.46533352,-0.16909975,0.10926467,-0.56422293,-0.19061641,0.09709442,-0.20278555,-0.0904052,0.10141796,-0.2582491,-0.1201851,0.07832229,-0.27737814,-0.123722136,0.056939185,-0.29568395,-0.12408074
-0.06101972,-0.023336649,-0.04879762,-0.094750404,-0.10013908,-0.08707106,-0.07601702,-0.16914564,-0.11894804,-0.0495252,-0.22600937,-0.14818318,-0.08843887,-0.23241127,-0.08965409,-0.07733542,-0.37837595,-0.14946672,-0.060483575,-0.36526906,-0.1836281,-0.052195728,-0.33186683,-0.19603372,-0.021051466,-0.23225051,-0.088551685,0.009264171,-0.3980746,-0.13888296,0.033510625,-0.49598652,-0.17124216,0.045498252,-0.5878657,-0.19073237,0.030033708,-0.21337837,-0.09158252,0.065811574,-0.3561151,-0.13345279,0.08107281,-0.45827693,-0.16185765,0.084716916,-0.5501797,-0.17676616,0.0748561,-0.18716061,-0.09617743,0.09863973,-0.30538073,-0.12091036,0.10880345,-0.38858512,-0.13033842,0.108650506,-0.4572059,-0.13499866
-0.055776775,-0.030803323,-0.044710066,-0.09196061,-0.12207544,-0.07870956,-0.079425395,-0.20053905,-0.10875602,-0.057661712,-0.27170914,-0.13671175,-0.083354175,-0.26246256,-0.06900853,-0.06605929,-0.4017113,-0.12950654,-0.050935507,-0.3873645,-0.1698957,-0.04980111,-0.35160512,-0.18741837,-0.02096659,-0.26187134,-0.071149215,0.0036948323,-0.41907614,-0.117093146,0.025017798,-0.5172992,-0.15209086,0.034541905,-0.6072904,-0.17469385,0.03019917,-0.23660934,-0.07908654,0.05940199,-0.37700415,-0.11960765,0.0755164,-0.47671562,-0.14921781,0.080623806,-0.5686325,-0.16645786,0.07659948,-0.19961452,-0.0890723,0.09839767,-0.31157136,-0.11692443,0.109930575,-0.39227796,-0.12832181,0.11426818,-0.46293676,-0.13482806
-0.058410764,-0.03680092,-0.03725042,-0.10821813,-0.13643187,-0.0650809,-0.11859453,-0.23134285,-0.08907512,-0.10325402,-0.31970924,-0.11032482,-0.08512586,-0.26763135,-0.056098778,-0.07170862,-0.40848342,-0.10568907,-0.07817787,-0.43315202,-0.13617899,-0.092549264,-0.42616004,-0.14935617,-0.035072923,-0.27330095,-0.060152687,-0.018236578,-0.4391963,-0.102104135,-0.0076756477,-0.54942,-0.12924449,-0.002739668,-0.6440859,-0.14498235,0.011823356,-0.25231254,-0.068981014,0.025684059,-0.40324673,-0.10757518,0.03606713,-0.51152146,-0.13086955,0.040012777,-0.60640776,-0.14273144,0.05888146,-0.21405715,-0.07959729,0.070448816,-0.3348687,-0.1094795,0.07722199,-0.4207567,-0.1210361,0.07895094,-0.4963022,-0.12636727
-0.06317186,-0.039731443,-0.035682913,-0.11269516,-0.14390302,-0.062227376,-0.12174854,-0.2411083,-0.08532704,-0.10827869,-0.32754904,-0.10668577,-0.09202987,-0.26670682,-0.056636926,-0.07888502,-0.40391904,-0.10438482,-0.08230257,-0.43708017,-0.13477343,-0.09403455,-0.44301125,-0.14926355,-0.04150957,-0.2726155,-0.06264609,-0.025816083,-0.43922126,-0.103456244,-0.016221583,-0.5507381,-0.13062274,-0.012434363,-0.6464999,-0.1467295,0.0070890784,-0.25165498,-0.07310767,0.019295692,-0.40529764,-0.111042395,0.028375864,-0.51432014,-0.13519289,0.031386673,-0.6099944,-0.148174,0.055657446,-0.21287686,-0.08528038,0.065766096,-0.33421257,-0.11516019,0.07136619,-0.42113772,-0.12728347,0.07310009,-0.4982992,-0.13339017
-0.07080358,-0.036733866,-0.03433152,-0.12105176,-0.14426798,-0.058492094,-0.13510883,-0.24006379,-0.07927762,-0.121346354,-0.32155973,-0.10073301,-0.095924705,-0.2569604,-0.0506825,-0.09390083,-0.3716526,-0.0913832,-0.08974135,-0.42205447,-0.121320345,-0.08855641,-0.46151835,-0.13971251,-0.046733737,-0.27065307,-0.057334807,-0.038032174,-0.42781028,-0.092499875,-0.028837442,-0.5362997,-0.119345754,-0.021261334,-0.62967634,-0.13711075,0.0031945705,-0.25369197,-0.067868955,0.011533022,-0.40354812,-0.10070929,0.019540787,-0.51093554,-0.123702675,0.025628567,-0.6026417,-0.13779742,0.052336514,-0.21707845,-0.08038553,0.05835837,-0.33528465,-0.105616756,0.061330497,-0.4213354,-0.11594509,0.06363714,-0.49635494,-0.12244893
-0.07080358,-0.036733866,-0.03433152,-0.12105176,-0.14426798,-0.058492094,-0.13510883,-0.24006379,-0.07927762,-0.121346354,-0.32155973,-0.10073301,-0.095924705,-0.2569604,-0.0506825,-0.09390083,-0.3716526,-0.0913832,-0.08974135,-0.42205447,-0.121320345,-0.08855641,-0.46151835,-0.13971251,-0.046733737,-0.27065307,-0.057334807,-0.038032174,-0.42781028,-0.092499875,-0.028837442,-0.5362997,-0.119345754,-0.021261334,-0.62967634,-0.13711075,0.0031945705,-0.25369197,-0.067868955,0.011533022,-0.40354812,-0.10070929,0.019540787,-0.51093554,-0.123702675,0.025628567,-0.6026417,-0.13779742,0.052336514,-0.21707845,-0.08038553,0.05835837,-0.33528465,-0.105616756,0.061330497,-0.4213354,-0.11594509,0.06363714,-0.49635494,-0.12244893
-0.064973235,-0.031929076,-0.03976661,-0.123383105,-0.13980037,-0.06729508,-0.14859775,-0.23607641,-0.09130726,-0.14183888,-0.32679886,-0.11438031,-0.09731048,-0.27583617,-0.048731953,-0.096707135,-0.39891773,-0.092917636,-0.09696391,-0.43477798,-0.126142,-0.10221174,-0.45563257,-0.14574438,-0.05461979,-0.2880342,-0.05363286,-0.04634875,-0.4493354,-0.08983112,-0.03713125,-0.56304425,-0.117039174,-0.027251303,-0.662557,-0.13441373,-0.007902324,-0.266845,-0.063894264,-0.0022651553,-0.41837257,-0.0969451,0.004633367,-0.52680206,-0.11749019,0.011802793,-0.62226653,-0.12950997,0.039214015,-0.2245037,-0.077232696,0.04217434,-0.3421743,-0.10121172,0.045462012,-0.42880875,-0.108550414,0.049948633,-0.50746727,-0.1127075
-0.0629521,-0.03056258,-0.040210824,-0.12230435,-0.13896394,-0.06797623,-0.14813414,-0.23556972,-0.09230005,-0.14306495,-0.3277778,-0.11505055,-0.09491998,-0.27708125,-0.047372457,-0.094581395,-0.3989973,-0.09299392,-0.09902167,-0.42524862,-0.12702516,-0.10768914,-0.43173724,-0.1459487,-0.052806616,-0.2885524,-0.05189204,-0.04660046,-0.44986168,-0.0863696,-0.040207982,-0.5639119,-0.112409115,-0.032025516,-0.66229594,-0.12878893,-0.0059794188,-0.2666077,-0.06215776,-0.0040935874,-0.41648877,-0.09308766,0.00039315224,-0.52380466,-0.11128594,0.006648898,-0.6171651,-0.12162312,0.04150045,-0.22202688,-0.07580519,0.040171564,-0.33851904,-0.09759886,0.042600334,-0.42521498,-0.10264656,0.047654808,-0.50272655,-0.104967706
-0.06210041,-0.028692901,-0.041419093,-0.124628395,-0.13620174,-0.06980736,-0.15614802,-0.23215425,-0.09494992,-0.15166265,-0.32565558,-0.118063234,-0.10225043,-0.27761477,-0.045045555,-0.10605538,-0.40501964,-0.092785604,-0.11542863,-0.42090204,-0.12822261,-0.12629974,-0.4125964,-0.1470333,-0.059863985,-0.2907759,-0.048947968,-0.056590796,-0.45412064,-0.08288602,-0.052243948,-0.5665645,-0.10882044,-0.045464933,-0.6633075,-0.12513342,-0.012352586,-0.27019984,-0.059386663,-0.013421416,-0.42130184,-0.08987741,-0.010138512,-0.5287545,-0.10808047,-0.005153656,-0.62291646,-0.11866323,0.035481155,-0.22682202,-0.07339314,0.031777143,-0.3426618,-0.09533511,0.034110844,-0.4285865,-0.100331746,0.039074063,-0.5059563,-0.102569476
-0.059952855,-0.03261125,-0.036851224,-0.12195051,-0.14626342,-0.06235477,-0.1526297,-0.24162793,-0.0854213,-0.15203348,-0.33130366,-0.10745745,-0.10079458,-0.28082246,-0.042497702,-0.10591596,-0.40279967,-0.089692384,-0.1152401,-0.4226489,-0.12546292,-0.12765467,-0.42152494,-0.14505926,-0.059021056,-0.29345322,-0.04963949,-0.05647552,-0.4562425,-0.083826035,-0.052991986,-0.56970924,-0.1099702,-0.046649575,-0.6670799,-0.1264334,-0.0114738345,-0.27299714,-0.062945835,-0.013836086,-0.42576584,-0.09417143,-0.012398481,-0.53398156,-0.11253837,-0.0092743635,-0.62937105,-0.1231139,0.036648035,-0.23008639,-0.07951054,0.03185773,-0.34738606,-0.10231256,0.032441616,-0.43553448,-0.10723324,0.03537941,-0.5139949,-0.10936603
-0.06008166,-0.03312236,-0.035097033,-0.12132999,-0.14422995,-0.05976317,-0.15182883,-0.23831534,-0.0819785,-0.14825833,-0.32805705,-0.102726646,-0.095071584,-0.27870637,-0.041291323,-0.10046896,-0.4018163,-0.085806094,-0.1108526,-0.42093503,-0.118862584,-0.122464985,-0.41688854,-0.136823,-0.054278553,-0.2909938,-0.047819532,-0.05235976,-0.45069632,-0.08187344,-0.05012262,-0.5633673,-0.10670663,-0.04355371,-0.65869653,-0.12189448,-0.0073536634,-0.27181238,-0.059960365,-0.0091205835,-0.42421484,-0.0902449,-0.007868528,-0.5320872,-0.10693269,-0.003371656,-0.625349,-0.11600749,0.04014772,-0.23006916,-0.07516737,0.03545642,-0.3468784,-0.0959454,0.035062253,-0.43470818,-0.09975048,0.038502038,-0.5123997,-0.10104065
-0.061612874,-0.036411107,-0.035088494,-0.1217244,-0.1471067,-0.0607136,-0.15029049,-0.23982674,-0.08412258,-0.14267898,-0.32724595,-0.10677013,-0.09432539,-0.27776092,-0.04639904,-0.09647879,-0.40360206,-0.092778705,-0.10406831,-0.4286281,-0.12604767,-0.1148698,-0.43009388,-0.14405511,-0.051920176,-0.28668153,-0.05392389,-0.05035478,-0.44709218,-0.09024925,-0.048029542,-0.55965,-0.1162616,-0.043361068,-0.65469,-0.13220313,-0.00427109,-0.2640267,-0.066757284,-0.006961286,-0.41584745,-0.099934325,-0.0041178465,-0.5249591,-0.11951431,-0.0004632473,-0.61880744,-0.1303003,0.043995798,-0.22037172,-0.08224476,0.03942877,-0.33844954,-0.10627585,0.039289057,-0.42664108,-0.11268656,0.041817248,-0.504437,-0.11561779
-0.062663436,-0.03313577,-0.03772633,-0.12435648,-0.1438036,-0.06465476,-0.15536746,-0.23884422,-0.08889842,-0.15375352,-0.3287629,-0.11165663,-0.10225311,-0.27444273,-0.04908045,-0.10458517,-0.40778422,-0.097607784,-0.113592386,-0.42713404,-0.13182451,-0.12560648,-0.41877484,-0.14947113,-0.0590865,-0.28550804,-0.05510109,-0.05885023,-0.45006415,-0.092625044,-0.055418193,-0.5642327,-0.11864649,-0.049529195,-0.65917677,-0.13412786,-0.010074973,-0.2654537,-0.06672675,-0.013120115,-0.4188937,-0.09998204,-0.010207415,-0.52817845,-0.118191294,-0.0067679286,-0.6215593,-0.1278775,0.039871812,-0.22429973,-0.08130911,0.035108805,-0.34294814,-0.10446875,0.03476107,-0.43109375,-0.10938349,0.036789477,-0.50830394,-0.11109987
-0.061680675,-0.033509314,-0.039190833,-0.12427628,-0.14258415,-0.066059224,-0.1586205,-0.23679125,-0.089475855,-0.15947491,-0.32835966,-0.11159914,-0.10217321,-0.27159202,-0.048287734,-0.106824785,-0.39836264,-0.09381919,-0.115119904,-0.42568648,-0.12687089,-0.12569651,-0.43043903,-0.14483362,-0.059075475,-0.28546906,-0.053049073,-0.058910012,-0.45003462,-0.087650664,-0.05628383,-0.56514525,-0.11276752,-0.05107516,-0.6616751,-0.12828776,-0.010586202,-0.26792377,-0.06336955,-0.013433456,-0.42124867,-0.09503434,-0.010921836,-0.53139824,-0.11336581,-0.0071519017,-0.62525177,-0.12360272,0.039110184,-0.22836882,-0.07673197,0.033722878,-0.34612095,-0.099627785,0.03351611,-0.43369895,-0.104970686,0.035401583,-0.5103485,-0.107272714
-0.06272322,-0.032300055,-0.039090928,-0.1254133,-0.14323437,-0.06455405,-0.15822625,-0.23850548,-0.08673486,-0.16677648,-0.3285557,-0.10716125,-0.106345385,-0.27466613,-0.045952864,-0.1137104,-0.4021962,-0.09271694,-0.12950921,-0.41920355,-0.12715816,-0.14813697,-0.41120273,-0.14564803,-0.06381923,-0.28911787,-0.0508547,-0.064703405,-0.45164424,-0.08580858,-0.0641762,-0.56583774,-0.11159695,-0.06085038,-0.66152084,-0.12784098,-0.015633106,-0.27167493,-0.061768442,-0.019327223,-0.42274684,-0.09310595,-0.017980635,-0.5311692,-0.110917926,-0.016021013,-0.6235279,-0.1210614,0.03402698,-0.23198384,-0.07601614,0.028485477,-0.348176,-0.09858816,0.02788341,-0.4360941,-0.10356464,0.02913618,-0.512844,-0.10573214
-0.06272322,-0.032300055,-0.039090928,-0.1254133,-0.14323437,-0.06455405,-0.15822625,-0.23850548,-0.08673486,-0.16677648,-0.3285557,-0.10716125,-0.106345385,-0.27466613,-0.045952864,-0.1137104,-0.4021962,-0.09271694,-0.12950921,-0.41920355,-0.12715816,-0.14813697,-0.41120273,-0.14564803,-0.06381923,-0.28911787,-0.0508547,-0.064703405,-0.45164424,-0.08580858,-0.0641762,-0.56583774,-0.11159695,-0.06085038,-0.66152084,-0.12784098,-0.015633106,-0.27167493,-0.061768442,-0.019327223,-0.42274684,-0.09310595,-0.017980635,-0.5311692,-0.110917926,-0.016021013,-0.6235279,-0.1210614,0.03402698,-0.23198384,-0.07601614,0.028485477,-0.348176,-0.09858816,0.02788341,-0.4360941,-0.10356464,0.02913618,-0.512844,-0.10573214
-0.06013012,-0.029875278,-0.037593096,-0.1242896,-0.13507336,-0.062389147,-0.15929365,-0.22467071,-0.08387769,-0.16602564,-0.31296307,-0.10363668,-0.101094276,-0.2715677,-0.047198277,-0.111418515,-0.39861068,-0.091917925,-0.12811533,-0.40572417,-0.12503538,-0.14616868,-0.38843837,-0.14315234,-0.057780147,-0.28513682,-0.05265192,-0.06015867,-0.44374827,-0.085142836,-0.060431242,-0.553748,-0.110796906,-0.05704665,-0.64511216,-0.12792005,-0.008990526,-0.26556355,-0.06356749,-0.0128827095,-0.41300374,-0.093527205,-0.012908697,-0.5186889,-0.112102054,-0.011298418,-0.6089439,-0.123589836,0.04033667,-0.22270739,-0.07748319,0.033613205,-0.33583897,-0.10121765,0.031726718,-0.42266,-0.1075495,0.03314036,-0.49900347,-0.110845864
-0.061901152,-0.031970263,-0.041457742,-0.12542135,-0.13269156,-0.07020968,-0.16148803,-0.22295547,-0.09547681,-0.16447565,-0.31403124,-0.118406974,-0.10577384,-0.27158654,-0.05027256,-0.11700168,-0.40278897,-0.09729574,-0.13707435,-0.4128458,-0.1297445,-0.1533612,-0.39506757,-0.14630611,-0.06267154,-0.28687447,-0.053226765,-0.06522721,-0.4482566,-0.09053513,-0.06692153,-0.5575415,-0.115378015,-0.065004766,-0.6501671,-0.1301315,-0.014109492,-0.26958972,-0.062017,-0.018085718,-0.4191797,-0.09517613,-0.017789781,-0.52840674,-0.112979,-0.016965985,-0.6221466,-0.12229432,0.03578633,-0.23041064,-0.07396039,0.030874848,-0.34753236,-0.09712826,0.02839905,-0.43429565,-0.10204634,0.028012335,-0.50988305,-0.10364995
-0.06452757,-0.03175938,-0.040211577,-0.12686434,-0.13070047,-0.06864316,-0.16297251,-0.21706325,-0.09413786,-0.17031133,-0.30730283,-0.11695885,-0.11159563,-0.2743516,-0.04631888,-0.12434465,-0.40929967,-0.09517375,-0.142665,-0.41471654,-0.1297561,-0.15636262,-0.39246678,-0.14713883,-0.06796944,-0.2894559,-0.04965169,-0.07027972,-0.45136315,-0.08634026,-0.071675986,-0.55988836,-0.111768834,-0.07071495,-0.65345776,-0.12710166,-0.018848956,-0.2726549,-0.059279285,-0.021463633,-0.42159578,-0.09150439,-0.020357966,-0.53013635,-0.10895573,-0.019968033,-0.62390757,-0.11818849,0.031417012,-0.23431188,-0.072208926,0.027915418,-0.35158455,-0.09495449,0.025500178,-0.43755913,-0.09941861,0.025153399,-0.51267546,-0.100538865
-0.067932725,-0.033924103,-0.03713907,-0.13020495,-0.1332972,-0.0644112,-0.16227934,-0.21843278,-0.08965108,-0.16973159,-0.30662662,-0.112392716,-0.10876927,-0.27354103,-0.044229224,-0.12539423,-0.4123281,-0.0947376,-0.14536026,-0.41608572,-0.13040654,-0.15934312,-0.39007634,-0.14739971,-0.06355345,-0.28639388,-0.049888145,-0.0695011,-0.45318055,-0.08576793,-0.07291943,-0.5613831,-0.11189815,-0.07219607,-0.652444,-0.12819164,-0.015021205,-0.26731116,-0.061952937,-0.018994331,-0.4209145,-0.09307251,-0.020966232,-0.5270617,-0.11150192,-0.022824526,-0.6170139,-0.121940285,0.034368873,-0.22840863,-0.077116445,0.029939711,-0.34900302,-0.10003641,0.025706053,-0.4358038,-0.10567827,0.022300303,-0.5093746,-0.10785221
-0.067932725,-0.033924103,-0.03713907,-0.13020495,-0.1332972,-0.0644112,-0.16227934,-0.21843278,-0.08965108,-0.16973159,-0.30662662,-0.112392716,-0.10876927,-0.27354103,-0.044229224,-0.12539423,-0.4123281,-0.0947376,-0.14536026,-0.41608572,-0.13040654,-0.15934312,-0.39007634,-0.14739971,-0.06355345,-0.28639388,-0.049888145,-0.0695011,-0.45318055,-0.08576793,-0.07291943,-0.5613831,-0.11189815,-0.07219607,-0.652444,-0.12819164,-0.015021205,-0.26731116,-0.061952937,-0.018994331,-0.4209145,-0.09307251,-0.020966232,-0.5270617,-0.11150192,-0.022824526,-0.6170139,-0.121940285,0.034368873,-0.22840863,-0.077116445,0.029939711,-0.34900302,-0.10003641,0.025706053,-0.4358038,-0.10567827,0.022300303,-0.5093746,-0.10785221
-0.067940354,-0.032396436,-0.033758864,-0.13168848,-0.13438976,-0.058348533,-0.16263613,-0.2236821,-0.080788426,-0.16434282,-0.3085888,-0.10171748,-0.112531215,-0.26152658,-0.04552869,-0.124599665,-0.39403832,-0.09216831,-0.14040941,-0.40772998,-0.12406979,-0.15438789,-0.39211586,-0.13946514,-0.06730169,-0.27676535,-0.051498268,-0.07451564,-0.43986923,-0.08691107,-0.07812619,-0.5461856,-0.11056104,-0.0793885,-0.6365528,-0.12437698,-0.016406536,-0.26144314,-0.062801205,-0.022928894,-0.41078725,-0.094199926,-0.02462554,-0.51893806,-0.11202295,-0.026598752,-0.6109619,-0.12128123,0.035604298,-0.22778589,-0.07653781,0.027855158,-0.346122,-0.09810035,0.022443652,-0.43060985,-0.102429494,0.018684387,-0.50413114,-0.10368641
-0.06688869,-0.026516736,-0.03925538,-0.13358265,-0.12103516,-0.06702314,-0.16781089,-0.2093625,-0.09127286,-0.17365521,-0.2989357,-0.11419442,-0.12084103,-0.2576493,-0.052304048,-0.13508406,-0.38593167,-0.09872542,-0.14506969,-0.40912774,-0.13074394,-0.15414125,-0.40861866,-0.14760582,-0.074834645,-0.27645022,-0.05620127,-0.082689404,-0.43653503,-0.094307244,-0.08443326,-0.54357636,-0.120554626,-0.08533132,-0.63656664,-0.13663715,-0.024140358,-0.2621714,-0.06535992,-0.030445099,-0.409374,-0.099752426,-0.031356514,-0.51813304,-0.12061027,-0.033340752,-0.61270607,-0.13213488,0.028205514,-0.22812468,-0.07707404,0.020705342,-0.34583727,-0.10123121,0.016148686,-0.4310411,-0.108556494,0.012745202,-0.5068225,-0.11224651
-0.06734824,-0.02350068,-0.03983084,-0.1325011,-0.11441445,-0.06852681,-0.167999,-0.19739902,-0.093824506,-0.1745578,-0.28051764,-0.11830572,-0.12497768,-0.25615966,-0.05366212,-0.13801986,-0.3853745,-0.10032618,-0.14614186,-0.4167561,-0.13311121,-0.15411296,-0.425595,-0.15090518,-0.07772541,-0.27631283,-0.057968825,-0.08555406,-0.43863732,-0.0965877,-0.088259935,-0.5476404,-0.12395103,-0.09060413,-0.6421325,-0.14102025,-0.026527047,-0.26342863,-0.06741301,-0.032619476,-0.41354558,-0.10203723,-0.034184337,-0.52266586,-0.12368851,-0.036762595,-0.6167717,-0.13587846,0.025157034,-0.22996771,-0.07950559,0.018720508,-0.35008955,-0.10424218,0.01374197,-0.4366814,-0.112399116,0.010111749,-0.512882,-0.11669544
-0.06880933,-0.03256607,-0.028866008,-0.12538874,-0.12648857,-0.051663585,-0.15033221,-0.20551145,-0.07409164,-0.1516378,-0.284306,-0.09490721,-0.114739746,-0.25751203,-0.036454797,-0.124821335,-0.39095858,-0.08572085,-0.13532782,-0.41222215,-0.120445125,-0.1474365,-0.40209383,-0.13609983,-0.07073575,-0.2761498,-0.04556626,-0.08002591,-0.44251245,-0.0807495,-0.086411536,-0.55028886,-0.10603561,-0.09194845,-0.6386732,-0.12069458,-0.022502244,-0.26541555,-0.06053753,-0.029880106,-0.4219379,-0.09271173,-0.03428024,-0.5289142,-0.113610305,-0.040966213,-0.6182326,-0.12457741,0.027633786,-0.23479348,-0.0777021,0.024308085,-0.35705295,-0.10184014,0.01901865,-0.44352022,-0.109948955,0.011253655,-0.5169915,-0.11330077
-0.064807236,-0.028933525,-0.032820668,-0.12125531,-0.12426889,-0.057262823,-0.14444643,-0.20848012,-0.08051491,-0.1484344,-0.28833497,-0.10098976,-0.120247334,-0.25508255,-0.041762456,-0.13059387,-0.3960298,-0.094665244,-0.13571441,-0.39529508,-0.13046117,-0.14522678,-0.3613755,-0.14524238,-0.074142456,-0.27554893,-0.048351526,-0.084214985,-0.44523188,-0.084887035,-0.090831816,-0.5534934,-0.11111954,-0.09866309,-0.64326465,-0.12662762,-0.025637388,-0.26650512,-0.061228786,-0.034163356,-0.4234878,-0.094364196,-0.039752543,-0.5303372,-0.116068,-0.04909855,-0.62022334,-0.1275357,0.024535358,-0.23832357,-0.07642291,0.020036995,-0.36128822,-0.101293266,0.015225172,-0.4481468,-0.10960611,0.0071968436,-0.52217185,-0.113010146
-0.060908496,-0.025029778,-0.040598404,-0.11475074,-0.11942756,-0.07077467,-0.1348677,-0.20536065,-0.099350534,-0.124688715,-0.2823478,-0.12518787,-0.11955449,-0.26087928,-0.04684477,-0.12942237,-0.40409666,-0.10554933,-0.12025747,-0.40239978,-0.14570035,-0.11660701,-0.36656862,-0.16261072,-0.06782657,-0.28366995,-0.050710093,-0.073817134,-0.45496005,-0.09011499,-0.07703769,-0.56074274,-0.120579176,-0.0839895,-0.64934534,-0.13916202,-0.016678214,-0.27478516,-0.061901208,-0.020818233,-0.43439463,-0.096288025,-0.02653426,-0.5383527,-0.12014824,-0.03785062,-0.6263945,-0.1332938,0.03328979,-0.2465229,-0.076138176,0.030564606,-0.370108,-0.10061087,0.025972962,-0.45428163,-0.10947113,0.016953409,-0.52627337,-0.11345961
-0.058134735,-0.019623816,-0.0497561,-0.107740134,-0.10766792,-0.08538609,-0.11771467,-0.19430846,-0.11689955,-0.11062521,-0.27552837,-0.14558075,-0.123760045,-0.2552995,-0.06283268,-0.12639347,-0.39797735,-0.12424965,-0.117767036,-0.39507565,-0.16700628,-0.11594659,-0.35813832,-0.18572338,-0.07036114,-0.27786195,-0.06250513,-0.06994295,-0.4504648,-0.10518873,-0.066919506,-0.5597984,-0.136831,-0.06943256,-0.6503131,-0.15605032,-0.017594695,-0.27027392,-0.06946723,-0.015618026,-0.42783698,-0.10644201,-0.01641965,-0.53570384,-0.1317547,-0.023999453,-0.6267922,-0.14579096,0.03372699,-0.24404138,-0.07995635,0.035751402,-0.3670182,-0.10620911,0.033515394,-0.45243496,-0.11590599,0.026137948,-0.52395856,-0.12049911
-0.060530066,-0.021766901,-0.046292443,-0.10970572,-0.11294657,-0.07863737,-0.11533892,-0.20476645,-0.10689418,-0.11346462,-0.28833967,-0.13233584,-0.12900892,-0.258151,-0.057017915,-0.13207775,-0.3979749,-0.11532424,-0.116787255,-0.4051041,-0.15560225,-0.10861859,-0.38012904,-0.1727138,-0.07414442,-0.28387386,-0.058161642,-0.071823716,-0.45394343,-0.097971015,-0.06770527,-0.56265515,-0.12889332,-0.06907642,-0.65403163,-0.1484874,-0.02105385,-0.27768713,-0.066380486,-0.0154495835,-0.4336603,-0.101400584,-0.015036285,-0.53945047,-0.12693602,-0.020340621,-0.6274971,-0.1418681,0.030203283,-0.25114834,-0.07785763,0.03248155,-0.37439394,-0.10307765,0.031645954,-0.45969063,-0.11328888,0.02631843,-0.53065914,-0.11868433
-0.059356213,-0.024025619,-0.055350024,-0.1046156,-0.10968536,-0.09430137,-0.10588229,-0.19809526,-0.12785842,-0.09538525,-0.28314275,-0.15780494,-0.1351771,-0.25733054,-0.070135124,-0.1258708,-0.4069147,-0.13364685,-0.09901863,-0.40282452,-0.1775593,-0.08643389,-0.36402896,-0.196543,-0.07508403,-0.2816069,-0.06746184,-0.06844652,-0.4589215,-0.11256971,-0.058267295,-0.5697249,-0.14878479,-0.058757126,-0.6614013,-0.17203836,-0.01822871,-0.27528226,-0.0719882,-0.010036945,-0.4326279,-0.110716425,-0.0060652494,-0.53908795,-0.14037746,-0.010972202,-0.62916565,-0.15819351,0.035149515,-0.25122964,-0.080107056,0.040378153,-0.37330854,-0.106987774,0.04125327,-0.4583401,-0.11860204,0.03683448,-0.52986515,-0.12528066
-0.060464323,-0.022984207,-0.048267428,-0.103018075,-0.11585015,-0.08162052,-0.09873721,-0.20671743,-0.11083019,-0.081579745,-0.28698123,-0.13643506,-0.12733483,-0.2631986,-0.05946479,-0.12009603,-0.4114329,-0.11920811,-0.09405577,-0.41139832,-0.16060868,-0.08195323,-0.37836006,-0.17865805,-0.06761205,-0.2878269,-0.05983007,-0.05840379,-0.4607063,-0.10153276,-0.04727781,-0.56771463,-0.13469888,-0.047240376,-0.65634465,-0.15580122,-0.013137817,-0.28092247,-0.06736428,-0.0017430782,-0.43872455,-0.10315673,0.0027637482,-0.5444079,-0.13055906,-0.0024712086,-0.6358156,-0.14671035,0.0382185,-0.2550906,-0.078244574,0.045936882,-0.37768343,-0.10255238,0.04692614,-0.46167976,-0.11245003,0.04108745,-0.5314528,-0.11783891
-0.056881607,-0.01992017,-0.05619138,-0.09853986,-0.105421364,-0.09435618,-0.093976736,-0.19441319,-0.12665734,-0.07469368,-0.27071887,-0.15430337,-0.13198924,-0.26884282,-0.06823812,-0.11985612,-0.41897368,-0.13028008,-0.0868963,-0.4132797,-0.17354743,-0.06996757,-0.37124965,-0.19240278,-0.071731865,-0.2932983,-0.06483982,-0.063152134,-0.46699566,-0.10651228,-0.04902631,-0.5758588,-0.13960944,-0.048071742,-0.6637517,-0.1609552,-0.01588279,-0.28655905,-0.069234274,-0.0062087774,-0.43979833,-0.104275785,-0.0016685724,-0.5485076,-0.13112459,-0.0067373514,-0.6423036,-0.14747845,0.0374102,-0.25997126,-0.077853,0.042910933,-0.3804147,-0.10213728,0.044029593,-0.4640262,-0.111507505,0.038627207,-0.5341362,-0.11660453
-0.053072333,-0.016283333,-0.062022597,-0.08439821,-0.099601865,-0.10010828,-0.06962687,-0.18941694,-0.13118902,-0.051671743,-0.2730043,-0.15718256,-0.12128627,-0.26668662,-0.07152338,-0.1133869,-0.4206148,-0.13759817,-0.07675654,-0.4109979,-0.18329038,-0.05151671,-0.36677024,-0.20260768,-0.05911815,-0.2908845,-0.064240076,-0.051369548,-0.46275973,-0.1086078,-0.037114322,-0.5682417,-0.14443897,-0.035089314,-0.65643597,-0.1679687,-0.006009817,-0.28218126,-0.065452166,0.005625546,-0.42671165,-0.10310984,0.009012163,-0.53223324,-0.13225687,0.0043463707,-0.62460864,-0.14994158,0.042341292,-0.2551605,-0.07124468,0.050997972,-0.37349522,-0.09672768,0.053479612,-0.45384344,-0.1071859,0.04916525,-0.5230059,-0.11292073
-0.04975915,-0.014687121,-0.064668916,-0.082802474,-0.09349805,-0.106782645,-0.06913477,-0.18157977,-0.14181279,-0.050987244,-0.27002943,-0.17211136,-0.12071091,-0.26468974,-0.0778751,-0.11602816,-0.41249898,-0.146586,-0.07874358,-0.40368536,-0.19327413,-0.051129997,-0.356517,-0.21331629,-0.060761273,-0.2900061,-0.07093239,-0.05385661,-0.4613735,-0.11730262,-0.039254963,-0.5664177,-0.1538854,-0.03445983,-0.6525774,-0.17787446,-0.0076238513,-0.2820524,-0.07279958,0.0028919578,-0.42975834,-0.1115304,0.0067493916,-0.5367905,-0.14211415,0.0039345026,-0.6291474,-0.16120885,0.04290867,-0.25446242,-0.07955414,0.050875843,-0.37244022,-0.10654804,0.052838564,-0.4539507,-0.11926046,0.049393892,-0.5231413,-0.12682481
-0.04854548,-0.016236424,-0.062351976,-0.0807699,-0.09691352,-0.10236872,-0.06490868,-0.18509424,-0.13522504,-0.046091318,-0.27153558,-0.16308373,-0.1161142,-0.26696658,-0.073273934,-0.10683161,-0.4151476,-0.1401307,-0.07104844,-0.39699256,-0.18653549,-0.04763508,-0.34625182,-0.20626165,-0.053980887,-0.29090697,-0.06590826,-0.042271137,-0.4595277,-0.111623175,-0.027442038,-0.5634141,-0.14908521,-0.024501324,-0.6504146,-0.17396998,-0.00089609623,-0.28168654,-0.066953756,0.013424039,-0.42725554,-0.104748644,0.017419338,-0.53261065,-0.13476238,0.013412654,-0.6239454,-0.1530683,0.047771037,-0.25510514,-0.07253757,0.055879653,-0.37386099,-0.0970266,0.057471454,-0.4544166,-0.107580855,0.053322375,-0.5221546,-0.113633215
-0.04838544,-0.013064265,-0.06340341,-0.080827475,-0.09117848,-0.10480068,-0.064894795,-0.17904866,-0.13877898,-0.046000183,-0.26693732,-0.16765465,-0.11799973,-0.2621265,-0.07828726,-0.109416336,-0.41316673,-0.14536169,-0.071855366,-0.39369214,-0.19025701,-0.047545075,-0.34193847,-0.20889843,-0.055484176,-0.28567743,-0.07084645,-0.04466355,-0.45636702,-0.1178366,-0.030183733,-0.5600946,-0.15497856,-0.02878809,-0.64733326,-0.17912737,-0.0025728345,-0.27646995,-0.07150373,0.010279894,-0.42090064,-0.11022457,0.01347506,-0.5269203,-0.14000206,0.0089764595,-0.6200593,-0.15795584,0.046333432,-0.25050235,-0.07659976,0.053382874,-0.36759374,-0.10163129,0.054735422,-0.44771898,-0.11198848,0.051141083,-0.51570004,-0.11769894
-0.04989904,-0.013754725,-0.063061595,-0.080099165,-0.094441,-0.10424407,-0.065668166,-0.18269497,-0.13896681,-0.050542355,-0.27395672,-0.16854063,-0.11533114,-0.265518,-0.07426282,-0.10695416,-0.41715375,-0.14547747,-0.06708413,-0.39656672,-0.19372654,-0.041747093,-0.34274304,-0.21352223,-0.052612364,-0.2904234,-0.067618325,-0.042898834,-0.4658921,-0.11295917,-0.02830559,-0.5670803,-0.14763172,-0.027837455,-0.65195733,-0.16971458,0.0015974045,-0.28166264,-0.07025247,0.012762725,-0.4263733,-0.10747303,0.016638815,-0.5308356,-0.13405018,0.012652516,-0.6245821,-0.15001054,0.051554263,-0.2531247,-0.077821836,0.058063686,-0.3698395,-0.101604775,0.059847176,-0.44744998,-0.109632514,0.0555647,-0.51328367,-0.11368845
-0.048618138,-0.0158844,-0.062278498,-0.078860044,-0.09256148,-0.10316353,-0.0663625,-0.17635679,-0.13735521,-0.053141654,-0.26300192,-0.1663916,-0.112565815,-0.26089633,-0.076410785,-0.10326761,-0.41684264,-0.14499664,-0.06627643,-0.39439383,-0.19068268,-0.04466057,-0.3437459,-0.20904613,-0.049594104,-0.28502238,-0.06971252,-0.038615644,-0.46100575,-0.11495142,-0.02169925,-0.5619741,-0.149983,-0.018917382,-0.64890325,-0.1725161,0.0042805076,-0.27643204,-0.07158029,0.016464472,-0.4219008,-0.10898344,0.021696985,-0.52763826,-0.13713804,0.018763065,-0.623436,-0.15394816,0.053815544,-0.25083846,-0.07795711,0.060274303,-0.37026748,-0.10186931,0.0636968,-0.4499089,-0.11099255,0.06039983,-0.5168336,-0.11575349
-0.044840932,-0.016511023,-0.0644554,-0.0756709,-0.0899477,-0.106570244,-0.06781167,-0.16979492,-0.14105713,-0.06178522,-0.25243378,-0.1706255,-0.11757517,-0.25946093,-0.080098934,-0.106452286,-0.40861484,-0.14470401,-0.068345904,-0.3931677,-0.18793274,-0.045279026,-0.3462757,-0.20582409,-0.055859745,-0.28101343,-0.072438896,-0.041757226,-0.45249575,-0.11814353,-0.022349298,-0.55929774,-0.15438545,-0.016315281,-0.6485654,-0.17785044,-0.001881957,-0.27127695,-0.07274512,0.014339864,-0.41644454,-0.11063434,0.02068615,-0.52628756,-0.14089344,0.018547058,-0.6240915,-0.15933079,0.04800564,-0.24484849,-0.07751291,0.057745397,-0.36160538,-0.102199055,0.061630726,-0.44392622,-0.1127064,0.059402466,-0.5133868,-0.11869325
-0.052526295,-0.02849722,-0.051721152,-0.087938815,-0.11632496,-0.088121966,-0.08327454,-0.1974113,-0.120088294,-0.07319045,-0.27691525,-0.1477504,-0.104107976,-0.26963347,-0.06108747,-0.084231675,-0.41239393,-0.12484962,-0.0622738,-0.39340585,-0.16940722,-0.052991867,-0.34057567,-0.18836406,-0.043748558,-0.2851104,-0.059590492,-0.023896217,-0.45398194,-0.10368774,-0.00770545,-0.5600594,-0.13768971,-0.0006773472,-0.6445364,-0.15911599,0.009489536,-0.27115583,-0.06624782,0.029952586,-0.4185064,-0.10324946,0.036951184,-0.5260727,-0.12965585,0.03555888,-0.6194,-0.14499028,0.059414625,-0.23840404,-0.07670007,0.07409489,-0.35301715,-0.10141036,0.07834524,-0.43726194,-0.11017368,0.076635,-0.5098869,-0.11457563
-0.05474353,-0.028468072,-0.055167217,-0.09438568,-0.12047577,-0.09168958,-0.09637368,-0.20810384,-0.12277712,-0.0904994,-0.29338294,-0.1496387,-0.10731453,-0.26774853,-0.062015954,-0.087828815,-0.4075532,-0.12400525,-0.07213062,-0.39568537,-0.16815415,-0.06837577,-0.3482768,-0.18747026,-0.04893416,-0.2845285,-0.057547573,-0.027841985,-0.45249552,-0.09985258,-0.012453616,-0.5584549,-0.1332438,-0.0057056546,-0.6445508,-0.15463072,0.0044629574,-0.2716741,-0.061203044,0.023573458,-0.41857827,-0.097153194,0.032520175,-0.5242103,-0.12352388,0.03300637,-0.61478305,-0.13904397,0.054045856,-0.23993939,-0.06893974,0.06775284,-0.35475245,-0.09368295,0.07234502,-0.43721306,-0.10310495,0.07072061,-0.5088339,-0.10812509
-0.056521654,-0.02927792,-0.04869784,-0.09920883,-0.12576741,-0.08026789,-0.105074584,-0.21436429,-0.10758789,-0.1002776,-0.2962485,-0.13094112,-0.097480536,-0.2733969,-0.049793497,-0.08602649,-0.4113552,-0.10676212,-0.07989651,-0.39735773,-0.14827588,-0.08301675,-0.35583094,-0.16663137,-0.043364644,-0.28968623,-0.04826734,-0.02782619,-0.4567695,-0.08601174,-0.01891452,-0.5615681,-0.117494404,-0.015702844,-0.652392,-0.13797748,0.0058523417,-0.2757128,-0.054669745,0.02268219,-0.42418927,-0.08821967,0.028867424,-0.5261693,-0.11347387,0.027444243,-0.61442125,-0.12819447,0.05237055,-0.24305034,-0.064715825,0.06331509,-0.36071607,-0.088439606,0.068362415,-0.44190234,-0.096963994,0.06657398,-0.5129679,-0.10132993
-0.061739147,-0.028927922,-0.046679076,-0.11361995,-0.123156846,-0.077868484,-0.13663933,-0.21112001,-0.10592927,-0.13462412,-0.30069926,-0.13051069,-0.10940525,-0.26027465,-0.05065549,-0.108436555,-0.4082849,-0.11125984,-0.11303896,-0.41189912,-0.1537588,-0.12207192,-0.37898088,-0.17203848,-0.060502768,-0.28046167,-0.049582735,-0.057751596,-0.45356143,-0.08960255,-0.056628108,-0.56040525,-0.11838714,-0.059411347,-0.648391,-0.13543715,-0.012154341,-0.2711053,-0.05655886,-0.010196269,-0.4279149,-0.09080342,-0.011157453,-0.5338329,-0.11348147,-0.018270016,-0.6234664,-0.12530233,0.034854114,-0.24260294,-0.06733928,0.03791803,-0.3652695,-0.092140466,0.035817087,-0.45023954,-0.101201855,0.029432297,-0.52233773,-0.10484004
-0.061739147,-0.028927922,-0.046679076,-0.11361995,-0.123156846,-0.077868484,-0.13663933,-0.21112001,-0.10592927,-0.13462412,-0.30069926,-0.13051069,-0.10940525,-0.26027465,-0.05065549,-0.108436555,-0.4082849,-0.11125984,-0.11303896,-0.41189912,-0.1537588,-0.12207192,-0.37898088,-0.17203848,-0.060502768,-0.28046167,-0.049582735,-0.057751596,-0.45356143,-0.08960255,-0.056628108,-0.56040525,-0.11838714,-0.059411347,-0.648391,-0.13543715,-0.012154341,-0.2711053,-0.05655886,-0.010196269,-0.4279149,-0.09080342,-0.011157453,-0.5338329,-0.11348147,-0.018270016,-0.6234664,-0.12530233,0.034854114,-0.24260294,-0.06733928,0.03791803,-0.3652695,-0.092140466,0.035817087,-0.45023954,-0.101201855,0.029432297,-0.52233773,-0.10484004
-0.06846136,-0.036995113,-0.03669048,-0.12275189,-0.13969713,-0.060496174,-0.14412606,-0.23290372,-0.08264762,-0.15068612,-0.32089317,-0.10214593,-0.10531989,-0.27408624,-0.030372633,-0.1053136,-0.40866673,-0.07867217,-0.1140247,-0.43129414,-0.11653682,-0.12496805,-0.42238677,-0.1350067,-0.06090468,-0.2908972,-0.034899563,-0.054762542,-0.4548408,-0.066025816,-0.05221659,-0.56518984,-0.09248958,-0.048765242,-0.6546275,-0.10960608,-0.014263272,-0.2766536,-0.047094814,-0.008541048,-0.4284474,-0.07525319,-0.0051680207,-0.53517693,-0.09591065,-0.0033970475,-0.6229285,-0.10804978,0.033811808,-0.24316663,-0.0628904,0.037722826,-0.36436766,-0.083975434,0.03787154,-0.45073926,-0.09148509,0.03606713,-0.5242,-0.09533295
-0.06846136,-0.036995113,-0.03669048,-0.12275189,-0.13969713,-0.060496174,-0.14412606,-0.23290372,-0.08264762,-0.15068612,-0.32089317,-0.10214593,-0.10531989,-0.27408624,-0.030372633,-0.1053136,-0.40866673,-0.07867217,-0.1140247,-0.43129414,-0.11653682,-0.12496805,-0.42238677,-0.1350067,-0.06090468,-0.2908972,-0.034899563,-0.054762542,-0.4548408,-0.066025816,-0.05221659,-0.56518984,-0.09248958,-0.048765242,-0.6546275,-0.10960608,-0.014263272,-0.2766536,-0.047094814,-0.008541048,-0.4284474,-0.07525319,-0.0051680207,-0.53517693,-0.09591065,-0.0033970475,-0.6229285,-0.10804978,0.033811808,-0.24316663,-0.0628904,0.037722826,-0.36436766,-0.083975434,0.03787154,-0.45073926,-0.09148509,0.03606713,-0.5242,-0.09533295
-0.06170416,-0.0439682,-0.039377876,-0.107834935,-0.14929247,-0.06779699,-0.12546137,-0.23595655,-0.094500855,-0.12567702,-0.32103905,-0.11854533,-0.07750991,-0.29410803,-0.043600533,-0.06465292,-0.43405056,-0.09672735,-0.07132205,-0.44713512,-0.13649912,-0.080263406,-0.42843118,-0.1558152,-0.031386375,-0.3024175,-0.048993308,-0.010992229,-0.47197622,-0.083381146,0.0040023327,-0.58133066,-0.10989832,0.019457817,-0.6694082,-0.12698428,0.0132344365,-0.2781533,-0.061785165,0.03449142,-0.43124977,-0.09215915,0.051261842,-0.53632593,-0.1116167,0.06480044,-0.62446165,-0.123019926,0.05535847,-0.23195982,-0.07829328,0.07162982,-0.3521015,-0.100791834,0.08257681,-0.43729845,-0.106375806,0.09071398,-0.5096712,-0.10882918
-0.06409705,-0.04310304,-0.044464927,-0.11206943,-0.15063041,-0.07508047,-0.12996155,-0.2430659,-0.10281268,-0.12801164,-0.33294713,-0.12779117,-0.08009294,-0.296089,-0.05067389,-0.062162757,-0.4367103,-0.104226805,-0.06587702,-0.45223758,-0.14339958,-0.07324439,-0.43622392,-0.1626551,-0.03301686,-0.30235362,-0.05384318,-0.009199023,-0.47105905,-0.09033605,0.008108914,-0.5780999,-0.11746208,0.024457991,-0.66408193,-0.134997,0.011957526,-0.27677727,-0.064530805,0.03491026,-0.4299232,-0.096979834,0.053327978,-0.5327658,-0.117081486,0.06811929,-0.62028164,-0.12896805,0.054151356,-0.2298488,-0.079160355,0.07063085,-0.35077578,-0.10332665,0.08277875,-0.43432513,-0.1099832,0.09251183,-0.50614864,-0.11327438
-0.066878915,-0.045900285,-0.045710977,-0.11396214,-0.15461391,-0.07680357,-0.12764955,-0.24866068,-0.10461504,-0.12459415,-0.33980638,-0.13027239,-0.07941407,-0.29726624,-0.052397925,-0.06269485,-0.4304648,-0.10412185,-0.0627203,-0.450908,-0.14296316,-0.066367865,-0.44848537,-0.16376534,-0.030563712,-0.3038658,-0.05587917,-0.0049227476,-0.46782416,-0.092417076,0.014430463,-0.57401985,-0.12089681,0.03354448,-0.66391176,-0.14037257,0.014532626,-0.27700222,-0.066706374,0.040234208,-0.42480165,-0.100993395,0.060453594,-0.52613163,-0.12340885,0.07759762,-0.61492157,-0.13749196,0.05682701,-0.22869259,-0.08142551,0.07612181,-0.34375834,-0.10795591,0.09027308,-0.4243186,-0.11661439,0.10185182,-0.4961319,-0.12195414
-0.0660668,-0.04860735,-0.04046628,-0.11195415,-0.15824157,-0.06885547,-0.12604553,-0.24993396,-0.09497916,-0.12202591,-0.33642212,-0.11955912,-0.07725495,-0.29799563,-0.04738722,-0.059561312,-0.4278663,-0.09519451,-0.056128502,-0.45593077,-0.13125661,-0.056882918,-0.46425867,-0.15110609,-0.028657615,-0.30264974,-0.053585332,-0.002949953,-0.46587187,-0.08744741,0.016971648,-0.5731497,-0.1139463,0.036760986,-0.6637279,-0.13196617,0.016373694,-0.27447033,-0.066447884,0.042750537,-0.42294666,-0.09847297,0.063851416,-0.52460885,-0.11894714,0.08190513,-0.6129647,-0.13169537,0.057916343,-0.22438735,-0.082874775,0.07748085,-0.3398469,-0.108026564,0.092301786,-0.4221837,-0.11527804,0.105153024,-0.49453425,-0.119470075
-0.0660668,-0.04860735,-0.04046628,-0.11195415,-0.15824157,-0.06885547,-0.12604553,-0.24993396,-0.09497916,-0.12202591,-0.33642212,-0.11955912,-0.07725495,-0.29799563,-0.04738722,-0.059561312,-0.4278663,-0.09519451,-0.056128502,-0.45593077,-0.13125661,-0.056882918,-0.46425867,-0.15110609,-0.028657615,-0.30264974,-0.053585332,-0.002949953,-0.46587187,-0.08744741,0.016971648,-0.5731497,-0.1139463,0.036760986,-0.6637279,-0.13196617,0.016373694,-0.27447033,-0.066447884,0.042750537,-0.42294666,-0.09847297,0.063851416,-0.52460885,-0.11894714,0.08190513,-0.6129647,-0.13169537,0.057916343,-0.22438735,-0.082874775,0.07748085,-0.3398469,-0.108026564,0.092301786,-0.4221837,-0.11527804,0.105153024,-0.49453425,-0.119470075
-0.065253824,-0.047519922,-0.04392553,-0.11024737,-0.15815002,-0.07312594,-0.122930646,-0.25343168,-0.099334024,-0.12192881,-0.343831,-0.12439224,-0.07481989,-0.299377,-0.051052414,-0.05983281,-0.42543048,-0.09912927,-0.05427581,-0.45881945,-0.13535081,-0.052153468,-0.4769174,-0.1563664,-0.026785731,-0.30503607,-0.05644344,-0.0042839646,-0.4659519,-0.09313411,0.015360713,-0.5723901,-0.12185531,0.035813272,-0.6636503,-0.14135708,0.017446578,-0.2764066,-0.0685631,0.040719688,-0.42388135,-0.10404223,0.061341763,-0.5241225,-0.12675448,0.08009875,-0.6125951,-0.14084055,0.059191287,-0.22562605,-0.08434938,0.0765934,-0.33934575,-0.11313037,0.09093654,-0.4206105,-0.12305742,0.10475111,-0.49342725,-0.1290145
-0.06374586,-0.045151472,-0.042797305,-0.10967943,-0.15402216,-0.07150539,-0.124156326,-0.24665284,-0.09738253,-0.12610957,-0.33621228,-0.121836394,-0.077941895,-0.29847258,-0.048962556,-0.062889755,-0.42600358,-0.09732156,-0.059054494,-0.45577273,-0.13429481,-0.058900535,-0.46826082,-0.15517439,-0.029797971,-0.30419624,-0.054729845,-0.0071959496,-0.4663635,-0.08954951,0.012036502,-0.57370067,-0.117338665,0.031808794,-0.6647198,-0.13618493,0.0149226785,-0.2757423,-0.06733499,0.03785634,-0.42379382,-0.10064931,0.058155715,-0.5246312,-0.12170426,0.07661724,-0.613106,-0.13479169,0.05686623,-0.22449183,-0.083690055,0.07338798,-0.33837587,-0.110381916,0.087839484,-0.41938645,-0.11819326,0.1017611,-0.49123287,-0.1226274
-0.06399447,-0.047890484,-0.040518902,-0.109434605,-0.1608864,-0.06812243,-0.124700755,-0.25534922,-0.09375714,-0.12327039,-0.34474117,-0.11741521,-0.07483059,-0.30368567,-0.043129433,-0.059905708,-0.4364735,-0.09358707,-0.064178675,-0.45614028,-0.13214922,-0.071603626,-0.45056683,-0.15261003,-0.02846706,-0.3075962,-0.04949964,-0.005071163,-0.47094864,-0.08273454,0.012521267,-0.5776303,-0.10935501,0.03164029,-0.66613865,-0.12716722,0.015832543,-0.27730173,-0.06327204,0.038852334,-0.4261602,-0.094892226,0.057278335,-0.5271552,-0.114145614,0.07430798,-0.61576414,-0.12600915,0.057061434,-0.22343874,-0.080871806,0.07380456,-0.33605132,-0.10620875,0.08843088,-0.41717908,-0.11229092,0.10287702,-0.48951122,-0.11527392
-0.06247154,-0.046930194,-0.04210576,-0.10879034,-0.15876245,-0.070402116,-0.1249882,-0.25288743,-0.096218444,-0.123928905,-0.34180984,-0.12000783,-0.0731996,-0.2987541,-0.045967963,-0.057854533,-0.43677637,-0.09753626,-0.063135445,-0.45653528,-0.13666378,-0.071964115,-0.4477412,-0.1568466,-0.027582169,-0.30336815,-0.05105921,-0.006701231,-0.47002393,-0.084905334,0.0056418777,-0.57814234,-0.11204877,0.018399239,-0.66561556,-0.13012633,0.016155481,-0.2755654,-0.063634425,0.0361616,-0.42698413,-0.094679356,0.05131942,-0.52937895,-0.11414916,0.06450802,-0.61745095,-0.1262169,0.057703137,-0.22523838,-0.080156535,0.07242054,-0.340363,-0.10432672,0.083884835,-0.42284322,-0.11043039,0.09454137,-0.49491698,-0.113584794
-0.065495014,-0.043898463,-0.039296664,-0.118009925,-0.14672744,-0.067550406,-0.13832384,-0.23630911,-0.0941049,-0.13648999,-0.32443392,-0.11812016,-0.08970258,-0.28603566,-0.04230644,-0.08777523,-0.42193836,-0.0963987,-0.100195944,-0.42879674,-0.1372259,-0.11350179,-0.40318662,-0.15700158,-0.044694602,-0.298043,-0.047545157,-0.03668219,-0.46461296,-0.0828798,-0.03326738,-0.5720161,-0.11057889,-0.028690457,-0.6593616,-0.12850194,0.00025308132,-0.27731502,-0.060218647,0.01074636,-0.43017337,-0.091368824,0.015693009,-0.5360663,-0.11175896,0.018060505,-0.62482905,-0.123873994,0.044786096,-0.23438764,-0.07652132,0.052939475,-0.35403094,-0.09946705,0.055715322,-0.4394518,-0.10574658,0.05657637,-0.5123543,-0.108750254
-0.065994024,-0.041361332,-0.035919968,-0.12066451,-0.14049107,-0.06230951,-0.14426577,-0.22736275,-0.087784015,-0.14262345,-0.31268844,-0.1108454,-0.09728783,-0.28070638,-0.03771892,-0.09863901,-0.4182984,-0.09060794,-0.11026171,-0.4245847,-0.1301291,-0.121854216,-0.3999694,-0.14892213,-0.052658737,-0.29416054,-0.04452615,-0.048734546,-0.46283433,-0.07826191,-0.04701048,-0.56988907,-0.104380935,-0.043984294,-0.65794456,-0.120935656,-0.0071598887,-0.27453345,-0.058690988,-0.0009036064,-0.4282623,-0.08915007,0.0020879507,-0.53352344,-0.10836361,0.002313912,-0.62164474,-0.11918,0.038595617,-0.23303449,-0.07623663,0.043289542,-0.35521212,-0.09884799,0.04445809,-0.4403559,-0.10428172,0.04333639,-0.5128756,-0.10631441
-0.066498876,-0.03656721,-0.035385597,-0.122978896,-0.13343662,-0.060800374,-0.14725542,-0.22034901,-0.08515713,-0.15097389,-0.30529228,-0.107379094,-0.10728562,-0.26759034,-0.03706196,-0.11502504,-0.3986293,-0.088917114,-0.12023178,-0.4164548,-0.12777017,-0.12616545,-0.4056612,-0.14642687,-0.06197816,-0.2853709,-0.043781642,-0.0668115,-0.45129627,-0.07939323,-0.067115664,-0.55909884,-0.106779,-0.0663411,-0.64957345,-0.123677164,-0.015230119,-0.27182484,-0.05759904,-0.016307235,-0.4259671,-0.08973652,-0.017349243,-0.5320696,-0.111323,-0.020881593,-0.62145877,-0.12321729,0.032837927,-0.2374193,-0.07456151,0.03245151,-0.35979426,-0.09725334,0.02959466,-0.44430488,-0.10424092,0.02405727,-0.5158649,-0.10746789
-0.0653767,-0.0318228,-0.038955502,-0.124317706,-0.12724656,-0.06621988,-0.15135899,-0.21583056,-0.09171323,-0.15637314,-0.30488718,-0.114513256,-0.112146884,-0.26395035,-0.040688187,-0.11949411,-0.39847246,-0.094470546,-0.12683105,-0.41209483,-0.13405183,-0.13516626,-0.3952665,-0.15262395,-0.06645697,-0.28269425,-0.045297742,-0.07320768,-0.44954056,-0.08197976,-0.07480639,-0.5568104,-0.10940151,-0.07581729,-0.6468985,-0.12605265,-0.018880725,-0.27100402,-0.057385582,-0.023639858,-0.4264373,-0.090119585,-0.02711755,-0.5328422,-0.112087205,-0.0331468,-0.6226684,-0.124019995,0.03079015,-0.23868304,-0.07286557,0.026739657,-0.3618977,-0.09616672,0.02168113,-0.44664484,-0.10393176,0.014205456,-0.5181012,-0.10745586
-0.06495935,-0.030468464,-0.042735577,-0.12181386,-0.12105155,-0.07200131,-0.15122983,-0.20682055,-0.09891834,-0.15696377,-0.29734746,-0.12233131,-0.11732265,-0.25529814,-0.044023458,-0.12768167,-0.3947097,-0.10166268,-0.13659847,-0.39709875,-0.14259966,-0.14617905,-0.36836237,-0.1609901,-0.07293099,-0.27659526,-0.04606314,-0.084665716,-0.44388527,-0.08702519,-0.090145886,-0.5514367,-0.116109475,-0.09636441,-0.6419668,-0.1331402,-0.025570095,-0.268772,-0.056046296,-0.033419847,-0.42316383,-0.09163705,-0.04011804,-0.5287075,-0.11449818,-0.05068344,-0.6185392,-0.12624654,0.023019433,-0.24161601,-0.06959844,0.017471433,-0.3640307,-0.094773516,0.011640191,-0.44961584,-0.104018785,0.0034053922,-0.52295905,-0.108044304
-0.060331166,-0.02175206,-0.045837205,-0.117011905,-0.10936135,-0.07732987,-0.14315891,-0.19625169,-0.105724014,-0.138592,-0.2858453,-0.13072929,-0.12809879,-0.25158167,-0.04807448,-0.13492015,-0.39268884,-0.10888438,-0.13103685,-0.39739928,-0.15160881,-0.13086858,-0.36505783,-0.17022145,-0.07910043,-0.2749638,-0.047797915,-0.08781731,-0.44312972,-0.08901667,-0.09320858,-0.54995143,-0.12034139,-0.10220924,-0.6379578,-0.13923873,-0.028275192,-0.26898062,-0.055560775,-0.035898626,-0.42299238,-0.09152529,-0.044297874,-0.5269335,-0.1169333,-0.057438016,-0.6157555,-0.13079695,0.022807717,-0.24426138,-0.066857755,0.01719445,-0.36481142,-0.093676805,0.009469032,-0.448542,-0.10526055,-0.0012293458,-0.5216422,-0.110797256
-0.060383677,-0.020646393,-0.040082667,-0.11491904,-0.11069155,-0.06778278,-0.13337249,-0.1981259,-0.09280506,-0.13197127,-0.28337538,-0.11514057,-0.124899,-0.2463587,-0.04730888,-0.1313118,-0.3872103,-0.10496389,-0.12999299,-0.39117035,-0.14484672,-0.13264224,-0.3613624,-0.16178495,-0.07507187,-0.26846308,-0.04930472,-0.082306445,-0.4369638,-0.089057095,-0.08703518,-0.543311,-0.11893458,-0.09455022,-0.63188434,-0.1368413,-0.02502203,-0.2626739,-0.0582363,-0.032207906,-0.41780794,-0.093483366,-0.039309263,-0.51972365,-0.118365906,-0.05055684,-0.60532856,-0.13172649,0.025675058,-0.23950839,-0.06995427,0.01971364,-0.36082733,-0.0966101,0.01261729,-0.44371933,-0.10787643,0.002645731,-0.51477367,-0.11304212
-0.058561683,-0.019560874,-0.04931451,-0.10977864,-0.104926646,-0.08225389,-0.12233412,-0.19143808,-0.11099715,-0.12663385,-0.28092188,-0.13568668,-0.13568091,-0.24492228,-0.055142514,-0.13115066,-0.38950044,-0.117513634,-0.116541535,-0.37726894,-0.16273457,-0.11059597,-0.32971781,-0.18218268,-0.082157254,-0.2696654,-0.053208135,-0.08034152,-0.4403713,-0.09394874,-0.07695562,-0.54745674,-0.1259534,-0.07967168,-0.63475716,-0.14592218,-0.028945148,-0.26590443,-0.059339423,-0.02823323,-0.42024338,-0.09359289,-0.031731784,-0.52749103,-0.11798998,-0.04175049,-0.6182525,-0.1316546,0.02415067,-0.24320126,-0.06932438,0.022115052,-0.36501157,-0.092073694,0.017398238,-0.44922554,-0.0993588,0.008129001,-0.52014,-0.10232951
-0.059628367,-0.021257818,-0.04638643,-0.10602012,-0.10520989,-0.07836055,-0.11167163,-0.19085062,-0.106370784,-0.11382195,-0.277548,-0.13123669,-0.13496384,-0.24122655,-0.0550176,-0.1303792,-0.38376528,-0.11400096,-0.112856776,-0.38670093,-0.15579963,-0.10415447,-0.35499078,-0.17373441,-0.078385234,-0.26618809,-0.0546756,-0.074510574,-0.43716133,-0.094165325,-0.0696457,-0.54454297,-0.1254756,-0.07080644,-0.6329888,-0.14522457,-0.02380693,-0.26251578,-0.06150135,-0.022485733,-0.41733497,-0.0956788,-0.024511278,-0.5226717,-0.12043256,-0.03163469,-0.6104162,-0.13444252,0.03028059,-0.24153906,-0.0716814,0.027974546,-0.3635558,-0.09586061,0.024039268,-0.44639552,-0.10444114,0.016274631,-0.5154549,-0.108252965
-0.049229324,-0.017756283,-0.06517909,-0.08050817,-0.09557307,-0.10574222,-0.068995416,-0.18741763,-0.1385865,-0.055521548,-0.27997223,-0.16616,-0.11578527,-0.26132745,-0.07326438,-0.10176116,-0.41192222,-0.13751209,-0.06745708,-0.40356097,-0.18084884,-0.045405388,-0.3573672,-0.19842933,-0.05337161,-0.28730315,-0.06337031,-0.03838837,-0.45796403,-0.10586846,-0.022389114,-0.55760956,-0.14003503,-0.01780653,-0.63980967,-0.1622938,0.00086450577,-0.2809511,-0.062023263,0.013980508,-0.4240791,-0.09687686,0.017613173,-0.5272319,-0.12408763,0.014381051,-0.6176009,-0.140869,0.049479544,-0.25687212,-0.065551944,0.055989087,-0.37327397,-0.089242004,0.05772066,-0.4522539,-0.0993604,0.053639054,-0.52001655,-0.10491226
-0.043830276,-0.017901301,-0.07694249,-0.06776762,-0.094730854,-0.123123534,-0.05097711,-0.18186468,-0.15914653,-0.034035146,-0.27877027,-0.18897666,-0.10325837,-0.26962015,-0.083917394,-0.073263645,-0.41725466,-0.15507331,-0.03332728,-0.3957874,-0.20388906,-0.011104882,-0.34200332,-0.2238964,-0.03720957,-0.28946453,-0.06844778,-0.010291517,-0.45918924,-0.115585096,0.011501908,-0.55623,-0.15205832,0.018437326,-0.63920593,-0.17510532,0.017398298,-0.27797657,-0.0625749,0.040787637,-0.4143728,-0.10207654,0.048751056,-0.51488185,-0.12852548,0.04724264,-0.60824835,-0.14400345,0.060719967,-0.2482388,-0.06238815,0.07418203,-0.35831422,-0.087333865,0.07975268,-0.42916858,-0.09413123,0.07738078,-0.49043888,-0.09694479
-0.048555553,-0.02067256,-0.06896598,-0.068311274,-0.10348678,-0.10975426,-0.04441899,-0.18992609,-0.14244093,-0.022303939,-0.27860495,-0.16913407,-0.09360111,-0.27259144,-0.073442236,-0.06662893,-0.4168348,-0.14388865,-0.026222706,-0.3984685,-0.19298433,-0.0009889007,-0.3473173,-0.2133718,-0.029946983,-0.29074192,-0.06221781,-0.00072038174,-0.46015435,-0.106139444,0.024629831,-0.5562483,-0.13949421,0.036275983,-0.6377146,-0.16011898,0.02251798,-0.27933028,-0.06076487,0.04543692,-0.41978148,-0.09764735,0.05689299,-0.516415,-0.12157266,0.058239877,-0.60611236,-0.13504155,0.06511319,-0.24735928,-0.06501531,0.08295578,-0.35977077,-0.08796564,0.08977592,-0.42632833,-0.09297367,0.087792516,-0.48281687,-0.09409018
-0.046902657,-0.0076375008,-0.07882946,-0.068481684,-0.069960415,-0.13130426,-0.047542274,-0.1377418,-0.17413124,-0.023793519,-0.2171256,-0.21200399,-0.080066204,-0.26864043,-0.09773056,-0.048615456,-0.41226593,-0.17655404,-0.006124258,-0.38907534,-0.23223613,0.020507932,-0.33081284,-0.2565919,-0.014656723,-0.28355387,-0.0836686,0.016766071,-0.45102572,-0.13516852,0.042555094,-0.5495472,-0.17511022,0.053380966,-0.6334654,-0.2009683,0.036595345,-0.26997054,-0.07897315,0.06705105,-0.4094051,-0.11881599,0.08264196,-0.51156914,-0.14611839,0.088406265,-0.60003954,-0.16270952,0.07624322,-0.23845348,-0.080430366,0.09803307,-0.34920156,-0.10431535,0.10644364,-0.42407978,-0.111736536,0.107073784,-0.48657554,-0.115391925
-0.048228264,-0.032653153,-0.06304384,-0.059113503,-0.11877751,-0.10183135,-0.022760987,-0.19549274,-0.13343844,0.013826132,-0.26934114,-0.15889484,-0.06806731,-0.27719623,-0.070618816,-0.029529333,-0.41219354,-0.14110674,0.008395076,-0.38388583,-0.19012782,0.02830851,-0.32923448,-0.21018967,-0.0067961216,-0.2847402,-0.061939444,0.029732168,-0.44916248,-0.107985884,0.058564126,-0.5457749,-0.14213543,0.07341999,-0.62643754,-0.16214639,0.043437064,-0.26416934,-0.062064108,0.07539648,-0.40058535,-0.10059466,0.094287276,-0.49270824,-0.12346215,0.10198271,-0.5758425,-0.13448647,0.083422124,-0.22525668,-0.06721032,0.10981935,-0.33011827,-0.09048288,0.11947405,-0.39505023,-0.094237514,0.12004435,-0.45046905,-0.09316597
-0.05109799,-0.032800257,-0.06477085,-0.062934875,-0.114316344,-0.10577427,-0.02329743,-0.18293023,-0.1391834,0.018019378,-0.25341037,-0.16668138,-0.06344998,-0.2779159,-0.076070756,-0.025271058,-0.4076655,-0.146029,0.009465337,-0.37996796,-0.19528702,0.029479027,-0.3258823,-0.2170828,-0.0010735989,-0.28487962,-0.06810271,0.033712566,-0.44516572,-0.1155188,0.06038928,-0.54046917,-0.15231283,0.07497126,-0.6216059,-0.17541853,0.049256444,-0.2649878,-0.06870915,0.079677105,-0.40048593,-0.10861516,0.095633864,-0.49301314,-0.13605711,0.10116494,-0.57740164,-0.15142769,0.088250995,-0.22671366,-0.07421462,0.10945839,-0.3286283,-0.09909719,0.11364114,-0.3937884,-0.1068444,0.10996771,-0.45006546,-0.10979567
-0.046302795,-0.03132665,-0.06393141,-0.056698322,-0.11767101,-0.10384367,-0.02136892,-0.1929419,-0.13625287,0.015969276,-0.2675365,-0.16296653,-0.06671888,-0.27657676,-0.074628934,-0.026685119,-0.41038084,-0.14757526,0.011472523,-0.3811152,-0.19816765,0.03095591,-0.3270767,-0.21900937,-0.0048846006,-0.28253168,-0.06603957,0.032085598,-0.446427,-0.113663696,0.061493754,-0.54272175,-0.14934799,0.07611048,-0.6247724,-0.1706686,0.045584977,-0.2612229,-0.06623617,0.07890928,-0.3958133,-0.105669655,0.09775239,-0.48679203,-0.13012765,0.1048457,-0.5693854,-0.14243156,0.085381866,-0.22296101,-0.07136343,0.111514926,-0.32614353,-0.09511555,0.12151486,-0.3915872,-0.1001218,0.122793674,-0.44682464,-0.10021339
-0.04588133,-0.02152872,-0.07254265,-0.056481183,-0.10321963,-0.115950264,-0.02529949,-0.18087769,-0.1502215,0.008077741,-0.2629044,-0.17833401,-0.06946963,-0.27945876,-0.083622925,-0.03222823,-0.41813788,-0.15618068,0.0019196272,-0.39080107,-0.20489295,0.018651664,-0.33303237,-0.22483765,-0.005038321,-0.28965554,-0.0709436,0.030311704,-0.4573316,-0.12107435,0.058754146,-0.5498081,-0.15832384,0.07377726,-0.62717044,-0.18101436,0.04473287,-0.27246946,-0.067370705,0.07785481,-0.41385278,-0.10992268,0.0945366,-0.5054815,-0.13750981,0.10013443,-0.58885145,-0.15219724,0.08186793,-0.23822755,-0.06901263,0.1062327,-0.3492086,-0.0953779,0.11450559,-0.41710958,-0.103928946,0.113621056,-0.4747886,-0.10707077
-0.04444164,-0.02198255,-0.07475504,-0.055651903,-0.101842046,-0.12014886,-0.025120556,-0.17912477,-0.1559219,0.0017117262,-0.26728684,-0.18610588,-0.077308476,-0.2758589,-0.087035924,-0.037347674,-0.41198313,-0.16184412,0.0012500286,-0.38330257,-0.2135032,0.019207835,-0.3251866,-0.23528382,-0.00993067,-0.28771934,-0.07400738,0.030032873,-0.45067406,-0.12277846,0.060429454,-0.5413318,-0.16168927,0.07221365,-0.61796975,-0.18672632,0.042723656,-0.27223277,-0.07040559,0.07380742,-0.41097674,-0.110966526,0.09224182,-0.504985,-0.14014278,0.09693736,-0.59003484,-0.1576354,0.08152127,-0.2394816,-0.072241694,0.104135334,-0.3516749,-0.098215595,0.1137349,-0.41978166,-0.10742329,0.11228973,-0.4764127,-0.111926086
-0.049919426,-0.027604222,-0.064484574,-0.060976148,-0.1118418,-0.104585506,-0.029793322,-0.18356013,-0.13770534,0.00086581707,-0.2592961,-0.164938,-0.06760687,-0.2850747,-0.0717516,-0.032315016,-0.41974756,-0.14418791,-3.6895275e-05,-0.39218652,-0.1940706,0.015899181,-0.33618528,-0.21491338,-0.0014714599,-0.2932532,-0.063494176,0.036814153,-0.45431927,-0.112320766,0.0636822,-0.5444438,-0.14844844,0.07583201,-0.6240419,-0.17004415,0.049641788,-0.2752651,-0.06449688,0.08506036,-0.4154001,-0.10502375,0.100387216,-0.5014012,-0.12942345,0.1029439,-0.58120644,-0.14144883,0.08822882,-0.23994488,-0.070527434,0.11260849,-0.34955704,-0.094417125,0.11929077,-0.41438082,-0.1000541,0.1157487,-0.4688347,-0.10072832
-0.053014517,-0.020402491,-0.06438364,-0.074352145,-0.096426845,-0.10657764,-0.04327488,-0.17031872,-0.14086023,-0.012480438,-0.23817527,-0.17092349,-0.08518058,-0.26814526,-0.082993604,-0.051525056,-0.41322553,-0.14853251,-0.02177155,-0.39935738,-0.1928885,-0.009980977,-0.3538301,-0.21111211,-0.018267035,-0.2758117,-0.07476227,0.022403717,-0.44278455,-0.12055956,0.052234888,-0.54392314,-0.1559836,0.066580296,-0.62738,-0.17882907,0.03328836,-0.25764522,-0.07420672,0.075066745,-0.39616182,-0.11097556,0.09375715,-0.49515042,-0.13897376,0.10033172,-0.58049923,-0.15559591,0.07591945,-0.22671795,-0.07812859,0.105570555,-0.3400376,-0.10179038,0.12047553,-0.4185471,-0.11113494,0.12485659,-0.48547095,-0.115977906
-0.055333138,-0.03177142,-0.04367784,-0.085841656,-0.12677813,-0.07410841,-0.075834095,-0.2076559,-0.10075782,-0.06672835,-0.28481194,-0.1244237,-0.07333249,-0.28496563,-0.055791683,-0.04280871,-0.42439875,-0.11284256,-0.03584975,-0.4193437,-0.15340039,-0.043370068,-0.38293582,-0.17100343,-0.012800157,-0.28840056,-0.056305896,0.023754418,-0.4488923,-0.095790885,0.049677134,-0.55101526,-0.12627728,0.06623787,-0.63602567,-0.14586677,0.036774516,-0.26439708,-0.063681036,0.07100344,-0.4104364,-0.097363345,0.09001714,-0.51013255,-0.121699266,0.10022658,-0.5966446,-0.13591321,0.08052486,-0.22214955,-0.07415527,0.10676426,-0.33514205,-0.09714251,0.121043265,-0.41612178,-0.10542136,0.12973309,-0.48578182,-0.10972121
-0.05834353,-0.029380023,-0.04570864,-0.09570736,-0.13570493,-0.074837,-0.08830905,-0.23464262,-0.099781066,-0.07101172,-0.32466528,-0.120248705,-0.074340165,-0.29534605,-0.050133042,-0.044736505,-0.4414379,-0.10432215,-0.039732218,-0.42713878,-0.14230679,-0.04859686,-0.38499594,-0.15854312,-0.016003251,-0.30073336,-0.049321946,0.01799351,-0.46733356,-0.083448455,0.041743577,-0.5680169,-0.10981891,0.05761659,-0.65294576,-0.1270156,0.03195876,-0.27634516,-0.05638619,0.063922524,-0.42529973,-0.08675478,0.08131486,-0.5243728,-0.10856977,0.090167224,-0.6133516,-0.121513955,0.075209975,-0.23163873,-0.06709621,0.09858018,-0.3492108,-0.088654615,0.111808,-0.42951012,-0.09580149,0.11857784,-0.49964797,-0.09942549
-0.063608825,-0.043022394,-0.04084409,-0.10483742,-0.14756405,-0.06924177,-0.1029613,-0.24250174,-0.09472709,-0.091614366,-0.32891166,-0.11735192,-0.06611377,-0.29784298,-0.049666002,-0.035363376,-0.43688452,-0.10032579,-0.035656452,-0.44973707,-0.13675554,-0.046624303,-0.43671912,-0.15404852,-0.015435874,-0.30031446,-0.05416233,0.019195735,-0.46402282,-0.088783644,0.039716184,-0.56847465,-0.11452441,0.055971026,-0.65822685,-0.1313288,0.028084219,-0.2722711,-0.06569121,0.062202454,-0.417826,-0.09807029,0.08406615,-0.51769,-0.12002024,0.09907788,-0.60554004,-0.13311762,0.069363,-0.2235024,-0.08060377,0.09547341,-0.33942896,-0.10543986,0.11082482,-0.4209807,-0.11410957,0.1202873,-0.4929264,-0.1189145
-0.060998976,-0.05189532,-0.0360466,-0.10446784,-0.1705522,-0.060458,-0.11141634,-0.26972345,-0.08279085,-0.10544726,-0.35967585,-0.10453771,-0.070516944,-0.30380487,-0.04085669,-0.056316912,-0.43158638,-0.08518795,-0.05165118,-0.4695366,-0.1198616,-0.050318897,-0.48884946,-0.13965027,-0.025353074,-0.306982,-0.048478175,-0.0036416054,-0.46674097,-0.07958191,0.010072589,-0.57488644,-0.10625499,0.023328125,-0.66552925,-0.12453878,0.018400371,-0.27744246,-0.06204093,0.038207054,-0.42734024,-0.091268554,0.054311693,-0.530485,-0.11031412,0.068849444,-0.6202842,-0.12259282,0.060161233,-0.22590268,-0.07899636,0.073384464,-0.34197766,-0.10284288,0.08448374,-0.42490864,-0.1093474,0.09543306,-0.49718252,-0.11309133
-0.06247908,-0.048144758,-0.035620138,-0.106740296,-0.16974396,-0.05983909,-0.11742219,-0.26801783,-0.08273654,-0.12004641,-0.35845283,-0.10501649,-0.07264188,-0.302116,-0.040619157,-0.066613495,-0.43296573,-0.09101254,-0.0690366,-0.45479402,-0.12956162,-0.07156432,-0.45200095,-0.14979868,-0.02712673,-0.30666915,-0.049462598,-0.011091888,-0.4694065,-0.08260154,0.00015318394,-0.57779,-0.11098631,0.01356703,-0.6678246,-0.13016786,0.017454445,-0.2764248,-0.065028824,0.031894743,-0.42629263,-0.09610909,0.045093417,-0.5307236,-0.11665753,0.05833149,-0.621989,-0.12974824,0.05897981,-0.22364908,-0.083970934,0.067695856,-0.33928087,-0.10952664,0.07747692,-0.42329252,-0.11665621,0.088050604,-0.49705806,-0.12062284
-0.061696112,-0.04832256,-0.036986794,-0.11040425,-0.16917384,-0.062019683,-0.12752083,-0.26840925,-0.086110204,-0.12879863,-0.3614059,-0.10879933,-0.0762395,-0.30586514,-0.035992,-0.07153058,-0.43799776,-0.08794521,-0.08124605,-0.4555382,-0.12825055,-0.090206146,-0.4448382,-0.14928932,-0.0331223,-0.31163833,-0.044329997,-0.020493388,-0.47536364,-0.076886795,-0.011239588,-0.58359027,-0.104639105,0.00081568956,-0.67293775,-0.123338506,0.010346174,-0.28235132,-0.0602782,0.020819247,-0.43266594,-0.09092692,0.033508778,-0.53612876,-0.110265456,0.046665788,-0.626924,-0.12243587,0.051146805,-0.2292605,-0.08001065,0.05687511,-0.3444184,-0.10498778,0.06680375,-0.42652315,-0.110977456,0.077840924,-0.4989533,-0.11402948
-0.059013307,-0.042871892,-0.037599258,-0.111906946,-0.1648323,-0.062392917,-0.13479519,-0.26425838,-0.08562332,-0.13325712,-0.35677513,-0.10685273,-0.07263565,-0.31188747,-0.03376671,-0.06993997,-0.4471753,-0.081514105,-0.092220455,-0.45651636,-0.119059265,-0.11204055,-0.4356089,-0.13849467,-0.031520963,-0.31655663,-0.03993983,-0.020025074,-0.48111936,-0.0681578,-0.015751183,-0.58857024,-0.09279812,-0.007980406,-0.6759779,-0.10987648,0.009950042,-0.28535882,-0.053682245,0.019999564,-0.4353454,-0.079162195,0.029154718,-0.53854895,-0.09488251,0.03930676,-0.6268078,-0.10558156,0.047913074,-0.23127043,-0.07145101,0.049865425,-0.34617636,-0.09230198,0.05773121,-0.4279254,-0.0957337,0.068142116,-0.49931234,-0.09749722
-0.057220638,-0.04271537,-0.038610544,-0.10967338,-0.16518128,-0.06456463,-0.13530084,-0.26333535,-0.08886281,-0.12977895,-0.3547395,-0.111259155,-0.06846401,-0.31441692,-0.03459236,-0.06431118,-0.44786024,-0.08254898,-0.09000403,-0.45531195,-0.12064168,-0.11407831,-0.4332326,-0.14120401,-0.029411733,-0.31783402,-0.040906984,-0.017165124,-0.47948253,-0.07002855,-0.013801992,-0.5856382,-0.09605147,-0.007658899,-0.6748396,-0.11458776,0.009766996,-0.28561524,-0.05483351,0.019659579,-0.43419194,-0.08157342,0.028475821,-0.5359881,-0.09936583,0.03687805,-0.6241197,-0.111995675,0.04613906,-0.23113662,-0.07279148,0.048850894,-0.3441371,-0.09503662,0.057222545,-0.42615283,-0.10072827,0.06725919,-0.4990013,-0.104638726
-0.0598315,-0.042102993,-0.035785362,-0.11332306,-0.16638601,-0.05872876,-0.14076433,-0.26565158,-0.0807932,-0.1405713,-0.3574922,-0.10026335,-0.07291651,-0.31398115,-0.02768024,-0.07665342,-0.44855332,-0.07599854,-0.1062783,-0.4472334,-0.11413531,-0.1306813,-0.4144499,-0.13314494,-0.035526395,-0.3192514,-0.033257354,-0.029259562,-0.48226082,-0.059193607,-0.028357089,-0.5869545,-0.08080846,-0.02377224,-0.6725044,-0.09534517,0.0023953319,-0.28984195,-0.0470403,0.0070148706,-0.43747786,-0.070054926,0.011708796,-0.5396038,-0.083007574,0.01709336,-0.6261369,-0.09143877,0.037383378,-0.23757756,-0.06508322,0.0356915,-0.3505397,-0.08400685,0.042077422,-0.42988017,-0.08575193,0.051383734,-0.49877638,-0.08580733
-0.059574127,-0.042960107,-0.036937073,-0.11287144,-0.16398764,-0.061578874,-0.14019984,-0.261495,-0.08488702,-0.13967061,-0.35371947,-0.105862476,-0.071719825,-0.3116834,-0.032144688,-0.07467824,-0.44648325,-0.08042223,-0.1042729,-0.4475153,-0.11828607,-0.12932837,-0.4170019,-0.13763233,-0.034431756,-0.31635952,-0.037707083,-0.026852489,-0.47945738,-0.06502558,-0.026329696,-0.584748,-0.08814621,-0.02289772,-0.67214596,-0.10430505,0.0031222105,-0.2868374,-0.051097304,0.010129094,-0.43572956,-0.07542756,0.015444577,-0.53863746,-0.09046022,0.020422876,-0.6255417,-0.10078281,0.037969887,-0.23512512,-0.06860018,0.038330317,-0.35023615,-0.08844865,0.045497358,-0.43118364,-0.091857955,0.054760337,-0.5007284,-0.09365706
-0.05910039,-0.039997756,-0.036759768,-0.11307606,-0.16232109,-0.060402647,-0.14229909,-0.26044255,-0.08283726,-0.14315394,-0.35184762,-0.10260949,-0.072158515,-0.31180847,-0.030214347,-0.074781656,-0.44848502,-0.07878913,-0.104742706,-0.44747633,-0.11697557,-0.12991735,-0.41434008,-0.13606249,-0.035342634,-0.31696987,-0.03521317,-0.029414773,-0.4805228,-0.062231522,-0.029011846,-0.5862985,-0.08426781,-0.025386572,-0.67306995,-0.09920194,0.0022081733,-0.2883403,-0.04831692,0.0073230863,-0.43707734,-0.07213747,0.011923373,-0.54040074,-0.08576879,0.016682684,-0.62753683,-0.09467077,0.03717941,-0.2373777,-0.06567958,0.03645748,-0.35249728,-0.08498919,0.04300207,-0.43295205,-0.08737541,0.05211526,-0.50217915,-0.088048555
-0.060825765,-0.037447095,-0.036234733,-0.115182936,-0.15401798,-0.060748667,-0.1446509,-0.24732059,-0.08392092,-0.14119819,-0.33621937,-0.104507506,-0.0753431,-0.30425158,-0.030453991,-0.078235924,-0.43602997,-0.07833931,-0.10810357,-0.43497908,-0.11586537,-0.13357118,-0.40309578,-0.13464355,-0.037317574,-0.30943924,-0.035704453,-0.029625595,-0.47022712,-0.062062997,-0.029917002,-0.57441694,-0.08400626,-0.02809,-0.662077,-0.099005006,0.0014762282,-0.28067443,-0.04877231,0.008412421,-0.42836946,-0.071489446,0.013702273,-0.5295731,-0.084731825,0.01746279,-0.6154244,-0.09350584,0.037662446,-0.22985572,-0.06599624,0.038854957,-0.34530953,-0.08386678,0.04372275,-0.4267127,-0.08592819,0.049804807,-0.4973918,-0.08653853
-0.06389731,-0.042120457,-0.0346353,-0.12130162,-0.15735626,-0.057487495,-0.1511915,-0.2508303,-0.07959163,-0.15263015,-0.340787,-0.099889874,-0.08877349,-0.29834077,-0.02588446,-0.09540355,-0.4290009,-0.07287297,-0.11641288,-0.4390942,-0.11104804,-0.13271365,-0.42027414,-0.13054341,-0.0489161,-0.3091839,-0.03242743,-0.047795832,-0.4728483,-0.057983417,-0.049602807,-0.579394,-0.08164596,-0.047733903,-0.6666702,-0.09800434,-0.0064074993,-0.28566042,-0.046764255,-0.0040344,-0.43487024,-0.06996077,-0.0019677877,-0.53715634,-0.085241936,0.00059747696,-0.62414634,-0.095506296,0.034005642,-0.23946619,-0.065086976,0.031374097,-0.354838,-0.08415687,0.0348078,-0.4361572,-0.0869003,0.039889157,-0.5065882,-0.08805064
-0.06715101,-0.03849095,-0.03267838,-0.12543347,-0.1466276,-0.05451727,-0.15290171,-0.23754895,-0.07545075,-0.15932176,-0.32533905,-0.09501543,-0.09968495,-0.28284627,-0.02908004,-0.10645369,-0.41361094,-0.075626,-0.11772093,-0.4335276,-0.11235725,-0.12596032,-0.42500615,-0.13081849,-0.058247387,-0.29669407,-0.036420926,-0.058603346,-0.46015912,-0.06388242,-0.060545146,-0.56582266,-0.088816494,-0.059115767,-0.6517165,-0.10571773,-0.01440382,-0.2770719,-0.050706152,-0.01299119,-0.42828152,-0.07542862,-0.011398256,-0.52877575,-0.09281605,-0.009008646,-0.6132853,-0.10408371,0.028392553,-0.23528284,-0.0684241,0.027169228,-0.35240233,-0.08742183,0.028581798,-0.43417895,-0.091510735,0.03106767,-0.5043873,-0.09366505
-0.062868476,-0.027638614,-0.036676537,-0.121313125,-0.11596739,-0.06406374,-0.15115514,-0.19948208,-0.09009016,-0.15335235,-0.28369454,-0.113233864,-0.11525419,-0.25817466,-0.040513396,-0.12710473,-0.39526054,-0.094349906,-0.13648784,-0.4022392,-0.1326268,-0.1474624,-0.37895358,-0.14988784,-0.07291466,-0.277788,-0.04603921,-0.08647406,-0.44463617,-0.083311714,-0.096613705,-0.55230236,-0.110373504,-0.10760379,-0.64366734,-0.12617145,-0.025826395,-0.2675069,-0.058575675,-0.038363874,-0.42038253,-0.09197172,-0.047153354,-0.52634907,-0.11405962,-0.058778882,-0.61622226,-0.1256159,0.024882972,-0.23774707,-0.074120075,0.0175156,-0.35936332,-0.098810114,0.009333789,-0.44298404,-0.107287966,-0.0008062124,-0.5147936,-0.110732734
-0.063344896,-0.021920085,-0.040264983,-0.118664294,-0.10887945,-0.068892,-0.14807358,-0.19255811,-0.095633745,-0.15264443,-0.28026792,-0.11869468,-0.11870688,-0.25263885,-0.04267535,-0.12949085,-0.3939295,-0.09854488,-0.13653448,-0.39139304,-0.1366977,-0.14605686,-0.3585497,-0.15293106,-0.07490289,-0.27252424,-0.045369603,-0.09020579,-0.4395696,-0.08475114,-0.1002149,-0.5456842,-0.11230251,-0.11297524,-0.63544893,-0.12808782,-0.027925491,-0.2632724,-0.05558029,-0.03891164,-0.4152205,-0.09065621,-0.047736883,-0.51814264,-0.11352497,-0.061938405,-0.6072405,-0.12516549,0.021253586,-0.23539525,-0.06887737,0.014687359,-0.35655603,-0.09524696,0.0064843893,-0.44019324,-0.105250604,-0.0037494898,-0.51296484,-0.10936301
-0.061284006,-0.013933003,-0.053824723,-0.11925626,-0.09552395,-0.0887223,-0.13811141,-0.1883707,-0.11771698,-0.144425,-0.28194487,-0.14362088,-0.14507374,-0.23114562,-0.06196201,-0.15404356,-0.3732842,-0.12140417,-0.149138,-0.39412823,-0.16379556,-0.14841905,-0.38134074,-0.18326409,-0.09478116,-0.26140568,-0.05786709,-0.10359001,-0.4314509,-0.10100103,-0.10645217,-0.5439207,-0.13463584,-0.11326939,-0.63782024,-0.15556654,-0.043589294,-0.26260266,-0.061256077,-0.05057347,-0.4165708,-0.09980805,-0.05711645,-0.52333146,-0.12868986,-0.06842095,-0.61379206,-0.14523268,0.0083217025,-0.24554932,-0.06821236,0.0024800897,-0.3656427,-0.09732944,-0.004455745,-0.448824,-0.11153115,-0.015203118,-0.52013886,-0.11933744
-0.057830155,-0.020021558,-0.052377045,-0.10100609,-0.10103005,-0.08570638,-0.10199493,-0.19223797,-0.11401491,-0.10362387,-0.2840842,-0.13840926,-0.1450592,-0.2527066,-0.05386152,-0.13918781,-0.401933,-0.11362333,-0.11220455,-0.41447514,-0.15818833,-0.0938372,-0.3861386,-0.17809865,-0.08604169,-0.2791663,-0.050632395,-0.08365685,-0.44912666,-0.088498615,-0.07455629,-0.5571729,-0.12219565,-0.072879076,-0.64314306,-0.14451133,-0.0305413,-0.2755039,-0.05559438,-0.026409686,-0.42695898,-0.088430814,-0.027091205,-0.53357023,-0.1160155,-0.034351945,-0.62297744,-0.13317607,0.023016036,-0.25333342,-0.06464081,0.025178254,-0.37250626,-0.08903266,0.022779047,-0.45643944,-0.09995306,0.015406132,-0.52761346,-0.10588717
-0.04837811,-0.013772726,-0.06952491,-0.08099985,-0.08673942,-0.11213866,-0.06578362,-0.1730755,-0.14607954,-0.042921722,-0.2621606,-0.17403562,-0.11510503,-0.26592326,-0.07245098,-0.09580815,-0.41587302,-0.14055927,-0.056338847,-0.39773595,-0.18998656,-0.031168818,-0.3503245,-0.21085025,-0.052658975,-0.28959033,-0.060212933,-0.028973341,-0.45427066,-0.095541574,-0.0059052706,-0.5484601,-0.1250529,0.0041564107,-0.6280177,-0.14556175,-0.00027924776,-0.27679008,-0.05825486,0.023204505,-0.40351364,-0.088018075,0.032981932,-0.49456367,-0.11002149,0.03268963,-0.5809218,-0.12453914,0.043108106,-0.24239543,-0.062290706,0.054057598,-0.34593046,-0.08140904,0.056422174,-0.40869468,-0.084833644,0.05098617,-0.46241447,-0.08624525
-0.05088961,-0.011921525,-0.07341153,-0.074003756,-0.07531762,-0.12020765,-0.047316194,-0.14167464,-0.15730983,-0.018654108,-0.21528268,-0.18882445,-0.08429146,-0.2717123,-0.08971006,-0.053245664,-0.4184106,-0.16466536,-0.012442708,-0.39281127,-0.21772441,0.01271075,-0.33873123,-0.24007948,-0.019017398,-0.28789285,-0.07765445,0.014544427,-0.45549622,-0.1213444,0.042856693,-0.5495127,-0.15574066,0.057367086,-0.62928534,-0.1781786,0.031293392,-0.27193823,-0.07494851,0.059851468,-0.40250766,-0.1101758,0.07461202,-0.49477932,-0.13414015,0.08079785,-0.58312744,-0.14922276,0.06837171,-0.23431113,-0.0781345,0.08658141,-0.3311363,-0.09866772,0.09458119,-0.38722867,-0.10110468,0.09649122,-0.43734354,-0.10135791
-0.04011941,-0.013779998,-0.08783695,-0.052497447,-0.087766886,-0.1381848,-0.02089405,-0.1700564,-0.17523268,0.012120962,-0.26055953,-0.2056688,-0.08142406,-0.2716662,-0.10663146,-0.044346094,-0.41465187,-0.18242306,-0.0014549494,-0.39202216,-0.23287106,0.02393508,-0.3368322,-0.25357765,-0.016707182,-0.2830793,-0.08572586,0.019922674,-0.45200515,-0.13742651,0.051983237,-0.544536,-0.17388336,0.06997061,-0.6217914,-0.19628435,0.03551191,-0.26722816,-0.07422503,0.06705195,-0.403646,-0.11659757,0.08556789,-0.49278682,-0.14259924,0.09483498,-0.5749929,-0.15712127,0.07384491,-0.23458862,-0.069202185,0.09628236,-0.34090608,-0.09469691,0.10678476,-0.40380123,-0.101895735,0.11049372,-0.45759147,-0.10469456
-0.041017294,-0.013782024,-0.09222962,-0.04888147,-0.08097792,-0.1457453,-0.01119858,-0.14680225,-0.18530326,0.029729664,-0.21543184,-0.21793401,-0.06644082,-0.2652284,-0.11281659,-0.02377969,-0.4022489,-0.1911958,0.015351832,-0.37217155,-0.2447532,0.037279367,-0.31658623,-0.26786897,-0.0031862855,-0.27425984,-0.08998225,0.03705114,-0.43829697,-0.14518072,0.06967157,-0.5310871,-0.18590054,0.08918673,-0.610638,-0.21136612,0.04802841,-0.25929752,-0.076425,0.08138573,-0.3916536,-0.12045091,0.09958637,-0.4851517,-0.1498934,0.10924733,-0.57223606,-0.16667053,0.08558124,-0.23048425,-0.069578394,0.109380126,-0.33086458,-0.093796805,0.11837602,-0.39544898,-0.10173862,0.12116581,-0.45155045,-0.10556451
-0.04779458,-0.025757372,-0.08608256,-0.057737887,-0.1055699,-0.13507149,-0.021469474,-0.18577287,-0.17015201,0.019641697,-0.26569358,-0.19874306,-0.067439795,-0.26885518,-0.10598939,-0.02508974,-0.4016573,-0.18218765,0.018200576,-0.37700784,-0.2342073,0.046128094,-0.32060528,-0.25607762,-0.003381133,-0.27549544,-0.08338154,0.03522712,-0.43327096,-0.1330159,0.069333375,-0.52824783,-0.1688374,0.08979678,-0.6044861,-0.19155672,0.047743857,-0.25802547,-0.069923125,0.08021188,-0.38543937,-0.108965546,0.099080205,-0.4770085,-0.13421598,0.10895783,-0.56153774,-0.14924413,0.08212757,-0.22660083,-0.0630284,0.104653895,-0.32139236,-0.087469734,0.1124953,-0.38352546,-0.09546354,0.114311576,-0.43874145,-0.09907462
-0.041749418,-0.03372872,-0.07374013,-0.04441887,-0.11561924,-0.117626056,-0.004930198,-0.18873534,-0.15102546,0.03916502,-0.26131982,-0.17989957,-0.051252544,-0.27813637,-0.08698839,-0.001121521,-0.39539164,-0.16607004,0.037418664,-0.36552182,-0.22433509,0.060945153,-0.30705988,-0.2502897,0.011171162,-0.27770877,-0.073733166,0.057566702,-0.42220974,-0.119927555,0.08947688,-0.51385313,-0.1579031,0.10890967,-0.5907353,-0.18306035,0.059838295,-0.2507416,-0.069976866,0.099793375,-0.36670148,-0.10683214,0.11766416,-0.45006996,-0.13211364,0.1259979,-0.5293948,-0.14850813,0.088296354,-0.20776948,-0.07217558,0.09938383,-0.281124,-0.09522436,0.0989359,-0.32965565,-0.09968256,0.09542751,-0.37199506,-0.101169124
-0.03857571,-0.023044288,-0.08620731,-0.0472005,-0.09694439,-0.13674264,-0.010975122,-0.1718393,-0.17397505,0.030346155,-0.25373238,-0.20471713,-0.055413008,-0.282113,-0.09882993,-0.0002771616,-0.40516776,-0.17519845,0.03841579,-0.3655317,-0.22936445,0.055895567,-0.301013,-0.25314942,0.011828184,-0.28328386,-0.07934851,0.067858696,-0.4277044,-0.12988836,0.106878996,-0.51401323,-0.17127776,0.12910688,-0.58809626,-0.19890426,0.060568333,-0.25855452,-0.06969337,0.10726887,-0.37235028,-0.11144579,0.13156861,-0.45828503,-0.14237118,0.14459544,-0.5409652,-0.16218297,0.09035182,-0.22072488,-0.06610546,0.11626434,-0.30645517,-0.092215635,0.12918735,-0.36157236,-0.101219036,0.13466954,-0.4104079,-0.10644903
-0.042706966,-0.015540719,-0.08376475,-0.055167615,-0.07650554,-0.1364504,-0.020204902,-0.13705802,-0.17721134,0.023326933,-0.20574766,-0.2121849,-0.05091083,-0.27284294,-0.09938793,0.0024272203,-0.3943777,-0.1779065,0.041580677,-0.35175648,-0.23450322,0.060359776,-0.28378147,-0.25954762,0.018349767,-0.27431038,-0.08229694,0.07377559,-0.41797906,-0.13131805,0.11094993,-0.5040071,-0.17138329,0.13104343,-0.5768749,-0.1984921,0.06793755,-0.25073838,-0.07511682,0.115647435,-0.36551097,-0.114240706,0.13878733,-0.4532513,-0.14217864,0.15140623,-0.5379173,-0.16053282,0.09761131,-0.21374545,-0.07415161,0.12641406,-0.29927358,-0.09725194,0.13788325,-0.35437992,-0.102885045,0.14159697,-0.40303504,-0.10604706
-0.049282968,-0.017617702,-0.071236975,-0.06721485,-0.08724773,-0.11583156,-0.032280922,-0.15099049,-0.15171681,0.003224969,-0.22171646,-0.18173632,-0.06364471,-0.28336072,-0.0771985,-0.01909852,-0.40847105,-0.14802012,0.01753813,-0.3662929,-0.19887233,0.033344626,-0.30317062,-0.22036962,0.0037513971,-0.28555334,-0.06577392,0.055075943,-0.42935392,-0.10770349,0.093417466,-0.5099115,-0.14194192,0.1137265,-0.5835721,-0.16462746,0.053606927,-0.26195046,-0.0644601,0.096964955,-0.37609166,-0.09913141,0.12035698,-0.4628821,-0.1237646,0.13177139,-0.54914904,-0.139271,0.08988047,-0.22272503,-0.068937145,0.11819446,-0.31539878,-0.08914584,0.13039005,-0.36757782,-0.09246291,0.13274592,-0.41343167,-0.09358927
-0.05269295,-0.02849716,-0.057407014,-0.07391548,-0.109980226,-0.09414128,-0.04419619,-0.18590188,-0.12474237,-0.019048452,-0.25937065,-0.15141395,-0.07483536,-0.28052136,-0.067386374,-0.03956014,-0.41922003,-0.1303664,-0.007882237,-0.39852643,-0.17582935,0.0057291985,-0.3498345,-0.19596057,-0.0091433525,-0.28538465,-0.06261703,0.034707725,-0.44102237,-0.10159021,0.06518823,-0.5297771,-0.13649079,0.08070487,-0.6048516,-0.16099328,0.040494204,-0.26241308,-0.06619194,0.080825984,-0.39455822,-0.0982651,0.102520525,-0.48891562,-0.12758304,0.11422157,-0.5710267,-0.14739381,0.081581175,-0.224269,-0.074212655,0.111166656,-0.33192146,-0.09629707,0.1273917,-0.40483335,-0.10759299,0.13505119,-0.46746224,-0.115259
-0.05286479,-0.028078556,-0.059579946,-0.07515991,-0.10485196,-0.099318616,-0.04689598,-0.17680252,-0.13242094,-0.0286811,-0.25216648,-0.1614979,-0.07338327,-0.28466353,-0.074058875,-0.033808887,-0.42236215,-0.13562147,-0.007816613,-0.4107824,-0.1795204,-0.002534151,-0.36500826,-0.19860458,-0.009164631,-0.28508803,-0.06814873,0.035569966,-0.44138458,-0.108237416,0.06958437,-0.53611875,-0.14197303,0.08831692,-0.6112383,-0.16519874,0.0405671,-0.26048177,-0.07022138,0.08321649,-0.39432612,-0.10220006,0.10613114,-0.48943803,-0.13014252,0.11797756,-0.57140744,-0.14885318,0.08191627,-0.22151795,-0.07693822,0.11400056,-0.328161,-0.09889332,0.13101375,-0.40329817,-0.10977196,0.13957566,-0.46806204,-0.11711684
-0.05632013,-0.030394435,-0.04909594,-0.08433837,-0.1128903,-0.083413735,-0.06840503,-0.18376976,-0.11320153,-0.060472965,-0.24923703,-0.1395914,-0.08121085,-0.28496534,-0.060589746,-0.0465734,-0.42445347,-0.11620564,-0.02896732,-0.40670753,-0.15737279,-0.029037118,-0.36650023,-0.17648046,-0.018850565,-0.28674167,-0.060338713,0.025608301,-0.44115803,-0.09409888,0.057828546,-0.5293666,-0.12415819,0.07756472,-0.60633576,-0.14575692,0.030583918,-0.2611521,-0.06770321,0.07165867,-0.395155,-0.096947,0.09352893,-0.48880354,-0.122704685,0.10557085,-0.5722955,-0.14039807,0.07467806,-0.2168116,-0.07889348,0.104462266,-0.3243887,-0.099691056,0.12268442,-0.39784545,-0.10818457,0.13209909,-0.46045762,-0.11417326
-0.060593724,-0.03371072,-0.042803098,-0.10324368,-0.13078898,-0.071199164,-0.10421315,-0.2213844,-0.09617885,-0.09867829,-0.30289873,-0.11928458,-0.079682946,-0.27964965,-0.05054395,-0.06123823,-0.41200948,-0.09994366,-0.062612176,-0.43668026,-0.13712452,-0.072322726,-0.43475237,-0.15630433,-0.029779017,-0.28919944,-0.05390567,-0.0055322647,-0.4453406,-0.08766769,0.007196367,-0.54965174,-0.115541875,0.01606375,-0.6375405,-0.13471168,0.014755607,-0.2668505,-0.06410493,0.037546158,-0.40780467,-0.09562224,0.051664412,-0.50719124,-0.11960245,0.060475588,-0.5928482,-0.1351278,0.056839228,-0.22351575,-0.0778557,0.07437819,-0.3343161,-0.10400275,0.083286285,-0.4144748,-0.11542641,0.087349355,-0.48491478,-0.12259616
-0.06771493,-0.039077163,-0.03731836,-0.11283943,-0.14989096,-0.06089923,-0.116536885,-0.24563003,-0.082345165,-0.10941774,-0.3288637,-0.10263214,-0.080473036,-0.28735772,-0.04216166,-0.06537968,-0.41910118,-0.08824979,-0.06717917,-0.44830504,-0.123424545,-0.07498482,-0.45203114,-0.1420644,-0.033107042,-0.29566267,-0.048164822,-0.0128414035,-0.45434797,-0.080269516,-0.0024246573,-0.5620764,-0.10740787,0.007165909,-0.65132844,-0.12598571,0.010893822,-0.27135438,-0.06074954,0.03083688,-0.4166097,-0.090545535,0.043249488,-0.51788384,-0.113548145,0.05302328,-0.60414445,-0.12853701,0.053103387,-0.2255438,-0.076697774,0.06831676,-0.33923915,-0.10076778,0.076012194,-0.42110646,-0.11085321,0.08124179,-0.4928677,-0.117420666
-0.06784475,-0.040863574,-0.03881331,-0.117518306,-0.15575874,-0.063917,-0.12816733,-0.25534666,-0.086586095,-0.11669329,-0.34354466,-0.107596256,-0.08067456,-0.29755557,-0.042409614,-0.06895879,-0.43434072,-0.08874873,-0.07606977,-0.45696336,-0.12388452,-0.087982535,-0.45553032,-0.1428047,-0.03572458,-0.3021962,-0.047547556,-0.01796484,-0.46345335,-0.08044162,-0.009142876,-0.5711485,-0.10779683,-0.00019609928,-0.66208446,-0.12642273,0.007912695,-0.27401918,-0.059365824,0.021585941,-0.41855747,-0.08966205,0.03238851,-0.5198172,-0.111275434,0.041891515,-0.60755026,-0.12515834,0.05044955,-0.22739482,-0.074725024,0.059303164,-0.3437531,-0.09838005,0.06633067,-0.4251153,-0.10710664,0.07269114,-0.49854842,-0.11276366
-0.06832707,-0.039382935,-0.035483338,-0.11820805,-0.16422361,-0.055296198,-0.13055772,-0.2665883,-0.07289674,-0.122546315,-0.35390452,-0.08920081,-0.086043805,-0.29724073,-0.03089273,-0.08099815,-0.4226869,-0.07000089,-0.08505756,-0.45443472,-0.10148568,-0.09471136,-0.46825278,-0.119905196,-0.041752577,-0.30916357,-0.036333214,-0.028525114,-0.46659607,-0.06532957,-0.020478785,-0.5753479,-0.09131663,-0.012784004,-0.6694034,-0.10904535,0.002588749,-0.28752285,-0.04825788,0.0102107525,-0.43342164,-0.07656487,0.019669116,-0.53683746,-0.09801471,0.028540254,-0.6270083,-0.11172151,0.046399295,-0.24528933,-0.063544765,0.05131501,-0.3617148,-0.08532164,0.056396484,-0.44427532,-0.09354107,0.06148863,-0.5177228,-0.099086314
-0.070841014,-0.042580605,-0.033167917,-0.12483266,-0.16802919,-0.04955347,-0.14226127,-0.27487114,-0.06471472,-0.13758275,-0.36667252,-0.078597605,-0.102223545,-0.28788042,-0.016619857,-0.10848078,-0.4041579,-0.05127201,-0.11034274,-0.44997498,-0.08082707,-0.11194128,-0.47613528,-0.09803095,-0.05790031,-0.30753002,-0.02143225,-0.054969788,-0.46464878,-0.043903887,-0.051479638,-0.5732777,-0.066165306,-0.045986712,-0.6633581,-0.08127958,-0.012337446,-0.29363555,-0.033296388,-0.011626124,-0.44480318,-0.05561441,-0.007951856,-0.5471337,-0.07297112,-0.0026615262,-0.6327914,-0.084124975,0.033269584,-0.25913948,-0.04885647,0.03156078,-0.37585703,-0.06648111,0.032753646,-0.45728594,-0.07184031,0.0351516,-0.5272899,-0.0750679
-0.081014454,-0.04232514,-0.029551618,-0.13676217,-0.1836158,-0.038965475,-0.14884621,-0.3049285,-0.048172608,-0.14690179,-0.40154177,-0.055219494,-0.12383664,-0.2817388,-0.00042749353,-0.13259652,-0.4010659,-0.03221805,-0.13228932,-0.44392884,-0.060837988,-0.13123989,-0.4628002,-0.076224424,-0.08033824,-0.30947924,-0.0040777563,-0.082671344,-0.46756577,-0.020919198,-0.083396375,-0.5754604,-0.0405623,-0.08095008,-0.6610899,-0.053673614,-0.03401059,-0.30438808,-0.015874667,-0.039162755,-0.4533717,-0.032864053,-0.04114616,-0.55315864,-0.048284702,-0.040551364,-0.63373774,-0.05844439,0.014021456,-0.2808202,-0.031692747,0.0069953203,-0.3944304,-0.04423545,0.003078878,-0.47238293,-0.046948336,0.0012130141,-0.53968155,-0.048570696
-0.080170035,-0.03749454,-0.026592737,-0.140605,-0.1678369,-0.036874488,-0.1603761,-0.28176966,-0.047382325,-0.1614781,-0.37609994,-0.05613505,-0.12736002,-0.27542967,-0.0012255425,-0.14324301,-0.38882536,-0.029889487,-0.1443496,-0.43216413,-0.056080353,-0.14164528,-0.45546752,-0.07132108,-0.086330414,-0.30277976,-0.00695291,-0.09503394,-0.4570688,-0.023431078,-0.09776744,-0.56033885,-0.04324012,-0.09575769,-0.6446601,-0.05684268,-0.04105413,-0.2983347,-0.01973199,-0.05150789,-0.44483492,-0.036797628,-0.056679547,-0.5424168,-0.052705284,-0.058680475,-0.6242128,-0.06368845,0.006780565,-0.2750953,-0.035954386,-0.0038890243,-0.38721195,-0.049017314,-0.011206865,-0.4624501,-0.052230623,-0.016380966,-0.52891254,-0.054425955
-0.08407837,-0.035372615,-0.025499552,-0.15204075,-0.16539943,-0.031512175,-0.1787025,-0.27968198,-0.038036007,-0.1824331,-0.37172294,-0.042388722,-0.13939536,-0.26532757,0.008801442,-0.15988013,-0.37960356,-0.013538959,-0.16693705,-0.4265159,-0.036056146,-0.17089906,-0.45541137,-0.049715247,-0.10094339,-0.29234594,0.004985952,-0.11646393,-0.43925154,-0.0067890175,-0.12555751,-0.5376194,-0.024662927,-0.12977728,-0.6189011,-0.037312083,-0.057657182,-0.29209775,-0.0061809206,-0.07541102,-0.43241137,-0.018942006,-0.08572805,-0.5255106,-0.033809207,-0.092279404,-0.60295546,-0.044494856,-0.01129967,-0.27715766,-0.021084791,-0.027709484,-0.3855393,-0.03050536,-0.03941405,-0.4569536,-0.033540025,-0.048959255,-0.5211562,-0.036104836
-0.08200282,-0.030170143,-0.02654984,-0.15122879,-0.1548261,-0.0338625,-0.18226016,-0.2657255,-0.041186977,-0.19061464,-0.35723844,-0.046121594,-0.14489532,-0.25484484,0.0048290184,-0.16504627,-0.36950797,-0.01981404,-0.17098612,-0.4173175,-0.042869918,-0.17159668,-0.4419567,-0.055932168,-0.10598314,-0.2829199,0.001780942,-0.1251038,-0.42617184,-0.011506595,-0.13599077,-0.52143455,-0.029234959,-0.14123914,-0.59700716,-0.04140715,-0.062211096,-0.2856136,-0.008542276,-0.083592415,-0.42361853,-0.022176629,-0.09679988,-0.51526225,-0.036950514,-0.105715334,-0.5895153,-0.04738275,-0.01463294,-0.27238473,-0.022477938,-0.034160435,-0.3793525,-0.032836024,-0.047874868,-0.44952872,-0.03632381,-0.05839312,-0.5117133,-0.03877955
-0.08790922,-0.029832542,-0.02749926,-0.16304937,-0.15322089,-0.029720556,-0.19913808,-0.26683536,-0.032461375,-0.20912024,-0.36137256,-0.031916082,-0.15674168,-0.24419528,0.025951302,-0.1835218,-0.34507284,0.009669334,-0.18783116,-0.39327294,-0.010533978,-0.18795961,-0.43080866,-0.023880225,-0.1194168,-0.2783843,0.024763318,-0.14371178,-0.41395843,0.017647438,-0.15739545,-0.5058563,0.0012833562,-0.16568583,-0.58433104,-0.010714713,-0.07827014,-0.28646493,0.014686022,-0.10289213,-0.41713464,0.004289889,-0.11875519,-0.5039862,-0.009218066,-0.13021818,-0.57691836,-0.018878251,-0.032807052,-0.28158844,0.00021990982,-0.054766297,-0.38264012,-0.007371798,-0.07083374,-0.4471693,-0.009619856,-0.08487213,-0.50617445,-0.011766735
-0.08530915,-0.026506126,-0.03437272,-0.16663551,-0.14779627,-0.038935896,-0.20764261,-0.263955,-0.04303244,-0.21441585,-0.36492467,-0.042599853,-0.1618332,-0.24295199,0.026230479,-0.19099787,-0.34887516,0.0066887992,-0.19665685,-0.39415973,-0.01619052,-0.1984163,-0.42804658,-0.03070037,-0.12558854,-0.27819028,0.028522732,-0.1532135,-0.4126858,0.019999359,-0.16764992,-0.5046746,0.0027077687,-0.17687511,-0.58526933,-0.009665128,-0.08401817,-0.28699678,0.020489719,-0.11124244,-0.41496548,0.008489171,-0.12784865,-0.5009148,-0.005059979,-0.14037192,-0.5752398,-0.014181422,-0.036094904,-0.28428543,0.007307401,-0.060790777,-0.38257378,-0.0008745014,-0.07811457,-0.44578376,-0.0033822951,-0.09390527,-0.505777,-0.0055263797
-0.08624655,-0.030558467,-0.03248216,-0.16452098,-0.14987063,-0.035809994,-0.20377028,-0.2636907,-0.03947777,-0.2128962,-0.36276245,-0.03848751,-0.15929312,-0.24966425,0.033442926,-0.18753028,-0.35521674,0.016502561,-0.19567937,-0.39658976,-0.005878792,-0.20066237,-0.42522007,-0.020322474,-0.123692006,-0.2834239,0.0348045,-0.15102538,-0.41731954,0.028964382,-0.1656825,-0.50859094,0.011575413,-0.17539349,-0.5869875,-0.00129506,-0.08264881,-0.29070374,0.025543293,-0.10925475,-0.41795576,0.0154998535,-0.12496492,-0.5021016,0.0016136914,-0.13753968,-0.5740645,-0.008100073,-0.035945177,-0.28624094,0.011079512,-0.059903085,-0.38376513,0.003764711,-0.076879025,-0.4463963,0.00117531,-0.09278369,-0.5055406,-0.0011813128
-0.08624655,-0.030558467,-0.03248216,-0.16452098,-0.14987063,-0.035809994,-0.20377028,-0.2636907,-0.03947777,-0.2128962,-0.36276245,-0.03848751,-0.15929312,-0.24966425,0.033442926,-0.18753028,-0.35521674,0.016502561,-0.19567937,-0.39658976,-0.005878792,-0.20066237,-0.42522007,-0.020322474,-0.123692006,-0.2834239,0.0348045,-0.15102538,-0.41731954,0.028964382,-0.1656825,-0.50859094,0.011575413,-0.17539349,-0.5869875,-0.00129506,-0.08264881,-0.29070374,0.025543293,-0.10925475,-0.41795576,0.0154998535,-0.12496492,-0.5021016,0.0016136914,-0.13753968,-0.5740645,-0.008100073,-0.035945177,-0.28624094,0.011079512,-0.059903085,-0.38376513,0.003764711,-0.076879025,-0.4463963,0.00117531,-0.09278369,-0.5055406,-0.0011813128
-0.08218539,-0.028953016,-0.029805023,-0.15477604,-0.14518964,-0.035621148,-0.19384134,-0.25532743,-0.041539796,-0.20847869,-0.349016,-0.043358114,-0.15640885,-0.24106073,0.01907214,-0.18484563,-0.3506713,-0.0048203515,-0.19102055,-0.3921609,-0.029627778,-0.1916058,-0.4161564,-0.044083647,-0.12062481,-0.2747168,0.018519156,-0.14788887,-0.40882862,0.00650992,-0.1623086,-0.5005106,-0.012033977,-0.17070353,-0.57630515,-0.02474879,-0.07875234,-0.28310102,0.00868578,-0.1057322,-0.41101885,-0.005088423,-0.12298542,-0.49742076,-0.019798847,-0.13638738,-0.5693042,-0.029380696,-0.031203985,-0.2782549,-0.00563068,-0.05375713,-0.3792155,-0.015724301,-0.07119852,-0.44283798,-0.019357067,-0.08673942,-0.4996438,-0.02165165
-0.08085942,-0.03287798,-0.029274484,-0.14995614,-0.14948022,-0.03656147,-0.18779376,-0.25914598,-0.044152934,-0.1998012,-0.35246062,-0.0483571,-0.14497745,-0.24757975,0.014490929,-0.171931,-0.36028162,-0.011242244,-0.18123227,-0.40607202,-0.037232168,-0.18461013,-0.43273365,-0.052569747,-0.11036599,-0.27918652,0.013032011,-0.13648555,-0.41764784,-0.00081762247,-0.1519739,-0.5100996,-0.02109638,-0.16094849,-0.5852017,-0.035145555,-0.06946266,-0.28604025,0.0029687826,-0.095583856,-0.4193173,-0.011466554,-0.11248389,-0.50654703,-0.027007457,-0.124874145,-0.5782523,-0.037495747,-0.022839129,-0.27840585,-0.011357643,-0.04440701,-0.382007,-0.021938698,-0.060670614,-0.44793874,-0.026133513,-0.07408452,-0.5062758,-0.028908476
-0.08059168,-0.033524156,-0.030023238,-0.14330089,-0.15461367,-0.03876189,-0.16994226,-0.2685681,-0.04688835,-0.17290142,-0.36334935,-0.052011136,-0.13353461,-0.25833982,0.00613698,-0.15008777,-0.36983335,-0.018348387,-0.1489807,-0.4180873,-0.041937813,-0.14430612,-0.44986287,-0.056151144,-0.09428573,-0.28762656,0.004254446,-0.10617238,-0.43026888,-0.009047302,-0.10929522,-0.5253686,-0.026655408,-0.10788497,-0.6039873,-0.038903855,-0.052191973,-0.2889726,-0.0055772783,-0.06544781,-0.42667544,-0.020150352,-0.070399284,-0.51695657,-0.034346472,-0.07263696,-0.5937053,-0.04409997,-0.0067783,-0.27400354,-0.019475535,-0.019531608,-0.37985864,-0.03140636,-0.027405381,-0.44941437,-0.035253953,-0.03275162,-0.51260245,-0.0376867
-0.08208513,-0.03931874,-0.028337216,-0.14139733,-0.16569597,-0.03592882,-0.16481692,-0.2807519,-0.04380227,-0.16858807,-0.3738537,-0.04876685,-0.12530759,-0.26598412,0.010587642,-0.13799167,-0.38108486,-0.0146629065,-0.13678613,-0.4275403,-0.039373577,-0.13298395,-0.45552468,-0.0536799,-0.08683923,-0.29416832,0.007817351,-0.09541121,-0.43993258,-0.0047394545,-0.09704596,-0.5368182,-0.022254968,-0.09453642,-0.61668,-0.034317266,-0.045834243,-0.29417595,-0.0032319191,-0.056459308,-0.43394965,-0.01663504,-0.060074806,-0.52542144,-0.029928181,-0.06068039,-0.60182774,-0.0390572,-0.0020654798,-0.278085,-0.018529648,-0.0138068795,-0.3853154,-0.028671278,-0.01995331,-0.4562622,-0.030949412,-0.02258259,-0.5196842,-0.032400344
-0.08010703,-0.0437122,-0.027470909,-0.1378159,-0.18153512,-0.03365829,-0.16046941,-0.3008658,-0.040758442,-0.15792122,-0.3954721,-0.044818204,-0.10776883,-0.28475735,0.01638076,-0.114051044,-0.40094125,-0.0065494035,-0.11702004,-0.4487018,-0.029693453,-0.118706524,-0.47740787,-0.04321928,-0.07204229,-0.30824032,0.012927961,-0.07496005,-0.45579177,0.0021187533,-0.07478249,-0.5538254,-0.013251341,-0.07121265,-0.6342304,-0.023611572,-0.034469903,-0.3049197,0.0006325186,-0.04056263,-0.44647187,-0.011344728,-0.04089278,-0.5397187,-0.02274299,-0.038669705,-0.61771536,-0.0306462,0.0047903657,-0.2856488,-0.016215788,-0.005210519,-0.39482036,-0.025474694,-0.0074843764,-0.46765158,-0.027188202,-0.005773127,-0.53285587,-0.028479714
-0.07834825,-0.04555887,-0.028015502,-0.13254702,-0.18344408,-0.03591897,-0.1539247,-0.3022614,-0.045274355,-0.14702106,-0.39822736,-0.051061958,-0.09963545,-0.2937715,0.01901277,-0.102914095,-0.4176103,-0.0082031265,-0.11063346,-0.4583311,-0.034496106,-0.1173279,-0.47404087,-0.048859976,-0.066008985,-0.31410804,0.015489915,-0.06461722,-0.46284384,0.00280358,-0.061309516,-0.56007063,-0.013089014,-0.0551219,-0.6375025,-0.023461452,-0.031136572,-0.30728635,0.0020461443,-0.0338068,-0.44994563,-0.010475337,-0.031101525,-0.5459465,-0.021637404,-0.025324523,-0.62537616,-0.029482445,0.006840706,-0.2857043,-0.016333638,-0.0019133687,-0.3960355,-0.026075505,-0.001789391,-0.47016317,-0.02857915,0.0028365254,-0.5362922,-0.030454623
-0.07999143,-0.051796317,-0.024650414,-0.12410995,-0.19586718,-0.03186553,-0.13752648,-0.31291002,-0.04203302,-0.13368219,-0.4055948,-0.048654146,-0.07674751,-0.3094842,0.021861615,-0.08016074,-0.4333366,-0.0057492936,-0.09195897,-0.46788323,-0.031501956,-0.09986836,-0.47263822,-0.044490725,-0.04543966,-0.32622084,0.016346918,-0.037555337,-0.47579408,0.0066980557,-0.031708896,-0.5712658,-0.0049930885,-0.022046268,-0.64718974,-0.012395974,-0.014339268,-0.31637305,0.0004645881,-0.010243416,-0.46042138,-0.007547387,-0.0036756396,-0.55360895,-0.014091857,0.0072776675,-0.6278603,-0.01945714,0.018137157,-0.29159355,-0.020844612,0.017696738,-0.40245855,-0.026771167,0.023903549,-0.47465318,-0.026577195,0.035116374,-0.5359938,-0.026828974
-0.07602489,-0.060174704,-0.025333486,-0.114387125,-0.20969051,-0.032778382,-0.12657893,-0.32667992,-0.042232826,-0.120621264,-0.41848248,-0.048682094,-0.060744822,-0.31126344,0.015750023,-0.057771325,-0.43508527,-0.010745792,-0.06451431,-0.4791205,-0.035638947,-0.06925312,-0.50045276,-0.049332462,-0.030899644,-0.32335508,0.010111874,-0.021725833,-0.47023177,-0.0022407768,-0.015216708,-0.56787443,-0.01580999,-0.0041517615,-0.6446434,-0.024786316,-0.001972735,-0.31157115,-0.005006639,0.005312681,-0.45472756,-0.015534704,0.01426816,-0.5489667,-0.023311557,0.02761209,-0.6235322,-0.029502667,0.027264416,-0.2853081,-0.025276577,0.030337632,-0.39630714,-0.03256204,0.03872186,-0.46870983,-0.033032376,0.05154997,-0.53005254,-0.034052055
-0.067736,-0.06561357,-0.01682248,-0.101991355,-0.2162041,-0.021668788,-0.11340383,-0.32931587,-0.0305085,-0.107050985,-0.41812497,-0.037597705,-0.0413903,-0.3105998,0.021482222,-0.036428154,-0.4306606,-0.0028769497,-0.047277927,-0.47731596,-0.025468893,-0.05605015,-0.49823493,-0.037387114,-0.014280558,-0.31791237,0.0113994265,-0.0021790266,-0.46573383,0.00021292277,0.0050306916,-0.56456006,-0.012159342,0.016373932,-0.6412241,-0.019904513,0.01286751,-0.30226797,-0.007316811,0.022819757,-0.4480249,-0.01820249,0.033442438,-0.5452941,-0.02671809,0.047937095,-0.619932,-0.032906216,0.039084494,-0.2734868,-0.030200394,0.043014646,-0.38840598,-0.038971376,0.05335796,-0.46330768,-0.040719785,0.068202615,-0.5256521,-0.042268276
-0.068883866,-0.06776917,-0.0172229,-0.10155946,-0.21947473,-0.022358231,-0.11191952,-0.33398962,-0.03176841,-0.10424414,-0.4247306,-0.03948431,-0.04000151,-0.3127177,0.023031322,-0.03340745,-0.43393934,-0.0015075384,-0.0437693,-0.48070717,-0.024560716,-0.05376345,-0.5032181,-0.036924146,-0.01366967,-0.31982577,0.01240671,-9.089708e-05,-0.4690473,0.0011780518,0.007838726,-0.56877565,-0.011884534,0.01958388,-0.6462139,-0.020456677,0.011921942,-0.3038392,-0.0071752425,0.024169326,-0.4502368,-0.017974444,0.035163343,-0.54762715,-0.026962094,0.04981619,-0.62241685,-0.033811208,0.036315918,-0.2756346,-0.031127598,0.042358816,-0.39123905,-0.039616514,0.05357033,-0.4663061,-0.041671254,0.068849444,-0.5285496,-0.043804232
-0.06429231,-0.06934583,-0.015838418,-0.093737096,-0.22104901,-0.021257583,-0.10345295,-0.33370155,-0.031028446,-0.09126559,-0.42136952,-0.03919139,-0.02674526,-0.31397426,0.0201562,-0.016530156,-0.43533087,-0.0048712925,-0.025050461,-0.48180375,-0.027447773,-0.033203244,-0.5025582,-0.0393265,-0.0013810396,-0.31949937,0.008992482,0.01482296,-0.46904367,-0.002749361,0.024967372,-0.5690935,-0.01490777,0.038686156,-0.646058,-0.022813505,0.023667812,-0.3029657,-0.010728961,0.03837198,-0.44845223,-0.022272129,0.05158031,-0.5453948,-0.031087065,0.067521036,-0.6192454,-0.03769445,0.047162592,-0.27437901,-0.03456998,0.05549091,-0.38939562,-0.04423975,0.06889832,-0.4637866,-0.046885815,0.08584803,-0.5253889,-0.049252577
-0.06560683,-0.06894678,-0.016857319,-0.095345646,-0.22231787,-0.021509228,-0.10411936,-0.33616734,-0.030261671,-0.09472275,-0.42603493,-0.03809062,-0.027394831,-0.3185193,0.019198148,-0.01646322,-0.4378537,-0.0026474458,-0.01655817,-0.49630335,-0.02332884,-0.015143812,-0.53645146,-0.03598562,-0.00049328804,-0.32162878,0.007323938,0.013400614,-0.46803594,-0.0066117537,0.024479747,-0.5675665,-0.021941375,0.03935498,-0.6479266,-0.032201007,0.025563836,-0.30287042,-0.01261203,0.039743662,-0.44698554,-0.027114902,0.05312872,-0.54300857,-0.03929717,0.069342375,-0.61853194,-0.048111662,0.0495947,-0.2719834,-0.036481455,0.0580675,-0.38781196,-0.048449866,0.07188022,-0.46175322,-0.053474292,0.0898844,-0.52422935,-0.057819355
-0.064157724,-0.067567706,-0.016735826,-0.094322324,-0.2218284,-0.022609336,-0.10503924,-0.33529133,-0.033101823,-0.095865786,-0.42424142,-0.041795462,-0.02748245,-0.32131293,0.018833024,-0.018050015,-0.4479655,-0.009634066,-0.032269,-0.4895735,-0.034565646,-0.04568219,-0.50199366,-0.047063533,-0.0014226437,-0.3245473,0.0073615075,0.013182819,-0.4747666,-0.006570591,0.019016266,-0.5747155,-0.02079518,0.028344631,-0.6521556,-0.02959923,0.024395943,-0.30523255,-0.012946318,0.038425267,-0.453485,-0.02571153,0.048957467,-0.5520986,-0.034985874,0.06245774,-0.6289171,-0.04148322,0.04843682,-0.27308828,-0.037474465,0.05718237,-0.39116734,-0.047206044,0.07029861,-0.4663505,-0.049271412,0.08729446,-0.5299449,-0.050891683
-0.06416601,-0.06585163,-0.02046154,-0.09663987,-0.21703112,-0.029385585,-0.10954335,-0.3297888,-0.041661475,-0.09995988,-0.41979578,-0.052050002,-0.03312397,-0.32442746,0.010184656,-0.022644043,-0.4492678,-0.019403955,-0.032336473,-0.49087292,-0.04537632,-0.04141271,-0.50955987,-0.059836335,-0.004317522,-0.32922,-0.00065581937,0.00933212,-0.4783514,-0.01680252,0.015716612,-0.57787764,-0.03241221,0.024774075,-0.65682006,-0.043008838,0.022873104,-0.30970567,-0.020163935,0.036513686,-0.45607597,-0.034405902,0.04665166,-0.5519432,-0.04467684,0.059075832,-0.62806726,-0.052645735,0.04782194,-0.27530065,-0.0440911,0.056351066,-0.39105034,-0.05537496,0.06853789,-0.46614462,-0.058726136,0.08389884,-0.5302044,-0.061853103
-0.06419048,-0.06519222,-0.020355444,-0.09844142,-0.21337533,-0.029417716,-0.113235444,-0.32555187,-0.041799955,-0.103001356,-0.41557378,-0.05151323,-0.035679698,-0.32039332,0.01266001,-0.028630435,-0.44717678,-0.019598247,-0.04700601,-0.47648102,-0.04796774,-0.063213736,-0.4755594,-0.06239229,-0.006624043,-0.3273051,0.0032471633,0.0072826743,-0.47658607,-0.011480204,0.011972725,-0.57599795,-0.026836852,0.020016551,-0.6532688,-0.037282705,0.02143997,-0.30883002,-0.015276698,0.034834027,-0.45492694,-0.02808007,0.04368347,-0.5508661,-0.038102962,0.05472344,-0.6269697,-0.045755524,0.048568964,-0.27521867,-0.038168024,0.05710876,-0.3908983,-0.04791506,0.068090975,-0.4656844,-0.050019417,0.0814957,-0.5296108,-0.052016336
-0.07805151,-0.06621075,-0.0206229,-0.12055385,-0.21487874,-0.027816309,-0.1404422,-0.3273478,-0.03918153,-0.1410051,-0.41868943,-0.047524475,-0.060887277,-0.330299,0.01748303,-0.060574055,-0.4619187,-0.01916128,-0.0840472,-0.4736324,-0.052536868,-0.10149032,-0.45566565,-0.069973655,-0.02990961,-0.33932132,0.0075382763,-0.02480787,-0.4902891,-0.0093458695,-0.027392447,-0.59101593,-0.02855913,-0.025857568,-0.6715997,-0.042457104,0.0005812049,-0.31978893,-0.012569656,0.006533861,-0.46979737,-0.027888075,0.008253157,-0.56796336,-0.04091131,0.012026489,-0.6483327,-0.050804924,0.030552864,-0.2836518,-0.037150633,0.03388691,-0.40020326,-0.04955205,0.039530694,-0.47715968,-0.053722195,0.048155546,-0.54502505,-0.057277996
-0.07270697,-0.06053251,-0.024171287,-0.11646369,-0.20644361,-0.032664094,-0.13460958,-0.31992495,-0.043549523,-0.13454622,-0.41046485,-0.05196123,-0.06330824,-0.31678745,0.008689746,-0.05745226,-0.4470533,-0.025721338,-0.07335821,-0.4789769,-0.055984013,-0.08738205,-0.47910327,-0.07167658,-0.030707717,-0.3265636,0.0009886362,-0.023836493,-0.4768906,-0.017397614,-0.022357702,-0.57857215,-0.03689153,-0.017577171,-0.6583647,-0.050192136,0.0012528896,-0.30926186,-0.015942814,0.007267952,-0.4554368,-0.033487782,0.012089908,-0.55309904,-0.04842256,0.018815517,-0.6314342,-0.058754224,0.034413576,-0.27547958,-0.037032306,0.03771621,-0.39091244,-0.05101135,0.043519318,-0.4680459,-0.056573663,0.051303625,-0.534842,-0.06076893
-0.073907614,-0.054634213,-0.031589407,-0.12493688,-0.18516666,-0.045978114,-0.14303267,-0.297627,-0.059827924,-0.1329988,-0.39235562,-0.07205068,-0.09524807,-0.29310742,-0.005528781,-0.09856355,-0.40837005,-0.0378412,-0.098106086,-0.45535251,-0.06681741,-0.09696221,-0.4846416,-0.08394434,-0.05205524,-0.31271902,-0.009438947,-0.0451113,-0.46704882,-0.02883471,-0.040479243,-0.57146776,-0.049915995,-0.034249723,-0.6582388,-0.06447133,-0.007716477,-0.30086043,-0.020970551,-0.003688395,-0.44874394,-0.040210683,0.000197649,-0.5468883,-0.05550216,0.0056654215,-0.6289142,-0.065422066,0.036900103,-0.2691057,-0.03647816,0.037851214,-0.3834309,-0.05067576,0.039918005,-0.46158668,-0.054382365,0.04397738,-0.52933407,-0.056716286
-0.07408202,-0.0558275,-0.03173036,-0.12436271,-0.18407387,-0.047627214,-0.13920972,-0.29605976,-0.06300907,-0.12699652,-0.3927456,-0.076354995,-0.09857279,-0.2904183,-0.0100264605,-0.097369164,-0.41121584,-0.047647018,-0.0945642,-0.4551594,-0.0792868,-0.09203133,-0.47596684,-0.09685576,-0.054588914,-0.30825976,-0.014615285,-0.04783243,-0.46154273,-0.03895556,-0.04282683,-0.56558716,-0.06207045,-0.036678433,-0.6513071,-0.077156305,-0.00822252,-0.29593876,-0.026870051,-0.0056825876,-0.44455835,-0.05040292,-0.0028572083,-0.54533035,-0.06770036,0.00088626146,-0.6299093,-0.07810218,0.040041983,-0.2640825,-0.042834688,0.040317595,-0.38059652,-0.06036542,0.040814698,-0.4604801,-0.06575069,0.042381167,-0.5306482,-0.06851578
-0.07714862,-0.05282241,-0.028679423,-0.12931293,-0.17938966,-0.042141788,-0.14352122,-0.28637645,-0.055350803,-0.13224459,-0.3777268,-0.067062184,-0.10136855,-0.2837595,-0.007724768,-0.10486913,-0.39690867,-0.04212584,-0.104937315,-0.4392587,-0.07175932,-0.10645658,-0.46217322,-0.088747285,-0.05721122,-0.3026811,-0.013774793,-0.05395609,-0.45510554,-0.03723043,-0.051701725,-0.55917394,-0.06059221,-0.048870802,-0.64608246,-0.075813,-0.011421263,-0.2910883,-0.026963135,-0.0111762285,-0.43942508,-0.051214073,-0.010343075,-0.54107,-0.0711603,-0.009194672,-0.6263929,-0.08319935,0.036188245,-0.26046586,-0.04326058,0.035929084,-0.3761099,-0.06254981,0.034763873,-0.45718193,-0.07032302,0.033560872,-0.5288941,-0.074826375
-0.07105243,-0.044190228,-0.028289253,-0.124328315,-0.1668936,-0.042689003,-0.14300203,-0.27037343,-0.05707516,-0.1327897,-0.35654008,-0.06965136,-0.10100138,-0.2818899,-0.011233794,-0.10090262,-0.40430063,-0.048315227,-0.1053606,-0.4391911,-0.07903424,-0.113428205,-0.4484799,-0.09530976,-0.05794996,-0.30072713,-0.017557777,-0.054668725,-0.45765376,-0.041349255,-0.053640127,-0.5629755,-0.06398881,-0.052864015,-0.6491984,-0.07828305,-0.012368858,-0.2890579,-0.031002298,-0.013887942,-0.43893158,-0.05498414,-0.013932526,-0.5414802,-0.07471664,-0.014080703,-0.62776005,-0.086494915,0.0345968,-0.25803134,-0.047478735,0.03304094,-0.3745875,-0.06683517,0.031817198,-0.45627886,-0.07456402,0.030297399,-0.52850646,-0.078839876
-0.066777885,-0.040636778,-0.030663425,-0.11455098,-0.15916866,-0.046934433,-0.12251836,-0.26373976,-0.06280922,-0.1137214,-0.34569922,-0.07623362,-0.10330343,-0.2827384,-0.017322274,-0.092102766,-0.4160174,-0.06212657,-0.09092182,-0.43520522,-0.09828827,-0.09718135,-0.42415464,-0.115237,-0.05508244,-0.3021876,-0.022155486,-0.042382896,-0.46012095,-0.04752089,-0.03719133,-0.5648274,-0.072222956,-0.035365403,-0.6508595,-0.088730216,-0.008126855,-0.2905514,-0.034732543,0.0015897155,-0.43673593,-0.058896724,0.005095482,-0.5373745,-0.0796961,0.0046322346,-0.6206635,-0.09259195,0.038992524,-0.25962958,-0.05058806,0.045631588,-0.37600654,-0.069272354,0.047580242,-0.45773238,-0.07683964,0.04646361,-0.52848226,-0.08118625
-0.0612064,-0.03625816,-0.044560272,-0.10170868,-0.14374834,-0.07114959,-0.09736028,-0.24394703,-0.09459779,-0.07624966,-0.33044717,-0.113669634,-0.10039702,-0.29180568,-0.039661363,-0.074055195,-0.43758076,-0.09255568,-0.058692157,-0.4368419,-0.13104825,-0.056686044,-0.40014237,-0.14747863,-0.0429343,-0.30295816,-0.03832224,-0.01618576,-0.46743158,-0.070411004,0.0038621426,-0.5702414,-0.097254016,0.015464723,-0.6507325,-0.115047306,0.00829798,-0.28478673,-0.045405384,0.032208204,-0.43119845,-0.07467057,0.043915212,-0.53057915,-0.097597085,0.04684204,-0.61421317,-0.11155428,0.056675196,-0.24841243,-0.056349,0.07274616,-0.3660196,-0.078256994,0.07900989,-0.4462326,-0.086972594,0.078195214,-0.51477945,-0.09174456
-0.06278968,-0.039388776,-0.047819916,-0.100263596,-0.14642131,-0.07633503,-0.08881158,-0.24514177,-0.10093047,-0.06470615,-0.33116233,-0.121234454,-0.10359019,-0.28977978,-0.045324534,-0.0700016,-0.43496454,-0.100142546,-0.048942506,-0.43043405,-0.14003654,-0.044748962,-0.3884765,-0.15687887,-0.042581975,-0.2998883,-0.04263244,-0.011136413,-0.4626872,-0.07595519,0.011092246,-0.56510526,-0.1052724,0.022979498,-0.6442484,-0.12515996,0.0109062195,-0.28216502,-0.048206937,0.0381639,-0.42671534,-0.07723605,0.0512563,-0.52780473,-0.10190623,0.055349827,-0.61229384,-0.11767698,0.05995506,-0.2472609,-0.057807278,0.07826531,-0.3629029,-0.07896524,0.085487485,-0.44254512,-0.08788297,0.08557886,-0.509552,-0.09315593
-0.052992404,-0.031312943,-0.06089989,-0.0829097,-0.11647993,-0.099821165,-0.06665152,-0.2042911,-0.13175128,-0.050445616,-0.2933864,-0.15889412,-0.095608234,-0.27856088,-0.07158954,-0.05992055,-0.42101735,-0.1315665,-0.029038668,-0.41551188,-0.17205456,-0.015720785,-0.37056977,-0.1887176,-0.03189957,-0.28583184,-0.06444236,0.0018790364,-0.44757557,-0.10524761,0.029107332,-0.54738885,-0.13855608,0.041925013,-0.62478507,-0.16094145,0.02070415,-0.26683187,-0.06526605,0.053962827,-0.40368456,-0.09957598,0.07051176,-0.5055124,-0.12741898,0.075962126,-0.5913476,-0.14542483,0.06684083,-0.23314726,-0.07060178,0.09201437,-0.34325898,-0.09540473,0.10412657,-0.4236747,-0.10724558,0.10742855,-0.49209115,-0.11459523
-0.05165428,-0.02767396,-0.05974497,-0.07833278,-0.10908967,-0.09754102,-0.05965948,-0.19079423,-0.12861499,-0.03895372,-0.27124578,-0.15511978,-0.093566895,-0.2725165,-0.07102924,-0.060324132,-0.41726756,-0.13074413,-0.028509736,-0.4093064,-0.17066664,-0.01560837,-0.36371255,-0.18702309,-0.0284248,-0.28077966,-0.06391689,0.0060397983,-0.44351822,-0.10475738,0.033387423,-0.54226685,-0.13853902,0.04459089,-0.62067604,-0.16142261,0.023200274,-0.2628588,-0.06455382,0.056939185,-0.39872247,-0.0988391,0.074655116,-0.4989376,-0.12719856,0.0810523,-0.58379185,-0.14551692,0.06790936,-0.23160222,-0.06947981,0.09334391,-0.34041694,-0.09429929,0.106549084,-0.4195894,-0.106374726,0.11056876,-0.48740023,-0.113962434
-0.053483844,-0.023624778,-0.06612022,-0.08105582,-0.093892574,-0.10953124,-0.056741238,-0.16400242,-0.14515285,-0.02849394,-0.23317039,-0.17630139,-0.096128404,-0.26753035,-0.07796799,-0.066251576,-0.4107313,-0.14143741,-0.030948102,-0.4009328,-0.18634565,-0.012719572,-0.35531628,-0.20611599,-0.031471312,-0.27669585,-0.06916403,0.004227102,-0.4346445,-0.11279083,0.033942103,-0.5336107,-0.15018123,0.04738176,-0.61306673,-0.17551897,0.02009976,-0.2601269,-0.068600066,0.053893447,-0.38964853,-0.10409178,0.071633875,-0.49124557,-0.13527465,0.07857281,-0.5801083,-0.15551586,0.063501656,-0.23109335,-0.0728948,0.089155555,-0.33656925,-0.09672476,0.10249728,-0.41403666,-0.10845625,0.10753,-0.48066926,-0.11613694
-0.047603548,-0.02439195,-0.07479272,-0.06828302,-0.10276681,-0.12103825,-0.038713515,-0.18256849,-0.15783328,-0.003131926,-0.25918144,-0.18796939,-0.09499884,-0.27355686,-0.08375232,-0.062414587,-0.41715124,-0.15377356,-0.017706811,-0.394484,-0.20095463,0.0069699287,-0.33823013,-0.2197911,-0.031831205,-0.2882063,-0.0687743,0.0043329597,-0.4500077,-0.11372645,0.03629136,-0.54177034,-0.14664643,0.05283165,-0.61675733,-0.16762845,0.020204782,-0.27411142,-0.063328005,0.055632114,-0.4028583,-0.09949558,0.07268292,-0.49455854,-0.12169978,0.07915509,-0.57668763,-0.13439132,0.06337559,-0.24428615,-0.06402807,0.08885825,-0.35055822,-0.08533294,0.10102546,-0.41857916,-0.089438096,0.104433835,-0.4757039,-0.09049455
-0.052859128,-0.01854515,-0.06981121,-0.071467996,-0.08403903,-0.11388096,-0.033606052,-0.14156395,-0.1491346,0.005081296,-0.19891596,-0.17920503,-0.08220166,-0.27275038,-0.07758362,-0.051753342,-0.40467286,-0.15062472,-0.010415018,-0.3730197,-0.20479965,0.013415396,-0.31295854,-0.22823855,-0.015394509,-0.28157967,-0.06755051,0.022158027,-0.43702433,-0.10966178,0.052882016,-0.5264904,-0.14509568,0.06761551,-0.60246235,-0.16844527,0.03521806,-0.26119742,-0.0672561,0.07358742,-0.37712535,-0.10181497,0.09029949,-0.46024585,-0.12586656,0.09338826,-0.5421424,-0.14097396,0.07068598,-0.22144458,-0.072756454,0.09328097,-0.30277732,-0.092165716,0.10061079,-0.3474549,-0.09255805,0.09776348,-0.38857415,-0.09160219
-0.04251629,-0.013326526,-0.089311995,-0.048969448,-0.063186705,-0.14632334,-0.0058923364,-0.103406906,-0.18953443,0.041988194,-0.15464604,-0.2278089,-0.031756938,-0.24926338,-0.115919136,-0.0038041472,-0.34457666,-0.19298029,0.029487133,-0.31738797,-0.2501749,0.0576517,-0.26644835,-0.27903894,0.03212422,-0.25260067,-0.096783735,0.07049364,-0.37848583,-0.15087548,0.09676576,-0.46375582,-0.19309857,0.11486179,-0.54014504,-0.22210176,0.078949034,-0.23336929,-0.08603947,0.11609703,-0.34350812,-0.13005285,0.1276449,-0.42680922,-0.15871526,0.132124,-0.50591725,-0.17668967,0.10649222,-0.19998261,-0.08170908,0.12727207,-0.28640383,-0.10745993,0.13154656,-0.3482393,-0.11507704,0.13225096,-0.40040064,-0.11946244
-0.044055104,-0.020593047,-0.08133106,-0.05061245,-0.07119769,-0.13512203,-0.004257202,-0.104406595,-0.17733598,0.04671508,-0.14280427,-0.21467243,-0.0281713,-0.25050315,-0.10287705,0.005112171,-0.33425283,-0.17869344,0.038407564,-0.3108439,-0.23550975,0.06593579,-0.26173413,-0.2638892,0.034179986,-0.25153497,-0.08757048,0.07459396,-0.37542218,-0.13831843,0.10223633,-0.46005446,-0.17673457,0.12125778,-0.53252554,-0.2026817,0.08201116,-0.2295689,-0.08098558,0.11926824,-0.3397281,-0.12086242,0.13452816,-0.42162013,-0.1453503,0.1420781,-0.49699375,-0.16004582,0.11338228,-0.19128561,-0.08097048,0.13699478,-0.27945432,-0.10339734,0.14031726,-0.34331787,-0.108700395,0.13949388,-0.39712772,-0.111039795
-0.044055104,-0.020593047,-0.08133106,-0.05061245,-0.07119769,-0.13512203,-0.004257202,-0.104406595,-0.17733598,0.04671508,-0.14280427,-0.21467243,-0.0281713,-0.25050315,-0.10287705,0.005112171,-0.33425283,-0.17869344,0.038407564,-0.3108439,-0.23550975,0.06593579,-0.26173413,-0.2638892,0.034179986,-0.25153497,-0.08757048,0.07459396,-0.37542218,-0.13831843,0.10223633,-0.46005446,-0.17673457,0.12125778,-0.53252554,-0.2026817,0.08201116,-0.2295689,-0.08098558,0.11926824,-0.3397281,-0.12086242,0.13452816,-0.42162013,-0.1453503,0.1420781,-0.49699375,-0.16004582,0.11338228,-0.19128561,-0.08097048,0.13699478,-0.27945432,-0.10339734,0.14031726,-0.34331787,-0.108700395,0.13949388,-0.39712772,-0.111039795
-0.041439354,-0.02511692,-0.080633685,-0.04267174,-0.09215051,-0.12885438,0.0070530176,-0.15472049,-0.16465688,0.05642438,-0.22290239,-0.19415393,-0.043840826,-0.26013416,-0.09710749,-0.008381426,-0.37427092,-0.17137396,0.028869867,-0.34291673,-0.22384499,0.055415154,-0.2832208,-0.24705787,0.02213025,-0.26784456,-0.078203894,0.06460446,-0.4054991,-0.12884939,0.094889104,-0.49079478,-0.16558732,0.11347163,-0.5642386,-0.18899524,0.072434664,-0.2510243,-0.068358846,0.10900599,-0.36488616,-0.108927086,0.123740494,-0.4476507,-0.13307281,0.12974131,-0.5260823,-0.14672056,0.10565579,-0.22033587,-0.064563915,0.12633592,-0.30903667,-0.08658825,0.12971509,-0.3687179,-0.09095175,0.12944919,-0.41899395,-0.09211576
-0.05553782,-0.033218324,-0.06705764,-0.06951034,-0.09684652,-0.11330017,-0.023362696,-0.121703565,-0.15227747,0.02821523,-0.13874245,-0.18784592,-0.048452556,-0.2751269,-0.08018072,-0.019215167,-0.38964927,-0.15271828,0.014224231,-0.34914637,-0.20728236,0.036284566,-0.29143184,-0.23199455,0.01940298,-0.26789844,-0.07397634,0.061565697,-0.4080041,-0.11479556,0.090586066,-0.4906296,-0.15095823,0.110313475,-0.5657569,-0.17665435,0.06741488,-0.23588005,-0.07717513,0.11199391,-0.34702066,-0.111316286,0.12991458,-0.426514,-0.13798633,0.13878149,-0.50398815,-0.15556683,0.098914444,-0.19010538,-0.08587856,0.12530512,-0.2755478,-0.10442668,0.134745,-0.33256117,-0.1075371,0.13764828,-0.38504493,-0.10977079
-0.05585462,-0.035906494,-0.04916252,-0.08548343,-0.12959343,-0.0795823,-0.07096565,-0.21916664,-0.10620611,-0.053917944,-0.305296,-0.12880707,-0.106449544,-0.2829335,-0.052291635,-0.093253314,-0.43501264,-0.114156105,-0.05738908,-0.42605054,-0.15730165,-0.03338802,-0.38259158,-0.17501819,-0.043820918,-0.2951073,-0.05055315,-0.025280356,-0.46281296,-0.08726259,-0.0053933263,-0.5574663,-0.11931663,0.005502224,-0.63477206,-0.14077017,0.010321617,-0.27713838,-0.057463326,0.029289126,-0.42400825,-0.08934196,0.03824097,-0.5207558,-0.1169953,0.040914834,-0.60404706,-0.13444185,0.05930251,-0.24196437,-0.06833198,0.07175028,-0.36138508,-0.09239297,0.07758087,-0.43983468,-0.104483455,0.07873654,-0.50616884,-0.11139202
-0.05652678,-0.042060018,-0.044842705,-0.09223777,-0.14443022,-0.073010765,-0.08866304,-0.23953903,-0.09843923,-0.07856065,-0.33034223,-0.119650334,-0.100820184,-0.285533,-0.044486053,-0.08830583,-0.4336971,-0.103296444,-0.061709404,-0.41936198,-0.14431833,-0.046471953,-0.38267386,-0.16173019,-0.043011963,-0.29518571,-0.04515381,-0.028429091,-0.45855838,-0.08271196,-0.014401436,-0.5530602,-0.114553705,-0.007167518,-0.6354989,-0.13536479,0.0090174675,-0.27569067,-0.054158937,0.023287177,-0.42085326,-0.08790838,0.02861178,-0.5180891,-0.11419721,0.027904153,-0.6069772,-0.12994935,0.057982445,-0.23972988,-0.066741146,0.06608838,-0.35787654,-0.09222963,0.06907052,-0.43576172,-0.10343606,0.0679934,-0.5042195,-0.10935425
-0.058635652,-0.03940493,-0.034903184,-0.10505849,-0.15122771,-0.056298845,-0.112395704,-0.25235924,-0.07590719,-0.105813086,-0.33889648,-0.09259533,-0.100848734,-0.28457677,-0.0335124,-0.09007281,-0.42779982,-0.08090297,-0.09376514,-0.44650868,-0.11657115,-0.10640389,-0.43665546,-0.13353546,-0.053037643,-0.3002439,-0.03785518,-0.0428167,-0.46710312,-0.069079995,-0.036932945,-0.5764598,-0.09433447,-0.034466088,-0.6674824,-0.11035153,-0.006102264,-0.28568313,-0.04924315,0.00091177225,-0.4401512,-0.077945456,0.0036938787,-0.5457387,-0.099067256,0.0021520853,-0.63550305,-0.11146304,0.04176718,-0.25053895,-0.06384712,0.04643452,-0.37083632,-0.08570397,0.04779184,-0.45389894,-0.093551055,0.045823216,-0.5252335,-0.09762445
-0.06619793,-0.043502867,-0.033208426,-0.11643666,-0.16924816,-0.04898479,-0.1226739,-0.2813081,-0.063207336,-0.115264505,-0.37375018,-0.07546423,-0.09769434,-0.28649098,-0.019241126,-0.09535235,-0.4164416,-0.05639491,-0.1021238,-0.45355725,-0.08736301,-0.11252308,-0.4635534,-0.103981555,-0.054563403,-0.30434152,-0.023019826,-0.046031535,-0.46404546,-0.04580389,-0.044026732,-0.5746804,-0.06873796,-0.0427652,-0.66523725,-0.084766574,-0.010474026,-0.289784,-0.03405694,-0.004244387,-0.4398495,-0.05731676,-0.00095051527,-0.54482526,-0.07737242,0.00043547153,-0.63170755,-0.09052336,0.034720123,-0.25586742,-0.048566066,0.039031446,-0.37267536,-0.067883894,0.04002416,-0.45577794,-0.07581701,0.038893104,-0.52722985,-0.08106275
-0.07314247,-0.03753823,-0.03592089,-0.13394377,-0.16675317,-0.051372528,-0.15051404,-0.28307465,-0.06447618,-0.14155182,-0.3820349,-0.0752497,-0.10730171,-0.28581175,-0.013719965,-0.11013967,-0.4042744,-0.04814142,-0.11116353,-0.44633353,-0.078453206,-0.114525855,-0.4696129,-0.09609805,-0.06492239,-0.3060353,-0.015729874,-0.06364077,-0.4596575,-0.036771033,-0.06327015,-0.5644767,-0.05858918,-0.061463714,-0.6508646,-0.07354942,-0.020831585,-0.2930587,-0.025538458,-0.022440493,-0.441204,-0.04718064,-0.021434069,-0.5396462,-0.06366079,-0.01959145,-0.6230716,-0.07423287,0.025888622,-0.2606421,-0.03938577,0.021749675,-0.37510574,-0.056682892,0.02069813,-0.4529685,-0.06195247,0.020665288,-0.52254665,-0.06514074
-0.07486135,-0.0452379,-0.025228245,-0.13173884,-0.1821416,-0.03350163,-0.15414941,-0.29211769,-0.042214148,-0.15092969,-0.38215554,-0.048837546,-0.091168106,-0.28692046,0.0031106258,-0.0907709,-0.40983847,-0.024176827,-0.10105798,-0.45211112,-0.04882842,-0.11275852,-0.46855584,-0.062181026,-0.05648887,-0.3026071,-0.002103976,-0.055720747,-0.45371765,-0.01701317,-0.05894959,-0.5560353,-0.034544334,-0.059681475,-0.6380856,-0.046227694,-0.019905984,-0.2927964,-0.014810187,-0.022440493,-0.43807286,-0.02940822,-0.023336649,-0.5355527,-0.043759525,-0.022672176,-0.6155881,-0.053517617,0.018445134,-0.26735735,-0.031198153,0.013062775,-0.37986958,-0.04210548,0.012599647,-0.45660457,-0.04580775,0.0151795745,-0.52403295,-0.048539724
-0.07802212,-0.048157036,-0.030403767,-0.13537711,-0.18517,-0.040768143,-0.16200942,-0.30096635,-0.05237908,-0.15886247,-0.39625034,-0.0604786,-0.09178287,-0.29923004,0.013382511,-0.09380904,-0.4271731,-0.017877202,-0.10941324,-0.46449912,-0.046206113,-0.12276214,-0.46954834,-0.060433336,-0.058416307,-0.31577328,0.01050661,-0.061959982,-0.46434778,-0.0026252768,-0.0678162,-0.56161654,-0.017847968,-0.070851624,-0.6371317,-0.027698468,-0.024042904,-0.30629566,-0.0026755696,-0.029535115,-0.44951615,-0.015012149,-0.032402635,-0.54537845,-0.02593076,-0.03247118,-0.62207854,-0.03347628,0.01239711,-0.28147906,-0.020971274,0.0045625567,-0.39424908,-0.030308165,0.0032026172,-0.46848392,-0.032741673,0.0060871243,-0.5324502,-0.034471646
-0.07631469,-0.045342565,-0.023597678,-0.12750867,-0.18720162,-0.031169998,-0.15091375,-0.29984125,-0.041013326,-0.1443761,-0.38980243,-0.048078246,-0.07656965,-0.29503447,0.014753542,-0.079681545,-0.4205166,-0.01767433,-0.09658679,-0.4498372,-0.046293672,-0.108890265,-0.44410324,-0.059914846,-0.046558022,-0.3082295,0.00902344,-0.046871424,-0.45779002,-0.0051496765,-0.051071703,-0.557351,-0.020746848,-0.050483227,-0.6340293,-0.030767847,-0.0147076845,-0.29700062,-0.0063108737,-0.01734078,-0.44102114,-0.01972901,-0.01720655,-0.5404277,-0.03164464,-0.012455583,-0.6185803,-0.039793264,0.016783595,-0.27085918,-0.026047755,0.010431111,-0.38434702,-0.03696197,0.012616098,-0.4619248,-0.040914122,0.019748092,-0.53022933,-0.043741513
-0.06892729,-0.050775707,-0.017922854,-0.11240271,-0.19618708,-0.022429833,-0.13247132,-0.3015971,-0.029716453,-0.1272471,-0.3818644,-0.03516183,-0.05414471,-0.29824263,0.012267604,-0.051405877,-0.42015642,-0.017224327,-0.0698176,-0.45561376,-0.043558937,-0.08525014,-0.4580786,-0.05690836,-0.027623236,-0.30679718,0.0041606016,-0.026073217,-0.45032555,-0.0115776025,-0.028407395,-0.5510606,-0.027915549,-0.0261423,-0.6274636,-0.038559034,0.0014151335,-0.2936799,-0.011869466,0.002227068,-0.4347576,-0.025820663,0.00516814,-0.5328889,-0.037507042,0.0113482475,-0.60866714,-0.045707747,0.029941022,-0.26593035,-0.031659752,0.027201712,-0.37744468,-0.04291646,0.031558752,-0.4536525,-0.046936166,0.039269626,-0.51868725,-0.049959794
-0.070958585,-0.06590569,-0.010374678,-0.10913655,-0.21772921,-0.012613024,-0.12495029,-0.32520315,-0.02083583,-0.12403834,-0.4155741,-0.02948946,-0.048787266,-0.31855497,0.02234462,-0.045352936,-0.43982148,0.003998859,-0.046582967,-0.51298547,-0.01435541,-0.04439661,-0.57310754,-0.027964395,-0.021736443,-0.32146856,0.0041661886,-0.02038747,-0.46918923,-0.011696542,-0.022051513,-0.57259464,-0.02947008,-0.020090103,-0.6599341,-0.041827127,0.0047997236,-0.3029147,-0.021062134,0.0020240545,-0.4489745,-0.03884534,0.0029140115,-0.5491864,-0.052624963,0.009098649,-0.63131785,-0.06291752,0.027157962,-0.27196318,-0.04967817,0.021380603,-0.3858949,-0.06689593,0.026379466,-0.463174,-0.07522183,0.03787273,-0.5300796,-0.08208217
-0.06759077,-0.06552452,-0.009259776,-0.10516295,-0.21807379,-0.010615263,-0.12191677,-0.3227598,-0.017662054,-0.123529404,-0.40938956,-0.025107177,-0.043433785,-0.31895775,0.021465104,-0.04037419,-0.4353764,0.004057718,-0.04215306,-0.50961083,-0.013610442,-0.0400545,-0.57009506,-0.026568932,-0.017341137,-0.32183453,0.0038598466,-0.015745282,-0.46772307,-0.010619878,-0.017511547,-0.5707965,-0.026544448,-0.01549834,-0.6572657,-0.037503067,0.00886929,-0.30399534,-0.020360248,0.006976545,-0.4481089,-0.03653487,0.007849693,-0.5472547,-0.04866083,0.0135548115,-0.6269038,-0.057764046,0.030637562,-0.27237445,-0.047900263,0.026906073,-0.38486263,-0.063902065,0.031120896,-0.463174,-0.07147029,0.040807784,-0.53034526,-0.077650845
-0.07032168,-0.06911379,-0.010076117,-0.10885355,-0.22208905,-0.011759802,-0.12721354,-0.3286531,-0.019702103,-0.12806898,-0.42052403,-0.027747005,-0.045942783,-0.32351732,0.024746753,-0.042236447,-0.44784695,0.008043415,-0.04302773,-0.52756417,-0.008140009,-0.03899598,-0.5923189,-0.02042907,-0.01950252,-0.32495058,0.0067082006,-0.020258188,-0.4720977,-0.007425749,-0.02378571,-0.5750426,-0.022118933,-0.023468852,-0.66281277,-0.03190703,0.007114351,-0.30600753,-0.01869691,0.0005056858,-0.45290208,-0.03563164,-0.0026158094,-0.55321896,-0.046146687,-0.00054222345,-0.635468,-0.05390018,0.02968359,-0.274921,-0.047753356,0.021773756,-0.38827327,-0.066660784,0.023296297,-0.46988934,-0.07590457,0.031862617,-0.54155165,-0.0827701
-0.07032168,-0.06911379,-0.010076117,-0.10885355,-0.22208905,-0.011759802,-0.12721354,-0.3286531,-0.019702103,-0.12806898,-0.42052403,-0.027747005,-0.045942783,-0.32351732,0.024746753,-0.042236447,-0.44784695,0.008043415,-0.04302773,-0.52756417,-0.008140009,-0.03899598,-0.5923189,-0.02042907,-0.01950252,-0.32495058,0.0067082006,-0.020258188,-0.4720977,-0.007425749,-0.02378571,-0.5750426,-0.022118933,-0.023468852,-0.66281277,-0.03190703,0.007114351,-0.30600753,-0.01869691,0.0005056858,-0.45290208,-0.03563164,-0.0026158094,-0.55321896,-0.046146687,-0.00054222345,-0.635468,-0.05390018,0.02968359,-0.274921,-0.047753356,0.021773756,-0.38827327,-0.066660784,0.023296297,-0.46988934,-0.07590457,0.031862617,-0.54155165,-0.0827701
-0.07250133,-0.07092112,-0.0016552713,-0.11285862,-0.22087902,-0.001632902,-0.13272014,-0.32345003,-0.010317992,-0.13893956,-0.41575167,-0.020085623,-0.045765042,-0.32695118,0.028202653,-0.04351285,-0.4556523,0.011939718,-0.045075387,-0.539432,-0.0034312967,-0.041640133,-0.60779405,-0.01583606,-0.020172477,-0.32602564,0.003154645,-0.026803255,-0.47505134,-0.012351925,-0.031887293,-0.5784953,-0.027939778,-0.032657206,-0.66705847,-0.038758695,0.005518794,-0.3061039,-0.028663194,-0.006064713,-0.45213544,-0.047657628,-0.009456933,-0.55250967,-0.059556946,-0.007658839,-0.63607234,-0.06865517,0.02693516,-0.27514625,-0.06345719,0.016469777,-0.3896966,-0.085336864,0.017501295,-0.4724908,-0.096700236,0.025596201,-0.5458647,-0.105386555
-0.07225913,-0.06528187,-0.02201684,-0.117714256,-0.20421064,-0.035690784,-0.1474194,-0.3067295,-0.05326227,-0.14471349,-0.39216784,-0.06851066,-0.059446335,-0.3304466,-0.00080604554,-0.057037294,-0.46647984,-0.047031306,-0.08428118,-0.4835436,-0.08424557,-0.10513711,-0.4682884,-0.102183856,-0.029593945,-0.334951,-0.011559278,-0.02504778,-0.4941126,-0.03595192,-0.030166209,-0.59562624,-0.054727234,-0.032461643,-0.67626035,-0.0662627,0.0032211542,-0.30959526,-0.031644322,0.0063619614,-0.46423393,-0.052024912,0.0076763034,-0.5631354,-0.06386163,0.010750711,-0.64493257,-0.07101974,0.033233583,-0.2648763,-0.055874687,0.03477955,-0.38643497,-0.07247293,0.03911513,-0.46728685,-0.077231064,0.046934903,-0.5386309,-0.079366975
-0.07595593,-0.043756425,-0.026094796,-0.13536772,-0.16038454,-0.039693367,-0.1545161,-0.25953355,-0.054283373,-0.15222952,-0.34347758,-0.067066304,-0.11602074,-0.27762377,-0.009889882,-0.11967829,-0.40856293,-0.048283517,-0.1259107,-0.4399802,-0.08034269,-0.13792655,-0.44502154,-0.09676625,-0.072362304,-0.30027,-0.018018672,-0.0780592,-0.46143186,-0.04194238,-0.08531028,-0.56885266,-0.06631571,-0.09323597,-0.657246,-0.08219111,-0.025855184,-0.2911934,-0.033190846,-0.033996105,-0.44051957,-0.056397915,-0.039450467,-0.54290074,-0.076690674,-0.04621303,-0.6277245,-0.08907988,0.02270329,-0.26429996,-0.051369894,0.015985608,-0.3809712,-0.06905724,0.01009357,-0.46212605,-0.075463355,0.0038740635,-0.53204346,-0.079038724
-0.07071453,-0.032119453,-0.032497454,-0.12774691,-0.14229202,-0.049681757,-0.14380074,-0.24412453,-0.0654445,-0.14101475,-0.32730812,-0.07881209,-0.12628591,-0.26109645,-0.026103593,-0.12840465,-0.40115196,-0.07118563,-0.1314435,-0.4281095,-0.1055869,-0.14081919,-0.42370075,-0.121879674,-0.079105735,-0.28666124,-0.030633818,-0.08241719,-0.4501037,-0.0598351,-0.08725238,-0.5590266,-0.08621241,-0.09428483,-0.64799815,-0.10337216,-0.030388951,-0.28153747,-0.042210948,-0.036213398,-0.43334156,-0.07038131,-0.04251349,-0.539678,-0.094761625,-0.05147344,-0.6272412,-0.109619536,0.020645678,-0.25762418,-0.05661446,0.015770793,-0.37614036,-0.07887151,0.009921908,-0.45947963,-0.089542955,0.0025490522,-0.5309783,-0.09595088
-0.065895975,-0.051484644,-0.041689616,-0.10876846,-0.16792494,-0.063931696,-0.11089468,-0.27918366,-0.08440555,-0.10474384,-0.3766051,-0.10090351,-0.11844224,-0.27451906,-0.03078728,-0.115483105,-0.42435777,-0.0887824,-0.09298211,-0.42424238,-0.13057403,-0.076239765,-0.3962289,-0.14812125,-0.06414771,-0.29018602,-0.031432923,-0.057299852,-0.45867288,-0.066259645,-0.049651682,-0.5614778,-0.095928885,-0.044434547,-0.6489993,-0.11457597,-0.011439979,-0.27802595,-0.04139132,-0.008210897,-0.4303689,-0.07338068,-0.008270264,-0.53249556,-0.09833497,-0.01074934,-0.62166554,-0.11260941,0.04130876,-0.24956301,-0.05521148,0.041662216,-0.37079,-0.07909234,0.039109886,-0.45072308,-0.089492366,0.034882963,-0.519222,-0.09467034
-0.06014049,-0.04296887,-0.045975447,-0.09756458,-0.14517725,-0.072512,-0.09376198,-0.24670768,-0.09567623,-0.0850085,-0.34529477,-0.11450126,-0.116490245,-0.26769745,-0.04542682,-0.10779762,-0.42211127,-0.10692911,-0.07780385,-0.4172479,-0.14892142,-0.055261552,-0.38076204,-0.16557142,-0.057556987,-0.28298017,-0.043688137,-0.04626006,-0.45331305,-0.082980946,-0.03424549,-0.5572049,-0.11447599,-0.027698219,-0.6462751,-0.13378711,-0.0029042363,-0.27258277,-0.050600674,0.009324908,-0.4240767,-0.08600827,0.011413813,-0.5278239,-0.112757124,0.008690715,-0.61854273,-0.1273057,0.048952162,-0.2473712,-0.06105289,0.055950582,-0.37006512,-0.0874648,0.05503553,-0.4498033,-0.098883905,0.04933667,-0.51742905,-0.10385696
-0.051616013,-0.04500723,-0.06018354,-0.07965797,-0.14773309,-0.09267647,-0.0699895,-0.2494384,-0.11913896,-0.060858548,-0.34859097,-0.14112476,-0.112458766,-0.29159975,-0.05286399,-0.09320682,-0.44390053,-0.11454474,-0.058678746,-0.4435222,-0.15968277,-0.037676692,-0.4058441,-0.17912276,-0.048855007,-0.30802503,-0.044439025,-0.031218648,-0.4768002,-0.08264818,-0.014404237,-0.5792679,-0.11869329,-0.007883012,-0.66377956,-0.14321132,0.0047759414,-0.2940299,-0.045493744,0.022220373,-0.44328877,-0.0792969,0.027825296,-0.5463129,-0.10974447,0.025117755,-0.6330528,-0.12924185,0.051739156,-0.26274878,-0.051339656,0.06354219,-0.38268876,-0.07632365,0.066966,-0.46366483,-0.08903284,0.06333703,-0.53122795,-0.09671836
-0.051927328,-0.04671383,-0.0618998,-0.08021414,-0.1504665,-0.095358424,-0.07171404,-0.25302166,-0.1221758,-0.06322271,-0.35214713,-0.14465739,-0.110847116,-0.2911261,-0.05679375,-0.09150344,-0.44485566,-0.117340915,-0.059053242,-0.44996396,-0.16078286,-0.040257215,-0.41533622,-0.17893626,-0.048727393,-0.3065098,-0.04640307,-0.029268205,-0.47674963,-0.08433024,-0.011135638,-0.57925063,-0.1188085,-0.003786862,-0.6614037,-0.1420832,0.0044752955,-0.29181206,-0.0451825,0.024048626,-0.44010884,-0.0780434,0.030873358,-0.54426956,-0.107524715,0.028782487,-0.6296053,-0.12632297,0.051061034,-0.26103362,-0.04881388,0.06395918,-0.38367802,-0.07337202,0.068807065,-0.46725154,-0.08622346,0.0654577,-0.5353315,-0.09396238
-0.051977456,-0.038873613,-0.055656713,-0.07794154,-0.13302982,-0.089306034,-0.061024785,-0.22697291,-0.117678896,-0.038621664,-0.3080177,-0.14196996,-0.111917496,-0.2895613,-0.056520075,-0.08952141,-0.44505376,-0.11556199,-0.058977365,-0.45826504,-0.15836492,-0.041894972,-0.42673978,-0.17685702,-0.050809085,-0.30437022,-0.0507449,-0.0297122,-0.47430557,-0.08753619,-0.009189308,-0.58088666,-0.11975125,-0.00081139803,-0.6629797,-0.14152294,0.0020900369,-0.2892396,-0.05345323,0.022429287,-0.4339168,-0.08533536,0.031768262,-0.5390959,-0.11254651,0.031591475,-0.6254591,-0.12991928,0.050715923,-0.257401,-0.060770884,0.06581956,-0.37394607,-0.08485854,0.07084197,-0.45717236,-0.09619524,0.068617165,-0.5268129,-0.10284614
-0.051977456,-0.038873613,-0.055656713,-0.07794154,-0.13302982,-0.089306034,-0.061024785,-0.22697291,-0.117678896,-0.038621664,-0.3080177,-0.14196996,-0.111917496,-0.2895613,-0.056520075,-0.08952141,-0.44505376,-0.11556199,-0.058977365,-0.45826504,-0.15836492,-0.041894972,-0.42673978,-0.17685702,-0.050809085,-0.30437022,-0.0507449,-0.0297122,-0.47430557,-0.08753619,-0.009189308,-0.58088666,-0.11975125,-0.00081139803,-0.6629797,-0.14152294,0.0020900369,-0.2892396,-0.05345323,0.022429287,-0.4339168,-0.08533536,0.031768262,-0.5390959,-0.11254651,0.031591475,-0.6254591,-0.12991928,0.050715923,-0.257401,-0.060770884,0.06581956,-0.37394607,-0.08485854,0.07084197,-0.45717236,-0.09619524,0.068617165,-0.5268129,-0.10284614
-0.042814672,-0.032078743,-0.074835055,-0.06836271,-0.120476425,-0.11679377,-0.056868315,-0.21984789,-0.14922413,-0.041262925,-0.31638,-0.17585604,-0.10980654,-0.28468174,-0.0756314,-0.091030955,-0.43702105,-0.14243616,-0.049226463,-0.43926764,-0.18835342,-0.020870745,-0.39951026,-0.20720245,-0.049979925,-0.30154517,-0.058937177,-0.027317524,-0.46857816,-0.10147771,-0.0009418726,-0.56614494,-0.13488215,0.012541473,-0.64413357,-0.15642568,0.0023636222,-0.2883016,-0.05217381,0.024276495,-0.42648652,-0.08815285,0.034579277,-0.5235704,-0.11407236,0.03550023,-0.6073611,-0.12956469,0.046825886,-0.25801855,-0.051345445,0.060722113,-0.37571543,-0.07663535,0.06701553,-0.45320043,-0.087245345,0.06569326,-0.51866895,-0.09264862
-0.04609126,-0.03618574,-0.06995982,-0.073200285,-0.12993366,-0.10821484,-0.063578725,-0.22920766,-0.13799147,-0.049940288,-0.32629758,-0.16260995,-0.1073243,-0.29458618,-0.06523847,-0.08602357,-0.44455802,-0.12774062,-0.051917136,-0.45270136,-0.17258053,-0.030467033,-0.41651982,-0.19183335,-0.04756993,-0.30763108,-0.051141787,-0.022652626,-0.4723347,-0.09038164,0.0015554428,-0.5711523,-0.124470614,0.013912976,-0.64962435,-0.14697333,0.004801154,-0.2919655,-0.04689303,0.025686145,-0.4343643,-0.08096175,0.03783828,-0.5345232,-0.10917758,0.04067993,-0.6194339,-0.12679152,0.04941815,-0.2591525,-0.048182983,0.062387228,-0.37638628,-0.07348422,0.067797124,-0.45566028,-0.08608334,0.0665493,-0.5212048,-0.093150176
-0.05111921,-0.047538877,-0.05194695,-0.07692593,-0.1457926,-0.083534345,-0.06394398,-0.23547974,-0.11071624,-0.045344472,-0.32218614,-0.13385966,-0.09080523,-0.29638612,-0.052149937,-0.058817983,-0.44611275,-0.11367679,-0.025622666,-0.43815434,-0.15824023,-0.009724021,-0.39748457,-0.17718491,-0.028469384,-0.30172876,-0.04817129,0.0053889155,-0.46672258,-0.08619648,0.03264475,-0.56430393,-0.119881205,0.04715413,-0.64254063,-0.1425609,0.024657428,-0.28043556,-0.052880555,0.056367755,-0.42543453,-0.085487,0.072538674,-0.5236193,-0.1127796,0.07888025,-0.60739017,-0.12993528,0.07147133,-0.24391189,-0.0617488,0.09414512,-0.3610015,-0.085546464,0.10590935,-0.43923786,-0.09629325,0.1098271,-0.5048283,-0.1024095
-0.05314493,-0.050649643,-0.048615288,-0.07966071,-0.15264738,-0.07780224,-0.06463289,-0.24506727,-0.102913246,-0.047382236,-0.3346078,-0.12414824,-0.09136844,-0.29353353,-0.04632911,-0.060126007,-0.4394884,-0.104152486,-0.03241378,-0.43592748,-0.14606662,-0.020882607,-0.3993166,-0.16383748,-0.030537605,-0.29912043,-0.043821305,0.00402236,-0.4629805,-0.07937278,0.029382527,-0.56230116,-0.111700565,0.04397589,-0.64301884,-0.13347672,0.021670818,-0.27659157,-0.049661875,0.053820074,-0.42250893,-0.08135959,0.06944358,-0.5213891,-0.108690776,0.0757488,-0.605996,-0.12588999,0.068377316,-0.23758289,-0.059264764,0.09211153,-0.35360974,-0.083444536,0.10412043,-0.43170017,-0.09446088,0.10822427,-0.49765307,-0.10065707
-0.05525446,-0.039358735,-0.05535778,-0.088823736,-0.13648307,-0.088622004,-0.08224189,-0.23231092,-0.11625238,-0.06452328,-0.3239263,-0.13910435,-0.09268731,-0.29250723,-0.054606833,-0.06653309,-0.43614724,-0.11146902,-0.046314657,-0.4371327,-0.15093216,-0.04178101,-0.40487027,-0.1674827,-0.032139778,-0.29779974,-0.048897132,-0.0007086992,-0.45802003,-0.08674423,0.024944007,-0.5592222,-0.11793349,0.040768802,-0.64375305,-0.13832636,0.01968366,-0.2752687,-0.051691797,0.050157905,-0.4149302,-0.085239455,0.06673586,-0.51026994,-0.11116513,0.07420689,-0.5938906,-0.1267418,0.066444695,-0.23556721,-0.05870358,0.08879882,-0.34865746,-0.083004415,0.10007757,-0.425266,-0.09335945,0.103830814,-0.4920835,-0.09896164
-0.05572337,-0.038303673,-0.05103071,-0.09004259,-0.13358516,-0.083869584,-0.08403164,-0.2244721,-0.11218939,-0.065726995,-0.31350705,-0.13657719,-0.08517182,-0.28995425,-0.05654555,-0.057433665,-0.43953058,-0.11411997,-0.042995095,-0.4347536,-0.15349224,-0.04140848,-0.40414265,-0.17038955,-0.026338696,-0.29312196,-0.054431215,0.006738186,-0.457868,-0.09193507,0.028355837,-0.5544529,-0.12147628,0.04148662,-0.63537717,-0.14079833,0.023182273,-0.26911595,-0.06059898,0.05322981,-0.41391975,-0.09383002,0.0682196,-0.51131374,-0.11961425,0.07526147,-0.59709287,-0.13539283,0.06784028,-0.22881943,-0.07063899,0.08816087,-0.3461271,-0.09553,0.09906399,-0.42359197,-0.10691417,0.10377085,-0.48991156,-0.11350056
-0.05894679,-0.040399015,-0.038585745,-0.09838754,-0.1414383,-0.065305546,-0.092629075,-0.23394257,-0.08996131,-0.067697346,-0.31536597,-0.110657595,-0.07553226,-0.28888056,-0.0404179,-0.052933216,-0.43277374,-0.0919993,-0.051211774,-0.4300003,-0.1283631,-0.062195837,-0.3985766,-0.14415704,-0.023679316,-0.29035822,-0.043687444,0.0036024451,-0.45182097,-0.07626493,0.021914244,-0.5494349,-0.10160316,0.033940613,-0.63106114,-0.11792299,0.021997392,-0.26390398,-0.05452092,0.04787475,-0.40828604,-0.084318094,0.0626511,-0.50325954,-0.105547026,0.069673955,-0.58733356,-0.118121326,0.0663712,-0.21942621,-0.068634175,0.08684623,-0.3335846,-0.091284774,0.09801769,-0.41074556,-0.09917304,0.103079796,-0.47803316,-0.103098474
-0.060789883,-0.0411461,-0.045718547,-0.101891935,-0.13754857,-0.07748687,-0.09919149,-0.22995353,-0.10574556,-0.07375914,-0.31624284,-0.13060874,-0.07434821,-0.28340942,-0.050957993,-0.04986173,-0.42677754,-0.104836956,-0.05043596,-0.43759906,-0.1431956,-0.063482225,-0.42109075,-0.16111565,-0.021696866,-0.28594252,-0.051739242,0.0074554086,-0.44788033,-0.08781091,0.025450766,-0.5464429,-0.11567856,0.036266148,-0.629015,-0.13384779,0.023757815,-0.26137036,-0.06009779,0.05109346,-0.40502024,-0.0929032,0.06667352,-0.50109994,-0.11594887,0.073984444,-0.585052,-0.12972897,0.067670345,-0.21930432,-0.0721368,0.08915943,-0.3337179,-0.09718899,0.100972176,-0.41134807,-0.1069375,0.10602242,-0.47847265,-0.1122945
-0.058798373,-0.039358854,-0.045588244,-0.101745486,-0.13269854,-0.07848029,-0.106460154,-0.21941072,-0.107885025,-0.08674508,-0.29969698,-0.13487735,-0.0633418,-0.28087083,-0.05586681,-0.037510097,-0.41537768,-0.10535684,-0.038183868,-0.43544286,-0.14105955,-0.04797429,-0.43913668,-0.15992877,-0.013801098,-0.28039488,-0.058474727,0.015102506,-0.43551356,-0.09494008,0.0340181,-0.5303951,-0.12193944,0.048265517,-0.61525416,-0.13977985,0.029853523,-0.25159195,-0.06777081,0.05735618,-0.38921487,-0.10253607,0.07685155,-0.48185104,-0.12403852,0.09010512,-0.5662686,-0.13676451,0.071210444,-0.20512742,-0.08062269,0.09366888,-0.31479597,-0.108318485,0.10813755,-0.39143687,-0.118003696,0.116672635,-0.4605909,-0.1233976
-0.056144,-0.045060158,-0.042610567,-0.09144172,-0.13875741,-0.074342236,-0.09061545,-0.21565339,-0.102489255,-0.07363927,-0.2815818,-0.13059811,-0.04436177,-0.27748206,-0.06485692,-0.01732403,-0.39480448,-0.11148941,-0.010469437,-0.43044114,-0.1449079,-0.0113732815,-0.45562172,-0.16490084,0.0036150217,-0.26980793,-0.0710558,0.038899958,-0.4124332,-0.109489225,0.061937153,-0.506727,-0.13777137,0.0806613,-0.5904492,-0.15703145,0.044104874,-0.23410416,-0.08216899,0.076910675,-0.36373866,-0.11810587,0.10235691,-0.4525963,-0.1405804,0.12267637,-0.5319694,-0.15473053,0.08026558,-0.18033922,-0.09646095,0.10885352,-0.28127727,-0.12594207,0.1274302,-0.3553889,-0.13721298,0.14193338,-0.42224884,-0.14427562
-0.056243896,-0.04446405,-0.045594413,-0.09281531,-0.13521868,-0.080043755,-0.09602967,-0.20741874,-0.11055001,-0.080183655,-0.26870424,-0.14111981,-0.04433316,-0.2813058,-0.072126605,-0.015827417,-0.39827833,-0.12002322,-0.008072376,-0.42969507,-0.154603,-0.009541512,-0.45333567,-0.17583376,0.0029132962,-0.2698567,-0.078072764,0.037581563,-0.40908074,-0.11839008,0.060703695,-0.5009096,-0.1480753,0.0796746,-0.5834018,-0.16861391,0.043300986,-0.23007488,-0.08888202,0.076003015,-0.3573545,-0.12635757,0.101358056,-0.44497487,-0.14992227,0.1217441,-0.52393067,-0.16506948,0.07908416,-0.17285466,-0.10308092,0.108285606,-0.2739354,-0.13415085,0.12735748,-0.3481508,-0.14645836,0.1428752,-0.4158425,-0.15442333
-0.056864202,-0.04629904,-0.033397593,-0.09670529,-0.1381405,-0.060265653,-0.09942603,-0.21141273,-0.08529533,-0.077477336,-0.26748705,-0.11020034,-0.051055074,-0.27635235,-0.051315874,-0.025012612,-0.3910021,-0.092473,-0.020185828,-0.4203929,-0.12314523,-0.02716422,-0.4411971,-0.14146931,-0.002933681,-0.26730582,-0.060742635,0.028335094,-0.40596253,-0.092952296,0.04543972,-0.49516076,-0.11751483,0.05670291,-0.5731945,-0.134305,0.038700283,-0.23024613,-0.07473926,0.067991614,-0.3571189,-0.10592049,0.08719069,-0.4429263,-0.12506898,0.10076684,-0.51961,-0.13701747,0.075963736,-0.17442918,-0.091306895,0.10182577,-0.27492338,-0.117847726,0.11745942,-0.3469288,-0.12604801,0.12824845,-0.41115606,-0.13057095
-0.05994302,-0.040679574,-0.037149843,-0.1065281,-0.123580456,-0.06722098,-0.113367975,-0.19652307,-0.09513049,-0.09222388,-0.25861597,-0.122604184,-0.06717956,-0.26508823,-0.054881345,-0.04618466,-0.38237873,-0.097919665,-0.042391002,-0.4102139,-0.13007843,-0.049675703,-0.4307872,-0.1495096,-0.017698348,-0.26102853,-0.062977865,0.005312681,-0.40113312,-0.09646806,0.017470956,-0.48820743,-0.122570254,0.024605513,-0.5677634,-0.14085178,0.02639556,-0.23012513,-0.07592488,0.04872036,-0.36011323,-0.108549625,0.06215477,-0.44363362,-0.12901506,0.070085645,-0.5205897,-0.14200523,0.067496,-0.1808595,-0.09164519,0.087914884,-0.28295618,-0.11914742,0.09964967,-0.3532178,-0.12842624,0.106098115,-0.41692227,-0.13394019
-0.059782982,-0.019054532,-0.047480956,-0.11510125,-0.07948393,-0.08601398,-0.14326233,-0.13532656,-0.12087732,-0.13628441,-0.18966287,-0.15572846,-0.0996955,-0.23253912,-0.07312133,-0.10846326,-0.3509877,-0.12855762,-0.11327854,-0.36836272,-0.16858217,-0.12141788,-0.37147072,-0.19073974,-0.0539006,-0.24320358,-0.07726784,-0.059900224,-0.38305697,-0.12005033,-0.06537175,-0.47467297,-0.14985275,-0.07281405,-0.5558991,-0.16916437,-0.0061510205,-0.22709584,-0.08717406,-0.012073398,-0.35927063,-0.124659754,-0.015406787,-0.4509774,-0.14612469,-0.019628882,-0.5311893,-0.15881322,0.0411973,-0.1925368,-0.10084476,0.03764087,-0.29860383,-0.12942049,0.03443241,-0.3749358,-0.13930619,0.030965209,-0.4428547,-0.14481498
-0.057213366,-0.005421877,-0.0530216,-0.11416367,-0.06313276,-0.09305994,-0.13991678,-0.12922996,-0.12842247,-0.13306454,-0.19546378,-0.16158514,-0.13515854,-0.21449247,-0.06707369,-0.14527613,-0.33739692,-0.12625293,-0.14140975,-0.351482,-0.16803743,-0.14175412,-0.3389562,-0.18892409,-0.08619112,-0.24173984,-0.066346124,-0.09657824,-0.3840299,-0.107191145,-0.10200554,-0.47492474,-0.13636075,-0.1129421,-0.5561398,-0.15542224,-0.034136772,-0.24003455,-0.073102765,-0.043661952,-0.37196323,-0.10989684,-0.05139464,-0.45963848,-0.13243735,-0.06437683,-0.5350821,-0.14575085,0.019572973,-0.21874496,-0.08398295,0.012898266,-0.3243896,-0.11227256,0.005530894,-0.3976863,-0.123309016,-0.0058865547,-0.46190983,-0.12945783
-0.057213366,-0.005421877,-0.0530216,-0.11416367,-0.06313276,-0.09305994,-0.13991678,-0.12922996,-0.12842247,-0.13306454,-0.19546378,-0.16158514,-0.13515854,-0.21449247,-0.06707369,-0.14527613,-0.33739692,-0.12625293,-0.14140975,-0.351482,-0.16803743,-0.14175412,-0.3389562,-0.18892409,-0.08619112,-0.24173984,-0.066346124,-0.09657824,-0.3840299,-0.107191145,-0.10200554,-0.47492474,-0.13636075,-0.1129421,-0.5561398,-0.15542224,-0.034136772,-0.24003455,-0.073102765,-0.043661952,-0.37196323,-0.10989684,-0.05139464,-0.45963848,-0.13243735,-0.06437683,-0.5350821,-0.14575085,0.019572973,-0.21874496,-0.08398295,0.012898266,-0.3243896,-0.11227256,0.005530894,-0.3976863,-0.123309016,-0.0058865547,-0.46190983,-0.12945783
-0.052702606,-0.009300709,-0.058074947,-0.10094637,-0.07818133,-0.09783191,-0.1129936,-0.14838421,-0.13236688,-0.111258924,-0.20011753,-0.16275124,-0.14221975,-0.21408403,-0.06870016,-0.15983337,-0.3424432,-0.13052884,-0.12927389,-0.33256632,-0.17088898,-0.10860187,-0.29475266,-0.18742552,-0.08712798,-0.24071482,-0.063481934,-0.09684831,-0.38868445,-0.10616147,-0.090780675,-0.47847536,-0.13631335,-0.09605318,-0.5547259,-0.15459934,-0.032957256,-0.2393255,-0.06653555,-0.037311792,-0.36912978,-0.10332791,-0.042240143,-0.45858938,-0.12605727,-0.05541259,-0.5376605,-0.13826156,0.020431697,-0.22347704,-0.0739246,0.014674425,-0.32900086,-0.09757908,0.007913709,-0.3998724,-0.10501098,-0.005239725,-0.4590271,-0.10843479
-0.048539937,-0.006889701,-0.06585566,-0.09116435,-0.07461375,-0.10811828,-0.09407413,-0.14459133,-0.14318794,-0.08572358,-0.20703468,-0.17281069,-0.14268056,-0.21706513,-0.08036801,-0.15326062,-0.35068113,-0.14558661,-0.11156881,-0.32629564,-0.18700282,-0.08488643,-0.28015304,-0.20363717,-0.08219957,-0.24075142,-0.07170106,-0.091094136,-0.3918238,-0.11889003,-0.07866585,-0.47975254,-0.15288676,-0.08130014,-0.55722594,-0.1743184,-0.026957452,-0.2378093,-0.07144455,-0.03176397,-0.36553413,-0.11175737,-0.034603834,-0.45580286,-0.13761772,-0.04651165,-0.5410238,-0.15233046,0.024859965,-0.22299731,-0.075724766,0.018776596,-0.3275879,-0.09954453,0.01456058,-0.39654428,-0.10696131,0.0038253665,-0.454264,-0.11123876
-0.050001502,-0.014690638,-0.07338816,-0.08791697,-0.07949591,-0.12386655,-0.078614414,-0.14256012,-0.16609566,-0.0578022,-0.20324627,-0.20141248,-0.13241309,-0.23685023,-0.09054577,-0.12720934,-0.36927646,-0.16053689,-0.08248186,-0.33378994,-0.20549169,-0.057917237,-0.27600533,-0.2236359,-0.072476625,-0.25900793,-0.07866059,-0.06841481,-0.41217855,-0.12694089,-0.048889697,-0.49720982,-0.15991369,-0.045362055,-0.56877327,-0.18054332,-0.017626762,-0.2550947,-0.075903125,-0.015785635,-0.38189292,-0.11562981,-0.010399818,-0.4699446,-0.13877407,-0.016068637,-0.550735,-0.15182659,0.03397411,-0.24000031,-0.07866036,0.033257782,-0.34538573,-0.10033926,0.031595707,-0.41013813,-0.1047463,0.021765232,-0.46421525,-0.10691327
-0.046874344,-0.02256918,-0.07871102,-0.076999664,-0.10537708,-0.12509608,-0.06210363,-0.18824938,-0.16194278,-0.041162193,-0.27443594,-0.19187759,-0.11116645,-0.26968497,-0.08406747,-0.096771955,-0.40408915,-0.15398201,-0.061247528,-0.37851843,-0.20104788,-0.03670138,-0.32152116,-0.22065273,-0.0520671,-0.28788316,-0.06765491,-0.030570269,-0.44466597,-0.11410857,-0.007685244,-0.5323452,-0.14643852,0.0066025257,-0.6063174,-0.16701333,-0.00070142746,-0.27664703,-0.06164866,0.017112792,-0.41129577,-0.10117858,0.023403406,-0.4988972,-0.123910785,0.022279799,-0.5798522,-0.13694827,0.043721676,-0.24619627,-0.062020373,0.056813717,-0.35564923,-0.085076235,0.05889684,-0.4194873,-0.09055717,0.053999424,-0.47259915,-0.09327776
-0.046874344,-0.02256918,-0.07871102,-0.076999664,-0.10537708,-0.12509608,-0.06210363,-0.18824938,-0.16194278,-0.041162193,-0.27443594,-0.19187759,-0.11116645,-0.26968497,-0.08406747,-0.096771955,-0.40408915,-0.15398201,-0.061247528,-0.37851843,-0.20104788,-0.03670138,-0.32152116,-0.22065273,-0.0520671,-0.28788316,-0.06765491,-0.030570269,-0.44466597,-0.11410857,-0.007685244,-0.5323452,-0.14643852,0.0066025257,-0.6063174,-0.16701333,-0.00070142746,-0.27664703,-0.06164866,0.017112792,-0.41129577,-0.10117858,0.023403406,-0.4988972,-0.123910785,0.022279799,-0.5798522,-0.13694827,0.043721676,-0.24619627,-0.062020373,0.056813717,-0.35564923,-0.085076235,0.05889684,-0.4194873,-0.09055717,0.053999424,-0.47259915,-0.09327776
-0.04456532,-0.026795506,-0.07990164,-0.07122654,-0.112408936,-0.12425468,-0.052950323,-0.2054604,-0.15847754,-0.027204096,-0.29644176,-0.18572055,-0.104831755,-0.2755267,-0.07870717,-0.085587084,-0.41580072,-0.1494649,-0.044087946,-0.4020199,-0.19847636,-0.016002,-0.35586292,-0.21884966,-0.045617104,-0.29456177,-0.061085455,-0.023399651,-0.45123628,-0.10396009,0.003034234,-0.5402845,-0.13592654,0.018531978,-0.61517215,-0.15694542,0.0043141246,-0.2814774,-0.054757033,0.02997458,-0.4044353,-0.09168012,0.04565698,-0.48964012,-0.115970135,0.051675856,-0.5684242,-0.13049275,0.04520905,-0.2513218,-0.05525871,0.061264277,-0.3573632,-0.07862306,0.0691818,-0.42275518,-0.086757354,0.06878096,-0.47784126,-0.0911988
-0.041923463,-0.031443775,-0.086458676,-0.06649113,-0.118362784,-0.13255686,-0.0478729,-0.21447065,-0.16687626,-0.023744524,-0.310322,-0.19393301,-0.10674322,-0.27964947,-0.08368495,-0.084882915,-0.42239696,-0.15291591,-0.044089973,-0.4142624,-0.19982105,-0.017257214,-0.36936572,-0.21883424,-0.0474959,-0.29731777,-0.061703086,-0.021644235,-0.45651838,-0.103936106,0.006109178,-0.5471504,-0.13539857,0.022873104,-0.6214937,-0.15642184,0.002868116,-0.28348804,-0.051448815,0.030191958,-0.40557805,-0.088497974,0.04697901,-0.49142808,-0.11416403,0.054465592,-0.5694827,-0.13006999,0.04346621,-0.254529,-0.04843877,0.06053227,-0.35914108,-0.07305358,0.06853384,-0.42556217,-0.083662495,0.068591595,-0.48192307,-0.09022695
-0.041869342,-0.030378342,-0.08623639,-0.065184,-0.11712515,-0.13280885,-0.044626772,-0.21049553,-0.16772819,-0.018609047,-0.3029175,-0.19559315,-0.10403055,-0.2806912,-0.08544992,-0.07974994,-0.42150652,-0.15636657,-0.03856218,-0.41053194,-0.20479952,-0.011581421,-0.3642699,-0.22474404,-0.045039237,-0.29684812,-0.06413036,-0.018544734,-0.4547897,-0.10704745,0.010058939,-0.54441565,-0.13823693,0.028151274,-0.6185442,-0.1590912,0.005204916,-0.28042197,-0.054605473,0.034056902,-0.4016359,-0.09206436,0.051511228,-0.48687476,-0.11704363,0.059942126,-0.5645294,-0.13245067,0.046660125,-0.24811321,-0.052443903,0.065544724,-0.3511096,-0.07755258,0.074459374,-0.41616994,-0.08785815,0.07560706,-0.4722181,-0.094147235
-0.042746663,-0.027468503,-0.08555778,-0.068837404,-0.10826242,-0.1340454,-0.04919672,-0.19971827,-0.17135616,-0.020906627,-0.29315048,-0.20154183,-0.10047585,-0.27824596,-0.08561004,-0.07883775,-0.4150624,-0.15682027,-0.038564682,-0.39754674,-0.20413533,-0.013461173,-0.3442139,-0.2228644,-0.04026383,-0.29597607,-0.064765014,-0.014787734,-0.45524007,-0.10807946,0.011254072,-0.5423007,-0.13876265,0.025528133,-0.61494553,-0.15872417,0.00987637,-0.2838117,-0.055479042,0.03554815,-0.41168335,-0.091911644,0.048236072,-0.5007962,-0.11579133,0.0518955,-0.58177125,-0.13059396,0.049752712,-0.2556157,-0.05339572,0.06637722,-0.36241207,-0.076661386,0.07309729,-0.43114144,-0.08549271,0.071644306,-0.48869437,-0.09075334
-0.042746663,-0.027468503,-0.08555778,-0.068837404,-0.10826242,-0.1340454,-0.04919672,-0.19971827,-0.17135616,-0.020906627,-0.29315048,-0.20154183,-0.10047585,-0.27824596,-0.08561004,-0.07883775,-0.4150624,-0.15682027,-0.038564682,-0.39754674,-0.20413533,-0.013461173,-0.3442139,-0.2228644,-0.04026383,-0.29597607,-0.064765014,-0.014787734,-0.45524007,-0.10807946,0.011254072,-0.5423007,-0.13876265,0.025528133,-0.61494553,-0.15872417,0.00987637,-0.2838117,-0.055479042,0.03554815,-0.41168335,-0.091911644,0.048236072,-0.5007962,-0.11579133,0.0518955,-0.58177125,-0.13059396,0.049752712,-0.2556157,-0.05339572,0.06637722,-0.36241207,-0.076661386,0.07309729,-0.43114144,-0.08549271,0.071644306,-0.48869437,-0.09075334
-0.04811591,-0.023331225,-0.069270045,-0.075087786,-0.09280151,-0.11423837,-0.04780227,-0.1661998,-0.15183346,-0.01784885,-0.24030256,-0.18364668,-0.09682569,-0.26828867,-0.07625836,-0.08421844,-0.40143606,-0.14372626,-0.05067289,-0.38891166,-0.1909982,-0.027584672,-0.3433026,-0.21165,-0.038873255,-0.28645113,-0.065640636,-0.015015364,-0.43801892,-0.10682144,0.011727452,-0.52420866,-0.13790336,0.028314292,-0.5961821,-0.15883835,0.011364639,-0.2726266,-0.064884946,0.035461664,-0.39391568,-0.099522166,0.05071926,-0.47812817,-0.1227468,0.05696374,-0.55625105,-0.13752171,0.05644858,-0.24027559,-0.07009382,0.07312548,-0.34130478,-0.09225777,0.07895857,-0.40332866,-0.09896038,0.07724202,-0.45642117,-0.102881804
-0.05457425,-0.025261998,-0.053948686,-0.086651295,-0.10057509,-0.09196229,-0.0701282,-0.16730082,-0.125287,-0.052612364,-0.22833365,-0.15388453,-0.097174585,-0.25967747,-0.06726953,-0.08269185,-0.39231163,-0.12585095,-0.051988184,-0.36342776,-0.1646406,-0.037914097,-0.31170306,-0.18057044,-0.03756714,-0.26551718,-0.06381021,-0.01277566,-0.41429466,-0.10367585,0.015246093,-0.49983838,-0.13339898,0.03005302,-0.5721825,-0.15282147,0.013174474,-0.24713227,-0.068106204,0.03965658,-0.3704511,-0.101123475,0.05440086,-0.45909524,-0.12292753,0.060709417,-0.54168224,-0.13634735,0.061356246,-0.21533084,-0.076617956,0.08154726,-0.31619683,-0.09679355,0.0922029,-0.38502416,-0.10171408,0.095392585,-0.44505668,-0.10456722
-0.05340302,-0.020732224,-0.057641473,-0.08829409,-0.09295219,-0.09822742,-0.07809681,-0.16115928,-0.1337957,-0.064881265,-0.2322942,-0.1653962,-0.09578556,-0.25553712,-0.07252577,-0.08574399,-0.3936244,-0.13464737,-0.05945295,-0.36721733,-0.17727241,-0.045873582,-0.32013434,-0.19616011,-0.03737682,-0.2604757,-0.068605416,-0.0151129365,-0.41230947,-0.10930092,0.010269642,-0.49702546,-0.14109242,0.024464488,-0.57051414,-0.16298644,0.012839079,-0.24050051,-0.07304603,0.040308237,-0.364952,-0.107949436,0.055526376,-0.4528504,-0.13315314,0.06185192,-0.5350865,-0.14955428,0.06012708,-0.20785025,-0.081854105,0.08079922,-0.3100016,-0.1053461,0.092545986,-0.38057044,-0.11427833,0.09574795,-0.4431834,-0.1204039
-0.057950795,-0.024513245,-0.04689179,-0.10234171,-0.089894116,-0.08331456,-0.11183691,-0.14689088,-0.11563606,-0.10099989,-0.1986632,-0.14735503,-0.08100927,-0.25396907,-0.06764041,-0.06649372,-0.37180442,-0.11596392,-0.06354487,-0.39703333,-0.1515237,-0.07125676,-0.40937364,-0.17260621,-0.031364202,-0.25437152,-0.07071333,-0.014123082,-0.3877969,-0.108619615,-0.0039743185,-0.47271147,-0.13743795,0.0011585951,-0.5510167,-0.15740652,0.0150383115,-0.22777843,-0.079206154,0.0308702,-0.3500484,-0.11382427,0.041621864,-0.432906,-0.13530104,0.046997964,-0.5093239,-0.14900956,0.059852123,-0.18408138,-0.09134414,0.07554597,-0.28031987,-0.11957685,0.08278996,-0.35069072,-0.13018346,0.085977376,-0.4166398,-0.13668889
-0.057950795,-0.024513245,-0.04689179,-0.10234171,-0.089894116,-0.08331456,-0.11183691,-0.14689088,-0.11563606,-0.10099989,-0.1986632,-0.14735503,-0.08100927,-0.25396907,-0.06764041,-0.06649372,-0.37180442,-0.11596392,-0.06354487,-0.39703333,-0.1515237,-0.07125676,-0.40937364,-0.17260621,-0.031364202,-0.25437152,-0.07071333,-0.014123082,-0.3877969,-0.108619615,-0.0039743185,-0.47271147,-0.13743795,0.0011585951,-0.5510167,-0.15740652,0.0150383115,-0.22777843,-0.079206154,0.0308702,-0.3500484,-0.11382427,0.041621864,-0.432906,-0.13530104,0.046997964,-0.5093239,-0.14900956,0.059852123,-0.18408138,-0.09134414,0.07554597,-0.28031987,-0.11957685,0.08278996,-0.35069072,-0.13018346,0.085977376,-0.4166398,-0.13668889
-0.05952692,-0.029132903,-0.045489762,-0.11049068,-0.10970491,-0.07679743,-0.13435823,-0.1837337,-0.10393203,-0.12784171,-0.2569765,-0.13057385,-0.086697996,-0.25835055,-0.058088865,-0.083146304,-0.37469488,-0.09973111,-0.078833014,-0.4163013,-0.13085255,-0.07742441,-0.44900876,-0.15053673,-0.04300213,-0.26302043,-0.06020074,-0.035341024,-0.40177947,-0.09451771,-0.028419018,-0.49432844,-0.12096968,-0.0213418,-0.57688904,-0.13864641,0.00273031,-0.23708633,-0.06739117,0.010527909,-0.36465085,-0.09974863,0.01947546,-0.44938573,-0.11852487,0.027726829,-0.526724,-0.12988092,0.04600966,-0.19121814,-0.07823514,0.052863,-0.29018107,-0.10573784,0.059109747,-0.3580607,-0.11474543,0.06632298,-0.42061538,-0.119435735
-0.055885673,-0.03685677,-0.04020892,-0.10598773,-0.1381712,-0.067222886,-0.12686333,-0.22372213,-0.09141962,-0.12114945,-0.3033969,-0.11512435,-0.0674046,-0.2882099,-0.046193432,-0.061324716,-0.40618518,-0.08928771,-0.06592712,-0.4319356,-0.122466885,-0.07202101,-0.44025612,-0.14203504,-0.02710265,-0.28529364,-0.05155594,-0.014475048,-0.42921305,-0.08207278,-0.0068358183,-0.5229267,-0.10815951,0.0019298196,-0.6043213,-0.1263599,0.013189018,-0.2506717,-0.06291184,0.02463901,-0.38074085,-0.09233644,0.035333037,-0.4686988,-0.11154188,0.04598117,-0.54869854,-0.12438762,0.050104856,-0.19391024,-0.07790185,0.05667132,-0.29500112,-0.10271886,0.0662961,-0.3643353,-0.11049552,0.07688868,-0.42707002,-0.11547456
-0.05577612,-0.044507027,-0.033837818,-0.10212335,-0.15640324,-0.055975605,-0.1218636,-0.24616289,-0.07698734,-0.117034465,-0.32885864,-0.09589992,-0.05510351,-0.2953947,-0.026268978,-0.051356435,-0.4150567,-0.06719964,-0.07120845,-0.42385286,-0.10057245,-0.08929595,-0.40605134,-0.118209295,-0.020398617,-0.29395196,-0.031679258,-0.0046922565,-0.4391967,-0.05282721,-0.0002745986,-0.5341729,-0.072964534,0.0062607527,-0.6142696,-0.0873287,0.015245557,-0.2619777,-0.044405494,0.029386938,-0.38891074,-0.063974164,0.038285732,-0.47538272,-0.07649413,0.04627019,-0.5510906,-0.08539341,0.047008514,-0.20803753,-0.061310533,0.056508183,-0.3053213,-0.07685839,0.067011595,-0.37339848,-0.07844654,0.07760954,-0.43358576,-0.0794643
-0.07025504,-0.05237031,-0.02787479,-0.11893743,-0.17401683,-0.04676802,-0.1454334,-0.26998517,-0.06470708,-0.1472382,-0.35473853,-0.08182513,-0.06268293,-0.29102296,-0.029121911,-0.06661755,-0.40852854,-0.07197967,-0.08824894,-0.43964702,-0.10512837,-0.10543966,-0.44816747,-0.12474864,-0.033558667,-0.2875799,-0.038731493,-0.037106752,-0.4329527,-0.0671704,-0.046406925,-0.52484405,-0.08955516,-0.051458716,-0.6004888,-0.10523691,-0.005139947,-0.25005814,-0.054489836,-0.0062853694,-0.3816322,-0.08180852,-0.011353672,-0.46750188,-0.09911985,-0.014696658,-0.5451559,-0.112041175,0.019686937,-0.1873576,-0.07301305,0.023911238,-0.26717165,-0.10039903,0.022058487,-0.3251776,-0.11102925,0.019993126,-0.3827902,-0.11827122
-0.071208954,-0.04506129,-0.022581913,-0.11693841,-0.17020077,-0.03426701,-0.13961822,-0.2622429,-0.046373177,-0.15385145,-0.34422344,-0.058734924,-0.05664268,-0.28150785,-0.019678121,-0.06280047,-0.3998782,-0.05077727,-0.06701055,-0.47838873,-0.07555688,-0.066006035,-0.5456598,-0.092987865,-0.029369533,-0.28315848,-0.03148135,-0.043430924,-0.4196545,-0.061222475,-0.054750472,-0.5171153,-0.08512961,-0.06024015,-0.6023846,-0.10084808,-0.0057162642,-0.25851306,-0.04792692,-0.021271288,-0.38889807,-0.0772283,-0.030299485,-0.47808355,-0.09452346,-0.033607066,-0.5554446,-0.105249375,0.011970103,-0.2137953,-0.06703712,0.00202173,-0.31005698,-0.09585694,-0.0030337572,-0.38182372,-0.10928685,-0.0032365918,-0.44613636,-0.1175298
-0.067417085,-0.03989494,-0.023958186,-0.11455783,-0.16657811,-0.034814138,-0.13934672,-0.26064488,-0.04575618,-0.15213138,-0.34335542,-0.05662169,-0.05921516,-0.2723721,-0.01732474,-0.0668028,-0.38775122,-0.04726361,-0.07334861,-0.4638551,-0.07085308,-0.07480547,-0.5278504,-0.087305546,-0.030397594,-0.27788916,-0.027508328,-0.046818793,-0.41377544,-0.055625416,-0.060105473,-0.5100029,-0.07762613,-0.06767672,-0.59280366,-0.09152879,-0.00453341,-0.2575753,-0.04278785,-0.023349106,-0.38927507,-0.07161538,-0.034846008,-0.47750604,-0.08796224,-0.040606916,-0.55410504,-0.09746778,0.016382217,-0.21676904,-0.060801588,0.003635943,-0.31155774,-0.08945899,-0.0043669343,-0.38227782,-0.10250498,-0.0072894692,-0.44493455,-0.11002486
-0.063147604,-0.03712094,-0.020033253,-0.110708326,-0.15803134,-0.030690547,-0.13629603,-0.2444677,-0.04235092,-0.15478486,-0.32074004,-0.054885473,-0.053960025,-0.27254978,-0.020728437,-0.065246314,-0.39164048,-0.051603235,-0.0736478,-0.4746982,-0.0753004,-0.07546896,-0.54439175,-0.09203038,-0.028057635,-0.27441162,-0.033774666,-0.04705876,-0.4071928,-0.06397188,-0.06169653,-0.5051427,-0.08785231,-0.06820238,-0.5907231,-0.10348606,-0.0033602118,-0.25009823,-0.050910246,-0.026389241,-0.37747154,-0.08049982,-0.037418842,-0.46583906,-0.09704167,-0.039184272,-0.54246074,-0.10700445,0.016370356,-0.20600814,-0.07041432,0.0007131696,-0.30216867,-0.099097684,-0.0066738725,-0.37324032,-0.11172587,-0.0062628984,-0.435928,-0.11927349
-0.06490424,-0.040383935,-0.01957525,-0.111257285,-0.15993476,-0.029505534,-0.13710949,-0.24562815,-0.04063367,-0.15370879,-0.32194257,-0.05228185,-0.0537332,-0.26934463,-0.015638005,-0.066235006,-0.38177955,-0.04644352,-0.07499471,-0.4574952,-0.070948675,-0.078234226,-0.5220729,-0.08793651,-0.02757299,-0.27368063,-0.028419357,-0.047403574,-0.40553662,-0.058609765,-0.063630074,-0.5030969,-0.08324343,-0.07242352,-0.5870566,-0.09914147,-0.0035454035,-0.252626,-0.045649853,-0.025476813,-0.37900645,-0.07532723,-0.038021654,-0.46635026,-0.09266813,-0.042575,-0.54153603,-0.10280236,0.015013456,-0.21200877,-0.065219186,0.0006662607,-0.30598548,-0.093292944,-0.006180346,-0.3756912,-0.10587138,-0.006465435,-0.43763053,-0.113282636
-0.06271657,-0.038212955,-0.022189181,-0.11014044,-0.15551215,-0.0339785,-0.13798895,-0.23995718,-0.046541583,-0.1552949,-0.31665236,-0.05981995,-0.052657455,-0.27246135,-0.0197216,-0.06587991,-0.38565728,-0.051603246,-0.07411796,-0.4663013,-0.07702606,-0.075891584,-0.53545773,-0.094900675,-0.0261001,-0.27597213,-0.03205287,-0.047028065,-0.40261596,-0.06240192,-0.06301612,-0.4980265,-0.08694923,-0.07168168,-0.5820775,-0.103103384,-0.0014477372,-0.25249684,-0.049002133,-0.027350903,-0.37124413,-0.07900963,-0.03947109,-0.4577748,-0.09541941,-0.04231608,-0.534209,-0.10510549,0.016593039,-0.20766926,-0.06863376,-0.0031619072,-0.29957557,-0.09662811,-0.01059711,-0.36769995,-0.10808227,-0.009415746,-0.42873627,-0.114796475
-0.06473094,-0.040708482,-0.023282558,-0.11513391,-0.15995562,-0.036087237,-0.1450254,-0.24786085,-0.049488127,-0.16142884,-0.3277266,-0.06259626,-0.05989182,-0.27280295,-0.015949907,-0.07271895,-0.3811494,-0.049515,-0.08735332,-0.43989527,-0.07674109,-0.09645864,-0.4848017,-0.09423088,-0.032305777,-0.27819458,-0.027084509,-0.050758302,-0.41154462,-0.054793667,-0.06931263,-0.5054041,-0.07734869,-0.08119786,-0.58481187,-0.091958396,-0.0064202547,-0.25562134,-0.043799717,-0.02705288,-0.38380855,-0.07151366,-0.041986227,-0.4693443,-0.08756886,-0.05001101,-0.5417129,-0.0971645,0.013864458,-0.21119875,-0.06338266,0.0007375479,-0.3052038,-0.08982737,-0.008301675,-0.37434655,-0.10110767,-0.011486292,-0.43474013,-0.10763114
-0.064962566,-0.03958404,-0.025837947,-0.114665985,-0.15118295,-0.043096453,-0.14908305,-0.2347478,-0.060908396,-0.15265307,-0.3072513,-0.07553513,-0.055740267,-0.28609556,-0.014987421,-0.06338537,-0.40221876,-0.057803005,-0.10087505,-0.40480712,-0.09163929,-0.12706643,-0.3718173,-0.10749812,-0.0280388,-0.2879523,-0.020385835,-0.030265749,-0.42599434,-0.03822416,-0.041470945,-0.516597,-0.048845664,-0.04646796,-0.5849651,-0.054711085,0.0018371344,-0.26153833,-0.033738118,0.0026080608,-0.3906018,-0.046960622,-0.0021723509,-0.47491622,-0.048173472,-0.0051372647,-0.5401962,-0.048685994,0.027689397,-0.21302655,-0.051605597,0.031383097,-0.3042353,-0.066617,0.030697286,-0.36780936,-0.06600651,0.031503737,-0.42106366,-0.06308786
-0.061126113,-0.024777412,-0.039487347,-0.11436498,-0.10006106,-0.06910849,-0.13184285,-0.17427874,-0.09531405,-0.12994167,-0.24112418,-0.120952465,-0.097649395,-0.2513542,-0.05720666,-0.09696448,-0.37517798,-0.10204047,-0.10213798,-0.40867156,-0.13393411,-0.11455092,-0.4261154,-0.15168715,-0.04933226,-0.26526907,-0.06256462,-0.047387242,-0.41368234,-0.099057145,-0.049806237,-0.5139678,-0.12564681,-0.056066453,-0.6022238,-0.1429263,-0.0015907884,-0.24952403,-0.072872825,0.0010160804,-0.3866974,-0.10730663,0.0015881062,-0.48546666,-0.12973997,-0.0024068952,-0.5716505,-0.14284804,0.046034276,-0.21473807,-0.08590379,0.0488441,-0.32723516,-0.11419607,0.0464229,-0.4079424,-0.1252865,0.04092896,-0.4790018,-0.13130213
-0.061151505,-0.020416498,-0.039905224,-0.119701,-0.101433635,-0.06870486,-0.13241097,-0.18899304,-0.09373491,-0.11820674,-0.2700719,-0.11744676,-0.11563033,-0.2388776,-0.053329553,-0.12070584,-0.36337656,-0.10182248,-0.121898055,-0.39577734,-0.13583514,-0.12908608,-0.40660736,-0.15331161,-0.06647396,-0.26007882,-0.05723938,-0.06773573,-0.4118178,-0.0938245,-0.0695743,-0.513633,-0.12127329,-0.07515979,-0.6027411,-0.13912511,-0.017191589,-0.25183254,-0.06672854,-0.019431472,-0.3918188,-0.10082605,-0.02110678,-0.49090746,-0.12442276,-0.026144505,-0.57622594,-0.13829972,0.033747375,-0.22536659,-0.07896757,0.031447947,-0.3386503,-0.106305815,0.027932346,-0.41875002,-0.11815563,0.022172451,-0.48801726,-0.12481908
-0.05566907,-0.017084181,-0.05621919,-0.09551573,-0.10044837,-0.09183689,-0.09187025,-0.1903435,-0.12152577,-0.0814628,-0.27745262,-0.14675856,-0.13429862,-0.2511914,-0.06638892,-0.13439956,-0.40378472,-0.12535498,-0.10341829,-0.39957374,-0.16424887,-0.08452958,-0.36002105,-0.18038367,-0.07460773,-0.27470523,-0.061295286,-0.071861625,-0.4430408,-0.10138626,-0.060840547,-0.54158854,-0.13424663,-0.060664773,-0.6214826,-0.15605533,-0.02069068,-0.26801777,-0.06378905,-0.01529634,-0.415479,-0.09842291,-0.01580894,-0.51680243,-0.12586819,-0.02369219,-0.6054331,-0.14332558,0.031583667,-0.24491715,-0.07028173,0.03334993,-0.3623861,-0.09592241,0.031813443,-0.4424256,-0.107202165,0.023777366,-0.5113239,-0.11384758
-0.05566907,-0.017084181,-0.05621919,-0.09551573,-0.10044837,-0.09183689,-0.09187025,-0.1903435,-0.12152577,-0.0814628,-0.27745262,-0.14675856,-0.13429862,-0.2511914,-0.06638892,-0.13439956,-0.40378472,-0.12535498,-0.10341829,-0.39957374,-0.16424887,-0.08452958,-0.36002105,-0.18038367,-0.07460773,-0.27470523,-0.061295286,-0.071861625,-0.4430408,-0.10138626,-0.060840547,-0.54158854,-0.13424663,-0.060664773,-0.6214826,-0.15605533,-0.02069068,-0.26801777,-0.06378905,-0.01529634,-0.415479,-0.09842291,-0.01580894,-0.51680243,-0.12586819,-0.02369219,-0.6054331,-0.14332558,0.031583667,-0.24491715,-0.07028173,0.03334993,-0.3623861,-0.09592241,0.031813443,-0.4424256,-0.107202165,0.023777366,-0.5113239,-0.11384758
-0.054394186,-0.019996226,-0.061339956,-0.08767164,-0.09976208,-0.098535836,-0.07874638,-0.19079643,-0.1286967,-0.07125664,-0.28019342,-0.15323365,-0.1284582,-0.26017833,-0.06874701,-0.12522256,-0.41424283,-0.13033718,-0.08546156,-0.40821356,-0.17075711,-0.058559358,-0.36543882,-0.1864818,-0.06623536,-0.28074622,-0.05982038,-0.058472455,-0.4500924,-0.1005984,-0.040032566,-0.5487777,-0.13311002,-0.034561396,-0.6296841,-0.15439284,-0.01230222,-0.2734898,-0.059254915,-0.0018633008,-0.41498408,-0.09313625,0.0010719299,-0.5162803,-0.119137615,-0.0034649968,-0.60503787,-0.13510449,0.038710892,-0.25159055,-0.0633422,0.04320824,-0.3684016,-0.08646103,0.04449731,-0.44832823,-0.0959881,0.038755357,-0.5164511,-0.10115434
-0.051276088,-0.013659596,-0.06632518,-0.08528316,-0.092956424,-0.10650171,-0.076198995,-0.18408358,-0.13864133,-0.06741971,-0.27557838,-0.1653079,-0.1271863,-0.2562396,-0.077740856,-0.12425035,-0.41095266,-0.1408928,-0.08381498,-0.4035942,-0.18264192,-0.056762695,-0.3602327,-0.19937754,-0.064105034,-0.27550364,-0.06706199,-0.05428928,-0.44453698,-0.1091637,-0.031659663,-0.54250634,-0.1431484,-0.022757411,-0.6221508,-0.16576508,-0.010552466,-0.26582015,-0.064800665,0.0028241873,-0.40276477,-0.10073569,0.009997487,-0.50270134,-0.12904796,0.008615911,-0.5909473,-0.1466363,0.038918138,-0.24232906,-0.06735061,0.046052754,-0.35820273,-0.09228505,0.04936254,-0.43754193,-0.10340208,0.044844687,-0.50541794,-0.10994184
-0.049697638,-0.018815637,-0.071370706,-0.082681775,-0.09501195,-0.11526181,-0.07302767,-0.18473953,-0.1505732,-0.06340152,-0.27894834,-0.18079291,-0.1237514,-0.26343697,-0.08396373,-0.114384055,-0.41832256,-0.14888147,-0.079345345,-0.41690978,-0.19242221,-0.057865262,-0.37584648,-0.21066767,-0.060005367,-0.28066117,-0.071936786,-0.04773271,-0.44906983,-0.11606164,-0.026014447,-0.5463847,-0.15194146,-0.017549157,-0.62555397,-0.17641787,-0.005776882,-0.27064025,-0.06848442,0.011314511,-0.41064787,-0.1052469,0.01906401,-0.5096125,-0.13449697,0.016739905,-0.59592515,-0.15347904,0.04277444,-0.24638373,-0.07031372,0.05310589,-0.36201778,-0.09596021,0.05804646,-0.44177434,-0.108315416,0.054074526,-0.5090252,-0.1162395
-0.05772692,-0.020373046,-0.051893394,-0.09710997,-0.10077828,-0.08568792,-0.093087554,-0.18844658,-0.114438154,-0.0894233,-0.27566454,-0.13958518,-0.12437716,-0.25800908,-0.059708644,-0.11507827,-0.40625283,-0.11741575,-0.09253907,-0.41409844,-0.1585531,-0.08212727,-0.38512138,-0.17655203,-0.06490773,-0.27551684,-0.0572749,-0.052350104,-0.44188443,-0.09489648,-0.035589933,-0.5445928,-0.126115,-0.028240621,-0.6263502,-0.14693598,-0.011369944,-0.2650646,-0.06271132,0.0032690763,-0.4079637,-0.095377296,0.009790957,-0.5089901,-0.12157117,0.008421242,-0.59541845,-0.13800466,0.039960206,-0.23758554,-0.072122835,0.050480247,-0.35395303,-0.09550975,0.05536914,-0.43443003,-0.105276555,0.05370307,-0.5023243,-0.11093555
-0.05772692,-0.020373046,-0.051893394,-0.09710997,-0.10077828,-0.08568792,-0.093087554,-0.18844658,-0.114438154,-0.0894233,-0.27566454,-0.13958518,-0.12437716,-0.25800908,-0.059708644,-0.11507827,-0.40625283,-0.11741575,-0.09253907,-0.41409844,-0.1585531,-0.08212727,-0.38512138,-0.17655203,-0.06490773,-0.27551684,-0.0572749,-0.052350104,-0.44188443,-0.09489648,-0.035589933,-0.5445928,-0.126115,-0.028240621,-0.6263502,-0.14693598,-0.011369944,-0.2650646,-0.06271132,0.0032690763,-0.4079637,-0.095377296,0.009790957,-0.5089901,-0.12157117,0.008421242,-0.59541845,-0.13800466,0.039960206,-0.23758554,-0.072122835,0.050480247,-0.35395303,-0.09550975,0.05536914,-0.43443003,-0.105276555,0.05370307,-0.5023243,-0.11093555
-0.059110403,-0.019364834,-0.04324998,-0.11036798,-0.11031824,-0.06952289,-0.12597352,-0.20401168,-0.09180162,-0.12905872,-0.2927158,-0.11194376,-0.11802545,-0.24499372,-0.044916324,-0.12873939,-0.37464496,-0.094565615,-0.12975866,-0.40702683,-0.13013221,-0.13387066,-0.41163415,-0.14769785,-0.070667624,-0.26904806,-0.045369677,-0.078811586,-0.42278636,-0.08306259,-0.082338214,-0.5255431,-0.11429492,-0.088302016,-0.6139588,-0.13453841,-0.022858977,-0.26372007,-0.052412413,-0.027664304,-0.4081672,-0.08769598,-0.031514287,-0.5085666,-0.11476367,-0.03846115,-0.5950636,-0.13055287,0.026164472,-0.24012792,-0.062479112,0.022780418,-0.356592,-0.0903094,0.018025875,-0.43886316,-0.104707904,0.011532962,-0.5113775,-0.11299672
-0.065485,-0.011297345,-0.03389604,-0.12885344,-0.11116153,-0.050748598,-0.15401468,-0.21084762,-0.06484389,-0.16479287,-0.29467002,-0.077808954,-0.12967932,-0.23354381,-0.029748343,-0.15375033,-0.34985077,-0.068051815,-0.16563395,-0.39583683,-0.09766789,-0.1758503,-0.42011765,-0.113963634,-0.09056026,-0.26495895,-0.033217676,-0.11320001,-0.4133175,-0.06094147,-0.13069624,-0.51586485,-0.085465215,-0.14567584,-0.6010314,-0.10151829,-0.047137022,-0.26684687,-0.042668305,-0.070773125,-0.40952423,-0.06973709,-0.08702934,-0.5073326,-0.091426864,-0.10052794,-0.5899192,-0.10462291,0.00037813187,-0.24967733,-0.055077087,-0.016925156,-0.36223269,-0.07855496,-0.030112147,-0.44172943,-0.09010142,-0.041598916,-0.5108985,-0.09673753
-0.07337546,-0.0077560544,-0.029024659,-0.14401889,-0.11043453,-0.039753713,-0.17628044,-0.21148378,-0.0485932,-0.18547124,-0.29369688,-0.056306392,-0.14276117,-0.22260731,-0.01509439,-0.1704529,-0.3332529,-0.044418216,-0.18638563,-0.3830195,-0.0693711,-0.20129824,-0.41391456,-0.08438605,-0.10590738,-0.2581008,-0.019384647,-0.13605732,-0.40465719,-0.040529404,-0.15823913,-0.5045914,-0.062330384,-0.1768049,-0.58548236,-0.076812275,-0.063842475,-0.26482227,-0.029577758,-0.0944798,-0.40656316,-0.05211796,-0.11512047,-0.5025982,-0.07317531,-0.13257939,-0.5830519,-0.08648675,-0.015781581,-0.2536053,-0.042455066,-0.038134277,-0.3642395,-0.06294872,-0.0555802,-0.44088793,-0.07355054,-0.07148737,-0.50807863,-0.07998877
-0.086170495,-0.019367278,-0.032169912,-0.16817993,-0.1258691,-0.040768743,-0.21111995,-0.2347722,-0.048925832,-0.2238931,-0.33241066,-0.054077934,-0.1712066,-0.22274214,0.010581084,-0.2061055,-0.33264592,-0.015556026,-0.21890807,-0.38006493,-0.041717254,-0.22750407,-0.41175103,-0.057947647,-0.1375485,-0.26048583,0.009191036,-0.17508224,-0.4036881,-0.0070048543,-0.19999549,-0.49982056,-0.029738966,-0.21918333,-0.5796011,-0.045593206,-0.09624541,-0.27201378,-0.0007690142,-0.13381809,-0.40735322,-0.018497141,-0.15980259,-0.4973715,-0.037798304,-0.18089709,-0.5726233,-0.050659813,-0.04761815,-0.27067998,-0.01484285,-0.07766646,-0.3751256,-0.028806604,-0.09975517,-0.44294205,-0.035720546,-0.119461775,-0.5045898,-0.040478017
-0.086170495,-0.019367278,-0.032169912,-0.16817993,-0.1258691,-0.040768743,-0.21111995,-0.2347722,-0.048925832,-0.2238931,-0.33241066,-0.054077934,-0.1712066,-0.22274214,0.010581084,-0.2061055,-0.33264592,-0.015556026,-0.21890807,-0.38006493,-0.041717254,-0.22750407,-0.41175103,-0.057947647,-0.1375485,-0.26048583,0.009191036,-0.17508224,-0.4036881,-0.0070048543,-0.19999549,-0.49982056,-0.029738966,-0.21918333,-0.5796011,-0.045593206,-0.09624541,-0.27201378,-0.0007690142,-0.13381809,-0.40735322,-0.018497141,-0.15980259,-0.4973715,-0.037798304,-0.18089709,-0.5726233,-0.050659813,-0.04761815,-0.27067998,-0.01484285,-0.07766646,-0.3751256,-0.028806604,-0.09975517,-0.44294205,-0.035720546,-0.119461775,-0.5045898,-0.040478017
-0.08637643,-0.013705671,-0.03195164,-0.1751188,-0.1147331,-0.036153104,-0.22609729,-0.21782023,-0.039765976,-0.24198353,-0.31427366,-0.039579067,-0.1780253,-0.19961911,0.025478762,-0.21829271,-0.29456335,0.009830162,-0.23127604,-0.34188297,-0.010017485,-0.23863262,-0.38034594,-0.023286393,-0.14828408,-0.2402474,0.027420143,-0.19152889,-0.36707205,0.019884512,-0.21828383,-0.45488137,0.0027697168,-0.23786467,-0.52863294,-0.009158504,-0.109815836,-0.25751242,0.020043539,-0.15375724,-0.37842435,0.008849265,-0.18180716,-0.46036458,-0.006706303,-0.20424923,-0.5299147,-0.017010177,-0.063967764,-0.26412463,0.00815756,-0.09944841,-0.3582409,-0.00049257954,-0.12515742,-0.41830236,-0.0052155363,-0.1482355,-0.47307712,-0.0086716935
-0.087573886,-0.011205733,-0.032061007,-0.17775324,-0.1127522,-0.035348028,-0.22777063,-0.21495771,-0.037988804,-0.24572459,-0.31075913,-0.036561314,-0.18100715,-0.1968239,0.026139706,-0.22096041,-0.29345173,0.0120811425,-0.23401558,-0.3397649,-0.006712617,-0.24238464,-0.37593308,-0.01950501,-0.15228474,-0.23704347,0.027867896,-0.19615892,-0.3625304,0.021782024,-0.22340307,-0.45020598,0.0052943067,-0.24423271,-0.52331746,-0.0065840846,-0.11460599,-0.25478566,0.020167312,-0.15961933,-0.37420467,0.009842032,-0.18733954,-0.45560548,-0.005383793,-0.21068656,-0.5248744,-0.01580839,-0.07003659,-0.2629672,0.007834415,-0.10717514,-0.35515517,-0.0006006484,-0.13309407,-0.41445622,-0.005142268,-0.15696478,-0.46928358,-0.008759793
-0.087743044,-0.011089206,-0.034328047,-0.17772585,-0.11042547,-0.038036518,-0.2283059,-0.21057826,-0.040781602,-0.24601558,-0.3075135,-0.03941915,-0.17847258,-0.19400054,0.029425249,-0.21830058,-0.29114455,0.015704414,-0.2306824,-0.33755445,-0.0034097927,-0.23737901,-0.37253457,-0.01591356,-0.14961743,-0.23419756,0.03343437,-0.1948429,-0.35942405,0.028943665,-0.22279534,-0.44672373,0.012472652,-0.24358082,-0.52071905,0.00063742726,-0.112573266,-0.25255272,0.027390454,-0.15853348,-0.3708417,0.018513452,-0.18765548,-0.4511115,0.0025660887,-0.21151066,-0.519835,-0.008391477,-0.06815994,-0.26315716,0.016449464,-0.10620847,-0.35462618,0.009336409,-0.1328243,-0.41322643,0.0040718187,-0.15706992,-0.46883684,-0.0002520396
-0.08656919,-0.012557566,-0.024957923,-0.16350615,-0.124219835,-0.028350102,-0.20011333,-0.23175594,-0.032223646,-0.21351317,-0.3137483,-0.03439695,-0.15344936,-0.20911664,0.014102458,-0.18701565,-0.2991513,-0.003517779,-0.19251889,-0.35521036,-0.024390653,-0.19177008,-0.40657663,-0.038898725,-0.124501824,-0.24807125,0.011656826,-0.15634319,-0.37751794,0.0018011179,-0.17392278,-0.4689214,-0.015573708,-0.18388557,-0.5484895,-0.028075892,-0.087798625,-0.26279968,0.0021920968,-0.12124011,-0.3885298,-0.009729021,-0.14005762,-0.47236642,-0.02386341,-0.15226296,-0.54268515,-0.033699676,-0.04684496,-0.26351494,-0.011076892,-0.073761106,-0.36148053,-0.01953174,-0.09261492,-0.42501098,-0.022418486,-0.1070033,-0.48017478,-0.02500982
-0.08120698,-0.022013366,-0.028511772,-0.15615574,-0.13699484,-0.034343988,-0.19344777,-0.2472975,-0.039795388,-0.19775239,-0.33922565,-0.0427091,-0.14551485,-0.22585753,0.010777165,-0.17388758,-0.32991883,-0.010296722,-0.18115306,-0.37797225,-0.031860642,-0.18237433,-0.41160142,-0.04520225,-0.11346039,-0.2588826,0.009983153,-0.1397149,-0.39744374,-0.0012738465,-0.15625861,-0.48904905,-0.01893065,-0.16585761,-0.56576526,-0.031190183,-0.07478216,-0.26775157,0.0015256621,-0.10231885,-0.40067542,-0.011787659,-0.11962375,-0.48796135,-0.027510492,-0.13177323,-0.5607871,-0.038168147,-0.030732274,-0.26309034,-0.010735963,-0.053237557,-0.365506,-0.020573609,-0.06891805,-0.4306289,-0.02476962,-0.08151084,-0.48841262,-0.02788087
-0.08529529,-0.028520465,-0.028239567,-0.15485871,-0.14303887,-0.03412247,-0.18802312,-0.251877,-0.039896928,-0.19129482,-0.34135735,-0.043071155,-0.14172885,-0.23473182,0.012710188,-0.16462222,-0.3440974,-0.008780624,-0.17005464,-0.39426786,-0.031363137,-0.17024112,-0.42913675,-0.045457345,-0.10578969,-0.26514316,0.011362056,-0.12839061,-0.40213248,-0.00011704539,-0.14209285,-0.49392834,-0.019394508,-0.15022343,-0.56998,-0.033045344,-0.06571537,-0.2713171,0.002301674,-0.090198636,-0.40367302,-0.010557729,-0.105106026,-0.4903509,-0.026536705,-0.115641,-0.561582,-0.037546493,-0.021138012,-0.26296782,-0.010653749,-0.04196757,-0.36446527,-0.020650955,-0.05649656,-0.43052757,-0.02516088,-0.06725228,-0.4893843,-0.02828182
-0.08259976,-0.041455626,-0.028392423,-0.14309594,-0.16740906,-0.037605524,-0.16766262,-0.2816412,-0.04682959,-0.16282737,-0.37510026,-0.053632617,-0.12034741,-0.27261248,0.004399574,-0.13101941,-0.3897802,-0.021094855,-0.13494346,-0.4365305,-0.045298446,-0.1379981,-0.468704,-0.060395934,-0.081679076,-0.2973713,0.000100041456,-0.0928987,-0.4442647,-0.015747614,-0.10029295,-0.54286575,-0.03565791,-0.10491544,-0.62487227,-0.04960946,-0.039657116,-0.29379165,-0.011811417,-0.052983522,-0.43528554,-0.029112736,-0.061473966,-0.52916247,-0.046660136,-0.06833607,-0.6087004,-0.05862611,0.0065704584,-0.27389297,-0.02741767,-0.004253149,-0.38498282,-0.042106938,-0.0122931,-0.459441,-0.048893716,-0.018613517,-0.52668756,-0.053476464
-0.080050796,-0.03968048,-0.031139703,-0.14305875,-0.16775984,-0.04218674,-0.1667121,-0.28423584,-0.05267674,-0.16002887,-0.3808099,-0.060840793,-0.12142497,-0.27749535,-0.0003043205,-0.13177902,-0.39168787,-0.027019542,-0.13224307,-0.44311503,-0.051501926,-0.13084555,-0.48171735,-0.067171074,-0.080937,-0.30188212,-0.004398638,-0.09067088,-0.4489835,-0.02174572,-0.09527904,-0.5481859,-0.041088674,-0.09750369,-0.63178647,-0.05447802,-0.037463307,-0.29651675,-0.016266126,-0.049825728,-0.43956143,-0.034885537,-0.056661487,-0.53362024,-0.050565608,-0.061699152,-0.61474144,-0.061058488,0.010171711,-0.27338865,-0.032153226,-0.0014544129,-0.38576496,-0.04785004,-0.008268297,-0.46153706,-0.053830415,-0.012609422,-0.5304875,-0.05776535
-0.06690478,-0.06276941,-0.03614212,-0.1084497,-0.19748813,-0.05493626,-0.117497474,-0.31027588,-0.07358958,-0.09897572,-0.40214384,-0.08994628,-0.061910868,-0.32881907,-0.008252788,-0.046197623,-0.4488437,-0.043410603,-0.049039006,-0.484574,-0.0748854,-0.053785354,-0.50266314,-0.094066516,-0.020241678,-0.33497924,-0.014153904,0.0007019639,-0.48416176,-0.03527377,0.012254536,-0.5804605,-0.057256907,0.023996353,-0.66027176,-0.07315411,0.018576086,-0.3087828,-0.028843457,0.034672797,-0.45166254,-0.050167676,0.044425607,-0.5426839,-0.064147666,0.053786993,-0.62201226,-0.0740051,0.056248546,-0.26127154,-0.04832448,0.063771665,-0.37187737,-0.06578876,0.07174742,-0.44746542,-0.06974166,0.08042538,-0.5148121,-0.07254328
-0.06363425,-0.06325889,-0.035320073,-0.09994507,-0.20261902,-0.05503925,-0.10339251,-0.31476244,-0.07416826,-0.08127168,-0.40614793,-0.090807825,-0.04237014,-0.33401984,-0.015540946,-0.021385133,-0.4591964,-0.052016716,-0.0233078,-0.48491633,-0.08337752,-0.028606653,-0.49110758,-0.10167069,-8.08239e-05,-0.33330077,-0.021776611,0.027239263,-0.48571017,-0.04271402,0.04345268,-0.58443373,-0.06359883,0.060055017,-0.66364074,-0.07905152,0.037688315,-0.29904544,-0.03627456,0.061357558,-0.44017208,-0.056226052,0.07632035,-0.5323621,-0.068668984,0.09125978,-0.6125293,-0.07818294,0.072072685,-0.24381983,-0.055451434,0.084006906,-0.35452646,-0.07186855,0.09612352,-0.4297141,-0.07415177,0.109811604,-0.49757996,-0.07610595
-0.05809039,-0.06474334,-0.035383124,-0.08735067,-0.19971842,-0.056178384,-0.08773714,-0.30547255,-0.0765808,-0.06964105,-0.39411148,-0.09511499,-0.028126985,-0.32322803,-0.022249067,-0.008777738,-0.45010674,-0.06732673,-0.01523295,-0.46966434,-0.10491219,-0.023439825,-0.46246302,-0.12532724,0.011711955,-0.32110286,-0.029123351,0.04059273,-0.47337252,-0.0548064,0.05813259,-0.57301366,-0.07999289,0.07693589,-0.6519561,-0.09821032,0.04803258,-0.28568038,-0.04430142,0.07476628,-0.42620656,-0.068191685,0.09240675,-0.51809037,-0.084805384,0.10973424,-0.5967052,-0.09669275,0.08098233,-0.22910953,-0.06388478,0.09800106,-0.33818802,-0.0832737,0.112995625,-0.41176713,-0.08803672,0.12802511,-0.47711697,-0.09143518
-0.058591425,-0.059289575,-0.033184867,-0.08973774,-0.19188875,-0.053131916,-0.09367108,-0.29736376,-0.072548635,-0.07158303,-0.38179493,-0.089805916,-0.025310367,-0.31102908,-0.022460213,-0.0025767386,-0.43960157,-0.06401287,-0.018743783,-0.46244186,-0.096265994,-0.03858179,-0.45520395,-0.11282714,0.009116352,-0.30810148,-0.028410377,0.039505243,-0.46056002,-0.05215517,0.051650822,-0.5580274,-0.07216632,0.063678086,-0.6341822,-0.085937396,0.040825725,-0.2761839,-0.042185966,0.066271365,-0.41711688,-0.06332638,0.08092511,-0.50768304,-0.076487586,0.09492403,-0.5826708,-0.085982166,0.0699842,-0.22487402,-0.060165003,0.0854826,-0.3320921,-0.076882355,0.100040495,-0.40248019,-0.08038665,0.115428865,-0.46460325,-0.08287714
-0.06163612,-0.057652056,-0.029445235,-0.095192194,-0.19361752,-0.046388283,-0.103854805,-0.30157343,-0.06418657,-0.084362745,-0.38652408,-0.079556055,-0.025921345,-0.3123432,-0.013133506,-0.006921768,-0.44174227,-0.05554881,-0.027911782,-0.4606645,-0.089853734,-0.049524903,-0.4484797,-0.10750832,0.006895542,-0.3100226,-0.020622088,0.031873286,-0.46192044,-0.04447809,0.041484654,-0.56145823,-0.065687574,0.05135864,-0.6397375,-0.08023704,0.035859168,-0.27890137,-0.036522128,0.057310164,-0.41913748,-0.05763316,0.06903714,-0.5096031,-0.071738236,0.08005178,-0.58560133,-0.08175465,0.06394267,-0.22979552,-0.05653838,0.078888476,-0.33744538,-0.072949335,0.092126966,-0.4071708,-0.0771934,0.106073916,-0.4709595,-0.08028537
-0.0637061,-0.06204307,-0.03107451,-0.09852761,-0.19722342,-0.048991892,-0.10729346,-0.30465597,-0.06769665,-0.09070048,-0.3926983,-0.08388177,-0.029185176,-0.31263152,-0.013780654,-0.009449542,-0.4428872,-0.0550772,-0.028912187,-0.46583745,-0.08868942,-0.049005747,-0.46119994,-0.106837004,0.004041195,-0.31141242,-0.021639585,0.026905894,-0.46406025,-0.046121657,0.037068903,-0.5642692,-0.06810535,0.04749328,-0.6441436,-0.08354981,0.032696724,-0.2808904,-0.038130384,0.053263426,-0.42067978,-0.06045093,0.06617665,-0.511802,-0.07662382,0.07822168,-0.5880654,-0.08833037,0.060304284,-0.23240596,-0.05886644,0.07509732,-0.3388787,-0.07714544,0.08814603,-0.4094001,-0.08386504,0.101732194,-0.47343016,-0.089072146
-0.062616736,-0.05894637,-0.028933285,-0.09858754,-0.19061929,-0.047172353,-0.11021945,-0.2970129,-0.0661714,-0.09338242,-0.38346073,-0.082888454,-0.03338638,-0.31137127,-0.01634396,-0.017790288,-0.44288993,-0.057852086,-0.037249833,-0.46364558,-0.09127029,-0.057415724,-0.45390445,-0.10849221,0.0001912117,-0.31227002,-0.02418999,0.02290076,-0.46613562,-0.047008097,0.031854987,-0.56504536,-0.067157336,0.042157233,-0.6418214,-0.08125239,0.030812025,-0.28418747,-0.03988619,0.053076446,-0.42731562,-0.058951635,0.06514841,-0.51887083,-0.072205774,0.0764392,-0.5936303,-0.082281135,0.060100615,-0.2362935,-0.059680633,0.07636857,-0.34561536,-0.07429916,0.088793576,-0.41783118,-0.077844165,0.10108143,-0.48125947,-0.08076092
-0.06732702,-0.03591454,-0.035589106,-0.11901763,-0.14264303,-0.057044823,-0.13694397,-0.2384597,-0.07663812,-0.12714368,-0.31996414,-0.09572808,-0.08804095,-0.2699693,-0.036787875,-0.091080874,-0.38758317,-0.07506865,-0.09461504,-0.43275034,-0.104805745,-0.09938246,-0.4663009,-0.123146355,-0.044059515,-0.2831746,-0.043062847,-0.044298828,-0.43624538,-0.07482681,-0.045536578,-0.5382949,-0.10113825,-0.04683131,-0.62596536,-0.11844426,0.0013746023,-0.26660243,-0.05479469,0.0029758215,-0.412747,-0.08618828,0.003710091,-0.5098963,-0.108239666,0.0028992295,-0.5941926,-0.1214081,0.04662937,-0.2289381,-0.069426954,0.05193293,-0.3442188,-0.095620714,0.052549183,-0.4242319,-0.1066389,0.051391065,-0.49383712,-0.11306151
-0.054635286,-0.012703359,-0.057982676,-0.08797011,-0.082549274,-0.09729956,-0.06558126,-0.14479393,-0.1313436,-0.050844193,-0.1950683,-0.16043162,-0.10100889,-0.26068375,-0.06860862,-0.088932425,-0.3999375,-0.13357398,-0.0542593,-0.36471134,-0.17880781,-0.036061525,-0.30950123,-0.19756784,-0.038543344,-0.27424827,-0.06348777,-0.011476517,-0.42839968,-0.10205504,0.01593703,-0.5086156,-0.13287917,0.03064537,-0.58073694,-0.1538807,0.013273954,-0.25925404,-0.06720352,0.04167688,-0.3837565,-0.09914148,0.05604422,-0.46718085,-0.121165186,0.061564803,-0.54777807,-0.13503197,0.060133636,-0.23015392,-0.075868234,0.08080882,-0.33265913,-0.09371041,0.090984404,-0.3960337,-0.096933596,0.093633175,-0.4534604,-0.098925404
-0.048159838,-0.010868788,-0.07230987,-0.07602951,-0.07168633,-0.121083245,-0.05442494,-0.1334024,-0.16183083,-0.032913804,-0.20372176,-0.19749534,-0.09783468,-0.25082827,-0.09007496,-0.07879248,-0.38635013,-0.1604412,-0.042227566,-0.35785115,-0.20912726,-0.020539582,-0.3058025,-0.23055503,-0.033664703,-0.25915128,-0.07909251,-0.0066637397,-0.4092269,-0.12771316,0.024225473,-0.4962635,-0.16530475,0.040732563,-0.5721003,-0.19033028,0.019973695,-0.24427468,-0.07704021,0.045981824,-0.36968443,-0.116459124,0.062218487,-0.46236807,-0.14417012,0.06784415,-0.548906,-0.16138354,0.06776667,-0.21864569,-0.08042238,0.08975071,-0.3228972,-0.103647865,0.10076225,-0.3922842,-0.11210922,0.10258001,-0.45079964,-0.11757621
-0.04655534,-0.013223648,-0.090619445,-0.06850755,-0.079496026,-0.1463646,-0.04574424,-0.15203488,-0.19056204,-0.021095216,-0.23468548,-0.2280918,-0.09682122,-0.27056637,-0.106028736,-0.073227346,-0.40982956,-0.18498169,-0.033427775,-0.3841192,-0.23669223,-0.008033872,-0.32794756,-0.2583494,-0.029941916,-0.28117508,-0.08643513,-0.0009837747,-0.4380128,-0.14129548,0.028721392,-0.52312523,-0.18017204,0.044896364,-0.60048497,-0.20493263,0.02510643,-0.26820213,-0.077528015,0.04870653,-0.40035963,-0.12205137,0.062511265,-0.491638,-0.1499999,0.06669122,-0.5779887,-0.16653258,0.06931704,-0.24302757,-0.07574394,0.08590877,-0.35257486,-0.10180934,0.09340191,-0.42209068,-0.111583665,0.09364253,-0.48199582,-0.117353134
-0.047396183,-0.01376909,-0.08425091,-0.07449156,-0.078888655,-0.13689783,-0.0543347,-0.15627342,-0.17907809,-0.03170401,-0.24507257,-0.21417756,-0.10137999,-0.27108666,-0.0966859,-0.08150858,-0.41405368,-0.16938508,-0.040302396,-0.38960296,-0.21739991,-0.014867246,-0.33406878,-0.23760925,-0.03629297,-0.28458196,-0.079252735,-0.010422826,-0.44236535,-0.12959637,0.017159402,-0.5291557,-0.16659369,0.030424714,-0.60558695,-0.19085632,0.017611802,-0.27086473,-0.071779,0.040527463,-0.39804572,-0.11284353,0.054276347,-0.48994192,-0.13895157,0.058342755,-0.5775746,-0.1550729,0.06284094,-0.24351418,-0.07087842,0.0785411,-0.35022187,-0.09585527,0.08656019,-0.4182944,-0.10413826,0.086541474,-0.47948736,-0.10906339
-0.05230707,-0.012999594,-0.071402036,-0.08350873,-0.078184366,-0.118321344,-0.061293542,-0.15606195,-0.15687868,-0.03821695,-0.23521915,-0.18983492,-0.10663748,-0.26173022,-0.08675264,-0.091443,-0.41021225,-0.15158011,-0.055295408,-0.39431173,-0.19311184,-0.033319294,-0.34489724,-0.20945227,-0.041586637,-0.27627364,-0.07454972,-0.018580616,-0.43818235,-0.11527535,0.0071730018,-0.5247803,-0.14574502,0.018773675,-0.5966929,-0.16664602,0.011476934,-0.2640512,-0.07114469,0.034366786,-0.38922575,-0.10450135,0.048039854,-0.47702736,-0.12813231,0.050696492,-0.55508196,-0.14366692,0.057468176,-0.2385264,-0.07339969,0.073842704,-0.34616813,-0.094521575,0.08083874,-0.41469133,-0.101851985,0.07793546,-0.47083527,-0.106622614
-0.059312522,-0.025180995,-0.050584093,-0.09081954,-0.106190026,-0.08464526,-0.06785226,-0.18438202,-0.11456557,-0.0448727,-0.25475383,-0.14054239,-0.10587016,-0.26598305,-0.061566327,-0.09235719,-0.41521913,-0.12098333,-0.063399136,-0.40036315,-0.16191109,-0.049046934,-0.35632396,-0.17942902,-0.043168366,-0.27705008,-0.060170535,-0.021813512,-0.4400692,-0.099469475,0.00096821785,-0.53138745,-0.13180937,0.011929035,-0.6063476,-0.15381919,0.0082166195,-0.25999773,-0.06651538,0.032262266,-0.39712662,-0.10021262,0.043527365,-0.49075508,-0.12685817,0.0455302,-0.57381064,-0.14386514,0.055368423,-0.22783643,-0.076690584,0.075114965,-0.33827662,-0.09942383,0.08419728,-0.41365308,-0.108962886,0.08517122,-0.47790885,-0.115071855
-0.06328145,-0.03835976,-0.036459886,-0.10741812,-0.13725418,-0.05947571,-0.106751174,-0.225501,-0.07993896,-0.0906001,-0.2959866,-0.10035327,-0.0750916,-0.2826131,-0.042809345,-0.061883748,-0.39501876,-0.07849691,-0.059442014,-0.44342446,-0.10727635,-0.06253621,-0.48416388,-0.12650903,-0.027593315,-0.2868228,-0.049714904,-0.011663675,-0.4287572,-0.07895868,-0.0046560764,-0.5229452,-0.10343206,0.00032508373,-0.6048167,-0.12087364,0.016483784,-0.2628522,-0.061602984,0.03159672,-0.397108,-0.09026254,0.039902627,-0.48526418,-0.10874796,0.04585123,-0.56319225,-0.12106818,0.05820614,-0.21709752,-0.0768257,0.07101166,-0.32174316,-0.1022358,0.07797563,-0.39507502,-0.111038744,0.08224666,-0.45948738,-0.11650177
-0.054769874,-0.0426867,-0.03638742,-0.10165253,-0.16505903,-0.05765665,-0.11933875,-0.26251915,-0.07628634,-0.109487385,-0.34641126,-0.0938261,-0.05088505,-0.2931535,-0.034958757,-0.045775056,-0.41160798,-0.07503102,-0.060755342,-0.43767244,-0.106102034,-0.076298624,-0.43894726,-0.12296018,-0.014035463,-0.2921623,-0.039335016,-0.00525254,-0.4372985,-0.064960144,-0.0046855807,-0.53699076,-0.08735304,-0.0035330653,-0.6201109,-0.10270859,0.023282647,-0.2617225,-0.050063886,0.029996157,-0.39746198,-0.07445449,0.034486294,-0.49288046,-0.090880305,0.0398584,-0.5746746,-0.10168733,0.057086885,-0.20996958,-0.064427,0.058535457,-0.31825328,-0.08365692,0.06251609,-0.39555958,-0.08913727,0.068721175,-0.46182072,-0.09261503
-0.05517006,-0.043908954,-0.03114154,-0.098688096,-0.17061782,-0.048433743,-0.11497101,-0.26709187,-0.064014204,-0.105701506,-0.34762537,-0.07862914,-0.04205674,-0.29517445,-0.02762916,-0.033628643,-0.41214323,-0.06459848,-0.05108714,-0.43564513,-0.09459616,-0.07194781,-0.43453205,-0.11152863,-0.009185195,-0.2947945,-0.033238064,0.0028008819,-0.43605113,-0.057129752,0.0042102933,-0.5337281,-0.079594746,0.0057634115,-0.6139393,-0.09536464,0.024510443,-0.26545915,-0.044779595,0.033802867,-0.3974768,-0.06776648,0.04155433,-0.49247646,-0.0847115,0.049466133,-0.572562,-0.096207224,0.054689467,-0.21556717,-0.05957604,0.060460746,-0.3210034,-0.077590816,0.06763178,-0.3968545,-0.0834052,0.07626414,-0.46237504,-0.0875489
-0.055970907,-0.041838825,-0.03207007,-0.098783374,-0.16949624,-0.04988315,-0.11195484,-0.27007544,-0.066021025,-0.10754153,-0.35213935,-0.08065772,-0.040254176,-0.2938139,-0.029964326,-0.03348261,-0.41903943,-0.06766179,-0.054118425,-0.44155356,-0.096164376,-0.074073374,-0.43495366,-0.11112803,-0.0071594417,-0.29052714,-0.03575837,0.0034632087,-0.4382549,-0.059817214,0.0029883385,-0.5367521,-0.08053187,0.0051364303,-0.61537385,-0.094753385,0.0242365,-0.2588711,-0.04783362,0.03325969,-0.3956245,-0.071196154,0.03791523,-0.48822546,-0.08749053,0.04462689,-0.5655241,-0.0987688,0.051553488,-0.20699608,-0.06324357,0.05698484,-0.31133562,-0.08372673,0.06398207,-0.3850373,-0.090762876,0.07413757,-0.44987386,-0.09535454
-0.058244824,-0.040383577,-0.03785177,-0.106567025,-0.16681665,-0.058828954,-0.122455865,-0.26813224,-0.07657131,-0.11299947,-0.34991872,-0.09312811,-0.042847365,-0.2935048,-0.040592533,-0.035236895,-0.4177882,-0.080812655,-0.05408919,-0.44401732,-0.11088895,-0.07311666,-0.4444542,-0.12738185,-0.0071840286,-0.2873281,-0.044896,0.0015990138,-0.43475163,-0.07155211,0.0009006262,-0.53276855,-0.09379733,0.0023214817,-0.6125146,-0.108885944,0.026845574,-0.25066715,-0.055383537,0.03250712,-0.38217285,-0.08161278,0.035548568,-0.4756651,-0.09921843,0.042010367,-0.55598915,-0.11133944,0.05538833,-0.19225723,-0.06935315,0.052973747,-0.2889323,-0.092623495,0.05608052,-0.35889655,-0.10022392,0.063981295,-0.42180574,-0.104970045
-0.056983143,-0.040318966,-0.02688412,-0.10082877,-0.15078533,-0.043825127,-0.12000656,-0.23637217,-0.059751682,-0.11283842,-0.30165544,-0.07556936,-0.05083254,-0.27561444,-0.027932694,-0.046900004,-0.3864815,-0.061613236,-0.054022074,-0.42829812,-0.0883295,-0.06291121,-0.45013928,-0.10349126,-0.01100564,-0.2773992,-0.035589624,-0.00019818544,-0.42158294,-0.059480213,0.002477169,-0.51780254,-0.07914744,0.004683733,-0.5942008,-0.091541395,0.028314888,-0.25422126,-0.04806905,0.037180126,-0.3926795,-0.06988223,0.042722642,-0.48162884,-0.08300856,0.048246324,-0.55439615,-0.09079373,0.06322616,-0.2091093,-0.06343806,0.07266009,-0.3140944,-0.0801515,0.07966137,-0.38600892,-0.083863564,0.08670032,-0.44630182,-0.08538361
-0.058280915,-0.038606405,-0.02667729,-0.097544104,-0.14654434,-0.04531318,-0.104130626,-0.22673348,-0.063200064,-0.088183045,-0.2524529,-0.082044825,-0.059985757,-0.2740599,-0.030876802,-0.05602649,-0.37786388,-0.07028674,-0.051919997,-0.38968483,-0.10240308,-0.04978636,-0.39138386,-0.12076514,-0.009847462,-0.27908394,-0.041844703,0.0033459663,-0.41545594,-0.067890786,0.008467615,-0.5059412,-0.09151409,0.011721075,-0.5849253,-0.108016066,0.03550309,-0.25077102,-0.05833768,0.05057156,-0.3806741,-0.083322525,0.057453036,-0.47210652,-0.10185377,0.062319696,-0.553146,-0.11411769,0.074697554,-0.19945025,-0.07743772,0.08101863,-0.30230725,-0.09543996,0.08833772,-0.37630597,-0.100225985,0.09434968,-0.4413491,-0.10389814
-0.058280915,-0.038606405,-0.02667729,-0.097544104,-0.14654434,-0.04531318,-0.104130626,-0.22673348,-0.063200064,-0.088183045,-0.2524529,-0.082044825,-0.059985757,-0.2740599,-0.030876802,-0.05602649,-0.37786388,-0.07028674,-0.051919997,-0.38968483,-0.10240308,-0.04978636,-0.39138386,-0.12076514,-0.009847462,-0.27908394,-0.041844703,0.0033459663,-0.41545594,-0.067890786,0.008467615,-0.5059412,-0.09151409,0.011721075,-0.5849253,-0.108016066,0.03550309,-0.25077102,-0.05833768,0.05057156,-0.3806741,-0.083322525,0.057453036,-0.47210652,-0.10185377,0.062319696,-0.553146,-0.11411769,0.074697554,-0.19945025,-0.07743772,0.08101863,-0.30230725,-0.09543996,0.08833772,-0.37630597,-0.100225985,0.09434968,-0.4413491,-0.10389814
-0.050749958,-0.021341443,-0.08000062,-0.068422854,-0.07984871,-0.1336474,-0.02929002,-0.12019998,-0.17659464,0.012725413,-0.16407132,-0.21415253,-0.064872146,-0.26299703,-0.102148674,-0.027137756,-0.37416393,-0.17990787,0.007859468,-0.32020754,-0.23540008,0.02828598,-0.2540015,-0.26030508,0.0052847266,-0.2561287,-0.088462315,0.055838585,-0.39010262,-0.13940012,0.08893412,-0.46455455,-0.17970878,0.10925263,-0.53879106,-0.20739807,0.05695641,-0.23098421,-0.08396683,0.10295761,-0.345836,-0.12522677,0.12201089,-0.42981505,-0.15392813,0.13053793,-0.5133114,-0.17169715,0.09345132,-0.19966924,-0.085155755,0.121527255,-0.29499295,-0.106362954,0.13052869,-0.35961094,-0.11198103,0.13258058,-0.41714776,-0.11568276
-0.050749958,-0.021341443,-0.08000062,-0.068422854,-0.07984871,-0.1336474,-0.02929002,-0.12019998,-0.17659464,0.012725413,-0.16407132,-0.21415253,-0.064872146,-0.26299703,-0.102148674,-0.027137756,-0.37416393,-0.17990787,0.007859468,-0.32020754,-0.23540008,0.02828598,-0.2540015,-0.26030508,0.0052847266,-0.2561287,-0.088462315,0.055838585,-0.39010262,-0.13940012,0.08893412,-0.46455455,-0.17970878,0.10925263,-0.53879106,-0.20739807,0.05695641,-0.23098421,-0.08396683,0.10295761,-0.345836,-0.12522677,0.12201089,-0.42981505,-0.15392813,0.13053793,-0.5133114,-0.17169715,0.09345132,-0.19966924,-0.085155755,0.121527255,-0.29499295,-0.106362954,0.13052869,-0.35961094,-0.11198103,0.13258058,-0.41714776,-0.11568276
-0.041818976,-0.027092278,-0.07186551,-0.053041935,-0.09167528,-0.11908379,-0.012095094,-0.13928396,-0.15652676,0.031496823,-0.19171125,-0.18786894,-0.04436642,-0.2779329,-0.084073134,-0.0059326887,-0.3750075,-0.15691218,0.028553843,-0.31652585,-0.20999691,0.046973526,-0.24499607,-0.23270425,0.023141801,-0.27098173,-0.07205332,0.07165605,-0.39872643,-0.119440325,0.1043722,-0.4810149,-0.15694903,0.122538865,-0.5554192,-0.18098617,0.07303727,-0.23991218,-0.06924523,0.118751526,-0.342913,-0.10774211,0.13960671,-0.42939812,-0.1328292,0.14759696,-0.5115756,-0.14667778,0.10841578,-0.19792342,-0.07175544,0.13746798,-0.28363582,-0.09200658,0.14296621,-0.34695083,-0.09413652,0.14152777,-0.40282243,-0.09338809
-0.047792017,-0.022742093,-0.07816691,-0.06681788,-0.09739715,-0.12859605,-0.033721566,-0.15986353,-0.16941835,0.001542449,-0.23249131,-0.2040256,-0.07448614,-0.28424823,-0.089074194,-0.037574053,-0.4095621,-0.16384777,-0.00022298098,-0.37142453,-0.21485215,0.019371629,-0.3053208,-0.23554572,-0.0057643056,-0.28383487,-0.073748,0.04044789,-0.42927414,-0.12205001,0.07459259,-0.5055207,-0.15700345,0.09401548,-0.57345074,-0.17909977,0.048526645,-0.26115048,-0.06869797,0.08950925,-0.38596627,-0.10853109,0.110026896,-0.4681806,-0.13198033,0.11832374,-0.5461298,-0.14505622,0.09010261,-0.22677606,-0.069729075,0.118786216,-0.3284382,-0.09245361,0.12926847,-0.39069316,-0.09736536,0.13032728,-0.444566,-0.09907864
-0.046402335,-0.01784271,-0.083517134,-0.06496042,-0.08917594,-0.13633943,-0.03517753,-0.15584916,-0.17855771,0.0010581613,-0.2304135,-0.21409063,-0.07619673,-0.28281134,-0.097726546,-0.03702551,-0.41478932,-0.17254533,-0.0010300279,-0.37355015,-0.22163782,0.014892042,-0.30801365,-0.24129717,-0.007720232,-0.28168026,-0.08035066,0.037834287,-0.4314198,-0.1299079,0.071899176,-0.5084275,-0.1649731,0.09006983,-0.5781641,-0.18730246,0.045968413,-0.2591846,-0.07325052,0.083810925,-0.38595968,-0.11402425,0.102559865,-0.4731762,-0.13871878,0.11099243,-0.55895525,-0.1532595,0.08754015,-0.22599429,-0.07253856,0.114038885,-0.33066687,-0.09590546,0.12550497,-0.39349735,-0.101825856,0.12850481,-0.45018557,-0.10483538
-0.050664485,-0.016062975,-0.07444452,-0.070968986,-0.0813846,-0.12357782,-0.044335604,-0.13616586,-0.16397437,-0.020606577,-0.19529039,-0.1982518,-0.079799056,-0.27123913,-0.09358494,-0.047056437,-0.408655,-0.16591199,-0.012077153,-0.36964896,-0.21200795,0.0018522739,-0.30806285,-0.22940157,-0.011242688,-0.26871192,-0.08111509,0.032487094,-0.42275435,-0.12884225,0.06807643,-0.5021949,-0.16244338,0.08569491,-0.5756899,-0.18385486,0.04236418,-0.24706113,-0.07797173,0.08033931,-0.37262177,-0.11605847,0.10126501,-0.46023142,-0.13997567,0.1105513,-0.54454434,-0.15387788,0.086960495,-0.21724021,-0.0805508,0.11353451,-0.32409146,-0.100941725,0.12695557,-0.39049628,-0.10546635,0.1307627,-0.4483797,-0.10756704
-0.048751354,-0.019906402,-0.07182902,-0.06930369,-0.09227681,-0.11709885,-0.04420042,-0.15677756,-0.15373498,-0.023987174,-0.22822982,-0.18473916,-0.08309823,-0.27674857,-0.08693679,-0.05211109,-0.41054603,-0.15723963,-0.015089989,-0.37354374,-0.204347,0.0018550754,-0.31504306,-0.22376771,-0.015206158,-0.2726498,-0.07545268,0.02669555,-0.4204918,-0.12352443,0.06332898,-0.501055,-0.15990856,0.08255315,-0.5749495,-0.1837304,0.038241863,-0.24705034,-0.07321977,0.07636738,-0.36798042,-0.11334049,0.09854156,-0.45585537,-0.14053416,0.10927552,-0.5404411,-0.15667638,0.08301735,-0.21242338,-0.07633218,0.11082655,-0.3161355,-0.10110879,0.12542057,-0.38401234,-0.10980401,0.12976968,-0.4440544,-0.11456416
-0.05058813,-0.016274035,-0.06757668,-0.070476115,-0.08798009,-0.11033543,-0.043975174,-0.14772671,-0.14502567,-0.02257365,-0.21323502,-0.17452554,-0.08094537,-0.27421555,-0.083207004,-0.052704394,-0.4123814,-0.14881644,-0.016655505,-0.37507984,-0.19285157,0.0007381439,-0.3181715,-0.21098371,-0.013995707,-0.26950252,-0.073782764,0.026405811,-0.41694194,-0.11845236,0.06274772,-0.49510694,-0.15304647,0.08146423,-0.56787294,-0.1758882,0.037736833,-0.24278334,-0.073124945,0.07557738,-0.3574828,-0.11158433,0.10093975,-0.44586438,-0.13908218,0.11473632,-0.5323899,-0.15585694,0.08208454,-0.20728838,-0.07725472,0.10951823,-0.3076083,-0.10016478,0.12594336,-0.36991215,-0.10703898,0.13226163,-0.42520258,-0.11104969
-0.049556077,-0.015863478,-0.06774078,-0.07181513,-0.08528888,-0.11022408,-0.045216024,-0.1506105,-0.14454006,-0.026413798,-0.22169381,-0.17342639,-0.085737705,-0.27363378,-0.08050794,-0.058132768,-0.40949643,-0.14386249,-0.022306442,-0.37795198,-0.18605064,-0.0057750344,-0.32594514,-0.2035574,-0.019522369,-0.27466416,-0.070936464,0.02163595,-0.42346853,-0.11410963,0.05798024,-0.5021834,-0.14826412,0.07751578,-0.57467085,-0.1711537,0.03190297,-0.24873921,-0.07006886,0.0697217,-0.36090255,-0.10857065,0.09555453,-0.44359446,-0.13649866,0.10978538,-0.52582747,-0.15341106,0.075558424,-0.2116757,-0.07394344,0.10423398,-0.31072804,-0.09828713,0.123140156,-0.37228188,-0.106851585,0.13189572,-0.42937028,-0.11198119
-0.06038654,-0.030406833,-0.039494745,-0.10143632,-0.1018883,-0.06899152,-0.100447476,-0.15776742,-0.09558658,-0.08830887,-0.19561613,-0.12221249,-0.07405287,-0.25693887,-0.0553419,-0.054780483,-0.36220297,-0.09727071,-0.04227084,-0.3964674,-0.13016939,-0.041695476,-0.42671376,-0.1509865,-0.021402597,-0.25508854,-0.061922666,0.004513979,-0.38097122,-0.09443829,0.018518329,-0.4556772,-0.12026413,0.026690781,-0.5266906,-0.13861728,0.025019288,-0.22896838,-0.07354236,0.046514392,-0.34441203,-0.10397243,0.05891311,-0.41852945,-0.12232622,0.06659776,-0.48870894,-0.13425489,0.06886339,-0.18501061,-0.088686496,0.0881148,-0.2755854,-0.11293221,0.09776145,-0.33823368,-0.1203365,0.10278946,-0.39599645,-0.124992535
-0.061454475,-0.025703728,-0.0327964,-0.11136523,-0.10377264,-0.055282146,-0.13399625,-0.16808051,-0.075532205,-0.11997083,-0.20789135,-0.09616959,-0.07373315,-0.24815848,-0.038373634,-0.072469056,-0.34145674,-0.07183745,-0.06969854,-0.38937753,-0.09937004,-0.068162054,-0.4312935,-0.11849004,-0.028973699,-0.2522235,-0.045698054,-0.021864593,-0.3670547,-0.07310799,-0.018967152,-0.4401491,-0.09467545,-0.016062856,-0.50613123,-0.109295055,0.013894081,-0.22874844,-0.057509284,0.020545006,-0.34027234,-0.085205585,0.025706232,-0.41084987,-0.0990066,0.030376673,-0.47639528,-0.107168555,0.05393666,-0.18193841,-0.07242115,0.06453669,-0.26529154,-0.09542428,0.07148874,-0.3214189,-0.10065168,0.07669449,-0.3733762,-0.10319688
-0.053088427,-0.031284034,-0.03908603,-0.10473028,-0.11726743,-0.066936366,-0.13411742,-0.18904305,-0.09187502,-0.12534133,-0.25952843,-0.11808222,-0.071924,-0.25630254,-0.053357925,-0.06665772,-0.35970303,-0.094261125,-0.05741608,-0.4204614,-0.12563625,-0.048430324,-0.47551227,-0.14738244,-0.033452332,-0.2516815,-0.059874915,-0.03088057,-0.37048978,-0.09733026,-0.02718401,-0.45103633,-0.12584859,-0.022751689,-0.5260322,-0.14465293,0.0071986914,-0.21786764,-0.07038043,0.012752235,-0.32965288,-0.106845625,0.018565059,-0.40499234,-0.1246844,0.024112403,-0.47661242,-0.1349896,0.04561174,-0.16185367,-0.08394254,0.052393734,-0.24547577,-0.11485418,0.058311164,-0.30716702,-0.124490775,0.06495416,-0.36632735,-0.12964885
-0.053057194,-0.03006953,-0.036237203,-0.10393575,-0.119813025,-0.062118933,-0.13389379,-0.19267094,-0.085448034,-0.1271609,-0.25667894,-0.11036852,-0.0713411,-0.2644634,-0.052428164,-0.062413633,-0.37636185,-0.09220766,-0.05218774,-0.4410166,-0.12231758,-0.04150206,-0.4985678,-0.14290679,-0.030062377,-0.26053736,-0.05911844,-0.022889256,-0.38691962,-0.09605346,-0.017474592,-0.47391027,-0.12464759,-0.011673391,-0.5542474,-0.14330849,0.013565958,-0.2271272,-0.06937966,0.02158165,-0.34752974,-0.104493685,0.028426588,-0.4277014,-0.12306095,0.0349831,-0.50396454,-0.13381118,0.05372101,-0.17254758,-0.082308546,0.06202036,-0.26458818,-0.11257361,0.06848514,-0.33129394,-0.12280064,0.07666576,-0.39591396,-0.12809782
-0.055166543,-0.03203404,-0.043665316,-0.10651538,-0.12559968,-0.07430595,-0.13495657,-0.2034406,-0.101665065,-0.1276207,-0.27602732,-0.1305067,-0.070271075,-0.27483052,-0.064042434,-0.059376717,-0.39273387,-0.109060355,-0.047582507,-0.46153235,-0.14242464,-0.03488326,-0.5235107,-0.16544086,-0.030144274,-0.26915166,-0.07023887,-0.022458911,-0.40141544,-0.11281785,-0.014808714,-0.49262863,-0.14440951,-0.0062858462,-0.5779818,-0.16510029,0.012152374,-0.23175842,-0.080579735,0.020950913,-0.35531813,-0.12164324,0.030844212,-0.43847764,-0.14282443,0.040055513,-0.51900256,-0.15495192,0.05199206,-0.17286485,-0.09411789,0.05998969,-0.2693631,-0.1297129,0.06708789,-0.3373414,-0.14231887,0.07556337,-0.4029661,-0.14912705
-0.05263859,-0.028532863,-0.037859924,-0.103741735,-0.12106156,-0.06295819,-0.13194987,-0.19483209,-0.08524556,-0.13514963,-0.26429912,-0.10855979,-0.07198191,-0.27292314,-0.04870741,-0.06659496,-0.3837072,-0.08768222,-0.058690786,-0.44649953,-0.118241355,-0.04937631,-0.50139624,-0.13898797,-0.03064537,-0.2729141,-0.05469818,-0.026562095,-0.40155149,-0.08998896,-0.021534443,-0.49243504,-0.11839626,-0.014898181,-0.57451046,-0.13714911,0.012049079,-0.24262583,-0.06503817,0.016306639,-0.36542958,-0.09915787,0.023837805,-0.44824737,-0.11849705,0.03205329,-0.5243423,-0.12987551,0.05165547,-0.18975455,-0.078401305,0.056423306,-0.28451636,-0.1084053,0.06216395,-0.35211235,-0.11917555,0.06985992,-0.414986,-0.12493395
-0.054075837,-0.029874325,-0.037752137,-0.10527694,-0.12216735,-0.06325071,-0.13355374,-0.19659859,-0.0864112,-0.13027996,-0.26490024,-0.110101014,-0.073405266,-0.277807,-0.046977658,-0.066213846,-0.39079234,-0.08712377,-0.059333205,-0.4433123,-0.11852961,-0.05327356,-0.4872584,-0.13942066,-0.031843185,-0.27713498,-0.053363293,-0.026461363,-0.40857935,-0.088456236,-0.022561014,-0.49797425,-0.116820164,-0.017772615,-0.5789436,-0.13564247,0.010982454,-0.24593052,-0.06444731,0.016658664,-0.37030017,-0.09833052,0.023502052,-0.45089734,-0.117565416,0.02987951,-0.52549917,-0.1288522,0.050323725,-0.19219893,-0.07868096,0.05642748,-0.2885672,-0.10811246,0.06277889,-0.35426983,-0.11810447,0.070420146,-0.41572693,-0.12328266
-0.06022191,-0.02559477,-0.036257684,-0.11134273,-0.1097213,-0.060251545,-0.13998696,-0.17983359,-0.081610985,-0.14260408,-0.24260649,-0.10297518,-0.08535433,-0.2522542,-0.041793387,-0.08505595,-0.35809383,-0.08052885,-0.08624935,-0.4050654,-0.11126975,-0.09052387,-0.44260997,-0.13077965,-0.042093933,-0.26343018,-0.047060806,-0.039788604,-0.3982095,-0.079632476,-0.040610194,-0.4922436,-0.10572864,-0.04276657,-0.5737817,-0.12284438,0.0021817684,-0.24703875,-0.05735299,0.007050276,-0.37756294,-0.08849725,0.009480238,-0.46727398,-0.10836531,0.008973479,-0.54599124,-0.119919516,0.04559642,-0.20941055,-0.07065938,0.0539037,-0.3149592,-0.096457146,0.055653036,-0.38760895,-0.10642144,0.05518496,-0.45237643,-0.11185506
-0.061486125,-0.016336441,-0.04270411,-0.122776985,-0.095359564,-0.07098466,-0.1451801,-0.18328553,-0.09501345,-0.13311797,-0.26751852,-0.11831561,-0.120418936,-0.22941935,-0.050716158,-0.13183239,-0.34152675,-0.094640404,-0.14177951,-0.38717338,-0.12766948,-0.15542558,-0.41772377,-0.14737344,-0.07618517,-0.25434345,-0.05282401,-0.08675915,-0.39675853,-0.08813393,-0.09680128,-0.49803433,-0.11527113,-0.1090219,-0.5848968,-0.13327798,-0.028391719,-0.25019655,-0.06053381,-0.038482845,-0.3852858,-0.09486396,-0.045929134,-0.4826129,-0.11803234,-0.05554515,-0.5654832,-0.1316067,0.021701694,-0.2263478,-0.071425855,0.014558017,-0.33786628,-0.10068403,0.006734252,-0.4184753,-0.11431865,-0.002708733,-0.48829418,-0.12209043
