0,1,2,3,4,5,6,7,8,9,10,11,12,13,14,15,16,17,18,19,20,21,22,23,24,25,26,27,28,29,30,31,32,33,34,35,36,37,38,39,40,41,42,43,44,45,46,47,48,49,50,51,52,53,54,55,56,57,58,59
-0.080525964,-0.06839663,-0.027667081,-0.09677979,-0.21082413,-0.050289128,-0.03184682,-0.30307823,-0.07341532,0.034527957,-0.35170376,-0.094349526,-0.07482487,-0.33126706,-0.03469298,-0.122574866,-0.34739536,-0.09058428,-0.13025859,-0.23903513,-0.1296122,-0.11889303,-0.15506512,-0.15017277,-0.015227199,-0.33329374,-0.0441436,-0.0780195,-0.3561948,-0.10590103,-0.09174794,-0.23304534,-0.12566656,-0.08266872,-0.13758117,-0.124917604,0.039284766,-0.30494684,-0.058964074,-0.019579828,-0.28816593,-0.10239732,-0.037859946,-0.16597718,-0.08906482,-0.03705412,-0.087680995,-0.06894252,0.08075774,-0.26072675,-0.07781965,0.019358635,-0.21953171,-0.09700384,0.002115965,-0.13910991,-0.08072372,0.009361684,-0.10528499,-0.0629426
-0.077780575,-0.07295501,-0.025205834,-0.0929476,-0.2231757,-0.04385471,-0.031087995,-0.3171112,-0.06389088,0.03446734,-0.3645715,-0.0805204,-0.072390944,-0.3306929,-0.02572356,-0.12598303,-0.36247414,-0.07796105,-0.13106275,-0.25463212,-0.112913385,-0.118143946,-0.17255831,-0.1303891,-0.015124619,-0.33336794,-0.035747264,-0.079052985,-0.3661937,-0.0956576,-0.09081817,-0.24413186,-0.113005094,-0.08096963,-0.14896649,-0.10962142,0.034915447,-0.3070799,-0.051808566,-0.025283694,-0.3000179,-0.09471443,-0.04034847,-0.18081218,-0.082477525,-0.037080646,-0.103475034,-0.062070213,0.071920335,-0.2663064,-0.07201576,0.01420331,-0.22960997,-0.09072349,-0.0022315383,-0.15313,-0.07733362,0.004712403,-0.12100577,-0.061338514
-0.07023683,-0.065150976,-0.027235271,-0.07874566,-0.20456076,-0.04649093,-0.016475976,-0.2874624,-0.06538956,0.043525577,-0.3375638,-0.08151476,-0.07258251,-0.29730284,-0.033428445,-0.111582965,-0.3334589,-0.08176059,-0.11133611,-0.23674977,-0.11265283,-0.098597884,-0.16395962,-0.127221,-0.015917182,-0.30088496,-0.039829984,-0.064420015,-0.35334173,-0.09427284,-0.074977934,-0.24511826,-0.11051395,-0.06779432,-0.15797615,-0.10695263,0.035517395,-0.27887756,-0.050858896,-0.006441891,-0.2748536,-0.091525726,-0.022501767,-0.15523475,-0.08071494,-0.023951411,-0.08002895,-0.060910594,0.07508159,-0.24404365,-0.065320954,0.026343942,-0.21140671,-0.08293416,0.011415005,-0.13497359,-0.068744205,0.01605624,-0.10200477,-0.052054886
-0.07023683,-0.065150976,-0.027235271,-0.07874566,-0.20456076,-0.04649093,-0.016475976,-0.2874624,-0.06538956,0.043525577,-0.3375638,-0.08151476,-0.07258251,-0.29730284,-0.033428445,-0.111582965,-0.3334589,-0.08176059,-0.11133611,-0.23674977,-0.11265283,-0.098597884,-0.16395962,-0.127221,-0.015917182,-0.30088496,-0.039829984,-0.064420015,-0.35334173,-0.09427284,-0.074977934,-0.24511826,-0.11051395,-0.06779432,-0.15797615,-0.10695263,0.035517395,-0.27887756,-0.050858896,-0.006441891,-0.2748536,-0.091525726,-0.022501767,-0.15523475,-0.08071494,-0.023951411,-0.08002895,-0.060910594,0.07508159,-0.24404365,-0.065320954,0.026343942,-0.21140671,-0.08293416,0.011415005,-0.13497359,-0.068744205,0.01605624,-0.10200477,-0.052054886
-0.06814021,-0.06356144,-0.024503961,-0.0760259,-0.20096761,-0.043098915,-0.01782763,-0.28604877,-0.06203295,0.03746617,-0.3356827,-0.07818329,-0.070554525,-0.28884363,-0.029433621,-0.10687876,-0.33053613,-0.07758856,-0.106458604,-0.23756659,-0.108541146,-0.09468323,-0.16583186,-0.12330292,-0.015615404,-0.29147553,-0.037117787,-0.05955851,-0.3445166,-0.09193194,-0.06875771,-0.23692161,-0.10825604,-0.060857713,-0.15074837,-0.1049186,0.035073936,-0.27039015,-0.049502235,-0.0052413344,-0.27779955,-0.089207225,-0.018910348,-0.1637066,-0.07674171,-0.017854214,-0.09092724,-0.05638418,0.07490313,-0.23740679,-0.06525623,0.028718531,-0.21914035,-0.08273077,0.015064836,-0.1447227,-0.067931086,0.021172702,-0.11190057,-0.050938454
-0.0627881,-0.062408984,-0.025103947,-0.0674763,-0.19298124,-0.042857956,-0.009281993,-0.272605,-0.060828764,0.046520233,-0.32060218,-0.07524271,-0.0660249,-0.26899546,-0.02373954,-0.099187374,-0.31766856,-0.0672042,-0.09549928,-0.2337485,-0.09448612,-0.08443925,-0.16761291,-0.10602006,-0.01517117,-0.26847094,-0.029517094,-0.04829511,-0.33409482,-0.077877015,-0.05641389,-0.24061799,-0.092792824,-0.05338499,-0.16052938,-0.08875877,0.033908844,-0.24952155,-0.040163055,0.0068246126,-0.26470506,-0.077887714,-0.010753036,-0.1590963,-0.06856359,-0.016168058,-0.08896929,-0.049458757,0.07638347,-0.21965164,-0.05380391,0.042211175,-0.22735435,-0.06904721,0.026032567,-0.15691835,-0.05354003,0.026721597,-0.11658448,-0.03591835
-0.06337571,-0.060334444,-0.024630954,-0.069174826,-0.18726903,-0.042445287,-0.01060462,-0.26605833,-0.060534984,0.04361981,-0.31687298,-0.07552482,-0.06960732,-0.27021098,-0.024013005,-0.09986356,-0.31224912,-0.067551084,-0.09704861,-0.22489667,-0.09548985,-0.087806284,-0.15192091,-0.107031524,-0.019578338,-0.26823497,-0.03048717,-0.05298245,-0.3342711,-0.07749135,-0.062773466,-0.23790294,-0.09199904,-0.061243236,-0.15141809,-0.08797313,0.029552758,-0.24885273,-0.04186748,0.0060029626,-0.2703935,-0.08038848,-0.011438131,-0.16421688,-0.07266084,-0.016671121,-0.09070593,-0.054621316,0.072558105,-0.21955293,-0.055899315,0.03689164,-0.22792643,-0.07224364,0.021541655,-0.15658426,-0.05750042,0.023216963,-0.11422926,-0.040465105
-0.06297186,-0.05971378,-0.022964455,-0.066765845,-0.18981826,-0.03945399,-0.0064481497,-0.2649119,-0.056199543,0.046798944,-0.3104509,-0.070064195,-0.06405726,-0.26691395,-0.025108112,-0.09226805,-0.308196,-0.067006685,-0.09106451,-0.2192033,-0.09323829,-0.08106214,-0.1475178,-0.1045312,-0.013218164,-0.26752454,-0.030871682,-0.046930373,-0.32244673,-0.078211114,-0.054519683,-0.22138274,-0.0914051,-0.04697919,-0.13772488,-0.08659344,0.03485775,-0.24825233,-0.041159503,0.008208454,-0.2666403,-0.076042466,-0.0076609254,-0.16053575,-0.06539961,-0.00981164,-0.08885872,-0.04663058,0.07594514,-0.21833283,-0.054276448,0.043792307,-0.22093153,-0.06881984,0.030364513,-0.15497953,-0.054432984,0.033671796,-0.12073457,-0.03800035
-0.063999474,-0.05600536,-0.022943823,-0.068333924,-0.18680668,-0.0390454,-0.010202408,-0.26358998,-0.05533197,0.041066527,-0.31129056,-0.06852499,-0.06849915,-0.25857598,-0.02608363,-0.09744048,-0.30391705,-0.06842248,-0.09456515,-0.21873951,-0.094282754,-0.08299458,-0.14938486,-0.10533439,-0.016962528,-0.26211315,-0.031992793,-0.051182985,-0.32429352,-0.07959948,-0.057163298,-0.227947,-0.09311982,-0.048710167,-0.1465041,-0.08854247,0.03188777,-0.24485135,-0.04224153,0.0054377317,-0.26148146,-0.0772837,-0.008331537,-0.15331125,-0.06546338,-0.010020018,-0.08280206,-0.045742314,0.073649704,-0.216838,-0.055414062,0.0412997,-0.21775436,-0.06980694,0.029587805,-0.15310377,-0.0549196,0.033094645,-0.12170094,-0.03818222
-0.06470385,-0.059063554,-0.022943126,-0.068158865,-0.18838435,-0.04006433,-0.009168148,-0.26463848,-0.057115793,0.044397414,-0.30943745,-0.07141929,-0.06800762,-0.25600773,-0.030216413,-0.09515786,-0.30773413,-0.07229254,-0.09361249,-0.22343516,-0.09726696,-0.08403143,-0.1549635,-0.1078966,-0.016434848,-0.25701028,-0.036216464,-0.049311757,-0.32434857,-0.08327204,-0.056677908,-0.2275731,-0.09558731,-0.050037265,-0.14720732,-0.09060729,0.032532096,-0.23827124,-0.046160426,0.00560534,-0.2639146,-0.08142186,-0.009226799,-0.1576376,-0.06930131,-0.011118591,-0.087534904,-0.049534354,0.07430637,-0.21016484,-0.058789488,0.041292846,-0.21859837,-0.07378574,0.029266,-0.15381181,-0.058595035,0.033486605,-0.12091488,-0.041714285
-0.05946532,-0.05833137,-0.022040816,-0.062665164,-0.18819755,-0.03865121,0.0005720854,-0.26122677,-0.055040702,0.05551052,-0.30470288,-0.06935711,-0.06640631,-0.25794,-0.030340798,-0.08977783,-0.30824438,-0.06898135,-0.08753005,-0.22051221,-0.09198022,-0.07646343,-0.15343618,-0.1023242,-0.014193714,-0.2591377,-0.036391977,-0.0449394,-0.3251489,-0.08216373,-0.051159382,-0.22203666,-0.09419027,-0.04183215,-0.14076608,-0.08917391,0.03523898,-0.24035692,-0.045764476,0.010637283,-0.27301556,-0.079952456,-0.0027288795,-0.16089427,-0.06802143,-0.0033208728,-0.086909354,-0.048863243,0.07664424,-0.2126866,-0.057449285,0.04079002,-0.2137484,-0.07263826,0.02826637,-0.1424743,-0.0578314,0.033436894,-0.10832143,-0.041290443
-0.059136927,-0.059102774,-0.021341361,-0.061774284,-0.18995571,-0.03713589,0.00096195936,-0.26175493,-0.053221118,0.053715825,-0.30506006,-0.06714284,-0.067121774,-0.25785476,-0.027336946,-0.089395165,-0.3061276,-0.06674066,-0.086565495,-0.21946979,-0.091053344,-0.07490766,-0.15115827,-0.102016985,-0.015660882,-0.25985003,-0.033660203,-0.044486403,-0.32590356,-0.080116816,-0.05082923,-0.22524077,-0.09313589,-0.040572703,-0.14352071,-0.08855866,0.033522487,-0.2411688,-0.04354215,0.01174587,-0.27609867,-0.07689605,-0.0026951432,-0.16636103,-0.06489986,-0.0034506917,-0.09217799,-0.045916546,0.07486093,-0.21325868,-0.055984683,0.04304123,-0.2170636,-0.070578836,0.030647516,-0.1489361,-0.05604009,0.03628111,-0.11516768,-0.039733514
-0.05969113,-0.06287044,-0.024612145,-0.06358755,-0.18941206,-0.041846935,-0.0076979995,-0.26411432,-0.059228808,0.045235455,-0.3081647,-0.07363321,-0.06593284,-0.26635128,-0.025001934,-0.09177616,-0.30087298,-0.06887524,-0.08684385,-0.21332073,-0.096594654,-0.07682341,-0.14462239,-0.10814927,-0.016290963,-0.2688642,-0.030476818,-0.04820168,-0.3273151,-0.07990761,-0.053908944,-0.23290837,-0.09493425,-0.048377812,-0.15137684,-0.09032166,0.03172064,-0.25138515,-0.04055348,0.008630455,-0.257286,-0.079515316,-0.004505396,-0.14890122,-0.07138318,-0.0077369213,-0.07713884,-0.052325252,0.07298809,-0.22304642,-0.053326666,0.041391373,-0.21850413,-0.06946761,0.029470742,-0.14776713,-0.055070456,0.032916307,-0.110406995,-0.03762502
-0.056358248,-0.060118496,-0.02438132,-0.05999556,-0.1871227,-0.0416264,-0.0013937354,-0.2608418,-0.058569007,0.05295211,-0.3006776,-0.072727665,-0.06566891,-0.25072718,-0.03049474,-0.088308156,-0.29816025,-0.071163975,-0.08525258,-0.21002108,-0.09560224,-0.07489914,-0.14341223,-0.10621544,-0.016530275,-0.25226003,-0.03532802,-0.044147193,-0.3250171,-0.08221572,-0.050174594,-0.23089862,-0.095039226,-0.042636156,-0.15156633,-0.08998873,0.032146037,-0.2341935,-0.043839104,0.015214562,-0.26413256,-0.07923363,-0.0006200075,-0.155312,-0.06839294,-0.00584054,-0.08110261,-0.048993215,0.07461816,-0.20725816,-0.05504384,0.048773766,-0.2163992,-0.07049202,0.034863293,-0.15024889,-0.05595708,0.036091268,-0.11406529,-0.03915655
-0.057264864,-0.06110263,-0.024658516,-0.06173128,-0.18893069,-0.04189884,-0.0063574314,-0.26249343,-0.058828898,0.04891032,-0.30187005,-0.07275523,-0.060804814,-0.26119494,-0.029463379,-0.0902285,-0.3005931,-0.071041174,-0.08852467,-0.21230572,-0.09654272,-0.07848379,-0.14601326,-0.10776651,-0.011548638,-0.26384974,-0.034318008,-0.045624077,-0.3275406,-0.0810656,-0.053824663,-0.23518366,-0.09389189,-0.049122274,-0.15718555,-0.08914638,0.035682738,-0.24453163,-0.043126356,0.010786176,-0.26079774,-0.0774682,-0.00522542,-0.15521425,-0.066339746,-0.010329843,-0.08456379,-0.047243033,0.075383365,-0.2144922,-0.05496035,0.04361689,-0.21294814,-0.06891339,0.029804349,-0.14953285,-0.054256883,0.03136587,-0.11602557,-0.037689958
-0.057196856,-0.060643554,-0.02221985,-0.061472118,-0.18816584,-0.038397036,-0.007463634,-0.26253915,-0.054807708,0.046872795,-0.30597192,-0.06908377,-0.056754053,-0.26732284,-0.025541328,-0.089107364,-0.3007087,-0.067576446,-0.088831455,-0.2146905,-0.094650134,-0.080532014,-0.14724934,-0.106569014,-0.006725371,-0.27141285,-0.031599663,-0.045636773,-0.32880408,-0.07726666,-0.05668485,-0.2381779,-0.09144912,-0.055559635,-0.15963358,-0.08784254,0.03995782,-0.25292462,-0.04149204,0.007322848,-0.25663674,-0.07643799,-0.008079588,-0.14884478,-0.06732107,-0.013058245,-0.078791976,-0.04935647,0.078080654,-0.22213656,-0.054033406,0.039141536,-0.20773071,-0.068569615,0.026172638,-0.13943213,-0.05416328,0.028527379,-0.104453266,-0.037439186
-0.058970332,-0.05720353,-0.024057172,-0.06254867,-0.18604666,-0.041415654,-0.0021370053,-0.25688607,-0.05828907,0.05188793,-0.30007294,-0.07293864,-0.060894072,-0.26171404,-0.029491855,-0.08940059,-0.29739198,-0.07189659,-0.08860996,-0.20947051,-0.09922697,-0.078721285,-0.14121026,-0.112049624,-0.009747326,-0.26513886,-0.035080228,-0.047216475,-0.32813343,-0.08327507,-0.05595383,-0.2339325,-0.098468535,-0.049579382,-0.153678,-0.09543278,0.03893435,-0.24586093,-0.04428444,0.01196146,-0.26298535,-0.07977423,-0.0036234856,-0.15069026,-0.06816303,-0.0075423717,-0.07710183,-0.04898891,0.078609586,-0.21532881,-0.056366194,0.04177153,-0.20708549,-0.07298292,0.030390799,-0.13805884,-0.058203075,0.036126554,-0.10504955,-0.04126253
-0.059367776,-0.056546807,-0.026914617,-0.064446986,-0.18211561,-0.044914197,-0.007904232,-0.25653493,-0.06212648,0.046806514,-0.30068073,-0.07676644,-0.06666368,-0.2610376,-0.029737782,-0.09505007,-0.29733494,-0.07394637,-0.092102796,-0.2138508,-0.10259669,-0.081653774,-0.14618403,-0.11532701,-0.014186084,-0.26568168,-0.034221586,-0.049342275,-0.32512084,-0.08294849,-0.057902455,-0.23591167,-0.09931481,-0.054484367,-0.1553374,-0.096472874,0.034552634,-0.24904388,-0.042958226,0.00707978,-0.2510044,-0.08039161,-0.007527411,-0.14187628,-0.072123036,-0.013832748,-0.07012695,-0.054062955,0.074635684,-0.22079998,-0.05474923,0.038998008,-0.20125788,-0.07043903,0.025265455,-0.12820572,-0.0558803,0.024556935,-0.089415014,-0.038810883
-0.060505807,-0.056182265,-0.026322681,-0.06466633,-0.1841932,-0.044114403,-0.0070974827,-0.25865155,-0.061179247,0.04661554,-0.3040697,-0.07581897,-0.0670616,-0.26495737,-0.028881092,-0.095472276,-0.29851377,-0.072789736,-0.09318492,-0.2143904,-0.10184361,-0.082437515,-0.14522839,-0.115265496,-0.013851583,-0.26974702,-0.03365946,-0.049604475,-0.32765415,-0.08270023,-0.057731748,-0.23562378,-0.09961547,-0.05257833,-0.15383077,-0.097482055,0.035348058,-0.25208235,-0.042609654,0.00766325,-0.25861925,-0.07967354,-0.006292641,-0.14852464,-0.07043315,-0.010832667,-0.07655126,-0.05211824,0.075057685,-0.22271192,-0.054597765,0.0387668,-0.20839232,-0.07061574,0.026471913,-0.13659167,-0.05588562,0.028455019,-0.1006946,-0.038811244
-0.057677448,-0.05769211,-0.025331562,-0.06272441,-0.18569583,-0.042135593,-0.0058912635,-0.25914848,-0.058403034,0.051571786,-0.2991904,-0.07208861,-0.062031507,-0.26188284,-0.02739601,-0.0915966,-0.30057847,-0.06989665,-0.08957103,-0.21611536,-0.09692658,-0.07992208,-0.14998746,-0.10875894,-0.010840774,-0.26586914,-0.031592425,-0.044792593,-0.3261731,-0.07782383,-0.05447781,-0.23413104,-0.091335356,-0.054095745,-0.15577334,-0.08676164,0.037020624,-0.24860805,-0.040070236,0.008896649,-0.25485235,-0.07556777,-0.0056693554,-0.1469506,-0.06597852,-0.012535691,-0.07719815,-0.047256768,0.076562226,-0.21957827,-0.05151831,0.04161036,-0.20454794,-0.06624536,0.027891457,-0.13366622,-0.05162114,0.02741456,-0.097120345,-0.03450338
-0.056023538,-0.056490123,-0.025723439,-0.061540097,-0.18234056,-0.043063987,-0.0074501634,-0.25678164,-0.06001968,0.046839833,-0.29949927,-0.07454794,-0.06361017,-0.25722587,-0.02938619,-0.09157407,-0.29706398,-0.07485133,-0.08890486,-0.21178985,-0.103187956,-0.079654306,-0.14443642,-0.115064025,-0.012011111,-0.26257658,-0.033849586,-0.044986486,-0.32494187,-0.083686374,-0.054095685,-0.23252189,-0.098738365,-0.053271174,-0.15250826,-0.094052,0.036147594,-0.24643987,-0.04257555,0.0072615147,-0.24901307,-0.081456095,-0.0060344934,-0.14155519,-0.07347433,-0.011884689,-0.07200211,-0.054727234,0.07492095,-0.21922284,-0.054066435,0.038822412,-0.19674742,-0.0704595,0.026671588,-0.12551707,-0.056639273,0.027769744,-0.08905274,-0.039576113
-0.05651343,-0.060420334,-0.024627607,-0.062319905,-0.1838445,-0.042269796,-0.0070804954,-0.25665563,-0.060058456,0.04709065,-0.2999081,-0.075473696,-0.065469235,-0.25825012,-0.027763788,-0.09201819,-0.2973621,-0.07264223,-0.08874717,-0.21132463,-0.10097971,-0.07911587,-0.14488,-0.11307575,-0.014353275,-0.26212806,-0.03288973,-0.04581988,-0.32258463,-0.08286092,-0.055247188,-0.22865337,-0.09802992,-0.05368793,-0.14828455,-0.0934457,0.033579826,-0.2448374,-0.042314798,0.007508695,-0.2497102,-0.08115388,-0.0070586205,-0.14118868,-0.07322238,-0.013374746,-0.06979692,-0.054418176,0.07258648,-0.2165879,-0.05441327,0.038705826,-0.19808745,-0.070610136,0.024749279,-0.12622797,-0.056619912,0.024557948,-0.088286996,-0.039379176
-0.052846372,-0.058276057,-0.022474984,-0.058279097,-0.1857816,-0.038288843,-0.005880773,-0.26164722,-0.054213498,0.04607171,-0.30644804,-0.067622095,-0.060881644,-0.26130486,-0.02615323,-0.08609453,-0.30076593,-0.06879332,-0.08407101,-0.21359056,-0.095441855,-0.07505727,-0.14560145,-0.10700101,-0.009370625,-0.26439106,-0.03244378,-0.042604387,-0.326707,-0.080087915,-0.051876485,-0.2332586,-0.094419345,-0.050076187,-0.15299904,-0.09007987,0.038295686,-0.24710095,-0.042583212,0.011163354,-0.25487018,-0.078896314,-0.0026536584,-0.14568603,-0.06846589,-0.0101107955,-0.07443339,-0.049018905,0.077266455,-0.21833968,-0.055399667,0.044401348,-0.20175153,-0.069282785,0.03072983,-0.12981558,-0.053168457,0.028324246,-0.091811955,-0.03515802
-0.052846372,-0.058276057,-0.022474984,-0.058279097,-0.1857816,-0.038288843,-0.005880773,-0.26164722,-0.054213498,0.04607171,-0.30644804,-0.067622095,-0.060881644,-0.26130486,-0.02615323,-0.08609453,-0.30076593,-0.06879332,-0.08407101,-0.21359056,-0.095441855,-0.07505727,-0.14560145,-0.10700101,-0.009370625,-0.26439106,-0.03244378,-0.042604387,-0.326707,-0.080087915,-0.051876485,-0.2332586,-0.094419345,-0.050076187,-0.15299904,-0.09007987,0.038295686,-0.24710095,-0.042583212,0.011163354,-0.25487018,-0.078896314,-0.0026536584,-0.14568603,-0.06846589,-0.0101107955,-0.07443339,-0.049018905,0.077266455,-0.21833968,-0.055399667,0.044401348,-0.20175153,-0.069282785,0.03072983,-0.12981558,-0.053168457,0.028324246,-0.091811955,-0.03515802
-0.05407685,-0.05926436,-0.02317158,-0.059092045,-0.18583316,-0.039300833,-0.0058017373,-0.26032472,-0.055430256,0.0478521,-0.30345082,-0.06925428,-0.05987972,-0.2587335,-0.026654983,-0.08668834,-0.29697174,-0.06866295,-0.085429996,-0.21130419,-0.09484357,-0.07659626,-0.14490134,-0.105983585,-0.009231269,-0.26303113,-0.032093283,-0.042051733,-0.32529712,-0.07877533,-0.05213058,-0.2348026,-0.09318468,-0.051339507,-0.15661734,-0.08899249,0.038268805,-0.24687749,-0.041315436,0.011837542,-0.2520249,-0.07773036,-0.00331223,-0.14347255,-0.069393985,-0.010612249,-0.07243931,-0.05114515,0.07715875,-0.21924472,-0.053073335,0.042628348,-0.2012437,-0.06765812,0.02795893,-0.12892562,-0.052969135,0.026387513,-0.090052485,-0.035805702
-0.055045366,-0.056912243,-0.023285136,-0.060533553,-0.18503499,-0.03975954,-0.0061655045,-0.2605018,-0.056046944,0.044659197,-0.30757862,-0.06985641,-0.06389707,-0.25925136,-0.02786668,-0.08772084,-0.2989021,-0.070169106,-0.08570561,-0.21320724,-0.09709647,-0.07652193,-0.14543718,-0.10921551,-0.011460543,-0.26447338,-0.03375119,-0.043901563,-0.33027703,-0.08118459,-0.05313915,-0.23979014,-0.09654075,-0.050320446,-0.16093332,-0.093372814,0.037600458,-0.24821186,-0.043182507,0.012926519,-0.259318,-0.078918256,-0.0016263127,-0.14880526,-0.068256445,-0.0087583065,-0.07692915,-0.04916166,0.077824,-0.2202456,-0.05534985,0.04627502,-0.20746452,-0.069958605,0.03236139,-0.13545501,-0.05390303,0.030633152,-0.09804821,-0.03605148
-0.056503057,-0.058365464,-0.022175536,-0.061592817,-0.1829505,-0.03883508,-0.008794308,-0.258336,-0.055832457,0.0409081,-0.30620298,-0.07018688,-0.06494221,-0.2590384,-0.0250584,-0.089303195,-0.30083087,-0.066947624,-0.08667147,-0.21707535,-0.0931227,-0.0778054,-0.15065002,-0.10425935,-0.014153898,-0.26283526,-0.03131666,-0.044909775,-0.32653227,-0.078273095,-0.05303961,-0.23477584,-0.09269501,-0.050220847,-0.15607923,-0.08839306,0.03404641,-0.24614447,-0.041391615,0.00783819,-0.25744176,-0.076629065,-0.006397009,-0.15206718,-0.06681725,-0.011927843,-0.08376527,-0.047966253,0.07514113,-0.21861166,-0.054035753,0.044202507,-0.21392047,-0.06764369,0.031165361,-0.1471045,-0.05202902,0.030594707,-0.1120491,-0.034408633
-0.055864334,-0.054935753,-0.02304704,-0.06151882,-0.17797661,-0.040327262,-0.00932312,-0.25430936,-0.057184,0.0390988,-0.3041702,-0.07188192,-0.06561175,-0.2576394,-0.02932307,-0.08966729,-0.29869375,-0.0719878,-0.08889437,-0.21302944,-0.09878059,-0.08013716,-0.14637041,-0.11075174,-0.01282388,-0.2638358,-0.035340026,-0.047204375,-0.32761046,-0.083845705,-0.057147026,-0.23407727,-0.09930768,-0.054189563,-0.15385848,-0.09572372,0.035569787,-0.24840426,-0.044730358,0.0045654178,-0.2544319,-0.08237249,-0.007920444,-0.14302558,-0.07301707,-0.011703908,-0.07184589,-0.0541482,0.07447231,-0.2212779,-0.056489453,0.03635913,-0.20137703,-0.07320719,0.025627732,-0.12810743,-0.05840474,0.027626276,-0.09235436,-0.04086595
-0.055864334,-0.054935753,-0.02304704,-0.06151882,-0.17797661,-0.040327262,-0.00932312,-0.25430936,-0.057184,0.0390988,-0.3041702,-0.07188192,-0.06561175,-0.2576394,-0.02932307,-0.08966729,-0.29869375,-0.0719878,-0.08889437,-0.21302944,-0.09878059,-0.08013716,-0.14637041,-0.11075174,-0.01282388,-0.2638358,-0.035340026,-0.047204375,-0.32761046,-0.083845705,-0.057147026,-0.23407727,-0.09930768,-0.054189563,-0.15385848,-0.09572372,0.035569787,-0.24840426,-0.044730358,0.0045654178,-0.2544319,-0.08237249,-0.007920444,-0.14302558,-0.07301707,-0.011703908,-0.07184589,-0.0541482,0.07447231,-0.2212779,-0.056489453,0.03635913,-0.20137703,-0.07320719,0.025627732,-0.12810743,-0.05840474,0.027626276,-0.09235436,-0.04086595
-0.057089746,-0.061968505,-0.019924026,-0.063881576,-0.18196929,-0.036563873,-0.014887035,-0.25613207,-0.053592164,0.033837795,-0.30365694,-0.06839866,-0.05981815,-0.26353478,-0.026095932,-0.0883635,-0.30147517,-0.06840702,-0.090155095,-0.21377832,-0.09466513,-0.08225781,-0.14728671,-0.10617512,-0.010124266,-0.2673396,-0.033248875,-0.049129605,-0.32415524,-0.08091871,-0.059880972,-0.22843891,-0.0948606,-0.056696355,-0.14875203,-0.090566136,0.035788476,-0.2511434,-0.043814905,-0.0038855076,-0.25466794,-0.07984568,-0.01563257,-0.14808577,-0.070269,-0.016332507,-0.07980347,-0.052106094,0.07303226,-0.22363532,-0.056643095,0.0272156,-0.19980425,-0.07248699,0.019737363,-0.13019001,-0.05876168,0.027419806,-0.097266614,-0.04245387
-0.05667174,-0.06422675,-0.0184573,-0.0643307,-0.18540728,-0.032803353,-0.017079234,-0.26059294,-0.04820958,0.030697167,-0.30949032,-0.06119982,-0.045302927,-0.2663095,-0.018366553,-0.08178839,-0.30836326,-0.05929193,-0.088810325,-0.22532213,-0.085108325,-0.082870126,-0.15585262,-0.095701285,0.00016760826,-0.27025753,-0.024799453,-0.046844244,-0.32443598,-0.06962684,-0.06244099,-0.23762137,-0.0839774,-0.06268293,-0.1591456,-0.08034919,0.04082632,-0.25644684,-0.03525754,-0.011447728,-0.25305444,-0.07001143,-0.02285999,-0.15288693,-0.06397444,-0.020311117,-0.08698928,-0.04841361,0.072856724,-0.23004156,-0.048010554,0.017622352,-0.19976932,-0.064187564,0.013670385,-0.13334262,-0.054383747,0.026637912,-0.10107696,-0.040939905
-0.054263234,-0.069556534,-0.016524725,-0.061389983,-0.18883282,-0.030837022,-0.017152369,-0.2614032,-0.046956245,0.030983388,-0.30826357,-0.060956523,-0.035930514,-0.27237123,-0.016665647,-0.07491124,-0.30753422,-0.059068188,-0.084836096,-0.22295159,-0.08604731,-0.08088219,-0.15311652,-0.09695346,0.00765419,-0.27397323,-0.0244861,-0.044167757,-0.3273378,-0.06951443,-0.06171125,-0.24420172,-0.084978856,-0.06523436,-0.16716093,-0.08201775,0.047424376,-0.2590083,-0.03614852,-0.01041317,-0.24846053,-0.07123009,-0.022959232,-0.15011889,-0.06659045,-0.023346841,-0.084041774,-0.051743302,0.07946533,-0.2320506,-0.050016392,0.020288587,-0.20111042,-0.06550236,0.011775196,-0.13200372,-0.05533272,0.019221842,-0.09247959,-0.04134397
-0.0591712,-0.078586936,-0.013638848,-0.06164241,-0.19946945,-0.02736925,-0.015238166,-0.27209353,-0.043463387,0.03608507,-0.31240627,-0.05824086,-0.017012417,-0.2768865,-0.017015452,-0.06745517,-0.31586927,-0.058734726,-0.090078235,-0.23224092,-0.08409537,-0.092810035,-0.16192454,-0.094343126,0.022057295,-0.27354962,-0.026333401,-0.044457197,-0.3278762,-0.07042015,-0.07129961,-0.2415719,-0.083291225,-0.07800588,-0.16314864,-0.07995581,0.055650353,-0.25475365,-0.039494906,-0.01824975,-0.2543481,-0.07344277,-0.033442438,-0.15705663,-0.067354225,-0.030591905,-0.08990967,-0.052972347,0.08147305,-0.22467148,-0.05472318,0.009295583,-0.20466489,-0.070922576,-0.00011777878,-0.13621628,-0.06197696,0.009839833,-0.09604353,-0.049750898
-0.0591712,-0.078586936,-0.013638848,-0.06164241,-0.19946945,-0.02736925,-0.015238166,-0.27209353,-0.043463387,0.03608507,-0.31240627,-0.05824086,-0.017012417,-0.2768865,-0.017015452,-0.06745517,-0.31586927,-0.058734726,-0.090078235,-0.23224092,-0.08409537,-0.092810035,-0.16192454,-0.094343126,0.022057295,-0.27354962,-0.026333401,-0.044457197,-0.3278762,-0.07042015,-0.07129961,-0.2415719,-0.083291225,-0.07800588,-0.16314864,-0.07995581,0.055650353,-0.25475365,-0.039494906,-0.01824975,-0.2543481,-0.07344277,-0.033442438,-0.15705663,-0.067354225,-0.030591905,-0.08990967,-0.052972347,0.08147305,-0.22467148,-0.05472318,0.009295583,-0.20466489,-0.070922576,-0.00011777878,-0.13621628,-0.06197696,0.009839833,-0.09604353,-0.049750898
-0.057021677,-0.07750791,-0.014760855,-0.060341537,-0.19409215,-0.029525883,-0.015159488,-0.26687562,-0.046508048,0.033361018,-0.31055057,-0.06189313,-0.01115942,-0.2784488,-0.017683778,-0.065381706,-0.31810588,-0.06053737,-0.09046751,-0.23530215,-0.0866217,-0.093452156,-0.1670742,-0.097552195,0.028136909,-0.2760917,-0.027337737,-0.04106468,-0.32804745,-0.07024102,-0.06875843,-0.24334472,-0.082496546,-0.07515848,-0.17021239,-0.079915196,0.06081122,-0.25533134,-0.04116103,-0.016613722,-0.24926889,-0.07499086,-0.03236687,-0.1540668,-0.06806013,-0.029882073,-0.09127718,-0.05415159,0.08431572,-0.22219628,-0.057266697,0.011157155,-0.19948918,-0.07447075,0.0024339557,-0.13166606,-0.06508873,0.012718022,-0.09292978,-0.052799452
-0.053180516,-0.06913167,-0.016081065,-0.05644691,-0.18761331,-0.030470187,-0.011896789,-0.26056904,-0.046394184,0.03436649,-0.30705538,-0.060781475,-0.017222404,-0.2740841,-0.018781703,-0.06514877,-0.31025982,-0.06146487,-0.0853979,-0.22733498,-0.0883941,-0.087441474,-0.15949279,-0.10000349,0.024896383,-0.27282798,-0.027726004,-0.037047148,-0.32619965,-0.07191807,-0.062230945,-0.24072987,-0.08543084,-0.06877166,-0.16730273,-0.082632735,0.059910655,-0.2524038,-0.040550765,-0.011250675,-0.24888808,-0.07538927,-0.026771784,-0.15208131,-0.06847871,-0.026165843,-0.09038663,-0.05372155,0.0847497,-0.21942401,-0.055536844,0.016774118,-0.19326597,-0.07325792,0.008604407,-0.12618202,-0.0631934,0.018315136,-0.09106761,-0.04985535
-0.055743814,-0.07014066,-0.016421722,-0.05925238,-0.18769854,-0.031746227,-0.012434781,-0.25911385,-0.04869024,0.035034657,-0.3056118,-0.06417492,-0.022249222,-0.27335006,-0.019980898,-0.06934464,-0.31019226,-0.06309216,-0.08904919,-0.22714955,-0.09021979,-0.089552164,-0.15795124,-0.10176951,0.02065605,-0.27234316,-0.028872462,-0.040981233,-0.3263052,-0.074271955,-0.06480223,-0.23903197,-0.08814322,-0.0681991,-0.16245443,-0.08525368,0.057106018,-0.25268817,-0.041664317,-0.011771798,-0.25201547,-0.07707735,-0.02577442,-0.15234679,-0.07024187,-0.022380471,-0.08691198,-0.055242214,0.08436006,-0.22119784,-0.056663547,0.014902413,-0.19737488,-0.07454414,0.0044723153,-0.12792677,-0.064596675,0.013239622,-0.08979064,-0.051316418
-0.057880223,-0.07049447,-0.017784847,-0.064638674,-0.19098705,-0.03263059,-0.018402755,-0.2639854,-0.04863551,0.0308159,-0.30982214,-0.062905915,-0.028598547,-0.27473378,-0.019160846,-0.07533142,-0.30965012,-0.06248664,-0.09239006,-0.22609484,-0.09075014,-0.09227306,-0.1570093,-0.10327298,0.015591145,-0.27579224,-0.02738696,-0.04513198,-0.32877323,-0.0720791,-0.0682075,-0.24284112,-0.086859494,-0.07344037,-0.16643405,-0.08478811,0.0534243,-0.25776136,-0.039638687,-0.013711929,-0.25290513,-0.0740577,-0.027504027,-0.15338117,-0.06754319,-0.026259422,-0.08860439,-0.053078122,0.08041805,-0.22658879,-0.054433953,0.013252139,-0.19339836,-0.07163261,0.005259931,-0.12421465,-0.06189275,0.01497829,-0.08834058,-0.04894978
-0.054774344,-0.06901747,-0.01629603,-0.062144935,-0.18909287,-0.030089043,-0.017705739,-0.2614684,-0.045696516,0.030660689,-0.30816194,-0.059482228,-0.029171824,-0.27262187,-0.01614304,-0.074842334,-0.30888373,-0.059496786,-0.090040535,-0.22590071,-0.086895905,-0.08853674,-0.15666509,-0.09803065,0.014641464,-0.27365178,-0.024991114,-0.04402578,-0.3310757,-0.06965769,-0.06514728,-0.2487995,-0.08435907,-0.069648385,-0.1728409,-0.081284605,0.052878678,-0.25585657,-0.037928198,-0.012782574,-0.24727708,-0.07325017,-0.025624752,-0.15020019,-0.06803701,-0.025180042,-0.08625054,-0.053299297,0.081507325,-0.2258116,-0.053106565,0.01646334,-0.1945787,-0.06957546,0.006721735,-0.12521899,-0.05925381,0.013298631,-0.08667576,-0.045355085
-0.05224198,-0.06438726,-0.018194525,-0.05962473,-0.18437493,-0.03248592,-0.014903903,-0.25803417,-0.047845308,0.033016264,-0.3053609,-0.061037857,-0.03405291,-0.27076608,-0.019340487,-0.07561022,-0.30733594,-0.062212415,-0.088554054,-0.22262609,-0.08894708,-0.0853436,-0.1539287,-0.099943615,0.011344314,-0.27231628,-0.027072074,-0.040898085,-0.33309615,-0.07243093,-0.06137061,-0.24960572,-0.086843595,-0.0660668,-0.1733619,-0.08327305,0.05095619,-0.25477993,-0.038746968,-0.008292079,-0.25083137,-0.07447675,-0.022523463,-0.15401113,-0.06913017,-0.023837388,-0.09039301,-0.054194264,0.08051413,-0.22544336,-0.052720793,0.0198645,-0.19469005,-0.06952436,0.009334683,-0.12627822,-0.059588842,0.015142679,-0.088939905,-0.04601473
-0.055143476,-0.06424987,-0.019396387,-0.060957193,-0.1857543,-0.034189776,-0.012359798,-0.25741637,-0.05011091,0.037270308,-0.30379492,-0.06372215,-0.03647375,-0.26990634,-0.018535562,-0.07565069,-0.31020463,-0.061027464,-0.08492541,-0.22707403,-0.08750932,-0.08005947,-0.15821838,-0.09816862,0.00949645,-0.27182156,-0.025523018,-0.038832963,-0.3303284,-0.0716389,-0.058301628,-0.24578941,-0.08645443,-0.062487543,-0.16847092,-0.08258898,0.04915726,-0.2558785,-0.036815725,-0.005365908,-0.25222677,-0.07327925,-0.019175053,-0.15303814,-0.06789907,-0.01933217,-0.08888292,-0.05215958,0.07932854,-0.22794938,-0.05045295,0.022085428,-0.198726,-0.06699724,0.01503402,-0.13066083,-0.056544863,0.024642706,-0.09590465,-0.04230902
-0.05705726,-0.06320554,-0.018548615,-0.06301242,-0.18388116,-0.033590116,-0.015649617,-0.25850695,-0.04975913,0.03450936,-0.30324098,-0.06340942,-0.050727844,-0.2658645,-0.020671649,-0.08187768,-0.30721402,-0.0646345,-0.08436015,-0.22229165,-0.091638714,-0.077602595,-0.15474474,-0.10252267,-0.0021825433,-0.26781052,-0.028724615,-0.042158484,-0.327369,-0.07665535,-0.055658877,-0.2378329,-0.09088278,-0.057675958,-0.15867126,-0.085949466,0.041582763,-0.25073987,-0.040880173,-0.0037346482,-0.24827617,-0.078362785,-0.018166065,-0.14784181,-0.0712339,-0.0221349,-0.08313042,-0.053579345,0.075457275,-0.2217431,-0.05524064,0.027504742,-0.19613278,-0.07137296,0.020033002,-0.1309731,-0.0589893,0.02674073,-0.09856242,-0.043027982
-0.058666646,-0.075971484,-0.014980899,-0.06230241,-0.19783115,-0.029160423,-0.0057021976,-0.26944828,-0.046501532,0.05199653,-0.30677384,-0.061326046,-0.0673728,-0.24363637,-0.01842918,-0.082543164,-0.3145885,-0.06265531,-0.07999048,-0.23736739,-0.088830955,-0.075335294,-0.17693436,-0.09948012,-0.019414961,-0.24353004,-0.029378397,-0.037162364,-0.32829952,-0.079319365,-0.045672536,-0.24056482,-0.09418687,-0.04447627,-0.16605097,-0.089511454,0.02841568,-0.22745264,-0.044501077,0.01208204,-0.25956643,-0.084428385,-0.0025131106,-0.1578415,-0.07650194,-0.0070690513,-0.08972973,-0.05674025,0.07007617,-0.2029869,-0.06154776,0.04556179,-0.22284001,-0.079236895,0.033441365,-0.16229892,-0.06609747,0.035689592,-0.125548,-0.049149826
-0.05574119,-0.06929934,-0.017239265,-0.059119165,-0.19548714,-0.029181516,-0.005535066,-0.26843405,-0.043136198,0.04730624,-0.30800673,-0.053997178,-0.062468052,-0.23792404,-0.015448866,-0.07624251,-0.3155603,-0.05203508,-0.07705796,-0.2441119,-0.07223185,-0.072447985,-0.18772477,-0.07968291,-0.016597629,-0.24005753,-0.02266556,-0.03501761,-0.32689825,-0.06461364,-0.0417614,-0.2473355,-0.07691861,-0.03828764,-0.17844927,-0.071676604,0.02909571,-0.22664851,-0.033855155,0.013984799,-0.25688154,-0.06765131,-0.0002773404,-0.15773249,-0.060149614,-0.0064121485,-0.09113085,-0.042239103,0.07140505,-0.20412344,-0.047127884,0.047617376,-0.221623,-0.061033778,0.036172032,-0.15981048,-0.048413385,0.036791146,-0.12325752,-0.0328803
-0.056249797,-0.073373616,-0.01916891,-0.056625724,-0.19796675,-0.032519087,0.0013567805,-0.26886737,-0.047016297,0.059458494,-0.3040631,-0.05818064,-0.06145352,-0.24362004,-0.020815544,-0.075598866,-0.31889796,-0.058317937,-0.07085377,-0.24251318,-0.07896718,-0.06456512,-0.18251789,-0.08637551,-0.013079882,-0.24182999,-0.027078375,-0.029407263,-0.32993382,-0.06942483,-0.036061585,-0.24635983,-0.080158316,-0.03697008,-0.17312229,-0.07389386,0.033605814,-0.22429752,-0.03734209,0.021779716,-0.25688,-0.072005786,0.005255997,-0.16011155,-0.064144574,-0.0047701597,-0.09426212,-0.045836672,0.07445806,-0.19777107,-0.049735345,0.055827677,-0.21936697,-0.063989796,0.040526986,-0.15809637,-0.050920706,0.035603106,-0.11839545,-0.03504997
-0.04924321,-0.06764895,-0.02049702,-0.04390329,-0.19619143,-0.034416344,0.015126646,-0.26151556,-0.049259543,0.06453276,-0.30393067,-0.060544185,-0.04357493,-0.2574318,-0.017003167,-0.054745853,-0.30947566,-0.056654837,-0.054015398,-0.23054826,-0.0818766,-0.04986483,-0.16247118,-0.09228274,0.0037894845,-0.24973077,-0.023591828,-0.011778474,-0.31662738,-0.07023235,-0.023665488,-0.22847933,-0.08612066,-0.025244713,-0.15057087,-0.082785435,0.04824555,-0.22654176,-0.034652393,0.03909093,-0.25151438,-0.06989742,0.014864862,-0.15190041,-0.0611097,0.00022399426,-0.08362645,-0.04276692,0.085822046,-0.19509614,-0.048257463,0.06891948,-0.21033293,-0.06124341,0.047604203,-0.14611065,-0.04570607,0.038681686,-0.1087299,-0.028454397
-0.050866723,-0.07022524,-0.020348456,-0.041807353,-0.1992616,-0.03340296,0.019763052,-0.26316953,-0.0469182,0.074914575,-0.2995175,-0.05720994,-0.049400687,-0.2536447,-0.022137322,-0.06218493,-0.3167693,-0.058978684,-0.06008947,-0.24324918,-0.08137578,-0.055735946,-0.17776787,-0.090724155,0.002092123,-0.24889833,-0.02811348,-0.012528479,-0.32313696,-0.06990897,-0.025051773,-0.23882687,-0.08358586,-0.028865457,-0.16410947,-0.0805609,0.048849344,-0.22549069,-0.037993226,0.03505099,-0.2516662,-0.070464596,0.009981453,-0.1567806,-0.06317429,-0.0030755997,-0.09263724,-0.04687862,0.08582103,-0.19364065,-0.050136164,0.061019838,-0.20865977,-0.06306069,0.043708682,-0.15365672,-0.050250664,0.042147875,-0.121614635,-0.03535728
-0.051704705,-0.07577562,-0.018132916,-0.0396809,-0.19947928,-0.031838328,0.025935829,-0.25377768,-0.04652072,0.08162439,-0.28264537,-0.05895446,-0.040127933,-0.2594369,-0.024626054,-0.052346766,-0.315388,-0.06244388,-0.057667434,-0.24028116,-0.08562825,-0.057091534,-0.17589259,-0.09590797,0.013022065,-0.25169492,-0.032440506,-0.00251925,-0.31673315,-0.075613275,-0.02389872,-0.23103589,-0.08951953,-0.03284365,-0.15680075,-0.086866654,0.060004532,-0.22371346,-0.043810196,0.04111439,-0.24075091,-0.07666027,0.010862112,-0.14961916,-0.07125559,-0.0028002858,-0.089588106,-0.056939773,0.09454179,-0.18718922,-0.05716966,0.059838414,-0.18985307,-0.07051546,0.037202418,-0.13818002,-0.059809912,0.03502947,-0.111834764,-0.046834745
-0.05181372,-0.07196009,-0.021611962,-0.03796637,-0.19982618,-0.036816567,0.03037095,-0.25469112,-0.052750103,0.08861828,-0.27964744,-0.06589033,-0.033459306,-0.26116836,-0.025145086,-0.050623655,-0.30992144,-0.06437173,-0.055868328,-0.23544937,-0.089730754,-0.053316414,-0.17126286,-0.102014676,0.01806581,-0.25234133,-0.03209877,-0.00067162514,-0.30696172,-0.0777998,-0.020703316,-0.2222625,-0.093521364,-0.025319457,-0.15012914,-0.092493266,0.06365228,-0.22231531,-0.043210074,0.044261575,-0.23556346,-0.07613492,0.012222767,-0.14485037,-0.067998186,-0.0016245842,-0.08571386,-0.052441258,0.098392844,-0.18393165,-0.057102043,0.07130104,-0.19268823,-0.06999258,0.047575533,-0.14253932,-0.057402886,0.04393226,-0.118071616,-0.04354173
-0.05231881,-0.07575077,-0.019965818,-0.036331177,-0.20154268,-0.03400423,0.032931924,-0.25374842,-0.048642267,0.09038347,-0.2801981,-0.06086396,-0.033482015,-0.25845855,-0.024778113,-0.046800017,-0.31236076,-0.06248177,-0.052084208,-0.2367366,-0.08556022,-0.050919652,-0.17295808,-0.09608092,0.019417524,-0.24762207,-0.031216102,0.0031718612,-0.30888784,-0.07550024,-0.016813219,-0.22057062,-0.089445814,-0.022563398,-0.14626664,-0.08672694,0.06548387,-0.21747631,-0.041467194,0.04716122,-0.23338431,-0.073340245,0.01670432,-0.14215589,-0.06530281,0.002855599,-0.08309436,-0.049581725,0.09911901,-0.18102086,-0.054128714,0.068397045,-0.1888594,-0.06594527,0.04673642,-0.13792682,-0.053453658,0.044922113,-0.1134581,-0.039552774
-0.052316844,-0.079123974,-0.023463009,-0.034453034,-0.19974524,-0.0425744,0.037581682,-0.2481488,-0.060778495,0.100581765,-0.26210278,-0.0777645,-0.034597337,-0.25618076,-0.04181177,-0.042449534,-0.30065024,-0.083430395,-0.049382985,-0.21959543,-0.10925255,-0.051606715,-0.15351146,-0.12148178,0.018194735,-0.24171048,-0.047273144,0.003134489,-0.29912472,-0.09399723,-0.017181277,-0.20567065,-0.1074217,-0.0254848,-0.12785435,-0.10505898,0.065226555,-0.21157438,-0.05568137,0.05222845,-0.2311377,-0.09076287,0.024971545,-0.13762349,-0.08345804,0.01016283,-0.07378036,-0.068314835,0.10032934,-0.17684555,-0.066211686,0.072288275,-0.1817888,-0.079271786,0.04833907,-0.121236324,-0.06577117,0.04370284,-0.08849543,-0.05146616
-0.05238682,-0.08274865,-0.0141434325,-0.0352239,-0.19961333,-0.031113334,0.034151196,-0.24326515,-0.048032403,0.0960111,-0.25340182,-0.06427287,-0.03367579,-0.2573105,-0.04251434,-0.043570578,-0.3084895,-0.078703694,-0.051959157,-0.22969168,-0.099357136,-0.050848067,-0.16301876,-0.1094821,0.02074176,-0.24480152,-0.051800568,0.0021733046,-0.308104,-0.09284749,-0.018695831,-0.21781307,-0.10184279,-0.023105323,-0.14117068,-0.09814476,0.06695384,-0.21327162,-0.06234978,0.046780765,-0.2377587,-0.08847039,0.021608293,-0.1509862,-0.07746856,0.010690212,-0.09152079,-0.06315754,0.101612926,-0.17616868,-0.07433113,0.06494534,-0.17760444,-0.08178646,0.040909886,-0.12646222,-0.067521155,0.036986053,-0.10265899,-0.054454733
-0.05022168,-0.07366711,-0.029541366,-0.0328784,-0.1903593,-0.05069691,0.03789133,-0.23879367,-0.07013351,0.10083127,-0.2554494,-0.087406024,-0.025187075,-0.26556766,-0.040686052,-0.03870082,-0.29858407,-0.084666915,-0.04882717,-0.21677667,-0.11314742,-0.050458193,-0.1511184,-0.12671696,0.025832832,-0.24909198,-0.043964513,0.0061783195,-0.29688415,-0.09220026,-0.018757105,-0.20793283,-0.107388936,-0.028276086,-0.13381219,-0.10575025,0.07012123,-0.21461982,-0.051298913,0.051880717,-0.22258902,-0.08803273,0.01976192,-0.13232541,-0.081141114,0.0054392815,-0.07214892,-0.06563672,0.10267627,-0.17370313,-0.0615284,0.06888205,-0.17282087,-0.07595544,0.042382002,-0.11607194,-0.06285792,0.038601577,-0.08595151,-0.048095834
-0.04933405,-0.06966221,-0.027346909,-0.02987051,-0.18753576,-0.047274984,0.04170817,-0.2354582,-0.066009626,0.103402555,-0.25131,-0.08270308,-0.022363603,-0.2598065,-0.0405594,-0.03464538,-0.29869783,-0.08303566,-0.044735253,-0.21396488,-0.10893417,-0.045018256,-0.14580381,-0.12067478,0.028690398,-0.24353647,-0.044624493,0.007052958,-0.29872105,-0.09297118,-0.018152118,-0.20947248,-0.106772356,-0.02552098,-0.13288945,-0.10349858,0.07217449,-0.20902419,-0.052358303,0.05218458,-0.22239554,-0.08812212,0.021675289,-0.13146424,-0.079840235,0.009541452,-0.07023275,-0.06327237,0.10444814,-0.16876268,-0.06275295,0.07079589,-0.17123044,-0.07577554,0.044341326,-0.11477113,-0.06163317,0.04124248,-0.0861215,-0.046294056
-0.04872799,-0.069283485,-0.027403733,-0.031906486,-0.18639278,-0.046921887,0.037160397,-0.23371482,-0.065587364,0.10088551,-0.24567872,-0.081721425,-0.023916304,-0.26024795,-0.03632272,-0.03735006,-0.29807228,-0.079084925,-0.044757605,-0.21563959,-0.105914675,-0.044357717,-0.14872324,-0.11828726,0.027389944,-0.24778044,-0.04045695,0.008511066,-0.29656714,-0.08760957,-0.015544713,-0.21027118,-0.10202694,-0.025116026,-0.13734555,-0.09951923,0.0714128,-0.2149409,-0.048736762,0.050337434,-0.21543509,-0.08319357,0.018974483,-0.1273061,-0.07628409,0.0040872693,-0.07063812,-0.061157532,0.1039173,-0.17441148,-0.060052127,0.07137883,-0.16544229,-0.07220915,0.045596004,-0.11066681,-0.059350006,0.040529847,-0.08355641,-0.045157287
-0.0491364,-0.07264507,-0.025934316,-0.03153938,-0.19158399,-0.044021565,0.037735105,-0.23872131,-0.061413467,0.10308236,-0.24978149,-0.07625633,-0.022164822,-0.26606065,-0.034156304,-0.03911966,-0.29487687,-0.07647573,-0.045772552,-0.21249318,-0.10338433,-0.044191062,-0.14758867,-0.11560742,0.027673244,-0.2507512,-0.038659275,0.008090079,-0.29570344,-0.084484555,-0.015569866,-0.21227968,-0.098552756,-0.02656126,-0.14085156,-0.095781624,0.07091761,-0.21683681,-0.047341667,0.04848337,-0.20968342,-0.08120101,0.0152878165,-0.122793555,-0.07568198,-0.0021641254,-0.066658795,-0.061228577,0.102398396,-0.1750341,-0.05903312,0.06824857,-0.16124558,-0.07100581,0.03968239,-0.107450366,-0.05958096,0.030878842,-0.079025984,-0.046193086
-0.049093187,-0.06600165,-0.021626178,-0.038887918,-0.17148858,-0.037366394,0.019304872,-0.22502816,-0.054064255,0.08106089,-0.2442314,-0.06685105,-0.020324409,-0.27164143,-0.02647563,-0.035413027,-0.30319196,-0.06389195,-0.040878654,-0.21622425,-0.08496228,-0.03905022,-0.15132439,-0.092955604,0.02835834,-0.25652146,-0.031237824,0.01398325,-0.29112715,-0.071779616,-0.004550576,-0.19979006,-0.080917455,-0.0144357085,-0.13037384,-0.0767118,0.07007259,-0.22077233,-0.040569216,0.05134642,-0.2342403,-0.0753501,0.024251997,-0.15026909,-0.069660395,0.011093974,-0.0909186,-0.054987207,0.10302347,-0.17834288,-0.052073773,0.09184456,-0.22078699,-0.068075016,0.07602233,-0.21524888,-0.061983112,0.07246947,-0.21236384,-0.052414365
-0.04677552,-0.07060957,-0.025323816,-0.037097394,-0.1638459,-0.046882134,0.019481659,-0.21108615,-0.06764936,0.08027226,-0.23185456,-0.08586061,-0.020271122,-0.29694548,-0.03626142,-0.039090812,-0.2759654,-0.07157226,-0.043142557,-0.18837368,-0.09750988,-0.042714834,-0.12110543,-0.1108104,0.033225596,-0.28138542,-0.039433807,0.012455344,-0.2525385,-0.070825025,-0.005846083,-0.16678202,-0.08275668,-0.019011736,-0.096356034,-0.08588187,0.07736313,-0.23831105,-0.045957927,0.051281333,-0.22130603,-0.07040603,0.023295224,-0.1505363,-0.06921397,0.0067290664,-0.09352791,-0.0637104,0.10978669,-0.18308622,-0.055299647,0.080130875,-0.17978376,-0.06862258,0.049889803,-0.14315939,-0.064369686,0.03549224,-0.1131587,-0.057537917
-0.046496034,-0.0636192,-0.026346311,-0.040535808,-0.1578843,-0.04615381,0.008569837,-0.2118985,-0.064372584,0.064590275,-0.23698312,-0.07860102,-0.024029434,-0.29798108,-0.03640534,-0.039965212,-0.27334273,-0.06960339,-0.04193586,-0.18471086,-0.091903046,-0.039408565,-0.12077564,-0.10287198,0.02955693,-0.28052902,-0.038351912,0.010810435,-0.25224954,-0.06938277,-0.0052946806,-0.16854626,-0.079752535,-0.016133547,-0.10340786,-0.08175525,0.073082626,-0.23615086,-0.043579083,0.049936295,-0.21935076,-0.070451,0.025563538,-0.14857745,-0.06796058,0.011549771,-0.0943284,-0.060680375,0.1049999,-0.18001199,-0.051425427,0.08923823,-0.19382626,-0.06745035,0.07339549,-0.18113708,-0.064142145,0.06881428,-0.17137796,-0.057548683
-0.04862702,-0.06598675,-0.026670042,-0.045396984,-0.1560129,-0.047069438,-0.0015952587,-0.20820147,-0.065498404,0.050831795,-0.23101485,-0.07957529,-0.025296688,-0.3010936,-0.037369177,-0.03766513,-0.26271993,-0.070068836,-0.04153043,-0.1747548,-0.09196806,-0.041358113,-0.113591015,-0.10260041,0.029471576,-0.27987075,-0.03882647,0.01392138,-0.24082875,-0.0690279,-0.0038607717,-0.1585728,-0.07904459,-0.017486393,-0.09413022,-0.08099965,0.072913826,-0.2324943,-0.043375537,0.050290585,-0.20446068,-0.070157744,0.025709808,-0.13489091,-0.068655625,0.009765506,-0.08127588,-0.062024005,0.10400969,-0.17340183,-0.050550487,0.09022933,-0.18140191,-0.06633348,0.0762077,-0.1721772,-0.06376939,0.07058078,-0.1650297,-0.05783094
-0.046248198,-0.06490719,-0.027699096,-0.043146014,-0.15444785,-0.048226375,0.0031917691,-0.20519936,-0.06654469,0.0575912,-0.2272563,-0.08010584,-0.025667727,-0.30032933,-0.035282876,-0.032571077,-0.25941956,-0.06715262,-0.0363968,-0.17352986,-0.08841378,-0.037339687,-0.112868726,-0.09839063,0.027426898,-0.27853978,-0.03586368,0.01719296,-0.2397402,-0.065460436,-0.001386404,-0.15961653,-0.07603815,-0.015681803,-0.09564835,-0.07823855,0.07019496,-0.23178995,-0.039727386,0.05437529,-0.20649427,-0.06668812,0.028630316,-0.14103562,-0.06619095,0.010990024,-0.08926892,-0.05966484,0.10194987,-0.17382699,-0.04618623,0.09753466,-0.19051778,-0.06129889,0.08835286,-0.18756354,-0.058602612,0.08600825,-0.18345332,-0.05232638
-0.04540938,-0.061626732,-0.027799334,-0.04342693,-0.14697295,-0.04876597,-0.0011484027,-0.19160837,-0.0676245,0.050061345,-0.20968306,-0.08144144,-0.0236094,-0.30435878,-0.03593477,-0.031936407,-0.2558983,-0.06717293,-0.033269227,-0.1636486,-0.08691605,-0.03328353,-0.100803256,-0.095316626,0.028861165,-0.27967423,-0.036677808,0.017597377,-0.24183738,-0.069211826,-0.00018715858,-0.15221763,-0.08101594,-0.015202761,-0.08279121,-0.082632214,0.07057375,-0.23036212,-0.040253587,0.055653036,-0.20778596,-0.07121802,0.030952096,-0.13227743,-0.07077259,0.013248086,-0.07438958,-0.062097594,0.10128313,-0.17142159,-0.04599011,0.10950291,-0.20882261,-0.06193507,0.10959482,-0.2267828,-0.059230935,0.111154854,-0.24361485,-0.052829567
-0.053190827,-0.08547962,-0.020296248,-0.03682047,-0.20234776,-0.03747151,0.028798163,-0.24784875,-0.05391333,0.09310353,-0.2555763,-0.06881479,-0.029598713,-0.26862997,-0.04342026,-0.04512459,-0.3072568,-0.08160147,-0.052843094,-0.22157854,-0.10329257,-0.052499175,-0.15638429,-0.11356863,0.023485482,-0.25166237,-0.05028688,0.002444625,-0.30240467,-0.09320196,-0.019933283,-0.21003032,-0.101336785,-0.030003369,-0.13180208,-0.09616975,0.06711388,-0.21656442,-0.06003484,0.037614048,-0.22742319,-0.09000025,0.012749672,-0.14139432,-0.08126409,0.0030933619,-0.081751704,-0.06706187,0.09767038,-0.17585367,-0.07204476,0.051803827,-0.17067993,-0.08371254,0.02587241,-0.11854905,-0.07375254,0.022638202,-0.08989322,-0.062845655
-0.053190827,-0.08547962,-0.020296248,-0.03682047,-0.20234776,-0.03747151,0.028798163,-0.24784875,-0.05391333,0.09310353,-0.2555763,-0.06881479,-0.029598713,-0.26862997,-0.04342026,-0.04512459,-0.3072568,-0.08160147,-0.052843094,-0.22157854,-0.10329257,-0.052499175,-0.15638429,-0.11356863,0.023485482,-0.25166237,-0.05028688,0.002444625,-0.30240467,-0.09320196,-0.019933283,-0.21003032,-0.101336785,-0.030003369,-0.13180208,-0.09616975,0.06711388,-0.21656442,-0.06003484,0.037614048,-0.22742319,-0.09000025,0.012749672,-0.14139432,-0.08126409,0.0030933619,-0.081751704,-0.06706187,0.09767038,-0.17585367,-0.07204476,0.051803827,-0.17067993,-0.08371254,0.02587241,-0.11854905,-0.07375254,0.022638202,-0.08989322,-0.062845655
-0.051644683,-0.0664072,-0.022714421,-0.046063125,-0.18524772,-0.038148854,0.012185097,-0.25307626,-0.05354975,0.061490655,-0.29302815,-0.06547384,-0.04996115,-0.24390733,-0.024492089,-0.0660727,-0.30550167,-0.06289457,-0.06500298,-0.23187935,-0.08658639,-0.059738696,-0.17205763,-0.09797592,-1.9967556e-05,-0.24474096,-0.029625522,-0.020358443,-0.31104606,-0.072987966,-0.026966989,-0.2240749,-0.08670688,-0.024698555,-0.15646827,-0.08502353,0.04670888,-0.2253139,-0.038934674,0.030652106,-0.24702245,-0.07167369,0.0110167265,-0.15226954,-0.061233364,0.0006631017,-0.09227872,-0.044552162,0.08612847,-0.19489056,-0.051149767,0.06368834,-0.20534515,-0.06675989,0.047394574,-0.1477865,-0.054186612,0.04424286,-0.118555486,-0.040054955
-0.051644683,-0.0664072,-0.022714421,-0.046063125,-0.18524772,-0.038148854,0.012185097,-0.25307626,-0.05354975,0.061490655,-0.29302815,-0.06547384,-0.04996115,-0.24390733,-0.024492089,-0.0660727,-0.30550167,-0.06289457,-0.06500298,-0.23187935,-0.08658639,-0.059738696,-0.17205763,-0.09797592,-1.9967556e-05,-0.24474096,-0.029625522,-0.020358443,-0.31104606,-0.072987966,-0.026966989,-0.2240749,-0.08670688,-0.024698555,-0.15646827,-0.08502353,0.04670888,-0.2253139,-0.038934674,0.030652106,-0.24702245,-0.07167369,0.0110167265,-0.15226954,-0.061233364,0.0006631017,-0.09227872,-0.044552162,0.08612847,-0.19489056,-0.051149767,0.06368834,-0.20534515,-0.06675989,0.047394574,-0.1477865,-0.054186612,0.04424286,-0.118555486,-0.040054955
-0.05045694,-0.06549513,-0.0099459225,-0.051502287,-0.1802693,-0.023035,8.5413456e-05,-0.25362587,-0.036264442,0.048930943,-0.29619586,-0.04687373,-0.069295466,-0.20445698,-0.03599796,-0.07462227,-0.3084557,-0.0661919,-0.06608957,-0.2497862,-0.07886729,-0.060489595,-0.19476974,-0.08353386,-0.02203077,-0.2073375,-0.045835536,-0.03192377,-0.31843555,-0.07853004,-0.028468072,-0.24659413,-0.083389096,-0.024937391,-0.18313694,-0.07854465,0.026027858,-0.19540256,-0.0563622,0.018971026,-0.2594834,-0.07981551,0.01244843,-0.17207181,-0.0646449,0.005703926,-0.112048805,-0.047931872,0.07130033,-0.17614973,-0.06802403,0.052873313,-0.21636057,-0.07943717,0.043317795,-0.16319221,-0.064753495,0.04009354,-0.13074696,-0.051116563
-0.055249035,-0.06688976,-0.01660979,-0.05941552,-0.18582547,-0.029458318,-0.01006639,-0.2587372,-0.04337471,0.042277694,-0.30069548,-0.054406382,-0.061749876,-0.24181253,-0.02088099,-0.08256495,-0.3085634,-0.05753189,-0.078246355,-0.23593706,-0.0785526,-0.071787775,-0.17890221,-0.08677821,-0.014847636,-0.24376673,-0.027871992,-0.03921634,-0.32217833,-0.06734585,-0.045217693,-0.24065626,-0.07737874,-0.046118975,-0.1706894,-0.07216164,0.031191051,-0.22845721,-0.038345676,0.010004818,-0.25064522,-0.07027341,-0.0040928125,-0.15551001,-0.061445348,-0.012390137,-0.09252405,-0.044240836,0.071599245,-0.20273185,-0.050788686,0.044791162,-0.21099287,-0.0643235,0.029948354,-0.14972591,-0.0512952,0.025539756,-0.11224103,-0.036094602
-0.054979682,-0.06510079,-0.017656885,-0.05903709,-0.183635,-0.03121203,-0.008483171,-0.25508982,-0.045458056,0.043473005,-0.29594618,-0.05683291,-0.062393665,-0.24221677,-0.022449795,-0.083366334,-0.30234805,-0.0609924,-0.07832879,-0.22684813,-0.0834027,-0.070755064,-0.1692406,-0.092520654,-0.01471132,-0.24613595,-0.029036917,-0.04096967,-0.31816474,-0.07081192,-0.046816647,-0.2338407,-0.081892595,-0.04640752,-0.16389573,-0.07698341,0.031241834,-0.23134595,-0.039212037,0.008294821,-0.24521929,-0.07221633,-0.0054065585,-0.1486572,-0.064035214,-0.0130057335,-0.08683628,-0.047237333,0.07078314,-0.2059874,-0.051501356,0.04122883,-0.20089704,-0.066002145,0.02763009,-0.13795257,-0.054239355,0.025214732,-0.10280466,-0.039788503
-0.052655697,-0.058560252,-0.019282592,-0.060461044,-0.17670542,-0.0327719,-0.011484265,-0.25046498,-0.04736082,0.040396392,-0.29205674,-0.058744155,-0.06819123,-0.22661716,-0.022670165,-0.08837479,-0.29506308,-0.062215302,-0.081543386,-0.21941227,-0.08394548,-0.072253525,-0.15938216,-0.09164197,-0.023158133,-0.23144871,-0.028750895,-0.045387805,-0.31793734,-0.0725318,-0.049895823,-0.23166013,-0.082579374,-0.04658395,-0.15852052,-0.07521064,0.022372425,-0.218373,-0.038826924,0.0058509707,-0.25193965,-0.07436749,-0.0042029023,-0.1510284,-0.06509955,-0.006609559,-0.08536732,-0.04549987,0.0638538,-0.19612741,-0.05099138,0.042554498,-0.21328944,-0.06719224,0.032452464,-0.15525699,-0.054809522,0.03388518,-0.12061304,-0.038837083
-0.05629748,-0.062710226,-0.017909657,-0.065253794,-0.18250382,-0.03235893,-0.016072154,-0.25653446,-0.047848858,0.037873447,-0.29840845,-0.060661174,-0.07090098,-0.23211336,-0.02613594,-0.09193647,-0.2953949,-0.06533154,-0.08703232,-0.2168262,-0.08725849,-0.078054845,-0.15711671,-0.09556138,-0.02580893,-0.23553932,-0.032925587,-0.052441537,-0.32059774,-0.0772185,-0.05916345,-0.23437709,-0.08811425,-0.0552271,-0.15853131,-0.081488095,0.02025342,-0.2220267,-0.042752586,0.0008624792,-0.25213903,-0.07678726,-0.009750903,-0.15117788,-0.0666549,-0.01154834,-0.083369195,-0.046970103,0.061492026,-0.20000863,-0.054585166,0.035904944,-0.21303803,-0.067993365,0.025880456,-0.1546449,-0.053644404,0.028528392,-0.119939804,-0.036810566
-0.057385564,-0.060380757,-0.020342572,-0.06530845,-0.17683542,-0.035864014,-0.016533136,-0.25251293,-0.051899634,0.034055233,-0.29730847,-0.06489078,-0.07316983,-0.23088074,-0.026306046,-0.09526214,-0.29647833,-0.06675319,-0.088145494,-0.21999896,-0.089648664,-0.0782513,-0.16053623,-0.09838907,-0.026168108,-0.23575807,-0.03222678,-0.053770065,-0.31930527,-0.07656764,-0.058250308,-0.23463905,-0.0883629,-0.0540542,-0.16233772,-0.082812056,0.021263123,-0.2230376,-0.041684918,0.0006227493,-0.25029415,-0.07762513,-0.011096716,-0.15039194,-0.068632,-0.014080107,-0.08521205,-0.04959155,0.06354171,-0.20056576,-0.05323084,0.03779918,-0.21382642,-0.06918867,0.027558565,-0.15323675,-0.055864874,0.029886365,-0.11750984,-0.039428383
-0.05767238,-0.06025195,-0.022507688,-0.066732526,-0.17544419,-0.038890153,-0.019440532,-0.25199807,-0.05505082,0.03060025,-0.30107126,-0.06786565,-0.074709296,-0.23424011,-0.026906556,-0.0976848,-0.29433382,-0.068647325,-0.089597404,-0.21846282,-0.09337884,-0.07917017,-0.15859848,-0.10336458,-0.02792114,-0.24014872,-0.031834062,-0.057484686,-0.31857347,-0.076872334,-0.060464263,-0.23381406,-0.0895127,-0.056238353,-0.16025728,-0.08467383,0.019152105,-0.22815931,-0.04063477,-0.0019279718,-0.24793261,-0.077545255,-0.012816608,-0.14697039,-0.06860054,-0.016251326,-0.08068508,-0.049674448,0.060851038,-0.20488214,-0.05177773,0.032556415,-0.20811284,-0.069013216,0.02137506,-0.14286387,-0.05590272,0.022210002,-0.10485786,-0.03948494
-0.057402194,-0.06265354,-0.021611663,-0.065570414,-0.18105406,-0.038197305,-0.017146826,-0.25829864,-0.05557802,0.034509063,-0.30538,-0.06989487,-0.07187587,-0.23617846,-0.026319599,-0.09509826,-0.29840255,-0.0701151,-0.089402586,-0.2201894,-0.09596702,-0.08109099,-0.157439,-0.10604406,-0.025741696,-0.24036413,-0.032209255,-0.054996252,-0.32034814,-0.07948098,-0.059383273,-0.23333776,-0.09233417,-0.055947065,-0.15791893,-0.0869898,0.021698713,-0.22688782,-0.042138495,0.0009238124,-0.2554078,-0.08006337,-0.010543287,-0.15379184,-0.07012048,-0.014018238,-0.08539176,-0.04985618,0.06437063,-0.20350975,-0.054383613,0.039693892,-0.22200286,-0.07095992,0.028011799,-0.1604234,-0.05633866,0.028562486,-0.12144983,-0.03859495
-0.057172418,-0.06329745,-0.016601961,-0.067087054,-0.18365514,-0.030635413,-0.019968688,-0.2616641,-0.045973744,0.030365407,-0.30801338,-0.058634143,-0.07320106,-0.24325764,-0.022352155,-0.096156895,-0.30511892,-0.062004697,-0.089882016,-0.22546774,-0.084918395,-0.0806669,-0.16597939,-0.09409908,-0.025112629,-0.25046378,-0.030251592,-0.055413067,-0.3252913,-0.074367315,-0.059512556,-0.23440719,-0.08578273,-0.055585504,-0.15871024,-0.079873554,0.022414625,-0.23865843,-0.041561887,-0.003749013,-0.2562334,-0.07632354,-0.012558937,-0.15297401,-0.06734937,-0.014639795,-0.08547562,-0.048824802,0.06396657,-0.21637565,-0.054792084,0.032192945,-0.21219933,-0.06994077,0.023106396,-0.14602357,-0.057086274,0.025883973,-0.10945964,-0.041186355
-0.06074524,-0.058004975,-0.01652393,-0.074449,-0.18401557,-0.029549377,-0.025966763,-0.2666322,-0.043244507,0.026109636,-0.31504744,-0.054370932,-0.080382705,-0.24430376,-0.026243836,-0.10086459,-0.3096211,-0.06496467,-0.09533739,-0.22790676,-0.08600101,-0.08511388,-0.1672576,-0.09418543,-0.030222952,-0.25296378,-0.033463012,-0.061470807,-0.3330143,-0.07794747,-0.06484276,-0.23812634,-0.0875504,-0.057331562,-0.15951753,-0.07988307,0.018391967,-0.24230844,-0.043696888,-0.009857178,-0.26564363,-0.07891371,-0.016878664,-0.15901268,-0.06912118,-0.016471148,-0.08843434,-0.04988239,0.059803963,-0.2216577,-0.055641767,0.025489151,-0.21555424,-0.07250567,0.019447744,-0.14938945,-0.060921934,0.025744915,-0.11523944,-0.045666378
-0.06178367,-0.06338751,-0.01816345,-0.07206309,-0.1885916,-0.033027742,-0.023205578,-0.26987895,-0.048488863,0.028835058,-0.32055578,-0.06166427,-0.07587695,-0.25345427,-0.026773863,-0.10144782,-0.30844373,-0.06765073,-0.097459555,-0.22340298,-0.09144751,-0.087724596,-0.15798432,-0.10076216,-0.027033389,-0.25922355,-0.03373517,-0.065289974,-0.33985162,-0.07826742,-0.071543634,-0.2467835,-0.08947584,-0.06637192,-0.16574001,-0.083101496,0.021179914,-0.24662608,-0.043692775,-0.009233832,-0.27133536,-0.07925561,-0.016030848,-0.1635899,-0.06884163,-0.014905155,-0.09123081,-0.04879106,0.06314725,-0.22415954,-0.055522095,0.027039945,-0.22337145,-0.07070919,0.019354403,-0.1551947,-0.05597187,0.02434051,-0.11681813,-0.038361408
-0.06438637,-0.05571884,-0.019318275,-0.079903394,-0.18805897,-0.033259284,-0.033030808,-0.27563494,-0.04853971,0.016465902,-0.3309594,-0.061696302,-0.07521677,-0.26291972,-0.019741675,-0.10705584,-0.3145384,-0.06427166,-0.101732194,-0.22599941,-0.09117974,-0.08965993,-0.1569925,-0.101610094,-0.023849666,-0.2723253,-0.027057275,-0.068582654,-0.34328577,-0.076917626,-0.07470223,-0.24886131,-0.092291504,-0.06806767,-0.1665451,-0.08710702,0.025428295,-0.26181442,-0.038479853,-0.01613748,-0.2723872,-0.07970482,-0.023138702,-0.15940744,-0.07279868,-0.02166897,-0.08484274,-0.0536145,0.0674417,-0.23950142,-0.05179199,0.020585477,-0.22084409,-0.07162279,0.013803661,-0.14243323,-0.05907014,0.021039188,-0.10035592,-0.041893303
-0.06404376,-0.05269766,-0.01943988,-0.080340624,-0.18974745,-0.033477668,-0.027976274,-0.28134766,-0.04801286,0.02185899,-0.33924967,-0.060554978,-0.08511099,-0.26022893,-0.02742927,-0.1124143,-0.32466418,-0.06996529,-0.10312906,-0.23261946,-0.093495496,-0.08782092,-0.16265506,-0.10204598,-0.030212224,-0.270339,-0.034318514,-0.073063254,-0.3571053,-0.083075404,-0.075998485,-0.25964254,-0.09635277,-0.064632595,-0.17455417,-0.089826174,0.022601008,-0.26077092,-0.04439976,-0.014335573,-0.28909278,-0.08471934,-0.018726647,-0.16739494,-0.075756334,-0.015679121,-0.08634621,-0.05548188,0.068389475,-0.24135041,-0.056047548,0.023265779,-0.22721726,-0.075698666,0.016712308,-0.14576715,-0.06250438,0.024161994,-0.104005635,-0.045192853
-0.07401517,-0.059750795,-0.023005405,-0.09390798,-0.20508116,-0.0391499,-0.049650908,-0.3082592,-0.056919202,-0.0010834932,-0.38140407,-0.0716909,-0.096432924,-0.289724,-0.01947411,-0.1343447,-0.3493691,-0.06767137,-0.12475824,-0.2561473,-0.09628763,-0.10988164,-0.17888474,-0.106268235,-0.042304635,-0.30487415,-0.027129052,-0.0898515,-0.3870028,-0.08039941,-0.09279886,-0.28742668,-0.09703291,-0.085401386,-0.19385403,-0.09069925,0.011893868,-0.29811552,-0.039679967,-0.028287292,-0.30128115,-0.085034326,-0.029678345,-0.17561144,-0.07805722,-0.025470793,-0.092184186,-0.056575708,0.06070125,-0.2774899,-0.054517925,0.01351428,-0.25735232,-0.07381736,0.008957446,-0.16988587,-0.058141273,0.016637266,-0.12077308,-0.037920147
-0.07401517,-0.059750795,-0.023005405,-0.09390798,-0.20508116,-0.0391499,-0.049650908,-0.3082592,-0.056919202,-0.0010834932,-0.38140407,-0.0716909,-0.096432924,-0.289724,-0.01947411,-0.1343447,-0.3493691,-0.06767137,-0.12475824,-0.2561473,-0.09628763,-0.10988164,-0.17888474,-0.106268235,-0.042304635,-0.30487415,-0.027129052,-0.0898515,-0.3870028,-0.08039941,-0.09279886,-0.28742668,-0.09703291,-0.085401386,-0.19385403,-0.09069925,0.011893868,-0.29811552,-0.039679967,-0.028287292,-0.30128115,-0.085034326,-0.029678345,-0.17561144,-0.07805722,-0.025470793,-0.092184186,-0.056575708,0.06070125,-0.2774899,-0.054517925,0.01351428,-0.25735232,-0.07381736,0.008957446,-0.16988587,-0.058141273,0.016637266,-0.12077308,-0.037920147
-0.07411569,-0.06700182,-0.021039527,-0.09247813,-0.21676785,-0.036381446,-0.04742235,-0.3261257,-0.05528255,0.0038841367,-0.4003809,-0.07057623,-0.09373382,-0.3024059,-0.016630355,-0.13593459,-0.37548396,-0.06828644,-0.12677881,-0.28048187,-0.09807013,-0.11221385,-0.19878548,-0.10751684,-0.039195895,-0.31531963,-0.02591295,-0.08665502,-0.41157904,-0.08179434,-0.09140584,-0.30542436,-0.09592915,-0.08593741,-0.20615649,-0.086936265,0.017165482,-0.30452448,-0.040951163,-0.02095908,-0.3259435,-0.08851284,-0.028446138,-0.19501656,-0.078261584,-0.025405824,-0.10501397,-0.05311598,0.07175398,-0.27921584,-0.05844313,0.03574121,-0.29826578,-0.078143775,0.020935059,-0.21978718,-0.060911976,0.020340025,-0.16748202,-0.039017692
-0.076622486,-0.06955528,-0.018927883,-0.09663504,-0.22868037,-0.033846408,-0.043827474,-0.34011713,-0.052818105,0.0150004625,-0.4132396,-0.06870358,-0.10224238,-0.31483838,-0.012829745,-0.14238197,-0.38969517,-0.06759277,-0.13119909,-0.29122916,-0.101970285,-0.11567271,-0.20899552,-0.1150917,-0.043782055,-0.33258486,-0.024648208,-0.09496203,-0.4373631,-0.08668454,-0.0971722,-0.32575154,-0.10671472,-0.087640375,-0.22067273,-0.09971035,0.017579317,-0.32367185,-0.04159698,-0.025408924,-0.34529448,-0.092166275,-0.030191064,-0.20208162,-0.08160225,-0.027778864,-0.10472214,-0.055011846,0.07392895,-0.30014008,-0.061001003,0.030546427,-0.29902387,-0.08213919,0.02146256,-0.209032,-0.06308667,0.02682656,-0.15705448,-0.038953338
-0.07430366,-0.05658883,-0.023137484,-0.09779745,-0.23035318,-0.037064437,-0.04448092,-0.34895578,-0.054740675,0.013994575,-0.42559147,-0.068894945,-0.101644814,-0.32291391,-0.013849402,-0.14263156,-0.407129,-0.07452866,-0.13260677,-0.3011594,-0.11089455,-0.11804038,-0.21036738,-0.123634554,-0.03969717,-0.33930433,-0.02494862,-0.09124166,-0.44791436,-0.09302516,-0.09485924,-0.3277432,-0.112177856,-0.08656922,-0.21942121,-0.10278212,0.02358526,-0.32774484,-0.04291349,-0.019754827,-0.36090085,-0.100843795,-0.025028884,-0.20668864,-0.087952346,-0.023817062,-0.10363513,-0.05777607,0.081682384,-0.30227423,-0.06354542,0.040130556,-0.31402776,-0.09203696,0.028784633,-0.21413207,-0.072624765,0.031171203,-0.15578127,-0.046428315
-0.07748616,-0.062455595,-0.021911314,-0.10247722,-0.23307836,-0.037124887,-0.048143566,-0.35088992,-0.055383697,0.015115619,-0.42387873,-0.07068681,-0.10394344,-0.3266748,-0.020142904,-0.14441895,-0.4047671,-0.0782805,-0.13547736,-0.30278823,-0.11389382,-0.121301055,-0.21715045,-0.12768845,-0.04138726,-0.3439139,-0.031587534,-0.09138733,-0.44700038,-0.09758861,-0.09450284,-0.3275677,-0.11672483,-0.08760741,-0.22040963,-0.10869582,0.022511542,-0.3327143,-0.04854264,-0.01970905,-0.35577062,-0.10451226,-0.027769566,-0.20148295,-0.09238886,-0.030554056,-0.09675801,-0.063885115,0.08098084,-0.305463,-0.067966975,0.036746204,-0.3001003,-0.09518029,0.023007095,-0.19921881,-0.07645426,0.022306621,-0.13918233,-0.0514565
-0.07748616,-0.062455595,-0.021911314,-0.10247722,-0.23307836,-0.037124887,-0.048143566,-0.35088992,-0.055383697,0.015115619,-0.42387873,-0.07068681,-0.10394344,-0.3266748,-0.020142904,-0.14441895,-0.4047671,-0.0782805,-0.13547736,-0.30278823,-0.11389382,-0.121301055,-0.21715045,-0.12768845,-0.04138726,-0.3439139,-0.031587534,-0.09138733,-0.44700038,-0.09758861,-0.09450284,-0.3275677,-0.11672483,-0.08760741,-0.22040963,-0.10869582,0.022511542,-0.3327143,-0.04854264,-0.01970905,-0.35577062,-0.10451226,-0.027769566,-0.20148295,-0.09238886,-0.030554056,-0.09675801,-0.063885115,0.08098084,-0.305463,-0.067966975,0.036746204,-0.3001003,-0.09518029,0.023007095,-0.19921881,-0.07645426,0.022306621,-0.13918233,-0.0514565
-0.076913476,-0.06881893,-0.020764556,-0.09734595,-0.24080533,-0.03603032,-0.03708172,-0.3527647,-0.05436405,0.028622508,-0.42687684,-0.069721006,-0.10015479,-0.33479488,-0.016480448,-0.13552564,-0.4155866,-0.0698877,-0.13161388,-0.31540284,-0.10281127,-0.11974698,-0.2317357,-0.11558439,-0.037163854,-0.34550613,-0.028007062,-0.08403829,-0.45193902,-0.08621481,-0.089969546,-0.33431372,-0.10309085,-0.080901325,-0.2297607,-0.095366344,0.02768457,-0.33034799,-0.045005314,-0.008179188,-0.3669108,-0.092903666,-0.01811421,-0.21577555,-0.07870891,-0.0187577,-0.11405319,-0.05106167,0.087798834,-0.29958746,-0.06463288,0.046115935,-0.31087637,-0.08580502,0.032883346,-0.2139759,-0.065028444,0.035616398,-0.15793645,-0.040172786
-0.08217168,-0.0770005,-0.023458818,-0.09875345,-0.25511187,-0.039602764,-0.030253947,-0.36633807,-0.05804445,0.043230414,-0.4321295,-0.07275548,-0.101115465,-0.3375389,-0.024341678,-0.13543648,-0.41728395,-0.078890264,-0.1259551,-0.30801815,-0.11111658,-0.11120492,-0.21906143,-0.123103626,-0.037115693,-0.3483603,-0.034125373,-0.08314949,-0.45815277,-0.09589357,-0.088329375,-0.33991328,-0.11303919,-0.08006632,-0.23137599,-0.10463712,0.02736181,-0.3325754,-0.04910792,-0.005391836,-0.36360067,-0.099202596,-0.018080175,-0.21216679,-0.08600339,-0.02198112,-0.1080274,-0.058126956,0.08395761,-0.3024254,-0.0669224,0.047914267,-0.31273532,-0.088052474,0.03295338,-0.21969336,-0.067968234,0.033290625,-0.16410124,-0.04362175
-0.08039278,-0.08320451,-0.02374726,-0.096983254,-0.25537643,-0.040733803,-0.033372104,-0.36474007,-0.06009808,0.038695395,-0.4312692,-0.07546761,-0.09792566,-0.33768573,-0.021609297,-0.13542712,-0.41569117,-0.07554534,-0.12431049,-0.31169152,-0.10806909,-0.11043882,-0.22451347,-0.120017715,-0.034940183,-0.3506864,-0.030607859,-0.07938999,-0.45296326,-0.089431025,-0.082437396,-0.33748654,-0.1064785,-0.07730299,-0.23143339,-0.09894677,0.028956294,-0.33687305,-0.045094736,-0.0047035813,-0.35728487,-0.09303733,-0.017212272,-0.21260077,-0.08192031,-0.022349894,-0.11321938,-0.056161594,0.0867942,-0.30679077,-0.06247412,0.051590383,-0.31351197,-0.081995115,0.035275877,-0.22284895,-0.06302641,0.03228903,-0.1663205,-0.039786022
-0.08394045,-0.07792455,-0.02627968,-0.0999735,-0.25014132,-0.043604445,-0.03289908,-0.3609612,-0.062055513,0.040762365,-0.42507863,-0.075926445,-0.106910944,-0.3267262,-0.0283933,-0.13815826,-0.41453734,-0.082257,-0.12377563,-0.30900165,-0.11248689,-0.10787368,-0.22685766,-0.123341516,-0.0421167,-0.3405458,-0.036317673,-0.08116329,-0.4539796,-0.09723007,-0.082533896,-0.33692053,-0.11281062,-0.07473427,-0.23411828,-0.10348502,0.022938251,-0.32774043,-0.04955609,-0.00671947,-0.3552536,-0.0995466,-0.018466413,-0.20851386,-0.08731565,-0.022534907,-0.1118117,-0.060129512,0.08077645,-0.30008507,-0.06569977,0.044562697,-0.30769905,-0.087464616,0.031029642,-0.21657437,-0.06921354,0.03258121,-0.1639381,-0.046077468
-0.081615865,-0.07737619,-0.02491737,-0.096640885,-0.25072685,-0.04139074,-0.02810961,-0.36040536,-0.059652537,0.048131287,-0.41889524,-0.073968574,-0.10085684,-0.32518026,-0.026641108,-0.13090068,-0.4107328,-0.080756545,-0.120471895,-0.30271214,-0.11161665,-0.10805279,-0.21454781,-0.122434705,-0.037241817,-0.33618146,-0.035287507,-0.075589955,-0.44907883,-0.09596766,-0.08063716,-0.33165294,-0.112003185,-0.075324774,-0.22475344,-0.10282714,0.026888728,-0.32047126,-0.04927371,-0.0018359423,-0.35003072,-0.0993275,-0.014946461,-0.20505959,-0.08814038,-0.019406974,-0.106167555,-0.061333492,0.08392805,-0.29101825,-0.06590411,0.04927659,-0.30610347,-0.08721947,0.03620386,-0.2178365,-0.068556,0.03824544,-0.1644612,-0.045126505
-0.080577314,-0.0737502,-0.026500339,-0.097436845,-0.24399593,-0.04214207,-0.032265365,-0.35211992,-0.059584007,0.03652644,-0.4141878,-0.07215159,-0.10834533,-0.31364864,-0.026833978,-0.1371988,-0.4123364,-0.07982467,-0.12013197,-0.3058983,-0.10909343,-0.10354686,-0.22039402,-0.119110554,-0.042660177,-0.3274975,-0.034480438,-0.07809138,-0.45016032,-0.095127076,-0.07728422,-0.33361152,-0.11199672,-0.069734454,-0.23199075,-0.10355097,0.023475587,-0.31443697,-0.047419477,-0.0028104186,-0.3490788,-0.096685074,-0.013976753,-0.20343763,-0.08508663,-0.019631922,-0.107130945,-0.058349054,0.081130385,-0.28943384,-0.063409835,0.05101782,-0.31100625,-0.08332603,0.037437677,-0.22939128,-0.0646396,0.036895752,-0.18007362,-0.041590583
-0.084110975,-0.08349025,-0.027233543,-0.09711158,-0.25437593,-0.04568879,-0.027322114,-0.35873652,-0.06605434,0.046074748,-0.41709217,-0.081749685,-0.09974879,-0.3203498,-0.02844561,-0.13103265,-0.41000018,-0.08554165,-0.120413244,-0.30757055,-0.11838448,-0.1065228,-0.2257095,-0.13027027,-0.036676645,-0.33084965,-0.03630485,-0.07456833,-0.4433954,-0.10004923,-0.07807988,-0.32985657,-0.11768815,-0.07004279,-0.22906572,-0.10968388,0.027361453,-0.316443,-0.050092958,-0.0015262961,-0.34894198,-0.10213989,-0.0159294,-0.20729297,-0.091468096,-0.018742204,-0.109422326,-0.06469638,0.083790064,-0.289134,-0.06706126,0.049878836,-0.31181204,-0.09029326,0.034243226,-0.22743428,-0.07359773,0.03689301,-0.17276418,-0.051289544
-0.078156054,-0.065847576,-0.028351903,-0.096915364,-0.23450184,-0.04452252,-0.036112607,-0.3436279,-0.06120757,0.027064323,-0.41055602,-0.07271604,-0.10931009,-0.30768526,-0.030548519,-0.13766089,-0.4032569,-0.08333684,-0.11877543,-0.30288005,-0.11287056,-0.100729644,-0.22090518,-0.12341667,-0.044135988,-0.3220319,-0.037001543,-0.07716054,-0.4435706,-0.09824275,-0.0738526,-0.33343977,-0.11532109,-0.0663417,-0.23470575,-0.10749757,0.021699011,-0.30971545,-0.04851503,-0.0011259317,-0.34662113,-0.09898368,-0.009684324,-0.20030946,-0.085726164,-0.016381145,-0.1031782,-0.058203973,0.07999861,-0.28438988,-0.06315545,0.05173236,-0.3039395,-0.086795725,0.038903713,-0.21522093,-0.06839963,0.037077785,-0.16151273,-0.045034144
-0.07901001,-0.07411474,-0.025148025,-0.09626174,-0.2443173,-0.041550733,-0.027875602,-0.34840447,-0.059048686,0.043917418,-0.40516824,-0.07227379,-0.104132235,-0.30942097,-0.029140854,-0.13087198,-0.3968866,-0.08246752,-0.11477864,-0.29217944,-0.112679444,-0.09751278,-0.21113181,-0.12387396,-0.039969504,-0.32258514,-0.036713175,-0.075565815,-0.43939453,-0.0984519,-0.07421708,-0.3219201,-0.11418083,-0.06416726,-0.2189039,-0.10475486,0.025096595,-0.30991486,-0.049100906,-0.00043457747,-0.3480923,-0.09853377,-0.009383142,-0.20103735,-0.08515547,-0.013766825,-0.102097034,-0.05728603,0.081481576,-0.28485042,-0.06436535,0.049436986,-0.29467037,-0.08603114,0.037249446,-0.20568126,-0.06793961,0.03850311,-0.15366006,-0.04507884
-0.07901001,-0.07411474,-0.025148025,-0.09626174,-0.2443173,-0.041550733,-0.027875602,-0.34840447,-0.059048686,0.043917418,-0.40516824,-0.07227379,-0.104132235,-0.30942097,-0.029140854,-0.13087198,-0.3968866,-0.08246752,-0.11477864,-0.29217944,-0.112679444,-0.09751278,-0.21113181,-0.12387396,-0.039969504,-0.32258514,-0.036713175,-0.075565815,-0.43939453,-0.0984519,-0.07421708,-0.3219201,-0.11418083,-0.06416726,-0.2189039,-0.10475486,0.025096595,-0.30991486,-0.049100906,-0.00043457747,-0.3480923,-0.09853377,-0.009383142,-0.20103735,-0.08515547,-0.013766825,-0.102097034,-0.05728603,0.081481576,-0.28485042,-0.06436535,0.049436986,-0.29467037,-0.08603114,0.037249446,-0.20568126,-0.06793961,0.03850311,-0.15366006,-0.04507884
-0.08134115,-0.075294316,-0.027626796,-0.09661025,-0.24263647,-0.045123804,-0.030807137,-0.34782535,-0.06392028,0.0386734,-0.40557367,-0.07761161,-0.10585505,-0.30661714,-0.030707419,-0.13501889,-0.39885542,-0.086659215,-0.115870476,-0.29515743,-0.116870984,-0.09774923,-0.21483558,-0.1269639,-0.04219961,-0.31980938,-0.03774626,-0.076993346,-0.43735182,-0.10195683,-0.07245952,-0.32011524,-0.11753303,-0.062600434,-0.22063106,-0.10739936,0.023273945,-0.30751234,-0.05029731,-0.0011133552,-0.34588817,-0.10354828,-0.009795487,-0.20135975,-0.090778954,-0.014321506,-0.10503811,-0.061913628,0.08135909,-0.2832423,-0.06577316,0.052508533,-0.30741718,-0.08963497,0.040006697,-0.22190517,-0.07156979,0.040536523,-0.16797286,-0.047806706
-0.080430806,-0.07678759,-0.026095618,-0.09836912,-0.24324572,-0.042389028,-0.03570497,-0.35022524,-0.060190428,0.033794463,-0.41114253,-0.07348593,-0.10628998,-0.31713727,-0.024717964,-0.13586622,-0.40438366,-0.07902672,-0.11888182,-0.30289868,-0.11059292,-0.10301721,-0.22088116,-0.122047186,-0.042821944,-0.33199164,-0.032385424,-0.080659926,-0.44414556,-0.093442746,-0.07879543,-0.3296354,-0.11043313,-0.071346104,-0.22768563,-0.10222591,0.021551788,-0.32004234,-0.04558698,-0.0058056116,-0.35110694,-0.097351834,-0.014023125,-0.20642269,-0.08679964,-0.018483639,-0.10918009,-0.06035392,0.07863754,-0.29341188,-0.061603907,0.045050144,-0.30218858,-0.08569062,0.03177768,-0.21089661,-0.06875301,0.031009018,-0.15564096,-0.04613569
-0.07913202,-0.07421166,-0.025373021,-0.09459543,-0.24184322,-0.04165357,-0.028438807,-0.3464767,-0.059366934,0.04236132,-0.40457097,-0.07303356,-0.10128182,-0.31513622,-0.027972747,-0.1339041,-0.4011166,-0.08142438,-0.11854789,-0.29686767,-0.11174258,-0.10234499,-0.21574354,-0.12266488,-0.037533402,-0.32843634,-0.03599942,-0.07670623,-0.43951643,-0.097218856,-0.07633793,-0.32128984,-0.112795025,-0.06923312,-0.21884155,-0.10354033,0.026801825,-0.31447452,-0.04911343,-0.0025087595,-0.34698904,-0.100454524,-0.012696624,-0.2005415,-0.08841246,-0.018616557,-0.10311055,-0.061156034,0.08305758,-0.28707913,-0.06490026,0.04911703,-0.2972969,-0.088350914,0.034694195,-0.20565063,-0.0703271,0.0332793,-0.15043747,-0.047125645
-0.08008027,-0.07671404,-0.025282528,-0.096119404,-0.24397057,-0.04267947,-0.031079292,-0.35091543,-0.06105483,0.040925026,-0.41096115,-0.07506702,-0.10452968,-0.31752062,-0.032359786,-0.13526893,-0.4044591,-0.08582448,-0.12060356,-0.29841995,-0.11499024,-0.10526353,-0.21880472,-0.12541947,-0.03965807,-0.3299092,-0.04082304,-0.078428864,-0.4424104,-0.10126881,-0.07898575,-0.3245948,-0.11534253,-0.071902275,-0.22358948,-0.105427176,0.024925709,-0.31589398,-0.054048434,-0.006814897,-0.34245294,-0.103752345,-0.016275406,-0.19935936,-0.09087324,-0.02044636,-0.10662782,-0.063720174,0.0811494,-0.28887048,-0.06992617,0.045621574,-0.2947895,-0.09085574,0.032583654,-0.20595282,-0.071779415,0.032847106,-0.15524459,-0.048496574
-0.08193064,-0.07647145,-0.027217772,-0.09865016,-0.24583304,-0.044666253,-0.035830617,-0.3536506,-0.06332868,0.03289658,-0.4172485,-0.07723877,-0.10435659,-0.32196116,-0.028013729,-0.13691735,-0.4067182,-0.084377185,-0.12137848,-0.30133137,-0.11659368,-0.10522747,-0.21787274,-0.12802239,-0.0406034,-0.33600026,-0.035567667,-0.079155624,-0.44514993,-0.09804995,-0.08011854,-0.32920042,-0.11489449,-0.07452983,-0.22764057,-0.106316306,0.023242235,-0.32330996,-0.04878114,-0.007686436,-0.34618005,-0.10035893,-0.017160416,-0.20360541,-0.089103505,-0.020832956,-0.11113161,-0.062387433,0.07923329,-0.2967175,-0.06500954,0.04470259,-0.30416554,-0.08750123,0.032898188,-0.21582192,-0.069517404,0.03475964,-0.16558892,-0.046450783
-0.081759155,-0.075713396,-0.025535615,-0.09814215,-0.24446732,-0.042523663,-0.033699274,-0.35124463,-0.060681716,0.038015425,-0.41037026,-0.07435863,-0.10379571,-0.31569293,-0.0302537,-0.1355387,-0.40330613,-0.083414964,-0.12049815,-0.29933786,-0.11255256,-0.10478985,-0.22001332,-0.122850336,-0.03978324,-0.32935646,-0.03828082,-0.07699925,-0.44207275,-0.09848767,-0.07689971,-0.3261701,-0.11306912,-0.0702436,-0.22596169,-0.10357017,0.02449274,-0.31602952,-0.051245745,-0.0060649514,-0.34325728,-0.10075283,-0.015111864,-0.2008971,-0.08820143,-0.019016087,-0.10788202,-0.061299287,0.08109522,-0.28899267,-0.06697332,0.04684931,-0.29970968,-0.08816697,0.034464836,-0.21262711,-0.06955847,0.03535384,-0.1617766,-0.046588775
-0.07976711,-0.076857924,-0.0270929,-0.0956493,-0.2454834,-0.04452398,-0.03140098,-0.35203773,-0.06343996,0.039714396,-0.411879,-0.07733035,-0.101670384,-0.31536752,-0.030170526,-0.1318183,-0.40713763,-0.08379971,-0.118424326,-0.30280143,-0.11207119,-0.10389501,-0.2206716,-0.12098787,-0.03896153,-0.3271778,-0.03778924,-0.07353735,-0.44402683,-0.097995766,-0.07555747,-0.33043173,-0.111937605,-0.07026976,-0.23039687,-0.10181119,0.024818301,-0.31300443,-0.050845355,-0.0026785135,-0.3438714,-0.10178586,-0.013614893,-0.20129901,-0.08949472,-0.017484248,-0.107257724,-0.06202284,0.08281022,-0.28563777,-0.06676964,0.05394852,-0.30899292,-0.08833576,0.04071331,-0.22635138,-0.06959285,0.040593803,-0.17552495,-0.046369508
-0.079741895,-0.08045828,-0.025512638,-0.095593035,-0.24993312,-0.042602737,-0.029084086,-0.35551438,-0.06127808,0.044873416,-0.41196066,-0.07539356,-0.101685226,-0.31696033,-0.030766023,-0.1303392,-0.40705803,-0.083547056,-0.11819449,-0.30123073,-0.112021595,-0.103793085,-0.22071964,-0.12184932,-0.038111508,-0.32747862,-0.03904002,-0.07488489,-0.44508296,-0.099292524,-0.077322066,-0.32987222,-0.113324165,-0.070004284,-0.22779632,-0.10351966,0.02622503,-0.31207234,-0.052268118,-0.0005559921,-0.34679812,-0.10269543,-0.01134187,-0.20257705,-0.089885,-0.014839709,-0.104944944,-0.06222642,0.08348465,-0.2844704,-0.06825186,0.05527705,-0.30951974,-0.0896139,0.0404256,-0.22683603,-0.07059559,0.038654625,-0.17395276,-0.04734432
-0.07954764,-0.07793009,-0.024570394,-0.094444394,-0.2453596,-0.041781675,-0.028568864,-0.3508764,-0.060819164,0.0411039,-0.41204983,-0.07534843,-0.102683425,-0.3148793,-0.030027233,-0.13477299,-0.4045608,-0.08425074,-0.1190452,-0.2997768,-0.114684604,-0.10285729,-0.21804261,-0.1255779,-0.03825736,-0.32793003,-0.03913528,-0.07596773,-0.4460339,-0.101457104,-0.076232016,-0.33035302,-0.117625,-0.06967449,-0.22742671,-0.10872428,0.026751578,-0.3141148,-0.053022638,-0.0018442273,-0.34588486,-0.10399684,-0.012356281,-0.20040512,-0.09127608,-0.017431617,-0.103147686,-0.06356262,0.08337301,-0.28701124,-0.06966432,0.0517776,-0.30548304,-0.09116475,0.037742674,-0.21896869,-0.07175961,0.037411988,-0.16526675,-0.048004583
-0.07708061,-0.07206279,-0.025347074,-0.09218937,-0.2424249,-0.041290134,-0.024036765,-0.34795976,-0.058349255,0.04642558,-0.4075821,-0.07102101,-0.10328442,-0.31237516,-0.031057412,-0.13150457,-0.40406024,-0.08295587,-0.11690694,-0.2975326,-0.111275956,-0.10034132,-0.21611196,-0.12127052,-0.038512588,-0.3248146,-0.03870662,-0.07355833,-0.44623685,-0.09976903,-0.07404357,-0.32903498,-0.11457565,-0.06635529,-0.22610432,-0.10455951,0.026392162,-0.3108647,-0.050888952,-0.00050741434,-0.35115957,-0.10035714,-0.010337472,-0.20285612,-0.08655219,-0.015162766,-0.10418999,-0.05844739,0.08332735,-0.28498825,-0.06583062,0.052542567,-0.30453852,-0.08720032,0.03970653,-0.21860182,-0.068113215,0.04018587,-0.16765356,-0.04466943
-0.076112926,-0.06877637,-0.0264591,-0.091875374,-0.23617804,-0.04328919,-0.028875649,-0.3461808,-0.06148436,0.038655996,-0.41058767,-0.0745144,-0.102962494,-0.3068054,-0.033589385,-0.13174462,-0.4030063,-0.087333396,-0.11610985,-0.29731986,-0.11463397,-0.09962213,-0.21531582,-0.122776754,-0.038725078,-0.31807753,-0.041312374,-0.07272738,-0.4460852,-0.10460654,-0.072295904,-0.3294516,-0.118304074,-0.064908266,-0.22718382,-0.10674196,0.026033878,-0.30384684,-0.05385492,0.00015574694,-0.3474446,-0.1064019,-0.009491265,-0.20077652,-0.09168594,-0.013866842,-0.10229844,-0.061561827,0.084121525,-0.2792357,-0.06906651,0.059460223,-0.3161221,-0.09004642,0.04453683,-0.23711866,-0.06913012,0.041206002,-0.18620378,-0.044126987
-0.07893467,-0.07477677,-0.028806152,-0.09398705,-0.24513906,-0.04725602,-0.029370546,-0.35282803,-0.066562645,0.040345132,-0.4149077,-0.08054863,-0.10159999,-0.31507203,-0.03404861,-0.13322315,-0.40959433,-0.08741461,-0.11857399,-0.30203673,-0.11575194,-0.10198963,-0.21955276,-0.12488136,-0.037370205,-0.32623112,-0.040476948,-0.07258928,-0.44807395,-0.10187193,-0.07430512,-0.33186385,-0.11669388,-0.06822294,-0.22914535,-0.10685218,0.026857257,-0.3121301,-0.05185989,-0.0008870959,-0.34691316,-0.1018399,-0.012623727,-0.20000058,-0.08795674,-0.016979992,-0.1012097,-0.05961456,0.08387262,-0.28625846,-0.066413775,0.05523765,-0.31171405,-0.086874306,0.039560735,-0.22882897,-0.06702488,0.03748983,-0.17587996,-0.04315953
-0.07470709,-0.06788653,-0.028928116,-0.08946836,-0.23857504,-0.04685527,-0.025519073,-0.34587878,-0.06502512,0.04057175,-0.4128018,-0.07837475,-0.09946936,-0.3183067,-0.033527892,-0.13203323,-0.40143284,-0.087243766,-0.11986339,-0.29355377,-0.117088586,-0.103744924,-0.20882595,-0.12730356,-0.03549087,-0.33061397,-0.04032077,-0.07256162,-0.44796383,-0.10122362,-0.076399684,-0.33278728,-0.11701118,-0.07147819,-0.22934335,-0.1077792,0.028360844,-0.3165295,-0.051970348,-0.0012868643,-0.34266475,-0.10097101,-0.013581455,-0.19460112,-0.0870333,-0.0188272,-0.09833914,-0.059430484,0.08492398,-0.28886575,-0.066835016,0.050911605,-0.29852444,-0.08667455,0.035203934,-0.20815772,-0.06600037,0.034041226,-0.15613371,-0.041921627
-0.078789115,-0.076242864,-0.026625087,-0.09497011,-0.24619967,-0.042796265,-0.0336653,-0.34996247,-0.06056865,0.03282231,-0.41034126,-0.07358948,-0.08654076,-0.33610246,-0.019697648,-0.12607634,-0.39878926,-0.076263905,-0.12163484,-0.29074764,-0.11044101,-0.109696865,-0.20572072,-0.1227621,-0.025819898,-0.34890676,-0.027956195,-0.072838545,-0.44152373,-0.08867494,-0.083284855,-0.32988864,-0.10706517,-0.081517756,-0.23174721,-0.09949292,0.035457313,-0.33627725,-0.042453684,-0.010923386,-0.3374395,-0.09004316,-0.02408427,-0.19729638,-0.07948967,-0.02594769,-0.108068466,-0.054509506,0.090204656,-0.30653852,-0.06064697,0.038179696,-0.2928104,-0.079098016,0.027073264,-0.20304972,-0.061022915,0.034956336,-0.15370303,-0.03851921
-0.07976824,-0.08088136,-0.025019757,-0.09475064,-0.25241297,-0.042587347,-0.030911803,-0.35475278,-0.06202218,0.038001657,-0.41581666,-0.07774956,-0.087005556,-0.34286776,-0.024228679,-0.12954232,-0.40265077,-0.07981923,-0.12638271,-0.291877,-0.114483505,-0.11321813,-0.20502543,-0.12871234,-0.023994505,-0.3540492,-0.03424914,-0.07461494,-0.4483235,-0.09541187,-0.0872578,-0.3340506,-0.11517089,-0.08667207,-0.23064369,-0.10957348,0.037521064,-0.33892286,-0.049317718,-0.012646437,-0.33879903,-0.09585946,-0.026906848,-0.19489133,-0.08401013,-0.029503465,-0.102638185,-0.05947613,0.08894038,-0.30732054,-0.06797618,0.03257221,-0.28175986,-0.08554244,0.021087408,-0.18804562,-0.06627196,0.029756486,-0.13830167,-0.04392474
-0.07960719,-0.080140114,-0.026085733,-0.09603512,-0.24927181,-0.043829206,-0.033092797,-0.35233206,-0.06327694,0.034811676,-0.4162045,-0.07884502,-0.08797431,-0.34021366,-0.023245776,-0.13010389,-0.40159416,-0.08067397,-0.12665153,-0.2919056,-0.11645384,-0.113844335,-0.20490193,-0.13069718,-0.025268972,-0.3533454,-0.032461382,-0.0763244,-0.447775,-0.0951874,-0.08826089,-0.33323908,-0.11528571,-0.086253226,-0.22989804,-0.109149255,0.03586805,-0.3400538,-0.047216758,-0.014445603,-0.34156245,-0.09540638,-0.028832018,-0.19801486,-0.08420217,-0.031456888,-0.10492754,-0.059343208,0.087546766,-0.31028512,-0.06565134,0.0318954,-0.2837895,-0.08479312,0.020075142,-0.18987578,-0.06662442,0.028056383,-0.1396454,-0.044351786
-0.080526054,-0.07712984,-0.026028404,-0.097162664,-0.24467081,-0.043467116,-0.03579855,-0.34757727,-0.062637985,0.030095994,-0.41296703,-0.07821982,-0.08623177,-0.33621314,-0.022266986,-0.13363853,-0.3946083,-0.08106362,-0.12870789,-0.2849333,-0.11735081,-0.11373246,-0.19671291,-0.13133481,-0.02386576,-0.3514306,-0.031202983,-0.07881659,-0.44500405,-0.09399936,-0.09107858,-0.3341382,-0.11428322,-0.091260135,-0.23190153,-0.10830362,0.03583485,-0.33975652,-0.045954484,-0.019810617,-0.336255,-0.0947004,-0.03241408,-0.1956175,-0.08528652,-0.034335673,-0.105857015,-0.061797284,0.085090935,-0.31040022,-0.06431981,0.024016976,-0.272388,-0.084563956,0.014921784,-0.17659843,-0.06843322,0.024728835,-0.12683547,-0.047725078
-0.08576453,-0.082156,-0.025890674,-0.10311031,-0.24786425,-0.044337966,-0.039909005,-0.34939635,-0.06476991,0.02826804,-0.41321442,-0.081748344,-0.0756312,-0.34941125,-0.020268044,-0.13185719,-0.40269732,-0.07867128,-0.13248742,-0.29225075,-0.1159687,-0.11932403,-0.20302993,-0.1311637,-0.013532639,-0.36158878,-0.029548017,-0.07885116,-0.4446302,-0.08999466,-0.093907595,-0.33569604,-0.11082609,-0.094310105,-0.23538244,-0.10726563,0.043402553,-0.34754908,-0.044939075,-0.023779094,-0.33710718,-0.09218289,-0.035649598,-0.20227623,-0.08477117,-0.034361422,-0.114418626,-0.06444455,0.08738452,-0.31580818,-0.06418106,0.014526963,-0.2698209,-0.08488654,0.0048066974,-0.17328066,-0.07131522,0.01642692,-0.121255875,-0.053364057
-0.08194506,-0.0816015,-0.025038287,-0.100230396,-0.24889272,-0.042326137,-0.039838076,-0.34967962,-0.0616232,0.027873993,-0.41126078,-0.07729933,-0.07497823,-0.34864447,-0.020913523,-0.12747288,-0.4029411,-0.07893701,-0.13038486,-0.2919951,-0.11483775,-0.11933899,-0.20385969,-0.12874223,-0.014876127,-0.36026976,-0.030248068,-0.07718247,-0.4422412,-0.090503864,-0.09443432,-0.33352998,-0.11050124,-0.09680748,-0.23496366,-0.105776116,0.041721284,-0.3466242,-0.04548624,-0.023054302,-0.33232445,-0.09158748,-0.037472904,-0.19838214,-0.08399532,-0.039304495,-0.11131853,-0.06338715,0.08708125,-0.31594852,-0.06450112,0.017088532,-0.270202,-0.08341241,0.006819129,-0.17592043,-0.06917657,0.016844809,-0.12408972,-0.050677694
-0.082627654,-0.084824145,-0.019245593,-0.100404024,-0.24983218,-0.034519985,-0.042887628,-0.35221577,-0.05390135,0.021227896,-0.4151235,-0.07014731,-0.066927314,-0.3497153,-0.010419187,-0.12489045,-0.4031823,-0.067215174,-0.13178185,-0.2916771,-0.10210641,-0.12175161,-0.20342106,-0.115349725,-0.009761512,-0.35909733,-0.022894314,-0.07891476,-0.44336691,-0.08420458,-0.09782058,-0.33465308,-0.10505371,-0.0989784,-0.23481286,-0.10010243,0.04387951,-0.34563595,-0.041273367,-0.030280113,-0.33648095,-0.09070068,-0.042268217,-0.20157093,-0.084790505,-0.039065838,-0.11397213,-0.063801974,0.086779594,-0.31633022,-0.062608294,0.010255516,-0.27675202,-0.084667966,0.004540384,-0.18314642,-0.07186336,0.020321906,-0.13252819,-0.053375173
-0.08271712,-0.08643758,-0.019590152,-0.10077286,-0.2508459,-0.034647185,-0.044153094,-0.35376596,-0.053609353,0.01791954,-0.42046022,-0.06946812,-0.06747383,-0.34894818,-0.009239005,-0.12675244,-0.4064216,-0.06342205,-0.13312545,-0.29717597,-0.09792762,-0.12337011,-0.20845437,-0.11170344,-0.0105471015,-0.3595338,-0.02054948,-0.08221376,-0.4407953,-0.07930504,-0.098026395,-0.33186576,-0.100770056,-0.097250044,-0.23035282,-0.09742566,0.042119384,-0.3479846,-0.037732136,-0.033517003,-0.3365338,-0.08518206,-0.04312718,-0.20337617,-0.08089852,-0.03883767,-0.115119815,-0.06214398,0.08360338,-0.3204845,-0.057986908,0.0071507096,-0.27314106,-0.07999119,0.0024411678,-0.17976004,-0.06943925,0.017566621,-0.12972647,-0.05330441
-0.082203925,-0.091534376,-0.01834052,-0.10048348,-0.25706187,-0.034134395,-0.04308057,-0.357472,-0.05385189,0.021579444,-0.4199912,-0.07079138,-0.063266456,-0.35751215,-0.012245978,-0.12524986,-0.4075806,-0.06703595,-0.13341635,-0.29509416,-0.101480536,-0.123707116,-0.20668072,-0.11523715,-0.0069682,-0.36644816,-0.024606658,-0.08205116,-0.44321305,-0.0834762,-0.100177705,-0.33058563,-0.1039818,-0.099880874,-0.2284962,-0.1001017,0.045356274,-0.35207635,-0.042355128,-0.033491254,-0.34017932,-0.08905758,-0.045918584,-0.2063824,-0.08379578,-0.042566776,-0.11770499,-0.064745925,0.0866282,-0.3211259,-0.06298592,0.006942868,-0.2784955,-0.08408983,0.0016750097,-0.18495256,-0.07228605,0.018209577,-0.13307756,-0.055355366
-0.0849849,-0.08823943,-0.02360532,-0.10589254,-0.25047016,-0.041399345,-0.048126936,-0.35542646,-0.062142454,0.017488956,-0.42108428,-0.07961034,-0.06900859,-0.35559037,-0.013934261,-0.12927645,-0.40733457,-0.07382421,-0.13988656,-0.29675958,-0.11190889,-0.1321997,-0.20457149,-0.12676612,-0.011764348,-0.36424452,-0.024172926,-0.08508223,-0.4412083,-0.08424028,-0.10548812,-0.32844943,-0.10433696,-0.10847849,-0.22501862,-0.100354135,0.040908694,-0.3504217,-0.041354727,-0.035753846,-0.3410889,-0.090439714,-0.04583788,-0.20745116,-0.08411899,-0.042603552,-0.11743873,-0.06393203,0.08413112,-0.31878507,-0.062175833,0.0049854517,-0.28061217,-0.08495619,-0.0050263405,-0.18181747,-0.0721372,0.0040263534,-0.12231964,-0.05402335
-0.084221065,-0.08827597,-0.023025678,-0.104413986,-0.2499718,-0.040567223,-0.047357917,-0.3544977,-0.061236996,0.017858207,-0.41967207,-0.078687675,-0.06714845,-0.35604537,-0.013934763,-0.12922716,-0.4075672,-0.07394371,-0.14051619,-0.29767415,-0.111796476,-0.13338548,-0.20678085,-0.12639251,-0.009502053,-0.36444765,-0.024357786,-0.083670855,-0.44084078,-0.08415976,-0.105003715,-0.32822227,-0.10371926,-0.10881269,-0.225959,-0.09939931,0.043019116,-0.35005003,-0.041690584,-0.03600645,-0.33892468,-0.09041445,-0.047477543,-0.20585436,-0.08392773,-0.04487115,-0.116892874,-0.063777134,0.08522034,-0.31791064,-0.062616944,0.0048758984,-0.279115,-0.08505125,-0.0051174164,-0.18143308,-0.07235154,0.004562497,-0.12319201,-0.054369178
-0.08338821,-0.08941996,-0.022688486,-0.10302836,-0.25090322,-0.039971,-0.045897126,-0.35489288,-0.0605679,0.01860416,-0.41964018,-0.07793584,-0.06485367,-0.3583921,-0.0126948245,-0.12879068,-0.40865427,-0.073394135,-0.14057195,-0.29652694,-0.111744724,-0.13336095,-0.20473003,-0.1265491,-0.00788933,-0.36556613,-0.023393134,-0.08398098,-0.44036758,-0.08387166,-0.10599655,-0.32432485,-0.103273325,-0.11008036,-0.2223224,-0.09880005,0.04386556,-0.34975922,-0.041165963,-0.036671042,-0.33931693,-0.09014052,-0.048253536,-0.20487094,-0.082716614,-0.04443884,-0.11706823,-0.06195384,0.08495605,-0.31628996,-0.06255178,0.0034811497,-0.2787667,-0.08458745,-0.0054707527,-0.18266779,-0.07111125,0.0062924027,-0.12726164,-0.05264316
-0.08338821,-0.08941996,-0.022688486,-0.10302836,-0.25090322,-0.039971,-0.045897126,-0.35489288,-0.0605679,0.01860416,-0.41964018,-0.07793584,-0.06485367,-0.3583921,-0.0126948245,-0.12879068,-0.40865427,-0.073394135,-0.14057195,-0.29652694,-0.111744724,-0.13336095,-0.20473003,-0.1265491,-0.00788933,-0.36556613,-0.023393134,-0.08398098,-0.44036758,-0.08387166,-0.10599655,-0.32432485,-0.103273325,-0.11008036,-0.2223224,-0.09880005,0.04386556,-0.34975922,-0.041165963,-0.036671042,-0.33931693,-0.09014052,-0.048253536,-0.20487094,-0.082716614,-0.04443884,-0.11706823,-0.06195384,0.08495605,-0.31628996,-0.06255178,0.0034811497,-0.2787667,-0.08458745,-0.0054707527,-0.18266779,-0.07111125,0.0062924027,-0.12726164,-0.05264316
-0.08090055,-0.07641649,-0.024238471,-0.10053456,-0.23955423,-0.041397795,-0.038706303,-0.34277487,-0.060531046,0.028324544,-0.40378448,-0.075334065,-0.105757475,-0.3126637,-0.025718533,-0.13964465,-0.38785794,-0.080489874,-0.1267696,-0.28092653,-0.112465486,-0.11065036,-0.19687665,-0.12442332,-0.044502735,-0.32893082,-0.034791093,-0.08931929,-0.43419194,-0.09591631,-0.09034276,-0.3221191,-0.11402871,-0.08197135,-0.22289836,-0.106937125,0.018941522,-0.31934145,-0.048821397,-0.014801621,-0.33859736,-0.09770483,-0.022881389,-0.19653976,-0.086167954,-0.024207354,-0.10404891,-0.060124267,0.0748772,-0.29479837,-0.065839745,0.036241293,-0.29983392,-0.08591815,0.025852501,-0.211456,-0.06696875,0.031148255,-0.16066605,-0.04378437
-0.075455666,-0.0709576,-0.024697395,-0.09147674,-0.23649186,-0.039804544,-0.02731055,-0.33942303,-0.057099752,0.041287065,-0.39795217,-0.070076644,-0.10063976,-0.30024824,-0.02148788,-0.12451494,-0.38982117,-0.07497231,-0.11116797,-0.29487666,-0.10537241,-0.09740603,-0.21197993,-0.115190126,-0.042525053,-0.3095008,-0.029204996,-0.07052916,-0.4269097,-0.08829342,-0.07264358,-0.31957638,-0.1040799,-0.066863894,-0.21963245,-0.09469821,0.018301606,-0.29523677,-0.042892866,0.0040269494,-0.34084594,-0.093633026,-0.006761074,-0.2071017,-0.08451828,-0.0103084445,-0.114860415,-0.05847117,0.074650586,-0.26867348,-0.05905948,0.05060762,-0.2988541,-0.082730375,0.041125953,-0.21893531,-0.06723244,0.04583752,-0.16893005,-0.045483056
-0.07640326,-0.07602388,-0.02443682,-0.09115744,-0.23888594,-0.04015513,-0.028381169,-0.34123886,-0.058297414,0.040295303,-0.39928693,-0.07216075,-0.09715897,-0.304931,-0.020457156,-0.12207249,-0.39177728,-0.073953025,-0.10808027,-0.29757038,-0.104964264,-0.0935753,-0.21541935,-0.115331925,-0.038677514,-0.31225017,-0.028591514,-0.06608701,-0.42731956,-0.086470366,-0.067739904,-0.3221392,-0.102174185,-0.0625422,-0.22401094,-0.09358765,0.021993935,-0.29607075,-0.04284297,0.007592082,-0.3422155,-0.09288848,-0.0035501719,-0.21317452,-0.08404372,-0.007505238,-0.12248224,-0.058727965,0.07778919,-0.26720098,-0.05959436,0.05351323,-0.30200353,-0.08236533,0.042722404,-0.22382975,-0.06640953,0.04600036,-0.17183167,-0.044715397
-0.0759266,-0.075163245,-0.02399033,-0.088548124,-0.23840854,-0.039537176,-0.019841313,-0.33734703,-0.057506815,0.04973799,-0.39480156,-0.07155113,-0.09587401,-0.30149168,-0.018755913,-0.11874989,-0.3890503,-0.07096215,-0.106565595,-0.29655468,-0.10255345,-0.092561066,-0.21472996,-0.11385776,-0.037871778,-0.30563158,-0.026978413,-0.06382513,-0.4206467,-0.084616244,-0.066645205,-0.31791013,-0.102026016,-0.06059313,-0.21907711,-0.09491729,0.021889985,-0.28872496,-0.041111745,0.009217203,-0.3430374,-0.09094835,-0.0024814606,-0.2110722,-0.08201714,-0.0065586567,-0.1157155,-0.056994937,0.077025115,-0.26004347,-0.057781663,0.051608026,-0.29339623,-0.08289616,0.040480196,-0.20964503,-0.06773221,0.04429388,-0.15337545,-0.046297304
-0.06969923,-0.07310563,-0.022931417,-0.074423134,-0.23215565,-0.035311773,-0.012243688,-0.327482,-0.049775414,0.0497365,-0.38315862,-0.05996733,-0.0815686,-0.29481852,-0.016398871,-0.09891766,-0.3859273,-0.06664888,-0.08769357,-0.29627237,-0.0950386,-0.07808304,-0.21702653,-0.10370749,-0.021499395,-0.29901153,-0.023287479,-0.044145763,-0.41372228,-0.08143121,-0.048009753,-0.3119937,-0.09784162,-0.04596454,-0.21677065,-0.08890953,0.037974417,-0.27988935,-0.035939995,0.017547667,-0.32814276,-0.08603104,0.0028648973,-0.20149064,-0.078012705,-0.0055731535,-0.112828314,-0.05299102,0.09018296,-0.25116125,-0.050782964,0.06497145,-0.28376612,-0.07422343,0.051000416,-0.21062326,-0.05999495,0.05039543,-0.163445,-0.039165705
-0.07160491,-0.078730226,-0.02404689,-0.0749498,-0.24211979,-0.037371114,-0.006795168,-0.33772898,-0.05183938,0.060902238,-0.39080036,-0.062124327,-0.08662331,-0.29616964,-0.024242854,-0.101980686,-0.39676082,-0.07280264,-0.09102863,-0.30016658,-0.099426694,-0.08006966,-0.22136611,-0.10848612,-0.024220288,-0.30099466,-0.030856997,-0.046203375,-0.42722043,-0.08859528,-0.051574886,-0.3217156,-0.10486592,-0.04870826,-0.22475317,-0.09665353,0.035725713,-0.28254062,-0.042359494,0.015856624,-0.3351098,-0.09001379,0.0012210608,-0.20316917,-0.08132405,-0.0061028004,-0.113550186,-0.057309568,0.08646351,-0.25629532,-0.056203775,0.05681157,-0.28135327,-0.07862974,0.043723285,-0.20589352,-0.06517421,0.045536518,-0.1625855,-0.04606587
-0.07279557,-0.078232884,-0.02406782,-0.079360545,-0.2347812,-0.037667528,-0.022347927,-0.33561805,-0.053835757,0.033953726,-0.40025955,-0.06610513,-0.088492274,-0.29180917,-0.012527133,-0.10504347,-0.38827747,-0.07201013,-0.093771875,-0.3015138,-0.108178325,-0.08436048,-0.2231462,-0.12114602,-0.027474165,-0.2954589,-0.021275016,-0.051924706,-0.41751865,-0.09009311,-0.054912925,-0.31362504,-0.113092825,-0.050900936,-0.21481341,-0.10655731,0.033578634,-0.27725205,-0.036786046,0.0112528205,-0.3325168,-0.09625821,-0.0005931854,-0.20021439,-0.08843694,-0.007009983,-0.10945743,-0.061091017,0.08538538,-0.25085428,-0.05471223,0.05638534,-0.28184408,-0.086338356,0.044974804,-0.20070934,-0.07264981,0.046902895,-0.15193516,-0.05015896
-0.07436311,-0.08241308,-0.022673348,-0.079072416,-0.24253088,-0.03527876,-0.01231122,-0.33627987,-0.049661472,0.05124426,-0.39088342,-0.060187895,-0.08942264,-0.2936987,-0.01694346,-0.10439181,-0.39007264,-0.06708667,-0.09324086,-0.29772463,-0.09646975,-0.08307725,-0.22047323,-0.10686523,-0.027493775,-0.2979283,-0.023849517,-0.051169395,-0.42011857,-0.08385925,-0.054362,-0.3169492,-0.10350911,-0.0500893,-0.22011757,-0.09683527,0.033126295,-0.28065625,-0.0359477,0.012140274,-0.33255708,-0.086833335,-0.00077086687,-0.20137638,-0.08025416,-0.008304954,-0.10980266,-0.056175586,0.08422148,-0.255324,-0.050162766,0.053883493,-0.2824612,-0.07585275,0.043138802,-0.20463395,-0.06330745,0.04583323,-0.15702975,-0.043476142
-0.07233167,-0.079601765,-0.019085385,-0.07927376,-0.23714352,-0.031318344,-0.011593401,-0.33230838,-0.046240836,0.053194106,-0.38919213,-0.058156747,-0.09173292,-0.28998512,-0.015429215,-0.10780519,-0.38496608,-0.06573107,-0.09878451,-0.2927103,-0.09565734,-0.08764422,-0.21490884,-0.10664629,-0.031162739,-0.29389927,-0.02505209,-0.05787468,-0.4247285,-0.08502075,-0.062767744,-0.32105917,-0.10352055,-0.056904495,-0.22181708,-0.095937155,0.029092848,-0.27598584,-0.039439593,0.008022785,-0.34536886,-0.09075337,-0.0023075938,-0.20996892,-0.08084063,-0.0057680607,-0.11572528,-0.054267384,0.08124173,-0.24916875,-0.055653695,0.0539822,-0.28770754,-0.082444474,0.04428798,-0.2104199,-0.06780645,0.04768282,-0.16464311,-0.046348963
-0.07508105,-0.08925378,-0.02000088,-0.08132005,-0.24143693,-0.033616677,-0.013055742,-0.33699888,-0.050559577,0.051551044,-0.39503783,-0.06483805,-0.08921206,-0.29938853,-0.007839158,-0.10679698,-0.38297576,-0.0573795,-0.10072607,-0.29723784,-0.09004115,-0.0919624,-0.21928263,-0.10306608,-0.030725002,-0.30066434,-0.017425304,-0.060212135,-0.41870558,-0.07495384,-0.06582266,-0.32366198,-0.0974223,-0.059568465,-0.2254327,-0.09388995,0.028370917,-0.2841084,-0.032441348,0.010177851,-0.35048485,-0.08413965,-0.0010985136,-0.22128981,-0.079399265,-0.004091561,-0.124504626,-0.056279317,0.08160025,-0.25635153,-0.04937805,0.05164045,-0.2950907,-0.077842996,0.040905595,-0.21470779,-0.065723464,0.044691503,-0.16009909,-0.045566767
-0.07612234,-0.09262633,-0.019027632,-0.08446121,-0.2361691,-0.030789116,-0.018124998,-0.3293859,-0.04744552,0.04621458,-0.3845563,-0.061727185,-0.09259486,-0.29246196,0.004374231,-0.1126554,-0.3720844,-0.045875873,-0.10364956,-0.29200453,-0.08114895,-0.09334004,-0.21639854,-0.09555172,-0.03550142,-0.29814237,-0.0058783824,-0.0648433,-0.41181058,-0.065098956,-0.06865442,-0.31947938,-0.09145676,-0.062461197,-0.22265291,-0.0899507,0.02337104,-0.284004,-0.02254837,0.005595207,-0.3494383,-0.07765446,-0.0074447393,-0.22466582,-0.07850289,-0.012428224,-0.12811351,-0.05788837,0.075912,-0.25678474,-0.04107869,0.049018145,-0.29548538,-0.07246933,0.036028683,-0.21903753,-0.064194284,0.03618449,-0.16289955,-0.045978367
-0.07676184,-0.089200675,-0.016327916,-0.08622986,-0.23046589,-0.025728814,-0.02394694,-0.32174808,-0.040076364,0.03777361,-0.37740436,-0.052220955,-0.09702945,-0.28425744,0.011799883,-0.117123544,-0.36448658,-0.032030497,-0.1059165,-0.29249725,-0.06411827,-0.095780134,-0.21879989,-0.0768346,-0.04241723,-0.2913231,0.0021731965,-0.071315706,-0.39535692,-0.046673685,-0.07113123,-0.3109812,-0.071270056,-0.06457627,-0.22027737,-0.07146764,0.014759421,-0.28080508,-0.013762368,6.133318e-05,-0.34692526,-0.06260877,-0.009656131,-0.22807997,-0.065508336,-0.014672875,-0.13307154,-0.048665296,0.0675748,-0.2572362,-0.031090394,0.03944385,-0.29525495,-0.0603356,0.027116895,-0.2153073,-0.05291529,0.025890589,-0.15374476,-0.036166124
-0.07733339,-0.08654046,-0.016472539,-0.08675432,-0.22616738,-0.026051607,-0.023796022,-0.3194273,-0.040555812,0.03703499,-0.3788973,-0.05294002,-0.09604645,-0.2811874,0.013299404,-0.11738849,-0.35564673,-0.027793434,-0.10831624,-0.28860945,-0.05915375,-0.09874314,-0.21762621,-0.072147526,-0.042279124,-0.28789878,0.004142035,-0.07265419,-0.38813737,-0.042179827,-0.07324326,-0.31179032,-0.06740424,-0.066955686,-0.22274238,-0.0692015,0.013594151,-0.27827707,-0.011190914,0.00014674664,-0.34503427,-0.057974488,-0.009586453,-0.22941661,-0.061678376,-0.014934719,-0.13190228,-0.046210717,0.06642413,-0.2558642,-0.028029408,0.03976071,-0.29848534,-0.056188524,0.027128875,-0.22226822,-0.049229,0.024767935,-0.15896565,-0.033371326
-0.083243966,-0.08312267,-0.007946037,-0.098970175,-0.20495486,-0.011840445,-0.041426122,-0.29009986,-0.022861043,0.015807629,-0.34020975,-0.032738123,-0.10564661,-0.25527084,0.031916857,-0.12939882,-0.33541468,-0.0017088517,-0.1204288,-0.27565494,-0.028901381,-0.1086911,-0.21138483,-0.0402402,-0.05471325,-0.2666713,0.020680208,-0.086833954,-0.3650871,-0.018788692,-0.08560836,-0.29409486,-0.043172825,-0.07745361,-0.21574825,-0.04598465,-0.000449121,-0.2631485,0.003444009,-0.022271872,-0.3272093,-0.0397022,-0.02762866,-0.22155935,-0.046911906,-0.028755128,-0.13425434,-0.03542637,0.05266601,-0.2485829,-0.014390548,0.014092863,-0.2832344,-0.04210208,0.0030739307,-0.20358151,-0.037470724,0.003922701,-0.13824576,-0.02399467
-0.083243966,-0.08312267,-0.007946037,-0.098970175,-0.20495486,-0.011840445,-0.041426122,-0.29009986,-0.022861043,0.015807629,-0.34020975,-0.032738123,-0.10564661,-0.25527084,0.031916857,-0.12939882,-0.33541468,-0.0017088517,-0.1204288,-0.27565494,-0.028901381,-0.1086911,-0.21138483,-0.0402402,-0.05471325,-0.2666713,0.020680208,-0.086833954,-0.3650871,-0.018788692,-0.08560836,-0.29409486,-0.043172825,-0.07745361,-0.21574825,-0.04598465,-0.000449121,-0.2631485,0.003444009,-0.022271872,-0.3272093,-0.0397022,-0.02762866,-0.22155935,-0.046911906,-0.028755128,-0.13425434,-0.03542637,0.05266601,-0.2485829,-0.014390548,0.014092863,-0.2832344,-0.04210208,0.0030739307,-0.20358151,-0.037470724,0.003922701,-0.13824576,-0.02399467
-0.0831489,-0.07588512,-0.007626894,-0.10133022,-0.19223934,-0.0116583295,-0.051166534,-0.2826591,-0.02300523,0.0040313005,-0.33686703,-0.033406798,-0.105182946,-0.24329695,0.030418305,-0.12923485,-0.32419634,-0.0023183925,-0.12114602,-0.27168834,-0.028249294,-0.11019927,-0.208116,-0.038030606,-0.05646634,-0.25599018,0.0193739,-0.08589697,-0.3535915,-0.017020624,-0.085371375,-0.28805658,-0.038806915,-0.0789904,-0.2078721,-0.04021127,-0.0034688115,-0.25457686,0.0024246837,-0.027035058,-0.3204047,-0.03710758,-0.030681908,-0.22009248,-0.042505626,-0.029752254,-0.13183522,-0.03043084,0.050278008,-0.24179876,-0.015236707,0.013062477,-0.2884716,-0.038963683,0.0040204525,-0.21734703,-0.03215894,0.0058693886,-0.15161717,-0.017783737
-0.08305466,-0.07701397,-0.007873236,-0.10049325,-0.19344902,-0.011847463,-0.0499323,-0.2833621,-0.023170607,0.0044316053,-0.33688158,-0.0333651,-0.10398847,-0.24438,0.03113507,-0.12789446,-0.32615942,-0.0016145421,-0.120386004,-0.27307022,-0.02752574,-0.10999048,-0.21008092,-0.0373268,-0.055088103,-0.2569462,0.020183459,-0.084533215,-0.35593766,-0.01667234,-0.08444154,-0.29026276,-0.038578544,-0.078115225,-0.2102443,-0.03981497,-0.0018719435,-0.25531945,0.003220836,-0.024851143,-0.32083687,-0.036533028,-0.029667854,-0.219931,-0.04192029,-0.029913604,-0.13120693,-0.029594868,0.052229106,-0.24251136,-0.014536918,0.015880108,-0.28910396,-0.038187582,0.0056868196,-0.21772903,-0.031301744,0.006135404,-0.1516242,-0.01672871
-0.07866776,-0.08577615,-0.010557915,-0.091101766,-0.2134785,-0.017206047,-0.03246528,-0.30151743,-0.030441418,0.028721571,-0.3514039,-0.04225792,-0.09314191,-0.26502877,0.020673858,-0.11683446,-0.34461805,-0.016044023,-0.11245602,-0.28248885,-0.04394403,-0.103783906,-0.21628338,-0.055744316,-0.043362975,-0.2722907,0.009883692,-0.07474619,-0.37108225,-0.03311684,-0.075041056,-0.29403335,-0.05636276,-0.0674566,-0.20835894,-0.058092758,0.010313749,-0.26595974,-0.0067043845,-0.010109007,-0.33302796,-0.050996434,-0.019004703,-0.22529367,-0.056270942,-0.022806644,-0.13196868,-0.04336421,0.063483834,-0.2491402,-0.02429656,0.029219449,-0.2891905,-0.05190039,0.015817642,-0.21488136,-0.04754391,0.0132446885,-0.14889616,-0.03456382
-0.075689614,-0.07912201,-0.013439692,-0.087849915,-0.22184557,-0.02242059,-0.028614819,-0.30947012,-0.037048608,0.030799866,-0.36436045,-0.05013595,-0.092728734,-0.27851942,0.0049998676,-0.11563623,-0.35957325,-0.04133048,-0.109137475,-0.2840529,-0.07218154,-0.10080427,-0.2084645,-0.08310299,-0.0381428,-0.2875658,-0.006884403,-0.06812328,-0.4007752,-0.057826456,-0.072710335,-0.31534642,-0.07851252,-0.06977868,-0.2230267,-0.07463957,0.01932758,-0.27664918,-0.024290267,-0.0040544868,-0.33559254,-0.07135141,-0.014761686,-0.21357977,-0.06805286,-0.019981623,-0.123218894,-0.047352653,0.07229602,-0.25271446,-0.04307827,0.039990485,-0.28904945,-0.067150064,0.029396713,-0.20966178,-0.053542588,0.030688882,-0.15313685,-0.0331161
-0.07349533,-0.08278191,-0.01671186,-0.0826813,-0.23140246,-0.026614388,-0.02009058,-0.32110792,-0.040794596,0.041677654,-0.37602746,-0.052769095,-0.09149057,-0.28487054,-0.0021760368,-0.111447155,-0.36573437,-0.04773378,-0.10409737,-0.2868899,-0.07807954,-0.09686792,-0.210038,-0.089369625,-0.03573239,-0.29058543,-0.01170243,-0.06376058,-0.397956,-0.06304728,-0.06691116,-0.30821556,-0.08375658,-0.06356889,-0.21433657,-0.08064214,0.022593737,-0.27740994,-0.026629258,0.004689038,-0.33622473,-0.07305614,-0.00710243,-0.21211779,-0.069334,-0.014802992,-0.11796653,-0.048788566,0.07534951,-0.25263676,-0.04333762,0.05020696,-0.28987858,-0.06764784,0.03825593,-0.21348876,-0.05571952,0.036407232,-0.15814614,-0.03683903
-0.074070275,-0.070647,-0.019058948,-0.08699131,-0.22723186,-0.02945969,-0.03026414,-0.32395893,-0.042941257,0.022597432,-0.38951463,-0.053826798,-0.09042996,-0.28915313,-0.0063462765,-0.116491675,-0.36853632,-0.055245303,-0.10741162,-0.28722292,-0.08666858,-0.097320914,-0.2079404,-0.09727885,-0.03367722,-0.29517648,-0.014905641,-0.06830037,-0.40181857,-0.06872283,-0.07012999,-0.31037772,-0.08859782,-0.06478131,-0.21647263,-0.0834856,0.024643064,-0.28177202,-0.029103937,-0.000808239,-0.33114025,-0.077858664,-0.0095463395,-0.20098299,-0.071839474,-0.013566136,-0.10659385,-0.0487787,0.077592134,-0.2568344,-0.045137707,0.044077337,-0.2872384,-0.07119414,0.034121215,-0.20225829,-0.05706118,0.036655724,-0.1453805,-0.035665352
-0.07361567,-0.07019454,-0.023246093,-0.08763331,-0.22982264,-0.03410589,-0.03449571,-0.32988536,-0.04765507,0.021554887,-0.3923459,-0.056317363,-0.088606775,-0.29146415,-0.009121849,-0.116805255,-0.38261458,-0.05806503,-0.1045928,-0.29929572,-0.08585207,-0.09095484,-0.22483045,-0.093464546,-0.032939494,-0.29855725,-0.015565783,-0.06409079,-0.40648478,-0.07045008,-0.06417549,-0.31085765,-0.087311916,-0.05764687,-0.22050369,-0.07894287,0.024633586,-0.28634235,-0.028562697,0.0022839308,-0.32431182,-0.076932564,-0.008673251,-0.1980555,-0.07093999,-0.012475193,-0.1094808,-0.047151357,0.07852739,-0.2632664,-0.044162974,0.05442363,-0.29698727,-0.06708079,0.04296881,-0.22421142,-0.054060195,0.043764353,-0.17441207,-0.03365752
-0.07472652,-0.066595316,-0.02463562,-0.09016174,-0.2244846,-0.036158346,-0.035431147,-0.3220747,-0.04959466,0.021963954,-0.38223094,-0.058878947,-0.09534633,-0.28783134,-0.012274267,-0.12126106,-0.37714934,-0.061009705,-0.10860133,-0.29858893,-0.09051291,-0.095000744,-0.2239185,-0.10005932,-0.03779453,-0.29826376,-0.017837573,-0.065910995,-0.40420955,-0.07201146,-0.065505564,-0.31415707,-0.090828784,-0.059753895,-0.2256689,-0.084705435,0.02168578,-0.2877535,-0.029503625,0.0023924112,-0.31936884,-0.07686687,-0.0076879263,-0.19228995,-0.07129252,-0.012583792,-0.10518074,-0.048805825,0.07657689,-0.26422402,-0.043836012,0.049682558,-0.28412348,-0.06746509,0.038894415,-0.20323724,-0.054375317,0.040837824,-0.15246636,-0.03414989
-0.07517928,-0.064263165,-0.027510654,-0.09071976,-0.22435543,-0.03975635,-0.036693156,-0.32629383,-0.052883152,0.021080911,-0.38772446,-0.061211858,-0.100408435,-0.28142318,-0.019142574,-0.122454226,-0.38570473,-0.067000836,-0.109591246,-0.30736983,-0.093123496,-0.096749544,-0.23517412,-0.10078873,-0.040981054,-0.29402602,-0.023031075,-0.06686348,-0.41089362,-0.078464,-0.06650525,-0.31915435,-0.09568992,-0.06112343,-0.2314631,-0.08816471,0.019791603,-0.28511828,-0.032667924,-0.00019329786,-0.32089695,-0.08064336,-0.008533776,-0.19129658,-0.07325543,-0.013051629,-0.104670525,-0.04949126,0.07481402,-0.2654259,-0.04508269,0.04802406,-0.28745964,-0.06911815,0.039021015,-0.20749342,-0.05552923,0.041199267,-0.15902156,-0.035049018
-0.07418835,-0.070675254,-0.025900528,-0.08690083,-0.23252672,-0.0394634,-0.02580601,-0.33154264,-0.05474365,0.0363971,-0.39081264,-0.06552647,-0.09097272,-0.2934641,-0.01845517,-0.11774331,-0.38773248,-0.06794047,-0.106535256,-0.30134293,-0.09642754,-0.09243083,-0.2264114,-0.10570086,-0.033542693,-0.30152336,-0.024141064,-0.064353645,-0.41294345,-0.080378406,-0.064624965,-0.31384683,-0.09781356,-0.056998253,-0.22227377,-0.09073313,0.026483119,-0.28939572,-0.035731427,0.0064898133,-0.33026588,-0.08435728,-0.005736351,-0.19826448,-0.07669673,-0.010715783,-0.10629451,-0.052682914,0.08175951,-0.26723605,-0.050150786,0.05619192,-0.29794523,-0.073861,0.041958928,-0.21768898,-0.0598163,0.041702688,-0.16429007,-0.039214987
-0.073366106,-0.06382096,-0.025489697,-0.088445306,-0.22509247,-0.038801145,-0.033042908,-0.32714882,-0.05371516,0.026058853,-0.38987568,-0.063980065,-0.09197706,-0.29247135,-0.019464072,-0.12026,-0.38622364,-0.06986617,-0.106238425,-0.29977605,-0.09797026,-0.09158975,-0.22414038,-0.10629892,-0.03453642,-0.30318213,-0.024708655,-0.06507146,-0.41006702,-0.08229482,-0.0627951,-0.30871347,-0.098435424,-0.05612278,-0.21649641,-0.08961048,0.02510494,-0.2919871,-0.035744686,0.0023503304,-0.32309702,-0.08513502,-0.0058953166,-0.19059634,-0.0761226,-0.009982884,-0.10062373,-0.0507376,0.08006793,-0.26955107,-0.04945418,0.055128276,-0.2949233,-0.07310037,0.0430457,-0.21241736,-0.05769433,0.04314542,-0.15967476,-0.035649426
-0.07318592,-0.067631125,-0.026226316,-0.0866124,-0.23182097,-0.03971524,-0.02525276,-0.3303684,-0.05430158,0.037672043,-0.3890938,-0.06398481,-0.0920431,-0.29293454,-0.021834463,-0.11581868,-0.3901936,-0.070507295,-0.10457188,-0.30047858,-0.09710495,-0.091023505,-0.2248246,-0.10526397,-0.032667577,-0.30199867,-0.026849221,-0.05947578,-0.41723388,-0.08299793,-0.06042254,-0.31606072,-0.098119974,-0.05385858,-0.22489,-0.08910112,0.028202116,-0.289449,-0.03745015,0.007993877,-0.33098125,-0.08472916,-0.0044409037,-0.19705594,-0.0743902,-0.0095975995,-0.1064018,-0.048841316,0.083643496,-0.2664519,-0.050883178,0.058132052,-0.29744315,-0.07309783,0.043766916,-0.21719557,-0.057357255,0.04412794,-0.16707557,-0.0358373
-0.07185209,-0.063049674,-0.025999034,-0.0869655,-0.22609612,-0.038822334,-0.03064555,-0.3269287,-0.05303863,0.027900636,-0.38776618,-0.062124956,-0.08791542,-0.29114547,-0.022746425,-0.11557442,-0.38426542,-0.072717175,-0.10319072,-0.2911472,-0.09846257,-0.08945185,-0.21168429,-0.10468011,-0.030443966,-0.29938716,-0.028205123,-0.059652448,-0.4095905,-0.086196475,-0.059799552,-0.30471665,-0.10039381,-0.054424226,-0.21056724,-0.08958173,0.028672576,-0.28732115,-0.03948392,0.006401241,-0.31948704,-0.08986383,-0.004772842,-0.18497938,-0.08050573,-0.009682238,-0.094392955,-0.054262392,0.08431792,-0.26477087,-0.05328757,0.060317516,-0.29658955,-0.076620035,0.04529065,-0.21494776,-0.060659856,0.0433954,-0.16111636,-0.038316
-0.07366139,-0.06777406,-0.026502678,-0.08756244,-0.23145661,-0.039748024,-0.029868245,-0.33095187,-0.054269034,0.030192971,-0.39123976,-0.06363198,-0.08659226,-0.29589385,-0.022198277,-0.11448228,-0.38700876,-0.07185904,-0.10279614,-0.29703808,-0.098273866,-0.089825094,-0.2195093,-0.10521755,-0.029096067,-0.3049577,-0.027136844,-0.05978328,-0.4110545,-0.08482811,-0.060385346,-0.30997178,-0.10049021,-0.054597378,-0.21673793,-0.09115198,0.030077517,-0.2935297,-0.037911855,0.00682801,-0.32214057,-0.08809542,-0.005885601,-0.18859673,-0.08016138,-0.011388183,-0.09612697,-0.055047914,0.0851661,-0.2712367,-0.051329564,0.06051582,-0.30074924,-0.075117916,0.0447461,-0.21941417,-0.060336746,0.042589545,-0.16445988,-0.03875565
-0.072420895,-0.06348449,-0.02691637,-0.08747792,-0.22758368,-0.04051707,-0.030191302,-0.3277439,-0.05483657,0.028341532,-0.3903687,-0.064230114,-0.087813556,-0.3002835,-0.024058256,-0.115228474,-0.3843398,-0.07458104,-0.10251057,-0.29297817,-0.102610685,-0.089505196,-0.21450841,-0.111245275,-0.02924478,-0.3099725,-0.0292412,-0.060842216,-0.41249904,-0.08776483,-0.0613423,-0.31042886,-0.10426801,-0.056590796,-0.2162494,-0.09592909,0.030635834,-0.2973876,-0.039995108,0.0046708584,-0.32188988,-0.09001308,-0.007062912,-0.18760067,-0.08101149,-0.013565958,-0.09663659,-0.05609718,0.08465165,-0.2730389,-0.053552475,0.0564245,-0.29011378,-0.07803512,0.041991293,-0.20645785,-0.06305356,0.04096049,-0.15467578,-0.041651454
-0.07197672,-0.0668236,-0.025818475,-0.08402181,-0.2323209,-0.040489126,-0.01994723,-0.33219522,-0.056103118,0.04673356,-0.38982087,-0.06696338,-0.08921683,-0.30275023,-0.026041433,-0.11557639,-0.38517,-0.07603394,-0.10373545,-0.28566957,-0.10345272,-0.09010476,-0.20628852,-0.11241871,-0.030092537,-0.31167418,-0.032353956,-0.06138915,-0.4219849,-0.090457134,-0.06449509,-0.31574905,-0.10520894,-0.06038797,-0.21977592,-0.095849454,0.030513704,-0.29691446,-0.043818172,0.0068662763,-0.32827008,-0.09249685,-0.0065606833,-0.1909576,-0.08103899,-0.013272285,-0.09862083,-0.05469421,0.084659874,-0.27013105,-0.058043998,0.056277156,-0.2934397,-0.07998129,0.041115046,-0.20989221,-0.06263445,0.040847182,-0.1577121,-0.04032428
-0.072737336,-0.06861347,-0.027812032,-0.086319566,-0.23485288,-0.042849846,-0.024801016,-0.33319512,-0.058258407,0.040076673,-0.3880068,-0.06875103,-0.0866043,-0.3076608,-0.026684623,-0.11533314,-0.38673156,-0.07871951,-0.1026237,-0.28677115,-0.107856214,-0.087962925,-0.2088278,-0.11772272,-0.026801229,-0.3171161,-0.031575598,-0.062432945,-0.41863742,-0.09218823,-0.06398362,-0.3113339,-0.10864695,-0.058400214,-0.21618497,-0.09974581,0.033387423,-0.30245247,-0.041820094,0.003754139,-0.31838748,-0.09115696,-0.008391082,-0.17957067,-0.080091424,-0.014658749,-0.08824217,-0.053828243,0.08546358,-0.27541342,-0.05529968,0.05232811,-0.27949196,-0.07784262,0.036883354,-0.19131112,-0.06131465,0.03648877,-0.13963115,-0.03900554
-0.07153487,-0.06548822,-0.030598303,-0.083394885,-0.22853395,-0.047746696,-0.02067256,-0.3285376,-0.06413659,0.04883939,-0.3819821,-0.07495799,-0.09195542,-0.29706907,-0.036862984,-0.11861467,-0.38572103,-0.08689524,-0.10705882,-0.28429255,-0.1114467,-0.09370643,-0.210639,-0.11911452,-0.031855166,-0.30651328,-0.040390708,-0.061508834,-0.41268265,-0.098219834,-0.06257564,-0.29775742,-0.10855227,-0.057240188,-0.2075609,-0.09684957,0.029241562,-0.29178193,-0.049082525,0.0065760612,-0.32236776,-0.094746806,-0.004749477,-0.18567055,-0.07835477,-0.010187864,-0.10104084,-0.050181784,0.08335304,-0.26501706,-0.061235204,0.058314323,-0.2839418,-0.08021248,0.044454813,-0.2067464,-0.061448094,0.043762088,-0.1649524,-0.03902252
-0.07832354,-0.071280956,-0.032929376,-0.084887266,-0.21631747,-0.053048998,-0.023575544,-0.3060261,-0.072573066,0.04050356,-0.3633893,-0.087953836,-0.07802218,-0.33946386,-0.031288303,-0.11254364,-0.37427628,-0.08880962,-0.106377065,-0.27124012,-0.12661232,-0.09492898,-0.1891362,-0.14290339,-0.0133295655,-0.3419934,-0.036476575,-0.056037724,-0.39119065,-0.09668328,-0.065945625,-0.2752188,-0.11580536,-0.06506783,-0.18282288,-0.111595094,0.045181155,-0.31451824,-0.04817566,0.0035973787,-0.28889382,-0.09747012,-0.019272208,-0.16236025,-0.08904795,-0.027798295,-0.08522242,-0.06730969,0.089946985,-0.26846996,-0.0638264,0.040457666,-0.23465341,-0.08610123,0.014814675,-0.1521455,-0.071587026,0.010981619,-0.10780603,-0.051768806
-0.07571846,-0.07449925,-0.033910863,-0.07504892,-0.22072548,-0.05579162,-0.00633049,-0.30907232,-0.076876335,0.06481093,-0.35930878,-0.09374547,-0.07206446,-0.33006406,-0.036832213,-0.10937643,-0.36784196,-0.09731394,-0.1045562,-0.25931427,-0.13544956,-0.09191036,-0.17854542,-0.15198712,-0.0063018203,-0.32664657,-0.042549163,-0.050261497,-0.38280025,-0.105254866,-0.062101364,-0.26041493,-0.12254846,-0.06009704,-0.17017502,-0.11716527,0.051885128,-0.29341862,-0.05504981,0.011817992,-0.2816553,-0.10572221,-0.014021575,-0.15671867,-0.09439057,-0.023029149,-0.08313596,-0.07048489,0.09609753,-0.24477637,-0.07136842,0.04797721,-0.23313898,-0.09240838,0.021484911,-0.15973103,-0.075552225,0.01825118,-0.121095955,-0.054659143
-0.08253986,-0.09278232,-0.033295736,-0.084276915,-0.23554033,-0.056917537,-0.0048615932,-0.30482247,-0.08031614,0.07605064,-0.33563918,-0.09897798,-0.056453466,-0.35811785,-0.03683273,-0.09844881,-0.36966464,-0.098133765,-0.10020465,-0.258892,-0.13842984,-0.08831471,-0.18045402,-0.15834697,0.011221945,-0.34238943,-0.045046117,-0.036259353,-0.37407723,-0.10824408,-0.05457896,-0.25750706,-0.12742043,-0.055111766,-0.17089355,-0.12495831,0.06877339,-0.29445997,-0.060590304,0.024463296,-0.27373847,-0.11026192,-0.012595415,-0.16277272,-0.10366703,-0.028201222,-0.09613913,-0.08482062,0.109896004,-0.22916228,-0.0806061,0.052711725,-0.20695871,-0.10724565,0.01464808,-0.1557945,-0.10109936,0.0021321177,-0.13363427,-0.0880791
-0.07810378,-0.08704609,-0.03499157,-0.07986504,-0.2302342,-0.058588557,-0.0064985156,-0.3043107,-0.08175717,0.07331836,-0.33346587,-0.09862828,-0.046028852,-0.35843682,-0.0375968,-0.083896995,-0.3684942,-0.09623931,-0.089535356,-0.25681892,-0.13176487,-0.08205783,-0.18165314,-0.14796378,0.017044365,-0.3391371,-0.042616602,-0.024121106,-0.3665015,-0.10520083,-0.041120052,-0.25438973,-0.12321043,-0.044384956,-0.17285872,-0.12035614,0.07207507,-0.28889358,-0.054893106,0.03412503,-0.26450807,-0.10679248,-0.00020259619,-0.15754741,-0.10021144,-0.019247055,-0.092437804,-0.08004784,0.114471495,-0.2234245,-0.07146526,0.076911986,-0.24136376,-0.09963813,0.051957905,-0.23780787,-0.09563505,0.041150928,-0.24907923,-0.08398422
-0.07905376,-0.08511871,-0.034835994,-0.08050126,-0.22817898,-0.05888825,-0.0045205355,-0.30037248,-0.0825292,0.07424581,-0.3301245,-0.10090505,-0.054313183,-0.34899232,-0.03872408,-0.09130454,-0.3630544,-0.09908531,-0.093007326,-0.25224605,-0.1364662,-0.08368403,-0.17723793,-0.15367632,0.011100709,-0.33412686,-0.044686243,-0.027192652,-0.3633886,-0.1063254,-0.045304954,-0.24724919,-0.122929454,-0.0500654,-0.16604441,-0.11884262,0.06815964,-0.28917915,-0.0579888,0.030915916,-0.26542106,-0.10695227,-0.0040494204,-0.15471613,-0.09844102,-0.021535814,-0.09242624,-0.0779237,0.111943305,-0.228167,-0.07567654,0.06611127,-0.22149014,-0.099214695,0.034716725,-0.17742783,-0.08992211,0.024216771,-0.16078806,-0.07477734
-0.07720804,-0.0890038,-0.034083482,-0.07615608,-0.23037654,-0.058147144,0.0011597872,-0.30316323,-0.08179809,0.08272946,-0.3337344,-0.09989401,-0.050786078,-0.34737018,-0.040206213,-0.087153435,-0.36307514,-0.0989522,-0.087486565,-0.25189453,-0.13441229,-0.077837825,-0.17413986,-0.15027744,0.013236463,-0.3299501,-0.04598114,-0.02469474,-0.36054182,-0.108408965,-0.041253448,-0.24487102,-0.12549074,-0.045508146,-0.15846181,-0.12162462,0.06940538,-0.28265235,-0.058807284,0.034158587,-0.26502565,-0.10950181,1.3291836e-05,-0.15894216,-0.10289131,-0.017410517,-0.09405267,-0.08306578,0.112972796,-0.22017789,-0.07563964,0.072603464,-0.23315746,-0.1015973,0.044900417,-0.2169249,-0.09590366,0.035306573,-0.21848857,-0.083455026
-0.076961875,-0.08314216,-0.030362064,-0.07557243,-0.22825068,-0.053054385,0.004653752,-0.30165026,-0.074873194,0.085552156,-0.3328457,-0.091729365,-0.050546467,-0.33372352,-0.042113718,-0.086535275,-0.3540749,-0.097029544,-0.09113765,-0.24389225,-0.12992433,-0.08232105,-0.17033374,-0.14592513,0.014239788,-0.31540188,-0.048583858,-0.024451733,-0.35939425,-0.108431935,-0.044346154,-0.24102378,-0.122437835,-0.046936333,-0.15624112,-0.11725118,0.069883585,-0.2700784,-0.060684144,0.03456402,-0.2645163,-0.10574434,-0.0008853078,-0.1547457,-0.09207892,-0.017912865,-0.0886479,-0.06936139,0.11168206,-0.21208936,-0.07670633,0.07360524,-0.22056806,-0.098862216,0.04884994,-0.19003749,-0.0876881,0.042318523,-0.18337238,-0.07210974
-0.076872766,-0.08212119,-0.03102635,-0.07485157,-0.22301948,-0.052613527,0.0028870106,-0.29520836,-0.07274928,0.082782686,-0.32328826,-0.08646937,-0.048786163,-0.33357817,-0.04405165,-0.081668794,-0.35124353,-0.097564764,-0.08376479,-0.23988622,-0.12669463,-0.07523316,-0.16368777,-0.13904312,0.013334572,-0.31501138,-0.04825996,-0.019585013,-0.35505825,-0.10955719,-0.036913693,-0.238065,-0.12273426,-0.039022923,-0.1511612,-0.116347454,0.067528784,-0.26759788,-0.058147628,0.04058075,-0.26266375,-0.10739326,0.007971883,-0.15406471,-0.095646285,-0.00778085,-0.083714604,-0.0725398,0.11076361,-0.20852983,-0.07160659,0.096078575,-0.25433606,-0.10002702,0.086824596,-0.27916408,-0.096141905,0.086859286,-0.3133612,-0.08542028
-0.0749501,-0.083872795,-0.032085985,-0.07340407,-0.22463542,-0.054406412,0.001886487,-0.2969326,-0.07543962,0.08154392,-0.32749456,-0.08994251,-0.047874272,-0.34110153,-0.041927736,-0.08029723,-0.35337448,-0.09528273,-0.08417916,-0.24496889,-0.12484285,-0.0766533,-0.17236185,-0.13725229,0.012853384,-0.31960052,-0.04594356,-0.021470308,-0.35270983,-0.10694999,-0.037978947,-0.23994887,-0.12158959,-0.038754225,-0.15727943,-0.11643231,0.066676915,-0.2702366,-0.055820365,0.038977385,-0.2607046,-0.1057612,0.006620586,-0.15038073,-0.09481593,-0.009082198,-0.079000235,-0.07172963,0.11019212,-0.21023774,-0.06934652,0.09371245,-0.25952762,-0.09710854,0.08241767,-0.28737253,-0.092559285,0.08003104,-0.322824,-0.08105559
-0.078655005,-0.08353555,-0.030816974,-0.07999444,-0.22222447,-0.054222595,-0.0037358403,-0.29066753,-0.07716868,0.0791654,-0.3139642,-0.094574876,-0.051047802,-0.34604105,-0.040706918,-0.08609182,-0.34827733,-0.095798306,-0.08886343,-0.23974776,-0.13000281,-0.07822806,-0.16268939,-0.14588025,0.010901511,-0.32521525,-0.047007825,-0.025229514,-0.34227052,-0.107598,-0.04195559,-0.23471045,-0.12582763,-0.042426288,-0.15003783,-0.12349273,0.06569338,-0.2755108,-0.059208095,0.03393787,-0.24459726,-0.10683597,0.002408564,-0.1412893,-0.09993893,-0.012414277,-0.07367003,-0.080458686,0.11057919,-0.21293145,-0.075197615,0.07885498,-0.23633099,-0.0995907,0.05659032,-0.24321532,-0.09408716,0.0479095,-0.2606963,-0.082244776
-0.07438797,-0.07557958,-0.03416386,-0.07632381,-0.20195359,-0.059132695,-0.008155644,-0.27213225,-0.08118742,0.06474525,-0.31280664,-0.09647316,-0.06400865,-0.36956835,-0.04765144,-0.09622949,-0.31278992,-0.09743214,-0.09314203,-0.20300305,-0.13109557,-0.08211368,-0.13260013,-0.14854454,0.0011692643,-0.34843022,-0.05160075,-0.036118686,-0.30662552,-0.10354677,-0.04649812,-0.19835198,-0.12154549,-0.043168604,-0.11886948,-0.12461369,0.058640063,-0.28921038,-0.060714617,0.031149626,-0.2361952,-0.10479248,-5.3822994e-05,-0.13630915,-0.09975154,-0.014012396,-0.06706023,-0.08535622,0.1057964,-0.21491969,-0.073708616,0.096574664,-0.25663882,-0.103185944,0.082081735,-0.28987628,-0.10411244,0.07686484,-0.3244387,-0.098087944
-0.07378703,-0.06893152,-0.038152315,-0.079010904,-0.19191802,-0.06382849,-0.013520181,-0.261002,-0.08593917,0.060899913,-0.3009974,-0.100498095,-0.06697571,-0.36478823,-0.051053237,-0.09922373,-0.30157807,-0.102430545,-0.09183651,-0.18969065,-0.13556719,-0.07907796,-0.1217708,-0.15235768,-0.0001719594,-0.34943587,-0.053385817,-0.038534403,-0.29805258,-0.10672955,-0.045580924,-0.18903488,-0.12401425,-0.042049944,-0.11470878,-0.1266032,0.057104886,-0.29297125,-0.061525766,0.026120782,-0.2303474,-0.107849136,-0.0015380979,-0.12825954,-0.103456914,-0.014472306,-0.06151879,-0.08950838,0.10281527,-0.22032171,-0.073809974,0.091639996,-0.25194773,-0.10542617,0.07846773,-0.28261995,-0.10796548,0.073978186,-0.3167766,-0.1030475
-0.07872367,-0.07011539,-0.03871907,-0.085807085,-0.19202387,-0.06629843,-0.02039367,-0.2613729,-0.09140819,0.05552101,-0.3000794,-0.1107788,-0.080385566,-0.35985944,-0.048241053,-0.11275923,-0.29307547,-0.10398853,-0.10243416,-0.18295187,-0.14383307,-0.08622539,-0.11453843,-0.16470312,-0.0113095045,-0.35308728,-0.05176111,-0.04720223,-0.2876533,-0.10491728,-0.052801788,-0.18108618,-0.12573898,-0.049407482,-0.10735077,-0.13087371,0.049795985,-0.30488625,-0.061412577,0.019157648,-0.22821087,-0.10369866,-0.007768631,-0.12902957,-0.10137545,-0.022337079,-0.066735804,-0.09029019,0.09853166,-0.23601657,-0.075997144,0.06395936,-0.21052736,-0.09985001,0.032099843,-0.18577886,-0.097312905,0.01629293,-0.17889178,-0.08902163
-0.07872367,-0.07011539,-0.03871907,-0.085807085,-0.19202387,-0.06629843,-0.02039367,-0.2613729,-0.09140819,0.05552101,-0.3000794,-0.1107788,-0.080385566,-0.35985944,-0.048241053,-0.11275923,-0.29307547,-0.10398853,-0.10243416,-0.18295187,-0.14383307,-0.08622539,-0.11453843,-0.16470312,-0.0113095045,-0.35308728,-0.05176111,-0.04720223,-0.2876533,-0.10491728,-0.052801788,-0.18108618,-0.12573898,-0.049407482,-0.10735077,-0.13087371,0.049795985,-0.30488625,-0.061412577,0.019157648,-0.22821087,-0.10369866,-0.007768631,-0.12902957,-0.10137545,-0.022337079,-0.066735804,-0.09029019,0.09853166,-0.23601657,-0.075997144,0.06395936,-0.21052736,-0.09985001,0.032099843,-0.18577886,-0.097312905,0.01629293,-0.17889178,-0.08902163
-0.077507615,-0.05505681,-0.038988743,-0.08826715,-0.16998184,-0.067544274,-0.025661707,-0.2385785,-0.0929643,0.046214163,-0.28040773,-0.114519,-0.09244645,-0.35565743,-0.045376,-0.121257246,-0.27736777,-0.100390665,-0.11103654,-0.16441154,-0.14260976,-0.094583094,-0.088632464,-0.16445403,-0.026073158,-0.35905653,-0.048495695,-0.0610559,-0.28275597,-0.098897934,-0.06397128,-0.1621399,-0.11848762,-0.05835396,-0.079693496,-0.12183968,0.03357774,-0.3233221,-0.057448752,-0.001871705,-0.24597812,-0.0962325,-0.021887004,-0.13679898,-0.092366114,-0.027987301,-0.07063055,-0.080924384,0.0835225,-0.2687312,-0.071117654,0.035461485,-0.20797157,-0.08941113,0.0010384917,-0.12954152,-0.07950794,-0.011463523,-0.08931625,-0.06606462
-0.07912624,-0.053266704,-0.037348527,-0.09127194,-0.17055178,-0.06404323,-0.027045429,-0.24111247,-0.0883341,0.047070026,-0.2841411,-0.10813523,-0.09827131,-0.34962404,-0.039114017,-0.12679172,-0.27299446,-0.092834465,-0.113922834,-0.15808547,-0.13413039,-0.09621757,-0.083543,-0.15463841,-0.0333308,-0.3553623,-0.04186702,-0.06615019,-0.2774022,-0.08903045,-0.06630385,-0.15903348,-0.10770353,-0.061662316,-0.08037257,-0.11087758,0.026264548,-0.32434577,-0.05076355,-0.004730165,-0.24613273,-0.08707448,-0.021772504,-0.13696927,-0.08291254,-0.029437482,-0.071281314,-0.07135864,0.07744753,-0.27454677,-0.06436229,0.03528905,-0.22369146,-0.0795125,0.0019219518,-0.14833826,-0.0681192,-0.014143586,-0.10782814,-0.053848945
-0.07780093,-0.051836967,-0.041121,-0.09230375,-0.16436988,-0.07028576,-0.03374356,-0.23390114,-0.09600097,0.038357615,-0.2744614,-0.11715549,-0.09461212,-0.3494009,-0.049991515,-0.12036544,-0.2755531,-0.104661144,-0.106521904,-0.16138422,-0.14422494,-0.09049636,-0.08488351,-0.16388123,-0.027159035,-0.35370666,-0.05168743,-0.05796063,-0.27925733,-0.1021606,-0.058986068,-0.15894067,-0.11969506,-0.05543953,-0.076505005,-0.121611506,0.033791423,-0.31871036,-0.059398033,0.004140556,-0.24095488,-0.10005244,-0.014536977,-0.1310091,-0.09623196,-0.023319423,-0.061991096,-0.08418589,0.08566314,-0.26390532,-0.07174652,0.048095882,-0.21762532,-0.092601,0.011133432,-0.14411932,-0.08397977,-0.009362936,-0.10127109,-0.071020596
-0.08115035,-0.057875156,-0.039770775,-0.09364843,-0.17140353,-0.067626126,-0.03260523,-0.24521458,-0.09220541,0.037619233,-0.2855789,-0.11238325,-0.08789188,-0.35743725,-0.049774416,-0.12709749,-0.2930189,-0.10290007,-0.11449921,-0.17438585,-0.13969088,-0.09738016,-0.09354776,-0.15680276,-0.020095348,-0.35356957,-0.051653024,-0.065651536,-0.28250432,-0.10144464,-0.06499195,-0.16259718,-0.118028484,-0.05906737,-0.07804197,-0.118045084,0.0400306,-0.31083462,-0.059240874,-0.0018959641,-0.22249919,-0.09832316,-0.017035544,-0.11804503,-0.09519329,-0.023245811,-0.05390799,-0.082869,0.089559376,-0.24996701,-0.07134407,0.04317367,-0.1861409,-0.08913287,0.016498506,-0.11403513,-0.080300316,0.007123053,-0.074729085,-0.06688223
-0.08689386,-0.05659938,-0.039142843,-0.10327202,-0.1930033,-0.06341673,-0.037078917,-0.27530542,-0.08504402,0.027677,-0.32737318,-0.10195391,-0.08182025,-0.33543995,-0.039336395,-0.13264954,-0.32966998,-0.100658946,-0.13039005,-0.22139996,-0.14344747,-0.11178851,-0.14248043,-0.16523866,-0.015873134,-0.3396642,-0.044187054,-0.077997446,-0.34886903,-0.1068349,-0.08792722,-0.22791326,-0.12769417,-0.0760048,-0.14583033,-0.12658,0.040357232,-0.30570057,-0.056199457,-0.010540545,-0.2497882,-0.10253755,-0.031000316,-0.13353252,-0.09105852,-0.030883491,-0.074809015,-0.070773095,0.08031869,-0.25072348,-0.073667996,0.026004612,-0.1877544,-0.09533235,0.010617852,-0.11733574,-0.08122481,0.019254386,-0.096526265,-0.06354069
-0.07861155,-0.05841744,-0.035454895,-0.09500474,-0.20152426,-0.056636915,-0.033040464,-0.2929478,-0.07570819,0.030362666,-0.3522994,-0.08999052,-0.090943575,-0.32925075,-0.03263139,-0.13506457,-0.34217644,-0.087489784,-0.12761742,-0.2364673,-0.12393744,-0.10984421,-0.15978599,-0.14126864,-0.027239144,-0.33855945,-0.036930732,-0.079476714,-0.36593276,-0.09630069,-0.08290732,-0.24067914,-0.11328755,-0.07270998,-0.15210569,-0.10832884,0.030615509,-0.31481656,-0.047877163,-0.009899437,-0.27254033,-0.092338406,-0.02542895,-0.15230542,-0.08088309,-0.028469205,-0.086150765,-0.05930156,0.07412267,-0.27180344,-0.063564174,0.033168316,-0.21698081,-0.081247315,0.01972109,-0.13888037,-0.06533479,0.023016214,-0.1093027,-0.046352725
-0.07571888,-0.055418372,-0.027211903,-0.10213339,-0.21015853,-0.042870056,-0.0487445,-0.31155372,-0.059064813,0.013256133,-0.37268642,-0.07087338,-0.10923964,-0.2942224,-0.026242893,-0.14732635,-0.35424575,-0.077705346,-0.13048863,-0.25458828,-0.10769537,-0.1110329,-0.18139547,-0.119610004,-0.050927043,-0.31626254,-0.032057606,-0.09376019,-0.39341438,-0.090946086,-0.08880186,-0.27897933,-0.105614156,-0.07658374,-0.18690729,-0.09690594,0.0080372095,-0.3090208,-0.043593254,-0.021076083,-0.30856678,-0.09073066,-0.021565676,-0.17327243,-0.08019577,-0.019585967,-0.08953422,-0.056086708,0.059803367,-0.2851736,-0.058521282,0.02867043,-0.26045883,-0.08102196,0.024241745,-0.17915034,-0.06813362,0.029503644,-0.14172757,-0.049619455
-0.07367635,-0.05869049,-0.02740877,-0.098253965,-0.21193516,-0.04299451,-0.048548758,-0.31497538,-0.059627853,0.010614634,-0.3778447,-0.071623966,-0.106979966,-0.28845713,-0.023750009,-0.14582992,-0.35305083,-0.07587654,-0.1272969,-0.25392753,-0.10603961,-0.10716534,-0.17991483,-0.11712505,-0.050769866,-0.308831,-0.029126156,-0.09191209,-0.39345092,-0.08773745,-0.085954726,-0.28164753,-0.10193183,-0.07461393,-0.1898883,-0.09261973,0.007073581,-0.30177495,-0.040550277,-0.020103216,-0.31517023,-0.08839336,-0.019955575,-0.1825543,-0.07749337,-0.017659009,-0.097355545,-0.052340385,0.059928954,-0.2796665,-0.055267524,0.031384587,-0.2749901,-0.077226825,0.023263693,-0.1945889,-0.062788785,0.024505436,-0.15063864,-0.042854805
-0.076642096,-0.058893085,-0.021399112,-0.10154593,-0.2037316,-0.035643004,-0.053365767,-0.30748013,-0.052338067,0.002602756,-0.37418142,-0.065443054,-0.111162424,-0.27856916,-0.01725396,-0.14919013,-0.34667242,-0.06723834,-0.13251114,-0.25460348,-0.09614423,-0.1133489,-0.18254411,-0.10624326,-0.05666071,-0.2977116,-0.025880728,-0.10190308,-0.39285225,-0.081950426,-0.097807646,-0.28772748,-0.09682337,-0.0855571,-0.19658035,-0.08817926,0.0011339784,-0.29245332,-0.03985967,-0.030408323,-0.3175546,-0.087068014,-0.029855072,-0.19226462,-0.07761308,-0.024226129,-0.11089772,-0.05332769,0.05444795,-0.27366552,-0.056204922,0.019891083,-0.2807794,-0.07802481,0.015155613,-0.20056814,-0.06296493,0.022730708,-0.15539306,-0.04236911
-0.07557112,-0.06467205,-0.024023518,-0.09751111,-0.2085324,-0.040137958,-0.04889828,-0.30972335,-0.058335166,0.0064285994,-0.37509686,-0.07285071,-0.10779357,-0.28180486,-0.020395752,-0.14603943,-0.346296,-0.07143316,-0.12975115,-0.2528344,-0.10157676,-0.111420214,-0.17597502,-0.11206077,-0.053144574,-0.29864126,-0.027404433,-0.09619713,-0.3886815,-0.083788544,-0.09370744,-0.28526232,-0.0997719,-0.08443689,-0.19068587,-0.09232276,0.003825426,-0.29189727,-0.039829876,-0.023964465,-0.30902985,-0.088689044,-0.02611202,-0.1811344,-0.08066287,-0.023244858,-0.094696224,-0.056910366,0.056076944,-0.27144897,-0.054706186,0.024240673,-0.278295,-0.07737375,0.01754427,-0.19706309,-0.062282193,0.022385597,-0.14647222,-0.041403573
-0.076489925,-0.059840918,-0.021825844,-0.09965575,-0.20647568,-0.0363572,-0.0542863,-0.3089395,-0.05257912,0.00040775537,-0.37416968,-0.065119825,-0.10554248,-0.28322384,-0.02258814,-0.14428437,-0.34541094,-0.07270701,-0.12821996,-0.25009117,-0.10117526,-0.11101097,-0.17612934,-0.1109879,-0.05109155,-0.3013107,-0.030392518,-0.09644216,-0.3850349,-0.08582201,-0.09324205,-0.27930808,-0.099462494,-0.084154665,-0.18841588,-0.09075086,0.0047813654,-0.29517275,-0.043166347,-0.031105459,-0.30038944,-0.089643,-0.031021357,-0.17382962,-0.07997503,-0.027240634,-0.09331316,-0.056370206,0.05617094,-0.2751245,-0.058304172,0.018771172,-0.2651523,-0.078674324,0.012432635,-0.18074727,-0.062995724,0.01711762,-0.13370395,-0.04257747
-0.0768041,-0.05696237,-0.024465302,-0.10120797,-0.203484,-0.03951372,-0.053296268,-0.3062016,-0.05581134,0.002372384,-0.37105584,-0.067962684,-0.11084044,-0.2739744,-0.023390044,-0.14784789,-0.3467283,-0.072325364,-0.12853143,-0.25573343,-0.09936481,-0.10936594,-0.18242824,-0.108,-0.056296527,-0.2933122,-0.029743798,-0.097749054,-0.38850307,-0.083715424,-0.09232396,-0.28651187,-0.09722579,-0.082080126,-0.19546986,-0.08846139,0.00089383125,-0.28961578,-0.041316077,-0.029874682,-0.3073243,-0.08833661,-0.029117525,-0.18134081,-0.07975917,-0.024894,-0.09924185,-0.056517422,0.0544073,-0.27244258,-0.055334024,0.020627916,-0.27760088,-0.07773901,0.016059756,-0.1936732,-0.06316023,0.023008585,-0.14370972,-0.043089833
-0.07653475,-0.06100279,-0.021128858,-0.100510955,-0.20473003,-0.035505097,-0.053610384,-0.30475283,-0.05196382,0.0022447705,-0.36698103,-0.06505451,-0.10657656,-0.27703038,-0.020236576,-0.14383978,-0.34285766,-0.06902119,-0.12733823,-0.25145787,-0.097150706,-0.109282315,-0.17670202,-0.10684232,-0.05278933,-0.29552147,-0.028319338,-0.09888744,-0.3842066,-0.082201794,-0.09415966,-0.28155732,-0.09639041,-0.08220267,-0.18917334,-0.08823961,0.0038915873,-0.29029784,-0.04130736,-0.02931273,-0.30465207,-0.08742999,-0.02850169,-0.17876494,-0.07868472,-0.023466408,-0.095430434,-0.055552885,0.056595564,-0.271147,-0.056564033,0.020847023,-0.26876336,-0.07761328,0.015149653,-0.1854865,-0.06268032,0.021448016,-0.13646328,-0.042616956
-0.07435137,-0.06519556,-0.0192648,-0.097166836,-0.20917135,-0.032478333,-0.048787475,-0.30682245,-0.048400547,0.006534636,-0.36853498,-0.06095057,-0.10321331,-0.27519882,-0.015302942,-0.13742957,-0.3393967,-0.062089697,-0.12412071,-0.24949533,-0.08960262,-0.10697645,-0.17641908,-0.09917656,-0.05046487,-0.29125375,-0.024037756,-0.09287226,-0.3895231,-0.07631796,-0.09138441,-0.29091397,-0.091214895,-0.08032566,-0.19856912,-0.0834749,0.005797744,-0.28465056,-0.03737584,-0.020648003,-0.3116049,-0.081544675,-0.022583187,-0.18661308,-0.072157726,-0.019266963,-0.10208893,-0.04850189,0.058253706,-0.26503763,-0.052940167,0.028763056,-0.27902567,-0.071654856,0.022428215,-0.20347583,-0.055235494,0.02756697,-0.157148,-0.034351293
-0.07435137,-0.06519556,-0.0192648,-0.097166836,-0.20917135,-0.032478333,-0.048787475,-0.30682245,-0.048400547,0.006534636,-0.36853498,-0.06095057,-0.10321331,-0.27519882,-0.015302942,-0.13742957,-0.3393967,-0.062089697,-0.12412071,-0.24949533,-0.08960262,-0.10697645,-0.17641908,-0.09917656,-0.05046487,-0.29125375,-0.024037756,-0.09287226,-0.3895231,-0.07631796,-0.09138441,-0.29091397,-0.091214895,-0.08032566,-0.19856912,-0.0834749,0.005797744,-0.28465056,-0.03737584,-0.020648003,-0.3116049,-0.081544675,-0.022583187,-0.18661308,-0.072157726,-0.019266963,-0.10208893,-0.04850189,0.058253706,-0.26503763,-0.052940167,0.028763056,-0.27902567,-0.071654856,0.022428215,-0.20347583,-0.055235494,0.02756697,-0.157148,-0.034351293
-0.07298434,-0.05950743,-0.021719806,-0.0955838,-0.20369661,-0.03559484,-0.045834005,-0.30193198,-0.051544983,0.011150956,-0.3607256,-0.06339139,-0.10379344,-0.26507282,-0.022877997,-0.13760936,-0.348113,-0.07102153,-0.118650556,-0.25900725,-0.096360885,-0.10148299,-0.18524468,-0.10379285,-0.049601138,-0.2826809,-0.030647814,-0.08839756,-0.38479787,-0.085848965,-0.08157003,-0.28389865,-0.0995318,-0.07134199,-0.19379216,-0.09041663,0.0077928305,-0.27778822,-0.04324928,-0.020104289,-0.30241787,-0.091455095,-0.021583319,-0.17534667,-0.08252184,-0.021126747,-0.09062892,-0.05827637,0.06071198,-0.2605568,-0.057942446,0.02995038,-0.27751133,-0.08087123,0.023450315,-0.1960792,-0.06570395,0.027602017,-0.14389008,-0.04482046
-0.07489258,-0.06279349,-0.021587672,-0.09865087,-0.20885009,-0.03633863,-0.0507403,-0.31264013,-0.052896943,0.009177625,-0.37429938,-0.06547907,-0.109356284,-0.26865202,-0.024898315,-0.13991812,-0.3510232,-0.07500066,-0.12062454,-0.26249647,-0.10227841,-0.10420859,-0.19082266,-0.11100466,-0.05479598,-0.2846443,-0.03276009,-0.09159851,-0.38742736,-0.089513615,-0.083960354,-0.28436363,-0.103213005,-0.07357144,-0.1924581,-0.09394184,0.0034111142,-0.27876973,-0.045349017,-0.022318542,-0.30613327,-0.09390975,-0.021482587,-0.17928833,-0.08386261,-0.01999098,-0.0935297,-0.05865495,0.057224512,-0.26103988,-0.05997372,0.028236091,-0.27979332,-0.08180924,0.021616101,-0.19947636,-0.065325625,0.02435714,-0.14882374,-0.043728214
-0.0713318,-0.060149252,-0.02394812,-0.09567422,-0.2041887,-0.039652467,-0.044309795,-0.30380595,-0.056847867,0.014820516,-0.3656184,-0.06999819,-0.1050967,-0.26687226,-0.023193205,-0.13716787,-0.3446199,-0.07261435,-0.11934739,-0.25720873,-0.10067561,-0.10096794,-0.1857667,-0.110485755,-0.051270902,-0.2812163,-0.03051348,-0.088104546,-0.38260537,-0.085891,-0.08184028,-0.28131443,-0.099808484,-0.069674015,-0.19112039,-0.0911044,0.0062369704,-0.2738093,-0.043033298,-0.013183832,-0.31231892,-0.09073421,-0.013257682,-0.18484026,-0.079430774,-0.01136452,-0.09859395,-0.053738732,0.061069608,-0.25423586,-0.058025945,0.035249352,-0.27518564,-0.080736734,0.028199911,-0.19422758,-0.064120814,0.030924559,-0.14396542,-0.042293277
-0.0738526,-0.05729431,-0.023327073,-0.09952968,-0.20246047,-0.03844679,-0.050655186,-0.30469075,-0.05475113,0.0075361133,-0.3698799,-0.06747832,-0.108039856,-0.2737138,-0.022355633,-0.14394993,-0.3429597,-0.071773104,-0.124072045,-0.2557506,-0.10070897,-0.10456926,-0.18495148,-0.11122837,-0.053832173,-0.29125142,-0.029413171,-0.094070435,-0.38422835,-0.084302306,-0.086108744,-0.28301105,-0.098745205,-0.07403791,-0.19242579,-0.09069328,0.0036904216,-0.28511932,-0.04154046,-0.020359695,-0.30726516,-0.08950162,-0.019013762,-0.17977118,-0.07963366,-0.016663134,-0.09461361,-0.05518152,0.05773455,-0.26530734,-0.05603723,0.026870191,-0.26979825,-0.08004338,0.021299422,-0.18522942,-0.06480886,0.025093913,-0.1344111,-0.043818697
-0.074700415,-0.061484158,-0.024099205,-0.102356374,-0.20506871,-0.03887644,-0.051704347,-0.30560294,-0.05538282,0.008813739,-0.36696982,-0.06781135,-0.10989964,-0.2704592,-0.018185498,-0.1446057,-0.34451848,-0.06744017,-0.12317473,-0.25776005,-0.09638517,-0.102252066,-0.18834966,-0.10679263,-0.055507004,-0.28833866,-0.024848951,-0.092261195,-0.38556764,-0.08192274,-0.082476795,-0.2842802,-0.09778874,-0.069119394,-0.19342881,-0.0896095,0.0019533038,-0.28335604,-0.03698117,-0.019235551,-0.31121498,-0.086711206,-0.017737925,-0.18102765,-0.07784535,-0.016177595,-0.09204131,-0.052798506,0.055936635,-0.2653795,-0.051648855,0.028664172,-0.27658638,-0.07567512,0.022148907,-0.19480747,-0.060787164,0.024046421,-0.14331609,-0.039711624
-0.07627058,-0.06548154,-0.022544317,-0.10084534,-0.21205068,-0.03752352,-0.052464366,-0.31474045,-0.053961173,0.00628376,-0.380283,-0.06673599,-0.112751484,-0.2857538,-0.021504417,-0.149127,-0.35003555,-0.07070231,-0.12679899,-0.25646853,-0.09968423,-0.107072115,-0.18379468,-0.110278375,-0.056248426,-0.3036974,-0.028962886,-0.099372566,-0.39128792,-0.08369762,-0.09078723,-0.28466928,-0.09819647,-0.07937688,-0.19179046,-0.09035439,0.0029013753,-0.2970038,-0.041307677,-0.02504325,-0.30995768,-0.08792715,-0.023558676,-0.18060619,-0.077660024,-0.021283507,-0.09563559,-0.05339844,0.056352258,-0.27604455,-0.056131735,0.02453667,-0.27395758,-0.07708161,0.01831001,-0.18867463,-0.060508765,0.02186805,-0.13809144,-0.039144542
-0.07515341,-0.06419867,-0.023205837,-0.09940541,-0.21043289,-0.03896147,-0.050130725,-0.3124864,-0.056268755,0.0092663765,-0.37859982,-0.06990516,-0.10784155,-0.2798127,-0.022696886,-0.14474693,-0.34820217,-0.073046625,-0.12707627,-0.25893107,-0.103061005,-0.109179914,-0.18543339,-0.11397139,-0.053544164,-0.29778478,-0.02986315,-0.096663,-0.390724,-0.0855958,-0.09130114,-0.2892681,-0.10127835,-0.07980788,-0.19597924,-0.09395988,0.00445354,-0.29172742,-0.04191513,-0.021029472,-0.31184125,-0.089498565,-0.020766258,-0.18236738,-0.07953272,-0.0178622,-0.09409809,-0.05480133,0.05813694,-0.27189073,-0.056456346,0.028383136,-0.27907538,-0.07823206,0.022172928,-0.19813877,-0.061675843,0.02616036,-0.14854652,-0.03994515
-0.076051176,-0.062089145,-0.021011874,-0.100985646,-0.20973504,-0.035604216,-0.048552632,-0.3096072,-0.051871054,0.013228118,-0.3696153,-0.06401987,-0.11002535,-0.27632222,-0.024568329,-0.14644882,-0.35279658,-0.07358627,-0.123946995,-0.26052183,-0.10080616,-0.10344708,-0.18897808,-0.11018914,-0.05388069,-0.29426545,-0.032950606,-0.09583604,-0.39393187,-0.08919401,-0.08650637,-0.28850052,-0.10300901,-0.07417238,-0.197406,-0.09405012,0.004979372,-0.2884385,-0.04582829,-0.023770273,-0.3124516,-0.09295039,-0.02386862,-0.18208706,-0.08175239,-0.023273826,-0.09626621,-0.056460667,0.058167875,-0.2693038,-0.060956046,0.026915729,-0.27998963,-0.08209333,0.020491123,-0.19740528,-0.06522789,0.02416706,-0.1473921,-0.04358633
-0.07461101,-0.059839606,-0.022774192,-0.10032308,-0.20374644,-0.038196534,-0.054685295,-0.30702445,-0.054978058,0.0005501509,-0.37625906,-0.068072364,-0.109918416,-0.27691045,-0.024167074,-0.14712957,-0.3456064,-0.07345899,-0.12730387,-0.25507608,-0.101479806,-0.10850757,-0.18048352,-0.11090566,-0.055540264,-0.29520294,-0.03179868,-0.098777235,-0.38873866,-0.08600537,-0.092609584,-0.2878391,-0.10001028,-0.08209765,-0.193991,-0.09165274,0.0021522045,-0.2900262,-0.044195957,-0.025135815,-0.3048762,-0.091593325,-0.02408427,-0.1759721,-0.08215823,-0.021422803,-0.08929914,-0.058095295,0.057320178,-0.2710151,-0.058854356,0.025224507,-0.27074137,-0.08162173,0.018225133,-0.18501681,-0.06583193,0.020244539,-0.13144332,-0.044655945
-0.076942325,-0.061677694,-0.02241183,-0.102078974,-0.20703638,-0.037745398,-0.05599487,-0.31033477,-0.054630816,-0.00025486946,-0.3777972,-0.06771332,-0.111309886,-0.27850777,-0.024387384,-0.14909571,-0.34866914,-0.07426971,-0.12867296,-0.25574347,-0.10217513,-0.11007178,-0.18109447,-0.11142754,-0.05564326,-0.2969611,-0.03204279,-0.09815079,-0.3872722,-0.08733889,-0.09038842,-0.28147164,-0.10086803,-0.079592526,-0.18826056,-0.092072524,0.0028722882,-0.29125315,-0.04454346,-0.025926769,-0.30388764,-0.0919858,-0.024802625,-0.17422217,-0.08189984,-0.022343457,-0.089007676,-0.057514064,0.057494342,-0.27176112,-0.059315227,0.025222003,-0.27070633,-0.08091312,0.017323196,-0.18561,-0.064617105,0.018568337,-0.13403118,-0.043359034
-0.07736564,-0.06113541,-0.024744822,-0.102493644,-0.20708984,-0.040496126,-0.05490476,-0.30997542,-0.05732945,0.0018047094,-0.37558907,-0.07008226,-0.11290121,-0.28115046,-0.024744164,-0.14964464,-0.34762442,-0.07542541,-0.12884396,-0.25221825,-0.10417027,-0.10965037,-0.1777603,-0.114137664,-0.05671209,-0.3015023,-0.031186933,-0.10076833,-0.39182732,-0.08770467,-0.09385502,-0.28473076,-0.10185247,-0.083051205,-0.19059002,-0.093140885,0.0017183423,-0.29631674,-0.042744383,-0.028474212,-0.3065098,-0.090541594,-0.027826548,-0.17518097,-0.080493934,-0.025441468,-0.089350164,-0.05601398,0.054615855,-0.27672398,-0.05703446,0.021656811,-0.2684441,-0.07861786,0.014556885,-0.18354791,-0.06314707,0.01730299,-0.13403106,-0.042538878
-0.07605535,-0.06597686,-0.02271925,-0.10131484,-0.20974368,-0.037695896,-0.05383259,-0.3116143,-0.054548074,0.0026736856,-0.37738574,-0.06773281,-0.10985267,-0.2804176,-0.018613443,-0.14582002,-0.3486802,-0.0680729,-0.12727183,-0.25805715,-0.09749371,-0.10859114,-0.18358421,-0.10792683,-0.0550642,-0.2984705,-0.02579978,-0.09827769,-0.39167756,-0.081216626,-0.091240585,-0.28738633,-0.096473396,-0.079076946,-0.19252205,-0.08843299,0.002646923,-0.29311848,-0.038159005,-0.024918199,-0.3169075,-0.08644405,-0.023333073,-0.18798894,-0.077247895,-0.01938802,-0.099843025,-0.05260372,0.05597073,-0.27401745,-0.052888483,0.024231136,-0.2826976,-0.07574217,0.018728316,-0.19944286,-0.06008114,0.023391187,-0.14762866,-0.03864882
-0.07992035,-0.063301444,-0.02156804,-0.10585964,-0.20991522,-0.03623383,-0.058075905,-0.31397563,-0.053244326,-0.00024217367,-0.37790614,-0.06595773,-0.11387348,-0.2743428,-0.021823844,-0.14984423,-0.35573152,-0.0699358,-0.1300132,-0.2634937,-0.095569566,-0.11183107,-0.19285071,-0.10347252,-0.059176803,-0.29170787,-0.029638046,-0.09916723,-0.39008147,-0.08478515,-0.09097928,-0.28254178,-0.09728055,-0.079025924,-0.19113392,-0.08741767,-0.0014522672,-0.28710222,-0.04244594,-0.02981639,-0.31359425,-0.09002519,-0.028597593,-0.18468153,-0.08006765,-0.02468425,-0.09901917,-0.055200685,0.05327201,-0.27094385,-0.05741392,0.023249626,-0.28656235,-0.078755155,0.017485559,-0.20747131,-0.06333716,0.021764755,-0.15793037,-0.042648636
-0.0770973,-0.06200695,-0.021108907,-0.10260141,-0.199978,-0.035818987,-0.054477274,-0.3050236,-0.05321086,-0.0034958124,-0.379058,-0.06748892,-0.11661482,-0.2667695,-0.011159655,-0.14753407,-0.33629274,-0.059089124,-0.12765759,-0.2548861,-0.09000193,-0.10717255,-0.18185407,-0.10154177,-0.062867284,-0.27968353,-0.019219786,-0.10224831,-0.37622145,-0.0718164,-0.0940969,-0.28142104,-0.09022833,-0.07965964,-0.19026494,-0.08548551,-0.005923271,-0.27557582,-0.03261357,-0.030854702,-0.32812536,-0.07905111,-0.025811195,-0.20370173,-0.07097777,-0.018402398,-0.11450404,-0.04790424,0.049578726,-0.25817373,-0.048240647,0.019183278,-0.28841195,-0.071999684,0.015602231,-0.20807481,-0.057221845,0.021486461,-0.15559387,-0.03649831
-0.08177644,-0.07027525,-0.017486388,-0.10523838,-0.20064408,-0.029621316,-0.055573523,-0.3006419,-0.046123777,-0.0012390614,-0.3648052,-0.059652314,-0.11586928,-0.2558502,-0.0017870745,-0.14366713,-0.32758927,-0.04533725,-0.12863708,-0.25150758,-0.07363184,-0.11275983,-0.18321168,-0.08417926,-0.06352687,-0.2709682,-0.010105643,-0.09890437,-0.36897007,-0.05954765,-0.09264797,-0.2803645,-0.07754801,-0.078835785,-0.19215775,-0.07307276,-0.00793165,-0.26768237,-0.023897845,-0.029507875,-0.3278067,-0.06693748,-0.027142286,-0.20968229,-0.06138961,-0.0212695,-0.117697716,-0.040306065,0.045822084,-0.25017235,-0.03994022,0.022254705,-0.28931427,-0.06181506,0.016444504,-0.22758871,-0.05116991,0.017656863,-0.1794293,-0.033809803
-0.07840502,-0.06363398,-0.013235202,-0.10117501,-0.1846059,-0.022015465,-0.05246091,-0.27919033,-0.036277942,-0.00077962875,-0.34155914,-0.049348928,-0.11019492,-0.23700434,0.012965777,-0.14229026,-0.3025679,-0.026967054,-0.12963504,-0.23983786,-0.055544633,-0.11382234,-0.17756921,-0.06674184,-0.0626753,-0.25334904,0.003130357,-0.10262358,-0.33980066,-0.04192768,-0.09737688,-0.26194176,-0.06306279,-0.08422804,-0.18145233,-0.062202048,-0.0107245445,-0.25512448,-0.012459899,-0.038454175,-0.30821168,-0.057180442,-0.03523785,-0.19739777,-0.05763414,-0.028880775,-0.11197364,-0.04089418,0.04090631,-0.24345872,-0.02929054,0.004316807,-0.2710465,-0.05529985,0.0017670989,-0.1935842,-0.046497926,0.00860244,-0.13557845,-0.029914584
-0.08250803,-0.056393385,-0.010097911,-0.10748315,-0.15559751,-0.015678303,-0.06834662,-0.2460581,-0.027915897,-0.029395103,-0.31052583,-0.039113816,-0.11535603,-0.2135559,0.030914944,-0.14197093,-0.28118342,-0.0033450322,-0.13096035,-0.23056304,-0.031160057,-0.11608219,-0.17225283,-0.042528328,-0.06999743,-0.23003161,0.020955129,-0.10329467,-0.31555277,-0.017050663,-0.09872097,-0.25495213,-0.040800188,-0.087314665,-0.18392205,-0.04362818,-0.020053804,-0.23563126,0.0048065307,-0.04649502,-0.2914095,-0.036643773,-0.042684913,-0.19665354,-0.041861262,-0.036023736,-0.117269635,-0.029681252,0.031702995,-0.23128712,-0.012220672,-0.008031309,-0.2639921,-0.03741244,-0.010654926,-0.18933439,-0.029726835,-0.0043941736,-0.12692416,-0.014380874
-0.08357042,-0.055551708,-0.009025468,-0.10772729,-0.15494823,-0.01423882,-0.06679493,-0.24528515,-0.02598182,-0.026905,-0.30996677,-0.03665675,-0.11765212,-0.20902324,0.029744344,-0.142212,-0.27664658,-0.0028801248,-0.13147435,-0.22928622,-0.029463304,-0.11759305,-0.17266649,-0.040630862,-0.072527885,-0.22765833,0.019879863,-0.10531193,-0.31117672,-0.016448185,-0.10008997,-0.25342906,-0.039749943,-0.08879769,-0.18438065,-0.04326883,-0.023138106,-0.23409685,0.00417979,-0.048413575,-0.2918556,-0.03544208,-0.04303515,-0.1998021,-0.04154064,-0.036212742,-0.12102085,-0.031024551,0.028175294,-0.23095205,-0.012312984,-0.010203481,-0.2595301,-0.036990613,-0.01432997,-0.18898362,-0.031552747,-0.010203421,-0.12934917,-0.018577352
-0.083693266,-0.06018269,-0.007361101,-0.107458055,-0.16068023,-0.012027493,-0.067337155,-0.25024837,-0.024021158,-0.02734673,-0.3118582,-0.035227485,-0.11454791,-0.21476212,0.033412736,-0.14082703,-0.28292662,0.0014382419,-0.13234982,-0.2318053,-0.025030877,-0.11953685,-0.17330706,-0.035947133,-0.07023507,-0.2314089,0.02243945,-0.10519111,-0.31412622,-0.013932367,-0.099754274,-0.25258482,-0.037521478,-0.086779535,-0.17953151,-0.040924486,-0.021114767,-0.23735496,0.0055617257,-0.049874067,-0.2963751,-0.03471843,-0.043115675,-0.20278162,-0.0412653,-0.033237815,-0.12047064,-0.030477405,0.029972494,-0.23380795,-0.011929671,-0.012146175,-0.26887345,-0.037837025,-0.012819529,-0.1961506,-0.0321689,-0.0036127567,-0.1325283,-0.018388135
-0.07994062,-0.06440818,-0.006720269,-0.10096288,-0.16711557,-0.012926629,-0.056438565,-0.25424036,-0.0265726,-0.010075748,-0.3135218,-0.03993216,-0.10563332,-0.21826866,0.024865862,-0.13371205,-0.2852586,-0.009321172,-0.12714356,-0.23155841,-0.035857625,-0.1157549,-0.17225045,-0.04643454,-0.061759412,-0.23259905,0.013091239,-0.09826118,-0.31931004,-0.026029795,-0.09502512,-0.2519433,-0.04837881,-0.08297461,-0.17347872,-0.050038207,-0.012557805,-0.23658082,-0.003885192,-0.039743423,-0.2942263,-0.04432365,-0.036469996,-0.19644284,-0.048967145,-0.029318035,-0.11222094,-0.036359277,0.038417578,-0.23115304,-0.021442737,-0.0010477304,-0.2691674,-0.04513426,-0.003947675,-0.1996218,-0.03778043,0.0030820966,-0.13742179,-0.022931047
-0.07653803,-0.063569546,-0.012113425,-0.096440434,-0.18390596,-0.021080436,-0.045811594,-0.2750199,-0.035587054,0.007256925,-0.3343446,-0.049299333,-0.10193676,-0.2334666,0.010666016,-0.13169348,-0.29570958,-0.027675869,-0.12362343,-0.23495227,-0.0551999,-0.11114204,-0.1729505,-0.06615831,-0.055466115,-0.24738008,0.00068525,-0.093300164,-0.33150077,-0.04251439,-0.089882314,-0.25455114,-0.06267222,-0.07794291,-0.17358768,-0.061917245,-0.004519224,-0.24813369,-0.014602414,-0.031243563,-0.30279195,-0.056820575,-0.03020829,-0.1939869,-0.057028696,-0.025166214,-0.10811913,-0.040925857,0.046296835,-0.23648849,-0.031050093,0.010232151,-0.26861903,-0.05525933,0.007008612,-0.19615203,-0.046717625,0.0134295225,-0.13916665,-0.030891806
-0.07207394,-0.06129551,-0.013673871,-0.096034944,-0.19492841,-0.022551188,-0.046809375,-0.28888023,-0.035980422,0.0065844655,-0.34867692,-0.047577336,-0.10336983,-0.25090253,0.0017892475,-0.13491157,-0.324303,-0.042743396,-0.121870816,-0.24696195,-0.07129777,-0.10581994,-0.17454183,-0.081137635,-0.054356277,-0.2658195,-0.0089615015,-0.09273404,-0.36806238,-0.057450473,-0.08923817,-0.2811267,-0.07490184,-0.07855368,-0.19300425,-0.06955676,-0.00063949823,-0.2639002,-0.024989244,-0.028015137,-0.31375995,-0.07063474,-0.027680397,-0.19402188,-0.066322766,-0.025079489,-0.10753608,-0.04582109,0.052876413,-0.24933708,-0.0423758,0.01743269,-0.27032542,-0.06770287,0.013898432,-0.1860224,-0.055390365,0.019833505,-0.12837219,-0.036093738
-0.07408947,-0.06436068,-0.016523793,-0.09556788,-0.20142275,-0.028513791,-0.044584334,-0.29943013,-0.044655293,0.010500431,-0.36165288,-0.058754254,-0.10427302,-0.26094902,-0.0041223075,-0.1356534,-0.32734853,-0.052600924,-0.12447682,-0.24596545,-0.084506005,-0.10933679,-0.17255342,-0.09648095,-0.053450942,-0.27328378,-0.014326238,-0.09256387,-0.37197983,-0.06769294,-0.09186524,-0.28253695,-0.08729545,-0.08182365,-0.19283509,-0.08290883,0.0021163821,-0.26788485,-0.029803175,-0.023574233,-0.31795925,-0.0774185,-0.024011672,-0.19604522,-0.07147824,-0.020592391,-0.10793716,-0.049194004,0.055260062,-0.25024512,-0.047055155,0.022273183,-0.27571568,-0.07175523,0.018126786,-0.1952089,-0.058018524,0.02500099,-0.14209694,-0.03756949
-0.07270044,-0.06079024,-0.020024817,-0.096625865,-0.20394248,-0.034337472,-0.04895413,-0.3054728,-0.050746985,0.0077079535,-0.36993623,-0.06358112,-0.10182768,-0.26997566,-0.021310497,-0.13731825,-0.3439541,-0.06923998,-0.121909946,-0.25670397,-0.09628073,-0.10427737,-0.18760496,-0.10559581,-0.04830104,-0.28540745,-0.029686678,-0.08977258,-0.3851142,-0.08319055,-0.08607465,-0.2866822,-0.097005785,-0.075652,-0.19841635,-0.088792555,0.008158326,-0.28001487,-0.04257805,-0.022269607,-0.30583522,-0.08739417,-0.023814678,-0.17992961,-0.07666417,-0.021079719,-0.0961203,-0.05242294,0.062124014,-0.26233962,-0.05769381,0.028667092,-0.2746646,-0.07775943,0.022254288,-0.19540757,-0.061601255,0.0274567,-0.14729142,-0.04092076
-0.07270044,-0.06079024,-0.020024817,-0.096625865,-0.20394248,-0.034337472,-0.04895413,-0.3054728,-0.050746985,0.0077079535,-0.36993623,-0.06358112,-0.10182768,-0.26997566,-0.021310497,-0.13731825,-0.3439541,-0.06923998,-0.121909946,-0.25670397,-0.09628073,-0.10427737,-0.18760496,-0.10559581,-0.04830104,-0.28540745,-0.029686678,-0.08977258,-0.3851142,-0.08319055,-0.08607465,-0.2866822,-0.097005785,-0.075652,-0.19841635,-0.088792555,0.008158326,-0.28001487,-0.04257805,-0.022269607,-0.30583522,-0.08739417,-0.023814678,-0.17992961,-0.07666417,-0.021079719,-0.0961203,-0.05242294,0.062124014,-0.26233962,-0.05769381,0.028667092,-0.2746646,-0.07775943,0.022254288,-0.19540757,-0.061601255,0.0274567,-0.14729142,-0.04092076
-0.07639247,-0.06424558,-0.02786574,-0.09687817,-0.2172963,-0.044170838,-0.04278195,-0.31837773,-0.05994388,0.020276964,-0.3836847,-0.07109493,-0.10473269,-0.3016605,-0.028067207,-0.14265394,-0.36049926,-0.077435814,-0.12668589,-0.26292643,-0.10643772,-0.10915619,-0.1934827,-0.11860491,-0.043859124,-0.32121462,-0.032884326,-0.08896774,-0.39527333,-0.0886946,-0.08639741,-0.2808534,-0.10309976,-0.077613056,-0.19053417,-0.09586718,0.01536274,-0.3121028,-0.04285014,-0.021028996,-0.30029035,-0.086019434,-0.028315187,-0.17091823,-0.07456394,-0.031564415,-0.09276116,-0.052046478,0.06381959,-0.28667095,-0.05646909,0.026539028,-0.24885765,-0.07467171,0.019071698,-0.16758412,-0.06006394,0.021954834,-0.13038439,-0.04182663
-0.07705963,-0.059899867,-0.031870805,-0.090682864,-0.20786607,-0.051475592,-0.030278683,-0.3040503,-0.07024586,0.0338614,-0.3658855,-0.08450612,-0.089606225,-0.32250246,-0.03285899,-0.13064286,-0.3459869,-0.08933721,-0.12338391,-0.24292415,-0.12578233,-0.10741216,-0.1655277,-0.14181727,-0.026669502,-0.33169177,-0.038414303,-0.076873004,-0.37225154,-0.096610114,-0.08168793,-0.2579007,-0.113105826,-0.07355118,-0.1699723,-0.107942246,0.03226328,-0.31070194,-0.050325215,-0.008181274,-0.27424455,-0.0949646,-0.02455753,-0.14935696,-0.08258557,-0.029400587,-0.07526624,-0.059628192,0.08003622,-0.27023712,-0.066680655,0.038401783,-0.23170716,-0.083181486,0.019669116,-0.15284711,-0.065918185,0.017980516,-0.113301694,-0.045765836
-0.07981324,-0.06365758,-0.033174016,-0.092003465,-0.21437728,-0.05365583,-0.021425784,-0.30126134,-0.072349496,0.04924053,-0.353578,-0.08729092,-0.08249456,-0.32902157,-0.034751326,-0.12541482,-0.34482273,-0.088106535,-0.123502016,-0.23835677,-0.12391087,-0.10767901,-0.15829527,-0.14117478,-0.017212033,-0.33684185,-0.03933679,-0.07062799,-0.36864772,-0.097018905,-0.07949644,-0.24660265,-0.115181156,-0.06964636,-0.15486199,-0.111539945,0.040737987,-0.31250638,-0.04973094,-0.0035655499,-0.27088296,-0.09221915,-0.02347958,-0.14556271,-0.082138814,-0.02795577,-0.07214546,-0.06189327,0.08268523,-0.2705704,-0.06454936,0.03248936,-0.2151736,-0.08075725,0.017098784,-0.13538677,-0.06552185,0.021640122,-0.10205233,-0.0474579
-0.08186436,-0.065395,-0.034480147,-0.091751814,-0.1986987,-0.060878348,-0.013874888,-0.27238756,-0.08430346,0.06309068,-0.3109707,-0.10472424,-0.07561672,-0.36841995,-0.04836419,-0.11494434,-0.32177907,-0.10417683,-0.11296034,-0.21071196,-0.14759612,-0.09617734,-0.12820953,-0.1716027,-0.0060554147,-0.3576267,-0.056530807,-0.05519712,-0.3205211,-0.1116209,-0.06881416,-0.20287693,-0.13313422,-0.06077665,-0.11345893,-0.13580789,0.0540179,-0.30972534,-0.06977861,0.013661683,-0.23965502,-0.10782578,-0.01688373,-0.13089174,-0.0998294,-0.024304628,-0.064574,-0.085023455,0.09967816,-0.24442863,-0.08786081,0.043824494,-0.17637575,-0.10350745,0.0125848055,-0.102045655,-0.08902966,0.009499073,-0.06925458,-0.072420456
-0.08186436,-0.065395,-0.034480147,-0.091751814,-0.1986987,-0.060878348,-0.013874888,-0.27238756,-0.08430346,0.06309068,-0.3109707,-0.10472424,-0.07561672,-0.36841995,-0.04836419,-0.11494434,-0.32177907,-0.10417683,-0.11296034,-0.21071196,-0.14759612,-0.09617734,-0.12820953,-0.1716027,-0.0060554147,-0.3576267,-0.056530807,-0.05519712,-0.3205211,-0.1116209,-0.06881416,-0.20287693,-0.13313422,-0.06077665,-0.11345893,-0.13580789,0.0540179,-0.30972534,-0.06977861,0.013661683,-0.23965502,-0.10782578,-0.01688373,-0.13089174,-0.0998294,-0.024304628,-0.064574,-0.085023455,0.09967816,-0.24442863,-0.08786081,0.043824494,-0.17637575,-0.10350745,0.0125848055,-0.102045655,-0.08902966,0.009499073,-0.06925458,-0.072420456
-0.08545029,-0.06669527,-0.037043083,-0.09094679,-0.19042557,-0.06661405,-0.015237868,-0.25805283,-0.09392588,0.06487644,-0.29086894,-0.118609495,-0.07909411,-0.37378722,-0.05102275,-0.121028066,-0.30169696,-0.1057161,-0.1148777,-0.1839782,-0.14744763,-0.099157214,-0.10411197,-0.17011498,-0.0080135465,-0.3701959,-0.056506176,-0.06076771,-0.29163948,-0.10621959,-0.06614512,-0.1659683,-0.124259345,-0.0590868,-0.08261323,-0.12775694,0.052374244,-0.32346997,-0.0675154,-0.0012976527,-0.24032766,-0.10481177,-0.021779835,-0.13313484,-0.10057395,-0.023135126,-0.07109749,-0.09002668,0.099800766,-0.2596134,-0.08315271,0.039769053,-0.19207865,-0.09979077,0.006118536,-0.11597496,-0.09040147,-0.0014847517,-0.079135,-0.07866247
-0.08438718,-0.064020395,-0.03780315,-0.09193021,-0.18803954,-0.06704485,-0.020118535,-0.26080394,-0.093941785,0.056117177,-0.2992534,-0.11765143,-0.07820928,-0.3715629,-0.05150731,-0.12304467,-0.30404377,-0.10610961,-0.11649197,-0.1872642,-0.14638261,-0.09942001,-0.10736859,-0.16752449,-0.0074883103,-0.36651868,-0.056635663,-0.061671495,-0.2968421,-0.10725481,-0.06882846,-0.17420477,-0.12447746,-0.06193286,-0.09027761,-0.12638189,0.05240971,-0.3178438,-0.06748024,6.41346e-05,-0.23571289,-0.10553887,-0.023744226,-0.12952465,-0.10123454,-0.028427362,-0.06809825,-0.08958188,0.09828544,-0.251006,-0.08296721,0.043129206,-0.18951625,-0.09958757,0.00864476,-0.12113953,-0.09074326,-0.00209409,-0.088965,-0.07884866
-0.08725929,-0.06563324,-0.041758973,-0.09295136,-0.18930954,-0.073035,-0.018759668,-0.2618513,-0.10042728,0.055855274,-0.29949638,-0.12427645,-0.078231275,-0.36906078,-0.059618827,-0.12478623,-0.3004176,-0.11904351,-0.120132804,-0.18230033,-0.16285619,-0.10406393,-0.10133946,-0.18633096,-0.0071035624,-0.35932577,-0.06396885,-0.06642681,-0.29056445,-0.11823244,-0.07381809,-0.16853344,-0.1366041,-0.06499809,-0.08799887,-0.13959011,0.052643716,-0.30604908,-0.0743366,-0.0014687777,-0.22391093,-0.11249084,-0.02487117,-0.12202567,-0.104669854,-0.027676225,-0.066725016,-0.091778725,0.09655899,-0.23463553,-0.090150915,0.040234685,-0.17135835,-0.10611672,0.011989951,-0.10716826,-0.094568245,0.008604348,-0.08105892,-0.08144031
-0.087625444,-0.058228076,-0.035242874,-0.102708876,-0.18211454,-0.062610425,-0.0368526,-0.25832617,-0.08826615,0.033179224,-0.30188102,-0.1103469,-0.08689129,-0.36645103,-0.04860407,-0.13336706,-0.31716266,-0.10599995,-0.12919945,-0.2031753,-0.14698298,-0.11232948,-0.12533033,-0.16818227,-0.01784867,-0.35842723,-0.05578962,-0.0739789,-0.31487685,-0.11007295,-0.08366692,-0.19405746,-0.12795597,-0.077017665,-0.110439956,-0.12852907,0.041908562,-0.3099531,-0.06879251,-0.007797003,-0.23435754,-0.11023369,-0.032503545,-0.12042767,-0.10257435,-0.038223505,-0.054179132,-0.08666631,0.08799505,-0.24138904,-0.086467914,0.035913646,-0.18339801,-0.106243916,0.0034262538,-0.11876041,-0.09572434,-0.007034838,-0.08966297,-0.08092287
-0.083501816,-0.0596987,-0.03697215,-0.09802288,-0.18865067,-0.06386721,-0.027097523,-0.2643836,-0.08754112,0.04120326,-0.31291205,-0.10765967,-0.0774591,-0.3677708,-0.046731237,-0.12982407,-0.3220944,-0.10696183,-0.12813067,-0.20675898,-0.15326896,-0.10855824,-0.12409705,-0.17825481,-0.010685682,-0.36015955,-0.053899977,-0.07499629,-0.32513097,-0.11303466,-0.08656061,-0.20208687,-0.13521565,-0.07637733,-0.111344874,-0.13721627,0.046793282,-0.31501326,-0.06700428,-0.0064287186,-0.24059892,-0.10931543,-0.027023911,-0.12202245,-0.09808955,-0.026983261,-0.052034736,-0.079695724,0.09074497,-0.25058818,-0.08541268,0.029855967,-0.17345601,-0.104664445,0.009755373,-0.09329194,-0.08900205,0.015944839,-0.06057805,-0.07034099
-0.0765928,-0.054410458,-0.034551203,-0.090533555,-0.19846576,-0.056005098,-0.031299233,-0.29319388,-0.07526937,0.027856886,-0.35787874,-0.089572735,-0.08006102,-0.33529004,-0.033637587,-0.13075212,-0.34093535,-0.09103254,-0.12728533,-0.23205864,-0.12903728,-0.110900044,-0.14913994,-0.1467471,-0.017532289,-0.34270048,-0.038970646,-0.0770964,-0.3594264,-0.09752932,-0.083893895,-0.23581696,-0.113783725,-0.075754106,-0.14631134,-0.108999304,0.038593292,-0.31559741,-0.051200073,-0.012138724,-0.26278466,-0.09621188,-0.026232123,-0.14253509,-0.08289925,-0.026456952,-0.07664913,-0.060400754,0.08159447,-0.2674892,-0.068065494,0.030596137,-0.20903856,-0.08803173,0.024151385,-0.13483942,-0.07158088,0.03464389,-0.109383106,-0.05173416
-0.076421976,-0.05673343,-0.0264799,-0.10097468,-0.20553976,-0.042802818,-0.054590642,-0.31008694,-0.06017336,0.0015105009,-0.3815364,-0.07329924,-0.10526699,-0.30797318,-0.021163715,-0.15121499,-0.35103673,-0.07437125,-0.13616294,-0.252107,-0.106986515,-0.118349075,-0.17783958,-0.11987595,-0.04722804,-0.3274831,-0.028350985,-0.100027025,-0.3905636,-0.08638031,-0.09714234,-0.27469394,-0.101674154,-0.08896536,-0.17948723,-0.09361114,0.010912061,-0.31830767,-0.04156869,-0.031300783,-0.29955032,-0.08894152,-0.033006668,-0.16823947,-0.07800319,-0.030705214,-0.08829284,-0.053395603,0.060545802,-0.29088062,-0.058227155,0.019303441,-0.25980696,-0.078411095,0.015544891,-0.17996794,-0.06237914,0.022791684,-0.14131182,-0.041533396
-0.07630736,-0.06038189,-0.024848117,-0.10069811,-0.20686203,-0.04096964,-0.056007564,-0.31194574,-0.058501955,-0.0010022521,-0.3851143,-0.07230305,-0.104264855,-0.30522978,-0.021512834,-0.15035087,-0.35057247,-0.07452231,-0.13555378,-0.25133565,-0.10630817,-0.11811155,-0.17400879,-0.11788727,-0.04921204,-0.32492554,-0.02856719,-0.10354924,-0.38966417,-0.08608344,-0.100079596,-0.27619922,-0.10090104,-0.09119058,-0.17935866,-0.09246456,0.0063815117,-0.31781185,-0.04143596,-0.036090434,-0.30058622,-0.089221664,-0.03544128,-0.16994321,-0.07993309,-0.031615615,-0.08682376,-0.056221906,0.05539477,-0.29339522,-0.057340223,0.013235211,-0.2601209,-0.07766685,0.0072377324,-0.17300951,-0.06240537,0.011814594,-0.124763966,-0.041967247
-0.079303324,-0.05614537,-0.019411486,-0.11318034,-0.19904095,-0.032789823,-0.07388246,-0.30576283,-0.04814218,-0.022854447,-0.3789971,-0.060051188,-0.121007204,-0.27765337,-0.01643732,-0.16716078,-0.33783293,-0.06373405,-0.14289996,-0.24933279,-0.091420196,-0.11833149,-0.17889798,-0.100889914,-0.06731588,-0.30120844,-0.024466442,-0.12058321,-0.38337636,-0.07620457,-0.10926014,-0.28231728,-0.09024595,-0.093470454,-0.19252837,-0.08227726,-0.011262119,-0.30201927,-0.037239447,-0.050529122,-0.31521392,-0.08152322,-0.04201436,-0.19016737,-0.07326487,-0.032246113,-0.10746896,-0.05097795,0.040979564,-0.28797197,-0.052176103,-0.001673162,-0.2711136,-0.07318861,-0.0009650588,-0.18493319,-0.059560224,0.010296583,-0.13692975,-0.040292583
-0.08128291,-0.052800477,-0.019097395,-0.11665028,-0.19101387,-0.031478178,-0.07749009,-0.2985568,-0.04672172,-0.030206501,-0.3744877,-0.05862339,-0.12669283,-0.26393464,-0.0061255572,-0.16653481,-0.32600826,-0.05259725,-0.14360061,-0.24281403,-0.08174177,-0.120055854,-0.17127812,-0.09198134,-0.07640129,-0.28438282,-0.014449123,-0.12650818,-0.36814794,-0.06437636,-0.11210716,-0.2738796,-0.080526106,-0.09063649,-0.18772978,-0.074292794,-0.021933854,-0.28632894,-0.028351072,-0.054516613,-0.32264173,-0.07262829,-0.043380857,-0.20055556,-0.06475283,-0.03069526,-0.1159876,-0.042377643,0.03219521,-0.27482334,-0.044432547,-0.0054267645,-0.2854998,-0.067002386,-0.0017843843,-0.20346451,-0.052882664,0.010761619,-0.15453279,-0.032780953
-0.08452147,-0.05594206,-0.016146101,-0.1166265,-0.19528538,-0.027150294,-0.07142109,-0.29748666,-0.04117319,-0.025193095,-0.3709645,-0.05272735,-0.12931046,-0.2584542,-0.0036469048,-0.16532424,-0.31756654,-0.04460498,-0.14543793,-0.2360946,-0.07114516,-0.1237441,-0.16921663,-0.081470616,-0.0782758,-0.2798475,-0.012680967,-0.12773225,-0.3621456,-0.058573883,-0.11471009,-0.27161402,-0.0752656,-0.09244919,-0.18865961,-0.0710815,-0.023593307,-0.2832927,-0.026401427,-0.056828022,-0.3214753,-0.066389926,-0.047611535,-0.20128989,-0.06013164,-0.0356434,-0.117887914,-0.041009124,0.029001057,-0.2735166,-0.041961722,-0.0134654045,-0.2746317,-0.06258299,-0.008686483,-0.19169849,-0.049892813,0.007079661,-0.14465904,-0.03213749
-0.08251393,-0.052796483,-0.010911322,-0.11318654,-0.17240834,-0.02051246,-0.06733894,-0.2635418,-0.03461757,-0.026554167,-0.33135778,-0.04820047,-0.12462503,-0.22870308,0.0038701382,-0.1555182,-0.28662723,-0.03451382,-0.13789457,-0.22092468,-0.062046327,-0.116496325,-0.15734822,-0.07324019,-0.076015234,-0.24907327,-0.0070597157,-0.123179674,-0.33226824,-0.049708992,-0.112832904,-0.25882304,-0.070645034,-0.09185821,-0.18013316,-0.071186766,-0.023144424,-0.25492,-0.021933228,-0.054560006,-0.30586028,-0.06392168,-0.044596612,-0.19470054,-0.0635596,-0.032089174,-0.10796738,-0.04848171,0.027893662,-0.24785373,-0.037517205,-0.015179694,-0.26065862,-0.062721476,-0.0112684965,-0.17640787,-0.052478418,0.0028044581,-0.11781508,-0.036086112
-0.08357048,-0.051782012,-0.01087196,-0.11511806,-0.16840029,-0.019118568,-0.069511056,-0.26066467,-0.032405835,-0.02871561,-0.32852554,-0.044753406,-0.12562811,-0.22262856,0.01106141,-0.15821415,-0.28200033,-0.025097905,-0.14030835,-0.22098255,-0.052025005,-0.11836249,-0.16195989,-0.063513204,-0.07923639,-0.2424115,0.00015894613,-0.12401065,-0.32479098,-0.04043911,-0.11242184,-0.25373292,-0.061685067,-0.09144348,-0.17837721,-0.06307657,-0.027784944,-0.24838099,-0.015335447,-0.05634904,-0.305241,-0.0568462,-0.047261357,-0.19716269,-0.05779896,-0.03635937,-0.11042684,-0.043877188,0.02403903,-0.24226263,-0.031715803,-0.015706718,-0.25980517,-0.057523075,-0.013404012,-0.17898655,-0.048919246,-0.0024793148,-0.11993635,-0.03385089
-0.08421904,-0.046589017,-0.0091728475,-0.11399126,-0.155455,-0.014871523,-0.07053012,-0.24698797,-0.026654916,-0.032061398,-0.3096618,-0.037709743,-0.12508786,-0.20432428,0.022030173,-0.15635028,-0.26246694,-0.013549105,-0.13958791,-0.21131596,-0.04127226,-0.11900896,-0.15563399,-0.052885205,-0.08008963,-0.22556451,0.010860487,-0.12427628,-0.3044862,-0.029000381,-0.11172578,-0.24397984,-0.052001785,-0.091432214,-0.17592448,-0.054435413,-0.029793322,-0.23377267,-0.0058233803,-0.05943519,-0.28812307,-0.048771527,-0.046229184,-0.19024515,-0.05375649,-0.03325069,-0.11019611,-0.041587602,0.021009207,-0.23223707,-0.023199102,-0.016932905,-0.25796172,-0.049827833,-0.015445054,-0.18286091,-0.04369296,-0.007533312,-0.12426901,-0.030131543
-0.084641695,-0.04711753,-0.007411113,-0.11420494,-0.15566063,-0.012136449,-0.071110904,-0.24659196,-0.0232401,-0.032788575,-0.3088712,-0.034069646,-0.12464756,-0.20220214,0.024617018,-0.1539863,-0.2575394,-0.009579864,-0.13873786,-0.20865324,-0.03727007,-0.11785191,-0.15327603,-0.049124047,-0.08062965,-0.22274506,0.013197184,-0.12233549,-0.29823273,-0.025565447,-0.11083418,-0.2398881,-0.049310755,-0.089846075,-0.17236716,-0.052715763,-0.030966282,-0.23140532,-0.0035355287,-0.05916965,-0.28672275,-0.045828767,-0.047249556,-0.18992287,-0.05204291,-0.033461273,-0.108453095,-0.040936843,0.019643843,-0.23054078,-0.020728884,-0.019705713,-0.25630257,-0.048031293,-0.01669693,-0.18194634,-0.04296521,-0.005482316,-0.12303823,-0.030047227
-0.08552486,-0.04863274,-0.0050206515,-0.11384216,-0.14983153,-0.0087127695,-0.07115668,-0.2402736,-0.019842593,-0.032132566,-0.30431575,-0.031236188,-0.1242367,-0.19425678,0.030210033,-0.15426975,-0.25405696,-0.0016464378,-0.14154744,-0.2087116,-0.028321097,-0.12251338,-0.15442997,-0.040067382,-0.08191013,-0.21528319,0.017681323,-0.12285024,-0.29394007,-0.018803336,-0.11448306,-0.23830846,-0.043244276,-0.096471965,-0.17199379,-0.048024468,-0.033041,-0.22465992,-9.1361486e-05,-0.062431753,-0.28276145,-0.041367672,-0.05278021,-0.19031924,-0.049386565,-0.04019034,-0.111219704,-0.04000548,0.017486334,-0.22496343,-0.018049281,-0.022076786,-0.253293,-0.0445342,-0.019305348,-0.18299884,-0.04019904,-0.007928014,-0.1252715,-0.028256983
-0.08186525,-0.048684716,-0.011114849,-0.11349678,-0.16050404,-0.018128451,-0.06821221,-0.24997431,-0.030850293,-0.028452933,-0.3160359,-0.0428988,-0.119586736,-0.20683736,0.016302887,-0.1510278,-0.2610551,-0.020027798,-0.13674682,-0.20828393,-0.047230717,-0.116861135,-0.15237558,-0.058279287,-0.0749653,-0.22710106,0.0057395473,-0.11882281,-0.30662906,-0.033546355,-0.109630466,-0.24349704,-0.054617878,-0.09075874,-0.17413545,-0.055706475,-0.025267959,-0.23388529,-0.010251124,-0.053655744,-0.28878555,-0.05109686,-0.044767678,-0.18726116,-0.05300126,-0.034959972,-0.10614431,-0.03912106,0.025257826,-0.22906378,-0.027253669,-0.011542022,-0.25462604,-0.050572608,-0.010914326,-0.18119216,-0.04151422,-0.0035058856,-0.12449533,-0.026242873
-0.082791924,-0.051900744,-0.0109024085,-0.11255571,-0.16495383,-0.018951165,-0.06742102,-0.255364,-0.032306243,-0.027392447,-0.3240688,-0.04496681,-0.123493105,-0.21311098,0.014447609,-0.15650135,-0.2688989,-0.022200553,-0.14049277,-0.21051249,-0.0495245,-0.118533075,-0.15245426,-0.060901172,-0.07772857,-0.23291418,0.0035704586,-0.12271753,-0.31558952,-0.03693896,-0.113974035,-0.24753225,-0.05882633,-0.094661295,-0.17448574,-0.06035654,-0.02723223,-0.24036771,-0.012255687,-0.05669719,-0.29456633,-0.054084726,-0.048193693,-0.18873495,-0.05554037,-0.03730011,-0.10642314,-0.041322004,0.023503542,-0.23595306,-0.02895739,-0.018665433,-0.25291908,-0.05412163,-0.01443392,-0.17337817,-0.04504188,-0.0011120439,-0.116396725,-0.029289154
-0.08029938,-0.052219033,-0.013203367,-0.11625254,-0.17381692,-0.023337599,-0.078439415,-0.27311423,-0.037842683,-0.035063326,-0.34346956,-0.050386466,-0.12870008,-0.23180619,0.0013883979,-0.16568491,-0.29975167,-0.04226235,-0.14396054,-0.2266089,-0.07055878,-0.12095156,-0.15786874,-0.08057869,-0.08042097,-0.25408933,-0.009544718,-0.1295234,-0.3483938,-0.057730775,-0.11592317,-0.26379654,-0.075433046,-0.09503788,-0.17728639,-0.07076234,-0.026648939,-0.25964013,-0.025438031,-0.060690343,-0.3030933,-0.07131065,-0.04854691,-0.18559277,-0.06721905,-0.03636962,-0.098947644,-0.047162462,0.027382016,-0.25181314,-0.042532366,-0.01221025,-0.26438898,-0.06804284,-0.008631408,-0.18111914,-0.055763658,0.0027129054,-0.124153614,-0.036760684
-0.08085436,-0.048255622,-0.014556655,-0.117045075,-0.17830342,-0.02444224,-0.07909602,-0.28001148,-0.03772443,-0.03342116,-0.3488099,-0.048750654,-0.12707415,-0.23657787,-0.0055898675,-0.16635463,-0.30512732,-0.048604287,-0.14324445,-0.22461453,-0.07402783,-0.12031326,-0.15750778,-0.08230218,-0.078755915,-0.25962657,-0.015311607,-0.13121453,-0.3540473,-0.0643162,-0.117075115,-0.261644,-0.0794616,-0.096523106,-0.17451984,-0.07233195,-0.025225103,-0.26539418,-0.029545303,-0.063403726,-0.29908845,-0.07565618,-0.050223768,-0.17696601,-0.07025839,-0.037534475,-0.09179938,-0.049027435,0.028288603,-0.25871626,-0.04496958,-0.013916254,-0.2609556,-0.07045584,-0.009896636,-0.17317975,-0.058247346,0.002082944,-0.117112875,-0.039172027
-0.07730812,-0.041317225,-0.018012315,-0.11478558,-0.17278028,-0.029091267,-0.081130326,-0.2812593,-0.042314313,-0.036494493,-0.35455897,-0.052959073,-0.12859446,-0.23991117,-0.014089094,-0.17150754,-0.30827534,-0.059357453,-0.14844531,-0.22873747,-0.08536112,-0.124052286,-0.16150486,-0.09371912,-0.078136146,-0.2648725,-0.022403363,-0.13267803,-0.35870227,-0.073491305,-0.119660616,-0.26521978,-0.087696046,-0.09974557,-0.17743462,-0.07947898,-0.023485541,-0.27009225,-0.035127766,-0.062318504,-0.29763225,-0.08209656,-0.048847556,-0.17537689,-0.07463665,-0.035770357,-0.092435956,-0.05184806,0.029535651,-0.26249626,-0.049392037,-0.011351466,-0.25766754,-0.074647896,-0.0068469048,-0.17266542,-0.061512936,0.0054289103,-0.12227023,-0.04176707
-0.0840196,-0.0444324,-0.017704112,-0.12007639,-0.17576265,-0.02929428,-0.08830267,-0.28492346,-0.04352034,-0.045536637,-0.36016357,-0.054556083,-0.13187772,-0.24450967,-0.0122391265,-0.177039,-0.31605238,-0.05755131,-0.15393525,-0.23448527,-0.08287533,-0.13132316,-0.16728008,-0.09069215,-0.0809567,-0.2694348,-0.020439869,-0.13417745,-0.35536522,-0.07139955,-0.119583815,-0.25903618,-0.084491,-0.10061008,-0.17258811,-0.07615032,-0.026719809,-0.2745342,-0.033546638,-0.06609124,-0.29079002,-0.07971646,-0.05298835,-0.17126226,-0.07188705,-0.040875673,-0.0900861,-0.049537,0.026181877,-0.26708364,-0.04838833,-0.015071452,-0.25985724,-0.07223461,-0.011920989,-0.173114,-0.0588224,-0.0025630593,-0.119268835,-0.039433487
-0.08120215,-0.047312677,-0.02183161,-0.1222415,-0.18204385,-0.035784252,-0.091299355,-0.29307124,-0.05247681,-0.04877585,-0.3743615,-0.06535622,-0.1350317,-0.26681435,-0.011229512,-0.18873322,-0.32633927,-0.060574614,-0.16452926,-0.24088928,-0.090421185,-0.1392692,-0.17036283,-0.10112057,-0.082482815,-0.29307035,-0.019484267,-0.13990602,-0.36794364,-0.072847664,-0.12490395,-0.2658244,-0.088070385,-0.1074183,-0.1752873,-0.08117323,-0.025721788,-0.29597592,-0.03374466,-0.070070565,-0.30053034,-0.08093499,-0.05549532,-0.17654896,-0.072238654,-0.04257536,-0.09576994,-0.04942367,0.028562844,-0.28386617,-0.050599694,-0.01402539,-0.2695367,-0.07352426,-0.009848177,-0.18570662,-0.059046667,0.0010623932,-0.13815278,-0.039207503
-0.08140993,-0.04450202,-0.023577897,-0.11967835,-0.18582833,-0.03996508,-0.08033055,-0.2951173,-0.05752307,-0.030513167,-0.36932302,-0.07189908,-0.12683651,-0.28376484,-0.025641235,-0.18053102,-0.3268491,-0.075555995,-0.1606834,-0.23092103,-0.10533833,-0.13680899,-0.15909946,-0.11732917,-0.07090956,-0.30822712,-0.033882685,-0.13495278,-0.36538255,-0.08907045,-0.122528374,-0.25443098,-0.103301995,-0.10351673,-0.16481102,-0.09638069,-0.013236105,-0.30612043,-0.047055013,-0.061104774,-0.29676333,-0.09264278,-0.049379528,-0.16681135,-0.08119844,-0.038194597,-0.08511263,-0.05812532,0.037682176,-0.28649777,-0.06301509,-0.0075463653,-0.25159582,-0.083988994,-0.0046655536,-0.16532028,-0.06801075,0.005687773,-0.122719646,-0.04806998
-0.08140993,-0.04450202,-0.023577897,-0.11967835,-0.18582833,-0.03996508,-0.08033055,-0.2951173,-0.05752307,-0.030513167,-0.36932302,-0.07189908,-0.12683651,-0.28376484,-0.025641235,-0.18053102,-0.3268491,-0.075555995,-0.1606834,-0.23092103,-0.10533833,-0.13680899,-0.15909946,-0.11732917,-0.07090956,-0.30822712,-0.033882685,-0.13495278,-0.36538255,-0.08907045,-0.122528374,-0.25443098,-0.103301995,-0.10351673,-0.16481102,-0.09638069,-0.013236105,-0.30612043,-0.047055013,-0.061104774,-0.29676333,-0.09264278,-0.049379528,-0.16681135,-0.08119844,-0.038194597,-0.08511263,-0.05812532,0.037682176,-0.28649777,-0.06301509,-0.0075463653,-0.25159582,-0.083988994,-0.0046655536,-0.16532028,-0.06801075,0.005687773,-0.122719646,-0.04806998
-0.07942796,-0.04492557,-0.026646167,-0.112771064,-0.19277936,-0.042550776,-0.06978685,-0.30089247,-0.058601644,-0.016254961,-0.37402868,-0.07043623,-0.11206272,-0.30479184,-0.025403598,-0.16487351,-0.33427253,-0.078279816,-0.1490838,-0.23201942,-0.110932514,-0.12622017,-0.15756768,-0.12514767,-0.052824736,-0.32486576,-0.032718122,-0.11399436,-0.3674054,-0.090607055,-0.10688108,-0.24800599,-0.104881436,-0.09209108,-0.1564368,-0.09775222,0.005401671,-0.31585303,-0.04605596,-0.04488021,-0.28541845,-0.09187614,-0.042227745,-0.15715492,-0.07896914,-0.036924005,-0.08103067,-0.055518247,0.053150356,-0.28829935,-0.063126504,0.0072993636,-0.2408725,-0.08375013,0.0067430735,-0.16246676,-0.06858872,0.015420079,-0.12993783,-0.049527727
-0.07942796,-0.04492557,-0.026646167,-0.112771064,-0.19277936,-0.042550776,-0.06978685,-0.30089247,-0.058601644,-0.016254961,-0.37402868,-0.07043623,-0.11206272,-0.30479184,-0.025403598,-0.16487351,-0.33427253,-0.078279816,-0.1490838,-0.23201942,-0.110932514,-0.12622017,-0.15756768,-0.12514767,-0.052824736,-0.32486576,-0.032718122,-0.11399436,-0.3674054,-0.090607055,-0.10688108,-0.24800599,-0.104881436,-0.09209108,-0.1564368,-0.09775222,0.005401671,-0.31585303,-0.04605596,-0.04488021,-0.28541845,-0.09187614,-0.042227745,-0.15715492,-0.07896914,-0.036924005,-0.08103067,-0.055518247,0.053150356,-0.28829935,-0.063126504,0.0072993636,-0.2408725,-0.08375013,0.0067430735,-0.16246676,-0.06858872,0.015420079,-0.12993783,-0.049527727
-0.078419626,-0.04504025,-0.033124976,-0.10784882,-0.19226968,-0.051478833,-0.05223602,-0.28932875,-0.06865152,0.009812415,-0.3528033,-0.08109968,-0.09894943,-0.31859434,-0.028918171,-0.14888337,-0.32866457,-0.08232629,-0.13995224,-0.22339702,-0.11688781,-0.118499994,-0.14794528,-0.13330348,-0.041067004,-0.33815703,-0.034131836,-0.0978564,-0.3579526,-0.09075372,-0.09818518,-0.23884946,-0.10642186,-0.084588766,-0.15444034,-0.10136409,0.014367521,-0.3220593,-0.046273824,-0.02652657,-0.2671766,-0.08950232,-0.03368783,-0.14366639,-0.078263804,-0.031839788,-0.07772893,-0.05775866,0.0591262,-0.28436524,-0.06321752,0.017869413,-0.2150482,-0.0819872,0.0114687085,-0.1360507,-0.068353675,0.018742025,-0.110004365,-0.051466875
-0.084813714,-0.057212412,-0.034854982,-0.10256499,-0.20382261,-0.05851709,-0.03821045,-0.2955286,-0.07961518,0.030148804,-0.35558882,-0.095948525,-0.0814423,-0.33365047,-0.045554962,-0.13146228,-0.32241845,-0.10189126,-0.12812787,-0.21031582,-0.138632,-0.11089724,-0.13660556,-0.15734832,-0.020528316,-0.3362397,-0.051276285,-0.08532685,-0.3357163,-0.10921446,-0.08848959,-0.21238041,-0.12341007,-0.07139057,-0.13709301,-0.12023758,0.034298003,-0.30667904,-0.06308522,-0.010335207,-0.26629204,-0.10508554,-0.02529174,-0.14043707,-0.08485723,-0.024515033,-0.071264565,-0.060469925,0.0788762,-0.25826487,-0.0799577,0.03565508,-0.22603244,-0.09701661,0.014456093,-0.14513648,-0.076086186,0.014214635,-0.1097123,-0.05471579
-0.084813714,-0.057212412,-0.034854982,-0.10256499,-0.20382261,-0.05851709,-0.03821045,-0.2955286,-0.07961518,0.030148804,-0.35558882,-0.095948525,-0.0814423,-0.33365047,-0.045554962,-0.13146228,-0.32241845,-0.10189126,-0.12812787,-0.21031582,-0.138632,-0.11089724,-0.13660556,-0.15734832,-0.020528316,-0.3362397,-0.051276285,-0.08532685,-0.3357163,-0.10921446,-0.08848959,-0.21238041,-0.12341007,-0.07139057,-0.13709301,-0.12023758,0.034298003,-0.30667904,-0.06308522,-0.010335207,-0.26629204,-0.10508554,-0.02529174,-0.14043707,-0.08485723,-0.024515033,-0.071264565,-0.060469925,0.0788762,-0.25826487,-0.0799577,0.03565508,-0.22603244,-0.09701661,0.014456093,-0.14513648,-0.076086186,0.014214635,-0.1097123,-0.05471579
-0.08860111,-0.059262097,-0.033012707,-0.105745375,-0.20522285,-0.056733415,-0.035360098,-0.29152793,-0.07891181,0.037602365,-0.3435769,-0.09758613,-0.08432114,-0.34420034,-0.04495996,-0.13706625,-0.3175935,-0.10318134,-0.1329037,-0.20316696,-0.14318989,-0.112356484,-0.1253339,-0.16366027,-0.022289336,-0.345136,-0.05314377,-0.08584142,-0.33078003,-0.1124518,-0.09154099,-0.20837504,-0.12912445,-0.07648218,-0.12564588,-0.12702556,0.032766104,-0.31109783,-0.067282625,-0.017299592,-0.25111943,-0.110530704,-0.032572508,-0.1253047,-0.095028326,-0.03148985,-0.055166543,-0.07320565,0.07641643,-0.25848842,-0.08629444,0.024255633,-0.19852698,-0.10225201,0.004452288,-0.112936914,-0.082709245,0.006379068,-0.07750678,-0.062357172
-0.08832431,-0.054545283,-0.037420638,-0.110289335,-0.19159728,-0.062831685,-0.045758247,-0.27406174,-0.08561044,0.023929238,-0.32382274,-0.10405676,-0.09313375,-0.34006137,-0.046004087,-0.14090365,-0.31046706,-0.104573935,-0.13474178,-0.19780576,-0.1458564,-0.11517161,-0.12273419,-0.16739292,-0.029951334,-0.3440172,-0.052563634,-0.08607423,-0.32280788,-0.11023409,-0.09077376,-0.19806981,-0.12690185,-0.077028334,-0.11587751,-0.124927066,0.028504968,-0.31121427,-0.065766625,-0.015793502,-0.24480641,-0.10691295,-0.029970944,-0.12478024,-0.09247099,-0.028261006,-0.061495066,-0.07206774,0.07803035,-0.25842607,-0.084571704,0.029966414,-0.19879293,-0.10008678,0.011505127,-0.117922544,-0.08154581,0.013752043,-0.08528966,-0.062059384
-0.08712876,-0.05384624,-0.037958607,-0.11065793,-0.18996888,-0.064066835,-0.047212303,-0.27335897,-0.08792549,0.026052237,-0.3197322,-0.107303485,-0.090020716,-0.3460827,-0.04814967,-0.13777182,-0.3109735,-0.107695915,-0.12886596,-0.19910854,-0.14834592,-0.10823715,-0.12215805,-0.16847318,-0.025766194,-0.3479361,-0.054535553,-0.08021587,-0.3190526,-0.11363882,-0.08410078,-0.19797951,-0.13132016,-0.07121223,-0.11631733,-0.12935531,0.033569157,-0.3129881,-0.067511305,-0.009378374,-0.23690349,-0.112944335,-0.026888609,-0.12062204,-0.10294098,-0.028660357,-0.057234287,-0.08352211,0.084151745,-0.25766253,-0.08552038,0.03800392,-0.20651662,-0.10406599,0.014914334,-0.13287449,-0.08831762,0.011990666,-0.09967697,-0.06956137
-0.092650294,-0.057336688,-0.0379963,-0.107251644,-0.19317567,-0.06523738,-0.032252073,-0.27184176,-0.089309044,0.04098642,-0.3193019,-0.11030904,-0.087760866,-0.36312535,-0.05384892,-0.14037687,-0.30015075,-0.10870651,-0.1347712,-0.18370819,-0.1489587,-0.1127457,-0.108039975,-0.1713716,-0.020117223,-0.36220378,-0.059917793,-0.087307215,-0.30234534,-0.113873124,-0.09286678,-0.17917287,-0.1332079,-0.07719451,-0.09756863,-0.13622737,0.037143648,-0.31940427,-0.071294785,-0.017527044,-0.23279548,-0.1105562,-0.0359658,-0.11880267,-0.10250423,-0.033724666,-0.05685234,-0.08873781,0.07740784,-0.25851268,-0.0878871,0.01837027,-0.1740464,-0.10499277,-0.0025609732,-0.0977478,-0.09310575,0.0015041232,-0.07003003,-0.07958042
-0.092650294,-0.057336688,-0.0379963,-0.107251644,-0.19317567,-0.06523738,-0.032252073,-0.27184176,-0.089309044,0.04098642,-0.3193019,-0.11030904,-0.087760866,-0.36312535,-0.05384892,-0.14037687,-0.30015075,-0.10870651,-0.1347712,-0.18370819,-0.1489587,-0.1127457,-0.108039975,-0.1713716,-0.020117223,-0.36220378,-0.059917793,-0.087307215,-0.30234534,-0.113873124,-0.09286678,-0.17917287,-0.1332079,-0.07719451,-0.09756863,-0.13622737,0.037143648,-0.31940427,-0.071294785,-0.017527044,-0.23279548,-0.1105562,-0.0359658,-0.11880267,-0.10250423,-0.033724666,-0.05685234,-0.08873781,0.07740784,-0.25851268,-0.0878871,0.01837027,-0.1740464,-0.10499277,-0.0025609732,-0.0977478,-0.09310575,0.0015041232,-0.07003003,-0.07958042
-0.078722775,-0.045723915,-0.037650373,-0.099636555,-0.19306523,-0.060702242,-0.041582584,-0.28953868,-0.08105951,0.017911732,-0.3549253,-0.096768565,-0.089467406,-0.3357721,-0.03935619,-0.14045593,-0.3327213,-0.099546015,-0.13633472,-0.21995836,-0.13964759,-0.116968095,-0.1390655,-0.15928562,-0.027797759,-0.34443077,-0.044945948,-0.09387058,-0.35840353,-0.10749352,-0.09773278,-0.22626722,-0.12383175,-0.080874324,-0.13823825,-0.11887065,0.02962029,-0.31800106,-0.05775286,-0.020093799,-0.27564207,-0.10580646,-0.031071484,-0.14443743,-0.088700704,-0.024619162,-0.074744225,-0.06338653,0.075562716,-0.2702115,-0.07557547,0.025905073,-0.2192514,-0.09734568,0.014236152,-0.13685882,-0.07836071,0.024415731,-0.10849267,-0.056505416
-0.07251918,-0.050501883,-0.028755948,-0.09986198,-0.19483948,-0.046533562,-0.049445093,-0.2967698,-0.064623594,0.010969639,-0.36211994,-0.07804686,-0.10325122,-0.3063155,-0.024237499,-0.14471868,-0.342828,-0.07689625,-0.13282028,-0.23949769,-0.108628035,-0.115575075,-0.16495228,-0.12190753,-0.045861363,-0.32061812,-0.031295072,-0.0960207,-0.37155777,-0.08825322,-0.09200376,-0.25203934,-0.100902356,-0.079845905,-0.16345388,-0.092314385,0.012316763,-0.30696207,-0.04505401,-0.025242388,-0.2953963,-0.090113975,-0.027314246,-0.16826141,-0.07638126,-0.025412023,-0.09359789,-0.052107062,0.06528884,-0.27599174,-0.06274169,0.030887127,-0.24801111,-0.08200443,0.022696793,-0.16671824,-0.065688856,0.024183154,-0.13031477,-0.045919478
-0.077308476,-0.056371093,-0.023834107,-0.10412362,-0.20398223,-0.039260402,-0.057768285,-0.30704254,-0.05615081,-0.0011895895,-0.37564522,-0.0690163,-0.10348782,-0.30465153,-0.019593632,-0.14655307,-0.35040918,-0.07128245,-0.13552848,-0.25239646,-0.10238635,-0.11920783,-0.17834002,-0.11461637,-0.04775524,-0.32193422,-0.02767553,-0.09995818,-0.38576177,-0.08399456,-0.09860134,-0.27513695,-0.09860052,-0.089291036,-0.18339396,-0.090650395,0.008548796,-0.31282896,-0.04151914,-0.034443974,-0.29672086,-0.087373435,-0.035267234,-0.16968334,-0.07688636,-0.031679988,-0.09142041,-0.0533599,0.05866766,-0.2862982,-0.058536813,0.015434921,-0.25304818,-0.07830415,0.011898696,-0.1725061,-0.0629498,0.01875621,-0.13293946,-0.04294208
-0.07792276,-0.06059146,-0.017299183,-0.105571866,-0.20323241,-0.03001837,-0.06259352,-0.30629855,-0.045591816,-0.011192739,-0.37682843,-0.058195647,-0.10845283,-0.2783112,-0.011965359,-0.14851564,-0.3404476,-0.059477564,-0.13348159,-0.25109792,-0.08755135,-0.11458793,-0.17735589,-0.09702531,-0.056837082,-0.29616874,-0.021448243,-0.10736221,-0.38404158,-0.074061,-0.10214907,-0.2830229,-0.089017965,-0.08839691,-0.19039029,-0.08099442,-0.0025940537,-0.29421675,-0.035776,-0.041497707,-0.31583083,-0.08133228,-0.037419736,-0.18987745,-0.07350937,-0.028746367,-0.10478699,-0.05069978,0.048716486,-0.2783217,-0.052056894,0.0060918927,-0.27134314,-0.07402699,0.00457865,-0.18506569,-0.06023218,0.014784157,-0.13442808,-0.04038735
-0.07759005,-0.054934025,-0.019355709,-0.10562804,-0.19430977,-0.03220425,-0.06498426,-0.2995843,-0.047625545,-0.016564548,-0.3728101,-0.059788924,-0.112436235,-0.2727877,-0.011150175,-0.15115339,-0.33555683,-0.058875546,-0.13539022,-0.24713272,-0.087014176,-0.116663605,-0.17356342,-0.09627811,-0.060959637,-0.29201314,-0.019756954,-0.11128768,-0.38064164,-0.0730484,-0.10552132,-0.28185272,-0.08850266,-0.09188801,-0.1900022,-0.08055288,-0.0067332983,-0.29108378,-0.03356913,-0.045307815,-0.31431684,-0.08057522,-0.04001224,-0.1883583,-0.07327354,-0.031241715,-0.1037842,-0.050426636,0.044430017,-0.27604094,-0.049426798,0.0019820333,-0.27070126,-0.07273423,0.0017392635,-0.18484414,-0.05924959,0.012443364,-0.13497609,-0.03937048
-0.0809477,-0.056343257,-0.017809933,-0.10888255,-0.19310117,-0.029907545,-0.06074524,-0.29490227,-0.04471642,-0.01204896,-0.36606687,-0.057493407,-0.11817783,-0.25691316,-0.005331957,-0.14909476,-0.318227,-0.04735297,-0.13275933,-0.23949337,-0.07522581,-0.112784505,-0.17003942,-0.086038,-0.06790012,-0.27268776,-0.013705265,-0.11200911,-0.35792932,-0.06079105,-0.10365483,-0.2686496,-0.07929606,-0.0842073,-0.18210423,-0.076039776,-0.014558792,-0.273274,-0.026879968,-0.045064867,-0.319323,-0.06965805,-0.03874892,-0.20152849,-0.06591086,-0.027326167,-0.11563617,-0.047547054,0.03750664,-0.26148248,-0.041702487,-0.0039349794,-0.270672,-0.06546474,-0.0026696324,-0.18597656,-0.054216966,0.010796547,-0.13336945,-0.036711786
-0.08172798,-0.0603019,-0.012631203,-0.10641515,-0.18650067,-0.022504466,-0.05816108,-0.27928635,-0.03703276,-0.013317168,-0.34781474,-0.05026449,-0.115333945,-0.24462345,0.0053453646,-0.14738625,-0.30356216,-0.034083646,-0.13143152,-0.23411119,-0.061903216,-0.111959875,-0.16842401,-0.07262209,-0.065424085,-0.260267,-0.0056288657,-0.11012924,-0.3444168,-0.048740137,-0.10367358,-0.2706946,-0.06967471,-0.08728868,-0.19228327,-0.069642805,-0.012450874,-0.2613262,-0.021224532,-0.040814996,-0.30927014,-0.06354724,-0.037385166,-0.19595039,-0.06296144,-0.030204594,-0.10955405,-0.046840176,0.038808584,-0.24964255,-0.037833177,-0.0013942122,-0.26991707,-0.060140353,-0.0031668544,-0.18765831,-0.047862962,0.005971372,-0.1294676,-0.030013837
-0.081159055,-0.055021584,-0.01182669,-0.107673675,-0.18018937,-0.020344429,-0.05813068,-0.27157003,-0.03341886,-0.015033245,-0.3376292,-0.04565611,-0.11526886,-0.2355816,0.008590029,-0.14395219,-0.29691875,-0.02679754,-0.13001171,-0.2299042,-0.05289242,-0.11102152,-0.16630644,-0.06396095,-0.06769115,-0.25248575,-0.0014088127,-0.11256793,-0.33708006,-0.042363793,-0.105952054,-0.264316,-0.064436436,-0.087121606,-0.18679494,-0.06616681,-0.01608032,-0.25506327,-0.015672792,-0.04534626,-0.3124819,-0.057739925,-0.040917337,-0.20142192,-0.059968468,-0.032328486,-0.112333655,-0.04662829,0.034932137,-0.24630764,-0.030553773,-0.007138431,-0.26153445,-0.05711517,-0.00735116,-0.17812169,-0.049436893,0.0034348369,-0.11911094,-0.034822546
-0.081623256,-0.048954904,-0.0067452025,-0.10802594,-0.15901929,-0.012650353,-0.06265581,-0.24693018,-0.02511549,-0.02306509,-0.30820924,-0.03728783,-0.1175099,-0.2156496,0.022862343,-0.14560354,-0.26928645,-0.011568916,-0.13065016,-0.2140576,-0.039406415,-0.111970484,-0.1541186,-0.051129848,-0.07393277,-0.23231274,0.011040827,-0.11426705,-0.30182275,-0.026911458,-0.10380924,-0.23819202,-0.05079408,-0.08578628,-0.16803616,-0.05462688,-0.0256657,-0.23754555,-0.00573521,-0.053218544,-0.28487056,-0.045655347,-0.04211551,-0.18566078,-0.05110133,-0.030796945,-0.10463935,-0.040381264,0.02330798,-0.23389417,-0.02299375,-0.0148281455,-0.25454295,-0.046597254,-0.013463974,-0.1793468,-0.039331052,-0.005767286,-0.12099248,-0.02560708
-0.08572638,-0.052887976,-0.0034606454,-0.11229253,-0.15350503,-0.006038478,-0.07218772,-0.2418397,-0.016008716,-0.037354052,-0.30370787,-0.025788711,-0.122466356,-0.19946736,0.033140644,-0.1513395,-0.2589985,0.0038366495,-0.13779071,-0.21205455,-0.021077432,-0.119749516,-0.15848112,-0.031799253,-0.080997765,-0.22096893,0.021207795,-0.11952084,-0.2985542,-0.0122727705,-0.11075905,-0.24211654,-0.035547983,-0.09431517,-0.17550904,-0.039985433,-0.033504725,-0.23125213,0.0043143868,-0.061548114,-0.28806975,-0.033380464,-0.05283612,-0.19711107,-0.04149894,-0.04119277,-0.118020356,-0.033185363,0.015766323,-0.23232475,-0.012733529,-0.024011016,-0.25690922,-0.037406806,-0.023391306,-0.18558371,-0.033736262,-0.013379574,-0.12584394,-0.022499893
-0.08279437,-0.054385543,-0.0050215595,-0.10692674,-0.15688658,-0.010481541,-0.0639109,-0.24512094,-0.023583222,-0.02247554,-0.3067342,-0.036742475,-0.11487508,-0.20372039,0.026236767,-0.14445373,-0.26226884,-0.0060496726,-0.13243261,-0.21353516,-0.03241843,-0.116571695,-0.15755153,-0.04374169,-0.07430291,-0.22270921,0.013772807,-0.11235654,-0.2980895,-0.021365967,-0.104400516,-0.2395994,-0.04374296,-0.08981836,-0.17056,-0.04749512,-0.026962638,-0.23027197,-0.0036810602,-0.055921495,-0.28579786,-0.04151221,-0.046729326,-0.19376117,-0.046795208,-0.035321772,-0.11442232,-0.03636157,0.023723543,-0.22837108,-0.021576447,-0.014321864,-0.26032862,-0.04385448,-0.014272809,-0.19161844,-0.037107676,-0.0054134727,-0.13297892,-0.02399146
-0.0812791,-0.053468704,-0.008466985,-0.1078513,-0.16337341,-0.014749001,-0.06200826,-0.25114185,-0.026798904,-0.02384913,-0.31508517,-0.038464025,-0.11653459,-0.21270758,0.019793738,-0.14632484,-0.26446518,-0.013277133,-0.13538831,-0.21071139,-0.040171627,-0.118352175,-0.15445334,-0.052296795,-0.073816955,-0.23091191,0.008731507,-0.11522737,-0.30672184,-0.02757435,-0.10811576,-0.24343568,-0.04961674,-0.09115356,-0.17355758,-0.05291991,-0.024962187,-0.23682338,-0.007180608,-0.052090347,-0.29587162,-0.044829518,-0.04674995,-0.19919002,-0.0481123,-0.038433135,-0.11809105,-0.036948033,0.0260095,-0.23219472,-0.023903675,-0.010744929,-0.25698048,-0.047267754,-0.00996393,-0.184986,-0.040101998,-0.0010175109,-0.12896276,-0.026768705
-0.07919592,-0.052870095,-0.011264499,-0.1070638,-0.1677193,-0.019765345,-0.059796035,-0.25646293,-0.033352114,-0.020165384,-0.3220603,-0.04623947,-0.11796841,-0.21742862,0.0126236165,-0.1474362,-0.26869258,-0.023603747,-0.13375801,-0.20998725,-0.051474754,-0.114848584,-0.15083891,-0.06369429,-0.07314968,-0.23497334,0.0018636993,-0.115243286,-0.31168038,-0.03762195,-0.10709375,-0.24371254,-0.059662033,-0.089353025,-0.17136878,-0.062096715,-0.02295208,-0.24011585,-0.01376781,-0.049209833,-0.29423344,-0.05338957,-0.04416555,-0.191212,-0.05501427,-0.037422955,-0.10920924,-0.042102784,0.027963936,-0.23403814,-0.030380074,-0.008860409,-0.25349218,-0.053088266,-0.007537484,-0.17661697,-0.043627802,0.0012800694,-0.121116996,-0.028598852
-0.077509046,-0.05128771,-0.012526111,-0.10841215,-0.17573774,-0.021833964,-0.06960714,-0.27430904,-0.035597246,-0.027169228,-0.34485468,-0.04792033,-0.119045675,-0.24232444,0.0029571922,-0.15561917,-0.30550668,-0.040240016,-0.13977355,-0.23293838,-0.06878113,-0.12053791,-0.16362685,-0.079057895,-0.070861936,-0.26131824,-0.008315837,-0.11896184,-0.35052112,-0.055224657,-0.11049867,-0.26502708,-0.07308034,-0.093842864,-0.17794377,-0.068928584,-0.018060863,-0.26459703,-0.024542691,-0.05378759,-0.3067909,-0.069562525,-0.045263052,-0.1899305,-0.06577872,-0.035072923,-0.104736626,-0.046428192,0.034442842,-0.254259,-0.041947566,-0.0064180493,-0.26426917,-0.06761685,-0.003675878,-0.17962855,-0.05575212,0.007295072,-0.12336016,-0.03714526
-0.07892424,-0.049893916,-0.013817125,-0.11230001,-0.17722219,-0.023770886,-0.076123714,-0.27887785,-0.037067212,-0.03437358,-0.35306785,-0.048601698,-0.12241721,-0.24355263,-0.002749626,-0.16186374,-0.3130096,-0.043752357,-0.14570886,-0.239324,-0.06951507,-0.12627143,-0.17250276,-0.07845039,-0.07301688,-0.2650075,-0.012292758,-0.1251176,-0.3592765,-0.05786082,-0.11645308,-0.2720989,-0.07396853,-0.099086165,-0.18476743,-0.06882556,-0.020016968,-0.27063948,-0.026107784,-0.059845984,-0.30710414,-0.06886758,-0.049155235,-0.18905991,-0.06430684,-0.03699845,-0.10490435,-0.045076422,0.031726003,-0.2641957,-0.04115205,-0.012534797,-0.2630955,-0.064573064,-0.009205461,-0.17685592,-0.052856997,0.0026328564,-0.12260711,-0.034966685
-0.079365075,-0.045529604,-0.016406108,-0.11282486,-0.17687815,-0.027048199,-0.08029163,-0.28074884,-0.040814526,-0.039139092,-0.35393482,-0.052232657,-0.11850521,-0.25110966,-0.008451624,-0.16318494,-0.31681103,-0.052458774,-0.14871863,-0.23713845,-0.07776822,-0.12959829,-0.16821289,-0.085566275,-0.068802774,-0.27287737,-0.017562857,-0.122752815,-0.35587987,-0.06646267,-0.115261376,-0.26073104,-0.0797517,-0.09860101,-0.17303032,-0.07153805,-0.015742779,-0.2748109,-0.031662017,-0.057763636,-0.29513076,-0.0762047,-0.047226846,-0.1766637,-0.06896039,-0.03336072,-0.097073376,-0.047185875,0.037056208,-0.26345348,-0.04730296,-0.0076770186,-0.2608324,-0.06993454,-0.0052670836,-0.17800969,-0.05640167,0.006571114,-0.12906599,-0.03704687
-0.07844335,-0.046591878,-0.020215305,-0.114383996,-0.18193007,-0.0343433,-0.080188215,-0.28632948,-0.050781935,-0.03533739,-0.36032283,-0.06435807,-0.12006661,-0.26973444,-0.016607545,-0.17090702,-0.32328677,-0.06491829,-0.15482509,-0.23682797,-0.09334711,-0.13307059,-0.16649479,-0.10340439,-0.06687921,-0.29459763,-0.025248066,-0.123389155,-0.3646079,-0.07848373,-0.115778476,-0.26064774,-0.093059935,-0.10134506,-0.16926396,-0.085328065,-0.011777699,-0.29528594,-0.03889457,-0.05971545,-0.29037392,-0.08427453,-0.04845035,-0.16750735,-0.07600487,-0.035793185,-0.08930224,-0.05381965,0.038374186,-0.27960593,-0.054749526,-0.009404242,-0.25182188,-0.07578467,-0.00444144,-0.17097396,-0.06148593,0.009459078,-0.12944621,-0.041969176
-0.07721871,-0.04769951,-0.023643024,-0.11242241,-0.18379468,-0.039810777,-0.07809198,-0.29118133,-0.057018444,-0.029346824,-0.36961842,-0.07036589,-0.122954845,-0.27556047,-0.02303568,-0.17485428,-0.32907712,-0.07281235,-0.15558416,-0.23996863,-0.10161479,-0.13370979,-0.17294836,-0.11234397,-0.069137156,-0.29983574,-0.03075732,-0.12584358,-0.36639506,-0.08558198,-0.11493909,-0.25730523,-0.09900615,-0.09950566,-0.16717523,-0.09066884,-0.013011217,-0.29954788,-0.043663595,-0.060287237,-0.2891323,-0.08936221,-0.049874544,-0.16392624,-0.07883256,-0.038794994,-0.08726597,-0.05557751,0.038921773,-0.28306943,-0.059289735,-0.0061246157,-0.24813366,-0.07993005,-0.0032980442,-0.16569608,-0.06482072,0.007319629,-0.12587124,-0.04517196
-0.08331835,-0.047604084,-0.027240457,-0.11987078,-0.19170058,-0.044442806,-0.07275969,-0.29604426,-0.06209991,-0.014473677,-0.365317,-0.07576888,-0.1122835,-0.3085139,-0.02517127,-0.16836947,-0.3306175,-0.07724472,-0.1578865,-0.23082876,-0.110481836,-0.1352118,-0.1586405,-0.12553789,-0.056337893,-0.33017972,-0.033320796,-0.11859757,-0.3634924,-0.0904947,-0.11682403,-0.24924812,-0.1069655,-0.10141438,-0.15983844,-0.10168286,-0.0011841059,-0.32130834,-0.047454707,-0.050815105,-0.2752004,-0.092623025,-0.050587,-0.15045947,-0.08356876,-0.04274851,-0.07731086,-0.06312175,0.04325825,-0.29118887,-0.06545909,-0.0029615164,-0.22689664,-0.08572336,-0.0021579266,-0.14714974,-0.07262786,0.011111319,-0.115293145,-0.055333517
-0.086291075,-0.048514843,-0.030164605,-0.11910614,-0.19307816,-0.049451154,-0.06676775,-0.2947177,-0.06839489,-0.007159114,-0.36498243,-0.08296812,-0.108600795,-0.31156507,-0.02750368,-0.16454738,-0.3326383,-0.080524355,-0.15590388,-0.23183423,-0.11452906,-0.13399813,-0.15712452,-0.12986116,-0.05209756,-0.33280763,-0.033790287,-0.11586478,-0.36176583,-0.091070324,-0.113149464,-0.24533296,-0.10721462,-0.09554559,-0.15569216,-0.10194204,0.0031397343,-0.32322276,-0.04648234,-0.045529068,-0.2774372,-0.09114484,-0.04630983,-0.15064007,-0.08047631,-0.038994193,-0.0760138,-0.059138436,0.048332095,-0.29236308,-0.063375995,0.0025631785,-0.23457474,-0.08276633,0.0023073554,-0.15296632,-0.06820333,0.014370084,-0.11960989,-0.049951065
-0.0862329,-0.04556048,-0.035673324,-0.11497104,-0.18716687,-0.056727283,-0.057347596,-0.2829653,-0.07607022,0.0016640425,-0.3486991,-0.090618625,-0.10128987,-0.32691684,-0.035342194,-0.15874204,-0.31865495,-0.095949896,-0.15059084,-0.2063821,-0.13778038,-0.12713951,-0.12691265,-0.1593189,-0.04321623,-0.34580824,-0.041544255,-0.11296591,-0.3475172,-0.105898514,-0.113761425,-0.22130167,-0.12513062,-0.094661534,-0.13022041,-0.12224435,0.010475993,-0.325666,-0.054914154,-0.043679476,-0.2629827,-0.10195101,-0.049046278,-0.13325286,-0.087904274,-0.0422585,-0.060917556,-0.06585484,0.048095405,-0.28222078,-0.0740611,0.00032109022,-0.1926387,-0.0985606,0.0018762946,-0.12039852,-0.08697058,0.018290102,-0.10345608,-0.070688516
-0.09296799,-0.05944276,-0.03448111,-0.11904028,-0.20020783,-0.057724494,-0.05191648,-0.28468746,-0.07923505,0.01949513,-0.33942422,-0.09651047,-0.09479201,-0.3467767,-0.03789181,-0.15311724,-0.31288293,-0.096158125,-0.14625728,-0.20236075,-0.13965379,-0.12249327,-0.12465471,-0.16327745,-0.035476625,-0.3582796,-0.045549296,-0.106212735,-0.32942212,-0.105623335,-0.10852444,-0.20959783,-0.12777768,-0.08968675,-0.12203717,-0.12920742,0.018628597,-0.33142215,-0.059566386,-0.034053624,-0.25058466,-0.101726085,-0.04137522,-0.12934768,-0.09113558,-0.034040987,-0.0610528,-0.07339536,0.05808592,-0.28258252,-0.07948088,0.0066069365,-0.18248308,-0.099601075,0.001414895,-0.10366577,-0.08805576,0.015023112,-0.080311775,-0.07305501
-0.09812999,-0.05732304,-0.036259044,-0.124852896,-0.1999653,-0.061716955,-0.053884923,-0.28360406,-0.08452758,0.022457957,-0.33361083,-0.103468105,-0.099992216,-0.3527093,-0.0453124,-0.15621352,-0.30948758,-0.10377616,-0.15007019,-0.19740778,-0.14869878,-0.12694612,-0.121857226,-0.17499633,-0.039515674,-0.36202592,-0.052814726,-0.11014092,-0.32420868,-0.11425265,-0.1105811,-0.19974864,-0.13693526,-0.08888376,-0.11361265,-0.14008227,0.016612709,-0.3310003,-0.066192806,-0.03573197,-0.25452662,-0.10807168,-0.044868827,-0.12985706,-0.09464813,-0.03881526,-0.059693873,-0.07632282,0.058939815,-0.27953354,-0.085581355,0.0060487986,-0.18947142,-0.10653065,-0.00089758635,-0.110313356,-0.093066886,0.01233083,-0.08825481,-0.077215664
-0.0948832,-0.053389132,-0.03340161,-0.12291163,-0.19323689,-0.0560091,-0.059909284,-0.27890947,-0.07705584,0.008459866,-0.33076996,-0.09417192,-0.09975803,-0.34404328,-0.039570548,-0.161832,-0.31371754,-0.09726452,-0.15329874,-0.2018292,-0.13950765,-0.12725127,-0.1268292,-0.16303135,-0.040056527,-0.35747865,-0.047343973,-0.11314899,-0.33072034,-0.107453115,-0.111955285,-0.2054066,-0.12702182,-0.090140104,-0.11935198,-0.12695187,0.014067054,-0.32940847,-0.061374243,-0.043297052,-0.25476688,-0.10390418,-0.048404276,-0.12984341,-0.09101126,-0.038399875,-0.060727358,-0.071964815,0.053926647,-0.2779705,-0.081092715,-0.0027208924,-0.18731177,-0.103567556,-0.0062550902,-0.108733416,-0.092255935,0.010516107,-0.08499318,-0.07715745
-0.09513235,-0.05272895,-0.034211483,-0.12310055,-0.19138181,-0.057294764,-0.059235096,-0.2768739,-0.07833338,0.0070171356,-0.33061075,-0.09514675,-0.10069996,-0.34600285,-0.040524654,-0.16199267,-0.31339794,-0.097257845,-0.15255001,-0.20058775,-0.1388518,-0.12703896,-0.12445742,-0.1619594,-0.041440725,-0.3599624,-0.04736532,-0.11313024,-0.32640678,-0.10669037,-0.11102581,-0.20044851,-0.12607995,-0.09003693,-0.11511731,-0.12602046,0.012643218,-0.33122295,-0.060267244,-0.04335922,-0.25050563,-0.101727396,-0.0471223,-0.12805367,-0.0886652,-0.037068427,-0.062373936,-0.06985781,0.05251032,-0.27905905,-0.078877814,-0.001102984,-0.18230247,-0.10062099,-0.0014350414,-0.10721868,-0.0890748,0.016417861,-0.08952302,-0.07392219
-0.09199917,-0.052214682,-0.03354406,-0.1204592,-0.19655752,-0.056542873,-0.058015347,-0.2903866,-0.07796253,0.0052372217,-0.3534447,-0.09532057,-0.10293001,-0.33775803,-0.03895938,-0.15999472,-0.32472262,-0.0946157,-0.1551114,-0.21332121,-0.13488908,-0.13091424,-0.13180667,-0.15676938,-0.042245984,-0.35160777,-0.046632756,-0.11392927,-0.34468475,-0.10545829,-0.11784142,-0.225514,-0.12606521,-0.0967865,-0.13568437,-0.12649398,0.013808012,-0.325374,-0.060060732,-0.040685296,-0.25686967,-0.1004425,-0.04830849,-0.13167048,-0.08687387,-0.039033175,-0.059340894,-0.067509755,0.055279374,-0.27566478,-0.078906335,-0.0013427734,-0.19046593,-0.09804516,-0.0031719208,-0.1155839,-0.083277434,0.014407814,-0.0933457,-0.066132784
-0.09199917,-0.052214682,-0.03354406,-0.1204592,-0.19655752,-0.056542873,-0.058015347,-0.2903866,-0.07796253,0.0052372217,-0.3534447,-0.09532057,-0.10293001,-0.33775803,-0.03895938,-0.15999472,-0.32472262,-0.0946157,-0.1551114,-0.21332121,-0.13488908,-0.13091424,-0.13180667,-0.15676938,-0.042245984,-0.35160777,-0.046632756,-0.11392927,-0.34468475,-0.10545829,-0.11784142,-0.225514,-0.12606521,-0.0967865,-0.13568437,-0.12649398,0.013808012,-0.325374,-0.060060732,-0.040685296,-0.25686967,-0.1004425,-0.04830849,-0.13167048,-0.08687387,-0.039033175,-0.059340894,-0.067509755,0.055279374,-0.27566478,-0.078906335,-0.0013427734,-0.19046593,-0.09804516,-0.0031719208,-0.1155839,-0.083277434,0.014407814,-0.0933457,-0.066132784
-0.077491105,-0.051321864,-0.022975914,-0.11078176,-0.20410877,-0.03884058,-0.0658524,-0.31599644,-0.056119174,-0.009023488,-0.3895042,-0.07010035,-0.11653736,-0.2935037,-0.02338337,-0.16327637,-0.3464313,-0.072183214,-0.14731956,-0.24484313,-0.1003267,-0.12641901,-0.17016721,-0.111144945,-0.062045515,-0.31489962,-0.031130107,-0.119118005,-0.37855327,-0.0853051,-0.11123639,-0.26244769,-0.098086484,-0.093453825,-0.16983616,-0.089632645,-0.0060278177,-0.31286716,-0.044193618,-0.052398324,-0.3109554,-0.0882267,-0.04522443,-0.18129933,-0.078081734,-0.03376013,-0.09978354,-0.05579367,0.045965135,-0.29666296,-0.059890926,-0.00037175417,-0.26684192,-0.079640985,0.0019689202,-0.17918253,-0.065585434,0.0151577,-0.13661122,-0.047273275
-0.07856101,-0.05244863,-0.016014917,-0.11043632,-0.194516,-0.026977185,-0.06555915,-0.2959041,-0.04131584,-0.018193245,-0.36715245,-0.05365607,-0.112923,-0.264847,-0.003591727,-0.14900714,-0.32285482,-0.049830094,-0.1344021,-0.23832175,-0.07942817,-0.11544499,-0.16221124,-0.089771,-0.06248647,-0.28297693,-0.013275943,-0.11615041,-0.36777544,-0.06373285,-0.11042261,-0.27522227,-0.08196332,-0.092631936,-0.18531018,-0.07682116,-0.008798718,-0.28427947,-0.028142402,-0.048788667,-0.3191061,-0.07385451,-0.04083222,-0.19353133,-0.06866981,-0.028781414,-0.1063267,-0.047777973,0.04325193,-0.2720789,-0.044524066,-0.0031903386,-0.27352786,-0.068821736,0.0006864071,-0.18518925,-0.055791292,0.015802562,-0.13400799,-0.036304373
-0.081913054,-0.056109548,-0.015277494,-0.114499,-0.19108039,-0.026412249,-0.06936896,-0.29200745,-0.04149448,-0.021008134,-0.36187255,-0.05450697,-0.11787233,-0.2551064,-0.0018206108,-0.1541729,-0.3175545,-0.048095386,-0.1370048,-0.23675305,-0.077982105,-0.11691666,-0.16507667,-0.088641174,-0.067199886,-0.27309942,-0.011720085,-0.11561692,-0.36004436,-0.06284238,-0.10760006,-0.26860985,-0.08162017,-0.09001315,-0.18063647,-0.0769592,-0.013363779,-0.27465126,-0.026886087,-0.050165117,-0.31282052,-0.07322892,-0.04270172,-0.19086355,-0.0687848,-0.031776488,-0.10466272,-0.048293527,0.038802862,-0.26253965,-0.043522287,-0.004770279,-0.27108398,-0.06860112,-0.0025323033,-0.1851384,-0.056361195,0.010569334,-0.13191682,-0.03724975
-0.07846099,-0.054484308,-0.011830006,-0.10614827,-0.17612302,-0.020374393,-0.060852587,-0.27050152,-0.034267593,-0.014296472,-0.3353986,-0.047014706,-0.11019039,-0.23271734,0.0068142507,-0.14081737,-0.3022267,-0.03304455,-0.13021556,-0.234168,-0.059486814,-0.11456323,-0.16897285,-0.06914944,-0.064117074,-0.24857032,-0.003642606,-0.103774846,-0.34116322,-0.048035197,-0.100928396,-0.26348305,-0.0662876,-0.088175476,-0.182414,-0.063375674,-0.013445318,-0.25160655,-0.01919806,-0.04654354,-0.30634004,-0.06154025,-0.042218328,-0.19698149,-0.05903588,-0.032797575,-0.11474621,-0.04139859,0.038769662,-0.24209362,-0.035868812,-0.0037680864,-0.27076635,-0.060623836,-0.0049577355,-0.19130594,-0.049977068,0.005303502,-0.13337529,-0.032516733
-0.07846099,-0.054484308,-0.011830006,-0.10614827,-0.17612302,-0.020374393,-0.060852587,-0.27050152,-0.034267593,-0.014296472,-0.3353986,-0.047014706,-0.11019039,-0.23271734,0.0068142507,-0.14081737,-0.3022267,-0.03304455,-0.13021556,-0.234168,-0.059486814,-0.11456323,-0.16897285,-0.06914944,-0.064117074,-0.24857032,-0.003642606,-0.103774846,-0.34116322,-0.048035197,-0.100928396,-0.26348305,-0.0662876,-0.088175476,-0.182414,-0.063375674,-0.013445318,-0.25160655,-0.01919806,-0.04654354,-0.30634004,-0.06154025,-0.042218328,-0.19698149,-0.05903588,-0.032797575,-0.11474621,-0.04139859,0.038769662,-0.24209362,-0.035868812,-0.0037680864,-0.27076635,-0.060623836,-0.0049577355,-0.19130594,-0.049977068,0.005303502,-0.13337529,-0.032516733
-0.07421535,-0.058547497,0.00039457864,-0.09460664,-0.15176499,0.0003251341,-0.061166704,-0.2333028,-0.008846164,-0.025508463,-0.29073688,-0.017596588,-0.10405281,-0.1982935,0.03899915,-0.12536532,-0.26767683,0.014337072,-0.116782695,-0.23157886,-0.0064584217,-0.10399434,-0.17781216,-0.013773116,-0.067623794,-0.21498972,0.026339147,-0.091272175,-0.29411894,-0.002835384,-0.0821687,-0.2393021,-0.023324331,-0.06868392,-0.16929477,-0.02576119,-0.02467817,-0.22003192,0.008858902,-0.047961473,-0.28400227,-0.024567911,-0.039969206,-0.20249242,-0.032128986,-0.028408468,-0.12496555,-0.023224674,0.02241671,-0.21757919,-0.008433329,-0.008093953,-0.2693561,-0.026334587,-0.009641945,-0.22151947,-0.021038413,-0.001904428,-0.17092627,-0.009299268
-0.07631719,-0.056729734,0.0028795947,-0.096117854,-0.14453381,0.005887187,-0.06481522,-0.22513959,-0.00076401175,-0.032930672,-0.28205484,-0.006503039,-0.10685161,-0.18712664,0.04904923,-0.12667042,-0.25552627,0.027519124,-0.11911541,-0.22570744,0.0072400426,-0.107169,-0.17519665,0.00038419483,-0.06978524,-0.20586091,0.036926668,-0.092434704,-0.28522584,0.009395571,-0.085303545,-0.23827255,-0.013548593,-0.07423699,-0.17215669,-0.017815761,-0.027862132,-0.2126736,0.019961996,-0.04906541,-0.28011745,-0.011853391,-0.040323436,-0.20574826,-0.021754447,-0.028546274,-0.13142645,-0.014240582,0.017686665,-0.21270645,0.0033290389,-0.005111575,-0.27632496,-0.0106005445,-0.0054427385,-0.2534018,-0.006132923,0.0005335212,-0.2213201,0.0042585544
-0.07243079,-0.05706227,0.0036492387,-0.090053976,-0.1415838,0.0068969266,-0.058899462,-0.22103679,0.00035153015,-0.028524756,-0.27783278,-0.0060248906,-0.102032006,-0.18280858,0.050556168,-0.12287563,-0.25202006,0.03128807,-0.11756039,-0.22456059,0.011549906,-0.10679191,-0.1756568,0.0036841065,-0.06811273,-0.20040292,0.037974425,-0.09108883,-0.27975366,0.01327387,-0.08752525,-0.23711792,-0.009494444,-0.07794112,-0.17281854,-0.01523221,-0.027215123,-0.20725018,0.020675557,-0.05156696,-0.2774944,-0.010191777,-0.04604745,-0.2044752,-0.021103993,-0.0348199,-0.12875909,-0.015512778,0.018343985,-0.20733583,0.003898859,-0.013061643,-0.26003397,-0.014345537,-0.013947725,-0.21459395,-0.011692388,-0.00394392,-0.16366273,-0.002149418
-0.07549584,-0.05241072,-0.004386922,-0.09959534,-0.14527339,-0.008785923,-0.06325883,-0.22500017,-0.020445606,-0.02824694,-0.28216523,-0.032080475,-0.10454157,-0.19666606,0.026517244,-0.13012305,-0.25650743,-0.0041446374,-0.12251222,-0.21419537,-0.02881446,-0.10973057,-0.16059774,-0.038933516,-0.064243495,-0.21311277,0.014748062,-0.095574856,-0.2886529,-0.01761681,-0.092214465,-0.2341631,-0.03795616,-0.08186948,-0.16828626,-0.0406523,-0.01810795,-0.21843454,-0.0018452721,-0.045291007,-0.27253166,-0.036426272,-0.041918695,-0.18640053,-0.04028661,-0.034713566,-0.11260551,-0.029864093,0.031078279,-0.21358669,-0.018870426,-0.006460309,-0.24324739,-0.03953165,-0.010348082,-0.17746633,-0.032430355,-0.0045556426,-0.12127757,-0.019209998
-0.07549584,-0.05241072,-0.004386922,-0.09959534,-0.14527339,-0.008785923,-0.06325883,-0.22500017,-0.020445606,-0.02824694,-0.28216523,-0.032080475,-0.10454157,-0.19666606,0.026517244,-0.13012305,-0.25650743,-0.0041446374,-0.12251222,-0.21419537,-0.02881446,-0.10973057,-0.16059774,-0.038933516,-0.064243495,-0.21311277,0.014748062,-0.095574856,-0.2886529,-0.01761681,-0.092214465,-0.2341631,-0.03795616,-0.08186948,-0.16828626,-0.0406523,-0.01810795,-0.21843454,-0.0018452721,-0.045291007,-0.27253166,-0.036426272,-0.041918695,-0.18640053,-0.04028661,-0.034713566,-0.11260551,-0.029864093,0.031078279,-0.21358669,-0.018870426,-0.006460309,-0.24324739,-0.03953165,-0.010348082,-0.17746633,-0.032430355,-0.0045556426,-0.12127757,-0.019209998
-0.07267052,-0.057283938,-0.012325948,-0.09456366,-0.17636424,-0.021210374,-0.046230197,-0.26270565,-0.034436826,0.0012091398,-0.32134503,-0.04664249,-0.10342798,-0.22738615,0.0050166445,-0.1325829,-0.2926105,-0.03164168,-0.12124854,-0.22855628,-0.0564642,-0.10634494,-0.16742551,-0.06597768,-0.057131827,-0.2408408,-0.0041667344,-0.09467697,-0.32589963,-0.045820326,-0.09060681,-0.25013956,-0.064145744,-0.078351796,-0.17130607,-0.06250678,-0.0068609715,-0.24262774,-0.017990537,-0.036212623,-0.29641703,-0.05815157,-0.03370118,-0.19236386,-0.057545073,-0.028228104,-0.111988425,-0.04231152,0.043879688,-0.23403251,-0.032753583,0.0027617812,-0.25511467,-0.05633156,2.270937e-05,-0.17672163,-0.04732711,0.0074768066,-0.119727254,-0.031853408
-0.07244909,-0.049945593,-0.017793557,-0.09977627,-0.18362224,-0.028608825,-0.05899203,-0.28289282,-0.041618023,-0.010237336,-0.34795907,-0.05149408,-0.10853779,-0.2518652,-0.011745389,-0.14451542,-0.32601243,-0.053713694,-0.12682688,-0.24428993,-0.07732198,-0.107557654,-0.17772198,-0.08466168,-0.058517337,-0.27025673,-0.018901352,-0.10152453,-0.3644499,-0.06696508,-0.09397936,-0.26953965,-0.08010041,-0.08132523,-0.18349963,-0.07193319,-0.0060234666,-0.27044603,-0.030524358,-0.04082519,-0.2980681,-0.07345122,-0.03547305,-0.1788153,-0.06682426,-0.027950525,-0.09953302,-0.0458087,0.044121623,-0.25922206,-0.04381667,0.0037984848,-0.2591558,-0.06585262,0.0035133958,-0.17778718,-0.054007377,0.013797104,-0.12945026,-0.036035057
-0.073764324,-0.048838854,-0.021357566,-0.10041106,-0.1817087,-0.03525836,-0.061031282,-0.28167245,-0.050477713,-0.012103319,-0.34856668,-0.06228513,-0.11044216,-0.24948072,-0.021316169,-0.1491031,-0.31809595,-0.06620897,-0.13102609,-0.23879501,-0.09063229,-0.111572534,-0.17409176,-0.09811193,-0.060240746,-0.26902926,-0.027834177,-0.10440338,-0.36215827,-0.07734197,-0.09832156,-0.27185735,-0.08970582,-0.08651483,-0.18730587,-0.08112405,-0.0071481466,-0.26856494,-0.03878623,-0.038517237,-0.28574118,-0.08227197,-0.034493566,-0.1689598,-0.07443981,-0.02790749,-0.0923543,-0.052523308,0.044056,-0.25647515,-0.051733088,0.00790894,-0.2535225,-0.07167727,0.005829692,-0.17583996,-0.05764965,0.013898373,-0.13018733,-0.038523845
-0.07470828,-0.054363668,-0.021805234,-0.10356003,-0.18802941,-0.03691858,-0.060649574,-0.2841294,-0.05376568,-0.007914543,-0.34766477,-0.066637166,-0.10929328,-0.2635183,-0.021270005,-0.14734992,-0.32223058,-0.06961553,-0.12949896,-0.23456174,-0.097087994,-0.10884848,-0.16761446,-0.10700002,-0.0578925,-0.28404936,-0.028432345,-0.10312581,-0.36373246,-0.082375534,-0.09481007,-0.2632015,-0.09544292,-0.07994425,-0.17744029,-0.086879306,-0.0040486455,-0.28100953,-0.040546637,-0.035526633,-0.28812248,-0.08466587,-0.03151107,-0.16700858,-0.07423981,-0.02518338,-0.08930743,-0.050841358,0.04582715,-0.26367167,-0.055379983,0.01198405,-0.2519595,-0.07496131,0.00865829,-0.17646682,-0.06065803,0.01497376,-0.13499343,-0.04156894
-0.07408553,-0.05226338,-0.023421617,-0.10321057,-0.18842882,-0.03810303,-0.059854865,-0.28545377,-0.05411767,-0.005608976,-0.3475955,-0.065615065,-0.11045158,-0.2619819,-0.020014064,-0.15036392,-0.32538515,-0.06744237,-0.13145617,-0.23695526,-0.09445995,-0.11048865,-0.1709444,-0.10407922,-0.058828354,-0.28234205,-0.025876958,-0.10220444,-0.3630136,-0.078354806,-0.09463388,-0.26629502,-0.09161098,-0.08082873,-0.18521929,-0.083687216,-0.0044534802,-0.27939337,-0.036973093,-0.03372091,-0.2913831,-0.07988094,-0.030990183,-0.16959661,-0.0692642,-0.02662462,-0.09148717,-0.0461698,0.046679556,-0.2624252,-0.050991833,0.014399588,-0.25517175,-0.0701881,0.011452079,-0.18099332,-0.055737153,0.017769516,-0.14077252,-0.03664898
-0.07134694,-0.05408907,-0.021175578,-0.09920418,-0.18953222,-0.03533717,-0.057793617,-0.2858792,-0.051442407,-0.005150914,-0.34828734,-0.0636517,-0.10354537,-0.2704856,-0.017794888,-0.1452116,-0.32411104,-0.06591445,-0.12885493,-0.23628113,-0.09435313,-0.10943115,-0.16699296,-0.10448455,-0.05356759,-0.2882105,-0.025308993,-0.10038054,-0.36285418,-0.07782828,-0.0951817,-0.26408267,-0.09148182,-0.08322883,-0.17834103,-0.083770856,-0.00017404556,-0.2830238,-0.038025405,-0.031944275,-0.29126912,-0.08134822,-0.02961433,-0.1726234,-0.071206264,-0.024140835,-0.09537625,-0.048293006,0.049206913,-0.26400435,-0.05345686,0.016410112,-0.26052293,-0.0725308,0.0130651,-0.18571597,-0.057398763,0.02035302,-0.1435216,-0.037719507
-0.07446772,-0.05210471,-0.02299547,-0.10085189,-0.18616974,-0.038478408,-0.05845034,-0.2845435,-0.055237666,-0.007255614,-0.35175955,-0.06831458,-0.11081371,-0.2653297,-0.021863693,-0.15131903,-0.3209607,-0.07135264,-0.13172826,-0.23422486,-0.10054702,-0.110940635,-0.1651991,-0.11114434,-0.05768633,-0.28742006,-0.02837632,-0.10565686,-0.36365697,-0.08234306,-0.09893346,-0.26548165,-0.09696626,-0.08697766,-0.17906165,-0.08969292,-0.0029428601,-0.2844577,-0.039807644,-0.037419856,-0.2837347,-0.08515081,-0.032968402,-0.16085517,-0.07556396,-0.027093232,-0.082484186,-0.05254094,0.046275258,-0.26690593,-0.053907104,0.009848535,-0.24700338,-0.07463494,0.0073639154,-0.1675874,-0.059785448,0.013930798,-0.12423223,-0.039898492
-0.074329376,-0.051548064,-0.021558842,-0.10116339,-0.18701363,-0.036012698,-0.058170617,-0.2848963,-0.05216256,-0.0066006184,-0.3498307,-0.064813174,-0.1076861,-0.2613873,-0.021345358,-0.14674705,-0.3173392,-0.07055553,-0.1292581,-0.22973269,-0.0990587,-0.108982414,-0.16081113,-0.10918911,-0.055804133,-0.2827509,-0.028522044,-0.103625715,-0.36343104,-0.083019115,-0.097854495,-0.2665642,-0.09733403,-0.0849067,-0.17972887,-0.08939388,-0.0014480948,-0.27999544,-0.040464304,-0.03527367,-0.28421244,-0.08513015,-0.030542195,-0.16241437,-0.075004324,-0.02355504,-0.084379375,-0.05151083,0.047537386,-0.26372164,-0.055043645,0.0120911,-0.25149477,-0.07458533,0.010609269,-0.17607093,-0.05946626,0.019113839,-0.13578385,-0.039620798
-0.07657772,-0.05279118,-0.022462822,-0.10582888,-0.18847144,-0.03782976,-0.06175673,-0.28667873,-0.054353237,-0.0067418218,-0.35011268,-0.06710257,-0.1115616,-0.27130473,-0.022969997,-0.15208852,-0.325118,-0.07206989,-0.13277912,-0.23415324,-0.10021974,-0.112455696,-0.16454428,-0.1101778,-0.058160126,-0.2905634,-0.029987447,-0.10537422,-0.36108106,-0.08387183,-0.09650934,-0.2583605,-0.09706061,-0.08400595,-0.17020649,-0.08854727,-0.003805399,-0.28671572,-0.041978467,-0.039709687,-0.28292418,-0.08672167,-0.034205258,-0.16053665,-0.077476144,-0.028498828,-0.08180028,-0.054740563,0.045501947,-0.26811194,-0.056597766,0.005675137,-0.24231374,-0.07675539,0.0046626925,-0.16041034,-0.06255223,0.012319207,-0.11428243,-0.04322378
-0.07340622,-0.04903257,-0.021844648,-0.101688504,-0.1852526,-0.036053326,-0.060926676,-0.2851746,-0.051629618,-0.011084199,-0.35235524,-0.06343102,-0.10765791,-0.27595198,-0.01920483,-0.14980227,-0.3241166,-0.068766356,-0.13207215,-0.23057494,-0.09796704,-0.112274736,-0.15844351,-0.108511575,-0.0558815,-0.29608655,-0.026211087,-0.10605946,-0.3600045,-0.08027181,-0.09739876,-0.25566202,-0.09374713,-0.08491933,-0.16817808,-0.08565163,-0.0028072596,-0.29215214,-0.038439002,-0.04267496,-0.28363955,-0.08282795,-0.03579837,-0.16075325,-0.07249711,-0.029511452,-0.08315873,-0.0495651,0.045045197,-0.2734145,-0.05347564,0.00502187,-0.24359712,-0.07355856,0.0043875575,-0.16112494,-0.05901493,0.011444867,-0.1165697,-0.039528236
-0.07516438,-0.052212298,-0.020561643,-0.10267687,-0.18800706,-0.03487539,-0.06181836,-0.2879303,-0.051090565,-0.011205792,-0.35582015,-0.06369936,-0.10411316,-0.27920634,-0.015792282,-0.14597201,-0.32365468,-0.06610535,-0.13036776,-0.23003572,-0.09632311,-0.11159432,-0.15762383,-0.107406594,-0.05332923,-0.29768258,-0.023634212,-0.10596275,-0.3580458,-0.077550046,-0.09832406,-0.25481555,-0.091632076,-0.08507955,-0.16822416,-0.08411975,-0.0016703606,-0.29318452,-0.036982417,-0.043400228,-0.28308403,-0.08109347,-0.037321866,-0.16315228,-0.071424365,-0.030478954,-0.08669329,-0.049082316,0.04512781,-0.27376205,-0.053134724,0.0037693381,-0.24458528,-0.072874404,0.0024190545,-0.16165471,-0.058580868,0.009128571,-0.11584544,-0.039371263
-0.075042725,-0.05457121,-0.022110214,-0.100536525,-0.19050127,-0.037987076,-0.058674574,-0.2897106,-0.055466365,-0.006945789,-0.3566181,-0.06909962,-0.10327041,-0.27568883,-0.02258494,-0.14377081,-0.32821542,-0.072927974,-0.1289708,-0.23238489,-0.10157515,-0.11157572,-0.15873384,-0.111531496,-0.052280843,-0.29237074,-0.029718155,-0.10267997,-0.36117178,-0.084907554,-0.09678441,-0.2560564,-0.09768744,-0.08452916,-0.16817945,-0.08898756,0.0001860857,-0.28651205,-0.04193709,-0.03884065,-0.28527597,-0.086928844,-0.03498572,-0.16280937,-0.07496074,-0.028841138,-0.08455783,-0.050529227,0.04792571,-0.26719058,-0.05684709,0.009852052,-0.2528908,-0.07596947,0.0070616603,-0.1739999,-0.059305627,0.013214052,-0.13000733,-0.038341157
-0.072736144,-0.05300182,-0.021467468,-0.10078257,-0.1869744,-0.036642022,-0.06160295,-0.2861569,-0.05343821,-0.0110529065,-0.35454828,-0.06631506,-0.10706979,-0.27564994,-0.019232633,-0.14896294,-0.32678717,-0.068228655,-0.13167691,-0.23687872,-0.09713827,-0.112960994,-0.16531265,-0.1074194,-0.05524969,-0.29354987,-0.027000137,-0.10429925,-0.36244142,-0.079315946,-0.09699386,-0.2610242,-0.09236238,-0.08531016,-0.17290926,-0.08434868,-0.001351893,-0.2883134,-0.039945453,-0.03738153,-0.28572002,-0.08344999,-0.033380568,-0.16487056,-0.07278611,-0.028471112,-0.086934686,-0.0495892,0.04866481,-0.2680822,-0.055595946,0.012384534,-0.25237098,-0.07430796,0.008844912,-0.17325848,-0.058202494,0.013381839,-0.1278556,-0.037736334
-0.0745427,-0.05408317,-0.022156393,-0.10086256,-0.18975198,-0.037974708,-0.05912018,-0.28809842,-0.05530387,-0.0065720677,-0.35417533,-0.06855025,-0.10359377,-0.27650502,-0.021294093,-0.14555332,-0.32594064,-0.07132767,-0.12884313,-0.23305488,-0.100703076,-0.11065236,-0.16137636,-0.1115313,-0.051426113,-0.2966312,-0.028343331,-0.101533234,-0.3597479,-0.08282685,-0.09478992,-0.25734058,-0.09688992,-0.08364928,-0.17122108,-0.08952131,0.0014718771,-0.292385,-0.04046298,-0.038061082,-0.2783502,-0.08355211,-0.035113096,-0.15776968,-0.07294391,-0.031297207,-0.081891,-0.050303582,0.048505068,-0.27349192,-0.05555578,0.009803891,-0.2437866,-0.07287015,0.006909609,-0.16596276,-0.057412706,0.012276828,-0.124803126,-0.037945893
-0.0749923,-0.056335866,-0.0215737,-0.09996271,-0.19256222,-0.037635352,-0.05793917,-0.2922127,-0.055399105,-0.00571537,-0.35980296,-0.06917361,-0.102752924,-0.2791063,-0.021497864,-0.14478385,-0.33181462,-0.07196358,-0.12918884,-0.2379126,-0.10133998,-0.111234725,-0.1661548,-0.11206113,-0.050358832,-0.29880178,-0.02885367,-0.10038155,-0.364461,-0.08438081,-0.094931364,-0.2600155,-0.098672874,-0.08411139,-0.17338681,-0.09105916,0.0023750067,-0.29454547,-0.041153796,-0.03982961,-0.28198835,-0.085316,-0.03734851,-0.16062504,-0.07488972,-0.03264928,-0.08461273,-0.051973585,0.049213946,-0.2765108,-0.056215376,0.007825255,-0.24694112,-0.07429975,0.005928755,-0.16927892,-0.05898441,0.013060212,-0.12885857,-0.03930602
-0.073280156,-0.05631572,-0.020487333,-0.09871149,-0.19248515,-0.03583784,-0.054807663,-0.2896965,-0.052855536,-0.0001604557,-0.35290378,-0.06598772,-0.1043697,-0.27020732,-0.023063604,-0.1425609,-0.32672718,-0.07127655,-0.12599301,-0.23448521,-0.098539256,-0.10756272,-0.16670114,-0.10856814,-0.05206263,-0.28854826,-0.031266484,-0.099324405,-0.36498886,-0.085646994,-0.09268165,-0.26045936,-0.09842518,-0.07982117,-0.1748395,-0.08991003,0.002166748,-0.2835841,-0.043963566,-0.03396994,-0.28684512,-0.08700183,-0.031518757,-0.16377264,-0.07453494,-0.02637589,-0.0868566,-0.050298575,0.05044061,-0.26573884,-0.059318017,0.014645159,-0.25327647,-0.07632255,0.010743558,-0.17725903,-0.05936397,0.017316341,-0.13766241,-0.038867857
-0.06952077,-0.050140858,-0.026786335,-0.09437448,-0.18007654,-0.044460893,-0.05165142,-0.2751895,-0.06194921,-0.0016137958,-0.34370387,-0.075083256,-0.09747714,-0.28434157,-0.024108278,-0.14185673,-0.32085288,-0.07421198,-0.12840945,-0.23223951,-0.105498366,-0.11060324,-0.16560543,-0.11876858,-0.04360354,-0.3015143,-0.030354438,-0.09481341,-0.35038605,-0.083442695,-0.09122723,-0.24957535,-0.09857617,-0.08054173,-0.1678161,-0.09359202,0.009914756,-0.2927357,-0.042260423,-0.031035185,-0.26986584,-0.084723555,-0.03225106,-0.15390646,-0.07462181,-0.029233932,-0.08390719,-0.054170866,0.05658233,-0.26774377,-0.057749677,0.016306639,-0.22539404,-0.076569915,0.011621416,-0.14810836,-0.06252148,0.017047524,-0.11219877,-0.044856686
-0.06983644,-0.044115305,-0.02901535,-0.09367931,-0.17983639,-0.046856422,-0.047028244,-0.2752884,-0.06375911,0.0060057044,-0.33763164,-0.07624695,-0.08289629,-0.29333788,-0.029141538,-0.1308403,-0.31178176,-0.07971151,-0.12465304,-0.21445358,-0.110806905,-0.1075477,-0.14248377,-0.124348976,-0.029377997,-0.30543983,-0.034768153,-0.08796954,-0.3426685,-0.08787263,-0.08937037,-0.23520038,-0.10058722,-0.07836276,-0.15311766,-0.09416581,0.021631062,-0.29052597,-0.046327453,-0.024577022,-0.25601122,-0.088032916,-0.030024469,-0.14036405,-0.074995615,-0.027168572,-0.07297778,-0.052946195,0.064410746,-0.25799885,-0.061835513,0.022098064,-0.21720952,-0.07935294,0.017157972,-0.14456677,-0.0635078,0.024421036,-0.11402768,-0.04496017
-0.075125396,-0.049497247,-0.0324306,-0.09600234,-0.18303764,-0.053472415,-0.042791545,-0.27074665,-0.072452776,0.013745546,-0.32815397,-0.086690694,-0.090902865,-0.29307985,-0.035051983,-0.13646734,-0.3088072,-0.08880273,-0.1303742,-0.21087646,-0.12461534,-0.113580614,-0.13843119,-0.14212625,-0.034128368,-0.3098033,-0.040096737,-0.08726895,-0.34072936,-0.09605979,-0.09004116,-0.23195744,-0.11276759,-0.07969046,-0.15043032,-0.109711066,0.019961596,-0.29492283,-0.050967395,-0.02202177,-0.25128788,-0.09233161,-0.030628204,-0.13461393,-0.07952766,-0.030732691,-0.068241596,-0.058904555,0.06372529,-0.2606777,-0.06641738,0.020484746,-0.20630103,-0.08374691,0.013755143,-0.13201493,-0.06757127,0.020213664,-0.10323626,-0.04940266
-0.07816696,-0.051929772,-0.033160836,-0.09742683,-0.18721455,-0.054806042,-0.041027367,-0.27450913,-0.07453418,0.01801145,-0.3311701,-0.08960408,-0.08131933,-0.29964954,-0.034866408,-0.13080016,-0.3084957,-0.08857404,-0.12784058,-0.2058984,-0.12400258,-0.111034006,-0.13325226,-0.1415008,-0.026400983,-0.31053108,-0.039946992,-0.08711672,-0.3368115,-0.09550489,-0.091503024,-0.22586507,-0.11052557,-0.07858938,-0.14734441,-0.10722917,0.025656402,-0.29153597,-0.051238794,-0.017403483,-0.2579178,-0.09306896,-0.026943326,-0.1374799,-0.076946475,-0.02519387,-0.06893134,-0.054366894,0.06843501,-0.25436935,-0.06734074,0.027176976,-0.2163322,-0.08499979,0.015692115,-0.13723832,-0.06663345,0.019640923,-0.10380465,-0.047048137
-0.07950145,-0.04871404,-0.032267667,-0.10062683,-0.18495166,-0.05277511,-0.044186115,-0.271956,-0.07128761,0.014392972,-0.32763612,-0.08528716,-0.08764452,-0.2992267,-0.033575874,-0.1368559,-0.30803072,-0.08912447,-0.13022178,-0.20825058,-0.12682587,-0.11035323,-0.1341176,-0.14548965,-0.029786408,-0.31350526,-0.0388156,-0.089437544,-0.33396128,-0.09653098,-0.09109545,-0.22203273,-0.11387002,-0.077299714,-0.1400131,-0.11106082,0.023631036,-0.29556176,-0.050244242,-0.023275614,-0.24782488,-0.09262088,-0.030064166,-0.12883914,-0.078705356,-0.027494311,-0.06098652,-0.05719948,0.065181315,-0.25834814,-0.0664797,0.018005967,-0.2001794,-0.08516657,0.011731863,-0.12275332,-0.06891603,0.019870698,-0.09230369,-0.05020125
-0.07694793,-0.050169528,-0.025960516,-0.10249925,-0.18384379,-0.044603672,-0.047105134,-0.27333713,-0.06293117,0.012564242,-0.32857448,-0.078015506,-0.08978003,-0.2975111,-0.029931791,-0.13700065,-0.30858207,-0.07915859,-0.13144454,-0.20991439,-0.11218461,-0.11167547,-0.14125425,-0.129352,-0.03243369,-0.31287315,-0.03801363,-0.093703985,-0.34219182,-0.092461914,-0.096274614,-0.22894669,-0.108808145,-0.08035451,-0.14534605,-0.10571133,0.020750642,-0.29538837,-0.050863266,-0.029714823,-0.2568058,-0.09026943,-0.035555243,-0.13612121,-0.07729266,-0.029856205,-0.06732774,-0.0572518,0.059105873,-0.25837603,-0.067613415,0.0077492595,-0.19611853,-0.084782295,0.0058650374,-0.12396097,-0.06990436,0.019799888,-0.10114813,-0.053060364
-0.07552099,-0.050511718,-0.026941918,-0.10263747,-0.18456024,-0.04423551,-0.052716672,-0.27782354,-0.06075068,0.0039359927,-0.338963,-0.0730115,-0.08730823,-0.30439073,-0.024815692,-0.13481009,-0.31064165,-0.07346083,-0.1290575,-0.21389896,-0.10677675,-0.11008036,-0.1441477,-0.123423524,-0.03363365,-0.31847104,-0.03145119,-0.09179574,-0.34381375,-0.08330937,-0.0932824,-0.23637065,-0.09903963,-0.0798533,-0.1542176,-0.09585977,0.017126024,-0.30271944,-0.04356745,-0.030568182,-0.25868082,-0.081758626,-0.036767304,-0.14533436,-0.070161715,-0.033619225,-0.079087615,-0.051024936,0.056877315,-0.26787156,-0.059912242,0.011651933,-0.20829457,-0.07542446,0.006970346,-0.13584924,-0.06073447,0.015096843,-0.10781485,-0.044070974
-0.07487142,-0.048473597,-0.02611428,-0.10201782,-0.18311125,-0.044095878,-0.054610968,-0.278244,-0.062218975,0.0009841919,-0.34002835,-0.0767804,-0.09872234,-0.29002893,-0.026369436,-0.14294761,-0.31295103,-0.07696646,-0.13367671,-0.2153554,-0.10928732,-0.11568919,-0.14472622,-0.12407232,-0.043736875,-0.30703443,-0.033568297,-0.10116291,-0.35040882,-0.088203676,-0.09992802,-0.24272329,-0.10384292,-0.08778405,-0.15812403,-0.09902558,0.009957433,-0.29637566,-0.045997035,-0.036863983,-0.26742208,-0.08761163,-0.037406623,-0.14698255,-0.0761175,-0.032799006,-0.07553846,-0.055118944,0.05453235,-0.2674884,-0.062114425,0.009173989,-0.21771437,-0.07947374,0.0061383247,-0.13902563,-0.0640571,0.014245927,-0.104904115,-0.04595789
-0.075960815,-0.051080823,-0.02622348,-0.103577316,-0.18463033,-0.04470171,-0.058122516,-0.27868214,-0.06378522,-0.003370881,-0.34355962,-0.07932283,-0.09614676,-0.28811297,-0.02553557,-0.1409432,-0.3144921,-0.078404784,-0.1333811,-0.2187128,-0.11187898,-0.11650476,-0.14677191,-0.12622832,-0.043103755,-0.30467397,-0.03237688,-0.098941684,-0.3507484,-0.08855604,-0.10003519,-0.24704677,-0.10472539,-0.08968216,-0.16177952,-0.09948783,0.008721948,-0.29472512,-0.04476866,-0.03841406,-0.262517,-0.08879967,-0.038883805,-0.14375049,-0.07868528,-0.03330362,-0.07173616,-0.05730366,0.052410424,-0.26734126,-0.0606736,0.005464494,-0.22044647,-0.07912997,0.00250113,-0.14125335,-0.06370974,0.011169612,-0.10346758,-0.04476841
-0.075671375,-0.052454412,-0.023001479,-0.10429317,-0.18527949,-0.03971355,-0.061298072,-0.28037116,-0.05750288,-0.009299159,-0.3469982,-0.0715633,-0.10187209,-0.28423122,-0.021435566,-0.14418751,-0.31725812,-0.07285777,-0.13392293,-0.22273618,-0.10525471,-0.115593076,-0.1530602,-0.11930761,-0.04825276,-0.30319822,-0.029060367,-0.10259986,-0.3532128,-0.084781416,-0.100913584,-0.24770439,-0.1006314,-0.08864498,-0.16278738,-0.095160946,0.00510031,-0.29505685,-0.041797936,-0.03997594,-0.26667362,-0.083776645,-0.03929788,-0.14552289,-0.07137608,-0.034442425,-0.07237893,-0.048988707,0.049539626,-0.2700053,-0.058026757,0.0052206516,-0.22305745,-0.07464864,0.0025316477,-0.14433616,-0.05807541,0.010831535,-0.10843539,-0.038558096
-0.07715535,-0.05056107,-0.023406412,-0.1062758,-0.18747443,-0.0387905,-0.062817514,-0.28367543,-0.05475133,-0.011475921,-0.34963882,-0.06716485,-0.10802764,-0.28225315,-0.023684576,-0.14957094,-0.3170436,-0.07461022,-0.13641858,-0.2221303,-0.106372975,-0.117396474,-0.15309483,-0.12041651,-0.052766144,-0.30484194,-0.030471392,-0.107994616,-0.35589164,-0.087323755,-0.103987634,-0.24677613,-0.10375044,-0.090916514,-0.16039383,-0.09844249,0.0015062094,-0.29909164,-0.042042956,-0.04562533,-0.2704883,-0.08528155,-0.04297793,-0.1469869,-0.07414056,-0.037388623,-0.07375878,-0.05260389,0.043954134,-0.27607292,-0.056988616,-0.00038862228,-0.2205087,-0.07610284,0.0017057657,-0.14348161,-0.062242907,0.013726234,-0.11305833,-0.04452456
-0.07122171,-0.0508219,-0.017097874,-0.10089207,-0.1871782,-0.029531263,-0.06558794,-0.28803557,-0.044272438,-0.020663202,-0.3591745,-0.056225773,-0.10463926,-0.26316723,-0.013813169,-0.14661935,-0.3179795,-0.058951117,-0.1325855,-0.2302818,-0.08519472,-0.11389133,-0.16173977,-0.09420033,-0.055934966,-0.2802434,-0.022223767,-0.11048138,-0.35595733,-0.07215314,-0.104209065,-0.25753626,-0.08556507,-0.088832796,-0.17358232,-0.07793586,-0.004847288,-0.27999973,-0.035154626,-0.05033326,-0.29955292,-0.07750424,-0.042592525,-0.18065667,-0.06834602,-0.030551195,-0.10425961,-0.04630575,0.043718934,-0.26824087,-0.04989529,-0.0027281642,-0.26153815,-0.06997205,0.00031125546,-0.18240845,-0.05604024,0.0148586035,-0.14097834,-0.037092786
-0.0780381,-0.06221509,-0.012486939,-0.10138503,-0.17852515,-0.023491768,-0.055448413,-0.26951218,-0.03903127,-0.010382533,-0.33578572,-0.053708807,-0.10389435,-0.23783544,0.006254035,-0.13444278,-0.29341632,-0.030346239,-0.12529427,-0.22555557,-0.0575514,-0.11137241,-0.16189837,-0.069472894,-0.058477283,-0.25199747,-0.0032504506,-0.10069257,-0.32513395,-0.04440121,-0.09659678,-0.24853185,-0.065292135,-0.08178449,-0.16842604,-0.0667521,-0.009298742,-0.25419703,-0.017252568,-0.04188037,-0.30223954,-0.055720367,-0.03930205,-0.19787526,-0.05541358,-0.030266166,-0.114791036,-0.041637518,0.040234745,-0.24522603,-0.032441247,-0.0050287247,-0.26060155,-0.054643385,-0.006279528,-0.18322963,-0.04533434,0.005879998,-0.12819213,-0.030368283
-0.0780381,-0.06221509,-0.012486939,-0.10138503,-0.17852515,-0.023491768,-0.055448413,-0.26951218,-0.03903127,-0.010382533,-0.33578572,-0.053708807,-0.10389435,-0.23783544,0.006254035,-0.13444278,-0.29341632,-0.030346239,-0.12529427,-0.22555557,-0.0575514,-0.11137241,-0.16189837,-0.069472894,-0.058477283,-0.25199747,-0.0032504506,-0.10069257,-0.32513395,-0.04440121,-0.09659678,-0.24853185,-0.065292135,-0.08178449,-0.16842604,-0.0667521,-0.009298742,-0.25419703,-0.017252568,-0.04188037,-0.30223954,-0.055720367,-0.03930205,-0.19787526,-0.05541358,-0.030266166,-0.114791036,-0.041637518,0.040234745,-0.24522603,-0.032441247,-0.0050287247,-0.26060155,-0.054643385,-0.006279528,-0.18322963,-0.04533434,0.005879998,-0.12819213,-0.030368283
-0.079334676,-0.061284482,-0.007265045,-0.098735005,-0.16586185,-0.014033372,-0.05332619,-0.24834362,-0.026746256,-0.014175475,-0.30861408,-0.039292496,-0.10032329,-0.21739155,0.021680584,-0.12646043,-0.2722401,-0.008874483,-0.12182051,-0.21548462,-0.034429897,-0.11135733,-0.15844756,-0.046604455,-0.05866486,-0.23008054,0.011357761,-0.09781116,-0.29967368,-0.024528204,-0.09603521,-0.23679921,-0.0485687,-0.08275509,-0.16786611,-0.054271825,-0.012630224,-0.23425153,-0.0034161822,-0.042809725,-0.28899398,-0.041040584,-0.04083711,-0.19654578,-0.046731662,-0.032297015,-0.11673182,-0.037677117,0.03514588,-0.23072994,-0.018624807,-0.010854065,-0.25239712,-0.043079812,-0.01369369,-0.17963737,-0.03804929,-0.0033947825,-0.12194377,-0.026226055
-0.07732916,-0.061734617,-0.0050041224,-0.09669107,-0.15941101,-0.009764896,-0.05873692,-0.24389195,-0.02139278,-0.02509594,-0.3045475,-0.03255532,-0.10083845,-0.20688692,0.028076,-0.12255278,-0.26678815,-0.0014307728,-0.11622316,-0.21615645,-0.026373921,-0.107328385,-0.15965235,-0.037585318,-0.06019324,-0.22194248,0.017154824,-0.093357205,-0.29433697,-0.016173394,-0.09082335,-0.23783943,-0.039233543,-0.08175075,-0.17045212,-0.044544917,-0.014560699,-0.22756872,0.0014690845,-0.042868078,-0.28213537,-0.034757834,-0.039172232,-0.19433624,-0.04077015,-0.032022297,-0.115427375,-0.03198657,0.033432424,-0.22481191,-0.0145836435,-0.008340776,-0.2532364,-0.037617408,-0.012640953,-0.18591118,-0.03251811,-0.0065740347,-0.12693101,-0.020810204
-0.07583797,-0.059851527,-0.0031511232,-0.09413093,-0.1500848,-0.0070514297,-0.057003915,-0.22892922,-0.018912412,-0.021030426,-0.2845774,-0.030661505,-0.098118484,-0.19249332,0.031272914,-0.11969015,-0.25121063,0.0021775502,-0.11438018,-0.2099871,-0.022278976,-0.10525355,-0.1578154,-0.03254835,-0.059894443,-0.20915374,0.019705566,-0.08884233,-0.28227767,-0.013389049,-0.08779514,-0.2316421,-0.036726937,-0.080231905,-0.16616613,-0.04149552,-0.01611954,-0.21596694,0.003429263,-0.04142165,-0.2678519,-0.031857513,-0.03807932,-0.1843152,-0.03943188,-0.030726075,-0.10848594,-0.030915353,0.030139267,-0.21433389,-0.013173556,-0.0064732432,-0.24608675,-0.033548813,-0.0125361085,-0.18904352,-0.029178774,-0.00864476,-0.1353929,-0.017930517
-0.075302005,-0.058921635,-0.00471108,-0.09476495,-0.15320164,-0.009720259,-0.057721317,-0.23190558,-0.022014515,-0.021467686,-0.28851026,-0.034061,-0.097240984,-0.19733292,0.025503375,-0.1213935,-0.25691184,-0.004888084,-0.11530471,-0.2116381,-0.028387917,-0.105080485,-0.15623021,-0.037484005,-0.05903566,-0.21347362,0.014167389,-0.089586794,-0.289445,-0.01951114,-0.08917236,-0.23428142,-0.04109797,-0.08177751,-0.16580486,-0.044254474,-0.01518935,-0.2194382,-0.0018530284,-0.041520834,-0.26950705,-0.037501607,-0.040423036,-0.18501455,-0.044578623,-0.034879446,-0.11152756,-0.035748098,0.031110406,-0.21727356,-0.018139757,-0.0068008304,-0.24537998,-0.03810203,-0.010165274,-0.18416852,-0.032908443,-0.0033140182,-0.13058943,-0.021182252
-0.0723266,-0.06364465,-0.00755561,-0.08907622,-0.16630453,-0.015375893,-0.044017434,-0.24587438,-0.029539725,-0.0025348663,-0.30413014,-0.043287124,-0.09161788,-0.21421456,0.017917896,-0.11784086,-0.26975456,-0.016548978,-0.1141651,-0.21457091,-0.042527102,-0.10420504,-0.154876,-0.05303544,-0.051998556,-0.22568303,0.0067785033,-0.087754965,-0.3023323,-0.029856917,-0.08703923,-0.23737475,-0.05059838,-0.07740909,-0.16507936,-0.052979764,-0.006836176,-0.22716573,-0.009207096,-0.031907678,-0.27908546,-0.046876356,-0.031862915,-0.18538433,-0.0504889,-0.02723509,-0.10758877,-0.03921579,0.040173948,-0.21976626,-0.025781723,-0.0010717511,-0.24530065,-0.046922192,-0.0065840483,-0.17659456,-0.03976766,-0.0015164614,-0.120039105,-0.026640033
-0.07302421,-0.057475865,-0.0074594,-0.09221548,-0.15803123,-0.013986237,-0.049496472,-0.23804432,-0.026802784,-0.0126799345,-0.2977765,-0.039527774,-0.094513714,-0.20811173,0.020037932,-0.12297103,-0.2672124,-0.0136934705,-0.11941299,-0.2127437,-0.03947221,-0.10830122,-0.15354389,-0.04998671,-0.053431034,-0.22143814,0.009097103,-0.09168184,-0.30001438,-0.027856393,-0.09245747,-0.23677275,-0.049505595,-0.08243877,-0.1654951,-0.052146543,-0.007853329,-0.22498268,-0.006670998,-0.037647963,-0.27966857,-0.045377616,-0.036569,-0.1853568,-0.04890722,-0.029681623,-0.10847515,-0.037214883,0.03903997,-0.21961936,-0.022943683,-0.005733192,-0.24795339,-0.046537954,-0.0080320835,-0.17668241,-0.03919677,0.0018448234,-0.11975753,-0.025167316
-0.07150388,-0.059686482,-0.009687048,-0.08924776,-0.1662792,-0.01871291,-0.04295516,-0.24749714,-0.032935772,-0.00020104647,-0.30610102,-0.046882413,-0.09095514,-0.22051749,0.010789978,-0.119220346,-0.2780825,-0.021867406,-0.11572778,-0.21671432,-0.046284396,-0.1061427,-0.15695661,-0.056892842,-0.04895985,-0.2306338,0.00079910434,-0.08673519,-0.30520546,-0.036235265,-0.086372375,-0.23677936,-0.056783836,-0.07583034,-0.16240996,-0.05924825,-0.0025037527,-0.23195949,-0.013420176,-0.032679975,-0.2875714,-0.050648514,-0.031525195,-0.19432074,-0.053358234,-0.025073051,-0.1153298,-0.04223689,0.046200633,-0.22461489,-0.028225014,0.0016252398,-0.251977,-0.051688924,-0.0021696687,-0.17818916,-0.0445427,0.0060534477,-0.11827707,-0.031163527
-0.071703374,-0.056099415,-0.011991829,-0.091025054,-0.1702326,-0.020760272,-0.04688412,-0.25551432,-0.034269,-0.004385352,-0.31660303,-0.04673098,-0.09226316,-0.22518244,0.008756162,-0.122110724,-0.28196532,-0.027217412,-0.11699402,-0.21596417,-0.052694727,-0.10665268,-0.15293866,-0.06265746,-0.04906869,-0.23748931,-0.00020502342,-0.089377105,-0.31278,-0.04015921,-0.09100264,-0.2414164,-0.0600647,-0.08151168,-0.1653539,-0.060465872,-0.0024866462,-0.23964778,-0.013986957,-0.035271764,-0.28563976,-0.053069465,-0.034612358,-0.18532163,-0.0543531,-0.028526068,-0.10579306,-0.040865786,0.045058966,-0.23176023,-0.028742125,0.0020541549,-0.25154933,-0.05137011,-0.00029420853,-0.17619383,-0.043108366,0.008562565,-0.12020832,-0.028442057
-0.06927699,-0.06266439,-0.013099266,-0.091999054,-0.19221085,-0.023815922,-0.052380264,-0.28482866,-0.038230777,-0.0049906373,-0.34757525,-0.050683033,-0.09472132,-0.25237757,-0.006083496,-0.13413286,-0.31081945,-0.047989357,-0.12451652,-0.23177043,-0.07370024,-0.10901159,-0.16594577,-0.08283389,-0.048300147,-0.2677251,-0.015737068,-0.09616053,-0.351696,-0.06200308,-0.09547329,-0.26564854,-0.07751715,-0.085707664,-0.18396294,-0.07269718,0.0016610026,-0.26676843,-0.029593265,-0.03843373,-0.29341498,-0.06993587,-0.035687625,-0.18205959,-0.06464035,-0.028125167,-0.105948985,-0.04596498,0.049477637,-0.25442857,-0.04486223,0.0048028827,-0.25559205,-0.06422672,0.003549695,-0.17855,-0.052272763,0.014589071,-0.13194174,-0.035277996
-0.06969869,-0.053435147,-0.020256137,-0.09379768,-0.18847233,-0.033855043,-0.050889134,-0.2811915,-0.049005304,0.0006489754,-0.3412936,-0.06100248,-0.0947814,-0.26100707,-0.020514742,-0.132581,-0.3112631,-0.06682686,-0.12201023,-0.22172946,-0.0939655,-0.10534909,-0.15073669,-0.10379799,-0.04499525,-0.27979338,-0.027796403,-0.09527013,-0.35666493,-0.077734314,-0.09691024,-0.2672343,-0.092592224,-0.08907539,-0.18467778,-0.08661111,0.0060482025,-0.277155,-0.0392919,-0.035600007,-0.27459803,-0.08035368,-0.036433518,-0.15750849,-0.07256016,-0.032706738,-0.081740975,-0.052360065,0.051942706,-0.2604631,-0.05324124,0.0088041425,-0.23537377,-0.07119559,0.006187856,-0.15623248,-0.05735941,0.014707029,-0.11206919,-0.03931466
-0.071308196,-0.055128098,-0.017860498,-0.095855206,-0.18911582,-0.030791713,-0.051011562,-0.28103685,-0.04571977,0.0021010637,-0.340208,-0.057571955,-0.09735641,-0.2676186,-0.017478073,-0.13634741,-0.31586635,-0.062229384,-0.12567276,-0.22712815,-0.08891422,-0.10912064,-0.1603539,-0.09922405,-0.047283232,-0.28477716,-0.025844445,-0.095870405,-0.3534344,-0.07466191,-0.09468904,-0.25807732,-0.087964654,-0.084498644,-0.17629892,-0.08155308,0.0046905875,-0.28019726,-0.03856495,-0.033994377,-0.28063142,-0.07741628,-0.033007503,-0.16419268,-0.06793863,-0.028290927,-0.089430034,-0.047631383,0.051582456,-0.26164317,-0.053787556,0.010857165,-0.23887044,-0.07094362,0.0072642565,-0.16160959,-0.057227224,0.014447331,-0.11988163,-0.039650068
-0.072536945,-0.05012244,-0.022934988,-0.0989787,-0.18137473,-0.038378127,-0.0550496,-0.27246985,-0.05415015,-0.0016000867,-0.33171415,-0.06615488,-0.09738913,-0.2770493,-0.02352324,-0.13718352,-0.31345445,-0.071691886,-0.12761322,-0.22144628,-0.101444624,-0.11093247,-0.15478498,-0.114387624,-0.045117557,-0.2951604,-0.030726852,-0.096114725,-0.34605014,-0.08209431,-0.096254915,-0.24672353,-0.096584566,-0.08617693,-0.16558784,-0.091448374,0.006172538,-0.28782517,-0.042876076,-0.03660643,-0.2642294,-0.0824223,-0.036584973,-0.14827293,-0.07269259,-0.03284341,-0.077019274,-0.05342713,0.04908836,-0.26299503,-0.058416266,0.007386267,-0.20778334,-0.076448,0.0052434206,-0.12942296,-0.06405306,0.012426496,-0.093860805,-0.048016883
-0.07005763,-0.04437369,-0.028140994,-0.09248933,-0.17901611,-0.04484544,-0.041002154,-0.26587588,-0.060054038,0.017287731,-0.31667343,-0.07141381,-0.084014535,-0.28543484,-0.029866617,-0.12751824,-0.3017347,-0.08246214,-0.11905059,-0.2020241,-0.11573711,-0.10088402,-0.13300616,-0.13093235,-0.028195977,-0.2976114,-0.03512265,-0.08515915,-0.3333271,-0.09057123,-0.08545041,-0.21838874,-0.10334214,-0.0732941,-0.13608241,-0.09634631,0.02462995,-0.28209287,-0.04616711,-0.023760796,-0.2558115,-0.08765303,-0.026330352,-0.13548738,-0.07270267,-0.022010803,-0.06591034,-0.049708527,0.06690878,-0.25043482,-0.06133385,0.022531688,-0.2019381,-0.081288405,0.018278122,-0.12427479,-0.06666658,0.027708173,-0.09305072,-0.048350357
-0.07044774,-0.047365427,-0.028158449,-0.08831072,-0.18208426,-0.044749733,-0.0373044,-0.27030042,-0.059832476,0.016830027,-0.32565147,-0.07082711,-0.07944995,-0.2931563,-0.027542707,-0.12603146,-0.30377758,-0.079106405,-0.12149173,-0.20325303,-0.113317885,-0.10550794,-0.13108379,-0.12928177,-0.025007844,-0.30437675,-0.03285009,-0.08441621,-0.33160326,-0.08574754,-0.088461876,-0.22123969,-0.09931702,-0.07978153,-0.13899434,-0.0943199,0.02521199,-0.2881062,-0.044119578,-0.024095654,-0.25460064,-0.08255495,-0.029454231,-0.13470137,-0.06737843,-0.027438581,-0.06370163,-0.045797992,0.065267265,-0.25428262,-0.059913043,0.017792344,-0.19812518,-0.077078186,0.011395574,-0.118973196,-0.061886787,0.018776417,-0.08608061,-0.044212777
-0.07735062,-0.050711095,-0.032311585,-0.09512162,-0.18409473,-0.05389336,-0.040069878,-0.26947862,-0.07286786,0.017971158,-0.32152542,-0.08713421,-0.07401639,-0.3120897,-0.038631264,-0.12514842,-0.30220336,-0.0945859,-0.122080356,-0.19792682,-0.13364951,-0.105038285,-0.12611896,-0.15429649,-0.018999994,-0.32081467,-0.04425519,-0.08433896,-0.31578353,-0.100409634,-0.08920503,-0.20176572,-0.11729508,-0.07711995,-0.12690645,-0.11632111,0.03202963,-0.29482543,-0.055708785,-0.021540463,-0.23902497,-0.0947886,-0.032642365,-0.12425774,-0.07759359,-0.03148502,-0.061798036,-0.05635896,0.070537925,-0.24865767,-0.072408035,0.022504628,-0.18530351,-0.09055535,0.015170515,-0.115593255,-0.07420806,0.024504542,-0.094640195,-0.056161262
-0.07884836,-0.05280423,-0.032203626,-0.095303774,-0.18431318,-0.052597858,-0.039535582,-0.26958248,-0.07102317,0.017592669,-0.32624128,-0.08551559,-0.07999402,-0.308087,-0.03511607,-0.13190132,-0.30306473,-0.091894485,-0.12797862,-0.2009685,-0.13210809,-0.11065486,-0.12519872,-0.15238586,-0.024467468,-0.31889892,-0.040474705,-0.08607924,-0.31863326,-0.09697797,-0.092864275,-0.20580989,-0.11526749,-0.08235705,-0.12570328,-0.1144059,0.025798142,-0.2936213,-0.052013308,-0.024252355,-0.2407046,-0.09336204,-0.037235558,-0.124632776,-0.080453396,-0.036789775,-0.05814016,-0.060965024,0.06213212,-0.24801725,-0.06857124,0.013454795,-0.17555493,-0.08908197,0.0061559677,-0.10184401,-0.07606174,0.016451001,-0.0767827,-0.059671547
-0.079420805,-0.052232027,-0.032143466,-0.10142398,-0.18841845,-0.051718935,-0.045556426,-0.2756243,-0.069803916,0.013407886,-0.328623,-0.083447404,-0.08487916,-0.3055711,-0.034355015,-0.1373201,-0.30850142,-0.09110866,-0.13184506,-0.20211583,-0.12933806,-0.11297917,-0.12264812,-0.14818533,-0.029528856,-0.32038754,-0.040312387,-0.09416133,-0.3308725,-0.09864419,-0.09810865,-0.21326864,-0.116107546,-0.08490467,-0.12782061,-0.11331884,0.020250559,-0.30035672,-0.052819815,-0.033096015,-0.24423021,-0.0963902,-0.04135126,-0.12572461,-0.08568286,-0.036860347,-0.059573054,-0.066650026,0.05557853,-0.25904474,-0.07019216,0.0025660992,-0.18070835,-0.09238647,0.0011044145,-0.10806185,-0.081990935,0.016488314,-0.08568466,-0.06745242
-0.079420805,-0.052232027,-0.032143466,-0.10142398,-0.18841845,-0.051718935,-0.045556426,-0.2756243,-0.069803916,0.013407886,-0.328623,-0.083447404,-0.08487916,-0.3055711,-0.034355015,-0.1373201,-0.30850142,-0.09110866,-0.13184506,-0.20211583,-0.12933806,-0.11297917,-0.12264812,-0.14818533,-0.029528856,-0.32038754,-0.040312387,-0.09416133,-0.3308725,-0.09864419,-0.09810865,-0.21326864,-0.116107546,-0.08490467,-0.12782061,-0.11331884,0.020250559,-0.30035672,-0.052819815,-0.033096015,-0.24423021,-0.0963902,-0.04135126,-0.12572461,-0.08568286,-0.036860347,-0.059573054,-0.066650026,0.05557853,-0.25904474,-0.07019216,0.0025660992,-0.18070835,-0.09238647,0.0011044145,-0.10806185,-0.081990935,0.016488314,-0.08568466,-0.06745242
-0.07196796,-0.047026873,-0.02385496,-0.099313706,-0.18363124,-0.038910102,-0.053099155,-0.27753514,-0.054184068,-0.0003427863,-0.33887976,-0.0658921,-0.092627585,-0.2889492,-0.022910131,-0.13805455,-0.31396264,-0.07193024,-0.12948325,-0.21740103,-0.10294262,-0.11038673,-0.14739233,-0.117151126,-0.038282394,-0.30677086,-0.029907523,-0.09712362,-0.34739375,-0.0834833,-0.09605682,-0.2380679,-0.09809743,-0.08283317,-0.15462655,-0.0927253,0.013425112,-0.29641625,-0.042144362,-0.037163556,-0.26505056,-0.08413788,-0.03754592,-0.14558399,-0.07368554,-0.03134018,-0.07620925,-0.053544525,0.05414772,-0.26862592,-0.057684746,0.0052074194,-0.21446681,-0.0777585,0.0049062967,-0.13735211,-0.06516539,0.01694268,-0.106689155,-0.048681
-0.07452005,-0.058371842,-0.019648688,-0.09946045,-0.1965397,-0.033886213,-0.05669558,-0.29463485,-0.050317723,-0.0038517714,-0.35849762,-0.06393109,-0.09830862,-0.27278936,-0.017986478,-0.14078844,-0.31962338,-0.06571589,-0.12958711,-0.22840762,-0.09410346,-0.111736596,-0.15488511,-0.10417866,-0.04863745,-0.29097512,-0.025649913,-0.10168597,-0.35987967,-0.07751523,-0.09953642,-0.26263288,-0.09192608,-0.08862573,-0.17436469,-0.08482871,0.0025007725,-0.28890875,-0.03808155,-0.04215139,-0.28777987,-0.080772914,-0.038975418,-0.16976029,-0.073496714,-0.031272173,-0.09149432,-0.05270411,0.04881525,-0.27290925,-0.052911043,0.0033283234,-0.25127643,-0.07171426,0.0024817586,-0.17143422,-0.058610845,0.012600005,-0.1259644,-0.040564626
-0.07257491,-0.055238843,-0.015952516,-0.09936142,-0.19250023,-0.027338056,-0.059698403,-0.29013208,-0.041530464,-0.008345246,-0.3535213,-0.053367104,-0.09615335,-0.26740372,-0.011850219,-0.13695502,-0.31658232,-0.05770972,-0.12683564,-0.22675347,-0.08525585,-0.11043304,-0.15399641,-0.095111996,-0.047320366,-0.28475302,-0.020833855,-0.10204518,-0.3580873,-0.07077675,-0.1006605,-0.26129702,-0.08494512,-0.08945966,-0.17403448,-0.077966385,0.0033197403,-0.2828347,-0.034427192,-0.043910086,-0.2935025,-0.076694064,-0.039316952,-0.17565173,-0.06910006,-0.030397534,-0.09710115,-0.04820037,0.04927486,-0.2676476,-0.04996512,0.0010879636,-0.25222465,-0.0699622,0.000677228,-0.17120266,-0.057122782,0.011698782,-0.12511742,-0.03905502
-0.07339126,-0.06007123,-0.016008757,-0.09970868,-0.19355738,-0.027176017,-0.059144497,-0.29143986,-0.04168663,-0.010353625,-0.3581781,-0.053733397,-0.10077816,-0.25892144,-0.00479082,-0.1373629,-0.31738582,-0.048745316,-0.12643808,-0.23265445,-0.07632043,-0.111374795,-0.16396081,-0.086559206,-0.054282427,-0.27492982,-0.013334023,-0.101487935,-0.35494757,-0.062256128,-0.09812543,-0.26035568,-0.078553714,-0.08661091,-0.1755566,-0.07337228,-0.0042257905,-0.2756619,-0.026888981,-0.043899298,-0.30532494,-0.069715634,-0.039374292,-0.18805325,-0.06426608,-0.03087908,-0.10804832,-0.044621643,0.044089258,-0.2641173,-0.0422832,0.0009940863,-0.26345176,-0.06445596,0.0002053976,-0.18224114,-0.05361275,0.010019004,-0.13433695,-0.036648523
-0.075445235,-0.068972945,-0.01563439,-0.09560192,-0.19113845,-0.029753804,-0.049567044,-0.28528723,-0.0473713,-0.0006019473,-0.35159025,-0.063135855,-0.10312042,-0.24837479,-0.0066692266,-0.13157535,-0.3076499,-0.04917249,-0.120251894,-0.23136628,-0.077693075,-0.10704428,-0.16560674,-0.0894598,-0.055140793,-0.26082775,-0.015552671,-0.095939964,-0.34271362,-0.06297533,-0.0919275,-0.2551583,-0.08134949,-0.079919815,-0.17174888,-0.079238005,-0.004568875,-0.26046047,-0.028856622,-0.03470093,-0.30375522,-0.07009061,-0.03167045,-0.19285792,-0.065147266,-0.024900198,-0.11103964,-0.04670289,0.04367286,-0.24821311,-0.043818172,0.007357478,-0.26385802,-0.06418386,0.0051244497,-0.1885733,-0.05209677,0.013098478,-0.1390655,-0.0348914
-0.07752192,-0.068971515,-0.016214373,-0.096793056,-0.18863654,-0.02966353,-0.04995817,-0.28277448,-0.046923235,-0.00041472912,-0.3478245,-0.062426683,-0.104409605,-0.24273306,-0.0029515922,-0.13338941,-0.30454808,-0.043717157,-0.123209536,-0.23126513,-0.07125967,-0.110121995,-0.16778272,-0.08255573,-0.05642569,-0.25491512,-0.011211405,-0.09724632,-0.33953577,-0.057978023,-0.09407365,-0.25568858,-0.07749193,-0.08214599,-0.1730237,-0.076204576,-0.0060782433,-0.25570703,-0.024069838,-0.036679745,-0.3028349,-0.065772675,-0.03480345,-0.19349742,-0.0632497,-0.028332949,-0.11049777,-0.04620653,0.042205095,-0.24558616,-0.038540557,0.0033791065,-0.26186728,-0.05970507,0.00041294098,-0.18753183,-0.049427807,0.008632541,-0.13620037,-0.033419605
-0.07458335,-0.0679158,-0.010927092,-0.09410679,-0.18719536,-0.021769475,-0.04978341,-0.27819595,-0.03768705,-0.002984047,-0.3420712,-0.052317448,-0.097546786,-0.24141389,0.0030419817,-0.12677574,-0.3032092,-0.035966232,-0.1185357,-0.23132372,-0.06210457,-0.105978996,-0.16643107,-0.07218684,-0.052354813,-0.25282288,-0.007495675,-0.09272447,-0.33683985,-0.050935548,-0.09015486,-0.25531927,-0.06845523,-0.07792342,-0.17299104,-0.06614426,-0.0033584833,-0.25306898,-0.0225545,-0.036790967,-0.30284977,-0.062104814,-0.03393793,-0.19581223,-0.058947973,-0.025743902,-0.113521636,-0.041929252,0.045961976,-0.24232975,-0.03877042,0.004539609,-0.2658828,-0.05950858,0.0010648966,-0.19091606,-0.048709534,0.008788526,-0.13658226,-0.032334775
-0.07743615,-0.06754762,-0.011929159,-0.09789425,-0.18572205,-0.022664294,-0.050307274,-0.2736817,-0.038399648,-0.0017954111,-0.33237958,-0.05251133,-0.100681394,-0.23567653,0.0023645847,-0.12918511,-0.30083507,-0.037237544,-0.12009072,-0.22692582,-0.06311979,-0.10640985,-0.16251957,-0.073045366,-0.05527675,-0.24782684,-0.007949656,-0.09431654,-0.336312,-0.053033922,-0.09106791,-0.25548905,-0.07100631,-0.07858515,-0.17426342,-0.068700425,-0.0055027604,-0.24856627,-0.022893148,-0.037339628,-0.29945597,-0.06388849,-0.03517121,-0.19246262,-0.061394982,-0.027832806,-0.110963166,-0.044740587,0.044685185,-0.23838818,-0.039101332,0.0033845901,-0.26021248,-0.061264917,-0.0009063482,-0.18341655,-0.05142042,0.0067665577,-0.12799358,-0.035725795
-0.074335575,-0.06915635,-0.011842106,-0.094043106,-0.18703085,-0.022425963,-0.050917387,-0.27937257,-0.037995588,-0.00455153,-0.34407762,-0.051760297,-0.099796146,-0.24179605,0.004715644,-0.12927365,-0.30541182,-0.03405753,-0.11919427,-0.23259357,-0.059630793,-0.10603815,-0.1680935,-0.06911975,-0.055009544,-0.25221822,-0.005797897,-0.09378627,-0.33550742,-0.04839661,-0.08948374,-0.25499383,-0.06504766,-0.07755405,-0.17448485,-0.0622577,-0.006199181,-0.2517589,-0.021246351,-0.03737551,-0.30213642,-0.060240448,-0.034436464,-0.19765854,-0.05635193,-0.027419865,-0.11769098,-0.03913499,0.043682396,-0.23963389,-0.03803146,0.0040043592,-0.267309,-0.057992753,0.0013914704,-0.19198358,-0.045895405,0.009118497,-0.13642234,-0.028774992
-0.074270725,-0.0666886,-0.013091245,-0.09406766,-0.18514585,-0.024615223,-0.050828338,-0.27906093,-0.04048607,-0.0027867556,-0.34332663,-0.054603558,-0.09913972,-0.23788607,-4.6055524e-05,-0.12768716,-0.30199426,-0.04003983,-0.11820376,-0.23100448,-0.06591294,-0.10560691,-0.16733575,-0.075337514,-0.053262293,-0.24946195,-0.00980335,-0.09118873,-0.3384994,-0.053323805,-0.08907586,-0.25983155,-0.06988711,-0.07846081,-0.17921454,-0.066629484,-0.003944814,-0.24948618,-0.024220673,-0.034820616,-0.29853034,-0.06363297,-0.033270538,-0.19371825,-0.059504848,-0.026954591,-0.1144923,-0.04167435,0.045737028,-0.23773599,-0.039975367,0.0072419047,-0.2647246,-0.059153248,0.003787458,-0.19218904,-0.046729513,0.010768712,-0.13972616,-0.029381286
-0.07105702,-0.06176251,-0.013254511,-0.09096104,-0.18271267,-0.024441004,-0.04774928,-0.2756189,-0.040083516,-0.0024901628,-0.3405871,-0.054214638,-0.09663591,-0.23848107,-0.00077141967,-0.12560719,-0.30278456,-0.042440206,-0.1167531,-0.2298742,-0.06892049,-0.10340333,-0.16368896,-0.07817847,-0.050482094,-0.25030497,-0.010962,-0.08873433,-0.3415448,-0.056721788,-0.08755195,-0.25942838,-0.07348012,-0.0771417,-0.1763547,-0.069306396,-0.0008639097,-0.2495434,-0.025941098,-0.031752586,-0.2985394,-0.06753197,-0.030397713,-0.18928069,-0.0631781,-0.024364948,-0.10930151,-0.04439768,0.048515797,-0.23732671,-0.042186722,0.0098257065,-0.2626203,-0.06311017,0.006250143,-0.18743247,-0.05061909,0.013146579,-0.13501894,-0.032642588
-0.06871426,-0.059260666,-0.014603476,-0.08971965,-0.19021219,-0.026043275,-0.045578003,-0.28539938,-0.040303417,0.004957676,-0.34881264,-0.05258496,-0.09545326,-0.2471033,-0.010225895,-0.1266858,-0.3145424,-0.05125289,-0.11784786,-0.23741445,-0.076383464,-0.10541296,-0.16982967,-0.08513442,-0.046489537,-0.25941136,-0.018959472,-0.08762312,-0.35177413,-0.064541906,-0.08757961,-0.2659074,-0.079724714,-0.07860714,-0.18065041,-0.07465214,0.005398929,-0.25750747,-0.031661287,-0.026054084,-0.29584998,-0.07168698,-0.025621653,-0.18145615,-0.065661594,-0.021092534,-0.09980571,-0.046261277,0.054759324,-0.24548432,-0.045702685,0.014773548,-0.25876573,-0.06507133,0.010743916,-0.18051332,-0.052073665,0.01816833,-0.13080299,-0.034269784
-0.06998533,-0.059937596,-0.013331513,-0.09263009,-0.1885246,-0.024494667,-0.050058782,-0.28270552,-0.03960258,0.00015342236,-0.34400633,-0.052932046,-0.09379369,-0.25016665,-0.006567813,-0.12701392,-0.30999008,-0.05152649,-0.11837447,-0.22990635,-0.07961699,-0.103785425,-0.15996689,-0.08953831,-0.04523444,-0.26221803,-0.017181601,-0.087884605,-0.3541062,-0.0666563,-0.08981913,-0.268584,-0.08328101,-0.080909014,-0.18259388,-0.07791964,0.00622344,-0.2577793,-0.032178294,-0.02827239,-0.29271618,-0.076109454,-0.028343081,-0.17807657,-0.06989418,-0.02286321,-0.09743792,-0.048777655,0.054787338,-0.2416096,-0.048443023,0.01398766,-0.25769007,-0.06944218,0.010223448,-0.17994809,-0.055024654,0.018814981,-0.12996846,-0.03524704
-0.07220775,-0.053726196,-0.02006171,-0.09699938,-0.19112825,-0.034199778,-0.053227007,-0.2868391,-0.050379064,-5.2511692e-05,-0.34817308,-0.063678555,-0.09539342,-0.2685361,-0.019064425,-0.132844,-0.3210108,-0.067830905,-0.12462208,-0.2308037,-0.09697314,-0.109788865,-0.16028327,-0.108106285,-0.04481983,-0.28359953,-0.02726508,-0.094011664,-0.35823214,-0.081039175,-0.095488966,-0.26117465,-0.09604954,-0.08611953,-0.17632717,-0.08928904,0.0070361495,-0.2776564,-0.040317018,-0.034685135,-0.28359157,-0.08480649,-0.03538853,-0.16373748,-0.07572288,-0.030452609,-0.08578992,-0.053502645,0.054348767,-0.2591824,-0.055758573,0.011075854,-0.24444956,-0.076639734,0.0064225197,-0.16392565,-0.06239845,0.013688266,-0.11919993,-0.043156967
-0.07321459,-0.05371052,-0.022832848,-0.098468244,-0.18663234,-0.03911992,-0.054035306,-0.27867925,-0.056384217,0.0010635257,-0.33741945,-0.069978185,-0.09311086,-0.28138992,-0.02262529,-0.13294753,-0.31847653,-0.073422536,-0.1224086,-0.223587,-0.1046957,-0.10613686,-0.15075284,-0.117625885,-0.039841235,-0.2972364,-0.03030419,-0.091492414,-0.3531373,-0.08500842,-0.09066194,-0.25315404,-0.100726925,-0.082057774,-0.16900754,-0.09520782,0.012289286,-0.28828877,-0.043051127,-0.0319919,-0.2718031,-0.08618418,-0.03285873,-0.15299708,-0.076192476,-0.031364083,-0.07820141,-0.054841273,0.057017624,-0.26359197,-0.058916304,0.013469338,-0.22553441,-0.07821938,0.008121312,-0.14621985,-0.063693054,0.012212455,-0.105896235,-0.04499387
-0.07390994,-0.052330017,-0.022022069,-0.09901756,-0.1868329,-0.03761443,-0.056289196,-0.28101003,-0.054584555,-0.0031793118,-0.34174785,-0.067682676,-0.09362918,-0.28155866,-0.021446522,-0.13529599,-0.3240118,-0.070957586,-0.12569249,-0.22996822,-0.10030181,-0.11065504,-0.1594379,-0.11189127,-0.04110074,-0.29791167,-0.028785458,-0.09325057,-0.35173595,-0.08277244,-0.09223527,-0.24953261,-0.09667805,-0.08277762,-0.16656882,-0.08986302,0.010808945,-0.28969425,-0.04133251,-0.035384417,-0.27187616,-0.08325259,-0.035694063,-0.15471876,-0.072467506,-0.032061934,-0.08173782,-0.05081375,0.055356503,-0.2663547,-0.05697179,0.01124537,-0.23101202,-0.07520937,0.0073703527,-0.15651083,-0.061080866,0.01406914,-0.12011808,-0.042858876
-0.0709942,-0.049317837,-0.026365122,-0.09459782,-0.18284649,-0.0442796,-0.044373035,-0.27324796,-0.062251315,0.009803593,-0.3319537,-0.07670717,-0.08826724,-0.28971717,-0.026899414,-0.13082525,-0.31566533,-0.07764779,-0.12447685,-0.21603042,-0.11003432,-0.10796097,-0.14350522,-0.12506142,-0.031717837,-0.3038876,-0.03355199,-0.08674252,-0.34569743,-0.08990092,-0.0893507,-0.23711538,-0.10688467,-0.07937664,-0.15197802,-0.10273641,0.021416008,-0.29104608,-0.045364063,-0.027938783,-0.259838,-0.08788572,-0.03201121,-0.13776219,-0.07713628,-0.030334711,-0.06488055,-0.05661949,0.063834906,-0.2620225,-0.06072609,0.015623629,-0.2052669,-0.079286925,0.01136905,-0.12742352,-0.06482945,0.018270016,-0.09507549,-0.047182813
-0.07442129,-0.0508579,-0.027023036,-0.09818745,-0.18822598,-0.044374373,-0.046458125,-0.27946752,-0.0612257,0.0077552795,-0.3385785,-0.074639186,-0.08719581,-0.30156887,-0.026744833,-0.1332644,-0.3192554,-0.07677244,-0.1286462,-0.21990341,-0.10987159,-0.11192417,-0.14694828,-0.1260119,-0.029198885,-0.31572327,-0.0330289,-0.08798486,-0.34729293,-0.08874859,-0.09170109,-0.23784223,-0.10662376,-0.08108491,-0.15308577,-0.10397066,0.023360133,-0.30079105,-0.044520628,-0.029500008,-0.26134354,-0.08646884,-0.03529972,-0.1407476,-0.07659942,-0.03353411,-0.06959456,-0.05767758,0.062325716,-0.26853573,-0.05972115,0.012589395,-0.20505917,-0.07932611,0.009196579,-0.12772685,-0.06646531,0.017460287,-0.09870201,-0.050306734
-0.07126552,-0.050076187,-0.027901022,-0.092598796,-0.1830123,-0.046022907,-0.041336298,-0.27100098,-0.062667444,0.013638556,-0.3301754,-0.07568795,-0.08247888,-0.3041138,-0.029852483,-0.12732887,-0.305435,-0.07998563,-0.12455183,-0.20689392,-0.11452729,-0.1083214,-0.13520116,-0.13200036,-0.025938272,-0.3153859,-0.03638225,-0.084516525,-0.3310359,-0.0897814,-0.089479566,-0.21962255,-0.10633846,-0.07859564,-0.13703454,-0.103760056,0.02597773,-0.29639912,-0.048112698,-0.02307266,-0.24735865,-0.08752104,-0.032499194,-0.12887365,-0.07538356,-0.03226149,-0.060233295,-0.0559306,0.06440908,-0.25883394,-0.0640295,0.017787874,-0.1889162,-0.081306554,0.009101212,-0.11032075,-0.06654255,0.013826132,-0.08147043,-0.04942745
-0.07679355,-0.049190104,-0.030586198,-0.0970476,-0.1830681,-0.049801964,-0.043548882,-0.27171254,-0.06766372,0.011269808,-0.3302433,-0.08144605,-0.07798666,-0.30988383,-0.03266126,-0.13071689,-0.30993313,-0.08684789,-0.12795672,-0.20596683,-0.12300229,-0.110482216,-0.12977701,-0.14052323,-0.0226807,-0.32085675,-0.038328353,-0.085594475,-0.3278445,-0.09479968,-0.0908944,-0.21266013,-0.1109485,-0.080578625,-0.12870204,-0.10746135,0.026126385,-0.2997055,-0.05018763,-0.030160248,-0.24370983,-0.09314478,-0.038185835,-0.12621343,-0.08228391,-0.03528565,-0.0597564,-0.0629416,0.060642183,-0.2588396,-0.0664803,0.009573102,-0.18601632,-0.08777669,0.005646467,-0.11203325,-0.07624568,0.015911281,-0.086869895,-0.060585245
-0.08110505,-0.052191317,-0.029146645,-0.09885442,-0.18532145,-0.04926597,-0.040557265,-0.27063066,-0.06772935,0.01587224,-0.32584935,-0.08290691,-0.073729634,-0.31426966,-0.037842844,-0.130232,-0.30307874,-0.089369446,-0.13019904,-0.19949919,-0.12566668,-0.11095303,-0.1285544,-0.14574386,-0.015478194,-0.3211026,-0.04456602,-0.087495685,-0.31418243,-0.099207275,-0.09477189,-0.20164323,-0.116443835,-0.08026087,-0.12620258,-0.11648509,0.033982456,-0.2926826,-0.05623635,-0.027142644,-0.23534763,-0.09475327,-0.038195908,-0.12070376,-0.08096791,-0.03386432,-0.058018982,-0.06270423,0.0658775,-0.24579719,-0.07244272,0.010421693,-0.16957194,-0.09159215,0.0055689216,-0.10133201,-0.07883656,0.018592477,-0.084412575,-0.06389147
-0.07840735,-0.04786855,-0.030498557,-0.095856935,-0.18471164,-0.05136109,-0.039742947,-0.27502188,-0.07029561,0.01399982,-0.3353849,-0.08573794,-0.069483995,-0.3165639,-0.04063482,-0.12850493,-0.30462322,-0.09719369,-0.12755579,-0.19505382,-0.13531187,-0.108370245,-0.11558324,-0.15448779,-0.01215595,-0.32228294,-0.047005292,-0.08708978,-0.32006943,-0.10486504,-0.09502244,-0.20000976,-0.1209245,-0.082623184,-0.11655849,-0.11829882,0.03718567,-0.29417205,-0.058961358,-0.026008606,-0.23331493,-0.100351244,-0.036890924,-0.113256454,-0.084906794,-0.032212794,-0.04665649,-0.06369273,0.07094574,-0.24660066,-0.075504564,0.013484478,-0.17605627,-0.095023595,0.0074725747,-0.10308039,-0.07999344,0.020112813,-0.08086884,-0.062415566
-0.07571405,-0.047378838,-0.025509693,-0.097889334,-0.17909849,-0.044183254,-0.04573697,-0.27125895,-0.062002864,0.009213865,-0.330983,-0.076826334,-0.082683444,-0.30590498,-0.034655035,-0.12951031,-0.30507168,-0.0864191,-0.12800536,-0.2013551,-0.12115544,-0.10973701,-0.12822777,-0.13923149,-0.022691667,-0.3156151,-0.04266776,-0.09093088,-0.33125535,-0.09952172,-0.09744272,-0.21314216,-0.11585443,-0.08285189,-0.12736112,-0.1123544,0.03000766,-0.29186776,-0.055115007,-0.032283723,-0.24243906,-0.09649886,-0.040171683,-0.12226504,-0.08264255,-0.033885896,-0.05269599,-0.061361093,0.06522614,-0.2485516,-0.07126727,0.0076655746,-0.18011808,-0.09126157,0.005015373,-0.11107266,-0.07690268,0.019469976,-0.089752495,-0.05928919
-0.07382262,-0.051518917,-0.022824306,-0.09796396,-0.1842233,-0.04114653,-0.051028967,-0.28106487,-0.059786506,-0.0010014176,-0.34748474,-0.07539677,-0.08355534,-0.3003834,-0.02954543,-0.1321199,-0.32203728,-0.08105139,-0.13039649,-0.22260821,-0.114203386,-0.11422798,-0.14937443,-0.13061018,-0.026765108,-0.31570923,-0.038783066,-0.09370214,-0.34607232,-0.09617761,-0.0974319,-0.23130411,-0.11278143,-0.08290446,-0.14438415,-0.109121315,0.024122477,-0.300915,-0.05255347,-0.040931284,-0.25694963,-0.09565108,-0.043411672,-0.13765794,-0.0838466,-0.03493774,-0.0686515,-0.06362449,0.05938804,-0.26686212,-0.0694896,0.0018708706,-0.20068365,-0.09108109,0.0059372187,-0.13161224,-0.07811999,0.022515833,-0.10987854,-0.061567165
-0.07028562,-0.050342143,-0.022296542,-0.09392983,-0.18375027,-0.0390071,-0.04795426,-0.27924255,-0.05632076,-0.0008623004,-0.3474201,-0.070712164,-0.07827729,-0.30231676,-0.023442173,-0.13051584,-0.32404137,-0.07235302,-0.12783289,-0.22602391,-0.10347353,-0.11081949,-0.15546793,-0.11807462,-0.022521496,-0.3155827,-0.03194912,-0.091300786,-0.35147116,-0.08603788,-0.09494811,-0.2401379,-0.101534314,-0.08200514,-0.15610307,-0.09725749,0.027152061,-0.30026704,-0.045291886,-0.03913778,-0.26869255,-0.08746334,-0.04120481,-0.14892352,-0.076491445,-0.03265822,-0.080025375,-0.056669008,0.06318116,-0.2672347,-0.061555624,0.0037279725,-0.21070647,-0.08289225,0.005010247,-0.13604558,-0.07030124,0.019786179,-0.1092996,-0.053908333
-0.07444537,-0.05774939,-0.018076256,-0.100284755,-0.19415331,-0.03143176,-0.06070417,-0.29097357,-0.047605447,-0.010307312,-0.35318986,-0.061215192,-0.08939892,-0.28041333,-0.012828724,-0.13647068,-0.327463,-0.060157128,-0.13110518,-0.23580939,-0.08874137,-0.11581096,-0.16160804,-0.099163115,-0.03948331,-0.29698426,-0.02200804,-0.09924796,-0.36004,-0.07416154,-0.10264242,-0.2641669,-0.09025466,-0.09515312,-0.17853546,-0.08442636,0.009047449,-0.2931781,-0.036260236,-0.048678756,-0.2830068,-0.08031318,-0.04780245,-0.16574556,-0.07506309,-0.040779233,-0.08977437,-0.055763118,0.051350713,-0.27403912,-0.05267343,-0.005568683,-0.24126387,-0.07333257,-0.0055012703,-0.1586237,-0.061489653,0.0059986115,-0.11268878,-0.044226065
-0.074171424,-0.068041205,-0.014284464,-0.097468734,-0.20033848,-0.027070124,-0.057298064,-0.29511347,-0.043634977,-0.0075962543,-0.360924,-0.058356434,-0.07573646,-0.2830509,-0.006078053,-0.12586969,-0.33062047,-0.04925792,-0.12565866,-0.24344346,-0.07662154,-0.1129452,-0.16977668,-0.08721661,-0.030025423,-0.29645142,-0.01531527,-0.096262306,-0.35410392,-0.0636482,-0.09963831,-0.25803223,-0.08012647,-0.08975369,-0.16964841,-0.076160416,0.014530003,-0.29415357,-0.029281786,-0.049798846,-0.29458457,-0.07134999,-0.046425164,-0.17841566,-0.067304164,-0.03422433,-0.09628022,-0.04951763,0.054781675,-0.2779355,-0.04508829,-0.0091359615,-0.25338477,-0.06725352,-0.008523703,-0.17118502,-0.058546413,0.005137801,-0.11934435,-0.04360536
-0.07401055,-0.06774449,-0.013117621,-0.09596953,-0.20031619,-0.025318976,-0.057515085,-0.29623905,-0.04134545,-0.0114604235,-0.36480308,-0.05571091,-0.07067108,-0.2823314,-0.0038994602,-0.1220476,-0.32566553,-0.04752793,-0.12417632,-0.23894879,-0.075304136,-0.11175293,-0.16525537,-0.086044624,-0.02487284,-0.29357934,-0.013948969,-0.093486816,-0.35105622,-0.062271535,-0.09854096,-0.25680444,-0.07921095,-0.087999344,-0.16979909,-0.07570618,0.01903665,-0.29003307,-0.028862458,-0.048355997,-0.29050273,-0.07102036,-0.045998633,-0.17882937,-0.06733551,-0.032419205,-0.1009531,-0.049933333,0.05806905,-0.27352032,-0.045377243,-0.01149708,-0.25274378,-0.06710072,-0.010933042,-0.172458,-0.058022056,0.00488919,-0.12281883,-0.04300584
-0.07623196,-0.09469062,-0.0038575118,-0.08997935,-0.22285026,-0.014063434,-0.057866037,-0.3128777,-0.031008814,-0.012407184,-0.3735084,-0.046583418,-0.04944235,-0.30143914,0.005864788,-0.10309401,-0.35108554,-0.036873866,-0.120459795,-0.2611712,-0.06445752,-0.11849129,-0.18494064,-0.07526224,-0.008676231,-0.302875,-0.00822631,-0.083604395,-0.33181486,-0.05599265,-0.091691256,-0.23075825,-0.073190905,-0.08097875,-0.14885902,-0.07164018,0.026769876,-0.29412255,-0.027044285,-0.053971052,-0.28369635,-0.06556744,-0.055036843,-0.18155807,-0.061832055,-0.040830314,-0.10752839,-0.04635092,0.057584286,-0.2757018,-0.047210768,-0.020992815,-0.26139036,-0.064275235,-0.02456075,-0.18804014,-0.05433745,-0.0110215545,-0.13826662,-0.039807
-0.07623196,-0.09469062,-0.0038575118,-0.08997935,-0.22285026,-0.014063434,-0.057866037,-0.3128777,-0.031008814,-0.012407184,-0.3735084,-0.046583418,-0.04944235,-0.30143914,0.005864788,-0.10309401,-0.35108554,-0.036873866,-0.120459795,-0.2611712,-0.06445752,-0.11849129,-0.18494064,-0.07526224,-0.008676231,-0.302875,-0.00822631,-0.083604395,-0.33181486,-0.05599265,-0.091691256,-0.23075825,-0.073190905,-0.08097875,-0.14885902,-0.07164018,0.026769876,-0.29412255,-0.027044285,-0.053971052,-0.28369635,-0.06556744,-0.055036843,-0.18155807,-0.061832055,-0.040830314,-0.10752839,-0.04635092,0.057584286,-0.2757018,-0.047210768,-0.020992815,-0.26139036,-0.064275235,-0.02456075,-0.18804014,-0.05433745,-0.0110215545,-0.13826662,-0.039807
-0.07324594,-0.10560697,0.0036989166,-0.08801937,-0.22922218,-0.0028907766,-0.0635643,-0.3192975,-0.018662127,-0.021443248,-0.38232505,-0.033869278,-0.039821208,-0.31325436,0.01847719,-0.10251129,-0.352803,-0.02373792,-0.1255858,-0.26483795,-0.051171146,-0.12511146,-0.18955398,-0.061584443,-0.0043559074,-0.3125183,0.00075349974,-0.09150475,-0.33007523,-0.045639142,-0.10570884,-0.23058832,-0.06301845,-0.0971542,-0.14963704,-0.06260914,0.026258826,-0.3008541,-0.022004146,-0.062995434,-0.27968037,-0.061691094,-0.06661224,-0.17794651,-0.0605522,-0.052820027,-0.10362196,-0.047135405,0.05313337,-0.2788839,-0.045484662,-0.029284239,-0.26117975,-0.064920366,-0.03563416,-0.18677485,-0.05762078,-0.02484268,-0.13418406,-0.044769082
-0.07056028,-0.10658741,0.0039985385,-0.08700192,-0.22989953,-0.0021524578,-0.06506199,-0.3205743,-0.016949642,-0.024409056,-0.38190985,-0.030659813,-0.035057425,-0.3107643,0.018424062,-0.10046378,-0.35076585,-0.022050988,-0.1229828,-0.26355636,-0.04885774,-0.12256077,-0.18999147,-0.059515774,-0.0007209182,-0.3103699,0.0013599478,-0.08780575,-0.32234126,-0.04348045,-0.09844655,-0.22207326,-0.06031177,-0.08938837,-0.14297122,-0.060351744,0.029127896,-0.30008185,-0.020445615,-0.06177354,-0.27993846,-0.056336153,-0.063833475,-0.18182641,-0.053089477,-0.049876273,-0.10985285,-0.04000787,0.054872155,-0.27818063,-0.043352693,-0.027198672,-0.25925368,-0.060379025,-0.032545447,-0.18549222,-0.0527036,-0.020709515,-0.13433665,-0.0404158
-0.06921935,-0.09351027,0.00062407355,-0.08510935,-0.21964204,-0.0058414387,-0.059250057,-0.31093478,-0.019862833,-0.0169245,-0.3720321,-0.03255672,-0.039371967,-0.30285934,0.013589345,-0.10091677,-0.3469528,-0.027625965,-0.12286514,-0.26007023,-0.053682502,-0.122841,-0.18631905,-0.06355647,-0.0021041036,-0.3045948,-0.0018502736,-0.08630258,-0.32102644,-0.047911085,-0.094841,-0.21813703,-0.06300471,-0.08458066,-0.13887209,-0.06084397,0.030244648,-0.29499233,-0.022314508,-0.058671594,-0.27872908,-0.059452225,-0.05914247,-0.17685193,-0.05462136,-0.0451473,-0.10553527,-0.039728854,0.059011877,-0.27340138,-0.04398269,-0.022797823,-0.25725853,-0.061510354,-0.027341366,-0.18371838,-0.05301724,-0.015788496,-0.13517767,-0.039952587
-0.07310599,-0.07827681,-0.00837263,-0.09298295,-0.21053231,-0.01838806,-0.05661601,-0.303232,-0.03368142,-0.0069446564,-0.36177874,-0.047672223,-0.058366597,-0.28772363,0.0015329865,-0.1119093,-0.3311157,-0.043486748,-0.12190509,-0.24336374,-0.07165086,-0.115086645,-0.16959727,-0.08204429,-0.017769575,-0.2944799,-0.011301205,-0.088024855,-0.35310912,-0.060378738,-0.09956437,-0.2568732,-0.07727614,-0.093996525,-0.1699037,-0.07331616,0.022188187,-0.28949067,-0.02899345,-0.04985541,-0.28537083,-0.07098108,-0.05095285,-0.17558753,-0.06822647,-0.038830698,-0.100618005,-0.051349953,0.058369994,-0.2729165,-0.048127346,-0.013517797,-0.2536406,-0.0683002,-0.0133827925,-0.17589164,-0.059301388,0.0026991963,-0.12777483,-0.04446835
-0.07310599,-0.07827681,-0.00837263,-0.09298295,-0.21053231,-0.01838806,-0.05661601,-0.303232,-0.03368142,-0.0069446564,-0.36177874,-0.047672223,-0.058366597,-0.28772363,0.0015329865,-0.1119093,-0.3311157,-0.043486748,-0.12190509,-0.24336374,-0.07165086,-0.115086645,-0.16959727,-0.08204429,-0.017769575,-0.2944799,-0.011301205,-0.088024855,-0.35310912,-0.060378738,-0.09956437,-0.2568732,-0.07727614,-0.093996525,-0.1699037,-0.07331616,0.022188187,-0.28949067,-0.02899345,-0.04985541,-0.28537083,-0.07098108,-0.05095285,-0.17558753,-0.06822647,-0.038830698,-0.100618005,-0.051349953,0.058369994,-0.2729165,-0.048127346,-0.013517797,-0.2536406,-0.0683002,-0.0133827925,-0.17589164,-0.059301388,0.0026991963,-0.12777483,-0.04446835
-0.06854379,-0.06040579,-0.013042397,-0.08949709,-0.18971848,-0.024236066,-0.048603058,-0.28057665,-0.038676552,0.00037258863,-0.34070334,-0.0511432,-0.08639306,-0.2629576,-0.0074661877,-0.12387633,-0.30883414,-0.051736835,-0.11670646,-0.22073758,-0.079673335,-0.102181554,-0.14834869,-0.09019213,-0.039308965,-0.27810997,-0.01769433,-0.09028572,-0.34904647,-0.06563537,-0.090248525,-0.2553741,-0.08083287,-0.07994431,-0.16970658,-0.07524371,0.009473264,-0.27476713,-0.032262538,-0.0358755,-0.28471476,-0.07221889,-0.03403014,-0.17111516,-0.06550405,-0.027431786,-0.09496176,-0.04607884,0.054160953,-0.25796488,-0.048588958,0.0060710907,-0.24253517,-0.06730036,0.0040391684,-0.16303223,-0.054679647,0.013299525,-0.11694729,-0.037157606
-0.0679428,-0.05482334,-0.018167857,-0.091763675,-0.18684244,-0.030040005,-0.04991132,-0.28055632,-0.043888476,0.0004299879,-0.33774462,-0.054327,-0.09607965,-0.25504708,-0.014245198,-0.12924969,-0.3123073,-0.057428878,-0.11441061,-0.22794032,-0.08315959,-0.098584354,-0.16090113,-0.09252447,-0.04679191,-0.2676358,-0.021507869,-0.085014224,-0.34353712,-0.069164954,-0.07989925,-0.24924842,-0.081815496,-0.069501996,-0.1674648,-0.07493601,0.004784584,-0.26034194,-0.03349908,-0.02369076,-0.2856605,-0.073047735,-0.023230255,-0.17339808,-0.0637358,-0.019941032,-0.09798533,-0.042786922,0.05259484,-0.24069625,-0.047715154,0.020887852,-0.24768406,-0.06643927,0.0173316,-0.17754269,-0.053491015,0.024056792,-0.13784397,-0.036032107
-0.068769336,-0.057201624,-0.017879833,-0.0912171,-0.18850082,-0.029534431,-0.047783256,-0.28129813,-0.042941727,4.953146e-05,-0.34008658,-0.053442992,-0.09731907,-0.2563436,-0.012315827,-0.12666965,-0.31447482,-0.05464406,-0.11264902,-0.23213363,-0.08108319,-0.098019004,-0.16623855,-0.09137191,-0.04672849,-0.26854375,-0.01975292,-0.08295131,-0.34662515,-0.067060046,-0.07918507,-0.25502384,-0.08178837,-0.06838828,-0.17376703,-0.0764944,0.005361259,-0.26103944,-0.031675916,-0.021291733,-0.28995687,-0.07168808,-0.021218956,-0.17735398,-0.06352043,-0.01831919,-0.10133934,-0.043349113,0.05264306,-0.24100867,-0.0456317,0.01967293,-0.24535108,-0.06586561,0.016791403,-0.17119062,-0.05302005,0.024512053,-0.13002515,-0.03530058
-0.067000985,-0.061924696,-0.01771886,-0.08764082,-0.19161808,-0.030295365,-0.04112321,-0.280878,-0.044914633,0.0077177286,-0.33719736,-0.05671312,-0.09908217,-0.2409792,-0.015270255,-0.1239782,-0.3126236,-0.055206727,-0.11167574,-0.23605621,-0.079001054,-0.097939104,-0.17408949,-0.08794105,-0.049509943,-0.25156826,-0.022663161,-0.08047634,-0.34456122,-0.06802219,-0.076166034,-0.25721735,-0.081098735,-0.06455231,-0.17804432,-0.07512432,0.0023058057,-0.24417403,-0.034104,-0.016701102,-0.2940279,-0.07236177,-0.01646918,-0.18297154,-0.063202,-0.013837874,-0.10452646,-0.04253222,0.05059582,-0.22590101,-0.047447316,0.02508825,-0.25065932,-0.06569151,0.021444082,-0.18118203,-0.05199956,0.027068973,-0.13863999,-0.034304317
-0.067000985,-0.061924696,-0.01771886,-0.08764082,-0.19161808,-0.030295365,-0.04112321,-0.280878,-0.044914633,0.0077177286,-0.33719736,-0.05671312,-0.09908217,-0.2409792,-0.015270255,-0.1239782,-0.3126236,-0.055206727,-0.11167574,-0.23605621,-0.079001054,-0.097939104,-0.17408949,-0.08794105,-0.049509943,-0.25156826,-0.022663161,-0.08047634,-0.34456122,-0.06802219,-0.076166034,-0.25721735,-0.081098735,-0.06455231,-0.17804432,-0.07512432,0.0023058057,-0.24417403,-0.034104,-0.016701102,-0.2940279,-0.07236177,-0.01646918,-0.18297154,-0.063202,-0.013837874,-0.10452646,-0.04253222,0.05059582,-0.22590101,-0.047447316,0.02508825,-0.25065932,-0.06569151,0.021444082,-0.18118203,-0.05199956,0.027068973,-0.13863999,-0.034304317
-0.068974376,-0.060896456,-0.01911727,-0.08869809,-0.18554848,-0.032276552,-0.041767538,-0.2762227,-0.047701754,0.0038141608,-0.33673355,-0.06006093,-0.103503525,-0.23882589,-0.010816901,-0.12546122,-0.30345643,-0.050366484,-0.111074656,-0.23042056,-0.07654505,-0.095312655,-0.16673589,-0.08755052,-0.05570805,-0.24926683,-0.017697208,-0.08557314,-0.3357928,-0.061854936,-0.07889229,-0.2561915,-0.078561224,-0.06456542,-0.17972755,-0.07641605,-0.0043972135,-0.24264243,-0.029034069,-0.01777494,-0.2948423,-0.06778267,-0.018350005,-0.1859603,-0.06155553,-0.016688645,-0.104328334,-0.043317933,0.04412365,-0.22496963,-0.04247786,0.025566101,-0.25395885,-0.062315304,0.018980622,-0.18648183,-0.050579127,0.01989609,-0.14110118,-0.03435777
-0.068577886,-0.059567332,-0.017190905,-0.0883044,-0.18193012,-0.02820451,-0.042662263,-0.268443,-0.04221282,1.23381615e-05,-0.329023,-0.0534614,-0.10055223,-0.23271567,-0.003324222,-0.123740256,-0.29773855,-0.04180091,-0.11026931,-0.22970429,-0.06759857,-0.095635355,-0.16862267,-0.077966295,-0.053534508,-0.24484253,-0.010864496,-0.08267087,-0.33245486,-0.054998096,-0.07899535,-0.25999856,-0.073196165,-0.06740016,-0.18563998,-0.071397595,-0.003166318,-0.24051708,-0.02314001,-0.019890249,-0.29102015,-0.06313811,-0.020289958,-0.1830551,-0.059311662,-0.018706143,-0.1021291,-0.041905433,0.045431376,-0.22555402,-0.03722322,0.021599114,-0.2520942,-0.058649953,0.015790045,-0.18258572,-0.04796725,0.01775527,-0.13520294,-0.031825315
-0.069517195,-0.06267053,-0.015960936,-0.088674545,-0.18465102,-0.025140308,-0.041690648,-0.26996106,-0.0376555,0.004503548,-0.32564476,-0.047536932,-0.098225236,-0.22751284,0.0003354761,-0.120910436,-0.2931916,-0.03505561,-0.10758853,-0.22631118,-0.05859824,-0.093708515,-0.16620916,-0.067572586,-0.051344335,-0.2381472,-0.0062199715,-0.0790025,-0.3285436,-0.046733443,-0.07638049,-0.25677654,-0.063615106,-0.06644434,-0.18158656,-0.061261088,-0.0023454428,-0.2332226,-0.017487537,-0.017730772,-0.28828117,-0.054406874,-0.019775152,-0.18436223,-0.052028283,-0.01913786,-0.10303581,-0.03593563,0.04450655,-0.21741864,-0.030497797,0.02285844,-0.24785691,-0.04986603,0.01564467,-0.18611002,-0.041225567,0.015532374,-0.13969463,-0.02685089
-0.06588286,-0.06329763,-0.015465142,-0.08505666,-0.18592644,-0.02702488,-0.043327153,-0.2765244,-0.041374028,0.0059057474,-0.3335353,-0.05291775,-0.0971216,-0.23584515,-0.010130802,-0.120868474,-0.30514106,-0.05087,-0.105969995,-0.23161441,-0.07554307,-0.09260827,-0.16839302,-0.08390724,-0.04948491,-0.24580297,-0.01829852,-0.07919288,-0.3391657,-0.06285264,-0.07521677,-0.2589235,-0.07681044,-0.067471266,-0.1792047,-0.07119843,0.0013533831,-0.24020684,-0.03065232,-0.019211054,-0.2856904,-0.069773346,-0.018562913,-0.18038839,-0.06302623,-0.016759276,-0.10412192,-0.043120317,0.050144494,-0.2236301,-0.044540524,0.024029016,-0.25029933,-0.062480103,0.018930733,-0.18213111,-0.048967026,0.021971762,-0.13617617,-0.03091347
-0.06318033,-0.060439825,-0.01571124,-0.07989186,-0.18882996,-0.02779635,-0.03703159,-0.2757175,-0.042681545,0.011725187,-0.33365542,-0.05543451,-0.08171743,-0.25762,-0.012579332,-0.113111615,-0.31518996,-0.05442289,-0.107219756,-0.23564285,-0.07957677,-0.09756076,-0.16701716,-0.0880284,-0.033680797,-0.2660786,-0.021243224,-0.07204032,-0.34845155,-0.065696485,-0.075482905,-0.2628104,-0.07889022,-0.07111472,-0.17813796,-0.07282847,0.016544938,-0.2564315,-0.034154426,-0.012049556,-0.28256,-0.073102966,-0.015905261,-0.17257893,-0.066341765,-0.014893889,-0.09486872,-0.046841543,0.064267695,-0.23464787,-0.0486719,0.030240536,-0.24625203,-0.06691483,0.022791862,-0.17323166,-0.053499635,0.026187658,-0.12523508,-0.035545755
-0.05986321,-0.049396336,-0.019757465,-0.07687855,-0.18033451,-0.03264604,-0.03365487,-0.26876217,-0.047073234,0.012460887,-0.32836723,-0.058173686,-0.084821224,-0.2514969,-0.017107807,-0.11230615,-0.31181657,-0.060062904,-0.10568774,-0.23016226,-0.08457133,-0.094711244,-0.16450238,-0.09295373,-0.035912037,-0.26046202,-0.023957737,-0.069603026,-0.34477425,-0.070291944,-0.07243651,-0.25458512,-0.08146267,-0.06664795,-0.17294526,-0.073334545,0.015143573,-0.24990728,-0.035548452,-0.010068417,-0.27619097,-0.07350571,-0.0130928755,-0.16569912,-0.06297564,-0.0112249255,-0.093280375,-0.04138381,0.06388497,-0.2286019,-0.04944831,0.034459114,-0.23901793,-0.06630642,0.028862298,-0.17291039,-0.05179108,0.033700287,-0.13597578,-0.033371918
-0.066480756,-0.057135344,-0.024184367,-0.079471886,-0.19178206,-0.03965559,-0.027056396,-0.27306414,-0.05507817,0.028279483,-0.32388562,-0.06677674,-0.07591832,-0.2847321,-0.021977799,-0.11149937,-0.3157927,-0.068329714,-0.1042099,-0.22257221,-0.09780499,-0.089936435,-0.15340567,-0.110585526,-0.02221328,-0.29486054,-0.027608339,-0.06534737,-0.3404255,-0.07835176,-0.06863999,-0.23514357,-0.092283316,-0.061781287,-0.15198928,-0.086589046,0.02852583,-0.2798237,-0.03842496,-0.00715822,-0.26237023,-0.07797838,-0.01732266,-0.14578903,-0.0675216,-0.019634366,-0.07487661,-0.047020845,0.06962049,-0.24971694,-0.052471537,0.031862438,-0.21760163,-0.069798745,0.02224058,-0.14097786,-0.055532537,0.026134849,-0.10437447,-0.037631176
-0.06815505,-0.05617565,-0.027059108,-0.08196515,-0.18944895,-0.043851893,-0.02950412,-0.2719192,-0.060030457,0.026590288,-0.32432848,-0.07208642,-0.076835096,-0.2791682,-0.026941905,-0.11557579,-0.31014496,-0.0742115,-0.10784292,-0.21743828,-0.10371043,-0.092372596,-0.1516478,-0.11704045,-0.022483826,-0.29235184,-0.03164373,-0.06791359,-0.33614802,-0.08235872,-0.07155639,-0.2323035,-0.09552708,-0.06507814,-0.15366,-0.0901402,0.02825743,-0.277807,-0.041683722,-0.010718465,-0.25143236,-0.07954113,-0.02077192,-0.13827801,-0.067759484,-0.023090541,-0.07271761,-0.047743883,0.068151236,-0.24704504,-0.055588648,0.029782236,-0.20312142,-0.07116615,0.021961331,-0.13218832,-0.057142537,0.026809812,-0.10316074,-0.040579103
-0.06851089,-0.057934165,-0.032163333,-0.07901174,-0.1878612,-0.051971626,-0.019777179,-0.26422787,-0.06981833,0.037472785,-0.31392634,-0.08382895,-0.06248653,-0.2970607,-0.03250208,-0.11090195,-0.3047306,-0.081877194,-0.11151981,-0.20841557,-0.1159276,-0.09642601,-0.13776803,-0.13340455,-0.007746041,-0.3054994,-0.036527675,-0.0653674,-0.3268082,-0.08794835,-0.07512343,-0.22111267,-0.1050105,-0.06785011,-0.14384502,-0.10430611,0.040092647,-0.28210473,-0.046096765,-0.007950008,-0.24114266,-0.08413522,-0.025153339,-0.12861997,-0.073788896,-0.029172957,-0.064180255,-0.056798216,0.07342607,-0.24161547,-0.060268626,0.02500379,-0.17987347,-0.077984944,0.011328995,-0.106280684,-0.065592326,0.014920175,-0.078256726,-0.05094357
-0.06751007,-0.05445409,-0.0309869,-0.08036059,-0.1849733,-0.05057424,-0.02352941,-0.26152867,-0.068748996,0.03391993,-0.30900815,-0.08345679,-0.06461871,-0.2924499,-0.032742728,-0.11277813,-0.29986402,-0.084073775,-0.11162126,-0.204597,-0.11917177,-0.09418076,-0.13395613,-0.13683106,-0.009762883,-0.30137694,-0.03780141,-0.06807101,-0.32782155,-0.092416786,-0.07666415,-0.22116959,-0.109354466,-0.067264855,-0.14191759,-0.10713622,0.039696157,-0.27911597,-0.04840033,-0.006927073,-0.2451581,-0.08861717,-0.021334767,-0.12841308,-0.076327994,-0.022515833,-0.059942603,-0.05650967,0.07581127,-0.2394993,-0.06356219,0.03146535,-0.18672585,-0.081505686,0.014467895,-0.10985488,-0.06722783,0.015267432,-0.07757175,-0.050515335
-0.07251096,-0.057325304,-0.033080228,-0.08469188,-0.18734246,-0.05353919,-0.023853004,-0.26349717,-0.071592465,0.037420154,-0.30855802,-0.0856092,-0.06561321,-0.29648632,-0.033614956,-0.11342788,-0.3015748,-0.083092645,-0.11486256,-0.20484549,-0.11788705,-0.098830044,-0.13742578,-0.13645935,-0.010955453,-0.30410475,-0.0369477,-0.06689876,-0.32178718,-0.08798365,-0.0763101,-0.21626002,-0.10408086,-0.066901684,-0.1429261,-0.10327836,0.037504554,-0.28075138,-0.045968585,-0.008222342,-0.24553135,-0.082165055,-0.023192108,-0.13427895,-0.06931512,-0.023922384,-0.07050365,-0.05139286,0.0727458,-0.24062064,-0.060033817,0.026920974,-0.18414605,-0.07684508,0.013258874,-0.111697674,-0.06370801,0.017840326,-0.0845989,-0.048781626
-0.06848645,-0.052804768,-0.03136861,-0.081440866,-0.1806671,-0.050441325,-0.02566415,-0.2587866,-0.06777047,0.030845046,-0.30725902,-0.08061486,-0.06836581,-0.2930988,-0.029720688,-0.11432397,-0.30407387,-0.07966658,-0.11286658,-0.20592827,-0.11278593,-0.09809768,-0.13656723,-0.12903827,-0.013421774,-0.3018108,-0.033883166,-0.06702447,-0.32532504,-0.086347915,-0.07386744,-0.21743035,-0.1017868,-0.065831006,-0.14150321,-0.09881521,0.03566104,-0.2806026,-0.043951523,-0.010951698,-0.23852527,-0.08261891,-0.024502575,-0.12676448,-0.070867084,-0.02652973,-0.06521052,-0.052024644,0.07146746,-0.24306738,-0.05856852,0.024494529,-0.18345815,-0.075280376,0.01602143,-0.1137346,-0.061993316,0.023232698,-0.09020352,-0.046426848
-0.07018423,-0.057360053,-0.02986296,-0.08351314,-0.18430471,-0.049781125,-0.028324783,-0.26129472,-0.0682572,0.02834642,-0.30881196,-0.08309832,-0.06428307,-0.2928527,-0.031236347,-0.1117242,-0.3032424,-0.080858886,-0.11298853,-0.20633948,-0.11430386,-0.099083304,-0.13596696,-0.13097298,-0.0095793605,-0.299071,-0.036444522,-0.068449855,-0.3263354,-0.087658666,-0.07700992,-0.21740204,-0.10207865,-0.067967534,-0.13914114,-0.09886683,0.039138854,-0.27461654,-0.047113523,-0.010504425,-0.24781165,-0.08547935,-0.021849155,-0.13369668,-0.07146752,-0.019590497,-0.068428874,-0.05100392,0.07506859,-0.23258847,-0.06199212,0.02565229,-0.18661445,-0.079450354,0.016040266,-0.11376053,-0.06380639,0.024163306,-0.08613914,-0.046069354
-0.065502286,-0.05272925,-0.023988174,-0.08303195,-0.18819314,-0.03867983,-0.03508693,-0.2753171,-0.053527478,0.016683936,-0.33010066,-0.065535,-0.08430898,-0.27769172,-0.024750838,-0.1234231,-0.30907834,-0.07029975,-0.11694533,-0.21385995,-0.09921611,-0.10056585,-0.14247555,-0.11212763,-0.030616343,-0.29455686,-0.030529475,-0.080524385,-0.34475833,-0.08144381,-0.085739195,-0.24642709,-0.098170765,-0.07700443,-0.16353017,-0.09484687,0.01944822,-0.2835744,-0.040714063,-0.022250295,-0.26634687,-0.07896509,-0.026228368,-0.150733,-0.07143344,-0.023418427,-0.079226136,-0.054183044,0.05849564,-0.25641218,-0.054060463,0.014546812,-0.20306534,-0.071593165,0.011130869,-0.12775904,-0.060744636,0.020476997,-0.096778154,-0.046297796
-0.06508142,-0.05727774,-0.016955912,-0.08416772,-0.18912554,-0.029181046,-0.041941524,-0.27670613,-0.043614406,0.0059459805,-0.33565128,-0.055624906,-0.08577818,-0.263906,-0.013339509,-0.12342048,-0.31083736,-0.057824224,-0.11528441,-0.22279957,-0.0855245,-0.09997952,-0.15333372,-0.0962325,-0.03603804,-0.2804314,-0.021665337,-0.08347678,-0.35351962,-0.07028121,-0.08651739,-0.2634992,-0.08643781,-0.07939917,-0.18153304,-0.08180652,0.013929963,-0.27613854,-0.03414095,-0.026524067,-0.2830658,-0.07335873,-0.02846831,-0.16922486,-0.06687854,-0.025339723,-0.09464091,-0.04832773,0.05699116,-0.25840107,-0.04880172,0.01280725,-0.23265862,-0.0666837,0.0098949075,-0.1566804,-0.054744177,0.01894486,-0.116724074,-0.03833852
-0.06578827,-0.05843073,-0.017732175,-0.08495909,-0.19068521,-0.02963222,-0.041829944,-0.2797468,-0.043511428,0.006622374,-0.3403149,-0.055309013,-0.08577931,-0.26271394,-0.011310604,-0.12160981,-0.30955455,-0.055253394,-0.11349785,-0.22624317,-0.08364974,-0.10024685,-0.1561743,-0.0946349,-0.037521183,-0.27785003,-0.018596819,-0.084628046,-0.3528449,-0.065598086,-0.086897075,-0.26437175,-0.08182642,-0.08066207,-0.17996407,-0.07763452,0.012184024,-0.2738145,-0.030343153,-0.025923729,-0.29020685,-0.070391804,-0.026898146,-0.17661822,-0.06478084,-0.023800373,-0.09883523,-0.046409395,0.056785762,-0.25638738,-0.044180132,0.0142912865,-0.24302402,-0.0642416,0.009937108,-0.16304004,-0.05282822,0.016721725,-0.11627197,-0.03627849
-0.065256715,-0.06702781,-0.015380167,-0.082930386,-0.19662404,-0.026791107,-0.03899014,-0.2839085,-0.041130863,0.011644661,-0.34154898,-0.05364909,-0.08279133,-0.2599858,-0.008203959,-0.116973996,-0.31157646,-0.05005841,-0.111189246,-0.23280433,-0.07738617,-0.10085356,-0.16558886,-0.0881349,-0.035954833,-0.27233073,-0.016544571,-0.07978529,-0.34962118,-0.062235426,-0.08331674,-0.26277965,-0.07860384,-0.07901251,-0.1787048,-0.07505919,0.013242424,-0.2671488,-0.029173193,-0.022200048,-0.29134744,-0.06825497,-0.025313139,-0.18062973,-0.06312472,-0.02417469,-0.10207915,-0.045236237,0.058312833,-0.24908194,-0.043627355,0.01853329,-0.25022727,-0.06277072,0.012862623,-0.17412561,-0.051162347,0.017869651,-0.12596762,-0.034737065
-0.06666511,-0.06317043,-0.015712347,-0.08192253,-0.1850822,-0.027829498,-0.038427293,-0.27339506,-0.042369965,0.0056174397,-0.33771062,-0.05484146,-0.08677572,-0.24775296,-0.0070564467,-0.11268261,-0.30174965,-0.04523576,-0.10597217,-0.22973317,-0.07008516,-0.0961169,-0.1635058,-0.07913085,-0.04069698,-0.2572532,-0.014000831,-0.07867539,-0.33597118,-0.053740896,-0.07908815,-0.25862104,-0.06875661,-0.07035744,-0.17728257,-0.06590281,0.0071712136,-0.25266376,-0.02513451,-0.018662572,-0.28759888,-0.05932547,-0.020064354,-0.18411416,-0.05424077,-0.01710391,-0.10559863,-0.03797122,0.053230524,-0.23714003,-0.038042814,0.018810272,-0.2505078,-0.053832613,0.013840497,-0.1799323,-0.041809358,0.01874429,-0.13154262,-0.026073962
-0.07053536,-0.07060027,-0.011375731,-0.08249003,-0.17836791,-0.020586144,-0.037876964,-0.26166937,-0.035151914,0.0075309277,-0.31892577,-0.048227932,-0.08437723,-0.22581935,0.009732501,-0.1074155,-0.28856245,-0.026278332,-0.10378188,-0.2281867,-0.051192097,-0.09590012,-0.16763306,-0.060392514,-0.041466117,-0.23497882,0.0007483721,-0.07407236,-0.3187518,-0.03957343,-0.0754506,-0.25175276,-0.058789164,-0.06719351,-0.1749261,-0.05837261,0.004282415,-0.23323235,-0.013103385,-0.024020255,-0.28309837,-0.050457507,-0.02480632,-0.18854094,-0.0516173,-0.018857956,-0.10982269,-0.03797937,0.049934447,-0.22201452,-0.028226972,0.013945758,-0.25366652,-0.047548197,0.008035779,-0.19403368,-0.039797742,0.013253629,-0.14408892,-0.026102567
-0.07053536,-0.07060027,-0.011375731,-0.08249003,-0.17836791,-0.020586144,-0.037876964,-0.26166937,-0.035151914,0.0075309277,-0.31892577,-0.048227932,-0.08437723,-0.22581935,0.009732501,-0.1074155,-0.28856245,-0.026278332,-0.10378188,-0.2281867,-0.051192097,-0.09590012,-0.16763306,-0.060392514,-0.041466117,-0.23497882,0.0007483721,-0.07407236,-0.3187518,-0.03957343,-0.0754506,-0.25175276,-0.058789164,-0.06719351,-0.1749261,-0.05837261,0.004282415,-0.23323235,-0.013103385,-0.024020255,-0.28309837,-0.050457507,-0.02480632,-0.18854094,-0.0516173,-0.018857956,-0.10982269,-0.03797937,0.049934447,-0.22201452,-0.028226972,0.013945758,-0.25366652,-0.047548197,0.008035779,-0.19403368,-0.039797742,0.013253629,-0.14408892,-0.026102567
-0.0684315,-0.065157175,-0.010654523,-0.07973695,-0.17403102,-0.019281454,-0.03241545,-0.25492528,-0.032630242,0.014531851,-0.30782253,-0.045120638,-0.0803265,-0.22074094,0.008859223,-0.10575253,-0.28150722,-0.022885269,-0.104341686,-0.22056615,-0.045288827,-0.097435236,-0.16343814,-0.05431395,-0.039221764,-0.22880769,0.00041102304,-0.074557245,-0.30475387,-0.03603148,-0.07666081,-0.23604321,-0.054032475,-0.06936878,-0.16245699,-0.05449036,0.0051629543,-0.22844315,-0.012413371,-0.025601327,-0.27531758,-0.047471788,-0.025265038,-0.18252909,-0.049131233,-0.019098282,-0.10758448,-0.03745708,0.05086428,-0.2199111,-0.026194252,0.00837934,-0.24326533,-0.04563318,0.0022663474,-0.17402571,-0.03853805,0.008359849,-0.12013006,-0.02609993
-0.06630874,-0.065876424,-0.0112053305,-0.0804345,-0.18188179,-0.02028985,-0.035569787,-0.2646076,-0.03401334,0.011366427,-0.31878594,-0.046879157,-0.07802284,-0.2305603,0.004166168,-0.106565,-0.29086772,-0.032890953,-0.10495755,-0.22758463,-0.05757254,-0.097078204,-0.16673827,-0.06683535,-0.036923885,-0.24058071,-0.005126037,-0.074787915,-0.3224897,-0.04666106,-0.07871336,-0.24834919,-0.06435269,-0.07191682,-0.1708166,-0.062473558,0.0082938075,-0.2392717,-0.018892247,-0.024486959,-0.28439057,-0.057327013,-0.027511477,-0.18503535,-0.056847285,-0.023372829,-0.109109044,-0.042100195,0.053757668,-0.22730947,-0.033709984,0.011806011,-0.2445862,-0.05437589,0.0058165193,-0.17452866,-0.046074342,0.012270629,-0.124179125,-0.031746455
-0.06444889,-0.06708872,-0.0115678,-0.07904428,-0.18924576,-0.021031504,-0.033247113,-0.27357885,-0.034543063,0.015222609,-0.33010992,-0.04720646,-0.081258,-0.235757,0.000413042,-0.10976586,-0.29565293,-0.036908742,-0.10605195,-0.22982258,-0.061596904,-0.09724504,-0.16653615,-0.07075719,-0.038108468,-0.24643147,-0.00821739,-0.07862061,-0.32833463,-0.050032116,-0.080132484,-0.25065774,-0.067608416,-0.07154727,-0.16987115,-0.065450974,0.00868696,-0.24539736,-0.020948103,-0.022902966,-0.2865259,-0.058497056,-0.025800288,-0.18326515,-0.057724096,-0.023194432,-0.10464525,-0.042831562,0.05387491,-0.23442703,-0.03470269,0.01319921,-0.24580681,-0.053676926,0.008256912,-0.17413574,-0.044997126,0.014980197,-0.12451631,-0.03069493
-0.062763214,-0.05678451,-0.011679985,-0.080085754,-0.18170953,-0.02103527,-0.037793934,-0.2666078,-0.03342049,0.007427573,-0.3261832,-0.04475444,-0.08194888,-0.2456668,-0.0061612898,-0.1138908,-0.3036492,-0.045079753,-0.10677615,-0.23034412,-0.0691173,-0.09639573,-0.16156173,-0.07724027,-0.035149395,-0.257164,-0.0150574,-0.07931644,-0.33998606,-0.057220563,-0.08082342,-0.2574067,-0.071672924,-0.074092805,-0.17234969,-0.06718854,0.013111591,-0.25258112,-0.027838875,-0.022740781,-0.28587466,-0.06666373,-0.023579895,-0.17865628,-0.063528284,-0.02038443,-0.09941888,-0.047199763,0.057688415,-0.23705295,-0.041449916,0.0132629275,-0.24016413,-0.06292515,0.009328842,-0.16156608,-0.053613715,0.016642451,-0.10920155,-0.03866389
-0.062763214,-0.05678451,-0.011679985,-0.080085754,-0.18170953,-0.02103527,-0.037793934,-0.2666078,-0.03342049,0.007427573,-0.3261832,-0.04475444,-0.08194888,-0.2456668,-0.0061612898,-0.1138908,-0.3036492,-0.045079753,-0.10677615,-0.23034412,-0.0691173,-0.09639573,-0.16156173,-0.07724027,-0.035149395,-0.257164,-0.0150574,-0.07931644,-0.33998606,-0.057220563,-0.08082342,-0.2574067,-0.071672924,-0.074092805,-0.17234969,-0.06718854,0.013111591,-0.25258112,-0.027838875,-0.022740781,-0.28587466,-0.06666373,-0.023579895,-0.17865628,-0.063528284,-0.02038443,-0.09941888,-0.047199763,0.057688415,-0.23705295,-0.041449916,0.0132629275,-0.24016413,-0.06292515,0.009328842,-0.16156608,-0.053613715,0.016642451,-0.10920155,-0.03866389
-0.06785971,-0.05616212,-0.014345069,-0.088428676,-0.18247074,-0.02465043,-0.047836423,-0.27228263,-0.038072478,-0.0016417503,-0.33240035,-0.04966386,-0.08523536,-0.24993074,-0.004986887,-0.120624214,-0.30428517,-0.04746822,-0.11501822,-0.22671819,-0.074554846,-0.102214515,-0.15971124,-0.0845515,-0.039246798,-0.2640257,-0.013754362,-0.08420503,-0.34584916,-0.059644107,-0.08832091,-0.26457465,-0.07648605,-0.08261299,-0.18374425,-0.072577514,0.008300304,-0.26166397,-0.026941875,-0.032188952,-0.2793256,-0.06730605,-0.033000886,-0.17042315,-0.06373555,-0.028224647,-0.0961498,-0.04637684,0.052738905,-0.2469235,-0.041752674,0.005305648,-0.2358115,-0.062422086,0.0026760697,-0.15767723,-0.052139875,0.012201667,-0.11086619,-0.03621514
-0.068508804,-0.055466115,-0.014948953,-0.09050012,-0.18499863,-0.025670934,-0.050487757,-0.27541625,-0.039217655,-0.00038528442,-0.33162993,-0.050339255,-0.08693689,-0.25593972,-0.010663235,-0.12506437,-0.308633,-0.053027786,-0.118183434,-0.22572571,-0.07830287,-0.10447261,-0.16027343,-0.08734673,-0.039976895,-0.27082926,-0.019330498,-0.085688055,-0.34889543,-0.06534876,-0.089392364,-0.2609179,-0.07844146,-0.08390921,-0.17899835,-0.07177678,0.008230031,-0.26628304,-0.03230763,-0.033701777,-0.27664888,-0.07083768,-0.034014404,-0.16611916,-0.06402451,-0.02881968,-0.09250897,-0.044848137,0.052761257,-0.24900448,-0.047280632,0.00860095,-0.23569092,-0.06546994,0.0047078133,-0.16149688,-0.053976767,0.012166202,-0.11803019,-0.03756774
-0.065234065,-0.053032577,-0.016481588,-0.08476025,-0.18553257,-0.027483797,-0.044882238,-0.2756463,-0.04121978,0.0025010705,-0.334958,-0.05282241,-0.08110762,-0.25953835,-0.010804351,-0.123009264,-0.30718318,-0.05595212,-0.116989076,-0.223304,-0.08339295,-0.102932185,-0.15463084,-0.09309295,-0.03491503,-0.27345604,-0.018858708,-0.08451927,-0.34732383,-0.06778298,-0.089662135,-0.25973898,-0.08301234,-0.08473325,-0.17691535,-0.07704949,0.011980414,-0.26789543,-0.03156273,-0.033726275,-0.27404824,-0.07243319,-0.03296709,-0.16286534,-0.06649655,-0.02626741,-0.08983338,-0.047248147,0.054555297,-0.24989551,-0.04630263,0.0072221756,-0.23136973,-0.06607986,0.00571841,-0.15629989,-0.055060375,0.01676178,-0.11466092,-0.03847934
-0.06712055,-0.054807365,-0.018037172,-0.08856207,-0.18386519,-0.030704781,-0.04586351,-0.27231216,-0.045356005,0.0055345297,-0.32865536,-0.057059087,-0.08546281,-0.2620337,-0.015005544,-0.12505117,-0.3083988,-0.060551133,-0.11605582,-0.22288072,-0.08823488,-0.10051608,-0.15658122,-0.09869981,-0.03711611,-0.27810606,-0.023143673,-0.08402711,-0.3497867,-0.07247979,-0.086660564,-0.25934404,-0.0873122,-0.08090544,-0.17801291,-0.081349924,0.011443138,-0.27245414,-0.035696786,-0.030063272,-0.2675959,-0.076012515,-0.031932473,-0.15313339,-0.06852687,-0.029752314,-0.07939851,-0.048686136,0.054113746,-0.2522483,-0.05071927,0.010854781,-0.2236442,-0.06897808,0.006432295,-0.14570558,-0.05611934,0.01251477,-0.101725936,-0.038554154
-0.06702304,-0.048034906,-0.021540478,-0.08978355,-0.17773563,-0.035443835,-0.047747195,-0.26746258,-0.05024823,0.0018988848,-0.3262797,-0.061923683,-0.0864383,-0.26721618,-0.0199762,-0.12739486,-0.30774817,-0.0668175,-0.11950126,-0.21860158,-0.095633745,-0.10397321,-0.14896262,-0.106951594,-0.036866784,-0.28470397,-0.02686884,-0.08671236,-0.3470065,-0.076748826,-0.08937299,-0.25383365,-0.09148986,-0.08346492,-0.17218608,-0.08559206,0.01162833,-0.27845198,-0.038421214,-0.03158778,-0.26285154,-0.078012675,-0.033545434,-0.14767522,-0.06983648,-0.031911194,-0.07472348,-0.050305918,0.052842855,-0.25634682,-0.052926656,0.009257972,-0.21329278,-0.07071176,0.006147027,-0.13395017,-0.057780202,0.013001621,-0.09334934,-0.040494137
-0.06708771,-0.048638165,-0.025218116,-0.08879757,-0.17370218,-0.042514272,-0.045529664,-0.26226005,-0.06003455,0.0038634539,-0.32178754,-0.07425142,-0.0880329,-0.26894715,-0.02500235,-0.12504858,-0.3049009,-0.073465206,-0.11843273,-0.21524948,-0.10427043,-0.10362631,-0.14776522,-0.11758578,-0.035192728,-0.28398222,-0.030920245,-0.08221042,-0.34139258,-0.083941765,-0.08695811,-0.25009122,-0.10147157,-0.07985622,-0.1693514,-0.09784899,0.0151952505,-0.27556327,-0.041567814,-0.02672708,-0.25828344,-0.08332348,-0.029952765,-0.1437406,-0.07580211,-0.027847469,-0.070819736,-0.0567259,0.05794251,-0.25228345,-0.055316474,0.013354719,-0.21049261,-0.07460082,0.008455932,-0.1339361,-0.06176777,0.015020549,-0.0951978,-0.04457204
-0.06854874,-0.0508011,-0.021993594,-0.09028435,-0.17862988,-0.037244562,-0.047396958,-0.2652432,-0.05344634,0.0022585988,-0.32304308,-0.066456236,-0.08644414,-0.27591768,-0.01947138,-0.1285871,-0.30900788,-0.067258574,-0.11918369,-0.21946764,-0.09808782,-0.101890266,-0.1527788,-0.11134922,-0.034145176,-0.29120153,-0.026704295,-0.08634418,-0.34117076,-0.07740756,-0.090545,-0.24791509,-0.094253086,-0.084462285,-0.1696732,-0.09077772,0.01471895,-0.28168097,-0.038735267,-0.033144236,-0.25731498,-0.07777368,-0.036760867,-0.14326751,-0.06995965,-0.035466433,-0.07317865,-0.051832497,0.05370909,-0.25555584,-0.053929094,0.006476462,-0.19985968,-0.070819095,0.0019387007,-0.12160611,-0.057908453,0.008509994,-0.08502269,-0.041365642
-0.06518346,-0.04248482,-0.025866998,-0.0851571,-0.16789716,-0.042827222,-0.042895794,-0.2571831,-0.059307136,0.0012463927,-0.32091907,-0.07227072,-0.084083855,-0.27331588,-0.025472015,-0.12749344,-0.2980064,-0.07723595,-0.11950159,-0.20705491,-0.11074396,-0.10243109,-0.13670301,-0.12535556,-0.029512048,-0.28982213,-0.031946804,-0.0842191,-0.33861408,-0.08446951,-0.08913958,-0.24417076,-0.10084482,-0.0828467,-0.16566747,-0.09699141,0.020631313,-0.27794817,-0.043631997,-0.02911079,-0.24777889,-0.08443989,-0.032519996,-0.13386899,-0.07448222,-0.030390799,-0.0668816,-0.054946337,0.059249997,-0.24824336,-0.058843207,0.011886656,-0.18759358,-0.07763568,0.009164095,-0.112629116,-0.063966736,0.017059743,-0.08218992,-0.04667256
-0.0702461,-0.045618594,-0.027671365,-0.090840876,-0.1701675,-0.046869498,-0.04203087,-0.25609618,-0.06485483,0.008415103,-0.31325373,-0.07926453,-0.07981926,-0.2808462,-0.03065693,-0.12453982,-0.30143183,-0.079857215,-0.12222552,-0.20818335,-0.112362504,-0.106500745,-0.1391033,-0.12856352,-0.024651766,-0.29414403,-0.036747906,-0.08348036,-0.33033043,-0.08975366,-0.08900362,-0.22777206,-0.106019214,-0.07804525,-0.14938253,-0.1034314,0.025769413,-0.27816868,-0.047710083,-0.02450192,-0.24811065,-0.086586565,-0.032598197,-0.13162017,-0.07362162,-0.030968487,-0.06370491,-0.053794183,0.06397617,-0.24437636,-0.062578656,0.014433861,-0.18765557,-0.081064306,0.010030389,-0.115555346,-0.0666202,0.019016862,-0.090418816,-0.049781527
-0.070569634,-0.04734713,-0.028706774,-0.088637054,-0.17322832,-0.047548875,-0.03941834,-0.2576735,-0.06485302,0.010142088,-0.31439853,-0.078378156,-0.08029258,-0.28883255,-0.03108254,-0.12340695,-0.297449,-0.08205578,-0.11929217,-0.20345414,-0.11684453,-0.10107517,-0.13458979,-0.13453491,-0.022997975,-0.30160573,-0.037254035,-0.07915121,-0.3272466,-0.091389515,-0.08330703,-0.22258508,-0.10832705,-0.0716148,-0.14502603,-0.106341496,0.029037237,-0.2824551,-0.04863575,-0.018009484,-0.24680796,-0.0875574,-0.027651668,-0.13235122,-0.07448221,-0.027918994,-0.06637919,-0.05495672,0.066999495,-0.24483407,-0.06439376,0.02243644,-0.18316555,-0.082239665,0.012325585,-0.11099124,-0.06810407,0.01525116,-0.085698664,-0.051705312
-0.07143867,-0.04918331,-0.028471898,-0.0876444,-0.17600435,-0.048122257,-0.036267042,-0.2607317,-0.066575386,0.016701996,-0.31498384,-0.08149759,-0.07793003,-0.2944141,-0.031207226,-0.12331951,-0.29963797,-0.08220973,-0.12056136,-0.20523757,-0.117448345,-0.10312837,-0.13580704,-0.13543731,-0.02198261,-0.30404407,-0.037769083,-0.079237044,-0.32144156,-0.0913527,-0.08491337,-0.21580034,-0.108410195,-0.07410985,-0.138215,-0.10702397,0.02922666,-0.28287768,-0.049601357,-0.01868695,-0.2430867,-0.08852043,-0.0286206,-0.13053489,-0.075716585,-0.02757597,-0.065383196,-0.056434855,0.06780261,-0.24368387,-0.06569865,0.021437466,-0.1878376,-0.08287177,0.012296438,-0.115692854,-0.067790255,0.017555118,-0.088057876,-0.050737172
-0.06862712,-0.049805522,-0.028518854,-0.08704817,-0.17860776,-0.046907842,-0.03799361,-0.26373973,-0.06390916,0.017309844,-0.31686565,-0.076670274,-0.07118827,-0.29075873,-0.030511735,-0.11651653,-0.30227435,-0.08167147,-0.11550805,-0.20819938,-0.115473196,-0.10150343,-0.13776731,-0.13164759,-0.01817453,-0.29958004,-0.03657536,-0.075791955,-0.32509923,-0.08886592,-0.08190042,-0.22231245,-0.10358241,-0.07398063,-0.14455515,-0.09996441,0.031347156,-0.28098506,-0.048283122,-0.0152618885,-0.24026957,-0.08701366,-0.023971856,-0.1269232,-0.07320726,-0.024694264,-0.060039043,-0.052487127,0.0700531,-0.24394572,-0.064423144,0.0260154,-0.18845546,-0.080754876,0.016926825,-0.11444199,-0.06499313,0.020120442,-0.08400357,-0.04716503
-0.06758803,-0.045449972,-0.028281474,-0.08880299,-0.17164254,-0.046258103,-0.04036081,-0.25749785,-0.063282914,0.012363076,-0.31124714,-0.0764763,-0.07639021,-0.28737122,-0.028186882,-0.120176345,-0.29985222,-0.078057654,-0.11578053,-0.20494449,-0.11049875,-0.09927088,-0.13508308,-0.12618752,-0.022037685,-0.29996863,-0.03418438,-0.07737875,-0.33169842,-0.08840234,-0.0818032,-0.22554153,-0.1040218,-0.07215029,-0.14519417,-0.099766225,0.027915299,-0.28264418,-0.045630727,-0.020481706,-0.24311519,-0.08637186,-0.027825117,-0.13145822,-0.07503276,-0.02617371,-0.06766456,-0.05517221,0.06578553,-0.24684945,-0.06099326,0.020336092,-0.18806112,-0.07939409,0.018068433,-0.12039608,-0.065882064,0.02833116,-0.09817654,-0.04936714
-0.06916696,-0.048871458,-0.023498254,-0.09202242,-0.17453873,-0.041290373,-0.045892358,-0.26179937,-0.05934814,0.0067777634,-0.31794435,-0.07418416,-0.081611335,-0.27886933,-0.026416525,-0.12357333,-0.30534884,-0.07548669,-0.11967331,-0.20930916,-0.106946096,-0.10410756,-0.13888186,-0.12184075,-0.028544784,-0.29347026,-0.03387883,-0.086176276,-0.33271816,-0.08797309,-0.0899142,-0.22689155,-0.10391586,-0.07814956,-0.14634258,-0.0999151,0.020398796,-0.2803813,-0.046015933,-0.0313105,-0.25386024,-0.08585372,-0.03479767,-0.13934004,-0.07472662,-0.029760659,-0.07133567,-0.054961815,0.057991624,-0.2507168,-0.06145723,0.009185314,-0.19681299,-0.078922056,0.006309688,-0.12507236,-0.0651334,0.016278446,-0.09753573,-0.048406105
-0.06559801,-0.047597587,-0.023904897,-0.08680898,-0.17284608,-0.041273493,-0.04099703,-0.26179308,-0.058671404,0.008928001,-0.32123816,-0.07312938,-0.086627424,-0.27626085,-0.026506461,-0.12511283,-0.30178443,-0.07445746,-0.11829567,-0.20761496,-0.10542379,-0.10238457,-0.13795847,-0.11969957,-0.03300363,-0.29089612,-0.033525802,-0.08611101,-0.3324705,-0.08622133,-0.088846326,-0.23057339,-0.10274771,-0.077874064,-0.14961272,-0.099251695,0.017205477,-0.27977344,-0.045036744,-0.027612269,-0.25759098,-0.08479297,-0.030906558,-0.1416297,-0.07510221,-0.027317643,-0.07097143,-0.056081735,0.057420492,-0.25237602,-0.059713725,0.01282239,-0.2010305,-0.07751243,0.009472907,-0.125889,-0.06409572,0.017718315,-0.09395987,-0.04742243
-0.0694145,-0.049458146,-0.023352461,-0.091427445,-0.18135864,-0.04015395,-0.045446455,-0.27050912,-0.05707839,0.0059241652,-0.32803094,-0.07180634,-0.08817744,-0.26778445,-0.029472776,-0.12775764,-0.30417782,-0.075424686,-0.121759236,-0.21038437,-0.10338733,-0.10591754,-0.14167058,-0.115474455,-0.035299838,-0.2834572,-0.03605972,-0.08955836,-0.34143478,-0.08760938,-0.094599694,-0.24513882,-0.10365284,-0.085383296,-0.16506171,-0.09972199,0.014564872,-0.27554417,-0.046414543,-0.032222092,-0.26661393,-0.08622888,-0.033292472,-0.15115261,-0.07762285,-0.02732879,-0.07999909,-0.058937445,0.05552125,-0.25299338,-0.059376106,0.005553901,-0.21490127,-0.07768819,0.0040994883,-0.13572186,-0.06401803,0.015629828,-0.09847176,-0.04708067
-0.068439245,-0.053703606,-0.017826673,-0.09229228,-0.18341053,-0.030739272,-0.052660286,-0.27399835,-0.046106476,-0.0068348646,-0.3358586,-0.059131805,-0.090355575,-0.25861615,-0.013579714,-0.12909764,-0.3044607,-0.05943042,-0.1207158,-0.21761078,-0.087644264,-0.10524958,-0.14734828,-0.0981561,-0.042702436,-0.27480084,-0.021922031,-0.09284082,-0.34676564,-0.07199001,-0.09560317,-0.25913805,-0.08850111,-0.08699882,-0.17847276,-0.08361353,0.005989194,-0.27159905,-0.034824055,-0.034516096,-0.27815652,-0.0765804,-0.035041988,-0.1665973,-0.07087583,-0.029227972,-0.09356058,-0.051791236,0.050112188,-0.25537306,-0.04978712,0.0063206553,-0.23883113,-0.06934188,0.004129052,-0.16237128,-0.05724863,0.01432246,-0.12090176,-0.040123038
-0.071270585,-0.059058666,-0.015650453,-0.09294361,-0.18604517,-0.027325226,-0.053949893,-0.2767995,-0.042402726,-0.009122789,-0.34006667,-0.055395145,-0.0902375,-0.2587,-0.0058872807,-0.12992287,-0.30955184,-0.050402995,-0.1225017,-0.22828087,-0.078605525,-0.107501835,-0.15908939,-0.08884711,-0.043299317,-0.2750876,-0.014664344,-0.09263682,-0.34646606,-0.06346285,-0.094055116,-0.2591994,-0.080638826,-0.08522862,-0.17606598,-0.07617244,0.004883766,-0.2736587,-0.028298007,-0.039226413,-0.28485614,-0.07011548,-0.03717631,-0.1745426,-0.06612202,-0.028655112,-0.099116385,-0.047675695,0.04956746,-0.2590618,-0.043805975,0.0021429062,-0.24753493,-0.06418048,0.0011249781,-0.17110616,-0.053354725,0.012665987,-0.12564307,-0.036522076
-0.07144219,-0.060399413,-0.014187601,-0.091234505,-0.17956173,-0.026153473,-0.049260676,-0.26899534,-0.04139312,-0.007945657,-0.3330372,-0.055267565,-0.09274411,-0.2350376,-0.006558525,-0.1218043,-0.29885733,-0.04782328,-0.116716504,-0.22562134,-0.07407269,-0.10501608,-0.1604824,-0.08395021,-0.046607792,-0.24781224,-0.015610297,-0.08667725,-0.33603054,-0.061476786,-0.09003621,-0.25576577,-0.07886354,-0.08041674,-0.17610693,-0.075984836,0.0015186667,-0.24812692,-0.02883547,-0.034697235,-0.29330033,-0.06976323,-0.034428596,-0.18781114,-0.06611813,-0.025605083,-0.11277771,-0.0490258,0.04753989,-0.23761219,-0.04325522,0.0014506578,-0.24858505,-0.06534663,0.0008299947,-0.17316991,-0.05496059,0.014955223,-0.12758327,-0.039000936
-0.07082862,-0.064798295,-0.011716491,-0.08672744,-0.18045259,-0.02201911,-0.04568237,-0.26906922,-0.03737454,-0.0077167153,-0.33582282,-0.05161162,-0.08575022,-0.23902765,0.007738726,-0.114699244,-0.29537892,-0.03307829,-0.11109635,-0.2268081,-0.061774086,-0.10206935,-0.16042382,-0.072949745,-0.042016447,-0.25035545,-0.0024649547,-0.081936896,-0.32800424,-0.046675533,-0.084912956,-0.25295517,-0.06711141,-0.07627034,-0.17482007,-0.06679623,0.004074812,-0.24939784,-0.017834293,-0.030595422,-0.2903147,-0.05816207,-0.030567348,-0.1882487,-0.056932166,-0.023073435,-0.11159855,-0.041332155,0.048988283,-0.23780948,-0.03447998,0.005951166,-0.2537089,-0.05551888,0.0047616363,-0.18164694,-0.04524026,0.016189158,-0.13395941,-0.029249005
-0.071519315,-0.06681782,-0.011286014,-0.084236026,-0.1721372,-0.020840887,-0.04254824,-0.25617373,-0.03575697,-0.002574861,-0.3182952,-0.04971535,-0.08257455,-0.22409198,0.012804832,-0.109297544,-0.28206667,-0.022425417,-0.110173136,-0.22180817,-0.048670344,-0.104067564,-0.16204888,-0.059764374,-0.041524053,-0.23294386,0.0038117245,-0.07926923,-0.30993915,-0.0359422,-0.084353745,-0.24377918,-0.058035042,-0.07861811,-0.17029113,-0.061066493,0.0025268793,-0.23385769,-0.00999984,-0.031012356,-0.28386164,-0.048280682,-0.034036577,-0.18992305,-0.05125679,-0.028359473,-0.111956954,-0.039858136,0.04680139,-0.22677922,-0.024899242,0.0019845963,-0.24716508,-0.047034323,-0.0016048551,-0.17917693,-0.04076873,0.008961737,-0.1263622,-0.028233698
-0.06978768,-0.06744683,-0.010222136,-0.0816493,-0.17169267,-0.019746536,-0.04010558,-0.2524787,-0.034668755,-0.0005803108,-0.31187633,-0.04874283,-0.07897103,-0.22223675,0.0109540215,-0.10562968,-0.27973798,-0.024616422,-0.10621679,-0.21866539,-0.05023669,-0.09880629,-0.1583566,-0.06044891,-0.038750768,-0.229741,0.0014640111,-0.07513708,-0.3072093,-0.03815184,-0.08005494,-0.24051484,-0.058582105,-0.07310593,-0.16660428,-0.06011764,0.0048263073,-0.22968549,-0.01265175,-0.027726829,-0.27732128,-0.050007854,-0.030011952,-0.18381834,-0.051378246,-0.022834063,-0.10799903,-0.038849324,0.049101174,-0.22186702,-0.027792137,0.004407704,-0.2436719,-0.048266176,0.0010847449,-0.17594689,-0.04040802,0.0126466155,-0.12449932,-0.026837628
-0.067827284,-0.0652017,-0.0113712065,-0.08162594,-0.17571253,-0.021305358,-0.037706673,-0.25623378,-0.035398275,0.0042144656,-0.3145107,-0.048715014,-0.081413925,-0.22550982,0.0043820096,-0.10800409,-0.27991724,-0.030586112,-0.10573608,-0.21548524,-0.055713467,-0.09677139,-0.15387195,-0.06611807,-0.039705336,-0.23436266,-0.004209394,-0.077588856,-0.30770138,-0.0435272,-0.07967216,-0.23746929,-0.06314046,-0.07015902,-0.16015607,-0.064422436,0.005233526,-0.23413509,-0.016909916,-0.026017368,-0.27869457,-0.053397372,-0.027526796,-0.18317199,-0.054545924,-0.021496356,-0.105407655,-0.042652726,0.04947287,-0.2249937,-0.030639762,0.0051721334,-0.23917839,-0.05137338,0.00056284666,-0.1669659,-0.044157285,0.009707987,-0.113772154,-0.03151432
-0.067789316,-0.06594956,-0.010531016,-0.08259946,-0.17383897,-0.020610437,-0.04168433,-0.25510025,-0.035424642,-0.002236247,-0.31628597,-0.049492482,-0.08185834,-0.22556901,0.0064176028,-0.10897139,-0.28275433,-0.030674411,-0.10745305,-0.21941143,-0.0570046,-0.09898311,-0.15712708,-0.067386284,-0.039981127,-0.23484749,-0.003151593,-0.07797384,-0.31378144,-0.044033624,-0.0812763,-0.24505135,-0.064398006,-0.07324618,-0.16844624,-0.06530743,0.0051310062,-0.23503393,-0.016954225,-0.027541697,-0.27970964,-0.05492966,-0.029039025,-0.18389732,-0.05571238,-0.023547411,-0.10789853,-0.042661514,0.049884558,-0.22618338,-0.031685326,0.0054605007,-0.24193403,-0.05225513,0.00043451786,-0.16929853,-0.04337606,0.008358479,-0.115906894,-0.029000912
-0.06676859,-0.06480831,-0.010342257,-0.08180952,-0.17405134,-0.020337088,-0.04231149,-0.25656393,-0.034979362,-0.002027154,-0.31702167,-0.048703976,-0.08187395,-0.22572723,0.0036493016,-0.10896233,-0.28588414,-0.03382056,-0.10662353,-0.22038135,-0.059027717,-0.09779945,-0.15800351,-0.06845017,-0.039762318,-0.23496026,-0.0058611333,-0.07777238,-0.31578526,-0.047664903,-0.08068788,-0.24344397,-0.06617365,-0.072815955,-0.16563821,-0.065186314,0.0052686334,-0.23505452,-0.019480692,-0.029540062,-0.2769699,-0.05746945,-0.030120015,-0.17952204,-0.05663453,-0.024035573,-0.104331315,-0.04226021,0.049832582,-0.22594601,-0.03407039,0.0050222874,-0.2381056,-0.054000232,5.0842762e-05,-0.16521448,-0.044736814,0.0077027082,-0.11298704,-0.03007381
-0.06739277,-0.06419939,-0.010038744,-0.08318734,-0.17547709,-0.01955276,-0.044468462,-0.2598786,-0.03403717,-0.0068281293,-0.3233043,-0.04743605,-0.08372772,-0.23040566,0.00650802,-0.11304155,-0.29097462,-0.031948224,-0.11044899,-0.22354126,-0.057913043,-0.10063553,-0.15956455,-0.067422606,-0.0414654,-0.24012622,-0.0038125785,-0.08096057,-0.32442933,-0.04555711,-0.0840314,-0.2518076,-0.064149916,-0.07598519,-0.17477411,-0.06296546,0.004303217,-0.23945346,-0.018526437,-0.029881299,-0.28515378,-0.05681212,-0.030435324,-0.1854713,-0.0548271,-0.024128616,-0.110820115,-0.03937769,0.050017297,-0.22924644,-0.034265332,0.0056070685,-0.24610716,-0.05414857,0.0014143586,-0.17256844,-0.043394595,0.009863555,-0.1214121,-0.027415853
-0.069006026,-0.06668943,-0.011998568,-0.08556074,-0.18467748,-0.022706265,-0.043524623,-0.2696236,-0.037640132,0.00086957216,-0.3295209,-0.05143535,-0.0844273,-0.23877719,-0.00015875186,-0.11324903,-0.2990418,-0.040390354,-0.112179816,-0.22888118,-0.06688905,-0.10512349,-0.16581339,-0.077057235,-0.040071487,-0.24984121,-0.009842353,-0.081733644,-0.33387685,-0.054542128,-0.086007416,-0.2557376,-0.072594956,-0.07872796,-0.17701256,-0.070348084,0.006445408,-0.24849513,-0.02378285,-0.031098843,-0.2866115,-0.063329846,-0.031420767,-0.18280226,-0.060245987,-0.024966776,-0.10799539,-0.043579895,0.050941527,-0.23633495,-0.03900438,0.006257117,-0.24641669,-0.05904023,0.0025780797,-0.17210853,-0.04829798,0.011702955,-0.12414229,-0.03233
-0.06565374,-0.06365943,-0.012297173,-0.08364004,-0.18057108,-0.022935325,-0.044680893,-0.26641014,-0.037818305,-0.0008228421,-0.32471043,-0.05127963,-0.08182043,-0.23789778,-0.0020097834,-0.11389312,-0.2969477,-0.04378072,-0.10994488,-0.22624683,-0.07049157,-0.09926331,-0.16217005,-0.08022192,-0.03843385,-0.25055498,-0.0116041275,-0.08020669,-0.3353151,-0.05796569,-0.08353305,-0.25709724,-0.07562838,-0.07669628,-0.17734796,-0.07231049,0.00827986,-0.24988103,-0.025503376,-0.028488755,-0.28049853,-0.066503614,-0.029681921,-0.17621261,-0.06377664,-0.025003731,-0.10185379,-0.046522904,0.05311501,-0.23807135,-0.040706787,0.009971023,-0.24285516,-0.060991265,0.0061200857,-0.17063111,-0.050682522,0.014297485,-0.12383187,-0.03459556
-0.06572354,-0.061176717,-0.011728849,-0.08476055,-0.18599957,-0.021392444,-0.045841634,-0.27349615,-0.03554743,0.0010508299,-0.32863784,-0.048026953,-0.0787434,-0.25054818,-0.003266488,-0.11660656,-0.3026758,-0.046301093,-0.111551076,-0.22246477,-0.072763465,-0.09880936,-0.15519488,-0.08213724,-0.034018397,-0.26343215,-0.0142767485,-0.08046973,-0.34420234,-0.061782397,-0.085567534,-0.2596175,-0.07739411,-0.07992303,-0.17707151,-0.071986236,0.013086677,-0.25892246,-0.029787479,-0.030893922,-0.2760915,-0.07080262,-0.031894863,-0.16741735,-0.065731116,-0.02571553,-0.09353763,-0.046693973,0.057214618,-0.2422899,-0.046838205,0.011002898,-0.23974368,-0.06599152,0.007662475,-0.16744828,-0.05417929,0.017263114,-0.1237576,-0.03717161
-0.06572354,-0.061176717,-0.011728849,-0.08476055,-0.18599957,-0.021392444,-0.045841634,-0.27349615,-0.03554743,0.0010508299,-0.32863784,-0.048026953,-0.0787434,-0.25054818,-0.003266488,-0.11660656,-0.3026758,-0.046301093,-0.111551076,-0.22246477,-0.072763465,-0.09880936,-0.15519488,-0.08213724,-0.034018397,-0.26343215,-0.0142767485,-0.08046973,-0.34420234,-0.061782397,-0.085567534,-0.2596175,-0.07739411,-0.07992303,-0.17707151,-0.071986236,0.013086677,-0.25892246,-0.029787479,-0.030893922,-0.2760915,-0.07080262,-0.031894863,-0.16741735,-0.065731116,-0.02571553,-0.09353763,-0.046693973,0.057214618,-0.2422899,-0.046838205,0.011002898,-0.23974368,-0.06599152,0.007662475,-0.16744828,-0.05417929,0.017263114,-0.1237576,-0.03717161
-0.06691527,-0.05178845,-0.02205065,-0.08411431,-0.18029052,-0.03753178,-0.039067864,-0.26778963,-0.053682834,0.00981915,-0.3285507,-0.06677296,-0.08148086,-0.27019924,-0.02207717,-0.11892098,-0.30695823,-0.070259966,-0.113770425,-0.21843272,-0.10038343,-0.100951195,-0.14745247,-0.112635486,-0.030164123,-0.28475147,-0.029415788,-0.07973641,-0.34584272,-0.079801634,-0.08522457,-0.25345692,-0.09551423,-0.08095837,-0.1720689,-0.09096823,0.019299865,-0.27563426,-0.04131939,-0.026459098,-0.25891352,-0.08123243,-0.03181678,-0.1433866,-0.07250192,-0.031359136,-0.07159382,-0.053082865,0.06022066,-0.2512286,-0.0561339,0.013874114,-0.20993567,-0.07378158,0.009983301,-0.13355494,-0.05994163,0.017022073,-0.096725464,-0.04243688
-0.06719977,-0.04912871,-0.02570834,-0.08581817,-0.17495972,-0.042906594,-0.040675163,-0.26069078,-0.059726037,0.008858323,-0.31631762,-0.07314767,-0.0752337,-0.2798038,-0.02632876,-0.11833608,-0.3066978,-0.075333424,-0.115388095,-0.21606833,-0.10692678,-0.10182011,-0.14661646,-0.121412665,-0.02157873,-0.291932,-0.032417644,-0.0767324,-0.33355054,-0.08486679,-0.08278602,-0.23401225,-0.10078115,-0.076658666,-0.15365285,-0.09712427,0.02736801,-0.27769843,-0.04352651,-0.023761094,-0.24995232,-0.08388899,-0.03111273,-0.13712233,-0.073980935,-0.031426728,-0.06858635,-0.05491641,0.06456733,-0.24653566,-0.058146954,0.015281916,-0.19153905,-0.07721834,0.010496676,-0.11872697,-0.064696066,0.017131686,-0.088207364,-0.048553642
-0.066660404,-0.04960239,-0.028672207,-0.08352828,-0.17881936,-0.048118003,-0.033007085,-0.2603673,-0.0661074,0.021390975,-0.3127473,-0.08046996,-0.07018435,-0.28051424,-0.03404428,-0.11497098,-0.29979908,-0.08630647,-0.113855064,-0.2033031,-0.11991744,-0.09976393,-0.13097352,-0.13580918,-0.015395403,-0.2922263,-0.03894039,-0.0727697,-0.33256927,-0.09380674,-0.08087945,-0.22891456,-0.10899203,-0.07370955,-0.14795429,-0.10477534,0.0341478,-0.27499965,-0.048865303,-0.01835692,-0.24381661,-0.08877488,-0.025997698,-0.12892807,-0.075221345,-0.024447322,-0.06141615,-0.054326925,0.07066864,-0.2414504,-0.06278324,0.021534204,-0.18639177,-0.080611914,0.017160416,-0.11559534,-0.06569551,0.02631843,-0.08950615,-0.048279375
-0.06836796,-0.048036754,-0.030533591,-0.08605987,-0.17647046,-0.05043453,-0.035137415,-0.25950283,-0.06866371,0.019404352,-0.31349,-0.08252568,-0.07369554,-0.28373408,-0.033138786,-0.11850336,-0.30114567,-0.08568424,-0.11608344,-0.20424789,-0.118968986,-0.10098785,-0.13369119,-0.13456406,-0.019576311,-0.2950369,-0.03765455,-0.074445724,-0.32936597,-0.093142845,-0.08072013,-0.22233212,-0.1073482,-0.07235944,-0.14305937,-0.10226719,0.029801905,-0.27718815,-0.047981214,-0.018967628,-0.24255416,-0.088877544,-0.02784717,-0.12861419,-0.07531462,-0.0265764,-0.063939214,-0.054217666,0.06798935,-0.2432425,-0.06257631,0.021848619,-0.19036412,-0.080593124,0.015555739,-0.11912626,-0.066167906,0.023127198,-0.09360069,-0.049194302
-0.06708807,-0.049366176,-0.028291797,-0.08461577,-0.1801691,-0.046004444,-0.03455484,-0.26350492,-0.06257053,0.019504666,-0.31618577,-0.07533887,-0.074094,-0.28538352,-0.02986858,-0.117375046,-0.30172554,-0.08242831,-0.11481297,-0.2054444,-0.116241276,-0.10043317,-0.13437414,-0.13210271,-0.018858552,-0.29788417,-0.03538897,-0.072734535,-0.33504164,-0.091117576,-0.08073276,-0.22877622,-0.106701784,-0.07507634,-0.14681298,-0.102160156,0.030912101,-0.28018913,-0.046468135,-0.01917845,-0.24275288,-0.088597134,-0.028791726,-0.12815541,-0.077418305,-0.029646754,-0.06190735,-0.057367798,0.066422164,-0.24515107,-0.06147089,0.019453764,-0.18521488,-0.081783004,0.016735613,-0.11507261,-0.06935874,0.026466548,-0.090390205,-0.053214937
-0.068534255,-0.05369562,-0.023998063,-0.08737761,-0.18090475,-0.040870655,-0.04060054,-0.26502115,-0.058395967,0.0076782703,-0.32249808,-0.07289073,-0.079487085,-0.28581905,-0.022466343,-0.123719215,-0.3077094,-0.073136546,-0.118430465,-0.21359527,-0.10578933,-0.10209608,-0.14489555,-0.12058883,-0.025364995,-0.2985696,-0.029354572,-0.08284795,-0.33753476,-0.084755294,-0.087379515,-0.23261166,-0.101606056,-0.07884693,-0.15035492,-0.09737284,0.023889124,-0.28375828,-0.041460488,-0.031623363,-0.25269395,-0.085103676,-0.03557545,-0.13883042,-0.07707339,-0.031469584,-0.07132703,-0.05799858,0.06043935,-0.2525372,-0.056618847,0.008094668,-0.19646186,-0.07818195,0.008131981,-0.12370443,-0.06702986,0.020977318,-0.09388226,-0.050971013
-0.06697893,-0.056931734,-0.020086547,-0.08603948,-0.18518841,-0.03506919,-0.043533325,-0.2723216,-0.051224362,0.0055078864,-0.33076435,-0.06460655,-0.08369416,-0.27199855,-0.019544758,-0.123188734,-0.31326792,-0.06572812,-0.118554056,-0.2232661,-0.09452992,-0.10455805,-0.15365225,-0.10618507,-0.03259194,-0.28734595,-0.026831953,-0.08309555,-0.35026693,-0.07747186,-0.08785027,-0.25624964,-0.09345593,-0.08087206,-0.17309844,-0.08863383,0.016553283,-0.28167504,-0.038375124,-0.029625714,-0.2763847,-0.07880805,-0.03181398,-0.16353709,-0.07209407,-0.027502716,-0.089747965,-0.053414702,0.05770272,-0.2616854,-0.05242168,0.009451151,-0.22704092,-0.07157134,0.00721848,-0.15046233,-0.060001828,0.017408371,-0.109951735,-0.04354324
-0.06657076,-0.059665322,-0.01664552,-0.085780025,-0.18939316,-0.02841237,-0.04396522,-0.27759778,-0.04274839,0.0046665072,-0.3363092,-0.054481037,-0.08308411,-0.2658712,-0.008531253,-0.12083322,-0.318011,-0.05203321,-0.11495468,-0.23485297,-0.07941983,-0.10179159,-0.16829485,-0.09003727,-0.03462994,-0.28030527,-0.016853072,-0.08038759,-0.3506402,-0.065213725,-0.083262265,-0.260015,-0.0815444,-0.0774048,-0.17783296,-0.076972365,0.013900161,-0.27677637,-0.029909104,-0.029922009,-0.28424513,-0.070431255,-0.03099233,-0.17193848,-0.06524174,-0.026762426,-0.09770465,-0.04700533,0.057697892,-0.26028007,-0.045082517,0.009843528,-0.24191928,-0.06497721,0.0071029067,-0.16406149,-0.054218467,0.016394496,-0.119923055,-0.03808493
-0.066400886,-0.064774334,-0.01502391,-0.08263767,-0.18561602,-0.026941929,-0.041460752,-0.27147028,-0.04208529,-0.00063586235,-0.33561713,-0.05573002,-0.08239466,-0.24197358,-0.003238631,-0.11309707,-0.29944944,-0.044365246,-0.109567046,-0.22844824,-0.071844764,-0.10002744,-0.1632573,-0.08256463,-0.038128674,-0.25430954,-0.011504539,-0.08094883,-0.3332409,-0.055809993,-0.084088445,-0.25518203,-0.074585475,-0.07656306,-0.17726618,-0.07328111,0.00782305,-0.2544528,-0.024269368,-0.030062318,-0.28638184,-0.063242376,-0.029420197,-0.18398225,-0.060922347,-0.022524774,-0.11154121,-0.04541844,0.05157453,-0.24344292,-0.03861438,0.006752491,-0.2447331,-0.05873768,0.004986763,-0.16877526,-0.048629295,0.01532799,-0.12136841,-0.03330239
-0.067989945,-0.066266716,-0.015810398,-0.08308077,-0.18407613,-0.02736181,-0.0407359,-0.27048844,-0.04209656,0.00066030025,-0.33493778,-0.055172987,-0.08314037,-0.2361005,-0.00051251904,-0.11231542,-0.29531953,-0.0384036,-0.1104916,-0.22775987,-0.06436794,-0.10234621,-0.16496897,-0.074987404,-0.03917086,-0.24723881,-0.0076215314,-0.08085424,-0.3234267,-0.049503047,-0.08411807,-0.24755472,-0.06858211,-0.07609451,-0.17085922,-0.068650045,0.0064686537,-0.24780208,-0.019394834,-0.028458416,-0.28712076,-0.056772053,-0.02955705,-0.18565142,-0.05563547,-0.023376167,-0.109653115,-0.041747328,0.050272644,-0.23877028,-0.03285104,0.005778253,-0.24417594,-0.052935865,0.0025645494,-0.17209512,-0.044848725,0.012613952,-0.12483156,-0.03148978
-0.066803575,-0.06104523,-0.010656387,-0.08068687,-0.16651833,-0.020902464,-0.038894475,-0.24642158,-0.03539976,0.0013109446,-0.3057791,-0.0493313,-0.07900834,-0.21918234,0.0036669013,-0.105584025,-0.27543387,-0.03066015,-0.10558939,-0.21327141,-0.054427747,-0.09830558,-0.15372801,-0.063715495,-0.037759125,-0.22866446,-0.0050914646,-0.07447374,-0.30409008,-0.04343518,-0.07880801,-0.23585424,-0.06238423,-0.07181275,-0.16206044,-0.06294258,0.0060880184,-0.23006052,-0.01768396,-0.026640773,-0.26955384,-0.05353956,-0.02813518,-0.17560625,-0.054683533,-0.02190274,-0.10237038,-0.042451937,0.05041063,-0.22347176,-0.03104491,0.0050030947,-0.2376298,-0.050536323,0.000101327896,-0.1670143,-0.042351242,0.008363783,-0.115457356,-0.028822415
-0.06971693,-0.06186652,-0.0069253216,-0.08115038,-0.16499817,-0.013401586,-0.0350464,-0.24211457,-0.024152283,0.0017032027,-0.30026245,-0.03482236,-0.084242344,-0.20757383,0.015353623,-0.105838865,-0.2587603,-0.011764508,-0.102817714,-0.20457011,-0.033593178,-0.094567955,-0.1460787,-0.043372434,-0.04480791,-0.21760014,0.0062996577,-0.07947534,-0.28425312,-0.024038013,-0.07725233,-0.22008005,-0.04413148,-0.06623566,-0.14834869,-0.048761565,-0.0013346672,-0.21897212,-0.006611929,-0.027083218,-0.27550513,-0.03898132,-0.027647316,-0.19589275,-0.046151258,-0.02300042,-0.12246138,-0.040801827,0.042109787,-0.21357271,-0.019613184,-0.0013563633,-0.23237678,-0.04119794,-0.0068006516,-0.16498065,-0.038906302,-0.0009701848,-0.11077982,-0.03101579
-0.06655353,-0.06125027,-0.0044601355,-0.07969242,-0.16004932,-0.010366777,-0.038912594,-0.23537552,-0.021912303,-0.0035514235,-0.2920896,-0.033550523,-0.080055356,-0.20529419,0.01745943,-0.10177961,-0.25668555,-0.010810975,-0.10248402,-0.20735645,-0.03356793,-0.09768385,-0.14981645,-0.043286458,-0.043752313,-0.21405515,0.0069086566,-0.07685691,-0.27880985,-0.023530358,-0.07850206,-0.22031713,-0.043654386,-0.07135868,-0.15124261,-0.04817849,-0.0025585294,-0.21592528,-0.0073808925,-0.029168665,-0.2677259,-0.039585326,-0.030544817,-0.18673456,-0.045216665,-0.025995433,-0.11279827,-0.038232274,0.04075885,-0.2107271,-0.021764675,-0.0007058382,-0.23603046,-0.041790664,-0.0061728954,-0.17075634,-0.036779143,0.00011140108,-0.115085244,-0.026537564
-0.064955056,-0.058626354,-0.0066462075,-0.076818705,-0.15707451,-0.012724378,-0.03480321,-0.23386496,-0.023675254,0.00016975403,-0.2913867,-0.03455517,-0.07951301,-0.19959992,0.017346378,-0.09950331,-0.2515512,-0.009142945,-0.09905946,-0.20200163,-0.030944632,-0.094002634,-0.14501768,-0.040480785,-0.043415785,-0.20858023,0.008331878,-0.07408726,-0.27431983,-0.020385282,-0.07484466,-0.21794659,-0.040613793,-0.06856692,-0.1505413,-0.04571886,-0.0023307204,-0.21031517,-0.0045310576,-0.02556622,-0.26617196,-0.036030963,-0.027537167,-0.18971556,-0.043322913,-0.02519244,-0.11698896,-0.03799569,0.040804088,-0.20585617,-0.01750867,0.00015252829,-0.23424217,-0.038484972,-0.0053007603,-0.16920155,-0.03496516,0.0006046891,-0.11208403,-0.025902005
-0.066301405,-0.06171149,-0.0043714745,-0.079559684,-0.15662783,-0.009862394,-0.039480746,-0.23163745,-0.02154245,-0.004374802,-0.2875184,-0.03301461,-0.07783139,-0.20211515,0.021575525,-0.100743234,-0.25503567,-0.006824036,-0.10201532,-0.20586571,-0.029361969,-0.097653,-0.14966148,-0.038829215,-0.04307562,-0.21173942,0.011026767,-0.07585704,-0.27894613,-0.020047635,-0.07745123,-0.220765,-0.039991472,-0.07071173,-0.1530065,-0.043731797,-0.003104508,-0.21324351,-0.0036924372,-0.030299962,-0.26360154,-0.036341883,-0.031843424,-0.1833657,-0.041901246,-0.027649999,-0.111286044,-0.034209155,0.039774656,-0.20766154,-0.0186739,-0.0006622076,-0.23369578,-0.038744867,-0.0069929957,-0.17125303,-0.034348447,-0.0017925501,-0.117230296,-0.024162525
-0.06652075,-0.063210726,-0.005913536,-0.077884614,-0.16085583,-0.01351474,-0.034232855,-0.23473838,-0.026113257,0.0009678006,-0.2919567,-0.03888899,-0.07722676,-0.20909825,0.01471739,-0.100770324,-0.25863442,-0.013830159,-0.10220376,-0.20609057,-0.037081905,-0.09714681,-0.14843535,-0.047700297,-0.040476143,-0.2169373,0.0046642176,-0.07555795,-0.2819972,-0.025889607,-0.07708526,-0.22067696,-0.046224967,-0.06959885,-0.15042251,-0.05139221,0.00094366074,-0.21725848,-0.009066341,-0.026215672,-0.27393618,-0.04119131,-0.027705789,-0.19578946,-0.0471759,-0.023330748,-0.12248677,-0.041241426,0.044249475,-0.21047062,-0.022940196,3.0040741e-05,-0.23297891,-0.04452649,-0.005163312,-0.16598856,-0.04084203,0.0017338395,-0.10917926,-0.031700503
-0.064100325,-0.06476778,-0.013542857,-0.07960725,-0.18569976,-0.024556082,-0.035964847,-0.27040997,-0.038898688,0.008852303,-0.3294834,-0.052005548,-0.079119205,-0.23776945,-0.0035311198,-0.10796031,-0.29526713,-0.04323227,-0.1060645,-0.22416145,-0.06947082,-0.09826878,-0.16107869,-0.07990957,-0.03535068,-0.24735078,-0.012501066,-0.076738715,-0.32732922,-0.056759838,-0.08083749,-0.24791011,-0.07456217,-0.07380694,-0.17007911,-0.072644174,0.01089406,-0.2453267,-0.025663486,-0.025802314,-0.2832343,-0.06470221,-0.027502894,-0.17972058,-0.061492465,-0.023139238,-0.10563964,-0.045334958,0.055152774,-0.23304743,-0.0401803,0.010824323,-0.23834208,-0.060152106,0.0067074895,-0.16325468,-0.049611468,0.014830947,-0.116229236,-0.034139697
-0.064100325,-0.06476778,-0.013542857,-0.07960725,-0.18569976,-0.024556082,-0.035964847,-0.27040997,-0.038898688,0.008852303,-0.3294834,-0.052005548,-0.079119205,-0.23776945,-0.0035311198,-0.10796031,-0.29526713,-0.04323227,-0.1060645,-0.22416145,-0.06947082,-0.09826878,-0.16107869,-0.07990957,-0.03535068,-0.24735078,-0.012501066,-0.076738715,-0.32732922,-0.056759838,-0.08083749,-0.24791011,-0.07456217,-0.07380694,-0.17007911,-0.072644174,0.01089406,-0.2453267,-0.025663486,-0.025802314,-0.2832343,-0.06470221,-0.027502894,-0.17972058,-0.061492465,-0.023139238,-0.10563964,-0.045334958,0.055152774,-0.23304743,-0.0401803,0.010824323,-0.23834208,-0.060152106,0.0067074895,-0.16325468,-0.049611468,0.014830947,-0.116229236,-0.034139697
-0.06280315,-0.05855322,-0.01657368,-0.07930088,-0.1849671,-0.029347822,-0.037324786,-0.27017543,-0.044298366,0.010778189,-0.32705578,-0.056752432,-0.075580776,-0.26002106,-0.014680044,-0.11065078,-0.3107919,-0.05755242,-0.10849738,-0.22698388,-0.083283976,-0.09796533,-0.1604963,-0.09297995,-0.027325511,-0.27155715,-0.022814376,-0.07150483,-0.34298354,-0.0700598,-0.07797289,-0.25253773,-0.08410953,-0.0731861,-0.17159748,-0.078423165,0.020318806,-0.2644348,-0.035066146,-0.021736324,-0.2731322,-0.073516294,-0.027605116,-0.16332757,-0.06629216,-0.025752604,-0.090702,-0.047408637,0.06283879,-0.24538964,-0.049364362,0.018210053,-0.22990882,-0.066947915,0.012838125,-0.1587959,-0.054956883,0.019989371,-0.11941284,-0.0385399
-0.063153386,-0.057584584,-0.0180376,-0.07834786,-0.18601757,-0.03128005,-0.035644412,-0.27194703,-0.046625156,0.0134391785,-0.32790995,-0.059465222,-0.075816035,-0.26363748,-0.016037358,-0.111943334,-0.311383,-0.06058633,-0.10834864,-0.22546563,-0.08772374,-0.097052395,-0.15731007,-0.09812618,-0.026312172,-0.27602357,-0.023906963,-0.07063919,-0.34193656,-0.072698064,-0.077356935,-0.2512614,-0.08791983,-0.0739277,-0.17083943,-0.08273188,0.021689415,-0.26808262,-0.03606511,-0.02204585,-0.2660279,-0.075109184,-0.028972685,-0.15668774,-0.068612374,-0.029089749,-0.08575493,-0.050210554,0.062442183,-0.2476331,-0.050466232,0.017264664,-0.21924418,-0.06769871,0.012792528,-0.14872509,-0.0557812,0.020121396,-0.112078965,-0.039376132
-0.06295961,-0.057105064,-0.022848452,-0.076842606,-0.18330777,-0.040100973,-0.029685318,-0.26637232,-0.057782106,0.023329437,-0.31943178,-0.07256175,-0.07356578,-0.27002954,-0.026454011,-0.108168066,-0.30829018,-0.07201289,-0.10664153,-0.21724275,-0.099911556,-0.09567213,-0.15108109,-0.11200733,-0.023006082,-0.2792532,-0.033123028,-0.066684425,-0.33828795,-0.08367328,-0.074496806,-0.24282745,-0.0986676,-0.06980431,-0.16322964,-0.09423063,0.025813997,-0.2671457,-0.04387853,-0.013230741,-0.26044253,-0.08278782,-0.022332668,-0.14736998,-0.07313138,-0.02291137,-0.07591045,-0.053624038,0.06748515,-0.24174255,-0.057480074,0.023047268,-0.21241033,-0.07442568,0.014579475,-0.13801754,-0.060368232,0.019765198,-0.10028988,-0.043181974
-0.06586331,-0.05510986,-0.024461271,-0.08270812,-0.18064016,-0.0421652,-0.036531925,-0.2662915,-0.059822746,0.012408733,-0.32406333,-0.07392382,-0.06858677,-0.2869309,-0.025057508,-0.11425251,-0.31467396,-0.07576557,-0.11343351,-0.22293186,-0.1088932,-0.10057056,-0.15044451,-0.12424254,-0.01571709,-0.2986593,-0.032479476,-0.07265377,-0.33972228,-0.086444505,-0.07960987,-0.23805335,-0.103359036,-0.07403839,-0.15528995,-0.10039281,0.03131783,-0.28343654,-0.045103576,-0.023812175,-0.25293103,-0.08656355,-0.031571984,-0.14107847,-0.077763565,-0.03156823,-0.073602855,-0.059627946,0.06476337,-0.25089478,-0.061194964,0.012218416,-0.19202507,-0.08155417,0.007736385,-0.11808646,-0.07026984,0.014972746,-0.08744526,-0.05511028
-0.063883066,-0.06054473,-0.018992987,-0.08003098,-0.1869027,-0.033528537,-0.03646201,-0.27247447,-0.04933504,0.011955678,-0.32831,-0.06273142,-0.04841298,-0.28903836,-0.018542193,-0.102246284,-0.3198556,-0.0647862,-0.1112712,-0.22778314,-0.093711,-0.10261658,-0.15070242,-0.10586286,-0.0014823675,-0.2946135,-0.027532898,-0.07355982,-0.34363702,-0.07553568,-0.08741844,-0.24806818,-0.08965,-0.08252585,-0.16525722,-0.08560041,0.03964889,-0.27741435,-0.041259494,-0.030593038,-0.2611791,-0.080514684,-0.03733915,-0.15282679,-0.072565384,-0.031574547,-0.082758546,-0.0552531,0.07011795,-0.24526379,-0.0576001,0.0049051642,-0.20197886,-0.07826186,0.003425479,-0.12853062,-0.06778334,0.017370045,-0.09223515,-0.05297783
-0.062850535,-0.073107004,-0.016127672,-0.073935926,-0.19908923,-0.031676594,-0.029237151,-0.28191912,-0.050027095,0.01832354,-0.3362143,-0.0666216,-0.038502753,-0.29949915,-0.015463828,-0.096928,-0.3303483,-0.064080946,-0.110794425,-0.23786432,-0.09511791,-0.10477665,-0.15977496,-0.10809775,0.0063388348,-0.300735,-0.026365297,-0.06922102,-0.3422975,-0.07832312,-0.08663595,-0.24347532,-0.09473963,-0.08387256,-0.15849191,-0.09153196,0.04573852,-0.28134948,-0.042039502,-0.031173646,-0.26596078,-0.08433643,-0.03907162,-0.15635228,-0.07761295,-0.032317817,-0.08450329,-0.060110725,0.07549769,-0.24795392,-0.059997212,0.004178226,-0.21116757,-0.082168445,0.00013107061,-0.13590837,-0.07189586,0.013139844,-0.09621465,-0.056581013
-0.066889584,-0.083425164,-0.0133240055,-0.076063454,-0.20917708,-0.028752508,-0.03446579,-0.28924075,-0.047609396,0.014076948,-0.33973622,-0.06482223,-0.02947402,-0.30218074,-0.014494722,-0.0916481,-0.3371474,-0.061981805,-0.11284429,-0.24512959,-0.09134006,-0.11238396,-0.17135012,-0.10340504,0.012343645,-0.30226767,-0.026593918,-0.06668627,-0.35252142,-0.07612624,-0.09201068,-0.26011378,-0.091395184,-0.09501773,-0.1802479,-0.08847018,0.048710823,-0.28262445,-0.043020777,-0.036589146,-0.2659784,-0.08325099,-0.047981143,-0.15865314,-0.07651035,-0.041229725,-0.08956069,-0.059897006,0.07648826,-0.24934587,-0.061506826,-0.0032863617,-0.2173906,-0.08161593,-0.008876264,-0.1408112,-0.07067438,0.0052292347,-0.09952402,-0.055547368
-0.07164878,-0.11032754,-0.012087862,-0.07555467,-0.2235713,-0.028659003,-0.031319678,-0.29441872,-0.049783163,0.019181013,-0.3337599,-0.069033094,-0.01255995,-0.3230252,-0.0073905024,-0.08886236,-0.35663858,-0.056476563,-0.11881381,-0.27220032,-0.08915872,-0.118266225,-0.19668412,-0.10396118,0.025406122,-0.3179284,-0.021069504,-0.06870556,-0.36034355,-0.07242376,-0.09678638,-0.26818168,-0.09067488,-0.0952456,-0.18538022,-0.09105401,0.053001285,-0.2938112,-0.040144946,-0.046260953,-0.27287167,-0.08144536,-0.059242904,-0.1751309,-0.07942848,-0.04564905,-0.10719979,-0.0670489,0.068077624,-0.2569017,-0.06194339,-0.025346398,-0.22661176,-0.083076105,-0.037199497,-0.15370995,-0.078090236,-0.023665905,-0.11074698,-0.068169765
-0.073274076,-0.109902024,-0.008769146,-0.080165505,-0.22261512,-0.024681292,-0.03989458,-0.29585007,-0.046094626,0.007252574,-0.3384725,-0.06555286,-0.017346442,-0.3243017,-0.0041716453,-0.0927667,-0.35988295,-0.051764037,-0.11888909,-0.2725509,-0.08339233,-0.114678144,-0.197617,-0.09810123,0.022047818,-0.31977051,-0.020527374,-0.07226491,-0.35618156,-0.07070893,-0.09625584,-0.25950292,-0.088021226,-0.09059942,-0.17749804,-0.08843023,0.050415397,-0.2939758,-0.042162653,-0.04823214,-0.27597255,-0.08317785,-0.058357418,-0.17489469,-0.07957241,-0.042217433,-0.10660446,-0.06665612,0.065680206,-0.2542173,-0.066182315,-0.02866596,-0.22274867,-0.08815382,-0.04027933,-0.14859307,-0.0823707,-0.025530875,-0.106535554,-0.072059005
-0.07151133,-0.09805918,-0.013783238,-0.07849449,-0.21661061,-0.029521368,-0.03587103,-0.29431444,-0.049599208,0.013043225,-0.34084702,-0.0673994,-0.02047056,-0.31907016,-0.00786555,-0.0933643,-0.3516786,-0.058776006,-0.11714554,-0.26159424,-0.0910835,-0.11539894,-0.18321824,-0.10413853,0.020913482,-0.31612045,-0.020986049,-0.06742746,-0.3576805,-0.07226365,-0.093553126,-0.25898322,-0.088700995,-0.09488547,-0.17319834,-0.08667971,0.05274701,-0.29250786,-0.04002267,-0.0432871,-0.2687719,-0.08057036,-0.05788052,-0.16512245,-0.07607307,-0.04983747,-0.09557247,-0.06167136,0.07139295,-0.2544019,-0.061981715,-0.016558409,-0.21826527,-0.08085349,-0.026854873,-0.14392859,-0.07278058,-0.013764858,-0.10219377,-0.06049511
-0.06707096,-0.092366636,-0.013581897,-0.07423365,-0.21183372,-0.02959014,-0.031243026,-0.29056174,-0.04983028,0.020644724,-0.3363308,-0.06774599,-0.02347809,-0.31010336,-0.008369778,-0.08740401,-0.3465982,-0.057363674,-0.10948682,-0.25327748,-0.0879488,-0.10819566,-0.17755961,-0.100345924,0.019116461,-0.30975586,-0.021365907,-0.060755372,-0.3548052,-0.06981087,-0.087258935,-0.25962463,-0.08468846,-0.08938843,-0.18085521,-0.082095325,0.053318918,-0.2875021,-0.03986078,-0.03372842,-0.26766935,-0.07848793,-0.04991275,-0.1637404,-0.07222487,-0.044504344,-0.09739745,-0.056953397,0.075708926,-0.24986655,-0.060941674,-0.0046470165,-0.21651056,-0.07813583,-0.013753951,-0.14176911,-0.067428514,-0.00039333105,-0.102004826,-0.053452734
-0.061642587,-0.0740239,-0.021175636,-0.06569004,-0.21273649,-0.035639606,-0.0060207844,-0.28559303,-0.051760666,0.056356132,-0.32494366,-0.065233864,-0.04782927,-0.29113603,-0.01833568,-0.08374417,-0.33276498,-0.064643145,-0.08773577,-0.24111068,-0.09429691,-0.08093536,-0.16944242,-0.10708368,0.0043953657,-0.2961744,-0.025888948,-0.038449645,-0.35881835,-0.07754734,-0.05580592,-0.2665082,-0.0956122,-0.05962962,-0.18371898,-0.092498854,0.051822722,-0.27884755,-0.038129337,0.003665924,-0.26781833,-0.076252505,-0.014126301,-0.15730977,-0.070225276,-0.019825757,-0.08732134,-0.05335594,0.08658683,-0.24827436,-0.053464502,0.034968317,-0.21023506,-0.06866653,0.026305377,-0.1408298,-0.0572791,0.035185635,-0.10932189,-0.042463634
-0.056712925,-0.07251704,-0.017733732,-0.057648182,-0.20561856,-0.03186966,-0.0019927025,-0.28210938,-0.048716713,0.052603543,-0.32830995,-0.06288308,-0.049648464,-0.28262535,-0.014865433,-0.077124834,-0.33495322,-0.058840696,-0.082981944,-0.2480416,-0.0854919,-0.08056706,-0.17891884,-0.09601765,0.0013921261,-0.28293872,-0.024229312,-0.03359431,-0.35131583,-0.07125425,-0.05044365,-0.25706983,-0.08533282,-0.05380833,-0.17618853,-0.08062056,0.05036384,-0.26245183,-0.03846596,0.016125739,-0.26740414,-0.075217046,-0.003679216,-0.15867615,-0.06640386,-0.010689497,-0.088801205,-0.04763243,0.09194499,-0.22950572,-0.055235453,0.054206252,-0.22416091,-0.06969417,0.03932637,-0.15534115,-0.055257242,0.040683985,-0.116853535,-0.03821204
-0.055446148,-0.07335365,-0.021703321,-0.052667677,-0.2107881,-0.0368055,0.007968366,-0.28514308,-0.053141315,0.06391907,-0.32879686,-0.066507444,-0.050889075,-0.28543752,-0.019717267,-0.071954906,-0.33172345,-0.062417958,-0.07410097,-0.23958755,-0.08899013,-0.07139963,-0.16690087,-0.100058235,0.0026882887,-0.2840373,-0.026234472,-0.027046263,-0.3485459,-0.0721956,-0.042174995,-0.25012985,-0.085692555,-0.04445684,-0.1678654,-0.08129382,0.05370474,-0.26019084,-0.03759672,0.028615892,-0.27458677,-0.07296608,0.007046461,-0.1647309,-0.06281466,-0.0017297268,-0.09222418,-0.043815218,0.09524763,-0.22502133,-0.051791236,0.06564522,-0.2253069,-0.065745786,0.048914075,-0.15756893,-0.050813857,0.048624516,-0.1206516,-0.033804916
-0.05600041,-0.076128125,-0.022521773,-0.049976945,-0.21382508,-0.038530994,0.015383303,-0.2864552,-0.05592797,0.07487792,-0.3283437,-0.070197836,-0.05467826,-0.26683983,-0.025127469,-0.06951833,-0.3341201,-0.068786785,-0.068858504,-0.24960914,-0.09479047,-0.06422019,-0.17752177,-0.104905225,-0.0023527741,-0.26311973,-0.03157768,-0.019732535,-0.34724307,-0.0793705,-0.03302759,-0.25427383,-0.0935181,-0.034319937,-0.17320824,-0.08919048,0.048899353,-0.23968762,-0.0426377,0.03915584,-0.27387917,-0.08114351,0.013073623,-0.16400516,-0.07175035,0.00035262108,-0.08717656,-0.051731788,0.09262276,-0.20729488,-0.05616398,0.07755697,-0.23844817,-0.072298706,0.05746776,-0.17615384,-0.056891613,0.052868187,-0.13392293,-0.03884709
-0.054677904,-0.074008405,-0.023803044,-0.04667741,-0.21091616,-0.039996095,0.020354748,-0.28289938,-0.057054743,0.07801795,-0.32750607,-0.07050671,-0.056793213,-0.26617128,-0.023219408,-0.06519389,-0.33617163,-0.066646695,-0.06306356,-0.25155634,-0.09259469,-0.0593791,-0.178572,-0.1025948,-0.004030645,-0.2605747,-0.028751755,-0.016554475,-0.34920955,-0.07627402,-0.02627647,-0.25550303,-0.09043296,-0.026899219,-0.17469591,-0.08589804,0.04829812,-0.23620105,-0.039008673,0.04547447,-0.28088817,-0.07742936,0.0225299,-0.17026663,-0.066349216,0.0084891915,-0.094013155,-0.045069754,0.093752444,-0.20441598,-0.05184402,0.08225292,-0.2392976,-0.06776129,0.06433803,-0.1755526,-0.050926507,0.05883211,-0.13492984,-0.031671084
-0.054280758,-0.07124394,-0.02370111,-0.047920525,-0.21181563,-0.03948035,0.019918144,-0.28387338,-0.056359407,0.078422725,-0.3277712,-0.06968723,-0.05816078,-0.26283923,-0.02242048,-0.066681504,-0.34098706,-0.066326484,-0.06239021,-0.25857973,-0.092449486,-0.056336224,-0.18661767,-0.102497905,-0.005182743,-0.25860482,-0.02789513,-0.01785475,-0.35627168,-0.07772805,-0.026094794,-0.26163104,-0.09326178,-0.024455965,-0.18075508,-0.088725045,0.046972513,-0.23387903,-0.037917875,0.043839633,-0.28677386,-0.07848987,0.022571325,-0.17078686,-0.067399256,0.0102210045,-0.091478646,-0.04503046,0.09165913,-0.2020793,-0.050389085,0.07967758,-0.23951611,-0.06830077,0.062141836,-0.17316222,-0.051734205,0.05701959,-0.1316768,-0.03199865
-0.055382133,-0.071940005,-0.023480173,-0.050552845,-0.20888498,-0.039634455,0.014354765,-0.282532,-0.05704381,0.067756295,-0.33140123,-0.07065308,-0.060423136,-0.26635116,-0.019517437,-0.0707975,-0.34184432,-0.0641455,-0.0655244,-0.26064256,-0.09149485,-0.058873594,-0.18739104,-0.10209787,-0.007947743,-0.26344624,-0.025598375,-0.02201724,-0.3575498,-0.0756867,-0.028650224,-0.2644197,-0.09220405,-0.026338577,-0.18302304,-0.088234626,0.044198334,-0.2397955,-0.036506873,0.040400922,-0.28813475,-0.07746726,0.02056998,-0.1724233,-0.06658515,0.009127259,-0.09318119,-0.044376664,0.089960575,-0.2074449,-0.049985442,0.0765453,-0.23924103,-0.06877335,0.060643137,-0.17058831,-0.052535757,0.05727154,-0.12893707,-0.03278167
-0.054656625,-0.06771088,-0.022395246,-0.054225028,-0.20760757,-0.036301896,0.00581336,-0.28825003,-0.05155484,0.05397737,-0.34531653,-0.062487286,-0.06300068,-0.26484713,-0.016283387,-0.07238275,-0.34379032,-0.05958015,-0.06563449,-0.26548958,-0.08567907,-0.058719695,-0.19345969,-0.0952665,-0.011172056,-0.26443246,-0.022298275,-0.025480151,-0.3614602,-0.069509044,-0.030632079,-0.27371457,-0.08501378,-0.02776426,-0.19480395,-0.08085355,0.040946364,-0.24324882,-0.03335303,0.037112713,-0.28784966,-0.07272633,0.018451154,-0.17312741,-0.062428955,0.0074585676,-0.095498085,-0.041033525,0.08784199,-0.21238229,-0.04695604,0.0750612,-0.24333847,-0.06523117,0.060452163,-0.17915052,-0.05011979,0.057350457,-0.1413483,-0.031476617
-0.053299546,-0.06756055,-0.022229156,-0.052062213,-0.20434356,-0.037110027,0.0077883005,-0.28327313,-0.05381025,0.058161676,-0.33728227,-0.06650429,-0.065374136,-0.26134294,-0.017180597,-0.07485229,-0.34354848,-0.06270636,-0.0685609,-0.26574668,-0.09019567,-0.061714172,-0.19314963,-0.1007478,-0.012481928,-0.26212472,-0.024046848,-0.026366651,-0.36082786,-0.07557035,-0.03231764,-0.26713896,-0.092166245,-0.029546678,-0.18513644,-0.08774821,0.040416896,-0.23998624,-0.035989974,0.034576714,-0.2909278,-0.07802541,0.017176926,-0.17415494,-0.06687477,0.007228017,-0.095953226,-0.04417937,0.08762026,-0.20944634,-0.050418492,0.074976146,-0.2408478,-0.07027271,0.06069821,-0.1754899,-0.054892916,0.05730021,-0.13829744,-0.03560591
-0.053748667,-0.07458502,-0.022666518,-0.051125407,-0.2140201,-0.037636846,0.010116041,-0.29097885,-0.05441719,0.062139213,-0.3421018,-0.06722848,-0.058911204,-0.26797825,-0.01624111,-0.07079601,-0.34387285,-0.059778526,-0.065579355,-0.26383957,-0.08584456,-0.058224857,-0.19375932,-0.09538236,-0.008749962,-0.26641783,-0.02240205,-0.023898602,-0.36262393,-0.07103936,-0.031141758,-0.2720461,-0.08578292,-0.029291213,-0.19022638,-0.080340564,0.042230606,-0.2447766,-0.03381499,0.036190927,-0.29240182,-0.074273735,0.016699731,-0.17768496,-0.06450744,0.0059477687,-0.09721404,-0.042735726,0.08820665,-0.21418536,-0.047801394,0.07527,-0.24736845,-0.06546144,0.05781567,-0.18055296,-0.05021084,0.05259025,-0.13719481,-0.031383626
-0.05237198,-0.067671955,-0.021009834,-0.052214324,-0.20681214,-0.035300758,0.006575167,-0.28569996,-0.051040173,0.060974836,-0.33325553,-0.063394055,-0.058825433,-0.27239653,-0.020309845,-0.073857784,-0.33734196,-0.064387485,-0.07025361,-0.25110132,-0.09058214,-0.064141214,-0.17968178,-0.10035088,-0.0068950653,-0.27194864,-0.027032848,-0.026778996,-0.35914204,-0.07497339,-0.03549981,-0.26646775,-0.08758657,-0.03558159,-0.18240678,-0.081005014,0.04439038,-0.25109005,-0.03851516,0.029647112,-0.28471854,-0.07664645,0.012899399,-0.17118251,-0.0657115,0.0034067035,-0.09373993,-0.044436302,0.08955628,-0.22106174,-0.052539382,0.06708294,-0.23372573,-0.068354055,0.050671875,-0.1643557,-0.05294323,0.047658622,-0.12375635,-0.034617417
-0.053010225,-0.06947565,-0.020948255,-0.053091526,-0.21188924,-0.03483663,0.007531762,-0.29050377,-0.050016414,0.06398511,-0.33712554,-0.06183946,-0.0581339,-0.26944742,-0.021874912,-0.07309216,-0.34062588,-0.06443951,-0.07084966,-0.25457737,-0.08940683,-0.0650664,-0.18261832,-0.09869768,-0.0067316294,-0.26873168,-0.028057097,-0.026639283,-0.3614095,-0.07492852,-0.03600824,-0.27045715,-0.087480545,-0.03590262,-0.18691713,-0.08140695,0.044618666,-0.24803784,-0.03861406,0.032937527,-0.28857958,-0.075877704,0.014374495,-0.17211616,-0.06466807,0.0031977892,-0.09079343,-0.043431446,0.09019613,-0.21844724,-0.051639818,0.07036775,-0.24058855,-0.06759641,0.053485394,-0.17328423,-0.052174937,0.049591243,-0.13165724,-0.034002285
-0.051293373,-0.07480681,-0.021509165,-0.049357355,-0.21273938,-0.03640443,0.008988678,-0.29073682,-0.052728094,0.062907934,-0.33907473,-0.065834604,-0.054460466,-0.2754708,-0.019105013,-0.07003498,-0.33806872,-0.06264958,-0.068285644,-0.2518007,-0.08877856,-0.06367183,-0.17902505,-0.09824808,-0.004779935,-0.2713029,-0.025493382,-0.025964797,-0.3586466,-0.07271217,-0.035827935,-0.26721752,-0.085216604,-0.03628248,-0.18141103,-0.07864964,0.04593116,-0.24840194,-0.036747623,0.033337772,-0.28659564,-0.076170705,0.015278518,-0.17446113,-0.06569445,0.0050016046,-0.09402627,-0.044030283,0.09146768,-0.21640167,-0.050377615,0.0720793,-0.24027458,-0.066993915,0.05401051,-0.16964108,-0.050659567,0.048529983,-0.12347567,-0.031269122
-0.054279745,-0.06647152,-0.021818241,-0.054463744,-0.20571631,-0.036506236,0.004283905,-0.2844656,-0.05275553,0.05777824,-0.33266252,-0.06565651,-0.05702138,-0.2710524,-0.02097584,-0.07496989,-0.33738136,-0.066285096,-0.07398808,-0.25058007,-0.09235516,-0.06914657,-0.17821473,-0.101480365,-0.0070611835,-0.26863053,-0.027364332,-0.030458748,-0.3579082,-0.07689799,-0.04038,-0.2629276,-0.08891637,-0.040418863,-0.17772567,-0.08145117,0.043339312,-0.24691013,-0.038796376,0.026238441,-0.28538138,-0.07971785,0.009741962,-0.17092735,-0.0684331,0.0020692945,-0.092167795,-0.04591353,0.08879006,-0.21645856,-0.052641716,0.067070305,-0.2417002,-0.071000576,0.049705505,-0.17111707,-0.05542911,0.046226084,-0.12638319,-0.036310017
-0.054780662,-0.06878954,-0.017829895,-0.05625713,-0.20641625,-0.030506395,-0.0011475086,-0.28882888,-0.045663353,0.05038756,-0.34206384,-0.05765597,-0.061953485,-0.27139893,-0.014256372,-0.079960644,-0.33859885,-0.057618372,-0.078980565,-0.25381187,-0.08321205,-0.073615134,-0.18223453,-0.09236004,-0.010819912,-0.2717433,-0.02248124,-0.034222722,-0.35985827,-0.06993561,-0.044352114,-0.26864928,-0.082997516,-0.04423374,-0.18532598,-0.07663162,0.039967418,-0.2517545,-0.035514127,0.021078765,-0.2869804,-0.07472818,0.005178809,-0.17384452,-0.06476101,-0.0019838214,-0.096818864,-0.043645367,0.08508521,-0.22183925,-0.050622568,0.058906376,-0.24040276,-0.06812338,0.04445207,-0.17102927,-0.05327188,0.044227242,-0.1297602,-0.034888085
-0.053657115,-0.07213783,-0.01746012,-0.05718106,-0.2088846,-0.03046789,-0.0016837716,-0.29074737,-0.046202566,0.05198711,-0.3399745,-0.05866954,-0.06643957,-0.26445332,-0.016129738,-0.08017415,-0.34199554,-0.05893788,-0.07794207,-0.2585646,-0.083944805,-0.07267487,-0.1888892,-0.09324549,-0.016035974,-0.26520813,-0.024752924,-0.034570456,-0.36260003,-0.07299633,-0.042944074,-0.27195123,-0.08646573,-0.04177308,-0.18944079,-0.08025733,0.035380065,-0.24686667,-0.03785242,0.021172822,-0.2928696,-0.07738237,0.007263601,-0.17983061,-0.06763066,0.00082314014,-0.10143614,-0.046377007,0.08281344,-0.22007257,-0.052943923,0.06077546,-0.24589765,-0.07034279,0.047136843,-0.17981344,-0.055883516,0.046865404,-0.13997692,-0.03790723
-0.054863513,-0.078663945,-0.017114269,-0.055083036,-0.21594197,-0.03057837,0.0038688183,-0.29428944,-0.047137827,0.05724901,-0.34210005,-0.060409494,-0.0636403,-0.2707398,-0.014016194,-0.07629806,-0.34336936,-0.057231303,-0.073286235,-0.2569574,-0.083402276,-0.06769371,-0.18350601,-0.0932991,-0.0133677125,-0.269948,-0.023173459,-0.03234464,-0.36476976,-0.07161527,-0.041774392,-0.2723569,-0.08625283,-0.040336847,-0.18714017,-0.08090662,0.03798896,-0.25020534,-0.03697423,0.027046204,-0.2983662,-0.07603761,0.010818243,-0.18553764,-0.066519804,0.0035469532,-0.104784906,-0.045443594,0.08458483,-0.22143698,-0.052906554,0.06568092,-0.25083846,-0.0694814,0.050745368,-0.18524152,-0.054546457,0.049658358,-0.14358294,-0.036229186
-0.056908667,-0.07377839,-0.018257985,-0.058366597,-0.21057203,-0.03159541,0.00078082085,-0.29046905,-0.04762532,0.057235897,-0.33934426,-0.060500298,-0.062947035,-0.26956606,-0.013383302,-0.08036214,-0.3413117,-0.056288328,-0.0791927,-0.25878516,-0.08263886,-0.074362695,-0.1883921,-0.09268886,-0.012598515,-0.26886135,-0.021757573,-0.035043836,-0.3619659,-0.0694494,-0.045033634,-0.2730112,-0.084241785,-0.045134008,-0.1893413,-0.07918773,0.03814423,-0.24949887,-0.034858823,0.023501039,-0.29196805,-0.07446865,0.006904125,-0.17861187,-0.0652302,-0.0010682344,-0.09857535,-0.04419086,0.08381277,-0.22053453,-0.050185103,0.061460853,-0.24809247,-0.068398535,0.046774447,-0.17997491,-0.05377722,0.045802712,-0.13566178,-0.03528615
-0.056908667,-0.07377839,-0.018257985,-0.058366597,-0.21057203,-0.03159541,0.00078082085,-0.29046905,-0.04762532,0.057235897,-0.33934426,-0.060500298,-0.062947035,-0.26956606,-0.013383302,-0.08036214,-0.3413117,-0.056288328,-0.0791927,-0.25878516,-0.08263886,-0.074362695,-0.1883921,-0.09268886,-0.012598515,-0.26886135,-0.021757573,-0.035043836,-0.3619659,-0.0694494,-0.045033634,-0.2730112,-0.084241785,-0.045134008,-0.1893413,-0.07918773,0.03814423,-0.24949887,-0.034858823,0.023501039,-0.29196805,-0.07446865,0.006904125,-0.17861187,-0.0652302,-0.0010682344,-0.09857535,-0.04419086,0.08381277,-0.22053453,-0.050185103,0.061460853,-0.24809247,-0.068398535,0.046774447,-0.17997491,-0.05377722,0.045802712,-0.13566178,-0.03528615
-0.05554223,-0.07251674,-0.016680898,-0.05801767,-0.21051481,-0.0289263,0.00039839745,-0.2895546,-0.04422412,0.056105256,-0.3366875,-0.056693736,-0.06403679,-0.26684937,-0.013570053,-0.080335855,-0.33978325,-0.05683059,-0.08018845,-0.25627708,-0.083165385,-0.07531047,-0.18532914,-0.0932588,-0.013264716,-0.26718685,-0.023014124,-0.033741772,-0.36639112,-0.071667224,-0.044896483,-0.27810356,-0.08656534,-0.04473561,-0.19444627,-0.081154756,0.038104415,-0.24784237,-0.0369147,0.023572087,-0.29607698,-0.07677562,0.0074005127,-0.18114364,-0.0673914,-0.00023925304,-0.10079026,-0.046122544,0.08396304,-0.21902862,-0.05287585,0.061028242,-0.24575743,-0.07094375,0.046424687,-0.17845505,-0.05631845,0.04586196,-0.13658857,-0.03792308
-0.058101535,-0.0769667,-0.017528916,-0.06105405,-0.2142638,-0.03062733,-0.0015749931,-0.29279572,-0.04676866,0.059043765,-0.3354573,-0.059654176,-0.06495386,-0.2710448,-0.014193313,-0.08318424,-0.34617066,-0.058048677,-0.08090955,-0.2614659,-0.08405964,-0.07482338,-0.19391525,-0.093760155,-0.013459086,-0.27105722,-0.023118796,-0.035138726,-0.36608315,-0.073660456,-0.045364738,-0.27471817,-0.08893813,-0.04597056,-0.19162548,-0.08303821,0.037704468,-0.25288764,-0.036631342,0.020247936,-0.29028067,-0.07763867,0.0032805204,-0.17716646,-0.069828056,-0.0051428676,-0.09860718,-0.04888136,0.08249712,-0.22586206,-0.052284066,0.056512117,-0.24401122,-0.06961348,0.041243017,-0.17608726,-0.055780802,0.0402655,-0.1331442,-0.037748113
-0.055062354,-0.07268107,-0.017176537,-0.057427824,-0.21081856,-0.029949097,0.0010290742,-0.28999192,-0.045473643,0.058000028,-0.33866698,-0.05814708,-0.062806964,-0.27098772,-0.013878014,-0.07984781,-0.3403901,-0.05720443,-0.07876092,-0.25599077,-0.0840474,-0.07401204,-0.18420023,-0.0944014,-0.012541592,-0.2705503,-0.022858927,-0.03460586,-0.3639028,-0.070722,-0.044698358,-0.27416953,-0.08570188,-0.044607103,-0.18986475,-0.080646366,0.038374424,-0.25169015,-0.03632128,0.024563968,-0.29466173,-0.075602874,0.0086964965,-0.17893451,-0.066272736,0.0004968643,-0.097569525,-0.045214873,0.08382779,-0.22327259,-0.05189229,0.060198843,-0.24544266,-0.06934498,0.045703053,-0.1763367,-0.054243255,0.0446136,-0.1334011,-0.035540886
-0.060382545,-0.074781775,-0.016312117,-0.06412667,-0.20418179,-0.029396346,-0.009589314,-0.28602588,-0.04511594,0.0396322,-0.34197906,-0.05839193,-0.073070586,-0.2622614,-0.009587482,-0.09101665,-0.32535744,-0.04916295,-0.0857687,-0.2479904,-0.07461006,-0.07735294,-0.17863423,-0.08453948,-0.022725224,-0.26627085,-0.017641086,-0.05203253,-0.35540396,-0.061871845,-0.055624545,-0.27255657,-0.07781536,-0.047414184,-0.18928981,-0.07453137,0.028414428,-0.2519637,-0.029864267,0.010184467,-0.298117,-0.06740301,0.0014839172,-0.18724322,-0.060438372,0.00031363964,-0.105261564,-0.041562308,0.07504141,-0.22741798,-0.04383111,0.046786666,-0.25044453,-0.061326303,0.037150025,-0.18335456,-0.048326712,0.04004067,-0.14112687,-0.031347338
-0.060382545,-0.074781775,-0.016312117,-0.06412667,-0.20418179,-0.029396346,-0.009589314,-0.28602588,-0.04511594,0.0396322,-0.34197906,-0.05839193,-0.073070586,-0.2622614,-0.009587482,-0.09101665,-0.32535744,-0.04916295,-0.0857687,-0.2479904,-0.07461006,-0.07735294,-0.17863423,-0.08453948,-0.022725224,-0.26627085,-0.017641086,-0.05203253,-0.35540396,-0.061871845,-0.055624545,-0.27255657,-0.07781536,-0.047414184,-0.18928981,-0.07453137,0.028414428,-0.2519637,-0.029864267,0.010184467,-0.298117,-0.06740301,0.0014839172,-0.18724322,-0.060438372,0.00031363964,-0.105261564,-0.041562308,0.07504141,-0.22741798,-0.04383111,0.046786666,-0.25044453,-0.061326303,0.037150025,-0.18335456,-0.048326712,0.04004067,-0.14112687,-0.031347338
-0.06605768,-0.079764366,-0.014444094,-0.07439345,-0.19581515,-0.025262173,-0.021321714,-0.27592075,-0.040774267,0.029007256,-0.32989627,-0.054283716,-0.081887126,-0.25301465,0.008626978,-0.10297692,-0.31481394,-0.026248042,-0.096634924,-0.2512513,-0.05232251,-0.08822107,-0.18977278,-0.063939676,-0.037135303,-0.2565301,0.00010739188,-0.06549752,-0.33679122,-0.03917671,-0.06556642,-0.26306644,-0.060513567,-0.058988333,-0.18396336,-0.063245974,0.010957122,-0.24719793,-0.013543918,-0.0025064945,-0.3035268,-0.052493084,-0.013161182,-0.20252413,-0.05594547,-0.01818192,-0.11609548,-0.04465212,0.05876887,-0.22738218,-0.028579708,0.032458186,-0.25597775,-0.05199671,0.019780695,-0.18854713,-0.047408327,0.017770052,-0.13241935,-0.036096793
-0.06803006,-0.077715695,-0.011340262,-0.078651726,-0.1856938,-0.01874864,-0.027905583,-0.26202327,-0.0318363,0.022816658,-0.3097729,-0.043037634,-0.08115524,-0.23547441,0.019986907,-0.10392243,-0.3028881,-0.012136659,-0.09873623,-0.24733892,-0.03716658,-0.09074974,-0.19135922,-0.04810052,-0.037198365,-0.24206087,0.011507435,-0.06621337,-0.32391897,-0.026464263,-0.06694919,-0.25848323,-0.049057227,-0.06224376,-0.18585235,-0.052417807,0.009580135,-0.2368288,-0.0023537667,-0.009052575,-0.2926263,-0.040593363,-0.017130136,-0.19934338,-0.046994124,-0.021373272,-0.118499875,-0.037309296,0.056231618,-0.22233245,-0.01742352,0.027108848,-0.25257394,-0.040974673,0.0150719285,-0.19105363,-0.038525045,0.011761844,-0.13673943,-0.028353626
-0.069749415,-0.07786453,-0.01069884,-0.0793643,-0.18267286,-0.017361846,-0.028488457,-0.25894508,-0.029987998,0.02112031,-0.30724034,-0.040928867,-0.08371329,-0.23125574,0.023835065,-0.10606092,-0.29780853,-0.0076629273,-0.10081494,-0.24299845,-0.03316464,-0.09252888,-0.18697369,-0.044734355,-0.040401578,-0.238238,0.015103492,-0.07071364,-0.31970483,-0.022481736,-0.07111603,-0.25859445,-0.04708018,-0.06570494,-0.18878609,-0.052430492,0.0060285926,-0.23438576,0.0008905757,-0.015210092,-0.29104915,-0.038569774,-0.022096813,-0.20042682,-0.047362752,-0.024679005,-0.120518565,-0.03942088,0.052158237,-0.22206679,-0.014341898,0.019616067,-0.2496081,-0.040097486,0.009170353,-0.18623304,-0.039457463,0.00890851,-0.13147068,-0.030470813
-0.06878048,-0.06736219,-0.008835061,-0.08066106,-0.1718275,-0.012869846,-0.034051895,-0.24812254,-0.022266237,0.009390473,-0.29980248,-0.030475242,-0.08640784,-0.21947396,0.027368436,-0.10513151,-0.28843933,0.0011611424,-0.100869715,-0.23779285,-0.020124814,-0.093399525,-0.1831811,-0.02854192,-0.044111013,-0.22727129,0.019144084,-0.06987679,-0.3103405,-0.011213768,-0.07073486,-0.25124377,-0.031349,-0.065229595,-0.18263268,-0.033594687,0.0014891028,-0.22497874,0.0058278786,-0.017868698,-0.28349105,-0.027901804,-0.021957397,-0.19862384,-0.034325745,-0.022475481,-0.12452048,-0.025564654,0.0485754,-0.21552765,-0.008009593,0.013617635,-0.25425404,-0.029062012,0.005224228,-0.18615407,-0.02327884,0.006786227,-0.12669688,-0.010906968
-0.06878048,-0.06736219,-0.008835061,-0.08066106,-0.1718275,-0.012869846,-0.034051895,-0.24812254,-0.022266237,0.009390473,-0.29980248,-0.030475242,-0.08640784,-0.21947396,0.027368436,-0.10513151,-0.28843933,0.0011611424,-0.100869715,-0.23779285,-0.020124814,-0.093399525,-0.1831811,-0.02854192,-0.044111013,-0.22727129,0.019144084,-0.06987679,-0.3103405,-0.011213768,-0.07073486,-0.25124377,-0.031349,-0.065229595,-0.18263268,-0.033594687,0.0014891028,-0.22497874,0.0058278786,-0.017868698,-0.28349105,-0.027901804,-0.021957397,-0.19862384,-0.034325745,-0.022475481,-0.12452048,-0.025564654,0.0485754,-0.21552765,-0.008009593,0.013617635,-0.25425404,-0.029062012,0.005224228,-0.18615407,-0.02327884,0.006786227,-0.12669688,-0.010906968
-0.06881648,-0.06644541,-0.005503078,-0.08216059,-0.16196203,-0.0087065,-0.041542888,-0.23704705,-0.018596958,-0.0049560666,-0.29084003,-0.027597293,-0.089767754,-0.2082079,0.032395545,-0.10628894,-0.27428705,0.0041539343,-0.10019788,-0.22822088,-0.019332372,-0.09157395,-0.17196321,-0.028576262,-0.047733366,-0.21855554,0.0222743,-0.07197082,-0.30034292,-0.008732224,-0.06975305,-0.24642876,-0.030202674,-0.062199175,-0.17870659,-0.033470463,-0.0017414093,-0.21815318,0.0070191477,-0.02104032,-0.2734839,-0.026945401,-0.022228777,-0.19092476,-0.03274663,-0.02109021,-0.11835867,-0.023580844,0.04529798,-0.20894048,-0.008603141,0.011849523,-0.2447052,-0.028301843,0.0049188137,-0.17953587,-0.021048553,0.006906569,-0.12266868,-0.0078034913
-0.06940144,-0.06966871,-0.006743348,-0.07978958,-0.17160451,-0.011990798,-0.0335688,-0.24863255,-0.023492394,0.00886327,-0.30294734,-0.034106426,-0.085194826,-0.21635744,0.025410486,-0.10483232,-0.28408894,-0.002750504,-0.1012533,-0.23368153,-0.025036234,-0.093438804,-0.17797136,-0.03406234,-0.043517113,-0.22340736,0.015723476,-0.07117045,-0.3064469,-0.016834183,-0.07177311,-0.2495392,-0.038385786,-0.06495249,-0.18079334,-0.042039987,0.0018815398,-0.22242984,0.0013177652,-0.020135164,-0.28160155,-0.034130666,-0.023506641,-0.19467282,-0.040457778,-0.021882236,-0.117381334,-0.031502634,0.04866898,-0.21500686,-0.013407724,0.009741068,-0.25003952,-0.0352846,0.0012683272,-0.18226528,-0.030148273,0.0048647523,-0.1232546,-0.018295264
-0.067796886,-0.071656644,-0.008805853,-0.07835674,-0.17744708,-0.014870055,-0.031163812,-0.25396693,-0.02704479,0.01691556,-0.30051267,-0.037769247,-0.08019465,-0.22545001,0.019353468,-0.1002793,-0.29401603,-0.010921364,-0.09752631,-0.2390224,-0.033027574,-0.090590835,-0.18192828,-0.04139268,-0.038780987,-0.23176515,0.010376742,-0.06759679,-0.31670958,-0.024505548,-0.06849921,-0.25271294,-0.043454107,-0.06207013,-0.17939675,-0.04415888,0.0065134168,-0.22787043,-0.0035298674,-0.015984178,-0.28492612,-0.03828729,-0.019803882,-0.19409329,-0.04182058,-0.018597484,-0.11506951,-0.030562224,0.053425908,-0.21601513,-0.018374728,0.021598041,-0.254545,-0.03736242,0.011215329,-0.19521284,-0.031254508,0.010617018,-0.14090466,-0.019021243
-0.062686205,-0.078188956,-0.0141531145,-0.06883955,-0.20478052,-0.024853451,-0.015751123,-0.2865538,-0.039613586,0.03822702,-0.3360412,-0.052590962,-0.07082307,-0.25632823,0.0009655971,-0.09345168,-0.31641352,-0.039837047,-0.08986229,-0.24491689,-0.0679968,-0.08397585,-0.17809445,-0.078701206,-0.024317741,-0.25957704,-0.0076734275,-0.05476451,-0.34643716,-0.05224462,-0.061091542,-0.2692448,-0.07102263,-0.05868244,-0.1866188,-0.0686844,0.023912251,-0.24907637,-0.021121142,0.0014395714,-0.29691368,-0.059960544,-0.007871628,-0.19149882,-0.057306737,-0.011243284,-0.10997522,-0.039998304,0.06932068,-0.2272178,-0.036207564,0.039757907,-0.25210696,-0.054491084,0.03060776,-0.18523288,-0.04336554,0.03252834,-0.13782084,-0.026725898
-0.06106019,-0.07272595,-0.01536477,-0.06721622,-0.20455831,-0.027173342,-0.013396382,-0.288246,-0.042047128,0.039857328,-0.33886844,-0.05413648,-0.07309818,-0.25486866,-0.012167551,-0.09349364,-0.3292963,-0.05227174,-0.09043175,-0.2523393,-0.07583604,-0.08309919,-0.18878502,-0.08435559,-0.023296475,-0.25865802,-0.02058867,-0.050798953,-0.35575363,-0.06584417,-0.056851268,-0.27300942,-0.07952646,-0.051412582,-0.19399065,-0.07403047,0.027095318,-0.24478608,-0.033137005,0.006020069,-0.28970993,-0.07089659,-0.0044808984,-0.17773908,-0.0625483,-0.006428778,-0.09795934,-0.04206343,0.07338822,-0.22166774,-0.047556713,0.04658097,-0.24824417,-0.0642384,0.036278665,-0.18746984,-0.051402956,0.038603067,-0.14903736,-0.034510273
-0.060185075,-0.07179546,-0.018922443,-0.070589185,-0.20558107,-0.031623583,-0.018249333,-0.28762773,-0.047199957,0.038780153,-0.33440757,-0.05916101,-0.07250184,-0.26046547,-0.0125805065,-0.094693184,-0.3376966,-0.055031408,-0.090744674,-0.25848666,-0.0793118,-0.08186424,-0.19350499,-0.08801408,-0.024429262,-0.26548272,-0.02036722,-0.048827767,-0.35987684,-0.068102635,-0.054056168,-0.26925105,-0.08100304,-0.04858738,-0.18906415,-0.07401849,0.025467932,-0.25114453,-0.033270784,0.007754028,-0.29249012,-0.07319805,-0.004388392,-0.18389422,-0.064999916,-0.0070675015,-0.108110726,-0.044228364,0.072821856,-0.22522855,-0.04847496,0.04911542,-0.24767256,-0.06670149,0.03775823,-0.18310636,-0.054338124,0.040056646,-0.14220226,-0.037470378
-0.059547305,-0.072954,-0.021580324,-0.06498742,-0.20867074,-0.03632952,-0.009178638,-0.2914945,-0.053638194,0.04615426,-0.34267837,-0.06717337,-0.06704742,-0.26289523,-0.015535985,-0.08909893,-0.34301978,-0.05905793,-0.08696836,-0.26680085,-0.08432061,-0.07981014,-0.20129865,-0.09308514,-0.018326342,-0.26519907,-0.021828998,-0.04198903,-0.35993415,-0.069612764,-0.049526215,-0.2736483,-0.08372888,-0.04600501,-0.19536293,-0.07808325,0.032235026,-0.24945915,-0.03332855,0.016670287,-0.29310888,-0.07294801,0.0008530021,-0.18295181,-0.06406369,-0.0044324994,-0.10415053,-0.042848904,0.07996899,-0.22417781,-0.04739346,0.060101807,-0.25770408,-0.063817106,0.044874072,-0.19501275,-0.049356394,0.04368651,-0.1520493,-0.031196583
-0.058171034,-0.07142866,-0.02052468,-0.06554997,-0.2097221,-0.03485036,-0.008649409,-0.29141286,-0.051225677,0.05089426,-0.3375283,-0.06396407,-0.06908196,-0.25924414,-0.019527324,-0.08882314,-0.34549165,-0.06037513,-0.088184714,-0.26961634,-0.08304329,-0.08189249,-0.20742834,-0.09108192,-0.019209206,-0.2618901,-0.025974879,-0.039488137,-0.36009604,-0.0722338,-0.04757458,-0.2719897,-0.08464182,-0.044187844,-0.19486988,-0.078052655,0.031735063,-0.24613523,-0.036925532,0.016722918,-0.2895965,-0.07425686,-0.0008482933,-0.17779738,-0.064764366,-0.007305801,-0.098962486,-0.04377044,0.079993725,-0.22157037,-0.050250284,0.05982876,-0.2534968,-0.06577107,0.044469774,-0.19116491,-0.051656324,0.042829573,-0.14952236,-0.034120522
-0.057243526,-0.06658274,-0.02296763,-0.060712695,-0.20762408,-0.038442966,-0.0014351606,-0.29227018,-0.05461082,0.055614114,-0.34334126,-0.06698166,-0.0658955,-0.26255465,-0.025458898,-0.08279878,-0.34502578,-0.0663374,-0.08113152,-0.26757902,-0.089223176,-0.07453799,-0.20362073,-0.097873464,-0.0133981705,-0.26519984,-0.03019298,-0.035912156,-0.35499138,-0.07618057,-0.04173088,-0.26611325,-0.088666566,-0.03623396,-0.19171643,-0.08323861,0.038710833,-0.24911928,-0.039136518,0.023405254,-0.2841412,-0.07571491,0.0059754252,-0.16926247,-0.06441037,-0.0020615458,-0.09041661,-0.04342621,0.08663899,-0.22422683,-0.05067355,0.066908,-0.25076512,-0.06620512,0.05011338,-0.1851421,-0.05098827,0.045571566,-0.14368826,-0.033201847
-0.0578714,-0.0712437,-0.02254599,-0.059511364,-0.20840943,-0.0388904,-0.0003620386,-0.2894289,-0.05647485,0.0585559,-0.33711168,-0.07041302,-0.060774863,-0.27666977,-0.024373565,-0.08324188,-0.34222668,-0.06953854,-0.08391547,-0.2564081,-0.095560394,-0.07973498,-0.18893963,-0.105705194,-0.007868707,-0.27611297,-0.03144791,-0.034206808,-0.35571384,-0.080373555,-0.045306087,-0.25872195,-0.09253383,-0.044667542,-0.17886078,-0.086192094,0.043982506,-0.25487047,-0.043492515,0.024825394,-0.27575076,-0.0829077,0.0038879514,-0.16248584,-0.07138415,-0.005231619,-0.08787149,-0.049627896,0.09031993,-0.22221026,-0.058301553,0.06810939,-0.23789662,-0.07547895,0.050423563,-0.1714828,-0.060142543,0.046792567,-0.1312499,-0.041716713
-0.055918336,-0.066880465,-0.026337653,-0.054918647,-0.20665604,-0.04253207,0.011551917,-0.28105855,-0.059097115,0.07331711,-0.31963164,-0.07184082,-0.058885396,-0.269635,-0.024574274,-0.07431835,-0.34059379,-0.06917647,-0.07194805,-0.25966588,-0.09545562,-0.065414846,-0.19170213,-0.10557389,-0.0057605505,-0.27002552,-0.02844835,-0.023872375,-0.3501305,-0.07831906,-0.032727957,-0.2561074,-0.0929897,-0.029789686,-0.1788153,-0.08736026,0.046024382,-0.24991488,-0.037544537,0.036284983,-0.27294075,-0.07707044,0.012990713,-0.16228747,-0.06893214,0.000113129616,-0.08985746,-0.048849646,0.09200716,-0.21965155,-0.04952601,0.07514578,-0.23166034,-0.06658983,0.056500614,-0.16477197,-0.052933376,0.05135387,-0.12626606,-0.03536429
-0.055675805,-0.072972715,-0.030076137,-0.047511518,-0.21255982,-0.048319723,0.023205519,-0.28604054,-0.06584719,0.0854494,-0.3275359,-0.07863323,-0.05901003,-0.26801276,-0.029871939,-0.065056086,-0.3405289,-0.077065416,-0.06180191,-0.2567575,-0.10546057,-0.056396365,-0.18710244,-0.118369415,-0.002861619,-0.26463175,-0.032834135,-0.013388753,-0.35635296,-0.090392925,-0.023474514,-0.25913596,-0.1094152,-0.020139217,-0.17982554,-0.10656972,0.050110757,-0.23823863,-0.040889267,0.050018907,-0.28113392,-0.08386779,0.02365905,-0.17324102,-0.07353997,0.0076777935,-0.10018182,-0.052116137,0.09359628,-0.20545799,-0.05245234,0.08802432,-0.23343933,-0.074341044,0.07049066,-0.18086976,-0.063341916,0.06367469,-0.15272707,-0.047592487
-0.05387169,-0.075284004,-0.02591119,-0.043341935,-0.21633852,-0.04074801,0.027523518,-0.28224948,-0.055723876,0.09002203,-0.31582066,-0.06672509,-0.05345589,-0.27916062,-0.020093054,-0.061816156,-0.3411538,-0.061406862,-0.055823386,-0.25466853,-0.08751608,-0.050321043,-0.18144411,-0.09888034,0.0022141337,-0.27560315,-0.023966,-0.00797236,-0.35561192,-0.071578056,-0.017454922,-0.25719786,-0.08752444,-0.018636405,-0.17586952,-0.0839093,0.05423671,-0.24899495,-0.03286989,0.052503705,-0.28088903,-0.06894388,0.027210653,-0.1704241,-0.059350964,0.010232508,-0.09787756,-0.039950848,0.09649384,-0.21218014,-0.044953648,0.08564627,-0.22699746,-0.060703028,0.06674296,-0.1622563,-0.04698063,0.059427977,-0.12610525,-0.030284837
-0.051142752,-0.07345432,-0.027313083,-0.04048121,-0.21835256,-0.043119647,0.03034103,-0.28562868,-0.058962125,0.09242952,-0.31900668,-0.070429005,-0.048359632,-0.2716849,-0.02839884,-0.054935634,-0.34449124,-0.07194603,-0.052901566,-0.25780967,-0.097538844,-0.049345195,-0.18403292,-0.107984155,0.006851673,-0.26781508,-0.032097843,0.00060653687,-0.355204,-0.08270966,-0.010725796,-0.25992844,-0.09818761,-0.012757361,-0.17952597,-0.09392383,0.058271825,-0.24127412,-0.04066554,0.058136165,-0.27083862,-0.0791493,0.028608024,-0.16130447,-0.06967064,0.008814573,-0.08931333,-0.04981383,0.10099572,-0.20627242,-0.05233842,0.094819605,-0.22834632,-0.06855068,0.07229519,-0.16896617,-0.054664657,0.06111747,-0.1347866,-0.038038667
-0.05068773,-0.0772692,-0.028343601,-0.03750491,-0.22570306,-0.044580903,0.035149276,-0.29445288,-0.060251918,0.09940082,-0.32806012,-0.071051076,-0.04580778,-0.276513,-0.030718064,-0.054992557,-0.34722653,-0.073376924,-0.052541792,-0.25820288,-0.097749725,-0.04892516,-0.18454593,-0.10744422,0.007473588,-0.27008164,-0.03370765,-0.0030207038,-0.36011326,-0.0821426,-0.013564348,-0.2643915,-0.095694445,-0.014592588,-0.18388468,-0.09071815,0.058065057,-0.24237445,-0.041483145,0.058483362,-0.27696913,-0.07811875,0.02941227,-0.16592997,-0.06613931,0.010161817,-0.09204984,-0.04498141,0.10065657,-0.20622945,-0.05264726,0.095158756,-0.23520127,-0.067369305,0.07352275,-0.17799878,-0.05220417,0.06333274,-0.14404112,-0.034949392
-0.05254191,-0.07646811,-0.0276644,-0.039207637,-0.2200169,-0.043579753,0.03316456,-0.28685054,-0.059955645,0.09985411,-0.31653368,-0.07250798,-0.04059422,-0.28425977,-0.0238265,-0.05395305,-0.34576714,-0.06915795,-0.053931296,-0.25847507,-0.09696113,-0.05207789,-0.1854201,-0.10804757,0.013922989,-0.27778783,-0.027481455,-0.00046807528,-0.35650545,-0.077446215,-0.015104234,-0.26397574,-0.09294757,-0.021993577,-0.18359399,-0.08834719,0.06448299,-0.2483927,-0.036728792,0.05515963,-0.26726788,-0.07677642,0.024954736,-0.15751201,-0.06914145,0.0045467615,-0.08462906,-0.049517997,0.10521287,-0.20831645,-0.049196597,0.09046638,-0.21963495,-0.06685117,0.06635529,-0.15878636,-0.05435034,0.054975808,-0.12325901,-0.037640534
-0.052649617,-0.072145104,-0.028341338,-0.037019074,-0.21914667,-0.044928446,0.039007783,-0.28439268,-0.06140012,0.10719997,-0.31134185,-0.07383119,-0.040593326,-0.27478853,-0.028677152,-0.05006808,-0.34388882,-0.07496336,-0.05145371,-0.2563629,-0.101755716,-0.048675537,-0.18327421,-0.11191016,0.013127983,-0.26588959,-0.03252696,0.004149854,-0.3534183,-0.08535444,-0.011504471,-0.25608295,-0.09973192,-0.016025007,-0.17217898,-0.0928195,0.06350207,-0.23759621,-0.041824978,0.05746007,-0.2689881,-0.08237186,0.027784407,-0.15848958,-0.072499335,0.009892464,-0.08502293,-0.05080825,0.10583645,-0.2024278,-0.05434525,0.090572834,-0.22259569,-0.07096628,0.067070484,-0.15991193,-0.0563843,0.058927953,-0.12322837,-0.038199842
-0.05178708,-0.0720669,-0.026888505,-0.037476063,-0.21918726,-0.04276736,0.037840664,-0.2849929,-0.05850183,0.1063419,-0.31288463,-0.070301525,-0.043062508,-0.2740451,-0.028931193,-0.052324355,-0.34636873,-0.073983245,-0.05121708,-0.26006097,-0.099852405,-0.04714012,-0.18770188,-0.109635554,0.011812806,-0.26684946,-0.033051703,0.00470829,-0.35601312,-0.08442714,-0.008885264,-0.26007724,-0.098080084,-0.013273537,-0.17570591,-0.091050334,0.062508166,-0.2400676,-0.042348392,0.056940794,-0.26815155,-0.08172845,0.028524995,-0.15773576,-0.07249388,0.009962797,-0.08398509,-0.051702697,0.10497457,-0.20611918,-0.05467648,0.08801192,-0.22012955,-0.07101126,0.06475061,-0.15542287,-0.057184767,0.055695534,-0.11756009,-0.039845005
-0.052011907,-0.07510257,-0.028030463,-0.03793311,-0.22154564,-0.044506803,0.036480248,-0.28845805,-0.060727358,0.10383481,-0.3175773,-0.07271342,-0.041879296,-0.28011066,-0.02827242,-0.050943255,-0.34669188,-0.073241666,-0.05268705,-0.25801235,-0.09982375,-0.04999435,-0.18466479,-0.11031898,0.013670146,-0.2735716,-0.031574953,0.0055317283,-0.3595677,-0.08323555,-0.009790719,-0.26487595,-0.09831416,-0.013885736,-0.18173164,-0.09261438,0.06506115,-0.2452788,-0.039998338,0.059150875,-0.27270433,-0.07887477,0.02815479,-0.16299576,-0.0700827,0.008419335,-0.08848977,-0.04990363,0.10723412,-0.20844233,-0.05173906,0.09374207,-0.22342563,-0.068090126,0.069808245,-0.16836238,-0.05564413,0.059806883,-0.13810074,-0.03950714
-0.054619074,-0.07742733,-0.027767813,-0.04151988,-0.22292131,-0.043802094,0.032473803,-0.29010332,-0.059995916,0.10134524,-0.31722957,-0.072019294,-0.04317218,-0.28482962,-0.026702981,-0.055225253,-0.3495824,-0.073416114,-0.05529028,-0.25855744,-0.10078518,-0.05239272,-0.18619823,-0.1113957,0.012925923,-0.2779135,-0.030297738,0.0007146001,-0.356423,-0.08334254,-0.014387846,-0.2580039,-0.09753677,-0.020580411,-0.17565882,-0.090833746,0.0641911,-0.24958554,-0.03957451,0.052348316,-0.26734746,-0.07977105,0.023139834,-0.15761822,-0.07096705,0.0041522384,-0.086168826,-0.050374813,0.10490823,-0.21216273,-0.05226393,0.08536184,-0.2167216,-0.06857143,0.06030333,-0.15523696,-0.05617283,0.049711347,-0.121577084,-0.03980781
-0.05374229,-0.07529116,-0.027546074,-0.03933364,-0.221241,-0.044163395,0.035938323,-0.28646794,-0.060738742,0.104141355,-0.31267503,-0.0730368,-0.04161042,-0.2860477,-0.02751964,-0.05356741,-0.34867707,-0.07395302,-0.055484712,-0.25753054,-0.10144856,-0.05282271,-0.18313718,-0.112422846,0.014082611,-0.2775029,-0.031588897,0.0031586885,-0.35575536,-0.08508607,-0.013184845,-0.25506723,-0.09951554,-0.01818794,-0.17032236,-0.09280791,0.06527871,-0.2469959,-0.04110848,0.054607987,-0.26987824,-0.079920575,0.023938775,-0.16240716,-0.069722615,0.00536865,-0.09163576,-0.048758432,0.10679972,-0.20794582,-0.05410565,0.090605974,-0.21873528,-0.06974546,0.06774366,-0.1626792,-0.05657017,0.059823513,-0.13364804,-0.039936792
-0.054613948,-0.07690114,-0.026309446,-0.04142207,-0.22169971,-0.04265554,0.031730473,-0.2877617,-0.058901206,0.09467119,-0.32290864,-0.0713441,-0.045567274,-0.28930044,-0.024837028,-0.057458043,-0.34801832,-0.07029993,-0.059559762,-0.25863633,-0.09917398,-0.05616671,-0.1840527,-0.11174899,0.01208812,-0.28237095,-0.0297397,-0.00022900105,-0.35870543,-0.081025325,-0.016582012,-0.2599586,-0.09695009,-0.020139217,-0.17528486,-0.092659995,0.064643264,-0.25253814,-0.03990599,0.05347389,-0.2759773,-0.07749071,0.022546172,-0.16642076,-0.067434736,0.0045841336,-0.093666315,-0.04785681,0.10648948,-0.2140835,-0.05338868,0.08490354,-0.21939874,-0.069210805,0.061068475,-0.15517247,-0.055019505,0.054166257,-0.1214419,-0.03817118
-0.052603066,-0.07425523,-0.02762312,-0.03864163,-0.2209124,-0.044342145,0.034205496,-0.28798622,-0.060723912,0.098606884,-0.319432,-0.073288806,-0.043162644,-0.28393203,-0.028628241,-0.05576682,-0.34541067,-0.07454152,-0.05845821,-0.2556666,-0.10269213,-0.054694176,-0.18081033,-0.11466647,0.0142380595,-0.27693573,-0.032666747,0.003031373,-0.35724318,-0.08582612,-0.014288187,-0.2578937,-0.10164637,-0.017828286,-0.17298144,-0.096651636,0.066140294,-0.24670699,-0.041738957,0.055631757,-0.2726556,-0.07971017,0.023895383,-0.16284794,-0.06871167,0.005430579,-0.09047407,-0.048064888,0.107453406,-0.20898324,-0.0542223,0.0899142,-0.21941781,-0.06902908,0.066443205,-0.16067815,-0.054277003,0.059113085,-0.13126755,-0.037122402
-0.05379516,-0.074641824,-0.02818971,-0.041790307,-0.22127062,-0.045045394,0.031475604,-0.29027212,-0.061669,0.09787834,-0.32238087,-0.0742101,-0.046394825,-0.2861348,-0.028680723,-0.05879861,-0.34802604,-0.0756064,-0.059762955,-0.25591186,-0.10352312,-0.055654407,-0.18202555,-0.11463578,0.010151982,-0.2800485,-0.032704268,-0.0013465285,-0.36425298,-0.08685408,-0.017809212,-0.26502168,-0.10203316,-0.022364497,-0.17883193,-0.095367506,0.062261045,-0.25159615,-0.04194483,0.05220139,-0.27311355,-0.08237476,0.022749424,-0.16093218,-0.07226943,0.00565964,-0.08682972,-0.0504405,0.10472047,-0.21456575,-0.054553375,0.087186396,-0.22377807,-0.070890166,0.06469303,-0.16238838,-0.05650118,0.05801165,-0.12987667,-0.038521633
-0.0543707,-0.0760923,-0.027994532,-0.043073893,-0.22337347,-0.044887275,0.030357718,-0.2919868,-0.061771818,0.09915835,-0.3205653,-0.074633986,-0.04641354,-0.28415823,-0.030828131,-0.059495986,-0.34944484,-0.07810141,-0.061388135,-0.25829172,-0.1060058,-0.05828452,-0.18607771,-0.11755148,0.010650516,-0.2782097,-0.03510485,-0.00151968,-0.36128652,-0.08857518,-0.017440796,-0.26413196,-0.103319675,-0.022565067,-0.18084395,-0.09749824,0.0626837,-0.24914396,-0.044600364,0.04907149,-0.2691005,-0.0838339,0.020165682,-0.15683752,-0.073329404,0.0023370981,-0.08300066,-0.052324142,0.10438019,-0.21117169,-0.057633504,0.08309615,-0.21612597,-0.07328875,0.05951959,-0.15586841,-0.05956353,0.050873756,-0.12386793,-0.04278702
-0.05462706,-0.07534379,-0.026869591,-0.044495523,-0.22330838,-0.04306703,0.030132174,-0.29045302,-0.059293948,0.0997321,-0.3180507,-0.07162556,-0.045689464,-0.28489482,-0.030241208,-0.059339702,-0.34839797,-0.076264925,-0.060913146,-0.25603136,-0.10323087,-0.05732584,-0.18343568,-0.11425516,0.010389805,-0.27876,-0.03478532,-0.0028074384,-0.36254156,-0.08739958,-0.01804483,-0.26338452,-0.101337254,-0.022198439,-0.17927116,-0.094990075,0.062374175,-0.25025347,-0.044329736,0.05206567,-0.27159745,-0.083823286,0.022145212,-0.15703589,-0.073256604,0.0033461452,-0.08180487,-0.052001406,0.10466343,-0.21262735,-0.057171013,0.087644756,-0.22173518,-0.07352207,0.064094365,-0.15867984,-0.059523433,0.055127263,-0.123773515,-0.042439166
-0.05514258,-0.07761389,-0.025446046,-0.04374206,-0.22421986,-0.041394442,0.03034556,-0.29082146,-0.057861645,0.09927803,-0.31847513,-0.070895515,-0.0435462,-0.2884325,-0.028359577,-0.0574252,-0.34863225,-0.07474345,-0.06048888,-0.2571083,-0.102418825,-0.058177948,-0.18384773,-0.11375744,0.0129801035,-0.2807586,-0.03346321,-0.0022457242,-0.3609106,-0.08650354,-0.01949048,-0.26272112,-0.10115575,-0.025391698,-0.17766434,-0.095100895,0.06486529,-0.25111935,-0.04347322,0.05065304,-0.2698284,-0.08305927,0.020014167,-0.15712816,-0.07292548,0.00088357925,-0.08217299,-0.051768553,0.10577804,-0.21231794,-0.056635357,0.08553046,-0.21975565,-0.07225485,0.061531246,-0.15655673,-0.057894062,0.053007722,-0.121297896,-0.040366344
-0.058398902,-0.07774514,-0.025990894,-0.048229635,-0.22643661,-0.0417568,0.026531637,-0.29518116,-0.058049332,0.09751892,-0.32291594,-0.07033459,-0.047593474,-0.28984207,-0.027720053,-0.062830746,-0.35232142,-0.07507281,-0.064851105,-0.26063523,-0.103043176,-0.0614177,-0.18772602,-0.114286385,0.008902788,-0.28316626,-0.03255023,-0.0070546865,-0.3602563,-0.086835556,-0.024364471,-0.26095846,-0.10142149,-0.029795527,-0.17571431,-0.0949487,0.06105417,-0.25470293,-0.042710327,0.04464674,-0.26725468,-0.08299186,0.014455974,-0.15448964,-0.07260697,-0.0030066967,-0.07996315,-0.05095661,0.1021297,-0.2171998,-0.056257837,0.08051723,-0.22367567,-0.072092645,0.05788374,-0.1630553,-0.05803974,0.051107645,-0.12926596,-0.04059385
-0.058591247,-0.0750013,-0.02593331,-0.049847662,-0.22318864,-0.04108433,0.023592412,-0.2912144,-0.056614056,0.09516531,-0.31608534,-0.06793964,-0.048080564,-0.285343,-0.028289327,-0.06352538,-0.35097194,-0.07441833,-0.06342018,-0.26056415,-0.10055808,-0.05983001,-0.18887973,-0.110300876,0.008392751,-0.279977,-0.032378472,-0.0076007247,-0.35819685,-0.08425144,-0.023408592,-0.26155058,-0.09740184,-0.030271769,-0.17874146,-0.090160936,0.060150683,-0.25266623,-0.04175597,0.042166114,-0.26209316,-0.080517955,0.012966394,-0.15188938,-0.07137594,-0.005957186,-0.07902652,-0.0507212,0.101175785,-0.21527988,-0.054434754,0.07914746,-0.21868807,-0.06947688,0.056768537,-0.16203892,-0.056676604,0.04698968,-0.1300301,-0.040159453
-0.0557189,-0.07380295,-0.025885927,-0.04491228,-0.22159582,-0.041308314,0.029471517,-0.2891637,-0.057123814,0.10039598,-0.31665385,-0.06874817,-0.04326898,-0.2819395,-0.028265757,-0.057551503,-0.35055113,-0.07360103,-0.058505,-0.25973386,-0.09882291,-0.05535972,-0.18501717,-0.107698135,0.0115712285,-0.27492166,-0.03203824,-0.0037372112,-0.3576805,-0.08371453,-0.020267248,-0.2605168,-0.09658313,-0.026805937,-0.17546618,-0.08903269,0.062312305,-0.24718162,-0.040959224,0.046778142,-0.26568943,-0.07984015,0.017026067,-0.15484607,-0.06993482,-0.0013210773,-0.0793944,-0.04855053,0.10356909,-0.2112835,-0.053007875,0.084973514,-0.22741127,-0.06789051,0.06385362,-0.17322612,-0.054156665,0.055918396,-0.14114732,-0.03696515
-0.056810737,-0.074409306,-0.025132168,-0.048116088,-0.21941751,-0.03996274,0.024683416,-0.28710747,-0.055351514,0.09225029,-0.3181288,-0.06649347,-0.04761362,-0.28308702,-0.022784386,-0.061606765,-0.35061705,-0.06655799,-0.06182921,-0.26121303,-0.09142566,-0.0581038,-0.18898517,-0.100231074,0.0077715516,-0.2765473,-0.027140642,-0.0063657165,-0.35898662,-0.07631976,-0.022257984,-0.2624649,-0.08896416,-0.028532386,-0.18025273,-0.08152915,0.059437454,-0.24934027,-0.0368426,0.045081437,-0.2680847,-0.07395481,0.016223669,-0.15850914,-0.06386382,-0.00067538023,-0.087141514,-0.04275175,0.10200751,-0.2131319,-0.049699984,0.08075732,-0.22645333,-0.06317224,0.058864355,-0.1669876,-0.048348486,0.051981926,-0.13259405,-0.030456275
-0.054726183,-0.0759778,-0.025873981,-0.04350388,-0.22049117,-0.041341253,0.027563334,-0.2889558,-0.057483688,0.09606588,-0.3187422,-0.06948918,-0.04115647,-0.28672904,-0.026178956,-0.056874692,-0.3501497,-0.07217228,-0.05817306,-0.25969303,-0.098341934,-0.056356728,-0.18545473,-0.107548386,0.013730943,-0.27935392,-0.03037464,-0.003459394,-0.35800388,-0.08248187,-0.021486461,-0.26161954,-0.096275955,-0.029988945,-0.17661929,-0.08919316,0.064231396,-0.24994272,-0.039900973,0.04531747,-0.26246086,-0.08014653,0.015494406,-0.15282804,-0.07135515,-0.0022788644,-0.07866186,-0.050246302,0.10444319,-0.21146631,-0.052504174,0.08418751,-0.22528598,-0.068138875,0.06317556,-0.17346573,-0.054723863,0.05552268,-0.1433121,-0.03741692
-0.05561912,-0.07794839,-0.023740197,-0.044587553,-0.22095162,-0.039637245,0.028854191,-0.28592688,-0.05648018,0.09584272,-0.3155278,-0.070390955,-0.039915323,-0.29206342,-0.025522536,-0.05900711,-0.35264832,-0.070244245,-0.06572962,-0.2643409,-0.09724388,-0.06378609,-0.19322431,-0.10815992,0.016434073,-0.2826277,-0.03150297,-0.0034521818,-0.35799408,-0.08140646,-0.023171902,-0.26011232,-0.09534934,-0.028543234,-0.17607117,-0.08955286,0.0673365,-0.25145537,-0.042285774,0.046220005,-0.26561728,-0.0796094,0.014711678,-0.15408772,-0.07006222,-0.0020267367,-0.0800851,-0.050236013,0.107394874,-0.21106857,-0.05601429,0.076087475,-0.21091145,-0.069773436,0.048616946,-0.14288217,-0.054748263,0.03972566,-0.104110956,-0.037209578
-0.051754057,-0.06871539,-0.027336542,-0.041393697,-0.21316695,-0.04248163,0.02997595,-0.28159785,-0.057592046,0.09350228,-0.31382275,-0.06861703,-0.048727334,-0.28049242,-0.026403572,-0.059060454,-0.3471281,-0.07115359,-0.057781696,-0.2576174,-0.097135134,-0.053829074,-0.184829,-0.107125185,0.007430017,-0.27539012,-0.030197322,-0.0020396113,-0.35732958,-0.08153062,-0.0154082775,-0.25619504,-0.09499312,-0.019752622,-0.17318696,-0.08785209,0.05969155,-0.24769711,-0.03937736,0.05202198,-0.26810426,-0.07915306,0.022879839,-0.1557759,-0.07015432,0.0034903884,-0.08421868,-0.049621318,0.10287017,-0.21011281,-0.051711883,0.08829534,-0.21538854,-0.06893627,0.06412774,-0.15120786,-0.0561313,0.05311978,-0.11712539,-0.039442915
-0.054344058,-0.07763058,-0.025203854,-0.04586035,-0.22013658,-0.04162319,0.023235142,-0.29040977,-0.058939528,0.088002145,-0.32445216,-0.07216027,-0.046857476,-0.2881456,-0.025472853,-0.06319147,-0.3498109,-0.07282769,-0.06355649,-0.25497758,-0.10082815,-0.060115755,-0.18170345,-0.111990236,0.008167744,-0.28153574,-0.03134179,-0.009080887,-0.35910177,-0.084050365,-0.023416579,-0.25696638,-0.0979383,-0.02802974,-0.17348522,-0.091463655,0.059637368,-0.25292,-0.042582665,0.045288324,-0.27024412,-0.081881635,0.019206524,-0.15794694,-0.07068943,0.0038998127,-0.0861575,-0.049040068,0.10184085,-0.21461415,-0.057173222,0.08041948,-0.22100478,-0.07212044,0.058255732,-0.157848,-0.057014987,0.051030338,-0.12379581,-0.03907664
-0.054023325,-0.07494134,-0.024606599,-0.043314517,-0.21730351,-0.03995965,0.0273484,-0.28490132,-0.055806734,0.09123415,-0.31829527,-0.06837225,-0.045220435,-0.2894532,-0.025211286,-0.06140697,-0.34457248,-0.07121824,-0.06284815,-0.25161254,-0.09936503,-0.059993863,-0.17762774,-0.11086992,0.010759711,-0.28300282,-0.03121605,-0.008054316,-0.35401893,-0.082325466,-0.023067772,-0.2513737,-0.09642585,-0.027651727,-0.16670984,-0.09033736,0.062291026,-0.2538106,-0.04235094,0.046931744,-0.26473057,-0.0810827,0.020098746,-0.15268236,-0.07168625,0.0039304495,-0.081269085,-0.051658925,0.10353023,-0.21401,-0.056608353,0.07971972,-0.20615536,-0.07224212,0.054940224,-0.13650525,-0.05828123,0.04505855,-0.100108564,-0.041196465
-0.052803993,-0.075410485,-0.02521583,-0.042248428,-0.22120118,-0.040969983,0.029188633,-0.29023904,-0.057196893,0.0951314,-0.32280123,-0.0701458,-0.04350078,-0.29053396,-0.027399193,-0.060665846,-0.34726578,-0.07277051,-0.06255084,-0.2546836,-0.10005411,-0.05924195,-0.18102479,-0.11122259,0.01132369,-0.28289112,-0.03314848,-0.007934332,-0.35775,-0.084629886,-0.023149848,-0.25664815,-0.09833656,-0.026688099,-0.17208779,-0.09206399,0.062389553,-0.25360826,-0.0438851,0.04885292,-0.2692433,-0.083729096,0.021042705,-0.15596259,-0.073776625,0.0045642853,-0.08247119,-0.053000033,0.10427612,-0.21463609,-0.057633843,0.084041536,-0.21709251,-0.07389802,0.05998534,-0.14740318,-0.059140474,0.050848424,-0.10871285,-0.041422345
-0.055560052,-0.07762009,-0.026932111,-0.0438056,-0.2247209,-0.043548334,0.029513061,-0.29218504,-0.06010156,0.0953629,-0.32487988,-0.07315398,-0.045478344,-0.29317263,-0.028636107,-0.06309676,-0.3454761,-0.073918216,-0.06427044,-0.2522043,-0.10200207,-0.059565365,-0.17808878,-0.11409622,0.01093626,-0.2859564,-0.033007033,-0.008804679,-0.35917032,-0.084618144,-0.023747444,-0.25965294,-0.099734455,-0.02660811,-0.17585945,-0.094906814,0.06292009,-0.25671387,-0.042212527,0.049530566,-0.2727875,-0.08025627,0.021443188,-0.16116613,-0.06945241,0.004945755,-0.08864951,-0.04885636,0.10436475,-0.21819878,-0.054768465,0.083610415,-0.22256196,-0.069298774,0.061122894,-0.1567142,-0.053826805,0.054304123,-0.12124419,-0.036057003
-0.054113448,-0.07631016,-0.025076328,-0.042817414,-0.22406852,-0.039863627,0.028009355,-0.29274172,-0.05504009,0.09138852,-0.3274686,-0.066551976,-0.046615005,-0.28864044,-0.025568446,-0.060062706,-0.35018206,-0.07056827,-0.060348272,-0.25866005,-0.09775741,-0.05697155,-0.18482435,-0.10874567,0.009108782,-0.28304183,-0.030762631,-0.0060563087,-0.36332187,-0.08118311,-0.02108717,-0.26514232,-0.095527366,-0.025150776,-0.18262899,-0.08985054,0.060845375,-0.25498876,-0.040953584,0.051795483,-0.27671486,-0.07944337,0.023401141,-0.16298056,-0.06938532,0.0062788725,-0.08967328,-0.048665043,0.10300636,-0.21714497,-0.05425637,0.08557767,-0.2229811,-0.07033623,0.061653852,-0.15680426,-0.056223594,0.05264741,-0.12090868,-0.03885499
-0.05499184,-0.074659824,-0.026206428,-0.04422903,-0.22219187,-0.04195518,0.026851237,-0.291534,-0.0581295,0.089627504,-0.32746422,-0.07056472,-0.0478037,-0.28494415,-0.026825814,-0.060916185,-0.35123053,-0.073997565,-0.06084919,-0.26307908,-0.10294356,-0.056801736,-0.1892156,-0.11497749,0.008684278,-0.2810311,-0.03164461,-0.0074318647,-0.36238307,-0.08469575,-0.02105403,-0.26804447,-0.101558544,-0.022613347,-0.18707061,-0.097570464,0.060712457,-0.2539146,-0.04151927,0.050728083,-0.2743468,-0.08214861,0.022210598,-0.15891302,-0.07244594,0.005106449,-0.084025204,-0.051565357,0.10275924,-0.21773207,-0.0545825,0.084397435,-0.22463089,-0.072043575,0.06056857,-0.15833843,-0.057856563,0.051955044,-0.12271482,-0.04017511
-0.05445373,-0.07370633,-0.025898404,-0.043507278,-0.21933937,-0.042006623,0.029819906,-0.28322178,-0.058241285,0.0920524,-0.3140837,-0.07119934,-0.045366406,-0.28346458,-0.02593799,-0.059307277,-0.34237224,-0.07136588,-0.060319245,-0.25408486,-0.100423425,-0.055411816,-0.17835426,-0.11297607,0.012028694,-0.2797274,-0.030224517,-0.005527258,-0.35383794,-0.08157138,-0.0194574,-0.2583443,-0.09891867,-0.019913614,-0.17545044,-0.095548876,0.0644266,-0.25300032,-0.039292797,0.051596045,-0.26804638,-0.0770091,0.021987975,-0.15579242,-0.06833448,0.004414022,-0.08175194,-0.049296454,0.10606712,-0.21668947,-0.051546957,0.082268715,-0.21387178,-0.066673115,0.05750811,-0.14565414,-0.052385945,0.049190342,-0.10988003,-0.035333432
-0.053887963,-0.07770175,-0.026034236,-0.045045137,-0.22303116,-0.04258628,0.025526106,-0.2927947,-0.059631366,0.09031457,-0.32919067,-0.07277375,-0.048555017,-0.28843066,-0.025642535,-0.063866735,-0.35498583,-0.071739174,-0.06358749,-0.26361936,-0.100427516,-0.05934918,-0.18789417,-0.112309076,0.0069116354,-0.28354362,-0.030764991,-0.007981896,-0.36437222,-0.08184571,-0.021088779,-0.26622573,-0.0972937,-0.023807645,-0.18202096,-0.092580765,0.058934093,-0.25740486,-0.04112796,0.04971224,-0.28125802,-0.07964285,0.021298826,-0.16882133,-0.07021631,0.00329113,-0.09327018,-0.05030177,0.10226554,-0.22114414,-0.054793756,0.08328754,-0.22909594,-0.07042141,0.057982206,-0.16114849,-0.055940546,0.047077596,-0.12172097,-0.03865721
-0.05439222,-0.07693291,-0.02746437,-0.04410827,-0.22301781,-0.045405,0.028909266,-0.29192853,-0.06346121,0.09223682,-0.32798815,-0.077828236,-0.047397137,-0.288111,-0.029603146,-0.061639547,-0.35089847,-0.077773504,-0.06362748,-0.25859874,-0.10782271,-0.060091794,-0.18215638,-0.12068727,0.008068919,-0.28276354,-0.03454455,-0.007739246,-0.36099482,-0.08835936,-0.022874892,-0.2601539,-0.10391426,-0.025397778,-0.17348218,-0.09892412,0.06030661,-0.25509426,-0.044838365,0.04961568,-0.27876008,-0.08518628,0.022315085,-0.1634075,-0.07442083,0.0070192814,-0.08607221,-0.053411055,0.10381335,-0.2178883,-0.05852905,0.08356261,-0.22573292,-0.07611955,0.05877489,-0.155644,-0.061384257,0.050232947,-0.11615902,-0.043637875
-0.05703014,-0.07621676,-0.025812054,-0.04782355,-0.21800947,-0.042926908,0.023689866,-0.28822428,-0.060396507,0.08939421,-0.3251166,-0.07405656,-0.048416078,-0.28871402,-0.024825893,-0.06289697,-0.35080427,-0.07007406,-0.06549376,-0.26064226,-0.09735896,-0.063492954,-0.18717176,-0.10818236,0.0075374246,-0.28111413,-0.029856028,-0.010580778,-0.35844994,-0.07946535,-0.025871098,-0.25716928,-0.0925183,-0.028716981,-0.17059904,-0.086100616,0.059499443,-0.25375527,-0.04036352,0.04586792,-0.27708808,-0.07896382,0.019248724,-0.16377413,-0.06841319,0.0047664046,-0.08709681,-0.047361553,0.10288161,-0.21732348,-0.054009657,0.082536936,-0.23152298,-0.07004432,0.060011208,-0.16386557,-0.054905634,0.05226755,-0.123042464,-0.036705453
-0.053232074,-0.07546234,-0.026594149,-0.04212445,-0.22014785,-0.042786945,0.029333532,-0.28925753,-0.059177987,0.09527129,-0.32510784,-0.07160046,-0.0496822,-0.27945152,-0.026785063,-0.060489953,-0.3480779,-0.07124997,-0.063162565,-0.2603287,-0.097967416,-0.061353862,-0.18767452,-0.10889599,0.006025851,-0.27315354,-0.031034874,-0.007145524,-0.36070615,-0.08066532,-0.022870243,-0.26537168,-0.094823815,-0.02553612,-0.18151903,-0.08968483,0.058285356,-0.24556363,-0.040398274,0.04985112,-0.27639708,-0.07772777,0.021876574,-0.16210157,-0.06637088,0.005943656,-0.08465487,-0.045296174,0.10164744,-0.21064782,-0.053081967,0.0859831,-0.23068795,-0.068324044,0.062856615,-0.16903925,-0.05325645,0.053594172,-0.1318301,-0.03568243
-0.055230677,-0.07200956,-0.024934927,-0.047047198,-0.21618378,-0.039634254,0.022145033,-0.28715277,-0.054745186,0.08853817,-0.32024005,-0.06567606,-0.049270034,-0.28146765,-0.024159119,-0.064463675,-0.35055155,-0.06806668,-0.062120795,-0.26027825,-0.09292468,-0.058278024,-0.18634665,-0.101565726,0.0053619146,-0.2770102,-0.028350938,-0.01147753,-0.35761967,-0.07761287,-0.024749994,-0.25836438,-0.089713916,-0.030772805,-0.17452574,-0.08196817,0.056866646,-0.25174764,-0.03774379,0.041069686,-0.2714,-0.07574258,0.015339553,-0.1604498,-0.06571311,-0.0011091232,-0.08743185,-0.044647772,0.09941852,-0.21735656,-0.05009168,0.07813704,-0.22691232,-0.06508988,0.056783915,-0.16222888,-0.050612327,0.04886818,-0.12464476,-0.03272947
-0.055230677,-0.07200956,-0.024934927,-0.047047198,-0.21618378,-0.039634254,0.022145033,-0.28715277,-0.054745186,0.08853817,-0.32024005,-0.06567606,-0.049270034,-0.28146765,-0.024159119,-0.064463675,-0.35055155,-0.06806668,-0.062120795,-0.26027825,-0.09292468,-0.058278024,-0.18634665,-0.101565726,0.0053619146,-0.2770102,-0.028350938,-0.01147753,-0.35761967,-0.07761287,-0.024749994,-0.25836438,-0.089713916,-0.030772805,-0.17452574,-0.08196817,0.056866646,-0.25174764,-0.03774379,0.041069686,-0.2714,-0.07574258,0.015339553,-0.1604498,-0.06571311,-0.0011091232,-0.08743185,-0.044647772,0.09941852,-0.21735656,-0.05009168,0.07813704,-0.22691232,-0.06508988,0.056783915,-0.16222888,-0.050612327,0.04886818,-0.12464476,-0.03272947
-0.05681181,-0.075547874,-0.024457565,-0.04714954,-0.22050643,-0.03909793,0.02341485,-0.2898748,-0.05397782,0.08924246,-0.32383618,-0.06530484,-0.045476675,-0.2915755,-0.023405952,-0.06497979,-0.35099038,-0.066461,-0.06663555,-0.26064026,-0.09201532,-0.06286907,-0.19005126,-0.10186957,0.0107629895,-0.28654373,-0.027930217,-0.011923909,-0.35957855,-0.075537935,-0.028286397,-0.26137528,-0.088607125,-0.033753693,-0.17941934,-0.082299,0.06211275,-0.25914887,-0.037417483,0.039850414,-0.26589358,-0.07350359,0.010930777,-0.15448827,-0.06448328,-0.005893171,-0.083736,-0.04510041,0.10255098,-0.22084892,-0.04995558,0.07146722,-0.21131104,-0.06326916,0.048374355,-0.14387602,-0.049432702,0.04152906,-0.10846877,-0.032613877
-0.056390643,-0.07702178,-0.020618597,-0.05230385,-0.21926856,-0.035133295,0.012133241,-0.29779845,-0.05139704,0.07735604,-0.340079,-0.06401954,-0.055923045,-0.28389823,-0.02114767,-0.07106185,-0.36152005,-0.06330983,-0.07397014,-0.2742751,-0.08714044,-0.07184738,-0.2043156,-0.09612116,-0.002738297,-0.2796862,-0.028487628,-0.023052454,-0.36977118,-0.07516686,-0.036920786,-0.26893288,-0.0861612,-0.038814127,-0.18429267,-0.07895768,0.048413694,-0.25625896,-0.040712822,0.03168255,-0.29515544,-0.0775358,0.009985924,-0.18369853,-0.066519015,0.00030851364,-0.10734838,-0.045673594,0.09274888,-0.22330669,-0.055513166,0.0689491,-0.24622798,-0.07057601,0.050634623,-0.18096656,-0.05602838,0.04819727,-0.14057606,-0.038835656
-0.057092786,-0.07779789,-0.018919846,-0.055194616,-0.21788454,-0.032391667,0.00096309185,-0.30215913,-0.048269816,0.050659716,-0.35857105,-0.060638316,-0.05574906,-0.28249604,-0.013584708,-0.072681725,-0.35626513,-0.05880648,-0.07204807,-0.27241138,-0.086324826,-0.067925274,-0.19571751,-0.09643289,-0.0037474036,-0.28142908,-0.021330312,-0.028865159,-0.36815143,-0.070579335,-0.0380404,-0.27253348,-0.08513667,-0.03713268,-0.1850096,-0.079749234,0.047580898,-0.26062608,-0.034421645,0.026646137,-0.29595068,-0.074771106,0.0102579,-0.18341845,-0.06543257,0.0027913451,-0.104041934,-0.044646803,0.092559755,-0.22953314,-0.049792983,0.065267265,-0.24684727,-0.067820154,0.04872811,-0.17683053,-0.053876378,0.04615456,-0.13521677,-0.036192928
-0.05944127,-0.08660883,-0.018603215,-0.058944345,-0.21419889,-0.033428267,0.00033408403,-0.29505223,-0.051583342,0.05448079,-0.34658965,-0.06700752,-0.06780064,-0.26999176,-0.0094585,-0.0810318,-0.34135517,-0.053579748,-0.07870793,-0.2619694,-0.08267025,-0.074792266,-0.19107586,-0.0946952,-0.017013311,-0.26957828,-0.018621687,-0.039491177,-0.36516207,-0.06813374,-0.048344553,-0.28200102,-0.08816794,-0.04691559,-0.19825155,-0.08697214,0.034311295,-0.25222194,-0.032625057,0.023213387,-0.30289605,-0.07627687,0.007887661,-0.19113368,-0.0720554,0.0011244416,-0.10635722,-0.053143166,0.079888046,-0.22436857,-0.048647296,0.05819708,-0.25401497,-0.07085885,0.046036303,-0.18846953,-0.059563797,0.045794606,-0.14302182,-0.042558532
-0.058812976,-0.087314546,-0.017580321,-0.060604513,-0.21075696,-0.030501861,-0.0048269033,-0.2937486,-0.04714867,0.04857254,-0.34464335,-0.0604105,-0.069814265,-0.26739034,-0.0009775823,-0.08226621,-0.33957195,-0.039936192,-0.077720225,-0.264552,-0.06664753,-0.073219836,-0.19731838,-0.07791978,-0.022322178,-0.26736203,-0.00908803,-0.044573486,-0.36077636,-0.052008677,-0.047674358,-0.2850055,-0.07145894,-0.043097317,-0.20716953,-0.07174683,0.027029932,-0.25255093,-0.02236185,0.018717766,-0.3073609,-0.061545808,0.0045573115,-0.20102453,-0.05949733,-0.003314197,-0.116463184,-0.04350139,0.074305415,-0.22760263,-0.03767543,0.055381477,-0.26237532,-0.057231173,0.04237032,-0.20132846,-0.04789737,0.039572716,-0.1549809,-0.03336597
-0.062342227,-0.08765429,-0.016224943,-0.064505756,-0.20935029,-0.027927248,-0.008501053,-0.2894939,-0.04418835,0.044999897,-0.33818263,-0.057918645,-0.06947702,-0.2649237,0.0067153056,-0.0880391,-0.33329147,-0.032037653,-0.085063815,-0.2656331,-0.06065743,-0.08040142,-0.20208591,-0.073292226,-0.022950709,-0.26556903,-0.0017898071,-0.0488894,-0.35373417,-0.045359913,-0.054860532,-0.28271604,-0.068204865,-0.054332554,-0.20612025,-0.070839286,0.025604367,-0.2532116,-0.015785161,0.009451866,-0.30630752,-0.05680702,-0.004109025,-0.20333964,-0.058971073,-0.010914028,-0.1197502,-0.045751285,0.072087586,-0.23025048,-0.031656384,0.04357016,-0.25757727,-0.054852527,0.027862728,-0.1910547,-0.04896824,0.024047613,-0.13870537,-0.036336403
-0.06352079,-0.08420664,-0.012715626,-0.06665599,-0.20432323,-0.021000741,-0.009346783,-0.28186038,-0.03390966,0.04379028,-0.32768756,-0.0447783,-0.071532965,-0.25135833,0.011334556,-0.08472997,-0.31834102,-0.019457687,-0.08395541,-0.25187743,-0.042108685,-0.07930201,-0.18960118,-0.051890854,-0.02719891,-0.2514343,0.0029002689,-0.04832387,-0.3406294,-0.033893786,-0.056060135,-0.2719865,-0.054567263,-0.055350125,-0.19435543,-0.056777067,0.019849956,-0.23928803,-0.01031164,0.010335743,-0.29759037,-0.04717552,-0.0020176172,-0.20104516,-0.052609388,-0.0076464415,-0.11657816,-0.04278678,0.066952765,-0.21864787,-0.024595173,0.040421605,-0.25015137,-0.04614548,0.024740636,-0.18497843,-0.042601194,0.02099371,-0.12977523,-0.032693464
-0.061861277,-0.08159393,-0.012287112,-0.06552434,-0.19990253,-0.02159637,-0.008660078,-0.27718025,-0.034957025,0.044276178,-0.32465887,-0.046419747,-0.07199842,-0.25292844,0.006931837,-0.087795734,-0.31974772,-0.023087459,-0.08609295,-0.25218916,-0.04512248,-0.08046895,-0.18994176,-0.055304334,-0.026561558,-0.25316605,-0.0021047115,-0.049417973,-0.34133753,-0.036594234,-0.055572033,-0.2684877,-0.054563466,-0.053558767,-0.19018638,-0.056172237,0.021305561,-0.23945138,-0.015538051,0.008943796,-0.3063536,-0.048785534,-0.004244745,-0.212899,-0.050530776,-0.011026859,-0.13126081,-0.040359616,0.068899035,-0.21583986,-0.03014754,0.040776372,-0.24776119,-0.050328378,0.025254905,-0.18283594,-0.045214165,0.021602333,-0.12985706,-0.035095066
-0.06276089,-0.08608985,-0.012703712,-0.06546408,-0.20906556,-0.021648329,-0.009303033,-0.28612274,-0.035075888,0.043478608,-0.33417168,-0.04645571,-0.06918836,-0.26156148,0.009182253,-0.08764762,-0.32415068,-0.023584146,-0.08565211,-0.25690836,-0.048156638,-0.080139935,-0.19209832,-0.05920145,-0.02500981,-0.2609813,0.0001861192,-0.05241871,-0.3448824,-0.036758907,-0.057021737,-0.27297044,-0.057569712,-0.0545817,-0.1924147,-0.06072652,0.02254504,-0.24908873,-0.013608563,0.008713067,-0.30820417,-0.049181577,-0.0046638846,-0.2126131,-0.0530972,-0.012829304,-0.12812644,-0.043732926,0.06980115,-0.22824892,-0.028772708,0.039635718,-0.25342062,-0.049327917,0.024665177,-0.18493634,-0.045131285,0.022113085,-0.12905365,-0.03544801
-0.06276089,-0.08608985,-0.012703712,-0.06546408,-0.20906556,-0.021648329,-0.009303033,-0.28612274,-0.035075888,0.043478608,-0.33417168,-0.04645571,-0.06918836,-0.26156148,0.009182253,-0.08764762,-0.32415068,-0.023584146,-0.08565211,-0.25690836,-0.048156638,-0.080139935,-0.19209832,-0.05920145,-0.02500981,-0.2609813,0.0001861192,-0.05241871,-0.3448824,-0.036758907,-0.057021737,-0.27297044,-0.057569712,-0.0545817,-0.1924147,-0.06072652,0.02254504,-0.24908873,-0.013608563,0.008713067,-0.30820417,-0.049181577,-0.0046638846,-0.2126131,-0.0530972,-0.012829304,-0.12812644,-0.043732926,0.06980115,-0.22824892,-0.028772708,0.039635718,-0.25342062,-0.049327917,0.024665177,-0.18493634,-0.045131285,0.022113085,-0.12905365,-0.03544801
-0.059256375,-0.07384223,-0.015478882,-0.062278092,-0.19944692,-0.026323749,-0.00633353,-0.2822806,-0.04038414,0.047365725,-0.3352344,-0.052012313,-0.06487709,-0.25690275,-0.0052392934,-0.08332735,-0.32669774,-0.041063704,-0.08189654,-0.25547108,-0.06377777,-0.07714987,-0.18928444,-0.07205026,-0.01717645,-0.25852904,-0.013047571,-0.042584598,-0.35171506,-0.052503575,-0.050924122,-0.274121,-0.06723404,-0.049832344,-0.19238693,-0.06403791,0.031078458,-0.24430138,-0.025238894,0.015850365,-0.29850948,-0.06013398,0.0015522838,-0.19176555,-0.055581838,-0.0052431226,-0.10856873,-0.039094254,0.07684255,-0.21881604,-0.039214343,0.0551157,-0.2522229,-0.05615462,0.040928602,-0.19426298,-0.046006918,0.036245644,-0.15099329,-0.031621255
-0.058176696,-0.07777774,-0.014036043,-0.059040904,-0.20745051,-0.024840912,-0.004055381,-0.28934243,-0.039157506,0.047446966,-0.34287244,-0.051050097,-0.06288737,-0.26371267,-0.0053799986,-0.079313874,-0.33467895,-0.044421233,-0.08024448,-0.25914824,-0.06875193,-0.0771423,-0.19047254,-0.07740539,-0.012828112,-0.26306736,-0.014196955,-0.036624014,-0.35807166,-0.058120996,-0.048208296,-0.27673173,-0.07343828,-0.048381686,-0.19386756,-0.06923441,0.037089705,-0.24565437,-0.02728155,0.019183993,-0.2950319,-0.0648369,0.0036962032,-0.18569654,-0.058184255,-0.002630949,-0.104678154,-0.038935106,0.082277715,-0.21869957,-0.041982714,0.056269407,-0.24922729,-0.05855681,0.042840242,-0.1879862,-0.045582913,0.04143101,-0.14693427,-0.028535016
-0.05747199,-0.07696307,-0.014062341,-0.058562756,-0.21109557,-0.025338195,-0.0015699267,-0.29170686,-0.040186495,0.052186728,-0.3412478,-0.053144604,-0.06064838,-0.26713485,-0.007534134,-0.07867199,-0.33640012,-0.048934236,-0.08267635,-0.25760865,-0.075031444,-0.08100563,-0.18653864,-0.084635355,-0.010645568,-0.2658167,-0.017164843,-0.035824776,-0.36057276,-0.06368276,-0.05045426,-0.2763734,-0.07988079,-0.05243635,-0.19103485,-0.07540046,0.03917575,-0.24823388,-0.031046137,0.016938865,-0.2945711,-0.070263416,0.0007292032,-0.18309295,-0.06368539,-0.005795479,-0.10147971,-0.04401771,0.083903015,-0.22162932,-0.046471737,0.051555216,-0.24511594,-0.06399926,0.038145185,-0.17668521,-0.050205294,0.038932502,-0.13226706,-0.03214505
-0.054896593,-0.07172024,-0.021781676,-0.05307907,-0.20782506,-0.037322734,0.006385863,-0.2846089,-0.054054756,0.06620926,-0.32749242,-0.06754829,-0.056963563,-0.27260357,-0.02399791,-0.073388636,-0.3457586,-0.06746612,-0.07709324,-0.2598754,-0.09243614,-0.07468748,-0.19075221,-0.101893544,-0.0035130382,-0.27133814,-0.030502902,-0.02406329,-0.36162198,-0.07857177,-0.039654136,-0.2678799,-0.091311924,-0.04269743,-0.18610358,-0.08478424,0.047528386,-0.24966276,-0.041313224,0.025481582,-0.2808687,-0.0783331,0.004141152,-0.16941798,-0.067605324,-0.004827976,-0.0949837,-0.04666269,0.09210616,-0.21834996,-0.054637622,0.061248004,-0.2298522,-0.06953558,0.045372427,-0.16486394,-0.05417461,0.04553795,-0.12835628,-0.036033884
-0.05680746,-0.073614895,-0.024317127,-0.05012089,-0.21508062,-0.040570103,0.018015206,-0.2883799,-0.05726293,0.0822916,-0.32751036,-0.07030171,-0.05461192,-0.28433037,-0.026726682,-0.06986809,-0.35174358,-0.07174886,-0.07164335,-0.26421037,-0.098236166,-0.0687139,-0.19425422,-0.10910215,0.0031501055,-0.28182054,-0.032161213,-0.017641544,-0.35866097,-0.08140362,-0.030083418,-0.26110107,-0.095151834,-0.031005323,-0.17874795,-0.08995396,0.05669582,-0.25710627,-0.042415164,0.03472233,-0.26982492,-0.07865247,0.010580659,-0.15628672,-0.06771093,-0.0027947426,-0.082432926,-0.04768871,0.10093057,-0.22274452,-0.055757895,0.07102084,-0.22073627,-0.06998457,0.05106902,-0.15392357,-0.055126995,0.045782685,-0.11790383,-0.03787616
-0.057327747,-0.07247734,-0.027157612,-0.05163765,-0.21544152,-0.044596095,0.017850101,-0.289938,-0.0625059,0.085267365,-0.32787174,-0.07642432,-0.048491716,-0.2903157,-0.025653657,-0.06971079,-0.34508663,-0.07491497,-0.0697965,-0.2506307,-0.10518248,-0.06542647,-0.17409706,-0.117234595,0.005995333,-0.2861088,-0.030750051,-0.01657933,-0.36005226,-0.08455158,-0.03128475,-0.25844747,-0.09904565,-0.036147296,-0.17182565,-0.09270687,0.058275342,-0.26004958,-0.041646946,0.039117754,-0.2762399,-0.082627624,0.012009263,-0.16204226,-0.071178205,-0.003813386,-0.08650327,-0.04884,0.10129511,-0.22336453,-0.055966508,0.07795143,-0.23267591,-0.071956724,0.055392504,-0.1657651,-0.055543214,0.04823047,-0.12727094,-0.03609822
-0.055474937,-0.06889695,-0.028392002,-0.043646097,-0.20626235,-0.04746991,0.029950678,-0.27120265,-0.065545745,0.09506023,-0.3074065,-0.08064316,-0.03609085,-0.29408926,-0.03004803,-0.059248447,-0.3320039,-0.07847534,-0.066185415,-0.24068311,-0.109910734,-0.062330186,-0.16722912,-0.124044485,0.021590054,-0.2839022,-0.03372701,-0.007929862,-0.34288797,-0.08558536,-0.026571035,-0.24288964,-0.10061152,-0.028001428,-0.1608969,-0.09652864,0.073281765,-0.25168747,-0.042586844,0.04807496,-0.2592964,-0.07973176,0.01818633,-0.14933425,-0.06609099,0.0040947795,-0.07847339,-0.044925407,0.11400676,-0.21098131,-0.055061262,0.08007306,-0.20641804,-0.06913459,0.05509013,-0.13771504,-0.051319186,0.05051619,-0.103192925,-0.03205944
-0.057073712,-0.06992978,-0.037633833,-0.046845317,-0.20361966,-0.060676467,0.025618255,-0.2691101,-0.08186529,0.094393015,-0.29958177,-0.09890072,-0.03623122,-0.29558867,-0.035249773,-0.06184864,-0.33214456,-0.09111793,-0.06708342,-0.23757172,-0.12676156,-0.062458396,-0.16419941,-0.14269046,0.022456288,-0.28632087,-0.035387922,-0.008687913,-0.33634317,-0.09582794,-0.028542578,-0.23023951,-0.11356877,-0.030807853,-0.15162641,-0.109585494,0.074475706,-0.251864,-0.042195793,0.04697174,-0.2509692,-0.08794126,0.013952553,-0.14064896,-0.07517727,-0.0014714003,-0.07388586,-0.05179116,0.114162445,-0.20835811,-0.053330537,0.08433157,-0.20537317,-0.07241612,0.058101594,-0.14205533,-0.05559634,0.05229777,-0.11198139,-0.035225153
-0.057522774,-0.07505345,-0.035587054,-0.045211732,-0.20740545,-0.05899801,0.030983329,-0.26916268,-0.08017693,0.10246903,-0.29489607,-0.09793097,-0.025962293,-0.31320298,-0.038312238,-0.05669397,-0.3310849,-0.09145214,-0.064032376,-0.23504323,-0.1265882,-0.059003294,-0.16230518,-0.14323983,0.032123983,-0.29647344,-0.040683687,-0.00053423643,-0.32867792,-0.09702421,-0.022061825,-0.22226721,-0.113737874,-0.026544333,-0.14309466,-0.11091053,0.08253652,-0.2575258,-0.049151402,0.050539613,-0.24138302,-0.091925874,0.017025292,-0.13471091,-0.080560386,0.0017986894,-0.07029641,-0.060059354,0.12107587,-0.20820367,-0.061733197,0.08499169,-0.19410074,-0.078813314,0.055832326,-0.12420428,-0.06184961,0.049093485,-0.08963323,-0.042582702
-0.057242393,-0.075192094,-0.03327058,-0.04326439,-0.21080405,-0.054887254,0.034487426,-0.2728123,-0.07456329,0.1064443,-0.299055,-0.09108497,-0.024295986,-0.32155466,-0.037048273,-0.05717063,-0.3340526,-0.0877728,-0.064098775,-0.23680562,-0.12254206,-0.057065547,-0.1612764,-0.13946949,0.036322773,-0.3058801,-0.040368866,0.0019747019,-0.32755786,-0.09428623,-0.021027982,-0.22404039,-0.112053424,-0.027069211,-0.14386225,-0.110518105,0.08635718,-0.26449448,-0.049276978,0.0475744,-0.23384601,-0.08780321,0.011606574,-0.13333672,-0.07915203,-0.006108284,-0.07162845,-0.061895,0.12119651,-0.21257216,-0.06237172,0.075402796,-0.17558318,-0.07506472,0.04519844,-0.10931516,-0.059927184,0.037839234,-0.079209864,-0.04318708
-0.05652988,-0.074710965,-0.03409987,-0.043537438,-0.21156603,-0.05521657,0.032888234,-0.27575368,-0.074005984,0.10471612,-0.302167,-0.08939153,-0.028381884,-0.3138013,-0.037616044,-0.056917608,-0.3296981,-0.08799924,-0.062003314,-0.23164546,-0.12161302,-0.056493044,-0.15651429,-0.13778171,0.0328151,-0.29931614,-0.040353168,0.00011628866,-0.32800636,-0.09565438,-0.021304071,-0.22106773,-0.112928465,-0.025781333,-0.13751483,-0.11040978,0.08419955,-0.25982916,-0.048657812,0.05010438,-0.23160243,-0.09023361,0.015583038,-0.12501425,-0.0805578,-0.0012344718,-0.060114324,-0.061281204,0.12027717,-0.20965791,-0.06098731,0.08341384,-0.17821813,-0.07687888,0.05533713,-0.108950675,-0.061187897,0.048372567,-0.07710177,-0.043111626
-0.05247289,-0.069565,-0.029153313,-0.04363936,-0.20728207,-0.047053576,0.024939239,-0.2774449,-0.06457615,0.09090531,-0.31042618,-0.07827269,-0.038296342,-0.30270565,-0.028862359,-0.06536579,-0.3395278,-0.07620237,-0.069188595,-0.24195188,-0.10543804,-0.0641678,-0.17078936,-0.11882376,0.020724893,-0.2960941,-0.033622734,-0.013651967,-0.3459007,-0.08574995,-0.032072067,-0.23418063,-0.09872129,-0.034575284,-0.15245771,-0.09278035,0.07247692,-0.26177257,-0.044113863,0.037912905,-0.25274044,-0.08275833,0.0086734295,-0.14195037,-0.06965499,-0.0031812787,-0.07724136,-0.048208997,0.11187035,-0.21458852,-0.058386095,0.07618928,-0.19841546,-0.073513955,0.055258274,-0.13673764,-0.05783196,0.054126263,-0.110910416,-0.039838653
-0.05873549,-0.07730079,-0.028425511,-0.050284445,-0.22011048,-0.04686907,0.02310747,-0.2887159,-0.06514333,0.091638505,-0.32116905,-0.08023415,-0.045339942,-0.30398804,-0.029074736,-0.0702337,-0.34765187,-0.0768611,-0.07580286,-0.25204226,-0.10783625,-0.071531534,-0.17762494,-0.122492395,0.014245629,-0.2987771,-0.03376339,-0.017631412,-0.3574724,-0.08642231,-0.03676474,-0.2508914,-0.10231038,-0.0386855,-0.16657925,-0.09873343,0.0673185,-0.26647347,-0.043713246,0.039071143,-0.26863772,-0.08124503,0.0094611645,-0.1559236,-0.06907125,-0.0037218332,-0.085576,-0.04870314,0.1074543,-0.222211,-0.057465997,0.07489562,-0.21077782,-0.072257385,0.053652287,-0.14491844,-0.056642503,0.051555812,-0.11404413,-0.03894676
-0.057228923,-0.073522806,-0.025517432,-0.053280592,-0.21592128,-0.042957406,0.013025999,-0.293678,-0.061728977,0.07253009,-0.33858502,-0.07713238,-0.05748701,-0.2786629,-0.024644898,-0.07682848,-0.3459861,-0.072481155,-0.08046347,-0.25389302,-0.10050814,-0.07780492,-0.1803242,-0.1113279,-0.002855122,-0.27722985,-0.03054738,-0.028871715,-0.36448133,-0.08323991,-0.04426384,-0.26516846,-0.09770931,-0.044034004,-0.18083727,-0.09166594,0.050265014,-0.25400233,-0.04183624,0.030670881,-0.28626972,-0.08372781,0.008152783,-0.16790712,-0.072667204,-0.000551939,-0.08852136,-0.050212514,0.09591615,-0.22154969,-0.056052234,0.07009786,-0.23899451,-0.07415946,0.052467108,-0.17074937,-0.058460426,0.051507056,-0.1308459,-0.039289806
-0.05921763,-0.080742896,-0.021453166,-0.058151066,-0.2195741,-0.037643597,0.002040863,-0.30178303,-0.05659086,0.058296323,-0.35074168,-0.07219835,-0.060177565,-0.2811159,-0.018517187,-0.08079326,-0.35029513,-0.066707075,-0.082080066,-0.2609313,-0.09536802,-0.07874274,-0.185646,-0.10607134,-0.008267462,-0.2807656,-0.026553994,-0.036156654,-0.36779296,-0.079733774,-0.049447715,-0.26957747,-0.09516794,-0.048793733,-0.18221146,-0.08946647,0.043804526,-0.2603312,-0.040073793,0.022378862,-0.2963311,-0.083419524,0.0031216145,-0.18220258,-0.074305095,-0.0029979944,-0.10153371,-0.0523428,0.08982104,-0.22990906,-0.056102138,0.0638808,-0.2529506,-0.07470528,0.048194826,-0.1865896,-0.060178585,0.04887426,-0.14500701,-0.041592844
-0.05914873,-0.078380644,-0.01759632,-0.06028229,-0.21727192,-0.031436045,-0.0029591918,-0.2978674,-0.048816234,0.054417074,-0.3454216,-0.06332756,-0.05669129,-0.2856767,-0.011969561,-0.08144045,-0.35299736,-0.05725937,-0.08405787,-0.2667149,-0.08463562,-0.08083731,-0.19447476,-0.094740205,-0.0051463246,-0.2848692,-0.021813592,-0.036879897,-0.37293237,-0.0717476,-0.051155686,-0.27860752,-0.08652579,-0.053515434,-0.19225317,-0.08061897,0.045461953,-0.26419085,-0.03688,0.016172588,-0.29776394,-0.07741763,-0.0015073419,-0.18537414,-0.068459794,-0.007184267,-0.107460976,-0.047306787,0.09017074,-0.23273179,-0.05426664,0.05858755,-0.25429744,-0.07114118,0.042624474,-0.18521565,-0.05606461,0.042680144,-0.14090133,-0.037404094
-0.05875361,-0.0787127,-0.016710078,-0.05891061,-0.21106267,-0.031467848,-0.0018005371,-0.29402798,-0.048703946,0.05274546,-0.34833443,-0.06362425,-0.06282109,-0.2712753,-0.016659018,-0.08301169,-0.34252882,-0.0581433,-0.0838691,-0.2592386,-0.08342169,-0.07992202,-0.18849695,-0.0932086,-0.011253953,-0.27236733,-0.025585197,-0.041707754,-0.3683108,-0.07091757,-0.053563118,-0.27908564,-0.0849381,-0.05300492,-0.19442356,-0.0803297,0.039634585,-0.2550165,-0.038354475,0.015937567,-0.30120432,-0.07612744,0.0025770664,-0.18678236,-0.0661216,-0.0007252097,-0.10622245,-0.045356415,0.08530414,-0.22686797,-0.05297456,0.052640557,-0.251541,-0.069630206,0.038953185,-0.18184793,-0.053989075,0.039663315,-0.13887155,-0.035369236
-0.060852528,-0.08541453,-0.01737941,-0.061510444,-0.21574551,-0.03183391,-0.004462123,-0.30130082,-0.04922291,0.050371587,-0.35608017,-0.06362127,-0.068858564,-0.2744531,-0.012249249,-0.08384311,-0.34892625,-0.052905045,-0.08120632,-0.26866585,-0.078495786,-0.0777542,-0.20079702,-0.08892422,-0.018492818,-0.27492294,-0.021117756,-0.042829573,-0.3685709,-0.06592736,-0.05110663,-0.28299668,-0.08250601,-0.05099243,-0.20191103,-0.08029357,0.03204876,-0.25972635,-0.0343254,0.016021132,-0.30549365,-0.073033385,0.0021308064,-0.19373822,-0.06688908,-0.0036343932,-0.112080395,-0.048463076,0.07842255,-0.23370183,-0.04947968,0.04988283,-0.2595456,-0.06733417,0.03731513,-0.19295985,-0.054788936,0.037919402,-0.14869952,-0.03825883
-0.061435997,-0.08534241,-0.014034745,-0.06336081,-0.20894843,-0.025844177,-0.0072366,-0.29018784,-0.041817237,0.046007097,-0.34167212,-0.05567286,-0.06106627,-0.265088,0.003921764,-0.07755464,-0.32506886,-0.032694448,-0.07966113,-0.253078,-0.059519343,-0.0772807,-0.18598932,-0.07135105,-0.016478658,-0.26380596,-0.005271375,-0.04330057,-0.34741366,-0.046023145,-0.052998483,-0.27537873,-0.06695205,-0.051882744,-0.19654214,-0.0691006,0.030397475,-0.25064647,-0.019209959,0.014381528,-0.2989601,-0.056843314,0.0015317202,-0.19772065,-0.057149276,-0.0030218363,-0.114123166,-0.0438603,0.07622439,-0.22865355,-0.034691393,0.04528761,-0.25425607,-0.053418897,0.03218019,-0.18690121,-0.044494495,0.032711983,-0.13588971,-0.03094999
-0.061435997,-0.08534241,-0.014034745,-0.06336081,-0.20894843,-0.025844177,-0.0072366,-0.29018784,-0.041817237,0.046007097,-0.34167212,-0.05567286,-0.06106627,-0.265088,0.003921764,-0.07755464,-0.32506886,-0.032694448,-0.07966113,-0.253078,-0.059519343,-0.0772807,-0.18598932,-0.07135105,-0.016478658,-0.26380596,-0.005271375,-0.04330057,-0.34741366,-0.046023145,-0.052998483,-0.27537873,-0.06695205,-0.051882744,-0.19654214,-0.0691006,0.030397475,-0.25064647,-0.019209959,0.014381528,-0.2989601,-0.056843314,0.0015317202,-0.19772065,-0.057149276,-0.0030218363,-0.114123166,-0.0438603,0.07622439,-0.22865355,-0.034691393,0.04528761,-0.25425607,-0.053418897,0.03218019,-0.18690121,-0.044494495,0.032711983,-0.13588971,-0.03094999
-0.058710456,-0.076515675,-0.014502101,-0.060111046,-0.20056266,-0.025768822,-0.0045468807,-0.28176954,-0.040658966,0.048837006,-0.33256596,-0.05344205,-0.062329113,-0.256548,-0.003059129,-0.08051348,-0.3251093,-0.040375225,-0.07992834,-0.253374,-0.06441006,-0.075454235,-0.18713868,-0.07333659,-0.015678704,-0.2574739,-0.011372958,-0.04117918,-0.3473478,-0.053001154,-0.051052988,-0.2712923,-0.069830686,-0.050746083,-0.19179624,-0.06767712,0.03153652,-0.24552387,-0.02411095,0.012789488,-0.29635665,-0.060648315,-0.0034235716,-0.19377804,-0.058069307,-0.010456443,-0.11409807,-0.042467915,0.07633883,-0.22362342,-0.038310446,0.045309186,-0.2502416,-0.055583324,0.03176433,-0.18573529,-0.04553312,0.03153932,-0.13884068,-0.030846832
-0.05614686,-0.06797993,-0.014627834,-0.057952583,-0.19901508,-0.026057398,-0.0038042068,-0.27736133,-0.04002874,0.045776248,-0.3294937,-0.051909275,-0.05840999,-0.25850487,-0.010545788,-0.07837868,-0.32307675,-0.05032409,-0.079021215,-0.2469958,-0.074427836,-0.07395351,-0.17768204,-0.082601056,-0.009865284,-0.2588267,-0.019217966,-0.037324846,-0.3499205,-0.06118277,-0.048940778,-0.2733092,-0.07472713,-0.048701763,-0.19476676,-0.07000528,0.038434863,-0.24267769,-0.03199631,0.01636231,-0.2823555,-0.067996375,0.0001475215,-0.17575878,-0.060614258,-0.0071414113,-0.09986949,-0.042162675,0.0828886,-0.2168887,-0.04624435,0.049186468,-0.23611853,-0.06239767,0.0354259,-0.16522348,-0.047980282,0.035045087,-0.11957157,-0.030219825
-0.057348013,-0.07512128,-0.013993355,-0.058116138,-0.21012324,-0.024459431,-7.2717667e-06,-0.2883727,-0.038111296,0.055659473,-0.33658928,-0.04960705,-0.058440983,-0.26840502,-0.006122229,-0.07777959,-0.33635777,-0.045350898,-0.07927531,-0.2582143,-0.070041806,-0.074797094,-0.18911529,-0.07909754,-0.008677661,-0.2685915,-0.015141298,-0.03431928,-0.3616282,-0.058853038,-0.046725214,-0.27996433,-0.074528664,-0.047911942,-0.19780403,-0.07054057,0.040548265,-0.2524703,-0.028359128,0.018731117,-0.29342067,-0.06568708,0.0019077659,-0.1826123,-0.0598907,-0.0066272616,-0.1032483,-0.04168112,0.08427298,-0.22660992,-0.04311912,0.051119268,-0.24350056,-0.06028375,0.03703302,-0.17184782,-0.04732698,0.036314428,-0.12599653,-0.030227702
-0.05643916,-0.077831864,-0.015378407,-0.057467878,-0.21524978,-0.026821474,-0.0010229945,-0.29402757,-0.041695133,0.05601871,-0.33841738,-0.05365969,-0.056141257,-0.2662569,-0.01088618,-0.07533646,-0.3443945,-0.054046854,-0.07259953,-0.26378492,-0.07966691,-0.067305624,-0.19316244,-0.08827043,-0.0071282387,-0.266874,-0.020818584,-0.026560128,-0.36780328,-0.06842454,-0.0383808,-0.28521997,-0.0840429,-0.044365704,-0.20305312,-0.07874583,0.04286045,-0.24957108,-0.03530378,0.020537913,-0.2856413,-0.07471865,0.0027065873,-0.17712957,-0.06825553,-0.007853746,-0.10173905,-0.04871047,0.089126766,-0.22215053,-0.051522467,0.05871749,-0.24580634,-0.067135595,0.042527735,-0.17729646,-0.0520284,0.039508104,-0.13179624,-0.03342742
-0.057445943,-0.07224369,-0.017366026,-0.058232784,-0.2111265,-0.029339254,-0.0034705997,-0.29102919,-0.044219565,0.052060485,-0.3382943,-0.056139294,-0.054593146,-0.26706156,-0.015639046,-0.075375795,-0.34712648,-0.059641693,-0.07449871,-0.26436138,-0.08443647,-0.07063025,-0.19145304,-0.09211642,-0.0054094195,-0.26784736,-0.024395684,-0.03011179,-0.3660637,-0.07215564,-0.04163152,-0.2801804,-0.0857136,-0.046115875,-0.19802582,-0.07918842,0.044026554,-0.24957266,-0.03793057,0.018337846,-0.28578076,-0.078090794,0.0018091202,-0.1754688,-0.070190944,-0.00667423,-0.09911317,-0.049762517,0.089770794,-0.22122052,-0.053301454,0.059114277,-0.24731833,-0.070405275,0.042928874,-0.17834121,-0.05545027,0.040224552,-0.13253802,-0.036783766
-0.054539323,-0.06922257,-0.01906618,-0.051995397,-0.21142387,-0.03160354,0.0065454245,-0.28895515,-0.046876676,0.065663874,-0.3326037,-0.058785245,-0.047129393,-0.27562654,-0.017103996,-0.06818253,-0.3452739,-0.06234826,-0.06931853,-0.25977942,-0.08791762,-0.06598997,-0.18451864,-0.09580175,0.0017815828,-0.27206525,-0.02548834,-0.022174537,-0.36486208,-0.0745555,-0.03665477,-0.27652875,-0.08729624,-0.042134404,-0.19142061,-0.079648785,0.051839232,-0.24966705,-0.038997952,0.029840052,-0.27948028,-0.07926493,0.008837998,-0.16843987,-0.069746695,-0.0014799833,-0.0915128,-0.04789526,0.099102914,-0.21689257,-0.054780915,0.07565737,-0.24342608,-0.070046395,0.054018617,-0.17680907,-0.053557955,0.046496868,-0.1316371,-0.034009907
-0.051994026,-0.07477051,-0.021630343,-0.04737377,-0.21292031,-0.036784608,0.016954243,-0.28767288,-0.053008463,0.08169949,-0.3318525,-0.065705836,-0.048680067,-0.2766165,-0.023620225,-0.06616843,-0.3481062,-0.066211745,-0.06607908,-0.2618463,-0.09107286,-0.06278908,-0.18901384,-0.1000887,0.0025759935,-0.27169096,-0.029997293,-0.017049909,-0.36555767,-0.07704429,-0.030911326,-0.274929,-0.08969704,-0.03608054,-0.19008136,-0.08341187,0.053438783,-0.2473455,-0.04066358,0.039231002,-0.28199124,-0.07798499,0.013885379,-0.16825056,-0.06644086,-0.0019009709,-0.08860034,-0.044672936,0.09880799,-0.21361107,-0.053817164,0.07944727,-0.23922333,-0.067882314,0.058208406,-0.17498338,-0.050368913,0.049518883,-0.13288927,-0.030821405
-0.05671513,-0.07146233,-0.0245872,-0.049248636,-0.2127192,-0.039867803,0.017136276,-0.2855931,-0.054940604,0.08226651,-0.3230868,-0.06613014,-0.05183363,-0.28258255,-0.027893802,-0.06639171,-0.35419828,-0.07187417,-0.06580114,-0.2644832,-0.09730704,-0.062081993,-0.18999898,-0.10658945,0.0034573078,-0.28087124,-0.031900086,-0.016325295,-0.35934037,-0.08017264,-0.029237866,-0.2648157,-0.09370298,-0.034784853,-0.181499,-0.0878374,0.055311143,-0.2582666,-0.04033049,0.032432616,-0.26845136,-0.076907344,0.008388817,-0.15727746,-0.067621745,-0.0065490007,-0.08387232,-0.048148897,0.09797025,-0.2256433,-0.05157687,0.06725192,-0.22080466,-0.06569937,0.048144937,-0.150635,-0.050886765,0.04377997,-0.11111289,-0.03318885
-0.05579269,-0.07274675,-0.026177164,-0.047404706,-0.21344548,-0.042888798,0.021555126,-0.2851222,-0.059488818,0.08958739,-0.32314864,-0.07186237,-0.048687816,-0.28503618,-0.027056003,-0.065234005,-0.35148954,-0.07359134,-0.064329624,-0.26125222,-0.10118019,-0.061310828,-0.18415415,-0.11159138,0.0060377717,-0.2800855,-0.03188082,-0.010682166,-0.35803175,-0.082354456,-0.023804009,-0.2596572,-0.09543506,-0.029167235,-0.17513734,-0.08891061,0.058369517,-0.25340587,-0.04203802,0.043862164,-0.2714748,-0.081234284,0.017766893,-0.16072589,-0.069620065,0.0018214583,-0.08840644,-0.04768409,0.10226083,-0.21706247,-0.055261847,0.08159506,-0.23134288,-0.07112219,0.062050283,-0.16653389,-0.054527298,0.05683869,-0.129686,-0.034998965
-0.05579269,-0.07274675,-0.026177164,-0.047404706,-0.21344548,-0.042888798,0.021555126,-0.2851222,-0.059488818,0.08958739,-0.32314864,-0.07186237,-0.048687816,-0.28503618,-0.027056003,-0.065234005,-0.35148954,-0.07359134,-0.064329624,-0.26125222,-0.10118019,-0.061310828,-0.18415415,-0.11159138,0.0060377717,-0.2800855,-0.03188082,-0.010682166,-0.35803175,-0.082354456,-0.023804009,-0.2596572,-0.09543506,-0.029167235,-0.17513734,-0.08891061,0.058369517,-0.25340587,-0.04203802,0.043862164,-0.2714748,-0.081234284,0.017766893,-0.16072589,-0.069620065,0.0018214583,-0.08840644,-0.04768409,0.10226083,-0.21706247,-0.055261847,0.08159506,-0.23134288,-0.07112219,0.062050283,-0.16653389,-0.054527298,0.05683869,-0.129686,-0.034998965
-0.05479896,-0.07653421,-0.02998536,-0.03927058,-0.21788865,-0.048628256,0.036060154,-0.2801264,-0.06627742,0.107542634,-0.308413,-0.08076219,-0.03443849,-0.29722643,-0.030131778,-0.057884157,-0.34115297,-0.07900285,-0.062313616,-0.24635848,-0.11048805,-0.058756292,-0.1724717,-0.12439972,0.023807526,-0.28865513,-0.03254825,-0.0053733587,-0.3445909,-0.08758351,-0.023794949,-0.23881608,-0.10374695,-0.027480066,-0.15312123,-0.099058956,0.074835,-0.25708672,-0.04042813,0.047317326,-0.2575558,-0.08091663,0.016644478,-0.14652324,-0.07015708,-8.702278e-05,-0.075261116,-0.049034156,0.11234456,-0.2171771,-0.051869072,0.079018414,-0.20842451,-0.067026556,0.054776907,-0.13897675,-0.05088954,0.049989164,-0.10305691,-0.031942714
-0.05475992,-0.076427996,-0.033975095,-0.037732065,-0.21677756,-0.054677967,0.039363146,-0.2751189,-0.07324611,0.11276251,-0.297817,-0.088457994,-0.031264007,-0.2933681,-0.038793176,-0.055944502,-0.33582452,-0.08819165,-0.06048894,-0.23681307,-0.119682126,-0.056684792,-0.16405362,-0.13473424,0.027609408,-0.28387213,-0.039878838,-0.0015205741,-0.34104884,-0.09607565,-0.02218002,-0.23233286,-0.11177782,-0.028741002,-0.14827877,-0.10758896,0.078344285,-0.24974808,-0.04617461,0.050204575,-0.2547254,-0.086659506,0.017565727,-0.14147192,-0.0735139,-0.0007369518,-0.07084638,-0.05183187,0.115395665,-0.20796657,-0.056468725,0.08112544,-0.19639003,-0.0725396,0.056272328,-0.12829632,-0.05616999,0.05188006,-0.095528305,-0.03765766
-0.055528402,-0.06949121,-0.03263846,-0.041855693,-0.20643324,-0.05220935,0.031719506,-0.26811168,-0.069985144,0.100791514,-0.29524088,-0.08432278,-0.03322804,-0.29254258,-0.03371185,-0.05620563,-0.3330552,-0.08272027,-0.060860753,-0.24070138,-0.11402549,-0.05747491,-0.16905648,-0.12834287,0.025045931,-0.28370452,-0.035016883,-0.0039801598,-0.3332556,-0.08930532,-0.022700787,-0.22833252,-0.10464456,-0.02738589,-0.14667898,-0.10024721,0.07468605,-0.2508935,-0.042000875,0.046919167,-0.24704477,-0.081030205,0.016447723,-0.14038223,-0.069521196,-0.00063467026,-0.073488474,-0.04931796,0.11150485,-0.20958477,-0.053022746,0.07590282,-0.19002151,-0.06800654,0.05307728,-0.12457979,-0.052985717,0.048850834,-0.09443021,-0.0355875
-0.056816638,-0.06883019,-0.02735197,-0.0462929,-0.20829582,-0.04407852,0.02429223,-0.276296,-0.060250312,0.09042883,-0.30865827,-0.07295197,-0.04342872,-0.2863189,-0.028732305,-0.06713736,-0.3423989,-0.0740716,-0.066716194,-0.2514753,-0.10134763,-0.060380995,-0.18053633,-0.11252938,0.014590979,-0.2810961,-0.032170538,-0.012011051,-0.34695053,-0.08247368,-0.025942504,-0.24395168,-0.09552134,-0.029417157,-0.16133338,-0.08926282,0.06597024,-0.25214964,-0.04068493,0.03678626,-0.25268883,-0.07805592,0.011268675,-0.14037699,-0.0662136,-0.0020671487,-0.0717445,-0.045138236,0.10654402,-0.21337575,-0.052471258,0.07089651,-0.20434397,-0.065511614,0.050428152,-0.13592762,-0.048775278,0.047629178,-0.10178667,-0.030149493
-0.056816638,-0.06883019,-0.02735197,-0.0462929,-0.20829582,-0.04407852,0.02429223,-0.276296,-0.060250312,0.09042883,-0.30865827,-0.07295197,-0.04342872,-0.2863189,-0.028732305,-0.06713736,-0.3423989,-0.0740716,-0.066716194,-0.2514753,-0.10134763,-0.060380995,-0.18053633,-0.11252938,0.014590979,-0.2810961,-0.032170538,-0.012011051,-0.34695053,-0.08247368,-0.025942504,-0.24395168,-0.09552134,-0.029417157,-0.16133338,-0.08926282,0.06597024,-0.25214964,-0.04068493,0.03678626,-0.25268883,-0.07805592,0.011268675,-0.14037699,-0.0662136,-0.0020671487,-0.0717445,-0.045138236,0.10654402,-0.21337575,-0.052471258,0.07089651,-0.20434397,-0.065511614,0.050428152,-0.13592762,-0.048775278,0.047629178,-0.10178667,-0.030149493
-0.056759715,-0.06971538,-0.021537041,-0.05452442,-0.20852536,-0.03681108,0.0050343275,-0.2867944,-0.053878076,0.06300181,-0.33369666,-0.06785141,-0.0564723,-0.2830682,-0.019555964,-0.078210175,-0.34266758,-0.06605816,-0.08112866,-0.25440243,-0.09426589,-0.07754582,-0.18303216,-0.105489925,-0.0029748082,-0.2813569,-0.027313141,-0.03209114,-0.36229247,-0.07793788,-0.04602188,-0.26436433,-0.091935255,-0.04616368,-0.18005365,-0.08604031,0.049029827,-0.25707352,-0.040228944,0.02422136,-0.28422123,-0.080809355,0.0033073425,-0.16808927,-0.06966234,-0.004982412,-0.09057039,-0.04781667,0.09320682,-0.22219607,-0.055782847,0.06229496,-0.23281866,-0.07377507,0.044990003,-0.16335917,-0.05844582,0.044771552,-0.123986244,-0.039705604
-0.058846116,-0.07619429,-0.01781169,-0.061510026,-0.21486229,-0.031325832,-0.002383411,-0.29369435,-0.04822377,0.05681765,-0.33781537,-0.062120315,-0.057765365,-0.27961642,-0.0116733685,-0.0815773,-0.3478517,-0.056576893,-0.08304036,-0.26234204,-0.0840231,-0.07884008,-0.1907664,-0.09411508,-0.008133769,-0.27918452,-0.020887999,-0.035758317,-0.36813468,-0.07051437,-0.048799336,-0.27810997,-0.08599585,-0.051030695,-0.19440675,-0.08053851,0.042303264,-0.26051405,-0.035207234,0.018315196,-0.29378042,-0.07569783,0.00023138523,-0.18205595,-0.067881286,-0.0074863434,-0.10380465,-0.047314815,0.08865565,-0.23085904,-0.051837783,0.06011939,-0.25219485,-0.06940856,0.042886794,-0.18095893,-0.05509307,0.040462613,-0.13373584,-0.036649264
-0.060355604,-0.081225395,-0.015857,-0.061534524,-0.21632242,-0.029429575,-0.0043970942,-0.29538685,-0.046874803,0.0504871,-0.3455872,-0.061897382,-0.05891508,-0.2838028,-0.009283324,-0.08460742,-0.34774825,-0.054664835,-0.08697444,-0.26343274,-0.08365515,-0.08376157,-0.19111317,-0.094974734,-0.008737385,-0.2835985,-0.019858763,-0.04170686,-0.36996186,-0.06958404,-0.055068374,-0.28014162,-0.08642318,-0.055802822,-0.19470012,-0.08238869,0.041022778,-0.26469457,-0.035418186,0.014388621,-0.29934117,-0.076897286,-0.0020689964,-0.18538052,-0.06949376,-0.007655084,-0.10430825,-0.049186133,0.08486515,-0.23375031,-0.053108968,0.05259204,-0.25184542,-0.07255545,0.035613954,-0.17853147,-0.058715887,0.03342086,-0.12995958,-0.040318526
-0.0624187,-0.085950315,-0.014819412,-0.06400025,-0.21373343,-0.028079906,-0.007856607,-0.2943762,-0.045316286,0.047789633,-0.34566036,-0.0605679,-0.061702013,-0.27296194,-0.003936889,-0.08177143,-0.33598167,-0.04548792,-0.08404976,-0.26010257,-0.073401995,-0.08232468,-0.19073397,-0.08450705,-0.013240397,-0.27407998,-0.013464917,-0.044464946,-0.36178502,-0.058222033,-0.05634439,-0.28110826,-0.07627774,-0.05760491,-0.19824314,-0.074245356,0.035337865,-0.2599684,-0.027591616,0.011265039,-0.30207276,-0.06645681,-0.002401948,-0.19283295,-0.06184449,-0.007439196,-0.11074853,-0.043758914,0.07957846,-0.23301485,-0.043473437,0.046109438,-0.2552457,-0.06123632,0.033892334,-0.1865269,-0.04835816,0.034215212,-0.13838369,-0.030895352
-0.060417116,-0.07897842,-0.01477001,-0.06400722,-0.2026791,-0.026775256,-0.011029184,-0.2833478,-0.042597625,0.04052949,-0.3348957,-0.05651497,-0.0646407,-0.25844854,-0.0018608716,-0.08543879,-0.32539183,-0.04219688,-0.08656162,-0.25436032,-0.06936481,-0.08330363,-0.18800473,-0.080280274,-0.01817733,-0.26035023,-0.011182902,-0.048439085,-0.35088295,-0.055577878,-0.058769763,-0.27500868,-0.07492939,-0.059027135,-0.1957143,-0.074182995,0.02937156,-0.24945861,-0.025087848,0.0036847591,-0.29508772,-0.06462785,-0.009209275,-0.19079244,-0.062433694,-0.013528943,-0.11231792,-0.046526294,0.07437372,-0.22779402,-0.04055751,0.035502195,-0.24589482,-0.06015461,0.02297175,-0.17502367,-0.049627706,0.024151027,-0.12524521,-0.03412926
-0.062238157,-0.082315564,-0.014766223,-0.066430986,-0.20313376,-0.026406607,-0.013303876,-0.28585473,-0.04223278,0.03961724,-0.33707047,-0.055895735,-0.06498885,-0.2565791,0.0017867142,-0.08350676,-0.325043,-0.03495753,-0.08529401,-0.2561449,-0.06054514,-0.08316022,-0.19194037,-0.07128068,-0.02017641,-0.25862816,-0.006797838,-0.04883063,-0.3495171,-0.047279797,-0.058671296,-0.2789638,-0.066805236,-0.05903715,-0.20225781,-0.06767749,0.026313066,-0.24807864,-0.020041611,0.006798148,-0.29985538,-0.057701237,-0.0048598647,-0.19707352,-0.057594385,-0.00871557,-0.114474654,-0.043719105,0.07229525,-0.22686306,-0.03491998,0.04201883,-0.2556256,-0.05414414,0.02676493,-0.19145817,-0.045880217,0.023260117,-0.1408521,-0.032580685
-0.06111443,-0.0769586,-0.015610943,-0.0650813,-0.20273352,-0.02714796,-0.010672271,-0.2857779,-0.041945595,0.040421247,-0.33883038,-0.054757,-0.063789606,-0.25856763,-0.0032713483,-0.0828346,-0.32457766,-0.039517276,-0.08568919,-0.2526079,-0.06379142,-0.08325291,-0.18665487,-0.073899634,-0.018579364,-0.26083165,-0.011389321,-0.04972291,-0.3500025,-0.051205482,-0.060651124,-0.27794826,-0.06962189,-0.060674667,-0.20123506,-0.070272,0.028608203,-0.25089642,-0.02388691,0.006708026,-0.3020103,-0.06156052,-0.005124092,-0.19615358,-0.061405815,-0.00856626,-0.11214799,-0.048221044,0.07534498,-0.23187795,-0.037859414,0.03769207,-0.25180498,-0.05845651,0.023993969,-0.18055463,-0.05125229,0.024632156,-0.1287213,-0.039028455
-0.05893624,-0.076277316,-0.013991561,-0.062292576,-0.20126379,-0.026383162,-0.008908689,-0.2845539,-0.042086292,0.0438962,-0.3387921,-0.05581177,-0.06515217,-0.2607866,-0.0065901466,-0.08434492,-0.32809368,-0.045203045,-0.08463961,-0.25271067,-0.07054166,-0.080717206,-0.18523973,-0.08072528,-0.0166502,-0.26171684,-0.015744068,-0.045748234,-0.3518418,-0.057800166,-0.056460142,-0.27164447,-0.074290276,-0.056586623,-0.18989724,-0.07241953,0.032019734,-0.24938914,-0.02891802,0.008376777,-0.29678616,-0.06525309,-0.004582107,-0.19000036,-0.060350776,-0.0092538595,-0.1097191,-0.043780897,0.07733858,-0.22807258,-0.043596357,0.04082036,-0.24721766,-0.06005363,0.027795076,-0.17817163,-0.04787019,0.028351426,-0.13134944,-0.032165162
-0.05595267,-0.07136023,-0.01545133,-0.057437897,-0.2065891,-0.02747404,-0.0027065873,-0.28794938,-0.042309288,0.048623323,-0.3411857,-0.054776993,-0.05584508,-0.2749732,-0.0103124585,-0.07775855,-0.33861753,-0.051404268,-0.07994813,-0.2571748,-0.07686095,-0.0763343,-0.18598962,-0.08621941,-0.0057275295,-0.27531886,-0.019068008,-0.035861075,-0.36323208,-0.06376822,-0.048742354,-0.27739477,-0.078050874,-0.05041492,-0.19332558,-0.07313774,0.043726683,-0.25772685,-0.03211765,0.017688751,-0.29222074,-0.06890943,0.0022519827,-0.18054342,-0.060288936,-0.0044508576,-0.102116644,-0.0406183,0.08815402,-0.22948027,-0.047043536,0.053853035,-0.24396819,-0.06297424,0.03998047,-0.1732384,-0.048174955,0.03974718,-0.12951636,-0.030066637
-0.05687225,-0.07251525,-0.017478965,-0.059118986,-0.2116248,-0.029640334,-0.0016716719,-0.2938077,-0.045059036,0.05609721,-0.33981717,-0.05739249,-0.057382703,-0.27419215,-0.012290892,-0.07770789,-0.3480987,-0.05585553,-0.07978451,-0.26543343,-0.08160267,-0.07615644,-0.19526517,-0.090665966,-0.007226646,-0.2730633,-0.02094281,-0.03205782,-0.36775523,-0.06998103,-0.04471898,-0.27887318,-0.08449111,-0.046822727,-0.19525838,-0.078360565,0.04290414,-0.2547425,-0.034546047,0.017834842,-0.29163778,-0.07484769,0.00032818317,-0.17836505,-0.066649765,-0.0076800585,-0.09913856,-0.04576869,0.08880907,-0.22669435,-0.050317228,0.061078906,-0.24991643,-0.067418486,0.043205082,-0.18162215,-0.053210802,0.03859085,-0.13649565,-0.03511364
-0.0568552,-0.07424897,-0.020137835,-0.056345344,-0.2143302,-0.03398615,0.0045648217,-0.29261118,-0.04990549,0.065757275,-0.33797103,-0.06250398,-0.055455863,-0.28216994,-0.017353192,-0.07852626,-0.3492387,-0.061975785,-0.0783571,-0.2630146,-0.08916368,-0.073821366,-0.19010955,-0.09926399,-0.0030958056,-0.28259087,-0.02468534,-0.02968973,-0.36684698,-0.07357843,-0.04241258,-0.27806485,-0.08909901,-0.046653867,-0.19396001,-0.084278084,0.048349917,-0.26292607,-0.036799315,0.023729086,-0.27962148,-0.07523931,0.00214684,-0.16591156,-0.067272514,-0.01047498,-0.087340355,-0.047724843,0.09265828,-0.23174793,-0.051539846,0.061820686,-0.2347179,-0.06721606,0.042502522,-0.16367203,-0.052936193,0.03734696,-0.11932397,-0.035245195
-0.056248248,-0.07419628,-0.025910044,-0.051093876,-0.2147178,-0.042696457,0.016097307,-0.28697607,-0.060121473,0.08340514,-0.32263103,-0.07365171,-0.048495114,-0.28447577,-0.02615037,-0.0681895,-0.35138214,-0.07163016,-0.07263088,-0.26229936,-0.098356396,-0.07024777,-0.1928125,-0.10895716,0.006886065,-0.2817827,-0.03086779,-0.0134061575,-0.35932785,-0.08076738,-0.030441463,-0.26305312,-0.09400799,-0.035331607,-0.18176329,-0.08780497,0.058376014,-0.25766402,-0.040846195,0.037184536,-0.27053133,-0.078238025,0.010629773,-0.1588555,-0.067871734,-0.003514707,-0.08576435,-0.047342908,0.101742685,-0.22313249,-0.054123078,0.074329734,-0.22562283,-0.068449736,0.05340916,-0.16069889,-0.05364159,0.048026502,-0.12433398,-0.036096696
-0.054634273,-0.07145351,-0.026178893,-0.045659125,-0.2100367,-0.04362394,0.021903157,-0.27970308,-0.060929105,0.086111724,-0.31950015,-0.0743892,-0.04314363,-0.28652057,-0.026554445,-0.06252527,-0.34389943,-0.07168788,-0.06841165,-0.2548702,-0.09872577,-0.06710005,-0.18432558,-0.10980125,0.013647795,-0.28110301,-0.030793209,-0.010419726,-0.35086188,-0.0791209,-0.028020501,-0.25322548,-0.0916918,-0.030994952,-0.17189097,-0.08599039,0.06552452,-0.25376207,-0.040275693,0.042412877,-0.26256317,-0.07545588,0.0139606,-0.15295404,-0.06292555,-0.00021106005,-0.08280063,-0.04239871,0.10816884,-0.21629792,-0.05319516,0.08012301,-0.21808028,-0.066135705,0.0591048,-0.15377045,-0.04991178,0.05463606,-0.12042254,-0.03209545
-0.056499958,-0.067941844,-0.028509937,-0.04461038,-0.20567912,-0.04615018,0.027710617,-0.27353278,-0.06304518,0.09415132,-0.30839473,-0.076549195,-0.034220457,-0.29456323,-0.028495144,-0.056999624,-0.34463423,-0.07565601,-0.063167155,-0.25571194,-0.105605274,-0.060435116,-0.18227762,-0.11870188,0.022689402,-0.2872331,-0.031624153,-0.0037320256,-0.34723425,-0.08234987,-0.02245903,-0.24819991,-0.09645982,-0.02790922,-0.16581929,-0.091704965,0.072758555,-0.25668794,-0.040318124,0.04557085,-0.26065224,-0.07790554,0.014887989,-0.15355492,-0.06688777,-0.0022002459,-0.0833959,-0.04721214,0.1115849,-0.2157523,-0.052616596,0.077331185,-0.2073422,-0.068673156,0.05413109,-0.14163345,-0.054341864,0.04850948,-0.10658562,-0.03717758
-0.054187655,-0.069399655,-0.02947987,-0.040361464,-0.20480907,-0.048829455,0.03320527,-0.26835364,-0.067230664,0.09962374,-0.29990512,-0.081993416,-0.032049775,-0.28733712,-0.03249569,-0.051200926,-0.33929244,-0.08148262,-0.057854652,-0.2490378,-0.11153449,-0.056585968,-0.176103,-0.12438742,0.024795532,-0.27737153,-0.035325017,0.0005758405,-0.33680153,-0.089299075,-0.018057883,-0.23433304,-0.10292586,-0.022158146,-0.15155166,-0.09708744,0.07543415,-0.24562573,-0.04374577,0.050943196,-0.25069925,-0.083176464,0.021168053,-0.14278924,-0.07011568,0.0053682327,-0.0729174,-0.04837755,0.11575246,-0.20597106,-0.055734538,0.08513069,-0.20449048,-0.07140687,0.061309516,-0.1386283,-0.054876562,0.055886745,-0.10421544,-0.03607179
-0.054974377,-0.07493335,-0.0298661,-0.039949775,-0.21409535,-0.04882178,0.034930825,-0.27369165,-0.06706199,0.10479158,-0.29720253,-0.081865855,-0.033617496,-0.2905951,-0.033103358,-0.054600596,-0.34420976,-0.081668034,-0.059350252,-0.25251356,-0.1120591,-0.05715716,-0.17907321,-0.12573707,0.024247706,-0.28069037,-0.03645596,-0.0002555251,-0.34333295,-0.091094814,-0.019985199,-0.24192348,-0.10657294,-0.026470006,-0.15965861,-0.10224965,0.074949324,-0.24692151,-0.045058534,0.049682558,-0.25590852,-0.084737696,0.017185152,-0.14575624,-0.072209306,-0.0013366342,-0.07526094,-0.0508306,0.11338836,-0.20475394,-0.0573338,0.080629766,-0.20084369,-0.07297407,0.05428809,-0.13544196,-0.056724895,0.047361612,-0.101377964,-0.038141474
-0.051006615,-0.069541216,-0.02747376,-0.034956753,-0.2044146,-0.045208063,0.037959218,-0.26547608,-0.061863087,0.103803754,-0.29399374,-0.0755464,-0.026205182,-0.2909602,-0.029742215,-0.044337213,-0.33398157,-0.07655728,-0.051699996,-0.24742287,-0.10707536,-0.05050224,-0.17605013,-0.12092046,0.031853735,-0.27789614,-0.033241443,0.008226275,-0.33433723,-0.08481036,-0.013674378,-0.23795208,-0.10044932,-0.020407677,-0.15607142,-0.09664125,0.081924975,-0.24321431,-0.04163366,0.055586815,-0.24185315,-0.078506514,0.022759378,-0.13582408,-0.066423506,0.0050640106,-0.0671702,-0.046030063,0.11969328,-0.20029062,-0.05347616,0.0837729,-0.18748134,-0.067113794,0.058861494,-0.12156278,-0.05026691,0.05358219,-0.08868694,-0.031573016
-0.051910102,-0.06522286,-0.030227505,-0.039163888,-0.20090395,-0.04806241,0.030900598,-0.26498073,-0.06452996,0.094978034,-0.29497057,-0.07691397,-0.030991077,-0.28988573,-0.02981751,-0.048781097,-0.33969238,-0.07935618,-0.05359894,-0.25229782,-0.11023718,-0.050228655,-0.18297398,-0.12392833,0.027440667,-0.28150886,-0.03234216,0.006507039,-0.33902895,-0.08728651,-0.013288617,-0.23798704,-0.10210488,-0.019182742,-0.15887105,-0.09663881,0.077922106,-0.24879083,-0.04067114,0.0522691,-0.24444738,-0.080426656,0.022356689,-0.13753295,-0.067365214,0.006470382,-0.07271314,-0.04552666,0.11640525,-0.20708382,-0.052916113,0.08340293,-0.19105518,-0.06944235,0.0605523,-0.12541437,-0.053999677,0.056066394,-0.09539986,-0.035657395
-0.05267048,-0.06728792,-0.026608048,-0.0410738,-0.2034254,-0.044044044,0.03273511,-0.26254138,-0.06110816,0.10054237,-0.28378713,-0.075123675,-0.032191336,-0.29163593,-0.030816972,-0.049598992,-0.34153545,-0.07972881,-0.05485475,-0.24913919,-0.1088156,-0.052895904,-0.17255569,-0.12075075,0.026564121,-0.2796469,-0.037219536,0.0054941177,-0.34190753,-0.091185756,-0.014436781,-0.235482,-0.104151435,-0.019791543,-0.1486463,-0.096755385,0.07667637,-0.24289387,-0.049112033,0.050820827,-0.24846473,-0.088591665,0.021583617,-0.13787657,-0.07578289,0.006709218,-0.06981355,-0.05386162,0.11474496,-0.1971302,-0.06433487,0.077947915,-0.17475909,-0.07973861,0.051390946,-0.10202229,-0.063230336,0.044680238,-0.0687716,-0.044376083
-0.0535748,-0.07226604,-0.028835652,-0.039237082,-0.21190774,-0.047659148,0.03535992,-0.2730308,-0.06563789,0.10031539,-0.3026791,-0.080195256,-0.040140152,-0.29089126,-0.030979209,-0.054822206,-0.34103775,-0.07898732,-0.061018467,-0.24536657,-0.10811645,-0.060108244,-0.16579491,-0.12062972,0.018714428,-0.27928215,-0.03619299,-0.0005273223,-0.34323448,-0.09044916,-0.021365881,-0.23428798,-0.10473023,-0.026176095,-0.14498234,-0.09901679,0.07104653,-0.24377134,-0.046961155,0.05227977,-0.26230848,-0.086693116,0.025009394,-0.1527667,-0.0732964,0.013405025,-0.08395749,-0.051507868,0.11274779,-0.20071614,-0.06107677,0.08128536,-0.20067853,-0.07729346,0.060014665,-0.13103646,-0.059866786,0.059379637,-0.098361254,-0.040681332
-0.054961264,-0.07696974,-0.022787794,-0.046183586,-0.21496159,-0.03887326,0.020499349,-0.2850898,-0.05601992,0.08436674,-0.31993392,-0.06956884,-0.042361975,-0.28481534,-0.024310516,-0.061313212,-0.3494621,-0.06749947,-0.0677132,-0.26056963,-0.09244528,-0.06650388,-0.19100726,-0.102129795,0.011545956,-0.2768619,-0.030356254,-0.009943724,-0.35859853,-0.07796435,-0.02765876,-0.26062658,-0.089753516,-0.032562077,-0.1771434,-0.08302351,0.061624467,-0.24862674,-0.041134585,0.040898085,-0.27046248,-0.07698452,0.013816357,-0.16193116,-0.06575846,-0.00021529198,-0.089642584,-0.045170773,0.103717506,-0.2114914,-0.054775123,0.07857889,-0.2256544,-0.067902535,0.05799204,-0.16331047,-0.052148458,0.052976787,-0.12614232,-0.034346167
-0.055503786,-0.07584733,-0.014214936,-0.056887746,-0.21190232,-0.026235336,-0.00017929077,-0.2891953,-0.041537102,0.055439115,-0.3362913,-0.05453228,-0.053249955,-0.2724657,-0.011732595,-0.07581246,-0.3436554,-0.052225996,-0.079185784,-0.2621342,-0.07627098,-0.07533395,-0.19360435,-0.08528559,-0.0034732819,-0.27322432,-0.022139985,-0.03258252,-0.37098837,-0.0663521,-0.047613084,-0.2843997,-0.07940781,-0.049814284,-0.20271432,-0.07380758,0.04607171,-0.25554365,-0.036697242,0.018371701,-0.29844004,-0.07262935,0.00017094612,-0.1871438,-0.063426316,-0.0061582327,-0.11068821,-0.043730684,0.091617644,-0.227036,-0.053106073,0.055573463,-0.247441,-0.068597965,0.04092312,-0.17889386,-0.054017775,0.0420866,-0.13645816,-0.03653215
-0.058565915,-0.076188564,-0.0147364205,-0.06130749,-0.20653892,-0.027734773,-0.0073185563,-0.28568542,-0.043689016,0.04566914,-0.33855397,-0.057834085,-0.059018016,-0.26896822,-0.010923386,-0.08292681,-0.33331957,-0.04966682,-0.08478814,-0.25482005,-0.07369752,-0.08073884,-0.18550694,-0.08244887,-0.0101207495,-0.27150643,-0.01964879,-0.044094622,-0.3590486,-0.060605336,-0.056689203,-0.2768023,-0.075197354,-0.056905806,-0.19437689,-0.07185337,0.038316965,-0.25816745,-0.032219425,0.010858715,-0.2924539,-0.067672186,-0.002533257,-0.18099469,-0.062111482,-0.0060379505,-0.10048658,-0.04507277,0.08273661,-0.23398572,-0.046318494,0.04342282,-0.24631321,-0.062131982,0.030632138,-0.17339349,-0.0491904,0.03212917,-0.12504947,-0.032851387
-0.06118965,-0.08058089,-0.01566967,-0.0648517,-0.20897269,-0.027946973,-0.010818601,-0.29133898,-0.043338057,0.04221964,-0.34726977,-0.056330003,-0.06621605,-0.26676384,-0.0066026873,-0.086622834,-0.33481476,-0.045167807,-0.086767614,-0.25825816,-0.06972961,-0.082918406,-0.19003713,-0.079203926,-0.017360985,-0.26903966,-0.014997807,-0.04880321,-0.359488,-0.05636299,-0.057699442,-0.2782445,-0.07270754,-0.056907713,-0.19684374,-0.07077954,0.031541348,-0.2571174,-0.027769316,0.008233249,-0.30116457,-0.06363879,-0.0048422217,-0.19263244,-0.059224688,-0.010107279,-0.11195058,-0.042984817,0.07704508,-0.23442611,-0.042337418,0.040826023,-0.25237674,-0.058634922,0.027981997,-0.18425298,-0.04736484,0.027919352,-0.13746613,-0.032376923
-0.06118965,-0.08058089,-0.01566967,-0.0648517,-0.20897269,-0.027946973,-0.010818601,-0.29133898,-0.043338057,0.04221964,-0.34726977,-0.056330003,-0.06621605,-0.26676384,-0.0066026873,-0.086622834,-0.33481476,-0.045167807,-0.086767614,-0.25825816,-0.06972961,-0.082918406,-0.19003713,-0.079203926,-0.017360985,-0.26903966,-0.014997807,-0.04880321,-0.359488,-0.05636299,-0.057699442,-0.2782445,-0.07270754,-0.056907713,-0.19684374,-0.07077954,0.031541348,-0.2571174,-0.027769316,0.008233249,-0.30116457,-0.06363879,-0.0048422217,-0.19263244,-0.059224688,-0.010107279,-0.11195058,-0.042984817,0.07704508,-0.23442611,-0.042337418,0.040826023,-0.25237674,-0.058634922,0.027981997,-0.18425298,-0.04736484,0.027919352,-0.13746613,-0.032376923
-0.0634166,-0.075734735,-0.012661783,-0.07027173,-0.1979003,-0.022791367,-0.018493772,-0.27631432,-0.037402842,0.032560706,-0.32719156,-0.050634824,-0.06484097,-0.2520817,0.0029798471,-0.090952456,-0.31869078,-0.03560851,-0.09273702,-0.25423145,-0.061621033,-0.08766276,-0.18926936,-0.07158209,-0.020389974,-0.25624934,-0.006668787,-0.05489385,-0.34505054,-0.048888158,-0.06487572,-0.27486593,-0.06845327,-0.06476265,-0.1958481,-0.06827811,0.026066422,-0.24857461,-0.02102422,-0.0035844445,-0.29353935,-0.060169283,-0.016272128,-0.19305182,-0.061148852,-0.020463407,-0.11400175,-0.04780477,0.07124746,-0.23014909,-0.036611225,0.02682358,-0.24663854,-0.057596363,0.012626171,-0.17379647,-0.04965755,0.012297869,-0.11893582,-0.036044415
-0.065148234,-0.07567757,-0.012801124,-0.07312751,-0.19255525,-0.022645483,-0.022393286,-0.26967198,-0.036857802,0.027615666,-0.32006386,-0.0497532,-0.06761885,-0.24596214,0.005531437,-0.09169078,-0.31102443,-0.03138052,-0.09396726,-0.24821529,-0.057312895,-0.08949083,-0.18592322,-0.06786146,-0.02388978,-0.24979311,-0.0030883588,-0.057145,-0.33642042,-0.044676468,-0.06619501,-0.26662803,-0.06517305,-0.064228,-0.18888575,-0.06589325,0.022042632,-0.24259016,-0.016334713,-0.006425202,-0.28974554,-0.055210777,-0.018528044,-0.19097197,-0.057365857,-0.021451414,-0.111929595,-0.044768725,0.06711447,-0.22548378,-0.030761192,0.024367452,-0.24116063,-0.052548084,0.01050061,-0.17163134,-0.04624072,0.010737479,-0.11941683,-0.033552025
-0.066675365,-0.07288778,-0.008229459,-0.074311554,-0.18466377,-0.0144716455,-0.02510637,-0.25870842,-0.026198938,0.021728635,-0.3066586,-0.03710878,-0.063596845,-0.2371251,0.01620091,-0.08636594,-0.30444312,-0.016514873,-0.09284997,-0.2461113,-0.04055515,-0.0911172,-0.18659997,-0.050672583,-0.022979677,-0.24100798,0.006433241,-0.054371476,-0.3255779,-0.032082167,-0.06532186,-0.25729665,-0.052409455,-0.065018654,-0.18310356,-0.053742938,0.020736516,-0.2348645,-0.008002329,-0.011379361,-0.28833702,-0.045069188,-0.02230817,-0.19635111,-0.048119716,-0.022947192,-0.12248021,-0.037044536,0.065501094,-0.21965182,-0.023185497,0.019412875,-0.24458203,-0.045562863,0.0065044165,-0.17400724,-0.040102217,0.009431839,-0.120628536,-0.028212905
-0.062269986,-0.0739187,-0.0092559615,-0.068994045,-0.19126642,-0.017594973,-0.022295952,-0.26874924,-0.031142458,0.026176274,-0.31787205,-0.043692075,-0.05979818,-0.24105003,0.004871313,-0.08285856,-0.31102985,-0.032462843,-0.086999,-0.24935704,-0.05626505,-0.084035814,-0.18662494,-0.064513065,-0.018719375,-0.2454277,-0.0052729705,-0.048591614,-0.33562654,-0.047878,-0.05941218,-0.26349807,-0.06516916,-0.060034215,-0.18493915,-0.062368322,0.025744438,-0.23888266,-0.019803792,-0.006642878,-0.28525186,-0.058277395,-0.018597007,-0.18848485,-0.05777806,-0.02067846,-0.11347085,-0.042774662,0.07010257,-0.22294453,-0.0351818,0.02737093,-0.24528837,-0.054669805,0.0161646,-0.1780361,-0.04607055,0.019426823,-0.12823695,-0.031632222
-0.062269986,-0.0739187,-0.0092559615,-0.068994045,-0.19126642,-0.017594973,-0.022295952,-0.26874924,-0.031142458,0.026176274,-0.31787205,-0.043692075,-0.05979818,-0.24105003,0.004871313,-0.08285856,-0.31102985,-0.032462843,-0.086999,-0.24935704,-0.05626505,-0.084035814,-0.18662494,-0.064513065,-0.018719375,-0.2454277,-0.0052729705,-0.048591614,-0.33562654,-0.047878,-0.05941218,-0.26349807,-0.06516916,-0.060034215,-0.18493915,-0.062368322,0.025744438,-0.23888266,-0.019803792,-0.006642878,-0.28525186,-0.058277395,-0.018597007,-0.18848485,-0.05777806,-0.02067846,-0.11347085,-0.042774662,0.07010257,-0.22294453,-0.0351818,0.02737093,-0.24528837,-0.054669805,0.0161646,-0.1780361,-0.04607055,0.019426823,-0.12823695,-0.031632222
-0.0617733,-0.07727033,-0.012708149,-0.06873536,-0.20761067,-0.023267534,-0.018000841,-0.2887727,-0.03781307,0.03401947,-0.34181118,-0.0510781,-0.057038844,-0.26306564,-0.003337523,-0.08449179,-0.3308291,-0.04389051,-0.0895558,-0.25910705,-0.06999253,-0.08667922,-0.19269031,-0.07971317,-0.0109962225,-0.26706892,-0.013237509,-0.045078278,-0.36002973,-0.05896577,-0.0604406,-0.28355005,-0.07787153,-0.064258516,-0.20202208,-0.07558171,0.03504604,-0.25788438,-0.027215803,-0.003034234,-0.29337633,-0.06703139,-0.017436564,-0.18557614,-0.06494376,-0.021039426,-0.107688785,-0.048554353,0.077472866,-0.2382833,-0.042396195,0.028051853,-0.24689999,-0.06124302,0.01925093,-0.17476416,-0.05023946,0.02666974,-0.12885427,-0.034155875
-0.059693217,-0.06989229,-0.015869481,-0.06566757,-0.20625651,-0.027444892,-0.012173474,-0.28747308,-0.04227712,0.042565227,-0.33625323,-0.054879796,-0.053344727,-0.2739475,-0.011176585,-0.08342415,-0.3422745,-0.05341508,-0.08865738,-0.26191044,-0.07818874,-0.08486414,-0.19315928,-0.08683917,-0.004724741,-0.27690154,-0.020323263,-0.039803088,-0.36491552,-0.06736132,-0.055770814,-0.27972305,-0.08243057,-0.059634447,-0.19779575,-0.077208914,0.042749703,-0.26217172,-0.03402568,0.0023187995,-0.28765512,-0.07310421,-0.014371753,-0.17571998,-0.06732405,-0.019470274,-0.09948218,-0.049082488,0.08597356,-0.2362121,-0.04953385,0.038903892,-0.24089202,-0.06749388,0.027119458,-0.17042118,-0.055717334,0.03107816,-0.12787026,-0.03959205
-0.059827268,-0.06920248,-0.019046588,-0.06309575,-0.207888,-0.032631874,-0.004554808,-0.2855367,-0.04844344,0.05538553,-0.3292985,-0.061959177,-0.05091077,-0.2826283,-0.016364293,-0.0815292,-0.34270173,-0.05976916,-0.08638549,-0.25762042,-0.08670335,-0.08174789,-0.18703854,-0.097455435,-0.0005905628,-0.28544122,-0.024371747,-0.037559748,-0.36283612,-0.07278973,-0.053714037,-0.27518848,-0.089516744,-0.0573256,-0.19324648,-0.08582951,0.047780037,-0.2691189,-0.036831163,0.007000029,-0.28116632,-0.07474264,-0.01055032,-0.16959763,-0.06889762,-0.016435027,-0.094546735,-0.051566847,0.09010017,-0.24114078,-0.05171799,0.0427469,-0.2300275,-0.0685735,0.031226695,-0.15845442,-0.056855105,0.03636378,-0.11830008,-0.041288823
-0.058149934,-0.068140626,-0.022402927,-0.055882692,-0.20526803,-0.03847879,0.0049437284,-0.28043684,-0.05532884,0.0627476,-0.32675308,-0.06893108,-0.04708904,-0.2936767,-0.023098666,-0.07794267,-0.33511966,-0.06973928,-0.08198935,-0.24090576,-0.09876972,-0.07609451,-0.16683686,-0.111076444,0.009257257,-0.29430714,-0.029775769,-0.029690385,-0.3542599,-0.08009519,-0.046003103,-0.25154337,-0.093801,-0.04708916,-0.16483063,-0.088291004,0.060131192,-0.27003548,-0.041301515,0.02007556,-0.26385936,-0.077291474,-0.00090521574,-0.14952439,-0.06527963,-0.008216202,-0.0776245,-0.04506353,0.09839541,-0.2328156,-0.05610472,0.056244195,-0.2094922,-0.06980577,0.044010162,-0.14485413,-0.05499118,0.04887885,-0.11602533,-0.037923027
-0.059275746,-0.073236585,-0.028480867,-0.05216062,-0.2145713,-0.047008906,0.017618537,-0.28428534,-0.0647504,0.083799124,-0.3227684,-0.07896193,-0.04474485,-0.3015352,-0.030133367,-0.07227415,-0.34118256,-0.08064975,-0.07539868,-0.24690601,-0.11432539,-0.07027084,-0.17100036,-0.13016745,0.013615906,-0.3002863,-0.034223165,-0.023513496,-0.35251263,-0.088698484,-0.03970629,-0.25002933,-0.10618625,-0.04097861,-0.1651479,-0.103544824,0.06557298,-0.2716198,-0.043538887,0.0300259,-0.26111478,-0.08187966,0.001954317,-0.14717823,-0.070035405,-0.012313366,-0.074926496,-0.0499545,0.103440404,-0.23014289,-0.056823287,0.06271559,-0.20243317,-0.0727656,0.04305172,-0.13406754,-0.057925414,0.04185891,-0.1024977,-0.04042427
-0.059883058,-0.07194227,-0.029153075,-0.05245602,-0.21452099,-0.04659443,0.01817739,-0.28345308,-0.06327705,0.08554757,-0.31610143,-0.076403834,-0.047760487,-0.29319412,-0.028831186,-0.073150635,-0.3401155,-0.074619904,-0.07498032,-0.24464187,-0.102842376,-0.06882328,-0.17291677,-0.11528796,0.010771036,-0.28997773,-0.03171399,-0.018787622,-0.3465873,-0.083243705,-0.034962535,-0.23948026,-0.09694675,-0.038229644,-0.15657794,-0.0913792,0.06336635,-0.2626745,-0.039963398,0.03443086,-0.2620824,-0.07812252,0.0068713427,-0.14955527,-0.06686289,-0.0072777867,-0.08037847,-0.046422478,0.104445815,-0.22475255,-0.05173171,0.06943256,-0.21351296,-0.066360384,0.04950291,-0.14537811,-0.05087882,0.047504187,-0.11223394,-0.03299441
-0.059432387,-0.06631148,-0.03249624,-0.05315286,-0.20264876,-0.051559296,0.015370488,-0.27070987,-0.06884888,0.078973055,-0.306802,-0.08199975,-0.050299525,-0.29021305,-0.03280984,-0.0709964,-0.33678496,-0.08285086,-0.070132256,-0.2438601,-0.11461374,-0.06424612,-0.17175817,-0.12908836,0.009665668,-0.28696427,-0.035089586,-0.014896095,-0.3432697,-0.091031656,-0.031243086,-0.23926422,-0.10731402,-0.036437094,-0.15732467,-0.102923796,0.06359148,-0.2585949,-0.042997144,0.036382437,-0.2525432,-0.08505391,0.007922769,-0.14018798,-0.07351116,-0.007550776,-0.072791755,-0.05229241,0.10482526,-0.21950191,-0.054809522,0.06805575,-0.19706589,-0.07309633,0.048071325,-0.12867159,-0.05802823,0.046369076,-0.098813534,-0.039755072
-0.060403526,-0.06491387,-0.031106131,-0.051245153,-0.20560211,-0.048545565,0.02356726,-0.27140805,-0.06428125,0.09144175,-0.30253455,-0.07676188,-0.04775989,-0.28799343,-0.03076087,-0.068635404,-0.333225,-0.07713408,-0.071603715,-0.24259597,-0.10687902,-0.06521106,-0.17089587,-0.12057864,0.012526453,-0.2841121,-0.032955702,-0.011779547,-0.3425718,-0.08331818,-0.028037667,-0.24154282,-0.09804128,-0.030120194,-0.16172671,-0.093843915,0.064665556,-0.25383446,-0.040590905,0.041588485,-0.25438794,-0.0764049,0.012244999,-0.14508861,-0.0648356,-0.0039225817,-0.07855284,-0.045751326,0.10338563,-0.21270925,-0.0522091,0.067946374,-0.18913198,-0.06620764,0.045394063,-0.12115818,-0.05115542,0.041724145,-0.09196615,-0.03434505
-0.05446589,-0.06626928,-0.03196824,-0.04217887,-0.20529044,-0.049792033,0.031484663,-0.26890987,-0.06558799,0.09576273,-0.30562204,-0.0777372,-0.043916166,-0.29581794,-0.03013299,-0.060427368,-0.336304,-0.077710494,-0.06410736,-0.24156609,-0.10785663,-0.060825586,-0.1674326,-0.121677324,0.0169788,-0.28870368,-0.03242252,-0.0036417246,-0.33989042,-0.086485974,-0.021886587,-0.22807533,-0.1023364,-0.024372458,-0.145302,-0.09783131,0.070153356,-0.25601655,-0.040569622,0.05049312,-0.25757998,-0.081143424,0.017791688,-0.14667636,-0.070978664,0.00013923645,-0.08159584,-0.051612444,0.11035532,-0.21488911,-0.05232541,0.07705623,-0.19241434,-0.07058867,0.05053121,-0.12108421,-0.057027165,0.04372698,-0.09180939,-0.040325645
-0.052709997,-0.06896925,-0.030140411,-0.03816712,-0.20857567,-0.047739066,0.034525216,-0.27475727,-0.06385568,0.100530446,-0.31018412,-0.076675184,-0.03667319,-0.2968342,-0.02882621,-0.056066394,-0.3387999,-0.07690042,-0.06072849,-0.2480948,-0.10796849,-0.057843745,-0.17493874,-0.12189372,0.024245918,-0.2895927,-0.03133674,-0.0019747019,-0.34342405,-0.08439305,-0.021796048,-0.23751944,-0.10007282,-0.025557756,-0.15338612,-0.09561698,0.0765571,-0.25689867,-0.039469026,0.050435543,-0.25274068,-0.0780211,0.01876384,-0.14243394,-0.06630235,0.0026897788,-0.07491261,-0.045662932,0.11449915,-0.21496588,-0.051303927,0.07931048,-0.19712842,-0.06623215,0.056536794,-0.12878162,-0.050237138,0.05326456,-0.098076046,-0.0318634
-0.055820763,-0.06928599,-0.031079065,-0.042325556,-0.21065438,-0.04990899,0.032282054,-0.27658832,-0.06725053,0.10283005,-0.30684674,-0.081253365,-0.039440334,-0.2927885,-0.033803593,-0.059480965,-0.339738,-0.0810544,-0.06472349,-0.24525195,-0.11012245,-0.062066257,-0.16922694,-0.12297436,0.020414352,-0.2839473,-0.036765043,-0.0049133897,-0.3433029,-0.089625575,-0.024866462,-0.23649034,-0.10379674,-0.02733779,-0.15069562,-0.098584965,0.07265258,-0.25024867,-0.045204185,0.050370693,-0.25895223,-0.08413657,0.020343125,-0.14691532,-0.07132219,0.0064138174,-0.0765782,-0.04999814,0.11266649,-0.20749855,-0.05721669,0.07923967,-0.19823378,-0.07285254,0.055336297,-0.12839794,-0.056310263,0.05203408,-0.095130265,-0.037706025
-0.05654627,-0.07035786,-0.026386708,-0.04811454,-0.21055728,-0.043112066,0.021786511,-0.2793415,-0.059945606,0.08769071,-0.31391826,-0.07307887,-0.043263733,-0.29681808,-0.023567209,-0.06735003,-0.34791183,-0.070931785,-0.07273978,-0.25546283,-0.09942887,-0.069043875,-0.18365216,-0.1110678,0.014585435,-0.28999928,-0.028461294,-0.013531268,-0.35033992,-0.08028865,-0.030833066,-0.24306267,-0.093369454,-0.033556163,-0.15877539,-0.0865049,0.06625414,-0.25998694,-0.03927593,0.037624657,-0.2611013,-0.07832166,0.011866331,-0.14931685,-0.06723191,0.0003106594,-0.080580175,-0.04620739,0.107788324,-0.219361,-0.053419817,0.07292485,-0.21124625,-0.06921209,0.053390265,-0.14226788,-0.05436186,0.051703572,-0.10784817,-0.036428258
-0.05707383,-0.072799206,-0.025411252,-0.046947896,-0.2133382,-0.0433297,0.02351886,-0.2849349,-0.06161534,0.087599814,-0.32534772,-0.0765371,-0.04561591,-0.2890038,-0.027850583,-0.06770569,-0.3456351,-0.073537566,-0.075478494,-0.2518945,-0.10047756,-0.07352948,-0.18017608,-0.11205983,0.011681318,-0.28333157,-0.033753395,-0.017288625,-0.35639015,-0.08329157,-0.035436988,-0.25239626,-0.09552896,-0.035746515,-0.17045254,-0.089890204,0.06497234,-0.25320923,-0.044734146,0.040386796,-0.26959306,-0.08136716,0.013912797,-0.15732604,-0.06729959,0.0036762357,-0.08768672,-0.04588196,0.10859823,-0.21357203,-0.059001572,0.080951095,-0.22382209,-0.07358822,0.062161326,-0.16000354,-0.056556836,0.061715662,-0.12804443,-0.038243487
-0.057969987,-0.07093167,-0.017021067,-0.058572948,-0.20988154,-0.030996071,-0.0030355453,-0.28994003,-0.047643047,0.049273193,-0.3414866,-0.061965335,-0.049809575,-0.28957382,-0.0150693115,-0.079169035,-0.34574455,-0.06140574,-0.08441305,-0.25617898,-0.089399025,-0.08173317,-0.18151778,-0.0997856,0.0031849742,-0.29006922,-0.024837866,-0.03620565,-0.36586872,-0.07408041,-0.052362442,-0.2689241,-0.08801271,-0.054350376,-0.18299776,-0.08202386,0.053486586,-0.26822913,-0.039488718,0.014335692,-0.2832758,-0.07906932,-0.0018129349,-0.16783375,-0.069288805,-0.006103933,-0.092888474,-0.04857209,0.09541452,-0.23454249,-0.056280356,0.05182177,-0.23255044,-0.073391095,0.038401842,-0.15850085,-0.057978913,0.040952623,-0.11813754,-0.039134998
-0.05895245,-0.07333732,-0.013441403,-0.06476945,-0.21164364,-0.024040863,-0.009887576,-0.29321688,-0.03755552,0.0477854,-0.34248757,-0.0493332,-0.05803734,-0.27311143,-0.009188848,-0.08447403,-0.34051403,-0.047717985,-0.08716613,-0.2608199,-0.07131513,-0.0827713,-0.19095552,-0.080039635,-0.008940458,-0.2763256,-0.018287089,-0.044796705,-0.364478,-0.060886525,-0.05709189,-0.2769632,-0.074868456,-0.05782926,-0.19208914,-0.070130646,0.03968036,-0.2632204,-0.03142397,0.0056676865,-0.29732293,-0.06686198,-0.008716226,-0.18645167,-0.061027747,-0.0133936405,-0.10730028,-0.04379336,0.083625555,-0.23932502,-0.04609716,0.03919351,-0.24779603,-0.062478893,0.028596818,-0.173908,-0.050820827,0.033022463,-0.12735045,-0.035355434
-0.06015092,-0.07613903,-0.013778653,-0.065801084,-0.20716065,-0.025501994,-0.013615489,-0.28766865,-0.040599097,0.040458262,-0.34048223,-0.05371182,-0.058619797,-0.26671243,-0.0065745753,-0.08267337,-0.33405787,-0.045449983,-0.08444607,-0.25914282,-0.06962201,-0.08019614,-0.18977022,-0.07807529,-0.011830926,-0.26957268,-0.015729075,-0.045490324,-0.3587675,-0.057081904,-0.05783826,-0.2815301,-0.07301126,-0.059577644,-0.2001828,-0.07013485,0.035048366,-0.25945592,-0.029029569,0.005756438,-0.29325148,-0.065277286,-0.006917298,-0.18639559,-0.061744288,-0.010355115,-0.10734564,-0.04553073,0.07921761,-0.23848978,-0.043747827,0.03590256,-0.2517435,-0.059816703,0.024896085,-0.17813867,-0.047595393,0.028606594,-0.12683141,-0.031526837
-0.06132573,-0.076557815,-0.011999477,-0.06801343,-0.20129597,-0.023092082,-0.019237816,-0.27983016,-0.03801347,0.032770276,-0.33303565,-0.051494364,-0.058488548,-0.260697,-0.0036411008,-0.08488965,-0.3240833,-0.04184431,-0.08798838,-0.25378707,-0.06619913,-0.084196925,-0.18699932,-0.07503048,-0.013457,-0.26446056,-0.013416115,-0.05161631,-0.34958583,-0.053171933,-0.06378138,-0.27464792,-0.069144316,-0.06502432,-0.19587213,-0.0671018,0.03221929,-0.25584626,-0.027305456,-0.0028192997,-0.29087865,-0.06282186,-0.014965832,-0.18870455,-0.060369875,-0.018252075,-0.11295563,-0.045757946,0.07572883,-0.2355906,-0.04241835,0.029776335,-0.2464608,-0.05894314,0.017228782,-0.17238319,-0.047771595,0.018610775,-0.12038571,-0.032709192
-0.06041801,-0.07511675,-0.012589857,-0.06527203,-0.1982739,-0.023921952,-0.015786588,-0.277566,-0.03887219,0.035623312,-0.33115435,-0.052647255,-0.058286488,-0.25485277,-0.00442327,-0.0834502,-0.31797093,-0.04276857,-0.08752674,-0.25037134,-0.06713129,-0.084494054,-0.18596333,-0.07609771,-0.012583077,-0.25938115,-0.013381535,-0.049081743,-0.34450167,-0.055378985,-0.061727703,-0.26913422,-0.07207058,-0.06254792,-0.18961376,-0.069703236,0.03290814,-0.25145847,-0.02634029,-0.002590716,-0.28653312,-0.062788285,-0.015661538,-0.18412912,-0.060608976,-0.018702328,-0.10815102,-0.045583267,0.07500088,-0.23310149,-0.04051119,0.027084827,-0.24033597,-0.05732624,0.016542196,-0.17041564,-0.04721857,0.021214008,-0.1234085,-0.03268157
-0.061269462,-0.07712102,-0.011647574,-0.06570268,-0.19965178,-0.021727001,-0.013840616,-0.27556062,-0.036228377,0.036180675,-0.32627952,-0.04999961,-0.052191854,-0.25228775,0.0012607272,-0.07815033,-0.31799233,-0.038196918,-0.08530682,-0.25303382,-0.06434389,-0.083958685,-0.18802369,-0.07434352,-0.009218574,-0.2555177,-0.008172165,-0.045523822,-0.34196666,-0.052675437,-0.058935106,-0.26760596,-0.07195543,-0.06027782,-0.18695474,-0.070810504,0.03507954,-0.2480607,-0.022043258,-0.0024299622,-0.2902866,-0.06224779,-0.013536513,-0.18896991,-0.06240912,-0.014279902,-0.11161059,-0.047949243,0.07753253,-0.2311334,-0.036955636,0.026853383,-0.24472779,-0.05852658,0.01669997,-0.17124718,-0.050616913,0.022669435,-0.12003058,-0.03661896
-0.05921316,-0.07491207,-0.011346589,-0.06533229,-0.20368809,-0.022169279,-0.015376806,-0.28477842,-0.037110843,0.03804016,-0.3363372,-0.051084932,-0.052216172,-0.2635165,-0.004064841,-0.07967216,-0.33001593,-0.043962423,-0.08655393,-0.25851727,-0.06891621,-0.085425496,-0.19084221,-0.0778392,-0.0069670677,-0.26687002,-0.014398248,-0.043183625,-0.35408908,-0.05815832,-0.05821705,-0.27597237,-0.07475661,-0.06197965,-0.19468623,-0.07152911,0.03867966,-0.25687647,-0.02884979,-0.0015815496,-0.29002374,-0.06657881,-0.016339242,-0.18523383,-0.06397398,-0.020887613,-0.10886711,-0.048143744,0.08156741,-0.23631525,-0.04436454,0.03142953,-0.24576735,-0.061809834,0.020894587,-0.17372966,-0.050838865,0.025511384,-0.12626034,-0.035347063
-0.05921316,-0.07491207,-0.011346589,-0.06533229,-0.20368809,-0.022169279,-0.015376806,-0.28477842,-0.037110843,0.03804016,-0.3363372,-0.051084932,-0.052216172,-0.2635165,-0.004064841,-0.07967216,-0.33001593,-0.043962423,-0.08655393,-0.25851727,-0.06891621,-0.085425496,-0.19084221,-0.0778392,-0.0069670677,-0.26687002,-0.014398248,-0.043183625,-0.35408908,-0.05815832,-0.05821705,-0.27597237,-0.07475661,-0.06197965,-0.19468623,-0.07152911,0.03867966,-0.25687647,-0.02884979,-0.0015815496,-0.29002374,-0.06657881,-0.016339242,-0.18523383,-0.06397398,-0.020887613,-0.10886711,-0.048143744,0.08156741,-0.23631525,-0.04436454,0.03142953,-0.24576735,-0.061809834,0.020894587,-0.17372966,-0.050838865,0.025511384,-0.12626034,-0.035347063
-0.059322238,-0.068223536,-0.019214867,-0.061889708,-0.20778602,-0.032550972,-0.004282236,-0.28767076,-0.047546744,0.057338476,-0.33288747,-0.059806176,-0.05654162,-0.2786995,-0.021875493,-0.08333695,-0.3379262,-0.065609306,-0.08341771,-0.24920103,-0.09161229,-0.0778088,-0.17488164,-0.10113266,-0.004490137,-0.28295252,-0.029174479,-0.03842634,-0.36613888,-0.07742593,-0.05257809,-0.2790541,-0.09260813,-0.057053745,-0.1949535,-0.08755469,0.046041787,-0.26595467,-0.040249802,0.012314916,-0.27532902,-0.07735856,-0.006276846,-0.16212511,-0.069412224,-0.015397668,-0.08528894,-0.050201315,0.08960527,-0.23739547,-0.05364813,0.0512231,-0.23097855,-0.067429416,0.037105978,-0.16161776,-0.052492615,0.03747922,-0.121300995,-0.034628384
-0.053861022,-0.06425595,-0.026022667,-0.05235803,-0.20388961,-0.04213446,0.0063611865,-0.28149632,-0.057789955,0.06724554,-0.3286699,-0.06943244,-0.053934753,-0.2856846,-0.028319715,-0.07533091,-0.3356023,-0.07599364,-0.07419133,-0.24179277,-0.104141206,-0.068697214,-0.16787189,-0.11523472,0.002388358,-0.28850263,-0.03270425,-0.02722478,-0.35756385,-0.085645504,-0.039058566,-0.25466177,-0.099822216,-0.041181684,-0.16789907,-0.0931453,0.055339575,-0.26695663,-0.041904874,0.023296356,-0.2632107,-0.081521146,0.0029984713,-0.14719832,-0.07010215,-0.0076863766,-0.07537067,-0.048333798,0.09714228,-0.23270944,-0.054246143,0.062453806,-0.21492118,-0.069792636,0.04966384,-0.1488046,-0.054495927,0.051322937,-0.11805236,-0.036071528
-0.05739087,-0.07028198,-0.027296085,-0.05261445,-0.21191376,-0.044690285,0.011893928,-0.28712133,-0.06208765,0.07680458,-0.32693017,-0.07575469,-0.04675305,-0.28984755,-0.027821362,-0.073304534,-0.33887112,-0.07645872,-0.07574165,-0.24482706,-0.10608767,-0.07111806,-0.17110288,-0.118462585,0.008937836,-0.28812486,-0.032106847,-0.024434268,-0.3521115,-0.08401401,-0.038775504,-0.24811366,-0.097428605,-0.040682018,-0.16325337,-0.09168831,0.061027944,-0.26281652,-0.04204582,0.031735003,-0.26684806,-0.08106107,0.00790441,-0.15186715,-0.06860059,-0.0041387677,-0.078829646,-0.047026344,0.10303527,-0.22529706,-0.055514563,0.07263094,-0.22292626,-0.07127189,0.05404669,-0.15652335,-0.055633526,0.050903678,-0.12210029,-0.03750661
-0.060622096,-0.06741506,-0.027558459,-0.057568848,-0.2094521,-0.044813585,0.012401342,-0.28260922,-0.061700407,0.078964114,-0.3227564,-0.07521845,-0.050721347,-0.30032703,-0.026172468,-0.077177525,-0.341668,-0.07426399,-0.08115822,-0.2481282,-0.104912125,-0.07475507,-0.17538774,-0.11840615,0.0075035095,-0.2985449,-0.030242354,-0.022063494,-0.35137254,-0.082056165,-0.038077712,-0.24538937,-0.09650229,-0.03942287,-0.16141486,-0.09135283,0.059624672,-0.2715701,-0.04005577,0.032485545,-0.26602927,-0.077785514,0.0055227876,-0.15143937,-0.06705605,-0.008419812,-0.07983065,-0.04738735,0.100203514,-0.23203856,-0.053537183,0.0636946,-0.21041828,-0.068945624,0.04193145,-0.13866979,-0.054859508,0.037964344,-0.10385656,-0.037901502
-0.05821407,-0.06873274,-0.026860263,-0.052777946,-0.20819712,-0.044232987,0.015780509,-0.28108126,-0.061274078,0.080091834,-0.3234545,-0.07488201,-0.052750647,-0.2894742,-0.02636822,-0.073895276,-0.33776188,-0.072435096,-0.077302635,-0.24793547,-0.10139347,-0.07201201,-0.17818868,-0.11407187,0.005083263,-0.28526446,-0.030593643,-0.018490553,-0.3493905,-0.080308005,-0.033992827,-0.2503626,-0.09427213,-0.034525633,-0.168666,-0.08944451,0.058220685,-0.2586282,-0.040165838,0.037032127,-0.26450884,-0.076902404,0.009743094,-0.15232193,-0.06488555,-0.0034382343,-0.08018917,-0.04452204,0.101368666,-0.22131169,-0.05318449,0.07184011,-0.21839845,-0.06774413,0.049107015,-0.1489914,-0.05159761,0.044170022,-0.1119045,-0.03345476
-0.05821407,-0.06873274,-0.026860263,-0.052777946,-0.20819712,-0.044232987,0.015780509,-0.28108126,-0.061274078,0.080091834,-0.3234545,-0.07488201,-0.052750647,-0.2894742,-0.02636822,-0.073895276,-0.33776188,-0.072435096,-0.077302635,-0.24793547,-0.10139347,-0.07201201,-0.17818868,-0.11407187,0.005083263,-0.28526446,-0.030593643,-0.018490553,-0.3493905,-0.080308005,-0.033992827,-0.2503626,-0.09427213,-0.034525633,-0.168666,-0.08944451,0.058220685,-0.2586282,-0.040165838,0.037032127,-0.26450884,-0.076902404,0.009743094,-0.15232193,-0.06488555,-0.0034382343,-0.08018917,-0.04452204,0.101368666,-0.22131169,-0.05318449,0.07184011,-0.21839845,-0.06774413,0.049107015,-0.1489914,-0.05159761,0.044170022,-0.1119045,-0.03345476
-0.05908501,-0.06807381,-0.030932471,-0.050308287,-0.20767015,-0.05014864,0.02501148,-0.2743996,-0.06793016,0.095728874,-0.30156487,-0.08243272,-0.04116863,-0.28886265,-0.034863994,-0.06383067,-0.33662534,-0.08331769,-0.06681985,-0.24635142,-0.1132498,-0.061627746,-0.17390835,-0.12636785,0.017860234,-0.27935022,-0.038009755,-0.003967464,-0.34055012,-0.09230964,-0.021542907,-0.23898551,-0.10712341,-0.026698172,-0.15732664,-0.10180617,0.0702337,-0.24794155,-0.04645395,0.048969626,-0.24927828,-0.08891088,0.017325819,-0.13769513,-0.0781426,-0.0005632043,-0.06857842,-0.056841634,0.111943305,-0.20705777,-0.058155816,0.08138901,-0.20308596,-0.07589154,0.05446726,-0.13061798,-0.05913297,0.04636246,-0.092992604,-0.039614324
-0.057228982,-0.06847793,-0.03210494,-0.045580924,-0.20842189,-0.051931456,0.030941963,-0.2742341,-0.070123024,0.10175544,-0.3030647,-0.08493823,-0.03691894,-0.29120207,-0.035462964,-0.059309244,-0.33633977,-0.08475623,-0.06464994,-0.2454535,-0.11569062,-0.06032306,-0.1739443,-0.1298265,0.020541072,-0.28151533,-0.037768945,-0.003776908,-0.338752,-0.0925537,-0.022393584,-0.23558211,-0.10711194,-0.026648343,-0.15415949,-0.10210724,0.0719924,-0.2487467,-0.045605045,0.050600648,-0.2537752,-0.08689836,0.019066691,-0.1425373,-0.073654905,0.0021586418,-0.072906494,-0.051428035,0.11249244,-0.20742762,-0.05718594,0.08327091,-0.20490396,-0.07487087,0.05875653,-0.13720685,-0.05826567,0.053863406,-0.103612006,-0.03898149
-0.053017676,-0.07092917,-0.030272339,-0.037474334,-0.20835221,-0.047975093,0.03736651,-0.27121705,-0.06425442,0.10690731,-0.2969283,-0.07711257,-0.025383294,-0.29457784,-0.031133575,-0.049739063,-0.33440924,-0.07786997,-0.05586362,-0.24195334,-0.10702021,-0.05134386,-0.17138708,-0.120018035,0.033180535,-0.28142077,-0.034057964,0.00729388,-0.33691758,-0.08573491,-0.013715744,-0.23571885,-0.09945019,-0.020271719,-0.15616119,-0.09414427,0.08312601,-0.2457312,-0.04249078,0.05721563,-0.23933527,-0.082225785,0.021770656,-0.13351905,-0.0715285,0.0018659234,-0.06930351,-0.051299714,0.119939744,-0.20111907,-0.054454576,0.08869606,-0.1874184,-0.06981742,0.05980587,-0.12139666,-0.054313794,0.049983025,-0.08910769,-0.03644114
-0.051438928,-0.07437271,-0.030386593,-0.0354051,-0.21279895,-0.04738935,0.037395418,-0.2769848,-0.06312135,0.10761976,-0.30042925,-0.075472906,-0.021145761,-0.3041738,-0.03066283,-0.04771477,-0.3383692,-0.075805314,-0.05311221,-0.24367517,-0.104127176,-0.048936427,-0.17423421,-0.116852105,0.0383026,-0.29145747,-0.032939177,0.010447323,-0.334017,-0.08351461,-0.0116734505,-0.23055053,-0.09721322,-0.021075726,-0.15156084,-0.09210795,0.08794391,-0.25503635,-0.04066276,0.054610014,-0.2347089,-0.07900286,0.01972872,-0.13309306,-0.070611134,-0.00011110306,-0.0722211,-0.052258346,0.12304765,-0.20907277,-0.051974006,0.08818632,-0.1843006,-0.06502323,0.059936643,-0.12081146,-0.05094837,0.050695777,-0.09101492,-0.034527034
-0.05269128,-0.07561499,-0.0290824,-0.033800185,-0.21556038,-0.046578165,0.042699814,-0.27989608,-0.06281147,0.11574316,-0.3029533,-0.07575024,-0.012443602,-0.30873892,-0.033818442,-0.042535424,-0.33675408,-0.07784258,-0.05031073,-0.24093848,-0.10500441,-0.046999395,-0.17041552,-0.11724331,0.045152485,-0.29048982,-0.036481667,0.011799872,-0.3273325,-0.08528812,-0.0107347965,-0.22255969,-0.09678754,-0.019536793,-0.14235365,-0.09126125,0.092077434,-0.25099078,-0.04429706,0.05603218,-0.23498344,-0.08133853,0.021357775,-0.13575363,-0.070965186,0.0018545985,-0.07356,-0.05193454,0.12502694,-0.2028668,-0.055534437,0.091629565,-0.19243282,-0.06826239,0.06547254,-0.13431656,-0.05334973,0.057251632,-0.10460448,-0.03658579
-0.051459193,-0.07218689,-0.03055679,-0.036301076,-0.2083509,-0.04862986,0.03606862,-0.27525923,-0.06528622,0.10487455,-0.3040102,-0.07813277,-0.015533447,-0.30577758,-0.03265757,-0.04172468,-0.33923292,-0.07973739,-0.048635483,-0.24404687,-0.10849955,-0.044570148,-0.17332464,-0.121344775,0.043281972,-0.2888592,-0.03537717,0.013502657,-0.33164877,-0.08796567,-0.009836197,-0.22718185,-0.10115378,-0.01791203,-0.14803195,-0.09568555,0.091165066,-0.24977928,-0.043796554,0.05539894,-0.23238844,-0.083786644,0.018624127,-0.13281953,-0.0737375,-0.001069963,-0.072523415,-0.05435256,0.12468171,-0.20197779,-0.055758655,0.089117646,-0.18567342,-0.07111584,0.06023878,-0.123984635,-0.056866024,0.05143869,-0.09414834,-0.040054113
-0.052587986,-0.07129198,-0.029029898,-0.0384686,-0.20737803,-0.046966247,0.036899805,-0.26864043,-0.06393547,0.10755539,-0.2911827,-0.07744599,-0.017364442,-0.29718786,-0.03280587,-0.040591717,-0.33574176,-0.07921497,-0.048058927,-0.24226779,-0.106576726,-0.04413891,-0.17285174,-0.11845895,0.041042626,-0.27988237,-0.03658446,0.017277181,-0.33028698,-0.08867338,-0.0065089464,-0.22687608,-0.100847736,-0.014420807,-0.14903206,-0.09439681,0.08939648,-0.24204198,-0.04587877,0.059825957,-0.23027551,-0.08556713,0.022556067,-0.12872809,-0.075001866,0.0033364296,-0.06794721,-0.054947667,0.12554628,-0.1958276,-0.058448274,0.09312129,-0.18605745,-0.073183894,0.063867986,-0.12201786,-0.057766125,0.055863082,-0.09002894,-0.040171023
-0.05543512,-0.070724845,-0.029711027,-0.04232806,-0.20710433,-0.048175786,0.03501755,-0.26894024,-0.06548876,0.10878211,-0.2901755,-0.079410784,-0.028999627,-0.29257432,-0.034918234,-0.048595965,-0.33683836,-0.08212193,-0.052283764,-0.24639112,-0.11044412,-0.048251152,-0.17590946,-0.12282176,0.029966533,-0.27759913,-0.038672555,0.011662364,-0.3310784,-0.0907118,-0.0102671385,-0.22752595,-0.10282025,-0.019072354,-0.14814663,-0.096437335,0.07995236,-0.24104035,-0.048045482,0.05799675,-0.23719102,-0.08731666,0.021123588,-0.13411891,-0.07664728,0.0002912283,-0.07138389,-0.056848377,0.11791253,-0.19533527,-0.060843598,0.08923507,-0.18611854,-0.07570218,0.05959767,-0.121254504,-0.06037443,0.049589932,-0.08850551,-0.04303488
-0.052954853,-0.071885645,-0.030445157,-0.038809538,-0.2103253,-0.048234325,0.035365105,-0.2733882,-0.06464965,0.10285413,-0.2997959,-0.0776154,-0.017297626,-0.30672607,-0.032777082,-0.04683435,-0.3404838,-0.08128823,-0.055536926,-0.24631774,-0.111473784,-0.050781846,-0.17474556,-0.12514007,0.042847514,-0.29161942,-0.036571324,0.010307074,-0.3402023,-0.090668365,-0.014075041,-0.23879015,-0.1057447,-0.021800876,-0.1589464,-0.10104416,0.091743946,-0.2527107,-0.04588797,0.05218625,-0.23301941,-0.08722635,0.013957262,-0.12702864,-0.07773101,-0.005997002,-0.063307524,-0.058236167,0.124727845,-0.20332599,-0.058822222,0.08176243,-0.17432904,-0.075492986,0.05241275,-0.10599661,-0.06117106,0.044775307,-0.074685395,-0.043994997
-0.05807531,-0.07219088,-0.03044906,-0.044507027,-0.21222442,-0.049446274,0.03261596,-0.27509815,-0.06634858,0.10474473,-0.30065385,-0.07975419,-0.026739597,-0.30317467,-0.036248736,-0.055650473,-0.33495146,-0.082823515,-0.06389856,-0.24112836,-0.11248556,-0.05954969,-0.16802895,-0.12683977,0.034183502,-0.2901562,-0.040320955,0.0019452572,-0.33718348,-0.0920676,-0.021023154,-0.23308665,-0.10668298,-0.02603668,-0.15298462,-0.10312142,0.084870756,-0.25171298,-0.049388632,0.050557792,-0.23610348,-0.08776332,0.011287808,-0.1283812,-0.07633481,-0.008169651,-0.0649395,-0.0570511,0.11980623,-0.20232779,-0.062088553,0.0794487,-0.1812411,-0.077302925,0.052802324,-0.11591172,-0.061575983,0.048132777,-0.087974906,-0.04432459
-0.058080554,-0.07253224,-0.03014959,-0.04472679,-0.20934176,-0.049536195,0.032107294,-0.27280676,-0.067347825,0.102517605,-0.3014912,-0.08175971,-0.030323982,-0.30033508,-0.0350176,-0.057888687,-0.33901042,-0.08259033,-0.065027416,-0.24839571,-0.11251908,-0.06103486,-0.1767441,-0.12674269,0.030730546,-0.2886873,-0.039944675,0.0011398196,-0.33742964,-0.09230106,-0.021270096,-0.23177218,-0.10641944,-0.026057899,-0.15134418,-0.10223052,0.08194512,-0.25023258,-0.050268825,0.05004561,-0.24170348,-0.089165874,0.013376117,-0.13355803,-0.07695103,-0.0031868815,-0.07036072,-0.057037514,0.1181851,-0.20068866,-0.06424297,0.07684904,-0.180623,-0.080105916,0.051612258,-0.11645234,-0.064257726,0.049782753,-0.09068966,-0.04675907
-0.055702865,-0.06938416,-0.03095762,-0.04375738,-0.2028867,-0.049803704,0.026218653,-0.2686952,-0.06684919,0.09165847,-0.3053252,-0.07964089,-0.033043742,-0.2963394,-0.032034583,-0.060504973,-0.3345451,-0.07990645,-0.065960765,-0.24097162,-0.1101933,-0.062355578,-0.16863453,-0.12389959,0.026427984,-0.28789586,-0.035700172,-0.004997015,-0.34093738,-0.08746283,-0.024435222,-0.23823434,-0.10146564,-0.030412555,-0.15867698,-0.09666217,0.07724136,-0.25416404,-0.04491027,0.042577326,-0.24022734,-0.08389483,0.011117995,-0.13051355,-0.070694186,-0.0052523613,-0.06639445,-0.049334075,0.114061594,-0.2084912,-0.05800929,0.07556617,-0.18805486,-0.07321152,0.054416537,-0.12235218,-0.055941544,0.051735878,-0.09343743,-0.03682771
-0.058960617,-0.07399428,-0.022342637,-0.054751933,-0.21007198,-0.039000053,0.012727022,-0.27643812,-0.05611822,0.07595885,-0.3115479,-0.07033281,-0.03627187,-0.30489227,-0.024044253,-0.06901175,-0.34480128,-0.06913715,-0.07786816,-0.25239623,-0.09815505,-0.072660685,-0.18173683,-0.111653075,0.019826174,-0.29939598,-0.03128396,-0.020474672,-0.34848022,-0.08000519,-0.038784325,-0.2427502,-0.093523644,-0.04024619,-0.16101253,-0.0891568,0.068623245,-0.26855463,-0.043362584,0.027380824,-0.26115653,-0.07686152,0.0016581416,-0.15365368,-0.065599866,-0.0088354945,-0.088208735,-0.04757432,0.104846835,-0.22489554,-0.05888053,0.058004558,-0.1956994,-0.07081825,0.036928892,-0.126549,-0.056417253,0.035854995,-0.095743954,-0.040701028
-0.058101773,-0.07371783,-0.01868814,-0.053488314,-0.2118001,-0.034317598,0.012680352,-0.27908635,-0.05127482,0.07082969,-0.3193305,-0.066339485,-0.043577373,-0.29728448,-0.02665441,-0.07344562,-0.3394366,-0.0711991,-0.083636224,-0.24511063,-0.09943108,-0.07954395,-0.17515683,-0.113546155,0.01592362,-0.29860258,-0.035974935,-0.027304709,-0.3563473,-0.085963964,-0.048731625,-0.25237212,-0.101783596,-0.048527062,-0.17155659,-0.09947811,0.06657028,-0.2694261,-0.048769664,0.020129621,-0.26819754,-0.08344042,-0.0034943223,-0.15339941,-0.07220518,-0.009792328,-0.08422673,-0.054741602,0.10067582,-0.22720057,-0.06424194,0.0465948,-0.18915915,-0.0801277,0.03239906,-0.12346178,-0.06733576,0.03949833,-0.09980756,-0.052643858
-0.055783212,-0.072704256,-0.018277278,-0.05728519,-0.21379745,-0.031593833,-0.0015019178,-0.29293016,-0.04717047,0.053566277,-0.3418026,-0.060250428,-0.046034336,-0.2979334,-0.015410904,-0.07895732,-0.34939855,-0.0599237,-0.08483982,-0.25830108,-0.0878539,-0.08108336,-0.18455976,-0.09936709,0.006833434,-0.30105495,-0.024237048,-0.03700173,-0.36706203,-0.072434865,-0.055041254,-0.26969406,-0.08893778,-0.057851017,-0.18525434,-0.08557919,0.054736197,-0.2818639,-0.037718706,0.010696888,-0.28207678,-0.07533507,-0.009309828,-0.1675098,-0.06927133,-0.016404629,-0.09257597,-0.052386668,0.09167236,-0.24922356,-0.053679902,0.044059694,-0.2205571,-0.07025696,0.03204173,-0.14807642,-0.05911067,0.036017776,-0.111392975,-0.044229236
-0.061395764,-0.080587864,-0.014776911,-0.06662297,-0.21829778,-0.027221318,-0.0129035115,-0.29680753,-0.04305132,0.046791494,-0.3434035,-0.056619693,-0.05410379,-0.2900696,-0.009449284,-0.08537269,-0.34783462,-0.051971722,-0.088153124,-0.2633101,-0.07923259,-0.08409083,-0.19124931,-0.090131626,-0.003547728,-0.29500687,-0.019562295,-0.0416466,-0.37071157,-0.064766206,-0.056283712,-0.28441498,-0.08221275,-0.06233579,-0.20169783,-0.0801402,0.044483244,-0.28121078,-0.034132116,0.0041226745,-0.28843448,-0.070527844,-0.01332581,-0.17834568,-0.06747014,-0.022743642,-0.10190952,-0.05260004,0.085074425,-0.25372994,-0.050773073,0.035466015,-0.2359772,-0.065878935,0.02270186,-0.16203374,-0.055028982,0.022927225,-0.116909504,-0.040656865
-0.06309056,-0.085312545,-0.0123061,-0.06749278,-0.21717626,-0.025738122,-0.014386833,-0.29891405,-0.042621393,0.041990936,-0.35189593,-0.057729613,-0.06033832,-0.28184447,-0.010078655,-0.08518875,-0.34257823,-0.04975505,-0.08788657,-0.2597915,-0.07539757,-0.08406657,-0.19001305,-0.085785516,-0.009985864,-0.2851194,-0.020356694,-0.047466934,-0.36706826,-0.06275309,-0.061467648,-0.28163823,-0.078485906,-0.062409163,-0.19687504,-0.07609395,0.038575888,-0.2728102,-0.03424545,0.0038313866,-0.29958606,-0.0681539,-0.009288549,-0.19046813,-0.06243774,-0.012127876,-0.1101076,-0.046232887,0.08176392,-0.24907503,-0.049843434,0.036076367,-0.25243148,-0.06316283,0.022114813,-0.17942297,-0.04991166,0.022761703,-0.13092512,-0.03415241
-0.062101543,-0.07913637,-0.013832723,-0.067343175,-0.20726138,-0.02690368,-0.016958356,-0.29115155,-0.04322027,0.036297977,-0.3475498,-0.057799067,-0.059292555,-0.27187642,-0.008853361,-0.08342314,-0.33355662,-0.049584404,-0.08573514,-0.25485232,-0.0758076,-0.08250445,-0.18541455,-0.08595932,-0.010700941,-0.2758957,-0.01810484,-0.047912538,-0.36103794,-0.061425656,-0.06176722,-0.28092444,-0.07826015,-0.0639683,-0.19915867,-0.07614834,0.03662592,-0.2658825,-0.031302836,0.0018566847,-0.2948503,-0.06758198,-0.011631906,-0.18834227,-0.063466094,-0.015161157,-0.10988277,-0.047367338,0.07972187,-0.24464151,-0.046127588,0.033703446,-0.24903852,-0.061437503,0.020600557,-0.17542589,-0.049266007,0.022272468,-0.12639546,-0.033622608
-0.064701915,-0.08446264,-0.011541296,-0.069348335,-0.2066217,-0.023034325,-0.019596219,-0.28746507,-0.03894603,0.033531785,-0.341767,-0.0533419,-0.0634349,-0.26493806,0.0003786104,-0.08568323,-0.32723045,-0.038789175,-0.08861321,-0.25384596,-0.06511191,-0.08589101,-0.1862126,-0.075348146,-0.017046928,-0.26862872,-0.009823315,-0.052987874,-0.3537462,-0.0518833,-0.06456095,-0.27865684,-0.070620924,-0.06428754,-0.1997664,-0.07000443,0.029394805,-0.2595957,-0.024263756,-0.0016601086,-0.29580668,-0.06153942,-0.013258457,-0.19279742,-0.060083188,-0.015286922,-0.11407989,-0.04501702,0.072544634,-0.24016684,-0.03991572,0.027706563,-0.25362694,-0.056189097,0.015877426,-0.18343431,-0.04484197,0.01889515,-0.133915,-0.029243827
-0.063224256,-0.07896441,-0.011269271,-0.067025244,-0.19916135,-0.020901978,-0.014817774,-0.2773492,-0.034226216,0.03678298,-0.3291195,-0.046319995,-0.061180055,-0.25306863,0.004040215,-0.08299601,-0.31265402,-0.027339978,-0.08636457,-0.24536991,-0.049958218,-0.08386946,-0.18253666,-0.06009209,-0.018237054,-0.25594845,-0.004124338,-0.053018153,-0.33314538,-0.03910379,-0.062681735,-0.26165622,-0.05801325,-0.061977684,-0.18404114,-0.060644787,0.026247919,-0.2492362,-0.01624816,-0.0017564297,-0.29732123,-0.0494359,-0.013701737,-0.20391458,-0.05325641,-0.017810702,-0.123048544,-0.04498568,0.06991476,-0.23293823,-0.02936838,0.025336564,-0.24199316,-0.04926847,0.010331094,-0.16857314,-0.045973316,0.009272575,-0.11164689,-0.037301265
-0.061832845,-0.07677907,-0.0115116825,-0.06685603,-0.19434446,-0.021661947,-0.01746279,-0.2712621,-0.036305107,0.03079611,-0.3236415,-0.049657516,-0.060610652,-0.24591014,0.0023333002,-0.084757805,-0.31159914,-0.035015456,-0.087884426,-0.24649936,-0.059620813,-0.08358991,-0.1828416,-0.06864413,-0.018026173,-0.24883503,-0.0069295606,-0.050405145,-0.33725497,-0.047929406,-0.06210637,-0.26749104,-0.0662289,-0.06261182,-0.18951607,-0.06530894,0.02660501,-0.2421391,-0.020569602,-0.0037594438,-0.2878179,-0.05753373,-0.017168224,-0.19134194,-0.057879943,-0.020414472,-0.11448467,-0.044569425,0.07051909,-0.22600958,-0.035324875,0.026902556,-0.24474946,-0.05404554,0.013096154,-0.17442924,-0.04550188,0.013826251,-0.120753944,-0.031748496
-0.05968994,-0.07579243,-0.012299264,-0.062133014,-0.19843614,-0.02426119,-0.01057601,-0.27753133,-0.03938516,0.041585863,-0.33089194,-0.05316042,-0.059300184,-0.25750864,-0.008151672,-0.079212606,-0.31935138,-0.044974457,-0.08243722,-0.24623102,-0.06825191,-0.08004999,-0.17985213,-0.07685838,-0.011936307,-0.25940785,-0.016662378,-0.044274807,-0.3440119,-0.05727948,-0.05652535,-0.26549518,-0.07262742,-0.056410074,-0.18203068,-0.069820516,0.035134256,-0.24911603,-0.028640661,0.005215287,-0.28812328,-0.062835336,-0.0078042746,-0.18502623,-0.059321333,-0.010998607,-0.10552931,-0.044168506,0.07882142,-0.229814,-0.041827157,0.036753535,-0.24117708,-0.056851443,0.023332655,-0.17237902,-0.046087395,0.02446866,-0.12449849,-0.031649586
-0.055563986,-0.06653601,-0.009682036,-0.061516285,-0.19278264,-0.01959121,-0.011393964,-0.27202165,-0.03253597,0.039913893,-0.32537538,-0.04429005,-0.058785737,-0.25435105,-0.009625745,-0.079505086,-0.31969112,-0.045301516,-0.08184183,-0.24463135,-0.0666841,-0.07760352,-0.17812902,-0.07428818,-0.010838985,-0.25654316,-0.019483516,-0.0434829,-0.3466057,-0.058353852,-0.05447209,-0.26552358,-0.07071656,-0.053456843,-0.18341273,-0.06614858,0.0372504,-0.24390322,-0.032371584,0.005895436,-0.28231776,-0.0655131,-0.007305324,-0.174811,-0.058901865,-0.011595786,-0.09710282,-0.04218518,0.08126837,-0.22193587,-0.04617289,0.039060593,-0.23395315,-0.061353147,0.025681853,-0.16268033,-0.048983537,0.026131392,-0.11648095,-0.033629887
-0.057094693,-0.073720336,-0.012502786,-0.061335325,-0.20649415,-0.0234727,-0.007512808,-0.28495526,-0.038123865,0.050590456,-0.32935312,-0.051187176,-0.053328633,-0.2642791,-0.009545997,-0.07807529,-0.33054957,-0.050914716,-0.08154917,-0.25232542,-0.076169156,-0.078089714,-0.1808992,-0.085022494,-0.0053664446,-0.26733103,-0.01965541,-0.03790742,-0.35744715,-0.06499799,-0.05229366,-0.27467114,-0.07999355,-0.05546093,-0.18966448,-0.07498531,0.042304993,-0.25365144,-0.033763565,0.008083701,-0.28548157,-0.07060964,-0.006986439,-0.17689371,-0.06466359,-0.01261431,-0.09875345,-0.046402976,0.08482182,-0.22919437,-0.049374312,0.04352057,-0.240525,-0.0647347,0.03212434,-0.171969,-0.05150604,0.03480816,-0.12732565,-0.0345245
-0.056960404,-0.07231587,-0.017908523,-0.05842012,-0.20952034,-0.031645276,-0.00018411875,-0.28736293,-0.047429822,0.060492873,-0.32852137,-0.059933882,-0.0529387,-0.27529755,-0.020398857,-0.07346922,-0.3442801,-0.062198665,-0.07466978,-0.25770664,-0.086002365,-0.070126295,-0.18545473,-0.09407795,-0.0030813217,-0.27496102,-0.028425692,-0.027107,-0.36372423,-0.07497289,-0.041144967,-0.27725044,-0.08832276,-0.04650098,-0.19417387,-0.08194654,0.046161413,-0.2563062,-0.040285945,0.019240856,-0.27221113,-0.075943284,-0.0012101531,-0.16417319,-0.067473695,-0.010980248,-0.089716375,-0.047860745,0.09053546,-0.22732335,-0.054353617,0.057763338,-0.23642364,-0.06628103,0.04167223,-0.1688307,-0.050301787,0.041379392,-0.12588435,-0.031845395
-0.053840876,-0.076083064,-0.021552727,-0.047095,-0.21135694,-0.037864465,0.017929196,-0.2852544,-0.054867264,0.08274257,-0.32294047,-0.06821614,-0.05422765,-0.26299053,-0.031865872,-0.062256694,-0.35103488,-0.073797025,-0.062419713,-0.26943082,-0.09538582,-0.060551286,-0.20561284,-0.10318227,0.001310885,-0.25947782,-0.038481925,-0.010130346,-0.35650963,-0.08544736,-0.02270931,-0.2617188,-0.095362194,-0.026782393,-0.18374968,-0.08782269,0.053200066,-0.23694828,-0.04897071,0.038961887,-0.27022648,-0.08583196,0.014670134,-0.15902334,-0.07386993,0.0008113384,-0.08647621,-0.052404683,0.097842515,-0.2066024,-0.061718695,0.07637966,-0.22860923,-0.07631701,0.056428432,-0.16506028,-0.060389254,0.050361633,-0.12676167,-0.042319484
-0.053592682,-0.070108354,-0.025040887,-0.04613465,-0.20682675,-0.04143452,0.021045804,-0.27674538,-0.05765758,0.086307704,-0.3108744,-0.07032214,-0.04899305,-0.2671886,-0.031646717,-0.06075442,-0.34402382,-0.075400665,-0.06407726,-0.261354,-0.099528454,-0.06264281,-0.1934771,-0.10893421,0.005927086,-0.2624873,-0.0365113,-0.007427454,-0.34804258,-0.08512954,-0.022483945,-0.25246984,-0.09662864,-0.02729994,-0.17225939,-0.089922935,0.056515217,-0.2374765,-0.045930415,0.042003334,-0.2611346,-0.08382736,0.017226815,-0.15239137,-0.073002435,0.002302289,-0.08233833,-0.05267731,0.09871906,-0.20426482,-0.058075253,0.07372236,-0.20998138,-0.07491667,0.054616034,-0.1440261,-0.06073838,0.049684644,-0.10790843,-0.043725483
-0.051164627,-0.07392275,-0.02630656,-0.037448585,-0.2138843,-0.043292902,0.03552723,-0.27657485,-0.060359143,0.098724246,-0.3095223,-0.074346304,-0.04358071,-0.28167528,-0.030515678,-0.053819597,-0.34122998,-0.07716332,-0.059253573,-0.2528014,-0.106536314,-0.058881164,-0.17995214,-0.120329455,0.014675736,-0.2756184,-0.03632205,0.00075012445,-0.3484399,-0.08960299,-0.01829195,-0.24955398,-0.106742196,-0.023129165,-0.16889244,-0.10419158,0.06689966,-0.2441487,-0.04677591,0.05319333,-0.26277196,-0.08660509,0.021210194,-0.1481036,-0.07575119,0.0023939013,-0.07597256,-0.055976562,0.10654342,-0.20286381,-0.06039856,0.08014476,-0.19432503,-0.07890629,0.055161297,-0.12637484,-0.064866856,0.047490954,-0.09393984,-0.04812087
-0.0520643,-0.0758273,-0.028634615,-0.03837949,-0.21425325,-0.046634637,0.03379768,-0.27960622,-0.06443281,0.099713326,-0.31052244,-0.07889407,-0.04181534,-0.27831203,-0.030600421,-0.053470135,-0.34295425,-0.07745649,-0.058404446,-0.25952315,-0.10659164,-0.058862746,-0.19018054,-0.11956684,0.015823126,-0.272664,-0.034313187,0.0028418899,-0.34629917,-0.086203605,-0.015547454,-0.25431186,-0.10310927,-0.021534085,-0.1774705,-0.100442454,0.06768972,-0.24383119,-0.043138627,0.0540936,-0.25805694,-0.08285099,0.020208895,-0.14779687,-0.07412034,-0.00086951256,-0.07657498,-0.055186775,0.10813373,-0.2052598,-0.055247422,0.084580004,-0.20257115,-0.073005244,0.058992565,-0.13802946,-0.05999793,0.049133122,-0.1042766,-0.043697488
-0.049358547,-0.07497764,-0.026873924,-0.031301796,-0.21229899,-0.04461141,0.043496966,-0.27150774,-0.06216133,0.110707164,-0.29619667,-0.07656276,-0.03339684,-0.27293518,-0.03416329,-0.04333055,-0.3392658,-0.079095215,-0.04855472,-0.25540113,-0.10527986,-0.048915505,-0.18565792,-0.1163354,0.023235857,-0.2613135,-0.03932007,0.015528023,-0.34254667,-0.0899074,-0.005150795,-0.24842373,-0.10344099,-0.013948739,-0.1683662,-0.09811185,0.07366395,-0.22811267,-0.04903478,0.06407106,-0.25204086,-0.087595284,0.02843237,-0.14488459,-0.07615993,0.0073266625,-0.07545823,-0.055438507,0.11406183,-0.1865654,-0.061671175,0.0916931,-0.19695163,-0.07783682,0.064305365,-0.13429928,-0.061999746,0.055064023,-0.09892863,-0.043939266
-0.052053094,-0.072412014,-0.029359834,-0.034395993,-0.2114222,-0.046588164,0.0413087,-0.27360004,-0.062367827,0.110669136,-0.2990212,-0.07430505,-0.031572163,-0.2828664,-0.033820298,-0.042340577,-0.34210372,-0.07966094,-0.04747641,-0.25490102,-0.1063821,-0.046414018,-0.18496317,-0.11761418,0.025954843,-0.2709761,-0.036218315,0.01303947,-0.33599752,-0.08820942,-0.007864475,-0.23880449,-0.10083977,-0.01548636,-0.15741092,-0.0944288,0.07596862,-0.2388938,-0.043964673,0.05668235,-0.24238491,-0.08193442,0.022630394,-0.14042115,-0.07085334,0.0032544136,-0.07470703,-0.05077108,0.114999354,-0.19954044,-0.05518177,0.08569175,-0.19344145,-0.0699824,0.05933398,-0.12967938,-0.055442527,0.051675916,-0.09677917,-0.038559854
-0.051804483,-0.076107085,-0.02987658,-0.032588303,-0.21515977,-0.04758451,0.044116616,-0.2741118,-0.06417963,0.11456537,-0.29522294,-0.07733739,-0.02716899,-0.2883098,-0.031678226,-0.04236108,-0.33869675,-0.07838495,-0.048638403,-0.25011998,-0.107066356,-0.047701776,-0.17958939,-0.11969887,0.031151235,-0.27670085,-0.03443539,0.0147794485,-0.3361662,-0.0868987,-0.0074591637,-0.2362934,-0.10086275,-0.015474796,-0.15481228,-0.09543355,0.081181645,-0.24287954,-0.042846482,0.060100377,-0.24542049,-0.080897585,0.023909032,-0.1433261,-0.07099257,0.0032550693,-0.078685105,-0.05188078,0.1188063,-0.20082659,-0.054887023,0.0887773,-0.19181406,-0.06927653,0.059914768,-0.12858975,-0.055166204,0.05041963,-0.09687632,-0.038785055
-0.051786125,-0.07244426,-0.032451417,-0.033761084,-0.2087006,-0.051399253,0.042901754,-0.2683447,-0.06877254,0.11296624,-0.29189962,-0.082999505,-0.02728945,-0.29109055,-0.03212968,-0.042604566,-0.33220223,-0.080973975,-0.050249636,-0.24373484,-0.112563,-0.04943174,-0.17347199,-0.12695749,0.031129241,-0.27689704,-0.03378343,0.013268948,-0.32977825,-0.08836667,-0.0103369355,-0.23131609,-0.1046526,-0.018453062,-0.15064627,-0.10068308,0.081471205,-0.24198031,-0.04137099,0.060689628,-0.2431939,-0.0824065,0.023526728,-0.13884264,-0.0731274,0.0017214417,-0.07129997,-0.053678747,0.119191825,-0.19957852,-0.05268505,0.08956009,-0.1895268,-0.06955456,0.06103754,-0.12396628,-0.055204332,0.051852584,-0.090800405,-0.037880387
-0.050590277,-0.07050115,-0.032524075,-0.032340586,-0.20484298,-0.05275281,0.043935597,-0.2639826,-0.07180171,0.11107999,-0.2929197,-0.08779354,-0.028342187,-0.28331354,-0.032335434,-0.04266745,-0.32997856,-0.08229743,-0.04940152,-0.24264732,-0.11388135,-0.049465835,-0.17182374,-0.12767932,0.02957803,-0.27069446,-0.03464022,0.014983952,-0.3317696,-0.08989202,-0.0074676275,-0.23447683,-0.10681879,-0.015976727,-0.15487969,-0.1029685,0.08072317,-0.23674089,-0.042818785,0.0639438,-0.24474472,-0.08589191,0.02791959,-0.13646978,-0.07628602,0.0074174404,-0.06713188,-0.05573812,0.120841205,-0.1957559,-0.054391686,0.093078315,-0.19544554,-0.073085465,0.06424183,-0.12629336,-0.057420935,0.055005312,-0.08871865,-0.038541928
-0.05090773,-0.07232207,-0.028999604,-0.034438312,-0.21267873,-0.04629773,0.037370443,-0.27990097,-0.0629439,0.10466844,-0.31147408,-0.075410664,-0.035392225,-0.28532988,-0.031609427,-0.050848424,-0.35018316,-0.07790484,-0.053378463,-0.25872448,-0.1040906,-0.051615775,-0.18603086,-0.11463473,0.024145603,-0.276471,-0.035680868,0.005586207,-0.34636745,-0.08855778,-0.014752448,-0.24205011,-0.10148022,-0.023704112,-0.15996605,-0.09484708,0.07523495,-0.24369717,-0.0452154,0.05019051,-0.25029966,-0.08559485,0.018666446,-0.14051706,-0.073350914,0.0010425448,-0.07481313,-0.051430304,0.11459714,-0.20231128,-0.058046944,0.08291936,-0.19927317,-0.073611125,0.05983162,-0.13583255,-0.057351593,0.053808093,-0.10583341,-0.0387595
-0.054608703,-0.084408164,-0.019722758,-0.04443997,-0.22250438,-0.035247944,0.023489416,-0.29103714,-0.052670497,0.08953345,-0.32073617,-0.06736518,-0.039269388,-0.28789115,-0.025255928,-0.05897492,-0.35607237,-0.06836923,-0.06762117,-0.26572284,-0.09346761,-0.06741452,-0.19685745,-0.10408792,0.016897738,-0.2821419,-0.0336186,-0.00712353,-0.36305186,-0.08157528,-0.028437436,-0.26323873,-0.09406293,-0.0361073,-0.18203658,-0.08834213,0.06757903,-0.2528164,-0.046150483,0.04144746,-0.2718048,-0.082337976,0.011729479,-0.16182232,-0.07215075,-0.003304243,-0.09032953,-0.05256691,0.10728741,-0.21271628,-0.061218936,0.073064804,-0.21469247,-0.075223036,0.048090756,-0.15031695,-0.060862217,0.041302085,-0.11442512,-0.044263948
-0.055175424,-0.08196527,-0.019836862,-0.048107386,-0.22156331,-0.035101864,0.01762259,-0.29259363,-0.052473474,0.077121794,-0.33026284,-0.0666655,-0.042751312,-0.2912933,-0.019030957,-0.06084311,-0.3543885,-0.06410171,-0.066476226,-0.2646369,-0.09126387,-0.06573027,-0.19122553,-0.10247705,0.012045026,-0.28713655,-0.027737191,-0.013356805,-0.36516938,-0.07674846,-0.032019675,-0.26922992,-0.091114655,-0.03714353,-0.18652564,-0.08647348,0.06321478,-0.26058942,-0.041520555,0.03639233,-0.28098863,-0.07955754,0.011873722,-0.17098504,-0.070380524,0.0013519526,-0.097227216,-0.05122113,0.10520673,-0.22244641,-0.05805744,0.07201147,-0.22259271,-0.07495493,0.050049365,-0.15295535,-0.062033445,0.045191944,-0.113711,-0.04594748
-0.05745721,-0.08391237,-0.013800224,-0.05751586,-0.22052011,-0.026459489,-4.7922134e-05,-0.29697853,-0.04346951,0.05820054,-0.34105074,-0.058365706,-0.050035477,-0.28535008,-0.0077819154,-0.075345635,-0.3512115,-0.05198878,-0.08105844,-0.26653987,-0.07990076,-0.07916635,-0.1942954,-0.09093552,0.0011069775,-0.28730747,-0.019378275,-0.030821681,-0.3708055,-0.067722,-0.048667192,-0.28105897,-0.08461227,-0.05234891,-0.19653136,-0.08082474,0.049991906,-0.26844075,-0.0357196,0.015483916,-0.2918169,-0.07554528,-0.0026894808,-0.17799163,-0.06945768,-0.007877767,-0.099701166,-0.050695874,0.09165692,-0.2368043,-0.05395135,0.05045873,-0.23890397,-0.07159173,0.03612405,-0.16657043,-0.05845949,0.038562417,-0.12326908,-0.041185595
-0.06126833,-0.083688974,-0.016363058,-0.062365294,-0.21920383,-0.030782906,-0.00554049,-0.2982766,-0.048904724,0.049569607,-0.3477652,-0.064808115,-0.05295849,-0.286242,-0.009803387,-0.077590406,-0.35011297,-0.053897668,-0.08423126,-0.26536423,-0.08215614,-0.08393246,-0.1929422,-0.09354281,-0.0032382607,-0.2869736,-0.019849624,-0.03944838,-0.36933795,-0.06628994,-0.05597949,-0.28159136,-0.08301812,-0.05810684,-0.19865716,-0.08014895,0.045354128,-0.26923838,-0.034742065,0.012426913,-0.29482678,-0.07320454,-0.0024729967,-0.18186921,-0.066296384,-0.0055164695,-0.10346091,-0.047635525,0.08913982,-0.23841214,-0.051839203,0.04960525,-0.24576545,-0.0691827,0.03412664,-0.17134953,-0.055229332,0.03406626,-0.12488532,-0.037541542
-0.05863303,-0.08071953,-0.011330474,-0.060608923,-0.2151714,-0.023092574,-0.0059185624,-0.29277384,-0.03928699,0.05083549,-0.3388822,-0.05404515,-0.053278863,-0.27981493,-0.0057514836,-0.079202175,-0.34171614,-0.048443608,-0.084002376,-0.2586491,-0.07594611,-0.08127689,-0.18824697,-0.08689365,-0.0024001002,-0.28197753,-0.01766124,-0.03815812,-0.36540577,-0.0645745,-0.05490762,-0.27752355,-0.08154983,-0.057934046,-0.19349915,-0.078076795,0.046370268,-0.26562634,-0.033745676,0.008417487,-0.2925262,-0.072268344,-0.0066452622,-0.17970103,-0.0663535,-0.010725498,-0.10181522,-0.0480243,0.0878647,-0.23775369,-0.051358674,0.042624533,-0.23991072,-0.067963615,0.029955328,-0.16625899,-0.054328457,0.03265667,-0.121877074,-0.036844615
-0.06327158,-0.07557684,-0.012775975,-0.07039839,-0.207618,-0.02373733,-0.020284653,-0.28796536,-0.038365934,0.031879425,-0.3392126,-0.051411465,-0.06003344,-0.27410787,-0.0047363527,-0.08933681,-0.33396137,-0.045259826,-0.09087399,-0.2530468,-0.07136905,-0.08494091,-0.18168145,-0.08075397,-0.012011468,-0.27680218,-0.014425315,-0.050637543,-0.3619135,-0.05913118,-0.0638631,-0.27926305,-0.07654724,-0.06590921,-0.19314396,-0.07305818,0.035041988,-0.26490873,-0.028147047,-0.0060253143,-0.287545,-0.066634305,-0.01716423,-0.17940795,-0.06460906,-0.017652214,-0.10146856,-0.048345342,0.07740891,-0.24205503,-0.04318292,0.02641499,-0.24111095,-0.06085153,0.016196132,-0.16553271,-0.049888495,0.021185994,-0.116527796,-0.033924405
-0.06225139,-0.07743251,-0.012782792,-0.071519256,-0.20997769,-0.023360835,-0.021583796,-0.29089892,-0.037385058,0.03081286,-0.34401536,-0.049784485,-0.059877396,-0.2730372,-0.0031732437,-0.08853665,-0.33551836,-0.04180738,-0.09086925,-0.2598966,-0.06700648,-0.085403174,-0.1929797,-0.07654436,-0.012449026,-0.27769735,-0.0125278225,-0.0501976,-0.36374858,-0.054553933,-0.06310552,-0.2854483,-0.07191158,-0.06478447,-0.20441842,-0.069719724,0.034331203,-0.26889426,-0.025954442,-0.005365193,-0.29796314,-0.06246009,-0.016978264,-0.19125366,-0.060597096,-0.018966079,-0.11433035,-0.045691423,0.07730931,-0.24815172,-0.040772818,0.026661694,-0.24707425,-0.057862766,0.016280413,-0.17023969,-0.047627684,0.020838737,-0.12134743,-0.032882623
-0.06183076,-0.07534331,-0.014626097,-0.06863576,-0.21081507,-0.0256189,-0.0187006,-0.2935921,-0.039856195,0.036554873,-0.34343174,-0.05170041,-0.05564159,-0.274578,-0.0080740405,-0.086084574,-0.33621737,-0.049182307,-0.08847281,-0.25385812,-0.074056156,-0.08330512,-0.18264681,-0.0822821,-0.008123338,-0.27838326,-0.016557906,-0.046545863,-0.36233854,-0.06112161,-0.060216606,-0.27868485,-0.0758422,-0.063468814,-0.1939367,-0.070370235,0.038465023,-0.2663257,-0.029471438,-0.0028809905,-0.28511614,-0.06704346,-0.016343176,-0.17684066,-0.062857695,-0.019033551,-0.098890185,-0.04518977,0.08100867,-0.24261266,-0.0441033,0.034608305,-0.2452882,-0.06016817,0.023341656,-0.1743285,-0.048603214,0.02672118,-0.12732387,-0.032388736
-0.058560193,-0.07425195,-0.013471831,-0.06234348,-0.20943433,-0.025362914,-0.007609546,-0.28819305,-0.040244572,0.05104363,-0.33140942,-0.052848898,-0.05663407,-0.26986426,-0.013961532,-0.07899469,-0.3391348,-0.053237665,-0.08216292,-0.2587527,-0.07623007,-0.0770213,-0.19454277,-0.084686376,-0.0061764717,-0.27078465,-0.023584064,-0.03436953,-0.36119923,-0.067932926,-0.0495283,-0.27629238,-0.08137535,-0.052366257,-0.19547045,-0.075616464,0.04255891,-0.25535497,-0.036694445,0.010041237,-0.28218913,-0.07173073,-0.0067189336,-0.17330211,-0.06433886,-0.012024462,-0.09767175,-0.045592558,0.08592057,-0.22989559,-0.051485185,0.04500115,-0.23626783,-0.064900786,0.03212875,-0.16862392,-0.051190842,0.03530717,-0.12679207,-0.034345534
-0.054852486,-0.06522727,-0.020281894,-0.05163592,-0.20219201,-0.03444782,0.007906377,-0.28290135,-0.049896616,0.064698935,-0.33048084,-0.06210947,-0.05274719,-0.26665598,-0.02302033,-0.06639433,-0.3423676,-0.06507873,-0.071436584,-0.2599973,-0.087532766,-0.06978178,-0.19247907,-0.094928615,-8.070469e-05,-0.26352194,-0.029727766,-0.021594405,-0.35300708,-0.07602266,-0.037026286,-0.25745434,-0.08592724,-0.038915932,-0.17575014,-0.077275164,0.050002635,-0.24169892,-0.040932667,0.02917248,-0.27291894,-0.07798275,0.009533882,-0.16033167,-0.06603245,0.002082944,-0.085651815,-0.04373159,0.09467971,-0.2098403,-0.054348275,0.06630343,-0.22840682,-0.06920821,0.04962647,-0.16184121,-0.053208604,0.048460662,-0.12293893,-0.034321483
-0.054867446,-0.072518766,-0.02473026,-0.04571402,-0.21148437,-0.039630055,0.023624837,-0.27597958,-0.054888565,0.0885607,-0.3061435,-0.06683284,-0.040415287,-0.29140136,-0.022597756,-0.060098827,-0.34339905,-0.06722011,-0.06563264,-0.25858733,-0.094921574,-0.0639503,-0.18980545,-0.106721856,0.016637325,-0.2863762,-0.028023243,-0.0050824285,-0.347035,-0.0771116,-0.024881661,-0.24785468,-0.09140657,-0.031257212,-0.16830802,-0.08619891,0.06692374,-0.25698742,-0.03885586,0.04306394,-0.25519353,-0.07662841,0.011913419,-0.14666444,-0.06874144,-0.0038750768,-0.07997388,-0.050287504,0.10543537,-0.21481699,-0.052779533,0.0723694,-0.19784713,-0.06892586,0.048953414,-0.13137162,-0.05668339,0.04409969,-0.09941423,-0.04089384
-0.054255247,-0.067343235,-0.031482488,-0.042125523,-0.20498133,-0.049773514,0.02831924,-0.27334535,-0.06658284,0.0941906,-0.31024322,-0.07993893,-0.039432704,-0.2892327,-0.031020008,-0.05719161,-0.33257776,-0.080842614,-0.062045276,-0.24354649,-0.11354337,-0.05867946,-0.17225844,-0.12867807,0.020109355,-0.28254572,-0.03241372,-0.003960669,-0.33758047,-0.08742339,-0.02412641,-0.23800996,-0.104499325,-0.029327393,-0.15608692,-0.10117657,0.0720647,-0.25180897,-0.039430134,0.04727304,-0.2507138,-0.079420425,0.014398813,-0.13922775,-0.067431696,-0.0042282343,-0.06768888,-0.046301782,0.10962403,-0.21231955,-0.050407596,0.076842844,-0.1968568,-0.06766875,0.052386343,-0.1324861,-0.052999087,0.04573053,-0.101160645,-0.035059866
-0.054511786,-0.06929439,-0.0287129,-0.04241717,-0.20481974,-0.04652311,0.03188032,-0.26591647,-0.0631741,0.09941721,-0.29406226,-0.07667927,-0.032592595,-0.29984978,-0.030237876,-0.05472201,-0.3326125,-0.07860983,-0.061667144,-0.2410903,-0.11012352,-0.05834365,-0.1695447,-0.12478999,0.02656275,-0.28862604,-0.03420003,5.310774e-05,-0.33175796,-0.08771552,-0.02125895,-0.22733587,-0.103037715,-0.025580049,-0.14560443,-0.09868097,0.076836884,-0.25349513,-0.043761842,0.047965646,-0.24197197,-0.082459025,0.014788926,-0.13579619,-0.07176188,-0.0020353794,-0.06984818,-0.052390907,0.113253534,-0.20852828,-0.057020966,0.07491857,-0.18267262,-0.07261075,0.049381554,-0.114555836,-0.05813731,0.04456514,-0.0832476,-0.04112216
-0.050376534,-0.068903565,-0.03181496,-0.03678596,-0.19864058,-0.051926345,0.03631562,-0.25947517,-0.070890166,0.10564363,-0.28249598,-0.08682559,-0.023804963,-0.3009786,-0.031240145,-0.04707533,-0.33191687,-0.08111634,-0.054617226,-0.24293882,-0.11439304,-0.051998973,-0.17215973,-0.12996255,0.032284915,-0.2848811,-0.03488831,0.0088710785,-0.32774216,-0.08888873,-0.014026523,-0.22717309,-0.1049061,-0.023219407,-0.14739084,-0.1012939,0.08058834,-0.24674985,-0.044719372,0.055507243,-0.23992208,-0.08592071,0.019192696,-0.13904905,-0.07709112,-0.0019255877,-0.075427294,-0.058539744,0.11716974,-0.19847149,-0.058296792,0.08465755,-0.18325496,-0.07484658,0.054425716,-0.11623174,-0.060085267,0.044563174,-0.08249366,-0.042798504
-0.055101216,-0.073848486,-0.026652914,-0.039061546,-0.20598054,-0.045602098,0.037083745,-0.26617923,-0.06391211,0.1083383,-0.28256446,-0.079783596,-0.010475695,-0.30144298,-0.035614222,-0.038679004,-0.3308947,-0.08011564,-0.051674902,-0.23840499,-0.107964635,-0.050919533,-0.16691858,-0.12064172,0.04569465,-0.27947685,-0.040141035,0.015609801,-0.31804746,-0.089134656,-0.010538936,-0.21661323,-0.10093296,-0.020381033,-0.13590837,-0.095770404,0.092075765,-0.23873925,-0.049331855,0.05799973,-0.23187703,-0.08559552,0.021378458,-0.135239,-0.074934,0.0029757023,-0.07216334,-0.056200683,0.12619805,-0.18965852,-0.06153656,0.08805019,-0.18944758,-0.07374546,0.055616915,-0.1302675,-0.057614613,0.04517615,-0.09666908,-0.040215086
-0.052318275,-0.073613524,-0.028735908,-0.034878254,-0.20507717,-0.04893405,0.0414052,-0.2634904,-0.06773135,0.110933006,-0.28350914,-0.083727084,-0.013896525,-0.30150965,-0.038126845,-0.041393757,-0.32677004,-0.08404539,-0.05410731,-0.23413974,-0.11342762,-0.053364277,-0.16170466,-0.12740788,0.042995453,-0.28145364,-0.04261657,0.015106738,-0.31888217,-0.09345248,-0.011384308,-0.2173394,-0.10699346,-0.020742536,-0.1377542,-0.10303365,0.09099251,-0.24046728,-0.051727917,0.05868131,-0.22850388,-0.088233285,0.02075237,-0.13298869,-0.07708128,0.0019334555,-0.07277703,-0.058499113,0.12592125,-0.19120365,-0.06420565,0.0896638,-0.18385911,-0.07634418,0.060609758,-0.12620682,-0.059517972,0.053762913,-0.097729445,-0.041973494
-0.05109167,-0.06744993,-0.03229943,-0.037341118,-0.19617397,-0.05261846,0.03622836,-0.25442803,-0.07139517,0.10658842,-0.27282315,-0.08677401,-0.020460606,-0.29313523,-0.036614586,-0.041573882,-0.32466,-0.08625806,-0.05003035,-0.23205101,-0.11729513,-0.048275232,-0.16053784,-0.13131543,0.034862638,-0.27609584,-0.039694898,0.0137809515,-0.31504196,-0.093253076,-0.009532988,-0.21353072,-0.10631731,-0.018903494,-0.13616979,-0.10086365,0.082330704,-0.2380901,-0.048885632,0.05796224,-0.22588217,-0.08942741,0.022812009,-0.12635034,-0.07882126,0.0032532215,-0.065057874,-0.059285477,0.11879623,-0.19066417,-0.061847445,0.08853918,-0.17444938,-0.07738118,0.058284998,-0.10830015,-0.061988402,0.048211694,-0.07547718,-0.04459413
-0.054064393,-0.06766075,-0.02906084,-0.046296775,-0.19576246,-0.048787795,0.024347365,-0.25879413,-0.067841284,0.09433824,-0.2826163,-0.08337465,-0.024841368,-0.29298395,-0.035486337,-0.051825047,-0.32790518,-0.08453001,-0.056457877,-0.23459882,-0.11386874,-0.052394927,-0.16148871,-0.12634824,0.031792283,-0.27887207,-0.040306367,0.0050554276,-0.32166177,-0.09360485,-0.014766693,-0.2149092,-0.105454534,-0.02226299,-0.13381428,-0.09863675,0.08000606,-0.24271023,-0.050847143,0.048368394,-0.22406197,-0.09147536,0.016011715,-0.12160277,-0.080958955,-0.0016320348,-0.0603472,-0.060923263,0.11721665,-0.19547397,-0.06473738,0.08323842,-0.17829585,-0.0791978,0.054878175,-0.11320943,-0.06336824,0.04544753,-0.08026481,-0.045623418
-0.054203033,-0.07053369,-0.026649497,-0.043328404,-0.20330948,-0.045155857,0.029372334,-0.2639713,-0.06338158,0.0983482,-0.28708676,-0.07872692,-0.028235018,-0.2916815,-0.03235819,-0.05399549,-0.33384055,-0.079177335,-0.060732484,-0.24202013,-0.10798461,-0.056456983,-0.17073399,-0.120931245,0.029180646,-0.2778476,-0.03834248,0.0027757287,-0.33287913,-0.08909147,-0.01924938,-0.22823691,-0.10140951,-0.025444806,-0.14916265,-0.09567675,0.07834673,-0.2412095,-0.04950341,0.047284007,-0.24054345,-0.086654924,0.0130409,-0.13679802,-0.0746627,-0.0027464032,-0.07493299,-0.054931566,0.1161077,-0.19438255,-0.06391306,0.07955021,-0.18631166,-0.07682916,0.050970793,-0.121313274,-0.05977936,0.04474604,-0.08944243,-0.041806065
-0.054867208,-0.06960869,-0.02767985,-0.04424745,-0.20813978,-0.044329233,0.029345036,-0.26961917,-0.060611703,0.09493518,-0.29684374,-0.07355695,-0.03463769,-0.2939623,-0.028218295,-0.057560325,-0.3429882,-0.074240744,-0.0631755,-0.25281826,-0.103002205,-0.06025356,-0.1820519,-0.11597136,0.024015784,-0.28603977,-0.03358624,-0.0027916431,-0.34495673,-0.08411927,-0.02391988,-0.24121615,-0.098168276,-0.030067325,-0.16061157,-0.09322734,0.07418132,-0.2521841,-0.044474967,0.0450958,-0.25028756,-0.081380315,0.012889326,-0.14183843,-0.070927486,-0.0025964975,-0.07764667,-0.052097492,0.111606,-0.20615578,-0.058971524,0.07431358,-0.18509704,-0.07382332,0.048117995,-0.11721623,-0.059670564,0.042509854,-0.08701223,-0.04333509
-0.050726295,-0.06872964,-0.020816121,-0.043771446,-0.20558923,-0.035920534,0.020981312,-0.27535743,-0.052129608,0.076794386,-0.318424,-0.0655011,-0.044883072,-0.2777642,-0.02473553,-0.061918855,-0.3387577,-0.06856367,-0.06730747,-0.24843544,-0.09483491,-0.0653494,-0.17615658,-0.10619273,0.0118121505,-0.2761727,-0.032073915,-0.013880849,-0.3527665,-0.081540026,-0.03218949,-0.24893755,-0.09503609,-0.033756793,-0.16433215,-0.08949827,0.06351197,-0.24933738,-0.043668512,0.037500143,-0.27002004,-0.08049221,0.013183653,-0.15387326,-0.068364955,0.004146099,-0.080872536,-0.047620807,0.10514754,-0.2118932,-0.057813585,0.073186755,-0.20939249,-0.074088335,0.054564,-0.14389396,-0.059448153,0.05421257,-0.11315572,-0.04222295
-0.058455527,-0.08181876,-0.013631767,-0.059032798,-0.21576744,-0.025697647,-0.002601862,-0.29630044,-0.041771356,0.052785575,-0.34546977,-0.055856783,-0.055675387,-0.27513853,-0.006378107,-0.0766803,-0.3424585,-0.048510388,-0.081407905,-0.26003546,-0.07537236,-0.078938246,-0.19002956,-0.08600782,-0.004794359,-0.2771141,-0.017103083,-0.033650815,-0.36849013,-0.0640546,-0.050336838,-0.28294456,-0.08107649,-0.053153038,-0.1998384,-0.077543266,0.044501364,-0.26056796,-0.03220742,0.0148252845,-0.29506803,-0.07140401,-0.0025494099,-0.18177408,-0.06502936,-0.008009076,-0.10201299,-0.045909826,0.08733475,-0.23295125,-0.049040206,0.048867583,-0.245159,-0.06629699,0.03541249,-0.17518878,-0.052641295,0.03742385,-0.13225734,-0.034973137
-0.058455527,-0.08181876,-0.013631767,-0.059032798,-0.21576744,-0.025697647,-0.002601862,-0.29630044,-0.041771356,0.052785575,-0.34546977,-0.055856783,-0.055675387,-0.27513853,-0.006378107,-0.0766803,-0.3424585,-0.048510388,-0.081407905,-0.26003546,-0.07537236,-0.078938246,-0.19002956,-0.08600782,-0.004794359,-0.2771141,-0.017103083,-0.033650815,-0.36849013,-0.0640546,-0.050336838,-0.28294456,-0.08107649,-0.053153038,-0.1998384,-0.077543266,0.044501364,-0.26056796,-0.03220742,0.0148252845,-0.29506803,-0.07140401,-0.0025494099,-0.18177408,-0.06502936,-0.008009076,-0.10201299,-0.045909826,0.08733475,-0.23295125,-0.049040206,0.048867583,-0.245159,-0.06629699,0.03541249,-0.17518878,-0.052641295,0.03742385,-0.13225734,-0.034973137
-0.062978804,-0.08563143,-0.011942562,-0.06694281,-0.21333313,-0.023512272,-0.013042569,-0.2927426,-0.03911887,0.04258573,-0.34275427,-0.053048924,-0.063976824,-0.2693085,-0.0023279763,-0.08494228,-0.33313707,-0.04244829,-0.0851993,-0.25690442,-0.06929885,-0.08075416,-0.18915135,-0.079993725,-0.014801919,-0.27250916,-0.012373644,-0.047995925,-0.36002266,-0.05626246,-0.058812857,-0.2791991,-0.074295305,-0.058416724,-0.19635749,-0.07240734,0.03350371,-0.26175386,-0.026601361,0.002689004,-0.29957014,-0.06398139,-0.010762572,-0.19263148,-0.061086882,-0.015382409,-0.11216265,-0.044993915,0.076985955,-0.23995963,-0.042261813,0.03468603,-0.24935788,-0.05907763,0.020243406,-0.17687857,-0.047867473,0.01946956,-0.12728554,-0.03217565
-0.06421822,-0.07710713,-0.014137477,-0.07038641,-0.19825143,-0.024807138,-0.015554965,-0.27730358,-0.039113242,0.037317514,-0.32878214,-0.051795334,-0.06678492,-0.2514973,0.0028238173,-0.08607781,-0.31775498,-0.03121674,-0.08613473,-0.25191224,-0.055277616,-0.08177382,-0.1887821,-0.06557026,-0.02296102,-0.25481883,-0.0047435826,-0.0526886,-0.33925214,-0.042777285,-0.060455382,-0.26833165,-0.062341623,-0.05878818,-0.1906228,-0.063987315,0.022783816,-0.24786237,-0.016736953,0.000849545,-0.2992502,-0.053252976,-0.011158586,-0.20123124,-0.056074884,-0.015675783,-0.11918628,-0.045339435,0.068959475,-0.23014325,-0.029986523,0.03163904,-0.24716175,-0.052026805,0.017438352,-0.17236477,-0.047183726,0.016166449,-0.11426151,-0.03615799
-0.06421822,-0.07710713,-0.014137477,-0.07038641,-0.19825143,-0.024807138,-0.015554965,-0.27730358,-0.039113242,0.037317514,-0.32878214,-0.051795334,-0.06678492,-0.2514973,0.0028238173,-0.08607781,-0.31775498,-0.03121674,-0.08613473,-0.25191224,-0.055277616,-0.08177382,-0.1887821,-0.06557026,-0.02296102,-0.25481883,-0.0047435826,-0.0526886,-0.33925214,-0.042777285,-0.060455382,-0.26833165,-0.062341623,-0.05878818,-0.1906228,-0.063987315,0.022783816,-0.24786237,-0.016736953,0.000849545,-0.2992502,-0.053252976,-0.011158586,-0.20123124,-0.056074884,-0.015675783,-0.11918628,-0.045339435,0.068959475,-0.23014325,-0.029986523,0.03163904,-0.24716175,-0.052026805,0.017438352,-0.17236477,-0.047183726,0.016166449,-0.11426151,-0.03615799
-0.0670262,-0.077160895,-0.0124148745,-0.07432729,-0.19419849,-0.022174645,-0.020717323,-0.27060732,-0.036426608,0.0323326,-0.31905967,-0.048925083,-0.070396245,-0.24545598,0.006946314,-0.09104535,-0.31438306,-0.02653546,-0.092476785,-0.2505586,-0.050404586,-0.08795923,-0.18917882,-0.0604661,-0.027240932,-0.24757868,-0.001208695,-0.05726385,-0.33117816,-0.039205946,-0.0629251,-0.26033577,-0.058254343,-0.05917442,-0.18396378,-0.05953442,0.018740296,-0.24089971,-0.013960564,-0.006708801,-0.29613614,-0.049322713,-0.016233444,-0.2006259,-0.050603174,-0.017369568,-0.12092376,-0.039051775,0.06573093,-0.22513363,-0.02805152,0.025703907,-0.2528728,-0.04813303,0.011464417,-0.18376076,-0.041686833,0.011483371,-0.12841564,-0.029820634
-0.06608248,-0.0759238,-0.012161475,-0.07570541,-0.18916494,-0.02222032,-0.025342107,-0.26549804,-0.036997847,0.02504015,-0.31501907,-0.050183266,-0.06920302,-0.24164975,0.0059753787,-0.08963889,-0.31080076,-0.030133173,-0.09163493,-0.24732414,-0.05547737,-0.08710748,-0.18518162,-0.06593884,-0.02614057,-0.24518654,-0.0029504905,-0.055743277,-0.33447105,-0.04402439,-0.06386697,-0.26404044,-0.06403549,-0.06182015,-0.18608278,-0.06473056,0.020057917,-0.23896489,-0.016437601,-0.00729537,-0.29259956,-0.054272138,-0.019292653,-0.1958766,-0.05556184,-0.021706581,-0.11688501,-0.042966496,0.06690782,-0.22252849,-0.03115318,0.025987267,-0.2469146,-0.052465636,0.011271358,-0.17752486,-0.045495156,0.011156857,-0.12280202,-0.032613717
-0.061886728,-0.07158494,-0.011090946,-0.07153565,-0.1933778,-0.020658718,-0.02265346,-0.27400103,-0.034273423,0.030091286,-0.32245356,-0.04630768,-0.06634843,-0.2421177,-0.0015722847,-0.08902472,-0.31129313,-0.037129935,-0.08801985,-0.24526593,-0.059523266,-0.08206797,-0.18246233,-0.067352526,-0.02309215,-0.24669883,-0.0107245715,-0.05429876,-0.3386339,-0.050341986,-0.06322414,-0.26753998,-0.066443674,-0.06251508,-0.18848783,-0.063766405,0.022573173,-0.24051782,-0.023748327,-0.0054196715,-0.28538188,-0.059269365,-0.01786828,-0.18693519,-0.05841334,-0.0214566,-0.10929364,-0.04411853,0.067931294,-0.22409105,-0.037745573,0.028402269,-0.24481264,-0.05487581,0.016049862,-0.1772629,-0.045657482,0.017517507,-0.12616509,-0.031603154
-0.058529794,-0.08263391,-0.013253602,-0.060608387,-0.20935321,-0.025666129,-0.0083372,-0.2911918,-0.04169387,0.044115663,-0.34446514,-0.055514313,-0.060056865,-0.2638718,-0.008698435,-0.07916629,-0.3322527,-0.04798341,-0.08291119,-0.2555263,-0.07220797,-0.080319285,-0.18738484,-0.080931924,-0.011582494,-0.26431623,-0.018078072,-0.039963603,-0.35777092,-0.061629515,-0.05380398,-0.27609366,-0.076209,-0.053671658,-0.19244367,-0.07176674,0.03652948,-0.24958399,-0.031392496,0.012311041,-0.2946751,-0.06709302,-0.0028412342,-0.18653357,-0.059874244,-0.0065186024,-0.10528362,-0.040827684,0.08084899,-0.22470471,-0.046343934,0.05032319,-0.25315264,-0.060310006,0.036545575,-0.19328684,-0.046433814,0.036031663,-0.15155727,-0.029381303
-0.056179166,-0.07798743,-0.0152370185,-0.058017492,-0.20789081,-0.028161302,-0.001819849,-0.28838578,-0.044029906,0.054790437,-0.3364662,-0.05739399,-0.058662713,-0.26529312,-0.014675084,-0.075103104,-0.3382728,-0.054272227,-0.07865864,-0.25669912,-0.07752668,-0.076615155,-0.18874282,-0.085958816,-0.008425534,-0.2640568,-0.023488298,-0.033943594,-0.36125156,-0.068048775,-0.048214316,-0.27442178,-0.08143412,-0.049608886,-0.19040823,-0.07583455,0.040995777,-0.24746138,-0.036039762,0.019536495,-0.2911167,-0.07243176,0.0033017397,-0.17850459,-0.06390292,-0.002724111,-0.097301066,-0.043814365,0.08604044,-0.2217195,-0.050389145,0.057115793,-0.24657652,-0.06510694,0.042194486,-0.18461704,-0.050893188,0.040273607,-0.14364487,-0.033464346
-0.05608666,-0.06974751,-0.020392865,-0.053052664,-0.205347,-0.03542636,0.0065020323,-0.28359362,-0.051917735,0.06278467,-0.33106267,-0.06523038,-0.05286044,-0.28026965,-0.019487703,-0.070882976,-0.33931565,-0.06306154,-0.07600951,-0.25369966,-0.08910893,-0.07479465,-0.18334872,-0.09899548,0.00031536818,-0.27660203,-0.026615348,-0.0243482,-0.35359356,-0.072896756,-0.040533245,-0.26097286,-0.08571205,-0.04392433,-0.17913097,-0.08001518,0.051187813,-0.2530995,-0.038474012,0.02681911,-0.27288496,-0.07506426,0.0051130056,-0.16226393,-0.06472365,-0.003979504,-0.08837485,-0.044420052,0.09536326,-0.21908984,-0.052798927,0.06354356,-0.22826767,-0.067496985,0.046680868,-0.16175216,-0.052016675,0.04583758,-0.1233412,-0.033854168
-0.05641055,-0.07057613,-0.023942873,-0.051817775,-0.20899683,-0.039979517,0.013037205,-0.28065777,-0.056598037,0.07717246,-0.31629413,-0.0696964,-0.046421528,-0.287023,-0.026272867,-0.06825727,-0.34487933,-0.07296023,-0.0737831,-0.25565654,-0.10053055,-0.071434975,-0.18467855,-0.11182805,0.009725332,-0.28479904,-0.032509264,-0.016062379,-0.35029885,-0.08362882,-0.03335601,-0.2478404,-0.096271165,-0.036960542,-0.16553062,-0.08971915,0.06058538,-0.25775793,-0.04403452,0.032947302,-0.26305693,-0.0821992,0.006323099,-0.1526959,-0.071371645,-0.006901026,-0.08324754,-0.051072415,0.10052079,-0.21872371,-0.05866083,0.06674987,-0.20969003,-0.07490429,0.046245277,-0.14507282,-0.06119814,0.042431056,-0.11291897,-0.044377472
-0.05758643,-0.07496452,-0.025472004,-0.049528897,-0.21390182,-0.042839244,0.021345854,-0.2808249,-0.06018189,0.088125885,-0.3145867,-0.07380056,-0.04242581,-0.28849253,-0.028045926,-0.061673403,-0.3427294,-0.07409361,-0.06867051,-0.25316966,-0.10225611,-0.06674856,-0.18388754,-0.11488767,0.014851451,-0.28290266,-0.03343536,-0.010202587,-0.34757408,-0.08383693,-0.027765572,-0.24786761,-0.09730821,-0.029904604,-0.16741729,-0.092444606,0.06670743,-0.254458,-0.044010658,0.041373372,-0.26146954,-0.08047047,0.012437642,-0.151043,-0.0679761,-0.00203377,-0.08033061,-0.04761842,0.10752708,-0.21526802,-0.058032945,0.0761103,-0.21336323,-0.0732954,0.05436188,-0.1480177,-0.058110166,0.050354958,-0.114142716,-0.04084086
-0.056096077,-0.07362962,-0.030270424,-0.0457111,-0.20390242,-0.05008303,0.026769578,-0.26402867,-0.069215834,0.09730762,-0.28956625,-0.085062504,-0.02773261,-0.29938725,-0.029396916,-0.05757183,-0.3277349,-0.078528404,-0.06504077,-0.23673216,-0.11106634,-0.0619424,-0.16635042,-0.12614824,0.028823435,-0.2890293,-0.033025734,-0.0030121207,-0.33048612,-0.085441925,-0.025780976,-0.23171508,-0.1010945,-0.03348106,-0.15329552,-0.097590305,0.0775072,-0.2540517,-0.042500615,0.0446527,-0.24113125,-0.08159401,0.010234356,-0.13798958,-0.07175822,-0.0075627565,-0.07383263,-0.0526335,0.11336666,-0.20761669,-0.055867396,0.07503945,-0.1861496,-0.07080096,0.04927069,-0.12346834,-0.05613627,0.04364282,-0.09252262,-0.038827345
-0.057070076,-0.07173079,-0.0318543,-0.046363533,-0.20177132,-0.052374937,0.028554916,-0.25839704,-0.071534134,0.097381115,-0.279227,-0.08703812,-0.020911455,-0.30627537,-0.03233743,-0.054508507,-0.32809347,-0.08300469,-0.06322384,-0.23674911,-0.11591491,-0.056320667,-0.16865945,-0.13168313,0.03634709,-0.29102436,-0.036395326,0.003838718,-0.32408363,-0.09024341,-0.01903236,-0.22523761,-0.106053814,-0.02402836,-0.1524772,-0.10310239,0.08419645,-0.25172186,-0.04666911,0.047798514,-0.22635323,-0.086696915,0.0113303065,-0.12708527,-0.077515095,-0.005350709,-0.07125926,-0.059691556,0.11912882,-0.20133615,-0.061047383,0.07760692,-0.17288727,-0.07717443,0.049661517,-0.10983771,-0.06394778,0.04411924,-0.08413428,-0.04833654
-0.05315423,-0.07273823,-0.029596187,-0.040646672,-0.19759029,-0.05115195,0.03022784,-0.25730026,-0.07113401,0.09575516,-0.28192168,-0.08780369,-0.016401708,-0.31338334,-0.038573943,-0.047596395,-0.3188259,-0.086599134,-0.056634605,-0.22213697,-0.11822515,-0.05271703,-0.1501165,-0.133581,0.04000789,-0.289745,-0.043356027,0.007351041,-0.29845396,-0.09430445,-0.015564859,-0.19262534,-0.10777527,-0.020897627,-0.11581588,-0.10454465,0.08739042,-0.24438727,-0.053340442,0.05271709,-0.21852702,-0.09022146,0.018165052,-0.12500328,-0.0785118,0.0034202337,-0.06779772,-0.0600009,0.12366229,-0.18934357,-0.0669368,0.08655709,-0.17957318,-0.08030956,0.054748833,-0.12386447,-0.06424319,0.046110988,-0.096221805,-0.046779193
-0.055998504,-0.07342529,-0.029940521,-0.044749618,-0.19991732,-0.051399425,0.028795123,-0.26108274,-0.071003444,0.09706068,-0.28544003,-0.087961696,-0.020421147,-0.32142338,-0.039513573,-0.053177536,-0.3200473,-0.087038316,-0.060840666,-0.22233975,-0.11932799,-0.056467116,-0.147367,-0.13500488,0.036477685,-0.29877973,-0.045196272,0.0040556192,-0.2998631,-0.095368356,-0.018897295,-0.19390124,-0.10998354,-0.025702536,-0.113921046,-0.10765063,0.08470464,-0.2522843,-0.05591767,0.050459206,-0.22448844,-0.09439939,0.013534248,-0.12580049,-0.084862165,-0.0029364228,-0.06389207,-0.067557365,0.1208663,-0.19461071,-0.06999226,0.08030337,-0.17583543,-0.08585803,0.045819342,-0.10902625,-0.07030412,0.036867797,-0.074146986,-0.052652474
-0.05548954,-0.0715301,-0.030004798,-0.044819653,-0.19359231,-0.051381487,0.027468026,-0.2522086,-0.071479306,0.093576014,-0.27708945,-0.08881861,-0.021848142,-0.3232815,-0.037200693,-0.053528547,-0.31899995,-0.086595915,-0.061957,-0.22048867,-0.120054364,-0.057430744,-0.14611387,-0.13602732,0.03589362,-0.30016172,-0.043133322,0.005452156,-0.30002013,-0.094437025,-0.018755078,-0.19201136,-0.10899691,-0.027112603,-0.112942874,-0.10616729,0.08400613,-0.2516816,-0.054608233,0.049790323,-0.2252506,-0.09469637,0.013079047,-0.12653047,-0.085977055,-0.0030269623,-0.06605667,-0.06852135,0.11981845,-0.19164705,-0.06936974,0.07825613,-0.17509598,-0.08670402,0.043965995,-0.11240125,-0.07255709,0.034620702,-0.08033848,-0.055475775
-0.0577994,-0.07695049,-0.028345762,-0.04487002,-0.20314395,-0.049016226,0.027614594,-0.26223612,-0.06786079,0.09407008,-0.29098454,-0.084400214,-0.016138911,-0.31953657,-0.036895398,-0.056526065,-0.32104087,-0.083388485,-0.068784,-0.22661221,-0.11608983,-0.06458986,-0.15286654,-0.13245751,0.041594565,-0.29919595,-0.041660238,-0.005613148,-0.31278303,-0.089731835,-0.030651093,-0.20883119,-0.104912125,-0.036228478,-0.12775284,-0.10343971,0.08689368,-0.25388792,-0.05089301,0.037556767,-0.2251584,-0.085723296,0.0058907866,-0.12820995,-0.07567232,-0.005407572,-0.06748307,-0.05872521,0.11687654,-0.19687235,-0.063557446,0.06458157,-0.16801006,-0.07633822,0.04023546,-0.10685158,-0.06072941,0.039834857,-0.07764411,-0.043617636
-0.05273527,-0.0659343,-0.0275056,-0.04771298,-0.19542056,-0.04559395,0.016078591,-0.2627531,-0.0632285,0.078662395,-0.29435775,-0.07708376,-0.03075242,-0.29730406,-0.027987072,-0.061647892,-0.3277619,-0.07611261,-0.069168806,-0.23355603,-0.10652742,-0.06541717,-0.16402733,-0.120931916,0.026212633,-0.28747305,-0.03415655,-0.011575282,-0.33211708,-0.08735752,-0.031093895,-0.22645658,-0.10188348,-0.03513521,-0.14650297,-0.097215354,0.0753777,-0.25283444,-0.045846287,0.034856975,-0.2320123,-0.08647907,0.0055066347,-0.12604582,-0.07533135,-0.0077914,-0.06374228,-0.055192474,0.11250365,-0.2055397,-0.06105405,0.07074946,-0.1798752,-0.07863234,0.050762594,-0.11501312,-0.06400004,0.04979217,-0.08652228,-0.046605475
-0.056892335,-0.069452345,-0.023326263,-0.05440539,-0.20872897,-0.04003197,0.01109916,-0.27977324,-0.057295196,0.06970477,-0.32086432,-0.071855046,-0.050495148,-0.2877903,-0.028305577,-0.07608497,-0.33318272,-0.073754646,-0.08195007,-0.23647127,-0.10208401,-0.07791835,-0.16266823,-0.11519852,0.0065849423,-0.28810355,-0.035339616,-0.028260529,-0.35310614,-0.08644698,-0.04722905,-0.2458654,-0.101460055,-0.047341406,-0.16070324,-0.097273946,0.058317065,-0.26118106,-0.046651125,0.027206123,-0.27128407,-0.083488815,0.0025248528,-0.15478373,-0.07149651,-0.0054436326,-0.08197832,-0.05145631,0.097658515,-0.22187257,-0.060990077,0.06108898,-0.21062553,-0.07739146,0.045122802,-0.1449408,-0.062776506,0.04874599,-0.115472436,-0.04578009
-0.05933535,-0.06856793,-0.016109481,-0.06787366,-0.20039856,-0.028879788,-0.018149793,-0.28122312,-0.044318117,0.03565371,-0.33131737,-0.057644572,-0.063443124,-0.2726776,-0.013800662,-0.09440833,-0.3307212,-0.05754408,-0.09425816,-0.24538022,-0.08451904,-0.08600396,-0.17322701,-0.09462396,-0.013242245,-0.27948886,-0.022345666,-0.052064538,-0.36075562,-0.07033462,-0.06250602,-0.2704772,-0.08608081,-0.06182146,-0.18554312,-0.081062235,0.03557402,-0.26676995,-0.03493071,-0.00013041496,-0.28266293,-0.07416973,-0.012211621,-0.17101485,-0.06826141,-0.016115725,-0.09402543,-0.04954398,0.07796848,-0.24208161,-0.049406033,0.036347628,-0.23260695,-0.066873044,0.02536738,-0.15809828,-0.054468933,0.027898908,-0.11344707,-0.03748167
-0.06446123,-0.06836367,-0.01574026,-0.07640773,-0.19746143,-0.027719377,-0.03357345,-0.28398073,-0.04324296,0.013478339,-0.34129542,-0.056351908,-0.07332313,-0.26974568,-0.006443644,-0.10711002,-0.33079988,-0.050358947,-0.105388045,-0.24939764,-0.07774593,-0.09600183,-0.17749715,-0.0872593,-0.025082469,-0.27890843,-0.015289677,-0.06616598,-0.36004084,-0.06303879,-0.07457769,-0.2734608,-0.07947302,-0.07279909,-0.18881255,-0.07438763,0.023303032,-0.27005407,-0.02892341,-0.015369058,-0.28675944,-0.06917058,-0.022923052,-0.17861772,-0.06446188,-0.021429777,-0.10375345,-0.045606196,0.06764221,-0.24876621,-0.0444478,0.02443093,-0.24734718,-0.06236499,0.016690433,-0.17535543,-0.050075952,0.022685647,-0.13027728,-0.03249455
-0.06526083,-0.070141256,-0.011620295,-0.08041948,-0.19020778,-0.022135627,-0.03534174,-0.27256075,-0.036964606,0.010543585,-0.3304803,-0.050511528,-0.07959056,-0.24985066,0.0016347459,-0.105531156,-0.3110413,-0.03615146,-0.10214698,-0.24005195,-0.06215356,-0.094160825,-0.17395002,-0.0725655,-0.033956468,-0.25756717,-0.008278723,-0.06830096,-0.33643305,-0.04989127,-0.07191074,-0.25673282,-0.06842662,-0.065951824,-0.17705238,-0.06744131,0.013712168,-0.25271505,-0.02238455,-0.015593767,-0.29304522,-0.059403144,-0.019301713,-0.18895793,-0.05696904,-0.016885519,-0.111842036,-0.04163247,0.060195506,-0.2367962,-0.037656087,0.019495666,-0.2509768,-0.05601444,0.013307452,-0.17660612,-0.044604953,0.019622982,-0.12700206,-0.028577166
-0.07148689,-0.07377231,-0.012213423,-0.085402966,-0.18610936,-0.022861205,-0.041359782,-0.27121222,-0.038471494,0.0029897094,-0.33207256,-0.052441835,-0.08597356,-0.24255303,0.007814663,-0.10906777,-0.3068915,-0.0289601,-0.10703707,-0.24204591,-0.05478092,-0.10026792,-0.18146813,-0.06519448,-0.040775836,-0.25089377,-0.0013178425,-0.07160574,-0.33522123,-0.043879703,-0.07561618,-0.2616717,-0.06432757,-0.07067901,-0.18403673,-0.06434989,0.006623268,-0.24756649,-0.015074997,-0.018919885,-0.29193002,-0.053414434,-0.023791611,-0.19128841,-0.05372626,-0.022027075,-0.11254263,-0.03949217,0.05308336,-0.23447156,-0.030154549,0.016154945,-0.25562033,-0.049708202,0.009386539,-0.188519,-0.04098996,0.0144610405,-0.1388861,-0.026449813
-0.06832248,-0.07029122,-0.00952127,-0.08029646,-0.18372083,-0.01806536,-0.031339347,-0.26246226,-0.03127999,0.013678193,-0.31890637,-0.043901782,-0.078953266,-0.2350744,0.009739454,-0.102781,-0.29722804,-0.022191875,-0.10259223,-0.23573157,-0.046119187,-0.09592512,-0.17459476,-0.056477975,-0.035020053,-0.2406235,-0.00012678867,-0.06686294,-0.32196587,-0.036202844,-0.0729565,-0.25501654,-0.056735698,-0.06938374,-0.1797958,-0.059634507,0.011286259,-0.23699832,-0.013945003,-0.015258312,-0.2932204,-0.049822208,-0.022153914,-0.19842803,-0.052486815,-0.021778882,-0.118972,-0.042073507,0.056954384,-0.22444734,-0.028367683,0.012515724,-0.24837783,-0.05023614,0.0051436424,-0.17426848,-0.04288058,0.011627555,-0.116665065,-0.030108081
-0.06925756,-0.06656867,-0.006676898,-0.07988238,-0.16807222,-0.012092232,-0.03386438,-0.24485093,-0.022895336,0.005443692,-0.30010295,-0.03333845,-0.07982528,-0.2171227,0.02089209,-0.097571135,-0.2783856,-0.0072705355,-0.09758818,-0.22805238,-0.03042431,-0.09351131,-0.17081696,-0.04069774,-0.038722336,-0.22475716,0.011239123,-0.064569294,-0.30060473,-0.021007102,-0.06825119,-0.24282068,-0.043166958,-0.06568581,-0.17292774,-0.048454076,0.0058187842,-0.22330251,-0.002614389,-0.0140042305,-0.28273183,-0.03768475,-0.01948613,-0.19969702,-0.044765003,-0.020550072,-0.12271404,-0.037862655,0.0512383,-0.21415213,-0.016662247,0.0103625655,-0.2444779,-0.040349692,0.0012710094,-0.17679626,-0.036630858,0.003758788,-0.11701572,-0.02643193
-0.06769198,-0.06632018,-0.006678277,-0.075805485,-0.1666004,-0.012006675,-0.029424608,-0.24346915,-0.02301547,0.010263801,-0.29775298,-0.03353255,-0.07941699,-0.20991036,0.021353072,-0.09601945,-0.27198365,-0.0065751085,-0.095246255,-0.22742134,-0.028668016,-0.09072247,-0.1707387,-0.037421536,-0.03897822,-0.21847433,0.012034615,-0.06407851,-0.29453754,-0.019391453,-0.06652969,-0.24263191,-0.040635563,-0.062431335,-0.17383218,-0.04497866,0.00525707,-0.21815342,-0.0016659902,-0.013981283,-0.27491888,-0.036695883,-0.017692387,-0.19379157,-0.044486918,-0.016597748,-0.117055595,-0.037321676,0.050472558,-0.21159497,-0.015497557,0.011313081,-0.24725264,-0.038011763,0.0027903914,-0.18297076,-0.03428907,0.006324351,-0.1235733,-0.023918442
-0.067905724,-0.067476034,-0.0034469324,-0.077203155,-0.16147918,-0.006662225,-0.034912407,-0.23384544,-0.017023874,0.0035899282,-0.284743,-0.0272654,-0.07731867,-0.20441496,0.029757254,-0.09516844,-0.26594222,0.003175209,-0.09643412,-0.22501767,-0.018940551,-0.09329748,-0.17056191,-0.02770811,-0.039212584,-0.21298128,0.01927522,-0.06335837,-0.286939,-0.011201873,-0.06729442,-0.23680913,-0.032672074,-0.06412268,-0.16968864,-0.03678655,0.0034313798,-0.2126717,0.0042439546,-0.018840551,-0.26716572,-0.029102013,-0.022384763,-0.18856198,-0.036578264,-0.019970715,-0.11459279,-0.028912786,0.048015773,-0.20579284,-0.010923271,0.010774672,-0.24436066,-0.031020937,0.0030074716,-0.18519974,-0.026371852,0.0072261095,-0.12883914,-0.015223368
-0.066323996,-0.06661171,-0.0037157945,-0.074906826,-0.16069251,-0.0075000618,-0.032583296,-0.23337603,-0.017920518,0.0052337646,-0.28508165,-0.028202897,-0.07391149,-0.20599195,0.026428575,-0.090253115,-0.26685175,0.0008642974,-0.09269112,-0.22516936,-0.020477332,-0.09103891,-0.17050451,-0.029345071,-0.036149025,-0.21350276,0.016168049,-0.059843898,-0.28820878,-0.013597275,-0.064778686,-0.23776037,-0.03488943,-0.06314403,-0.1697743,-0.039600786,0.0065065622,-0.21278268,0.0017866266,-0.015563071,-0.27072993,-0.030725379,-0.02045989,-0.19327015,-0.038474064,-0.019539893,-0.11726838,-0.031973682,0.05174911,-0.20548815,-0.0126630105,0.013142526,-0.24175075,-0.033435717,0.0034097433,-0.18206424,-0.029866897,0.0057629943,-0.123588264,-0.019920541
-0.06337023,-0.06993008,-0.009520904,-0.0719735,-0.18168265,-0.017551908,-0.023117721,-0.25754526,-0.031080578,0.026205838,-0.3046455,-0.043727238,-0.06754869,-0.23076013,0.009703883,-0.08909094,-0.29715836,-0.025154576,-0.09162018,-0.23723257,-0.04902073,-0.087213516,-0.17669529,-0.058082838,-0.026893675,-0.23515081,-0.00033598614,-0.05676031,-0.32140237,-0.039471768,-0.06456751,-0.2524589,-0.05733523,-0.06152904,-0.17671746,-0.056218352,0.017534316,-0.22945449,-0.015017991,-0.009053409,-0.2814027,-0.051977843,-0.018438876,-0.18671131,-0.052304354,-0.019224405,-0.11102712,-0.038510893,0.06341207,-0.2135067,-0.030664058,0.026266932,-0.24264446,-0.050618265,0.014920235,-0.17452735,-0.042159777,0.016473174,-0.12079638,-0.027897261
-0.06337023,-0.06993008,-0.009520904,-0.0719735,-0.18168265,-0.017551908,-0.023117721,-0.25754526,-0.031080578,0.026205838,-0.3046455,-0.043727238,-0.06754869,-0.23076013,0.009703883,-0.08909094,-0.29715836,-0.025154576,-0.09162018,-0.23723257,-0.04902073,-0.087213516,-0.17669529,-0.058082838,-0.026893675,-0.23515081,-0.00033598614,-0.05676031,-0.32140237,-0.039471768,-0.06456751,-0.2524589,-0.05733523,-0.06152904,-0.17671746,-0.056218352,0.017534316,-0.22945449,-0.015017991,-0.009053409,-0.2814027,-0.051977843,-0.018438876,-0.18671131,-0.052304354,-0.019224405,-0.11102712,-0.038510893,0.06341207,-0.2135067,-0.030664058,0.026266932,-0.24264446,-0.050618265,0.014920235,-0.17452735,-0.042159777,0.016473174,-0.12079638,-0.027897261
-0.060420454,-0.07802647,-0.015121562,-0.065463364,-0.21163124,-0.028988078,-0.010200381,-0.29046577,-0.045677498,0.04727751,-0.33641303,-0.060214482,-0.0626207,-0.26960817,-0.018682614,-0.08386046,-0.33860672,-0.060893796,-0.087983966,-0.25498903,-0.08594809,-0.08464241,-0.18899703,-0.09594258,-0.0116862655,-0.27258158,-0.028335748,-0.04131639,-0.3632723,-0.0755831,-0.056456864,-0.275101,-0.09068492,-0.05802989,-0.19346833,-0.08633728,0.037992716,-0.25865984,-0.041401986,0.00533092,-0.2864156,-0.079066485,-0.011057615,-0.17389071,-0.07184202,-0.016021729,-0.09623724,-0.053209685,0.08178812,-0.2347658,-0.056253035,0.0410825,-0.23521423,-0.07181134,0.027762711,-0.16500324,-0.058609735,0.0305866,-0.12347168,-0.042134225
-0.060656846,-0.067718685,-0.022157492,-0.06306225,-0.2069636,-0.037328027,-0.0023429394,-0.2836735,-0.053533174,0.060002208,-0.324612,-0.066529095,-0.04883784,-0.2964515,-0.023409532,-0.07959795,-0.3471557,-0.06970489,-0.087142825,-0.25886953,-0.09738839,-0.08268911,-0.19248974,-0.10944328,0.006271541,-0.296521,-0.030935382,-0.031121373,-0.35264897,-0.08153846,-0.04965961,-0.25399256,-0.0953811,-0.051782846,-0.1753487,-0.09030785,0.05531901,-0.27237734,-0.04361768,0.014040828,-0.25927234,-0.08253716,-0.009262085,-0.14784169,-0.07383477,-0.017135978,-0.07912916,-0.05545175,0.09315473,-0.23425585,-0.05935591,0.0451715,-0.20036179,-0.07730243,0.030567884,-0.13103336,-0.066218264,0.034358263,-0.09959239,-0.051411424
-0.05984658,-0.069030106,-0.022685207,-0.05857408,-0.20598316,-0.03935896,0.009229243,-0.27593446,-0.056420114,0.07397193,-0.31336743,-0.0705289,-0.04472208,-0.29379243,-0.027744358,-0.07136077,-0.33995023,-0.07295528,-0.08069247,-0.2515288,-0.10144158,-0.077407956,-0.1827482,-0.11491186,0.013309836,-0.28909862,-0.035234902,-0.021579742,-0.34944347,-0.08396963,-0.041896224,-0.25009924,-0.09717722,-0.042712986,-0.16728967,-0.09253342,0.06458342,-0.259434,-0.047314506,0.029006243,-0.2565488,-0.08251066,0.0013008714,-0.14363986,-0.06991984,-0.009180009,-0.07039988,-0.05013676,0.10397756,-0.21629208,-0.06266797,0.061352134,-0.19669199,-0.07887352,0.041223645,-0.12872279,-0.06447413,0.04080528,-0.094391346,-0.047630843
-0.06191355,-0.07083017,-0.030314703,-0.054372847,-0.19928336,-0.05162437,0.018064618,-0.26515654,-0.07134777,0.08317906,-0.30021265,-0.08797365,-0.023561954,-0.3166821,-0.03608544,-0.06390822,-0.33134967,-0.085408576,-0.075445354,-0.23964137,-0.119053274,-0.06871784,-0.1694032,-0.13601695,0.03407365,-0.3030576,-0.040947326,-0.009602129,-0.32637438,-0.0932012,-0.03339559,-0.22544903,-0.10953674,-0.038090467,-0.14656794,-0.10797447,0.08081752,-0.26384377,-0.05108379,0.032191575,-0.22983056,-0.089458235,-0.0010390878,-0.129803,-0.079874754,-0.014679432,-0.06912935,-0.06280929,0.112861276,-0.21199608,-0.06517443,0.06037551,-0.17452681,-0.08124328,0.03575313,-0.10859954,-0.067482404,0.033397615,-0.079285085,-0.051575232
-0.06302124,-0.07654166,-0.029658148,-0.051697373,-0.20122635,-0.05057484,0.024051547,-0.25577217,-0.070443034,0.093707025,-0.2759604,-0.08739387,-0.018045485,-0.3262439,-0.033863235,-0.057629228,-0.3310467,-0.08289149,-0.07012445,-0.23276252,-0.11642482,-0.06549728,-0.15761608,-0.1327392,0.03900093,-0.30653948,-0.03933727,-0.0028982162,-0.31200036,-0.09045572,-0.028640866,-0.20456642,-0.10529182,-0.035472333,-0.12503093,-0.1023319,0.084688485,-0.25943583,-0.050543956,0.039618433,-0.2271561,-0.08801784,0.0057931542,-0.1302445,-0.07923288,-0.006681502,-0.07175106,-0.06225557,0.11677247,-0.20097637,-0.06567342,0.064942956,-0.16853154,-0.07998811,0.038242817,-0.10672361,-0.06675495,0.037349403,-0.0783366,-0.05096221
-0.06259519,-0.07851964,-0.029966893,-0.054872572,-0.19514269,-0.052312672,0.012672901,-0.25407267,-0.07419322,0.08498973,-0.2747134,-0.09234783,-0.023645163,-0.35313183,-0.03681136,-0.06298274,-0.32488626,-0.08153232,-0.070278466,-0.22208726,-0.11324296,-0.06509024,-0.15151054,-0.1294567,0.03727925,-0.33376688,-0.042880792,-0.0062426925,-0.29551646,-0.08740778,-0.027703524,-0.19618833,-0.103844345,-0.03720635,-0.12276626,-0.10550021,0.087067366,-0.28242883,-0.05401645,0.0384506,-0.22523624,-0.08871704,0.0020061135,-0.13855171,-0.08828562,-0.015977979,-0.082968235,-0.07946245,0.1230405,-0.217367,-0.06907236,0.06971604,-0.17753339,-0.084866315,0.025132835,-0.124376714,-0.07983521,0.0042583942,-0.093473256,-0.070745796
-0.061930478,-0.07636917,-0.027154932,-0.0577482,-0.19338566,-0.04801439,0.0071148276,-0.25315332,-0.06853386,0.076741695,-0.27711928,-0.085521154,-0.018150806,-0.3509816,-0.034567777,-0.06080669,-0.32691494,-0.07690713,-0.069077015,-0.22566074,-0.10693563,-0.063753545,-0.15434843,-0.12242038,0.04135728,-0.3308977,-0.04158619,-0.006013572,-0.2983265,-0.08383368,-0.025840163,-0.19923532,-0.09886896,-0.03408259,-0.12577933,-0.100088336,0.08918339,-0.2796614,-0.053261075,0.037363052,-0.23085123,-0.08739844,0.004671991,-0.14373982,-0.08578048,-0.010093927,-0.08651227,-0.07632682,0.12421852,-0.21413696,-0.0683662,0.06875229,-0.18242711,-0.085443795,0.02611816,-0.12879813,-0.0798234,0.00728482,-0.0956853,-0.07001858
-0.06455934,-0.07933438,-0.028476842,-0.053824663,-0.199431,-0.04998918,0.018246531,-0.25435284,-0.07069611,0.08817017,-0.2703414,-0.08870992,-0.012985587,-0.33410004,-0.040412553,-0.060486436,-0.32872796,-0.08834859,-0.07122517,-0.22549933,-0.12034078,-0.06404281,-0.1502037,-0.13555534,0.043769777,-0.30936682,-0.045951225,-0.0063821077,-0.29860115,-0.094062775,-0.029685915,-0.1907798,-0.106012486,-0.034451067,-0.11099255,-0.102404594,0.08766794,-0.25566044,-0.056748856,0.03558433,-0.21687365,-0.09062023,0.0042093396,-0.12450999,-0.08244326,-0.0051527023,-0.066853225,-0.06731604,0.11893523,-0.18940878,-0.07141071,0.065639436,-0.15929401,-0.083830096,0.030967891,-0.10449338,-0.072948776,0.02270794,-0.07730812,-0.059584524
-0.05592358,-0.065156996,-0.032687787,-0.051386297,-0.19316775,-0.054966077,0.016421914,-0.26023105,-0.07547697,0.08181673,-0.2952065,-0.09157613,-0.027451038,-0.3072082,-0.035071436,-0.06395948,-0.33129206,-0.08695846,-0.07426959,-0.23455715,-0.12065443,-0.069161534,-0.16419274,-0.13731508,0.029780865,-0.29739016,-0.039076097,-0.012465775,-0.33534336,-0.094648205,-0.033076286,-0.22638339,-0.1088806,-0.034942567,-0.14887089,-0.1046763,0.07853216,-0.2593475,-0.048972867,0.037736475,-0.24200141,-0.08901004,0.0077391863,-0.1332466,-0.073119774,-0.0038298368,-0.070489526,-0.050919183,0.1151188,-0.20815164,-0.06318086,0.071706,-0.18436337,-0.08040345,0.05194366,-0.12105429,-0.06336672,0.054180503,-0.096004665,-0.04459304
-0.05592358,-0.065156996,-0.032687787,-0.051386297,-0.19316775,-0.054966077,0.016421914,-0.26023105,-0.07547697,0.08181673,-0.2952065,-0.09157613,-0.027451038,-0.3072082,-0.035071436,-0.06395948,-0.33129206,-0.08695846,-0.07426959,-0.23455715,-0.12065443,-0.069161534,-0.16419274,-0.13731508,0.029780865,-0.29739016,-0.039076097,-0.012465775,-0.33534336,-0.094648205,-0.033076286,-0.22638339,-0.1088806,-0.034942567,-0.14887089,-0.1046763,0.07853216,-0.2593475,-0.048972867,0.037736475,-0.24200141,-0.08901004,0.0077391863,-0.1332466,-0.073119774,-0.0038298368,-0.070489526,-0.050919183,0.1151188,-0.20815164,-0.06318086,0.071706,-0.18436337,-0.08040345,0.05194366,-0.12105429,-0.06336672,0.054180503,-0.096004665,-0.04459304
-0.059179068,-0.06697947,-0.018444529,-0.060019195,-0.20767373,-0.031844873,0.000936687,-0.28548834,-0.04676958,0.06035614,-0.32887068,-0.059390455,-0.0494048,-0.29375678,-0.020792568,-0.07651329,-0.34664148,-0.06665139,-0.08367169,-0.25455812,-0.094592325,-0.079888225,-0.1822871,-0.10634736,0.0074801445,-0.29510766,-0.029453266,-0.030827582,-0.3585477,-0.08008855,-0.04935056,-0.25476545,-0.09451104,-0.051841736,-0.16710806,-0.08876159,0.057189167,-0.2726517,-0.04264924,0.011788785,-0.26445234,-0.08075948,-0.009963512,-0.1479637,-0.072928324,-0.018357158,-0.07341778,-0.05467903,0.09281063,-0.23692548,-0.058378804,0.042952597,-0.19896352,-0.07591444,0.031686664,-0.12731671,-0.06505882,0.036867976,-0.094258845,-0.05000442
-0.063766,-0.08075249,-0.010920204,-0.072143495,-0.21285063,-0.020919463,-0.022976637,-0.29513204,-0.035608478,0.03209126,-0.34401757,-0.048848733,-0.058354557,-0.27739406,0.0011568695,-0.08955675,-0.33956045,-0.040415287,-0.09189439,-0.26430568,-0.06768182,-0.08675802,-0.19503629,-0.07760137,-0.011664629,-0.282279,-0.009383239,-0.051590443,-0.36606777,-0.0551841,-0.06336641,-0.28404966,-0.07345119,-0.06457746,-0.20051378,-0.07027309,0.0352602,-0.27192467,-0.024458323,-0.0066789985,-0.29519284,-0.064110495,-0.018709421,-0.18802452,-0.062502936,-0.020650923,-0.10953921,-0.045951627,0.07774556,-0.24925172,-0.040810347,0.027777016,-0.25297034,-0.059011858,0.01812625,-0.17746061,-0.048360668,0.023910463,-0.12744278,-0.032188263
-0.06639665,-0.08062768,-0.014103466,-0.07299179,-0.20583957,-0.026068589,-0.019101083,-0.28591183,-0.042033035,0.03472072,-0.33728617,-0.056917567,-0.0666123,-0.25724593,-0.0031411217,-0.091762364,-0.32224,-0.04395571,-0.093269676,-0.25089943,-0.07053502,-0.08718437,-0.18475306,-0.0806187,-0.019560993,-0.26250836,-0.011907856,-0.05469525,-0.35362858,-0.058494497,-0.065252244,-0.2744286,-0.07802027,-0.06365526,-0.1911878,-0.07594606,0.028064609,-0.25567776,-0.024904149,-0.0057118535,-0.29675585,-0.065910496,-0.016973734,-0.1904068,-0.06529121,-0.017794669,-0.111141026,-0.04932494,0.07214481,-0.23823851,-0.039127596,0.024891853,-0.24810469,-0.059244044,0.01541549,-0.1743223,-0.049784917,0.022462308,-0.124379575,-0.034331817
-0.06964797,-0.067219734,-0.0015081996,-0.08227712,-0.16242957,-0.00515355,-0.04292053,-0.23663914,-0.016536342,-0.003342688,-0.28965503,-0.02787199,-0.082185805,-0.20737013,0.029216137,-0.10018334,-0.2651863,0.0010125746,-0.099757135,-0.22308853,-0.021329552,-0.09519985,-0.16768771,-0.029669747,-0.045035362,-0.2169781,0.017053505,-0.07167947,-0.28930134,-0.014099067,-0.071557224,-0.23513034,-0.03440703,-0.0648877,-0.16586733,-0.03704807,-0.0027734637,-0.21725792,0.00045811647,-0.026147962,-0.2640228,-0.032569293,-0.02698654,-0.18275416,-0.03862404,-0.023514748,-0.11000711,-0.029732466,0.041963518,-0.21008867,-0.016181469,0.0056069493,-0.24362302,-0.03323604,-0.003031969,-0.18494523,-0.02665038,-0.0020350814,-0.1307078,-0.014592654
-0.06301099,-0.059379756,0.003976844,-0.07596499,-0.14128792,0.006329614,-0.04900855,-0.21347415,-0.0008943249,-0.019806087,-0.26432934,-0.008348225,-0.08209914,-0.18300462,0.044858705,-0.09988624,-0.24680552,0.024373619,-0.09919539,-0.2120207,0.0052031744,-0.09329286,-0.16203511,-0.0017864399,-0.05601877,-0.19313383,0.03274162,-0.07431972,-0.2654133,0.0061352677,-0.06977004,-0.21365526,-0.015141156,-0.060391963,-0.1463325,-0.018882671,-0.023731828,-0.19631618,0.016424848,-0.04377711,-0.25834835,-0.013647933,-0.039527237,-0.1857217,-0.022907715,-0.03063482,-0.11213368,-0.016152564,0.011341512,-0.19394499,0.0006909982,-0.018986046,-0.24495745,-0.015639829,-0.023052752,-0.19801247,-0.011689069,-0.017415464,-0.14414471,-0.0012446531
-0.01962322,-0.070224226,0.006575297,-0.022607803,-0.14955854,0.012187624,-0.012120843,-0.21386564,0.0081763705,0.00089490414,-0.25957432,0.0040802783,-0.04731518,-0.18826896,0.048047688,-0.06845987,-0.24866825,0.030952819,-0.07329613,-0.21192205,0.014342042,-0.07123625,-0.16371298,0.008527364,-0.05204594,-0.186355,0.036390346,-0.06677401,-0.25603688,0.011644529,-0.061828196,-0.20070001,-0.0069828588,-0.051139593,-0.13662797,-0.008957176,-0.050254703,-0.18008214,0.020881938,-0.06304741,-0.24643412,-0.0076778536,-0.05320704,-0.17901903,-0.015029933,-0.039971113,-0.11233252,-0.0071815266,-0.045371115,-0.16913354,0.006179736,-0.06428748,-0.2249187,-0.009769231,-0.05880922,-0.18418926,-0.0058129486,-0.047434926,-0.13855916,0.004645698
-0.059054136,-0.061953247,0.0066952063,-0.07074922,-0.14470196,0.010431297,-0.0453282,-0.21539387,0.0039266567,-0.017553627,-0.26638064,-0.0026507578,-0.075342655,-0.18721783,0.04775422,-0.090070695,-0.25306547,0.027858695,-0.091742456,-0.21734703,0.009507063,-0.08839667,-0.16695857,0.0029877163,-0.05073136,-0.19413716,0.034040805,-0.0655548,-0.26639873,0.0074878507,-0.0623312,-0.20965621,-0.012340251,-0.054528058,-0.1414882,-0.014960004,-0.020678759,-0.19468272,0.016082253,-0.040103078,-0.2576392,-0.0134309335,-0.038494885,-0.18482745,-0.02049358,-0.03159356,-0.11320478,-0.012368438,0.011964738,-0.19059956,-0.0011972557,-0.016716182,-0.2476789,-0.015322267,-0.02336806,-0.20228428,-0.00906751,-0.020574689,-0.15051359,0.0024474047
-0.069892466,-0.06277734,0.0030581446,-0.083152115,-0.14656836,0.0034877404,-0.050723553,-0.21802032,-0.0055773524,-0.014130652,-0.26805505,-0.014926514,-0.0793795,-0.18973273,0.041094147,-0.09579611,-0.25073385,0.017076902,-0.09718287,-0.21385208,-0.0037109412,-0.092960745,-0.1622811,-0.011404816,-0.044894397,-0.20040452,0.028205112,-0.06472802,-0.27149624,-0.0003117158,-0.06490731,-0.2170178,-0.020988751,-0.057340622,-0.14853466,-0.024042722,-0.0054329634,-0.20196992,0.010782973,-0.028760493,-0.25786486,-0.020210028,-0.030679941,-0.18253559,-0.027901867,-0.02420026,-0.109609365,-0.019971564,0.037027955,-0.19734192,-0.006327914,0.0031740665,-0.24352038,-0.02203132,-0.007993579,-0.19582659,-0.017046507,-0.006857574,-0.14348751,-0.006047549
-0.067346275,-0.062102616,-0.0070986887,-0.07786834,-0.16653764,-0.0136624575,-0.033019483,-0.24351278,-0.026093822,0.009471834,-0.30050355,-0.03834244,-0.07521075,-0.21517041,0.018363506,-0.09738612,-0.2703871,-0.012180377,-0.099556476,-0.21651933,-0.035699435,-0.095463485,-0.15629369,-0.04502428,-0.037616134,-0.22194609,0.008282095,-0.0700506,-0.2952177,-0.024157654,-0.07451415,-0.23609492,-0.044560872,-0.06973225,-0.16655022,-0.047828935,0.0047314763,-0.22056028,-0.006175467,-0.02140534,-0.26793647,-0.04114074,-0.02537328,-0.17865932,-0.045932576,-0.022816837,-0.103322685,-0.036399502,0.049250185,-0.21241531,-0.02095867,0.0068419576,-0.24030188,-0.04068663,-0.00067424774,-0.17285275,-0.03358126,0.0043358207,-0.11700386,-0.021002185
-0.064667225,-0.06499809,-0.009610793,-0.0733819,-0.17166084,-0.018847726,-0.027763128,-0.25074047,-0.03312896,0.014505029,-0.30931544,-0.047045864,-0.06952512,-0.22116396,0.010014188,-0.09151554,-0.28284362,-0.023097536,-0.09626296,-0.2244192,-0.047537357,-0.092604786,-0.16251045,-0.05745999,-0.029750109,-0.22600919,0.00041723886,-0.062352896,-0.30792543,-0.03622762,-0.0716393,-0.24707934,-0.057613004,-0.06927025,-0.17452604,-0.06069669,0.013633788,-0.22476652,-0.013217836,-0.016076744,-0.27790505,-0.050155416,-0.02177006,-0.18461967,-0.05356144,-0.018766284,-0.10574788,-0.042692233,0.05917579,-0.2171354,-0.027358346,0.013284683,-0.24476421,-0.048783205,0.006241441,-0.17375219,-0.04109446,0.013764858,-0.11633146,-0.027713083
-0.06268722,-0.06813502,-0.012100818,-0.07085979,-0.1869899,-0.022729624,-0.023752213,-0.26997805,-0.03758033,0.023396969,-0.32714367,-0.051367667,-0.066809654,-0.24142846,-0.0010792447,-0.09117696,-0.304616,-0.04053933,-0.093998075,-0.23505971,-0.06568308,-0.09024736,-0.17046678,-0.074847296,-0.022827744,-0.24747196,-0.010671769,-0.058051348,-0.33540705,-0.05426405,-0.06791538,-0.25783002,-0.07120636,-0.06606728,-0.17855424,-0.06832528,0.023068905,-0.24190205,-0.024582423,-0.010404348,-0.2868985,-0.06370823,-0.019003868,-0.18351084,-0.06059294,-0.01888001,-0.10797316,-0.043991916,0.068471074,-0.22593665,-0.039587047,0.025677562,-0.24467689,-0.059046283,0.015774667,-0.17203379,-0.0480499,0.019281864,-0.122385025,-0.03205085
-0.06535131,-0.0778203,-0.012701026,-0.07392293,-0.20666802,-0.023812491,-0.025731444,-0.2898161,-0.039243143,0.027869105,-0.34038067,-0.0530775,-0.06170118,-0.26728067,-0.003956489,-0.09257883,-0.33197078,-0.04687533,-0.09529182,-0.25590354,-0.07359116,-0.0903022,-0.18636388,-0.082774065,-0.015277684,-0.27375343,-0.013855327,-0.05414307,-0.36018705,-0.060761094,-0.06617546,-0.27815065,-0.07806209,-0.06782663,-0.19495761,-0.07394968,0.031648695,-0.264767,-0.02820047,-0.010217965,-0.28826305,-0.06837981,-0.020212531,-0.18154109,-0.06549677,-0.020407438,-0.10587275,-0.047975853,0.07419324,-0.24343723,-0.043948866,0.02440846,-0.24824694,-0.061857168,0.01742506,-0.17635846,-0.050396748,0.02581501,-0.13006604,-0.03363827
-0.06570065,-0.07130772,-0.013897585,-0.07843387,-0.20104194,-0.02388916,-0.030352056,-0.2850961,-0.037968997,0.024706483,-0.33293355,-0.05015713,-0.06505096,-0.26304552,-0.0030632368,-0.09653872,-0.32530904,-0.04622587,-0.09833437,-0.24719799,-0.073097534,-0.09111273,-0.17745781,-0.08272267,-0.017994642,-0.2716601,-0.012756661,-0.05664599,-0.35984993,-0.0601396,-0.0693149,-0.27948046,-0.07733837,-0.07055789,-0.19778651,-0.07311562,0.029758036,-0.2627613,-0.027344048,-0.009996176,-0.28060833,-0.06795142,-0.021698952,-0.17380667,-0.06495784,-0.023186207,-0.0996418,-0.047551572,0.07321066,-0.24094188,-0.043640863,0.024557471,-0.2418977,-0.061865497,0.016132355,-0.16868275,-0.050654367,0.023571908,-0.12288642,-0.03440281
-0.06434524,-0.070355356,-0.018398082,-0.07524353,-0.20735806,-0.032150343,-0.0232566,-0.29060093,-0.048366025,0.034976542,-0.3378279,-0.061587512,-0.061906636,-0.28555164,-0.015409902,-0.09729236,-0.33920217,-0.061039705,-0.09883052,-0.2495769,-0.08820947,-0.09046978,-0.17735332,-0.098305404,-0.010151267,-0.29078496,-0.02378647,-0.0522092,-0.36523366,-0.074454464,-0.06581384,-0.27355516,-0.08944698,-0.06778264,-0.19004846,-0.083468996,0.03928137,-0.27566758,-0.036928564,-0.006802678,-0.27556613,-0.077462636,-0.020853162,-0.1650787,-0.070458785,-0.023666441,-0.093434215,-0.0508633,0.0823195,-0.24801344,-0.05238678,0.034051657,-0.23463178,-0.068618126,0.022048771,-0.16179913,-0.054949936,0.025277019,-0.12051517,-0.037372813
-0.06434524,-0.070355356,-0.018398082,-0.07524353,-0.20735806,-0.032150343,-0.0232566,-0.29060093,-0.048366025,0.034976542,-0.3378279,-0.061587512,-0.061906636,-0.28555164,-0.015409902,-0.09729236,-0.33920217,-0.061039705,-0.09883052,-0.2495769,-0.08820947,-0.09046978,-0.17735332,-0.098305404,-0.010151267,-0.29078496,-0.02378647,-0.0522092,-0.36523366,-0.074454464,-0.06581384,-0.27355516,-0.08944698,-0.06778264,-0.19004846,-0.083468996,0.03928137,-0.27566758,-0.036928564,-0.006802678,-0.27556613,-0.077462636,-0.020853162,-0.1650787,-0.070458785,-0.023666441,-0.093434215,-0.0508633,0.0823195,-0.24801344,-0.05238678,0.034051657,-0.23463178,-0.068618126,0.022048771,-0.16179913,-0.054949936,0.025277019,-0.12051517,-0.037372813
-0.06279212,-0.07238716,-0.020028971,-0.07091451,-0.2066617,-0.036028653,-0.015422344,-0.28511629,-0.053892024,0.04669559,-0.32839668,-0.0688414,-0.057212055,-0.29455277,-0.021028524,-0.08876169,-0.3441691,-0.06777808,-0.092855364,-0.2534338,-0.09693602,-0.08795357,-0.18606311,-0.10961765,-0.002636373,-0.29800716,-0.029545778,-0.041281164,-0.3604709,-0.08153802,-0.057201803,-0.26410013,-0.09817225,-0.060165465,-0.1814698,-0.09426807,0.046987534,-0.2787838,-0.042610012,0.004039705,-0.26890567,-0.08287892,-0.015494764,-0.15568465,-0.07642786,-0.02314651,-0.08106589,-0.058312006,0.08613819,-0.24553013,-0.058340374,0.0382272,-0.21587455,-0.07649024,0.02429676,-0.14396632,-0.06506893,0.026235819,-0.105249405,-0.04935461
-0.060072005,-0.06311685,-0.023037443,-0.064211726,-0.19534111,-0.03958321,-0.005243957,-0.27092928,-0.056801416,0.053792894,-0.31316546,-0.07064006,-0.04999274,-0.29459247,-0.0230109,-0.08066124,-0.3357529,-0.07158876,-0.08837491,-0.24756536,-0.10220063,-0.08281642,-0.18079174,-0.11625053,0.006901741,-0.29552293,-0.030250698,-0.03181666,-0.3425805,-0.08339348,-0.049286425,-0.24078476,-0.09845149,-0.049262166,-0.1603862,-0.093679704,0.05717194,-0.27075973,-0.042816542,0.012037933,-0.25038487,-0.08145148,-0.009824276,-0.14053464,-0.07100047,-0.016345918,-0.07324731,-0.051759776,0.094700515,-0.23120886,-0.058799032,0.044705987,-0.19180435,-0.07668075,0.03174466,-0.124636054,-0.06467366,0.03716719,-0.0957672,-0.04896639
-0.057994008,-0.063770235,-0.02573319,-0.06009358,-0.1936776,-0.043880384,-0.0001436472,-0.26690793,-0.06185384,0.05972296,-0.3090239,-0.075959586,-0.041437507,-0.299295,-0.025680197,-0.076345265,-0.33201662,-0.07376315,-0.082546115,-0.24220681,-0.104980275,-0.0764218,-0.1737408,-0.11935452,0.013802588,-0.29628736,-0.03209475,-0.02539885,-0.3393405,-0.08265191,-0.041988194,-0.23923549,-0.09677223,-0.04468602,-0.15966874,-0.09238735,0.06305325,-0.2684034,-0.043998227,0.022146285,-0.24593818,-0.080958895,-0.0024524927,-0.13784635,-0.069101565,-0.013592303,-0.071885645,-0.04946609,0.102012396,-0.22538188,-0.059677962,0.05747634,-0.1942907,-0.075003505,0.03857988,-0.12510991,-0.059994236,0.03682667,-0.0920462,-0.04261558
-0.063211024,-0.068926275,-0.030344533,-0.057682693,-0.19989347,-0.05182492,0.014663875,-0.26407817,-0.072127074,0.08355576,-0.2904094,-0.08961655,-0.033881485,-0.3044726,-0.0379413,-0.07245952,-0.3214049,-0.08913772,-0.08244395,-0.22842854,-0.123015225,-0.074576735,-0.15797943,-0.1399056,0.023884773,-0.2949099,-0.043535028,-0.015203476,-0.32694733,-0.09876885,-0.03787476,-0.22274023,-0.11540484,-0.03993416,-0.14504611,-0.1131278,0.07288706,-0.25879878,-0.0543702,0.03175956,-0.23118752,-0.09504552,-0.0017855763,-0.12636024,-0.084994584,-0.014098585,-0.06558365,-0.066619314,0.10728294,-0.2099973,-0.06902881,0.06232685,-0.17841893,-0.08520403,0.038298786,-0.1125378,-0.07035442,0.038049817,-0.085434735,-0.053674456
-0.063211024,-0.068926275,-0.030344533,-0.057682693,-0.19989347,-0.05182492,0.014663875,-0.26407817,-0.072127074,0.08355576,-0.2904094,-0.08961655,-0.033881485,-0.3044726,-0.0379413,-0.07245952,-0.3214049,-0.08913772,-0.08244395,-0.22842854,-0.123015225,-0.074576735,-0.15797943,-0.1399056,0.023884773,-0.2949099,-0.043535028,-0.015203476,-0.32694733,-0.09876885,-0.03787476,-0.22274023,-0.11540484,-0.03993416,-0.14504611,-0.1131278,0.07288706,-0.25879878,-0.0543702,0.03175956,-0.23118752,-0.09504552,-0.0017855763,-0.12636024,-0.084994584,-0.014098585,-0.06558365,-0.066619314,0.10728294,-0.2099973,-0.06902881,0.06232685,-0.17841893,-0.08520403,0.038298786,-0.1125378,-0.07035442,0.038049817,-0.085434735,-0.053674456
-0.060565174,-0.07254541,-0.028709654,-0.048172653,-0.19883025,-0.04935654,0.028288186,-0.25541654,-0.06862614,0.09746379,-0.27714214,-0.08549245,-0.014926136,-0.31547767,-0.03669074,-0.054398954,-0.32578832,-0.08301699,-0.067160845,-0.23001951,-0.11439191,-0.06278473,-0.15387434,-0.129436,0.042983413,-0.29679704,-0.04161413,0.0036756992,-0.31127566,-0.09141638,-0.02470088,-0.20711374,-0.106526434,-0.035448074,-0.1254549,-0.103770524,0.08917791,-0.25270826,-0.051340107,0.045681894,-0.22270852,-0.087653644,0.009539843,-0.12644988,-0.08013986,-0.006973505,-0.06643486,-0.06414589,0.12103444,-0.19810551,-0.06447007,0.068219185,-0.16566545,-0.07688286,0.03793764,-0.101633966,-0.06295711,0.032244682,-0.0706203,-0.047254413
-0.058623433,-0.07383323,-0.029394427,-0.047099233,-0.20319468,-0.049242496,0.029149652,-0.260738,-0.06769101,0.10187638,-0.27789375,-0.083508626,-0.014152288,-0.3189946,-0.036374964,-0.047851026,-0.32795775,-0.082758226,-0.06072396,-0.23345214,-0.11484546,-0.056969285,-0.1623205,-0.13124306,0.04243034,-0.29856735,-0.041465174,0.006154418,-0.31042472,-0.091398485,-0.021928906,-0.21144503,-0.10780521,-0.03240198,-0.13374847,-0.10665292,0.088195145,-0.2548069,-0.051535524,0.04750234,-0.22092885,-0.08800641,0.008672595,-0.1265195,-0.08153082,-0.011104941,-0.066329956,-0.06685411,0.12003994,-0.20046365,-0.065356255,0.06860924,-0.16364044,-0.078699864,0.03608042,-0.09934205,-0.06623675,0.027844667,-0.06642562,-0.05184114
-0.05458218,-0.07229662,-0.028882429,-0.04277593,-0.199179,-0.048412453,0.028820217,-0.2619576,-0.06682718,0.09825456,-0.28409678,-0.08231799,-0.009981811,-0.31759855,-0.036523182,-0.04460764,-0.3282176,-0.08296986,-0.05622816,-0.23097324,-0.113589086,-0.053064108,-0.15798599,-0.12811367,0.04525453,-0.29623652,-0.041421376,0.0064975023,-0.3108281,-0.09129746,-0.019157946,-0.21084082,-0.10575824,-0.029404283,-0.13156867,-0.10264033,0.089692295,-0.2523365,-0.051391717,0.045532107,-0.21739143,-0.08874789,0.010316968,-0.12272918,-0.08187134,-0.008750975,-0.061520457,-0.06614573,0.12126011,-0.19784814,-0.064917386,0.07116866,-0.16155833,-0.078554824,0.038819194,-0.09738481,-0.06606708,0.02753371,-0.062996805,-0.051232867
-0.058508396,-0.06961626,-0.027144952,-0.053550124,-0.19903278,-0.046475172,0.014633179,-0.26277512,-0.06497892,0.08009893,-0.28993806,-0.07976079,-0.026825845,-0.29942128,-0.03309226,-0.0634647,-0.33235323,-0.07947943,-0.07343513,-0.23972386,-0.108444154,-0.06710273,-0.1728136,-0.122847825,0.030017614,-0.28854465,-0.03907038,-0.009806991,-0.33335507,-0.09037122,-0.0314008,-0.22813666,-0.10347975,-0.035459995,-0.15023112,-0.09926196,0.07782376,-0.25264075,-0.049956482,0.03232211,-0.23480791,-0.08678972,0.0011614561,-0.13215768,-0.07429777,-0.011785209,-0.072713256,-0.05544474,0.11160815,-0.20442587,-0.06446882,0.06303418,-0.17848134,-0.07965046,0.04406935,-0.116273046,-0.06501139,0.04705137,-0.090774834,-0.049059935
-0.058508396,-0.06961626,-0.027144952,-0.053550124,-0.19903278,-0.046475172,0.014633179,-0.26277512,-0.06497892,0.08009893,-0.28993806,-0.07976079,-0.026825845,-0.29942128,-0.03309226,-0.0634647,-0.33235323,-0.07947943,-0.07343513,-0.23972386,-0.108444154,-0.06710273,-0.1728136,-0.122847825,0.030017614,-0.28854465,-0.03907038,-0.009806991,-0.33335507,-0.09037122,-0.0314008,-0.22813666,-0.10347975,-0.035459995,-0.15023112,-0.09926196,0.07782376,-0.25264075,-0.049956482,0.03232211,-0.23480791,-0.08678972,0.0011614561,-0.13215768,-0.07429777,-0.011785209,-0.072713256,-0.05544474,0.11160815,-0.20442587,-0.06446882,0.06303418,-0.17848134,-0.07965046,0.04406935,-0.116273046,-0.06501139,0.04705137,-0.090774834,-0.049059935
-0.056242228,-0.06726217,-0.019777251,-0.055861652,-0.20488286,-0.03504721,0.007227063,-0.27764696,-0.051803194,0.06558144,-0.31659248,-0.066351555,-0.047539413,-0.29202613,-0.023599809,-0.07420683,-0.3385338,-0.06898342,-0.08152199,-0.24635506,-0.09735531,-0.077382505,-0.1765244,-0.11035611,0.00859344,-0.29290667,-0.032534637,-0.027801037,-0.35400394,-0.0837072,-0.046557546,-0.25244743,-0.09980401,-0.047925472,-0.17021406,-0.09605351,0.05888182,-0.26776502,-0.045628823,0.018408895,-0.26459196,-0.08338981,-0.0049687624,-0.14951038,-0.07471767,-0.012874067,-0.07806873,-0.056767836,0.09654117,-0.22928429,-0.06135553,0.048180282,-0.19753206,-0.07838891,0.033008456,-0.1260882,-0.06606877,0.037754416,-0.09471667,-0.050668694
-0.06616145,-0.0767346,-0.0155508695,-0.07529557,-0.21311682,-0.027718581,-0.024242163,-0.29578438,-0.04331431,0.030866623,-0.34524083,-0.056308478,-0.057109594,-0.28974864,-0.006499338,-0.09200382,-0.3479128,-0.051150862,-0.09478396,-0.261479,-0.07979678,-0.08801633,-0.18670863,-0.09061171,-0.0064514875,-0.29389206,-0.015997797,-0.04963708,-0.3689822,-0.06486437,-0.06368518,-0.28031832,-0.08260186,-0.06633824,-0.19463235,-0.078686126,0.041179657,-0.2800528,-0.030465975,-0.007430494,-0.28106382,-0.07088951,-0.020639718,-0.17128712,-0.06715034,-0.022457123,-0.09645921,-0.04951938,0.08100349,-0.2535215,-0.04697913,0.027450144,-0.23989776,-0.064639136,0.018134356,-0.16354829,-0.052690644,0.024695396,-0.11812323,-0.03584657
-0.06566465,-0.08173776,-0.0138277905,-0.07490224,-0.2196818,-0.024697365,-0.02423197,-0.3036914,-0.039311323,0.03271079,-0.352153,-0.05153774,-0.060073495,-0.28930503,-0.002598417,-0.091477126,-0.35025537,-0.044944543,-0.09427771,-0.26876003,-0.07202939,-0.088577956,-0.19996691,-0.08221603,-0.01028806,-0.29457867,-0.01244908,-0.04873091,-0.37368423,-0.058818426,-0.06267327,-0.28705087,-0.07544661,-0.06529778,-0.2034725,-0.071264945,0.037225842,-0.28265953,-0.027335363,-0.005529225,-0.29546276,-0.06609862,-0.019266784,-0.1875174,-0.062813506,-0.021697998,-0.11192286,-0.045779858,0.077991724,-0.25710192,-0.044083368,0.027567029,-0.25254372,-0.060440972,0.017554939,-0.17674392,-0.04901078,0.023830056,-0.12982684,-0.033002224
-0.061391532,-0.07532728,-0.014342442,-0.06903505,-0.20924813,-0.025824986,-0.018618822,-0.2913427,-0.040695336,0.03475398,-0.34292015,-0.05357331,-0.057704806,-0.2703659,-0.0058798124,-0.08628249,-0.33368877,-0.04804807,-0.09043646,-0.25508767,-0.074057095,-0.08630955,-0.18715459,-0.08343348,-0.010524511,-0.27552173,-0.015157409,-0.048077047,-0.36184418,-0.061288383,-0.06174749,-0.27813116,-0.07738663,-0.06275469,-0.1965214,-0.072923616,0.035624743,-0.26600492,-0.029060207,-0.005416155,-0.29450938,-0.06892958,-0.015770972,-0.18628353,-0.06508021,-0.015239358,-0.11107862,-0.047489833,0.07764256,-0.24472052,-0.044487685,0.029076993,-0.24822876,-0.06335531,0.020985901,-0.17277533,-0.052315265,0.028487563,-0.12638128,-0.036214847
-0.061391532,-0.07532728,-0.014342442,-0.06903505,-0.20924813,-0.025824986,-0.018618822,-0.2913427,-0.040695336,0.03475398,-0.34292015,-0.05357331,-0.057704806,-0.2703659,-0.0058798124,-0.08628249,-0.33368877,-0.04804807,-0.09043646,-0.25508767,-0.074057095,-0.08630955,-0.18715459,-0.08343348,-0.010524511,-0.27552173,-0.015157409,-0.048077047,-0.36184418,-0.061288383,-0.06174749,-0.27813116,-0.07738663,-0.06275469,-0.1965214,-0.072923616,0.035624743,-0.26600492,-0.029060207,-0.005416155,-0.29450938,-0.06892958,-0.015770972,-0.18628353,-0.06508021,-0.015239358,-0.11107862,-0.047489833,0.07764256,-0.24472052,-0.044487685,0.029076993,-0.24822876,-0.06335531,0.020985901,-0.17277533,-0.052315265,0.028487563,-0.12638128,-0.036214847
-0.06250745,-0.07475877,-0.014554883,-0.070046544,-0.21148115,-0.025657803,-0.021262884,-0.2949333,-0.040285524,0.031655133,-0.34524065,-0.052373014,-0.053848505,-0.2780737,-0.0068757744,-0.08644396,-0.34322205,-0.04918766,-0.0911738,-0.25888622,-0.07470176,-0.08530086,-0.18567431,-0.08335144,-0.0053769946,-0.2801964,-0.016291467,-0.04402876,-0.3656425,-0.06333113,-0.059555173,-0.28011346,-0.07911949,-0.063170016,-0.1958726,-0.07381846,0.041549742,-0.26654735,-0.030297479,-0.003792286,-0.28075388,-0.06979279,-0.017765284,-0.17251492,-0.065063804,-0.019318819,-0.09780538,-0.046587065,0.083168924,-0.24237502,-0.04598934,0.031553924,-0.2439507,-0.062698714,0.021820664,-0.17015105,-0.049733244,0.028890371,-0.12414974,-0.03227243
-0.056667566,-0.06731826,-0.022574177,-0.05767709,-0.20297039,-0.038112745,0.0023590922,-0.27803606,-0.054108888,0.06536436,-0.31658277,-0.067224815,-0.041366696,-0.29281643,-0.025257122,-0.068270326,-0.3388434,-0.07005573,-0.07657039,-0.24710229,-0.09740418,-0.07419455,-0.17612743,-0.10919363,0.0137088895,-0.29008174,-0.03194266,-0.021069348,-0.3503839,-0.082645,-0.041216552,-0.25294274,-0.09692946,-0.047463417,-0.17027968,-0.09149909,0.061757624,-0.26565236,-0.04314906,0.019041598,-0.25995135,-0.08210491,-0.005448401,-0.14955854,-0.073847204,-0.016393363,-0.07839769,-0.055252094,0.09731734,-0.2293235,-0.057048026,0.049156606,-0.19923604,-0.074434765,0.035828173,-0.13011956,-0.062238235,0.03951025,-0.097537994,-0.046367534
-0.053852856,-0.070762634,-0.021795731,-0.051178694,-0.20611072,-0.037028655,0.009129465,-0.27985805,-0.05289228,0.07176006,-0.3212766,-0.06516403,-0.035592854,-0.2982083,-0.021609254,-0.0643757,-0.344069,-0.065981135,-0.071487844,-0.25367856,-0.09319346,-0.06786591,-0.18338233,-0.10463605,0.019477844,-0.2942931,-0.028593779,-0.013697326,-0.34705937,-0.076841526,-0.03279382,-0.2482763,-0.08934898,-0.039520085,-0.16732031,-0.083524115,0.06732303,-0.26819885,-0.04074399,0.026688278,-0.2532681,-0.07709687,-0.0005623102,-0.14847338,-0.06818668,-0.014334619,-0.0825187,-0.05011828,0.10374582,-0.22920531,-0.055959087,0.06108725,-0.20118564,-0.0701658,0.04165584,-0.13292396,-0.057393122,0.03808433,-0.09861171,-0.04192877
-0.056836188,-0.068680465,-0.031061722,-0.047526956,-0.20190763,-0.050624095,0.02575916,-0.26336223,-0.06847247,0.094398856,-0.2894701,-0.082658835,-0.027417958,-0.30134952,-0.033861868,-0.056144,-0.33242363,-0.0827265,-0.066577315,-0.2411575,-0.114939764,-0.06341201,-0.16894633,-0.13070081,0.030762732,-0.29067835,-0.037608627,-0.0001527667,-0.333099,-0.092077896,-0.024660528,-0.23181129,-0.10810777,-0.032540023,-0.15075499,-0.10469486,0.079464436,-0.25451773,-0.046829205,0.043868423,-0.234981,-0.08674053,0.008250952,-0.13076836,-0.07664149,-0.010070741,-0.06754875,-0.057896115,0.113343775,-0.20743579,-0.06004105,0.07197136,-0.17668527,-0.07755879,0.046883106,-0.11185235,-0.06415584,0.041972876,-0.084207535,-0.047971994
-0.058552682,-0.073236406,-0.030579485,-0.04936564,-0.20695293,-0.050321456,0.022500038,-0.26926124,-0.069077216,0.09250331,-0.29482508,-0.08414704,-0.019159079,-0.30819112,-0.032398358,-0.054594815,-0.34190238,-0.08344552,-0.06549728,-0.25237477,-0.11666107,-0.06114489,-0.18180007,-0.13244162,0.03846711,-0.29373863,-0.037625406,0.0044392347,-0.33707199,-0.09238459,-0.021720886,-0.23765415,-0.108241096,-0.03169501,-0.16124737,-0.10491411,0.08514619,-0.25560352,-0.048902366,0.042292,-0.2371813,-0.09135147,0.004055083,-0.13539863,-0.08220618,-0.014591455,-0.07563019,-0.06359313,0.11654431,-0.20553237,-0.06401421,0.06949031,-0.18164825,-0.08285959,0.0396291,-0.11569595,-0.06924214,0.03212756,-0.08462894,-0.052599423
-0.055770636,-0.074112415,-0.029692687,-0.041372657,-0.20703971,-0.049045414,0.032407463,-0.26806283,-0.066935875,0.10153741,-0.29234,-0.081633404,-0.014736295,-0.31000933,-0.034181986,-0.04884875,-0.33477455,-0.08298862,-0.062925875,-0.24448255,-0.115665324,-0.06085509,-0.17403978,-0.13195036,0.0429489,-0.2947497,-0.03909733,0.0062595606,-0.32979548,-0.092212416,-0.021155834,-0.23199469,-0.10957532,-0.030976653,-0.15499455,-0.10796975,0.08925921,-0.2545925,-0.049071983,0.04205376,-0.22720224,-0.08799713,0.0053561926,-0.13008213,-0.07930516,-0.012718856,-0.07235068,-0.06228905,0.11829239,-0.204,-0.062895134,0.06716609,-0.16778952,-0.0786159,0.04302621,-0.106571615,-0.06512519,0.040305793,-0.08052993,-0.049420718
-0.059871614,-0.082325935,-0.02730016,-0.04171872,-0.21298295,-0.04593483,0.03773576,-0.26568854,-0.063386396,0.11110765,-0.28123304,-0.07837244,-0.0057373047,-0.31136653,-0.036514644,-0.042990446,-0.33422422,-0.08067566,-0.05923283,-0.24211475,-0.11033194,-0.05730635,-0.16890734,-0.12505004,0.04862559,-0.28959352,-0.042088393,0.007790029,-0.31908098,-0.08921289,-0.021463692,-0.22319686,-0.10352774,-0.032126784,-0.14277786,-0.10154903,0.091636,-0.24602038,-0.052283112,0.04599935,-0.22208011,-0.08662854,0.0063170195,-0.1311971,-0.07973225,-0.012636602,-0.07027978,-0.06539117,0.1192472,-0.19289994,-0.06608674,0.06479174,-0.16384071,-0.07876811,0.03194058,-0.10137445,-0.06673931,0.024081111,-0.06607592,-0.053171862
-0.059353173,-0.0824762,-0.026863856,-0.04429072,-0.21014231,-0.045803346,0.030983806,-0.2604722,-0.064150296,0.10186988,-0.27553695,-0.079801805,-0.0041580796,-0.3174741,-0.03241802,-0.04106468,-0.33484554,-0.07875046,-0.059430838,-0.24423262,-0.11067936,-0.05995226,-0.17007601,-0.12618263,0.051286757,-0.2952399,-0.03955424,0.011793017,-0.31755716,-0.0882854,-0.019578636,-0.22089988,-0.10434258,-0.0331859,-0.13990021,-0.10255666,0.09517008,-0.24958038,-0.05183764,0.049907327,-0.22030401,-0.08834087,0.008803427,-0.12897635,-0.08310824,-0.010859907,-0.06925857,-0.06880796,0.12315869,-0.19209462,-0.06766524,0.06739575,-0.16191733,-0.08141736,0.031967103,-0.099586606,-0.069593154,0.023034275,-0.06418759,-0.05538128
-0.06210339,-0.07979894,-0.028111912,-0.047507405,-0.20175517,-0.04840202,0.028326452,-0.24921066,-0.06770222,0.09846485,-0.26445842,-0.08480634,-0.006326556,-0.32496703,-0.035705596,-0.04625243,-0.32787427,-0.081234336,-0.061667144,-0.23207992,-0.113595806,-0.060758352,-0.15734786,-0.12981571,0.05037999,-0.30162552,-0.042101573,0.007338822,-0.30373037,-0.089504465,-0.02267927,-0.20435083,-0.10616784,-0.03618288,-0.1225642,-0.10593052,0.09453529,-0.25383624,-0.05346059,0.048051417,-0.22424936,-0.08920903,0.010138333,-0.13524371,-0.08599125,-0.0060790777,-0.07487059,-0.074040435,0.12310237,-0.19533241,-0.068409234,0.063128054,-0.16227454,-0.08375801,0.026276886,-0.101631165,-0.0749474,0.018113494,-0.06626648,-0.06294422
-0.060132205,-0.076590955,-0.026524602,-0.044037282,-0.1966716,-0.045171585,0.031962752,-0.2442601,-0.063068785,0.10092652,-0.25688848,-0.07868312,-0.007862151,-0.3278797,-0.033424333,-0.046158314,-0.31481716,-0.078194015,-0.06140989,-0.22076672,-0.110461704,-0.059643626,-0.15065306,-0.12700379,0.049537003,-0.3011938,-0.040709447,0.0077905655,-0.29490376,-0.08712386,-0.020444632,-0.19990474,-0.10388634,-0.031535387,-0.123300135,-0.1042517,0.093960166,-0.2492648,-0.05288614,0.050958753,-0.21648139,-0.08794885,0.011942923,-0.13209504,-0.08585446,-0.0057068467,-0.07628536,-0.07499781,0.12294221,-0.18707633,-0.0685748,0.068279564,-0.15540534,-0.08413752,0.027720094,-0.10304594,-0.077433825,0.013629258,-0.07429659,-0.06721474
-0.059033573,-0.08210105,-0.031580422,-0.04534352,-0.20094389,-0.05432593,0.023339272,-0.25253457,-0.07587308,0.09075117,-0.26835635,-0.09407466,-0.0061442256,-0.3298244,-0.040213924,-0.04788524,-0.324185,-0.09098143,-0.06279248,-0.22999793,-0.12554781,-0.061424494,-0.1614654,-0.14307082,0.049980044,-0.30467984,-0.04672319,0.006734371,-0.29443368,-0.0972769,-0.022803187,-0.19760889,-0.1130095,-0.03505993,-0.12740922,-0.11294087,0.093958616,-0.25052983,-0.05906929,0.044722795,-0.20866287,-0.09739354,0.004745245,-0.123532414,-0.09118677,-0.011904895,-0.07378781,-0.07773273,0.12141889,-0.18461609,-0.07565618,0.0691576,-0.15234989,-0.09246561,0.032809258,-0.1015532,-0.08275285,0.023092687,-0.076755226,-0.07036918
-0.056209028,-0.07358837,-0.028914157,-0.04285866,-0.19889247,-0.049368795,0.026186883,-0.2599082,-0.06856793,0.08839983,-0.28912267,-0.08476286,-0.0078680515,-0.3181029,-0.037331358,-0.0503574,-0.326784,-0.0858765,-0.068270385,-0.23362714,-0.118657485,-0.0654003,-0.16596842,-0.13526386,0.047415555,-0.29745698,-0.043662764,-0.00096446276,-0.3157155,-0.09507342,-0.032500982,-0.2162705,-0.11047428,-0.04151219,-0.14055574,-0.108559564,0.08970308,-0.25020078,-0.054927014,0.033705354,-0.21498042,-0.0925668,-0.00215441,-0.11878002,-0.08262298,-0.014026046,-0.06266236,-0.065570995,0.1147818,-0.19166511,-0.07007368,0.056996584,-0.15362799,-0.08555376,0.030451953,-0.09451842,-0.072222404,0.029808044,-0.07078254,-0.05679114
-0.05665362,-0.07080042,-0.025993368,-0.04419124,-0.20026076,-0.04418967,0.02540046,-0.26552096,-0.06138338,0.08508843,-0.30136278,-0.07568694,-0.021267116,-0.30364937,-0.031689715,-0.0571571,-0.32984915,-0.07677723,-0.07133186,-0.23929149,-0.10599515,-0.06646782,-0.17099816,-0.12048208,0.035381913,-0.29089788,-0.03793836,-0.0060175657,-0.32904434,-0.0869139,-0.031582236,-0.22702473,-0.101047985,-0.035984755,-0.14975494,-0.098124005,0.08156109,-0.25246787,-0.0487808,0.032150388,-0.22986841,-0.08380398,-0.0007597804,-0.1307652,-0.07262396,-0.012709022,-0.073587954,-0.05531158,0.11178541,-0.20213497,-0.06300884,0.05752796,-0.16929924,-0.07673721,0.037074447,-0.10699725,-0.061942298,0.039612114,-0.08308262,-0.04613394
-0.056163847,-0.06629449,-0.022103414,-0.05588442,-0.19837928,-0.038613807,0.0071699023,-0.26905385,-0.055536084,0.06761551,-0.30609208,-0.06987509,-0.038102567,-0.29846573,-0.025493046,-0.06705415,-0.33724594,-0.07272722,-0.07821563,-0.24469113,-0.103101686,-0.075215995,-0.17382193,-0.1175825,0.018105626,-0.29393262,-0.03354997,-0.022229016,-0.34120703,-0.08661036,-0.043415964,-0.23511624,-0.10254565,-0.046076357,-0.15214711,-0.09879891,0.06597561,-0.26493618,-0.04628995,0.020097494,-0.25300285,-0.085263565,-0.006536424,-0.14078104,-0.075696975,-0.017589808,-0.0712955,-0.057343163,0.10000074,-0.22346684,-0.062114503,0.04760009,-0.1827302,-0.07995805,0.028324723,-0.10943937,-0.067637675,0.027837873,-0.07776725,-0.05211769
-0.0573864,-0.06928003,-0.021277672,-0.057350814,-0.20332652,-0.037910465,0.0015227199,-0.27851886,-0.056083303,0.060367167,-0.32017702,-0.07182194,-0.041731656,-0.2976521,-0.024347285,-0.07515913,-0.33682105,-0.072248444,-0.08309126,-0.24121085,-0.10198153,-0.07827765,-0.16678613,-0.114984654,0.0129053,-0.29658014,-0.033106994,-0.029442132,-0.35312086,-0.087067954,-0.050085783,-0.25198954,-0.10363944,-0.05442226,-0.16686368,-0.09932506,0.06009227,-0.2709918,-0.04646286,0.011916041,-0.25902936,-0.088004924,-0.01085192,-0.14758766,-0.08098916,-0.018747032,-0.07740009,-0.0627479,0.0937801,-0.23272157,-0.062331717,0.041044474,-0.19706893,-0.08054861,0.02897501,-0.12749195,-0.0683664,0.03487104,-0.09621745,-0.052501284
-0.060619116,-0.0690577,-0.019273164,-0.06618428,-0.20245916,-0.035496347,-0.012153029,-0.28173146,-0.05357081,0.045835495,-0.32600105,-0.06942432,-0.053475916,-0.28520533,-0.026507925,-0.084028065,-0.3379094,-0.07208081,-0.089879155,-0.24314877,-0.09822465,-0.08478108,-0.17133999,-0.10866232,-0.00021249056,-0.28857183,-0.035017986,-0.04150045,-0.35669833,-0.0859699,-0.05793923,-0.25807783,-0.09972775,-0.059640527,-0.17417568,-0.093795024,0.047209203,-0.26950675,-0.047488973,0.0009902716,-0.26369557,-0.08714743,-0.01548028,-0.15296757,-0.07956966,-0.019637167,-0.08114761,-0.060989752,0.084234774,-0.23825085,-0.062103678,0.034173667,-0.21213317,-0.07899084,0.02314657,-0.13956541,-0.06627479,0.02777344,-0.10129923,-0.050125826
-0.060666203,-0.07720059,-0.0149301225,-0.06745273,-0.21197492,-0.027182393,-0.012952924,-0.2937816,-0.04240875,0.04454857,-0.34074783,-0.054979496,-0.06449306,-0.27370542,-0.013546999,-0.08712524,-0.34283918,-0.05421428,-0.088290334,-0.2594179,-0.078654654,-0.082538664,-0.19145197,-0.0878303,-0.013012946,-0.27640182,-0.022734577,-0.04050815,-0.3678922,-0.06878688,-0.05410397,-0.28121182,-0.08356902,-0.055255413,-0.19925678,-0.0786229,0.037308812,-0.26207498,-0.035734363,0.009366989,-0.2922222,-0.07290019,-0.0076964498,-0.18116808,-0.065948084,-0.013732493,-0.10305524,-0.047006067,0.08179176,-0.23761517,-0.050577417,0.046121836,-0.24940327,-0.0654381,0.03147632,-0.18113595,-0.051654596,0.032176375,-0.13765585,-0.03447678
-0.060572565,-0.07631338,-0.015231555,-0.06603712,-0.21172136,-0.026869804,-0.011767864,-0.2931735,-0.041467637,0.04611492,-0.33825827,-0.053337637,-0.06341022,-0.26892352,-0.013223831,-0.08538109,-0.3419897,-0.0536852,-0.0859977,-0.26029152,-0.076935016,-0.08019641,-0.19661301,-0.08518704,-0.012044132,-0.27139625,-0.022033282,-0.038846076,-0.365916,-0.06822498,-0.051873147,-0.27925348,-0.08176049,-0.053269804,-0.19927627,-0.07563689,0.03774488,-0.25659144,-0.034821663,0.009518325,-0.29065293,-0.07277847,-0.006496787,-0.17983782,-0.065242425,-0.011772573,-0.10324341,-0.04542478,0.08165556,-0.23157668,-0.04944661,0.047341526,-0.24610126,-0.06494559,0.032925725,-0.17887777,-0.051453844,0.033367693,-0.13644564,-0.034289103
-0.052974463,-0.08036971,-0.018680146,-0.05143267,-0.21636248,-0.032618087,0.01022464,-0.288059,-0.048342906,0.07123923,-0.32641438,-0.060863663,-0.056988597,-0.26557115,-0.021458434,-0.06448197,-0.34767222,-0.062196884,-0.06438857,-0.2681194,-0.085221,-0.061664283,-0.20424885,-0.09397535,-0.004425764,-0.2635313,-0.02947858,-0.014486194,-0.36098585,-0.075449735,-0.028899789,-0.27332348,-0.08878755,-0.033990264,-0.19494301,-0.08304752,0.04585761,-0.24356875,-0.041440137,0.03155768,-0.2782133,-0.079291984,0.0069229007,-0.16819417,-0.071793914,-0.006377518,-0.092491806,-0.052414794,0.090176105,-0.213386,-0.055328052,0.06344527,-0.22646329,-0.0719825,0.04532039,-0.15986305,-0.05879519,0.042243898,-0.1182695,-0.041880067
-0.052974463,-0.08036971,-0.018680146,-0.05143267,-0.21636248,-0.032618087,0.01022464,-0.288059,-0.048342906,0.07123923,-0.32641438,-0.060863663,-0.056988597,-0.26557115,-0.021458434,-0.06448197,-0.34767222,-0.062196884,-0.06438857,-0.2681194,-0.085221,-0.061664283,-0.20424885,-0.09397535,-0.004425764,-0.2635313,-0.02947858,-0.014486194,-0.36098585,-0.075449735,-0.028899789,-0.27332348,-0.08878755,-0.033990264,-0.19494301,-0.08304752,0.04585761,-0.24356875,-0.041440137,0.03155768,-0.2782133,-0.079291984,0.0069229007,-0.16819417,-0.071793914,-0.006377518,-0.092491806,-0.052414794,0.090176105,-0.213386,-0.055328052,0.06344527,-0.22646329,-0.0719825,0.04532039,-0.15986305,-0.05879519,0.042243898,-0.1182695,-0.041880067
-0.04850644,-0.07848042,-0.02136437,-0.035575986,-0.22014394,-0.036437232,0.033899486,-0.2837291,-0.052860793,0.09646779,-0.31385696,-0.06583627,-0.036042213,-0.27775452,-0.025979977,-0.039717913,-0.3526178,-0.06950639,-0.045086265,-0.26568136,-0.09480839,-0.047126293,-0.19330812,-0.10485435,0.017787278,-0.26950407,-0.03330744,0.009571314,-0.36079782,-0.08250827,-0.0107085705,-0.27096587,-0.0970079,-0.02009368,-0.18974698,-0.09207519,0.06739068,-0.24056643,-0.044827815,0.0561136,-0.27169776,-0.08238574,0.024509966,-0.16213483,-0.07281713,0.0039829016,-0.08701062,-0.05301679,0.10779178,-0.20287013,-0.058833476,0.08524895,-0.21260375,-0.07343243,0.058112442,-0.14598697,-0.058118936,0.04547143,-0.10651904,-0.040613636
-0.047891736,-0.08117348,-0.019689396,-0.03459108,-0.2177594,-0.034481227,0.032987118,-0.28585312,-0.051122963,0.093661904,-0.32219854,-0.064631805,-0.04069209,-0.27454877,-0.021975249,-0.041088283,-0.34984678,-0.06627148,-0.04783517,-0.2657638,-0.09245427,-0.051192284,-0.19424313,-0.10293721,0.013298571,-0.26518333,-0.030559829,0.009091437,-0.35954535,-0.08072435,-0.011046231,-0.2697926,-0.09612677,-0.020852149,-0.18852407,-0.09172424,0.064786494,-0.23704588,-0.04337706,0.05500704,-0.278143,-0.08386982,0.023693264,-0.1663028,-0.07414594,0.004172504,-0.089619994,-0.05331896,0.108338594,-0.20113087,-0.058242206,0.08435345,-0.22078532,-0.0758796,0.06000477,-0.1541006,-0.06031529,0.051293492,-0.1138556,-0.04170235
-0.04885614,-0.08263314,-0.019381965,-0.0364058,-0.22171333,-0.033555817,0.031690955,-0.28889197,-0.04989876,0.09560162,-0.3191957,-0.06295819,-0.03555423,-0.280519,-0.021210667,-0.042041063,-0.35257432,-0.06401775,-0.049881935,-0.2668259,-0.08881427,-0.052272797,-0.19574392,-0.09849378,0.016649902,-0.2705495,-0.030233203,0.009191513,-0.36063886,-0.07792518,-0.012392998,-0.27064848,-0.09151622,-0.022861004,-0.18948328,-0.086127564,0.06599659,-0.24153367,-0.043781918,0.055491507,-0.2740481,-0.081935234,0.02308619,-0.16668421,-0.07344327,0.0034404993,-0.09295553,-0.054074537,0.10739058,-0.20325536,-0.059596326,0.08431131,-0.2173928,-0.075198404,0.058903098,-0.15244633,-0.06082464,0.049702168,-0.11231047,-0.043710403
-0.04890853,-0.08214712,-0.019870678,-0.037962258,-0.22122246,-0.03412721,0.028265893,-0.28727135,-0.050028335,0.09270489,-0.31705055,-0.062874556,-0.03775257,-0.2790108,-0.022482665,-0.046075284,-0.3518163,-0.065218315,-0.05114001,-0.26757923,-0.090064876,-0.05213225,-0.19691956,-0.09961762,0.017080069,-0.27202213,-0.030529663,0.0078392625,-0.36234754,-0.07866053,-0.013112426,-0.27259138,-0.09337557,-0.024307251,-0.19089764,-0.08827223,0.06670624,-0.24514145,-0.042759754,0.05001861,-0.2725827,-0.08183233,0.018681228,-0.16436285,-0.075515255,-0.0006632209,-0.0909242,-0.057062063,0.10679066,-0.20890081,-0.0570063,0.07652843,-0.21279934,-0.07393989,0.054190934,-0.14625132,-0.06137576,0.047866642,-0.10680646,-0.04502768
-0.04890853,-0.08214712,-0.019870678,-0.037962258,-0.22122246,-0.03412721,0.028265893,-0.28727135,-0.050028335,0.09270489,-0.31705055,-0.062874556,-0.03775257,-0.2790108,-0.022482665,-0.046075284,-0.3518163,-0.065218315,-0.05114001,-0.26757923,-0.090064876,-0.05213225,-0.19691956,-0.09961762,0.017080069,-0.27202213,-0.030529663,0.0078392625,-0.36234754,-0.07866053,-0.013112426,-0.27259138,-0.09337557,-0.024307251,-0.19089764,-0.08827223,0.06670624,-0.24514145,-0.042759754,0.05001861,-0.2725827,-0.08183233,0.018681228,-0.16436285,-0.075515255,-0.0006632209,-0.0909242,-0.057062063,0.10679066,-0.20890081,-0.0570063,0.07652843,-0.21279934,-0.07393989,0.054190934,-0.14625132,-0.06137576,0.047866642,-0.10680646,-0.04502768
-0.048547626,-0.07286692,-0.022370217,-0.03660834,-0.21336779,-0.035885118,0.029906332,-0.28276387,-0.050578605,0.0834679,-0.32743305,-0.061438136,-0.040326893,-0.27469188,-0.017251097,-0.0462662,-0.34611058,-0.06084887,-0.049699664,-0.2629531,-0.08723792,-0.050459027,-0.19026381,-0.09740833,0.011555076,-0.26710537,-0.023874614,0.0022543669,-0.35769635,-0.071496114,-0.013133109,-0.27010208,-0.08642197,-0.019221127,-0.19129992,-0.0819964,0.061463773,-0.23967943,-0.035690982,0.055282295,-0.27869612,-0.075297154,0.026723146,-0.16658813,-0.065656126,0.0074812174,-0.091165245,-0.045278087,0.10511887,-0.20295769,-0.04999734,0.08562237,-0.2188277,-0.068375535,0.0618878,-0.14913058,-0.05343094,0.05124861,-0.10905111,-0.035251353
-0.048547626,-0.07286692,-0.022370217,-0.03660834,-0.21336779,-0.035885118,0.029906332,-0.28276387,-0.050578605,0.0834679,-0.32743305,-0.061438136,-0.040326893,-0.27469188,-0.017251097,-0.0462662,-0.34611058,-0.06084887,-0.049699664,-0.2629531,-0.08723792,-0.050459027,-0.19026381,-0.09740833,0.011555076,-0.26710537,-0.023874614,0.0022543669,-0.35769635,-0.071496114,-0.013133109,-0.27010208,-0.08642197,-0.019221127,-0.19129992,-0.0819964,0.061463773,-0.23967943,-0.035690982,0.055282295,-0.27869612,-0.075297154,0.026723146,-0.16658813,-0.065656126,0.0074812174,-0.091165245,-0.045278087,0.10511887,-0.20295769,-0.04999734,0.08562237,-0.2188277,-0.068375535,0.0618878,-0.14913058,-0.05343094,0.05124861,-0.10905111,-0.035251353
-0.046673357,-0.07395822,-0.020351203,-0.035606444,-0.21603277,-0.03359493,0.03240931,-0.28612167,-0.04857933,0.092182815,-0.32611993,-0.060076818,-0.040011525,-0.27460515,-0.018252432,-0.04487282,-0.3484472,-0.06113723,-0.048124075,-0.26478538,-0.08699734,-0.04859692,-0.19099689,-0.097001925,0.012943268,-0.268438,-0.025886111,0.007460773,-0.36213118,-0.07328822,-0.008421481,-0.2748344,-0.08797815,-0.0156492,-0.1934017,-0.08312047,0.062995195,-0.2419692,-0.03833078,0.05630511,-0.27711192,-0.076568164,0.027011335,-0.16567415,-0.06797746,0.0065178275,-0.08957094,-0.048432563,0.10622454,-0.20654678,-0.053093087,0.08644146,-0.22123978,-0.06973951,0.06250739,-0.153427,-0.05527579,0.051662207,-0.1131345,-0.037806116
-0.05034536,-0.08154899,-0.022256048,-0.03906554,-0.22451186,-0.036509052,0.029545426,-0.2932403,-0.052666146,0.088269114,-0.3312598,-0.064782076,-0.041022897,-0.27885997,-0.01797485,-0.047975242,-0.35562605,-0.06258448,-0.050533593,-0.26932076,-0.08907591,-0.04950261,-0.19287711,-0.098777585,0.0096668005,-0.27085698,-0.025117874,0.0039245486,-0.3676142,-0.07533767,-0.011069179,-0.27842516,-0.090523064,-0.016922474,-0.19438869,-0.085003234,0.058717668,-0.24426848,-0.037678294,0.05547148,-0.28749827,-0.07829201,0.026941836,-0.17811781,-0.07033175,0.00816083,-0.099781275,-0.050014284,0.10179883,-0.20967174,-0.052806165,0.086184084,-0.23564893,-0.07064504,0.062572,-0.16951716,-0.05677301,0.053148508,-0.1258651,-0.0391041
-0.051259816,-0.07750589,-0.023108324,-0.041130602,-0.21886149,-0.036954537,0.024149418,-0.29061195,-0.051955715,0.07730943,-0.33645368,-0.06282001,-0.044462144,-0.27780807,-0.015498835,-0.053063035,-0.34986892,-0.05864384,-0.05438727,-0.26545322,-0.08518882,-0.053417027,-0.19138604,-0.09530086,0.0072292686,-0.27166614,-0.021396225,-0.003225863,-0.36428815,-0.069003515,-0.016300082,-0.27641073,-0.084572375,-0.021782815,-0.1955939,-0.08026969,0.057296693,-0.24638313,-0.032567233,0.049683988,-0.28818545,-0.07123652,0.024441302,-0.17813861,-0.061980855,0.007845402,-0.10228312,-0.041712668,0.10106456,-0.21241146,-0.046421077,0.08072543,-0.23292792,-0.06342569,0.060442448,-0.16482449,-0.048357546,0.05391717,-0.1245926,-0.030080132
-0.05040449,-0.07227677,-0.021936886,-0.04452938,-0.21206957,-0.03631916,0.018990517,-0.28885144,-0.0520342,0.07264811,-0.33685997,-0.06344079,-0.051339507,-0.26894286,-0.01974727,-0.058314025,-0.34816712,-0.06259089,-0.0557338,-0.26649094,-0.087391585,-0.052023113,-0.19395918,-0.09620842,-0.00062114,-0.26287267,-0.025955377,-0.009969473,-0.36114097,-0.07406965,-0.019400597,-0.26973417,-0.08719836,-0.020341873,-0.18641478,-0.08076925,0.0493806,-0.2381733,-0.03706166,0.04629606,-0.2841599,-0.07577819,0.022871077,-0.1732474,-0.06499591,0.007964969,-0.09525341,-0.043282263,0.09462643,-0.20576102,-0.050676346,0.083452165,-0.23713112,-0.06713428,0.0643667,-0.17398626,-0.05192755,0.057599843,-0.13452631,-0.033684246
-0.05230838,-0.0753324,-0.019709762,-0.050602376,-0.21413904,-0.03275127,0.01069814,-0.29247415,-0.047934912,0.0648635,-0.3399425,-0.059430193,-0.0601843,-0.26938984,-0.015024922,-0.07008344,-0.35049367,-0.057815883,-0.06597203,-0.26885158,-0.08347882,-0.06076932,-0.1977672,-0.09302213,-0.009080291,-0.266149,-0.02237925,-0.020731032,-0.36496696,-0.070836775,-0.02858591,-0.2740969,-0.08534091,-0.028153718,-0.19030946,-0.07968098,0.041497767,-0.24380481,-0.03464863,0.03670591,-0.2908028,-0.07442293,0.016878068,-0.17831767,-0.065828204,0.0044149756,-0.09855211,-0.045266524,0.08670038,-0.21336603,-0.049202915,0.0709582,-0.23833671,-0.067770176,0.05387646,-0.17131025,-0.05465298,0.049568534,-0.12976497,-0.037422594
-0.053397417,-0.07678527,-0.019030204,-0.054808438,-0.21582621,-0.031533703,0.0017299652,-0.297136,-0.046392664,0.056943476,-0.3469001,-0.05743534,-0.06182432,-0.27968952,-0.011474974,-0.0769487,-0.35288876,-0.054764003,-0.07162225,-0.26829442,-0.08114874,-0.0654912,-0.19524461,-0.09059548,-0.0112813115,-0.27677745,-0.01934458,-0.028511941,-0.36685324,-0.06722194,-0.036821842,-0.2737946,-0.08154444,-0.037864327,-0.18864298,-0.075457364,0.038998306,-0.2560324,-0.032545112,0.028459728,-0.2938137,-0.07188746,0.011118472,-0.18431008,-0.06406481,0.001070559,-0.107663095,-0.04392211,0.083940744,-0.22549805,-0.048067927,0.062494278,-0.24270585,-0.06491934,0.04632032,-0.17298222,-0.051377367,0.043782294,-0.13034725,-0.033931576
-0.057228923,-0.067035675,-0.018744508,-0.062265694,-0.20501757,-0.030655121,-0.008077204,-0.28880832,-0.044157073,0.04130709,-0.34461543,-0.054026283,-0.06910688,-0.26594612,-0.012600318,-0.085900545,-0.33915392,-0.051785454,-0.07831997,-0.25849447,-0.075181045,-0.070007086,-0.19087058,-0.08365251,-0.018906355,-0.26699823,-0.019363502,-0.04227799,-0.3621555,-0.06248539,-0.046117365,-0.273376,-0.07518642,-0.042779326,-0.19163162,-0.069310345,0.03167951,-0.24951315,-0.030614503,0.017978847,-0.2937136,-0.06580762,0.006777048,-0.18072414,-0.055644494,-0.00016093254,-0.103227794,-0.035347816,0.07804847,-0.22221762,-0.044175096,0.05381751,-0.23957506,-0.059289385,0.041678846,-0.1702404,-0.044683993,0.040807366,-0.13057065,-0.02715577
-0.06037748,-0.066017866,-0.020169267,-0.06650519,-0.20305681,-0.03287976,-0.013065755,-0.28933045,-0.046941176,0.03311348,-0.34940273,-0.05733951,-0.07296628,-0.2645858,-0.012159413,-0.0885542,-0.33629537,-0.05218554,-0.07859135,-0.25661835,-0.07675954,-0.069154024,-0.18794888,-0.08575729,-0.022056758,-0.26659706,-0.018221788,-0.044148624,-0.35979182,-0.06227982,-0.04605651,-0.27370617,-0.07714803,-0.04160887,-0.19315732,-0.072804466,0.028902113,-0.25041395,-0.028862529,0.015280843,-0.2929339,-0.065948494,0.0041072965,-0.18028712,-0.05734181,-0.0028383732,-0.10242134,-0.0376818,0.07520604,-0.22495326,-0.04168,0.04822111,-0.2410661,-0.058186263,0.037140727,-0.17030728,-0.04371254,0.037556708,-0.13005614,-0.025861159
-0.057089627,-0.0651446,-0.019219004,-0.06378752,-0.20238769,-0.032186847,-0.012362301,-0.28860244,-0.04693029,0.0358696,-0.3456325,-0.05816545,-0.06682211,-0.2694503,-0.01572393,-0.08741337,-0.33784512,-0.058143035,-0.08324933,-0.25469166,-0.08310988,-0.07638329,-0.1835621,-0.091717996,-0.017246902,-0.27113363,-0.023005735,-0.043406785,-0.3626163,-0.06890764,-0.05024463,-0.27368316,-0.081819065,-0.048315644,-0.19014084,-0.07549167,0.03354132,-0.25385126,-0.034938183,0.015104353,-0.28958333,-0.072728045,0.0023729205,-0.17744774,-0.0629903,-0.0032921433,-0.10080165,-0.042225014,0.08075112,-0.22603422,-0.049095143,0.05532497,-0.24465692,-0.06521578,0.04240638,-0.17538333,-0.050257713,0.042455137,-0.13443142,-0.0320456
-0.061052084,-0.06543654,-0.020457398,-0.07069248,-0.20071042,-0.034090977,-0.017839015,-0.28589806,-0.04931049,0.032770276,-0.34118918,-0.060953427,-0.07334602,-0.26276553,-0.015105214,-0.09310287,-0.3335985,-0.05688484,-0.08662444,-0.25413552,-0.081347585,-0.076850355,-0.18558848,-0.08970735,-0.024496496,-0.26612473,-0.021662582,-0.049440026,-0.3598321,-0.06706565,-0.052516103,-0.2746601,-0.07994902,-0.046893954,-0.19272739,-0.07357326,0.026724994,-0.25109163,-0.033025436,0.011312127,-0.29039145,-0.07221003,4.673004e-05,-0.17821056,-0.06332262,-0.0054553747,-0.09936559,-0.042493854,0.07535058,-0.22584492,-0.04655219,0.051453114,-0.24920768,-0.06421727,0.03947538,-0.17765498,-0.049447514,0.038582742,-0.13174617,-0.03086915
-0.06213945,-0.06424105,-0.019623477,-0.072310746,-0.19959599,-0.033395544,-0.02250439,-0.28632596,-0.049107067,0.02560693,-0.34423107,-0.061382867,-0.06909871,-0.26739377,-0.013922143,-0.09162557,-0.3324641,-0.057930995,-0.08507377,-0.25018114,-0.08439639,-0.07581669,-0.17989284,-0.09371624,-0.02091688,-0.2692291,-0.021001063,-0.050894022,-0.35845035,-0.068600975,-0.054882944,-0.2687127,-0.082692005,-0.04968816,-0.18427521,-0.07666513,0.028927565,-0.25353044,-0.033003382,0.005885303,-0.28831202,-0.07281025,-0.0035448074,-0.17602283,-0.063534476,-0.0063300133,-0.09791249,-0.042295635,0.07500321,-0.22824284,-0.047253214,0.04531014,-0.24363571,-0.064789824,0.035924733,-0.17332757,-0.050110348,0.038784087,-0.1310091,-0.031491023
-0.06122291,-0.06898004,-0.017690951,-0.07438725,-0.20015854,-0.030746162,-0.025257766,-0.284501,-0.04625898,0.030497491,-0.3361457,-0.0584029,-0.07674265,-0.2640328,-0.013301376,-0.10452843,-0.33340526,-0.055601403,-0.09587604,-0.25445086,-0.08108361,-0.08475566,-0.18751991,-0.090165846,-0.026877642,-0.27028695,-0.021049213,-0.057546794,-0.35913652,-0.06675305,-0.061191916,-0.27201438,-0.08053671,-0.05780822,-0.18960768,-0.07481487,0.02381128,-0.25708118,-0.03336326,0.0033092499,-0.28457937,-0.071189456,-0.007135451,-0.17702371,-0.06395001,-0.01152581,-0.10119134,-0.04458265,0.07068372,-0.23197272,-0.047831595,0.0429793,-0.24265182,-0.063818194,0.03090465,-0.17301482,-0.05036976,0.030853212,-0.12736928,-0.03305379
-0.06164974,-0.06674409,-0.021274222,-0.07667935,-0.19920367,-0.035950065,-0.028792024,-0.2838489,-0.05200977,0.026754498,-0.33739123,-0.0646588,-0.080542445,-0.26233718,-0.01935335,-0.110207915,-0.32934663,-0.06287184,-0.10133654,-0.24541253,-0.088449635,-0.08903563,-0.1779539,-0.09782073,-0.030707061,-0.270737,-0.025792828,-0.0629186,-0.36052114,-0.073893614,-0.06574142,-0.26992258,-0.08753,-0.06076026,-0.18692523,-0.08124011,0.02010411,-0.25899917,-0.03675692,-0.0014742613,-0.2865501,-0.07675407,-0.00926882,-0.17560321,-0.06894565,-0.011100769,-0.09945291,-0.048892338,0.06715208,-0.23539919,-0.050071444,0.036830664,-0.23899835,-0.06856159,0.026028752,-0.1647712,-0.05561467,0.0278216,-0.11883813,-0.038357276
-0.060980797,-0.06625724,-0.019672748,-0.07748902,-0.1969732,-0.03363046,-0.033694923,-0.2855272,-0.04962051,0.018992662,-0.3430256,-0.06200115,-0.08302516,-0.2607264,-0.016884472,-0.110815406,-0.3281471,-0.06114463,-0.10159728,-0.24441472,-0.08693308,-0.09022778,-0.1757896,-0.09585205,-0.033398926,-0.27057984,-0.024061391,-0.06529862,-0.3614772,-0.0725934,-0.067582965,-0.27167907,-0.08630484,-0.063200474,-0.18780625,-0.0795247,0.017949224,-0.26059425,-0.03578309,-0.00392735,-0.28426853,-0.07614083,-0.010377049,-0.17335773,-0.06783656,-0.011909962,-0.09727603,-0.04672407,0.06566334,-0.23894814,-0.04972836,0.037945747,-0.24711967,-0.066763334,0.028627217,-0.17682797,-0.052303158,0.030276895,-0.13251233,-0.03372478
-0.06547731,-0.06812352,-0.019545455,-0.081082046,-0.19700873,-0.03450317,-0.035468042,-0.28416863,-0.051417764,0.019015431,-0.33944562,-0.06561655,-0.08332777,-0.2621929,-0.019610196,-0.116666496,-0.3266748,-0.06453576,-0.10809797,-0.24434966,-0.09110752,-0.09656668,-0.17516583,-0.100499325,-0.033626914,-0.27298516,-0.02695925,-0.06994212,-0.35972863,-0.076119736,-0.07218176,-0.26856068,-0.09030676,-0.06913477,-0.1815126,-0.083821364,0.017340481,-0.2629092,-0.03855889,-0.009989083,-0.27748305,-0.08011527,-0.016072452,-0.16637325,-0.073469594,-0.017343104,-0.089591086,-0.053213503,0.06396997,-0.24010867,-0.05216731,0.031027615,-0.239795,-0.070571154,0.02182591,-0.16485357,-0.056912176,0.023808062,-0.11643922,-0.038599633
-0.06556791,-0.06325799,-0.020792797,-0.08310604,-0.1893726,-0.036537286,-0.040818095,-0.27816793,-0.053747043,0.010899723,-0.33698788,-0.06776652,-0.08880776,-0.25712892,-0.021867588,-0.122363776,-0.31804794,-0.06701297,-0.110547364,-0.23540977,-0.09300662,-0.09689355,-0.16778505,-0.10205915,-0.039802313,-0.26943466,-0.028415525,-0.07815039,-0.3505456,-0.07763819,-0.07598686,-0.2585407,-0.09038404,-0.069048464,-0.17495394,-0.08324564,0.010917664,-0.26150298,-0.039358076,-0.016355932,-0.2760713,-0.08108615,-0.017565072,-0.16545391,-0.07279241,-0.014956951,-0.090725005,-0.0516995,0.05861777,-0.24090943,-0.05243594,0.026732147,-0.24061066,-0.070906654,0.01912582,-0.16617107,-0.056984376,0.022259712,-0.11991578,-0.038663965
-0.06844574,-0.051870763,-0.019092968,-0.09382528,-0.17637843,-0.032082323,-0.05748737,-0.2717175,-0.047598403,-0.013240576,-0.33671588,-0.05957025,-0.104531884,-0.24076569,-0.015703432,-0.13989675,-0.30555937,-0.060900103,-0.12200707,-0.22656831,-0.08628753,-0.10311878,-0.15959376,-0.09415368,-0.056993484,-0.2580697,-0.023296723,-0.097545564,-0.3498332,-0.07436717,-0.09007549,-0.26091826,-0.087600395,-0.07728952,-0.17724502,-0.07943036,-0.0051125884,-0.25476205,-0.035548795,-0.029047132,-0.27894956,-0.08038669,-0.025265872,-0.16634887,-0.07149865,-0.019160986,-0.09060997,-0.048203524,0.0448882,-0.2393314,-0.04972299,0.018470168,-0.25808135,-0.069305375,0.014291227,-0.18760532,-0.053814616,0.019497037,-0.14161962,-0.033548154
-0.07147312,-0.055825412,-0.020029763,-0.09927732,-0.17812169,-0.033694044,-0.06470674,-0.27353224,-0.049636155,-0.021049857,-0.34004268,-0.062034216,-0.11067891,-0.24085256,-0.01588711,-0.14895985,-0.30244505,-0.061300326,-0.12703049,-0.22364342,-0.087349616,-0.10642922,-0.15776485,-0.09574197,-0.062365353,-0.26256734,-0.022462193,-0.10700542,-0.3490186,-0.07447827,-0.095552385,-0.25880125,-0.08867035,-0.08066958,-0.17302579,-0.08109516,-0.010007501,-0.26239783,-0.0336629,-0.038611412,-0.27832294,-0.07891159,-0.0318138,-0.16443503,-0.07120127,-0.024422586,-0.085864425,-0.048722494,0.039170146,-0.24977347,-0.046947025,0.010206938,-0.25690308,-0.06662182,0.0064420104,-0.18411416,-0.05229473,0.011032164,-0.13674307,-0.032987557
-0.070860445,-0.04752779,-0.018941062,-0.10697037,-0.16814607,-0.031144172,-0.07657337,-0.26662067,-0.045747705,-0.034000456,-0.33556268,-0.056380153,-0.12279865,-0.23165396,-0.007821063,-0.16029555,-0.28743666,-0.050791055,-0.13308391,-0.21181315,-0.0774435,-0.10852432,-0.1501382,-0.08711361,-0.07713598,-0.25412676,-0.014945232,-0.11909616,-0.32942647,-0.06167381,-0.10196251,-0.24379349,-0.0756876,-0.0826323,-0.1666708,-0.06948974,-0.025420308,-0.25642598,-0.027292605,-0.047448456,-0.28048688,-0.0677086,-0.036044657,-0.17062157,-0.05924731,-0.027018905,-0.095027745,-0.038094923,0.026328564,-0.24538293,-0.042017538,0.00018912554,-0.25041857,-0.061076365,0.001319468,-0.17719918,-0.047397505,0.008167028,-0.13230348,-0.028870685
-0.0743891,-0.03761643,-0.020644587,-0.11318189,-0.16038227,-0.033218153,-0.083180904,-0.25359774,-0.047505468,-0.044787526,-0.32178152,-0.058741502,-0.12249637,-0.23515433,-0.010719311,-0.16638038,-0.27715307,-0.055217102,-0.1424194,-0.20117974,-0.082744285,-0.118426204,-0.13868034,-0.092710935,-0.07814813,-0.2595552,-0.017205201,-0.12977326,-0.31818765,-0.06472075,-0.112754345,-0.22938323,-0.07888314,-0.09219879,-0.15264928,-0.073066,-0.027924836,-0.26257068,-0.029178891,-0.05918306,-0.27046305,-0.071905635,-0.0417915,-0.16057676,-0.06472965,-0.026817977,-0.08994806,-0.04460626,0.021019816,-0.25114363,-0.043425247,-0.012161016,-0.24082026,-0.06665056,-0.0044255257,-0.16207832,-0.054807253,0.009514093,-0.1200465,-0.037117947
-0.075528264,-0.039945662,-0.020372884,-0.11782557,-0.15785116,-0.03409399,-0.08907074,-0.25728357,-0.050001252,-0.048057973,-0.32813045,-0.06203991,-0.12948024,-0.22640347,-0.0099904435,-0.16909066,-0.26934278,-0.056104016,-0.13977924,-0.19349033,-0.085382625,-0.11163986,-0.1314218,-0.09653299,-0.08681673,-0.25270137,-0.01756739,-0.13820127,-0.31719702,-0.06692029,-0.11701381,-0.23331836,-0.08294706,-0.091172755,-0.15914911,-0.07781066,-0.036198974,-0.25859976,-0.030580707,-0.06060362,-0.2705115,-0.07418674,-0.04239416,-0.15951312,-0.06658147,-0.027051806,-0.08534902,-0.045123287,0.016071022,-0.2504481,-0.046055716,-0.01168102,-0.2508836,-0.06724047,-0.005373597,-0.17768878,-0.05350016,0.006121516,-0.1353985,-0.034480277
-0.07294947,-0.037926853,-0.019571355,-0.11834094,-0.15612936,-0.03207261,-0.09032452,-0.25383747,-0.0465337,-0.05087042,-0.3238533,-0.057155654,-0.13618752,-0.22172913,-0.010622358,-0.1756843,-0.26632172,-0.056019537,-0.14527446,-0.18966746,-0.08444433,-0.11717814,-0.12872148,-0.09531089,-0.09297502,-0.25150278,-0.01814129,-0.14310318,-0.31628156,-0.06807053,-0.12023181,-0.23060945,-0.08384507,-0.09391981,-0.15654337,-0.078160785,-0.04210198,-0.26061168,-0.030766815,-0.06420046,-0.27067757,-0.073768154,-0.04250765,-0.15836817,-0.06609769,-0.02705282,-0.08400065,-0.044800468,0.008869052,-0.25604874,-0.04583004,-0.016083121,-0.24505478,-0.06694299,-0.006522298,-0.16986972,-0.053854458,0.0056954026,-0.12890756,-0.035338357
-0.073822916,-0.03875065,-0.020270301,-0.11896947,-0.15352076,-0.03393373,-0.09407437,-0.25132892,-0.04963521,-0.05505538,-0.32168174,-0.061395597,-0.13301468,-0.22202444,-0.012173839,-0.1734783,-0.2661304,-0.058465168,-0.14363754,-0.19019914,-0.08741896,-0.11568242,-0.12764049,-0.09815104,-0.09039956,-0.2503478,-0.019208778,-0.14292371,-0.31628698,-0.06887147,-0.12212828,-0.23378816,-0.08437053,-0.09718716,-0.15846574,-0.078652926,-0.039625347,-0.25847387,-0.031385977,-0.06370056,-0.26779413,-0.07432811,-0.043120503,-0.15765882,-0.066360496,-0.027310789,-0.08335793,-0.044653613,0.012324333,-0.25321087,-0.04603584,-0.013490617,-0.25054312,-0.06618499,-0.0068876743,-0.17849934,-0.052195225,0.0034338236,-0.13694048,-0.03307618
-0.0738951,-0.03810948,-0.019759746,-0.11900827,-0.15606195,-0.032748304,-0.0923059,-0.25450087,-0.048112765,-0.0534603,-0.32509267,-0.059898585,-0.13332853,-0.22008744,-0.0098337615,-0.17136943,-0.2625801,-0.056754533,-0.14191008,-0.18724519,-0.086771786,-0.11420643,-0.12568516,-0.09845939,-0.09068054,-0.24863032,-0.017545458,-0.14102173,-0.31325057,-0.06929993,-0.119237006,-0.22926247,-0.08648503,-0.092490315,-0.15491122,-0.08153588,-0.039897084,-0.25711602,-0.03058878,-0.06249106,-0.2697681,-0.07538649,-0.041543722,-0.15841204,-0.06811786,-0.025480151,-0.0831725,-0.04646174,0.011002243,-0.25232366,-0.046044294,-0.013381362,-0.25082687,-0.067626946,-0.0058919787,-0.1778984,-0.054193553,0.00492537,-0.13661182,-0.035259828
-0.07408899,-0.03849888,-0.019441156,-0.11844611,-0.1536777,-0.033056896,-0.09323579,-0.25185874,-0.048808694,-0.054448903,-0.3231233,-0.061102424,-0.132238,-0.22386831,-0.011911986,-0.17079937,-0.2671964,-0.058746673,-0.1424925,-0.19066381,-0.08861144,-0.115389526,-0.12728024,-0.10015245,-0.089333594,-0.25219712,-0.01982114,-0.14141926,-0.31700188,-0.070412114,-0.12096292,-0.23129228,-0.08637661,-0.09563017,-0.15337896,-0.080821894,-0.038402915,-0.2601631,-0.03279914,-0.065105915,-0.26787952,-0.07652711,-0.044374585,-0.1565718,-0.06850893,-0.028077602,-0.08147925,-0.046718866,0.012869537,-0.25428343,-0.048149694,-0.015299618,-0.24794167,-0.06918383,-0.008051038,-0.17321849,-0.055082824,0.003127098,-0.13061428,-0.03577954
-0.075146675,-0.04095453,-0.020136965,-0.11934054,-0.15680063,-0.03392907,-0.09467769,-0.25773636,-0.049962282,-0.054906487,-0.33170387,-0.062271647,-0.13303202,-0.220301,-0.0114112655,-0.17128065,-0.26768827,-0.056622006,-0.14146954,-0.19254422,-0.08481752,-0.11447108,-0.13025737,-0.09524263,-0.09140146,-0.24728197,-0.019110244,-0.14181077,-0.31612587,-0.06778341,-0.12050626,-0.23294908,-0.08268657,-0.09610003,-0.15609193,-0.076823644,-0.041600227,-0.2556864,-0.032065596,-0.06566954,-0.27046293,-0.07596196,-0.04525101,-0.16094786,-0.068549246,-0.029268265,-0.08532983,-0.04711362,0.010319829,-0.25039953,-0.047298357,-0.016093075,-0.25402254,-0.06883552,-0.01026094,-0.1782369,-0.0548824,-0.00082969666,-0.13034272,-0.035759315
-0.07383281,-0.03759086,-0.020002497,-0.11568701,-0.15335119,-0.03406516,-0.091294885,-0.25541508,-0.05038187,-0.053875208,-0.3321098,-0.063746125,-0.13185328,-0.22015846,-0.013753847,-0.17134374,-0.26277053,-0.06040834,-0.14349827,-0.18707454,-0.08973346,-0.11654323,-0.1207366,-0.10038351,-0.089359105,-0.24897954,-0.021380482,-0.1422723,-0.3158613,-0.07192631,-0.122760236,-0.23028788,-0.08754853,-0.09829056,-0.14806706,-0.08169437,-0.038775623,-0.2577052,-0.033965807,-0.06557536,-0.26694334,-0.07997333,-0.04468888,-0.15436041,-0.07261428,-0.027710795,-0.07604796,-0.050465472,0.01165694,-0.25263378,-0.048542302,-0.017004013,-0.2520724,-0.07081868,-0.0094386935,-0.17617059,-0.056004334,0.0024445653,-0.12953997,-0.03583555
-0.07353574,-0.0383963,-0.019847494,-0.11580777,-0.15290236,-0.033579182,-0.09173989,-0.25366715,-0.04974313,-0.055297196,-0.32853428,-0.06269985,-0.13164946,-0.21728793,-0.012758697,-0.171406,-0.26320145,-0.058789264,-0.14409488,-0.18788409,-0.086941764,-0.11727971,-0.123954535,-0.09687022,-0.089238524,-0.24557766,-0.020671993,-0.14183104,-0.31505454,-0.07090314,-0.12233025,-0.23118135,-0.08594939,-0.09738082,-0.15130055,-0.07952573,-0.03886819,-0.25445247,-0.033670224,-0.065102875,-0.26560992,-0.07930562,-0.04433304,-0.15438753,-0.0719492,-0.027247787,-0.07791042,-0.049808826,0.012294054,-0.24972868,-0.04872551,-0.01580906,-0.2514559,-0.0707652,-0.008832693,-0.1758644,-0.05616457,0.002372861,-0.12886816,-0.03622996
-0.07498217,-0.040252507,-0.020337554,-0.11579555,-0.15911454,-0.03474001,-0.08920407,-0.26045498,-0.051296502,-0.05071509,-0.3357857,-0.06477605,-0.1272246,-0.22463569,-0.01542077,-0.16792575,-0.2667914,-0.061582673,-0.14226875,-0.18939912,-0.08947911,-0.11641809,-0.12591392,-0.09949351,-0.08500987,-0.2515174,-0.022856211,-0.1393745,-0.31742644,-0.073731326,-0.120934546,-0.23021841,-0.08833421,-0.09622121,-0.1493187,-0.08166287,-0.035564125,-0.25958133,-0.035244208,-0.064364076,-0.2660958,-0.08023687,-0.04473746,-0.15362936,-0.072513826,-0.027163625,-0.07718867,-0.050396748,0.01395756,-0.25479826,-0.04983595,-0.016278446,-0.2504864,-0.070884496,-0.009073496,-0.17604029,-0.05684709,0.0037016273,-0.1321438,-0.037650596
-0.07224923,-0.037409544,-0.019995946,-0.11646217,-0.15684086,-0.033451486,-0.091611624,-0.25887263,-0.049093116,-0.052341998,-0.33291423,-0.061230864,-0.12919658,-0.22134638,-0.014424812,-0.16775924,-0.26779646,-0.06046748,-0.14019626,-0.19168961,-0.08783038,-0.11381805,-0.1276812,-0.097061686,-0.08626932,-0.24809685,-0.021824349,-0.13775796,-0.31731087,-0.071851954,-0.118718386,-0.23211432,-0.08580947,-0.094665945,-0.15264863,-0.07855602,-0.036064923,-0.25644022,-0.03432491,-0.06287122,-0.26633322,-0.07926869,-0.042637944,-0.15336865,-0.071426004,-0.02585888,-0.075987816,-0.048972525,0.014962792,-0.2521591,-0.048917647,-0.013445556,-0.25312272,-0.07016928,-0.0069351196,-0.17857003,-0.0558993,0.0038865805,-0.13278395,-0.0363211
-0.0759294,-0.045402765,-0.018233458,-0.11532354,-0.16596496,-0.031582423,-0.088875234,-0.26674974,-0.04732623,-0.048797607,-0.34090832,-0.059760157,-0.12474951,-0.23244113,-0.012886056,-0.16597375,-0.28114927,-0.0577957,-0.14107522,-0.20301914,-0.0839353,-0.11696255,-0.13975656,-0.0924969,-0.080266416,-0.25694063,-0.020909024,-0.13181323,-0.32639772,-0.0702676,-0.11539352,-0.23768568,-0.083902195,-0.093551695,-0.15590799,-0.07629924,-0.03044802,-0.26318076,-0.033789497,-0.06156546,-0.2699037,-0.077203535,-0.04562837,-0.15889657,-0.070392966,-0.030545592,-0.083981335,-0.049075514,0.019114792,-0.2566878,-0.048623033,-0.014062107,-0.2478486,-0.06845234,-0.007900596,-0.17234623,-0.055156887,0.004603505,-0.12728,-0.036486868
-0.06816846,-0.04754263,-0.018869549,-0.102644384,-0.16946542,-0.03161224,-0.07193881,-0.26537326,-0.047075283,-0.03202647,-0.33365098,-0.05914229,-0.112401664,-0.24213365,-0.008457287,-0.1508404,-0.29122618,-0.054879628,-0.13024536,-0.2091338,-0.08350429,-0.10753375,-0.14037514,-0.09337646,-0.06640226,-0.2630364,-0.01673853,-0.11357844,-0.3364858,-0.06667681,-0.10314119,-0.24926144,-0.0822239,-0.08585882,-0.16746026,-0.07594924,-0.015117407,-0.2645681,-0.030376012,-0.044877052,-0.28285348,-0.07413726,-0.03403622,-0.17032689,-0.066603854,-0.023608148,-0.094010234,-0.04484601,0.03529644,-0.25297648,-0.046199128,0.0024868846,-0.25416952,-0.06692047,0.005114317,-0.17804539,-0.052682396,0.015423059,-0.13227153,-0.032974873
-0.06999642,-0.050014317,-0.017658686,-0.10184336,-0.17424113,-0.029970115,-0.06981856,-0.27009475,-0.04517428,-0.028495967,-0.3374426,-0.05701519,-0.1116018,-0.24377647,-0.008956099,-0.14848241,-0.2983852,-0.054147925,-0.13028982,-0.2156809,-0.08139373,-0.11002162,-0.14734185,-0.09046066,-0.06438911,-0.2626149,-0.016899861,-0.10858154,-0.3388623,-0.0660434,-0.10148591,-0.251068,-0.080980964,-0.08672589,-0.17027086,-0.074456826,-0.013107836,-0.262527,-0.029878696,-0.042518675,-0.28346592,-0.07171577,-0.03561735,-0.17187649,-0.06423615,-0.026621878,-0.09684789,-0.042937208,0.03648901,-0.25018334,-0.044878658,0.0028713346,-0.25268024,-0.06331451,0.0043780804,-0.18074536,-0.049418,0.015645802,-0.13953537,-0.030435234
-0.07075149,-0.059342623,-0.015406865,-0.09479499,-0.18582487,-0.027381426,-0.057581186,-0.27896893,-0.042603776,-0.013391018,-0.34303033,-0.055517532,-0.09931797,-0.2546402,-0.008723987,-0.13525894,-0.30837375,-0.055609293,-0.12320018,-0.22615975,-0.08508469,-0.106566966,-0.15586942,-0.09571274,-0.051254034,-0.2723943,-0.01822109,-0.09861183,-0.35301247,-0.070158966,-0.095828116,-0.26157722,-0.08718521,-0.08388972,-0.17350894,-0.081261836,2.4139881e-05,-0.27029443,-0.03224681,-0.035854697,-0.281489,-0.07627115,-0.031611383,-0.16776758,-0.06982009,-0.023732245,-0.09050238,-0.04848071,0.046954095,-0.25517255,-0.048092168,0.008227825,-0.2473706,-0.06784679,0.006827712,-0.16959834,-0.053768925,0.01639396,-0.12346113,-0.034236833
-0.07075149,-0.059342623,-0.015406865,-0.09479499,-0.18582487,-0.027381426,-0.057581186,-0.27896893,-0.042603776,-0.013391018,-0.34303033,-0.055517532,-0.09931797,-0.2546402,-0.008723987,-0.13525894,-0.30837375,-0.055609293,-0.12320018,-0.22615975,-0.08508469,-0.106566966,-0.15586942,-0.09571274,-0.051254034,-0.2723943,-0.01822109,-0.09861183,-0.35301247,-0.070158966,-0.095828116,-0.26157722,-0.08718521,-0.08388972,-0.17350894,-0.081261836,2.4139881e-05,-0.27029443,-0.03224681,-0.035854697,-0.281489,-0.07627115,-0.031611383,-0.16776758,-0.06982009,-0.023732245,-0.09050238,-0.04848071,0.046954095,-0.25517255,-0.048092168,0.008227825,-0.2473706,-0.06784679,0.006827712,-0.16959834,-0.053768925,0.01639396,-0.12346113,-0.034236833
-0.067187846,-0.0613389,-0.018542325,-0.088012755,-0.18998319,-0.031670086,-0.048585415,-0.28332302,-0.04738645,-0.001177907,-0.34606272,-0.060259808,-0.0924893,-0.25778335,-0.012281451,-0.12728888,-0.31492603,-0.05876015,-0.11765164,-0.23111445,-0.08727464,-0.103093326,-0.16026282,-0.09735819,-0.043259144,-0.27338737,-0.020154815,-0.08594668,-0.358578,-0.07142002,-0.087055504,-0.2688303,-0.08767784,-0.07959497,-0.18207979,-0.08155887,0.008061051,-0.26880258,-0.032754485,-0.022702456,-0.28596115,-0.07662104,-0.02396679,-0.17214435,-0.070198506,-0.020931304,-0.09346378,-0.0489355,0.05511117,-0.25117907,-0.047419257,0.020649493,-0.2524339,-0.06759983,0.014896572,-0.17732799,-0.05407678,0.019555807,-0.12970382,-0.03497544
-0.061553955,-0.060168743,-0.017242238,-0.07667309,-0.19261009,-0.029485395,-0.03174603,-0.27911407,-0.044332813,0.016310394,-0.33746964,-0.05670773,-0.07850659,-0.26176727,-0.011030563,-0.11054742,-0.31991506,-0.05548177,-0.10555357,-0.2385475,-0.08291184,-0.095369875,-0.16731721,-0.09240781,-0.02903819,-0.2719603,-0.0189943,-0.067484915,-0.3550676,-0.066649094,-0.0725528,-0.26774827,-0.08175027,-0.06754565,-0.18237692,-0.07600461,0.02148074,-0.26215807,-0.031679645,-0.008417308,-0.2880914,-0.0720806,-0.013720214,-0.1754942,-0.065087974,-0.0128878355,-0.09702122,-0.044892795,0.067199945,-0.24018022,-0.046266295,0.0315879,-0.24660257,-0.064910136,0.02502048,-0.17304903,-0.051243667,0.03106153,-0.12776506,-0.03272597
-0.061508715,-0.059990644,-0.017367989,-0.07657009,-0.19022405,-0.030178972,-0.03167385,-0.27508664,-0.045433983,0.017121434,-0.33158174,-0.058220364,-0.07635534,-0.2632901,-0.0126471445,-0.10864547,-0.3239594,-0.057831325,-0.10439724,-0.24246305,-0.085489094,-0.09453547,-0.17177266,-0.09528035,-0.026592612,-0.27213603,-0.021049593,-0.06506139,-0.3547694,-0.069173604,-0.070798755,-0.2663607,-0.08379877,-0.06659013,-0.18091226,-0.07791797,0.023927212,-0.2603831,-0.03423251,-0.008050084,-0.28190228,-0.0759159,-0.013051152,-0.16960186,-0.06908929,-0.011951506,-0.09243286,-0.049128007,0.069701254,-0.23649183,-0.049274676,0.030603707,-0.23752552,-0.07007992,0.022669256,-0.1601333,-0.057067364,0.02761817,-0.11242038,-0.038865443
-0.059730947,-0.06488621,-0.01798339,-0.06926298,-0.20013815,-0.031473976,-0.019309402,-0.28439257,-0.047268976,0.031897902,-0.3394205,-0.06032386,-0.06752902,-0.2696595,-0.018201869,-0.095330775,-0.3332405,-0.062177896,-0.0926438,-0.24946177,-0.087715685,-0.085184336,-0.17719549,-0.09640998,-0.017340422,-0.2759114,-0.026456073,-0.05282837,-0.36127335,-0.07385264,-0.06097591,-0.27278826,-0.08697728,-0.058894932,-0.18739164,-0.08051656,0.033424497,-0.26183486,-0.03912797,0.0045425296,-0.28380108,-0.078367494,-0.0065076947,-0.17110318,-0.07004339,-0.00974822,-0.09409237,-0.049866676,0.07948774,-0.23645541,-0.053785376,0.04598975,-0.24318683,-0.07071602,0.034617722,-0.17072517,-0.05621077,0.03684807,-0.12664336,-0.03799323
-0.05889702,-0.07063788,-0.01902861,-0.06633282,-0.20915002,-0.032697532,-0.010143757,-0.29033262,-0.04889873,0.049682975,-0.33662722,-0.062094923,-0.06380117,-0.27123964,-0.016059889,-0.08798611,-0.33770537,-0.06140751,-0.08479196,-0.25426796,-0.08928605,-0.0781644,-0.18022162,-0.09927208,-0.014457405,-0.27440634,-0.024263525,-0.04268509,-0.36457857,-0.07329307,-0.05261022,-0.27941063,-0.08908305,-0.055165946,-0.19435906,-0.083905414,0.036203027,-0.25910047,-0.037235714,0.012686014,-0.28650916,-0.0778885,-0.0021003485,-0.17423558,-0.070951186,-0.009767473,-0.0945847,-0.0508786,0.08264989,-0.2317673,-0.052419554,0.053438008,-0.24649483,-0.07046752,0.0382483,-0.17231172,-0.056133118,0.03624749,-0.122722745,-0.0374976
-0.056507945,-0.070488036,-0.020095227,-0.056671083,-0.20838875,-0.034325816,-0.0027447343,-0.29004192,-0.050988644,0.050259292,-0.34222573,-0.06474606,-0.05357045,-0.27871823,-0.015233889,-0.077815115,-0.34060028,-0.062271263,-0.07951015,-0.25591347,-0.090383515,-0.07581711,-0.18012917,-0.09977163,-0.0026846528,-0.27837044,-0.02298665,-0.031782985,-0.36004567,-0.07256301,-0.04505104,-0.2711559,-0.086823,-0.047480702,-0.18574077,-0.08056028,0.04751122,-0.25835586,-0.03621212,0.021100402,-0.28179094,-0.07828813,0.0045019984,-0.17065036,-0.0702481,-0.0019887686,-0.09435433,-0.049330886,0.092451274,-0.22729275,-0.05156561,0.0606457,-0.24227327,-0.070108645,0.04468763,-0.16899174,-0.05493625,0.043661416,-0.12261313,-0.03559198
-0.052471876,-0.07187176,-0.019825147,-0.050267875,-0.21109366,-0.033804927,0.009066343,-0.2886089,-0.049602896,0.070173085,-0.3318205,-0.06201935,-0.05219525,-0.27617383,-0.019042594,-0.068525374,-0.34470633,-0.061476618,-0.07133347,-0.26082164,-0.08680623,-0.06868285,-0.1887517,-0.09616846,-0.0006227493,-0.27544224,-0.02640922,-0.019263208,-0.36304736,-0.07283282,-0.033351064,-0.27742654,-0.086940005,-0.037839532,-0.19416338,-0.081746355,0.04926473,-0.2550838,-0.038200766,0.032078803,-0.2805109,-0.07508695,0.009997904,-0.16889364,-0.06667379,-0.0036230087,-0.09007031,-0.047223803,0.09355205,-0.22431031,-0.052337777,0.06708455,-0.232782,-0.066929616,0.048702717,-0.16329819,-0.05200599,0.04349637,-0.11935401,-0.03419961
-0.051072,-0.07230592,-0.021611473,-0.047724485,-0.21171236,-0.03616692,0.014182687,-0.2885803,-0.052324448,0.07770699,-0.32741645,-0.06490396,-0.050677896,-0.2692944,-0.021823833,-0.06452942,-0.34619027,-0.063839465,-0.06809187,-0.26342288,-0.08715373,-0.06670904,-0.19267124,-0.09479597,3.707409e-05,-0.26718393,-0.027890861,-0.014305949,-0.36117446,-0.07400852,-0.028367698,-0.27390727,-0.086008914,-0.033180416,-0.19203973,-0.07887918,0.049471498,-0.24666515,-0.038589284,0.037253857,-0.27760133,-0.076045565,0.014040589,-0.1674586,-0.06787722,7.921457e-05,-0.09043378,-0.04782336,0.09496033,-0.2165792,-0.05158093,0.07431418,-0.23644477,-0.0662079,0.05469495,-0.17024702,-0.05174594,0.048484385,-0.12626064,-0.03401864
-0.052530646,-0.06527662,-0.025075221,-0.044451237,-0.19826567,-0.041035503,0.021366954,-0.26827055,-0.05672308,0.08585578,-0.30520856,-0.06872791,-0.04068798,-0.27418473,-0.027120667,-0.058101773,-0.33797878,-0.07183823,-0.057887256,-0.2538217,-0.09785377,-0.05363512,-0.18312317,-0.10759808,0.013647616,-0.2693127,-0.031313308,-0.003404975,-0.3415622,-0.08013687,-0.017214894,-0.24496597,-0.09180824,-0.022924304,-0.1635794,-0.08453598,0.06319553,-0.24316809,-0.04064913,0.042503953,-0.25048327,-0.078610435,0.015756965,-0.14532602,-0.06855969,-0.00043201447,-0.07844627,-0.048413023,0.10438764,-0.20706272,-0.052753024,0.07633597,-0.20606184,-0.067731634,0.053175747,-0.13951743,-0.052790087,0.04560864,-0.10273796,-0.035105973
-0.052166283,-0.07081157,-0.031112395,-0.036805928,-0.2062766,-0.048947316,0.035954416,-0.27123088,-0.06534043,0.10275304,-0.3014605,-0.07827699,-0.03476417,-0.28588828,-0.031165393,-0.053205132,-0.33290404,-0.07927144,-0.05341798,-0.24620542,-0.1095192,-0.048943102,-0.17665547,-0.122609094,0.023333967,-0.27878094,-0.03341084,0.0052468777,-0.33424097,-0.08715562,-0.013269126,-0.23570824,-0.10317222,-0.02148366,-0.15549338,-0.09868854,0.07355583,-0.2478559,-0.04140139,0.048255563,-0.24003804,-0.08332226,0.015852273,-0.13484895,-0.076078154,-0.0024837255,-0.070456326,-0.057396185,0.11103296,-0.20745605,-0.052757625,0.07624388,-0.18769878,-0.07080956,0.050266445,-0.12019056,-0.05850157,0.042927682,-0.088279426,-0.042287327
-0.049433768,-0.070371985,-0.03658691,-0.034683466,-0.19625777,-0.056930784,0.0375039,-0.25665087,-0.074222036,0.10402256,-0.28589195,-0.08754463,-0.021221876,-0.3034534,-0.034750078,-0.044397295,-0.32337677,-0.08477114,-0.050331056,-0.23135239,-0.11856777,-0.046766996,-0.1604423,-0.13500464,0.037329137,-0.28945953,-0.03530166,0.0109959245,-0.31614226,-0.089057066,-0.011238754,-0.216277,-0.1060814,-0.019542873,-0.14117181,-0.10398859,0.08470875,-0.25107008,-0.042299967,0.055223405,-0.21934795,-0.08406509,0.017970502,-0.12049395,-0.07668797,-0.0037471652,-0.06337631,-0.059654508,0.11664373,-0.20160604,-0.053580135,0.08106011,-0.16167665,-0.07192686,0.05004531,-0.09508568,-0.059912033,0.038298547,-0.06728089,-0.04456125
-0.04981017,-0.06982511,-0.034711827,-0.037538826,-0.19882607,-0.05514002,0.034336925,-0.26165473,-0.07333845,0.10411912,-0.28779408,-0.08763617,-0.019183993,-0.30729365,-0.035494864,-0.045749962,-0.32648975,-0.08549378,-0.05054438,-0.23446167,-0.1186296,-0.046043336,-0.16442358,-0.13460325,0.037888706,-0.2938295,-0.037362106,0.012276232,-0.31845877,-0.09093185,-0.009653449,-0.21744537,-0.10644272,-0.019016325,-0.14205813,-0.103323326,0.08502579,-0.25466305,-0.045542628,0.054648995,-0.22233641,-0.08715285,0.018325508,-0.12322444,-0.0790871,-0.002612412,-0.06531316,-0.061490487,0.11877406,-0.20402038,-0.057828836,0.08544111,-0.17175269,-0.0759242,0.055545986,-0.106939375,-0.06357725,0.04444599,-0.07813156,-0.04802191
-0.047926247,-0.069043934,-0.031930704,-0.03574735,-0.19607484,-0.05130494,0.033875287,-0.26057732,-0.0690365,0.101602376,-0.28906164,-0.08324163,-0.019478261,-0.30544308,-0.03377739,-0.045716226,-0.32233417,-0.08151269,-0.05054778,-0.2294541,-0.112910695,-0.04559982,-0.1612829,-0.12797616,0.037638783,-0.2906604,-0.0366931,0.012267351,-0.31504986,-0.08841341,-0.009121418,-0.21571904,-0.10369885,-0.01805675,-0.1410464,-0.10071796,0.08462256,-0.25229806,-0.045373242,0.052999318,-0.21978325,-0.08579929,0.017948806,-0.12115073,-0.07852767,-0.0025498867,-0.062278867,-0.061605256,0.11896086,-0.2028979,-0.057743583,0.0837118,-0.17148715,-0.07455187,0.053640783,-0.10628879,-0.06199433,0.041714728,-0.07473612,-0.04648731
-0.049000084,-0.0697664,-0.033772256,-0.03673792,-0.1920358,-0.054859433,0.033178747,-0.25321925,-0.07371458,0.101272464,-0.28060514,-0.08886144,-0.01646012,-0.31079167,-0.035778154,-0.044409394,-0.3195706,-0.08521981,-0.04904014,-0.22528487,-0.11877517,-0.04497236,-0.1544866,-0.13495204,0.041330993,-0.29419786,-0.037873555,0.014425039,-0.30910093,-0.09062281,-0.008514106,-0.20721793,-0.10642455,-0.02035743,-0.12900954,-0.103573635,0.08801955,-0.25390664,-0.045992576,0.05512643,-0.2147888,-0.08608131,0.02030164,-0.11909765,-0.07901356,-0.000900805,-0.060675144,-0.06229273,0.121075034,-0.20265168,-0.05816548,0.08396655,-0.16463172,-0.07434759,0.05311787,-0.10113996,-0.062126506,0.03985375,-0.07103902,-0.0468013
-0.050965726,-0.07085222,-0.03276552,-0.03947699,-0.19958341,-0.05280411,0.03247702,-0.25989956,-0.07072205,0.10182148,-0.28497404,-0.0852858,-0.018846512,-0.3097115,-0.03546953,-0.04555559,-0.32200631,-0.08425068,-0.049999833,-0.22790909,-0.11748089,-0.045248747,-0.15501267,-0.13366795,0.039420605,-0.29464132,-0.03781724,0.012707591,-0.3142108,-0.09040182,-0.008814454,-0.21219677,-0.10696056,-0.018164635,-0.13243276,-0.10464074,0.08694893,-0.25582913,-0.045885943,0.054525852,-0.21837139,-0.08520589,0.01965034,-0.1208173,-0.0781097,-0.0009915233,-0.060219824,-0.06159505,0.120367825,-0.20631647,-0.057908587,0.08248007,-0.16857529,-0.0735136,0.053969562,-0.102868676,-0.06080855,0.04394722,-0.07110411,-0.04537176
-0.056539416,-0.06926626,-0.03164057,-0.048016846,-0.19971508,-0.05132045,0.024582982,-0.2586116,-0.06930908,0.094129086,-0.28379056,-0.08372777,-0.02629155,-0.30587733,-0.03292796,-0.06020695,-0.32599682,-0.08255032,-0.06630778,-0.22903603,-0.11551192,-0.05867666,-0.1554063,-0.131607,0.032778084,-0.29405698,-0.03678697,-0.0013024807,-0.3274809,-0.08978945,-0.023065567,-0.22091454,-0.104717806,-0.028863668,-0.14349991,-0.1012109,0.08002001,-0.25406694,-0.0466332,0.04380071,-0.23476028,-0.08584336,0.010045767,-0.13292748,-0.075899586,-0.0058628917,-0.07634872,-0.057958763,0.111710906,-0.20217985,-0.06048195,0.070519805,-0.17052734,-0.07675658,0.04379773,-0.106871665,-0.06337988,0.038915038,-0.08247024,-0.047755197
-0.05422342,-0.06974518,-0.028281815,-0.044363856,-0.2056225,-0.04550161,0.022806704,-0.2732495,-0.062326167,0.08594841,-0.31064165,-0.0760327,-0.042180896,-0.28871578,-0.025541933,-0.06828517,-0.33348435,-0.071288384,-0.07407707,-0.24068594,-0.09930351,-0.07067627,-0.16693711,-0.11038515,0.014265001,-0.2838045,-0.028222935,-0.01349026,-0.33739337,-0.077803195,-0.031162202,-0.23223686,-0.09061403,-0.035681844,-0.14824241,-0.08426397,0.06363034,-0.25593406,-0.036758482,0.036360502,-0.25371373,-0.07318603,0.011564434,-0.14650708,-0.063168466,-0.00066930056,-0.07953519,-0.043811604,0.102035224,-0.21803057,-0.048670787,0.068332136,-0.20770228,-0.06121544,0.048552394,-0.13920683,-0.045863602,0.046060026,-0.104857326,-0.028402148
-0.055698216,-0.07557911,-0.02772152,-0.046177983,-0.21174735,-0.045861136,0.0217641,-0.2827975,-0.06404819,0.085596085,-0.32348055,-0.078785904,-0.04763335,-0.28928816,-0.025986329,-0.06860143,-0.33695018,-0.07244332,-0.072716415,-0.2413249,-0.100768544,-0.07072091,-0.16714412,-0.11235244,0.00952369,-0.28467768,-0.02971182,-0.015651524,-0.3453359,-0.07976455,-0.03227365,-0.23952633,-0.092782885,-0.036956906,-0.15467113,-0.08692768,0.061145842,-0.2575137,-0.039221015,0.038230002,-0.26417458,-0.076721765,0.013249993,-0.15435028,-0.06577556,-4.464388e-05,-0.08405644,-0.0455829,0.102023184,-0.2200346,-0.052121267,0.07404518,-0.21731538,-0.065452434,0.054929674,-0.14989525,-0.04956812,0.051462293,-0.11438972,-0.031722393
-0.055969954,-0.07151663,-0.021521581,-0.055673122,-0.20974684,-0.036837414,0.0025700927,-0.2879414,-0.053384624,0.0617826,-0.33413282,-0.0666589,-0.05822742,-0.28227746,-0.022462437,-0.07902229,-0.3436863,-0.066472605,-0.08163148,-0.2537265,-0.09321731,-0.07837212,-0.18182063,-0.10428551,-0.0039453506,-0.2840557,-0.029351454,-0.030358732,-0.36354527,-0.077118464,-0.04415846,-0.26792428,-0.0909262,-0.04644394,-0.18423277,-0.08590157,0.047374845,-0.26215753,-0.040735684,0.022741318,-0.28005454,-0.077464476,0.0033738017,-0.1663298,-0.06727078,-0.005710602,-0.09104997,-0.04750794,0.09000194,-0.2284807,-0.05482733,0.058440685,-0.22711694,-0.070782974,0.044373214,-0.15984207,-0.0566642,0.045207858,-0.123728156,-0.03959964
-0.056363583,-0.072475195,-0.019257495,-0.057294965,-0.2084639,-0.033676904,-0.002936542,-0.28722885,-0.05085711,0.05430585,-0.33632994,-0.06501577,-0.052607894,-0.28068006,-0.015471069,-0.07841915,-0.3391359,-0.059854176,-0.08375931,-0.25171208,-0.086510025,-0.08207691,-0.17947984,-0.096362114,-0.0033842921,-0.27954486,-0.023594925,-0.0363093,-0.36055577,-0.071471214,-0.051180482,-0.266837,-0.08412941,-0.05330807,-0.18279308,-0.077669404,0.045710504,-0.25813824,-0.03681982,0.019256711,-0.2863872,-0.07524006,0.0011626482,-0.17381942,-0.06396359,-0.005675614,-0.09613234,-0.041996352,0.08993107,-0.22464925,-0.052586433,0.062448382,-0.24499127,-0.06763676,0.04460603,-0.1783545,-0.0510501,0.0410074,-0.13441223,-0.031689167
-0.057697594,-0.071033835,-0.01554961,-0.0616374,-0.20804608,-0.027611492,-0.010721862,-0.28948173,-0.043194987,0.03932935,-0.34383917,-0.056421395,-0.057480693,-0.2772079,-0.009443546,-0.08595759,-0.3395427,-0.05340007,-0.08743256,-0.25634527,-0.08036493,-0.08354694,-0.18248862,-0.0899236,-0.007360339,-0.28148374,-0.01919949,-0.043989062,-0.36437872,-0.06590347,-0.055942595,-0.27735838,-0.081043124,-0.057316363,-0.19292533,-0.076143816,0.042224646,-0.2658038,-0.033836298,0.0076928735,-0.2885383,-0.072819024,-0.0042781234,-0.17625195,-0.06562229,-0.0079449415,-0.09958345,-0.04634519,0.08614427,-0.23817283,-0.05041937,0.04821682,-0.24409366,-0.06729073,0.035802066,-0.1706577,-0.052977715,0.03690386,-0.1262452,-0.034950584
-0.05921471,-0.066767395,-0.0133965695,-0.07181758,-0.19848442,-0.02369643,-0.024114907,-0.28171054,-0.037592538,0.026064157,-0.33514535,-0.049283594,-0.069924235,-0.25624815,-0.0060698004,-0.09787822,-0.32825196,-0.047281545,-0.0927887,-0.25132036,-0.07242535,-0.083315074,-0.18340576,-0.0813391,-0.022343576,-0.2633357,-0.016188016,-0.05888349,-0.35923272,-0.061815787,-0.06440395,-0.27461278,-0.07679071,-0.061209083,-0.19272017,-0.071476325,0.027052522,-0.25188807,-0.030718865,-0.0055387616,-0.28547022,-0.06998447,-0.0124108195,-0.17341751,-0.063014306,-0.012916148,-0.09773147,-0.043306623,0.07299644,-0.22934505,-0.04676848,0.033752263,-0.24481302,-0.06470464,0.024782777,-0.17125523,-0.05074625,0.029235363,-0.12626362,-0.03273422
-0.06143409,-0.06570059,-0.013733978,-0.07366544,-0.19426048,-0.025269456,-0.026404262,-0.2771254,-0.040003426,0.02237755,-0.33510458,-0.053076692,-0.07388073,-0.26004142,-0.007403313,-0.103577524,-0.32169098,-0.049970616,-0.09920919,-0.24543014,-0.07724793,-0.09035027,-0.1753316,-0.087381735,-0.025344431,-0.2695714,-0.017112065,-0.065767765,-0.35625955,-0.063290514,-0.07152206,-0.27135724,-0.07967583,-0.066535234,-0.18616903,-0.075473696,0.02435857,-0.25998023,-0.03108974,-0.008572578,-0.28984132,-0.07104318,-0.013798296,-0.17820197,-0.06559574,-0.012173891,-0.10002893,-0.046888825,0.06917268,-0.2386899,-0.04650294,0.028621674,-0.24232766,-0.06629067,0.022310674,-0.16783702,-0.05402659,0.029367208,-0.12336749,-0.03671686
-0.064692676,-0.06821412,-0.014226649,-0.0782848,-0.19614744,-0.025624577,-0.029549718,-0.28050938,-0.03957704,0.022722065,-0.33626795,-0.05188433,-0.078962445,-0.2550792,-0.007914897,-0.105686456,-0.31528738,-0.04661882,-0.10084951,-0.24122012,-0.07190268,-0.09183121,-0.17405236,-0.08162318,-0.031183183,-0.263598,-0.015878886,-0.06948161,-0.34823674,-0.058588147,-0.072667,-0.26586846,-0.074860804,-0.065975666,-0.18052828,-0.071735255,0.017691612,-0.2580487,-0.027688153,-0.012004137,-0.29367882,-0.06433337,-0.015676975,-0.1873228,-0.060937032,-0.013990581,-0.106811404,-0.04489711,0.063379884,-0.24146256,-0.040995114,0.02185756,-0.24616015,-0.059645988,0.015953839,-0.16964084,-0.04976808,0.022821963,-0.118493915,-0.0349169
-0.06436354,-0.06706548,-0.014629688,-0.07715821,-0.19867057,-0.025613734,-0.026284456,-0.2837727,-0.038983293,0.026284158,-0.34001783,-0.050650958,-0.0774678,-0.25646487,-0.007911338,-0.10439214,-0.32028306,-0.046025824,-0.10043141,-0.24627873,-0.070555076,-0.09120351,-0.17933977,-0.08003518,-0.029124916,-0.26475164,-0.015572105,-0.0676949,-0.35211146,-0.05812327,-0.071739435,-0.26883316,-0.074267775,-0.06501818,-0.18400657,-0.07115597,0.020032704,-0.25866643,-0.027114935,-0.010490894,-0.2969295,-0.06353218,-0.015922725,-0.1887542,-0.059714988,-0.014918387,-0.108400285,-0.043623026,0.065636516,-0.24179715,-0.04017662,0.022330225,-0.24755141,-0.05910461,0.016491354,-0.17115521,-0.049435087,0.02445066,-0.121662915,-0.034881495
-0.06491172,-0.07248461,-0.013947087,-0.07961792,-0.20089728,-0.025453186,-0.031563222,-0.28713033,-0.040363185,0.022582054,-0.34044284,-0.053194482,-0.07793009,-0.2574898,-0.007011984,-0.10627779,-0.32383406,-0.04812877,-0.10073069,-0.24824697,-0.07402062,-0.09132779,-0.18227142,-0.08353608,-0.029897332,-0.26566905,-0.01584045,-0.06591952,-0.35506538,-0.061728895,-0.07015395,-0.27091616,-0.078178756,-0.06643045,-0.1869101,-0.07398094,0.019366384,-0.25923434,-0.02882528,-0.011947691,-0.291946,-0.06800431,-0.018092752,-0.18276095,-0.06389641,-0.018492281,-0.1033923,-0.045849174,0.06527442,-0.24185649,-0.043360095,0.02507639,-0.25036728,-0.06157925,0.017531753,-0.17792475,-0.050426915,0.022469163,-0.12969184,-0.034104746
-0.06503397,-0.07229084,-0.013465735,-0.07850051,-0.20110166,-0.02519134,-0.031501114,-0.28694698,-0.040478893,0.020430148,-0.34134135,-0.053619336,-0.07906163,-0.26125497,-0.008716138,-0.10730541,-0.3240384,-0.050630607,-0.1019932,-0.24446976,-0.07673689,-0.09145433,-0.17771465,-0.08626041,-0.029717267,-0.26904476,-0.018274022,-0.06577408,-0.35791877,-0.06490522,-0.07179034,-0.2736391,-0.08128045,-0.06809765,-0.1901294,-0.07676936,0.020561934,-0.2609282,-0.03169456,-0.010667026,-0.28813598,-0.07038566,-0.017843127,-0.17901522,-0.06512909,-0.01794678,-0.10201049,-0.046338096,0.06674683,-0.24203575,-0.046689317,0.02764839,-0.2484017,-0.0626842,0.019233048,-0.17802733,-0.049525138,0.024193883,-0.13300896,-0.032018024
-0.062102854,-0.06442428,-0.017883403,-0.075460255,-0.19807535,-0.031781416,-0.024456501,-0.27990878,-0.047929972,0.030949295,-0.33167544,-0.06162832,-0.071715474,-0.27489358,-0.016099514,-0.10312557,-0.32812864,-0.060913783,-0.10297555,-0.24194282,-0.08911594,-0.093464375,-0.17182249,-0.10038646,-0.020011246,-0.28377086,-0.024419293,-0.059275925,-0.35679963,-0.074130535,-0.06893027,-0.26711208,-0.09109015,-0.06525594,-0.1837014,-0.08698196,0.03045541,-0.27219158,-0.036881026,-0.005569339,-0.27376848,-0.07551618,-0.017168224,-0.15885895,-0.068731844,-0.02009821,-0.08145589,-0.05006835,0.07341164,-0.2483868,-0.05171462,0.031462967,-0.22653273,-0.06822348,0.021513402,-0.15089583,-0.05495079,0.025651693,-0.10853714,-0.037686404
-0.067484915,-0.06095177,-0.027330693,-0.07780796,-0.19170332,-0.045929875,-0.021100521,-0.26978242,-0.06402793,0.03639257,-0.31941587,-0.07821239,-0.069209754,-0.2877729,-0.027902605,-0.105454236,-0.3220411,-0.07801446,-0.10377443,-0.23104164,-0.11009563,-0.09207201,-0.16250318,-0.12495474,-0.013341904,-0.2949464,-0.032969847,-0.055492938,-0.340198,-0.0864044,-0.064658344,-0.23865244,-0.10176203,-0.060382605,-0.15823448,-0.09777175,0.037186325,-0.27545437,-0.043568324,-0.004886806,-0.25356597,-0.082916625,-0.020009458,-0.14253104,-0.07179231,-0.023929596,-0.07533842,-0.052360877,0.07562977,-0.24062622,-0.057992976,0.030296087,-0.19848663,-0.07629517,0.022076786,-0.12978548,-0.0634753,0.029257834,-0.10090989,-0.04731718
-0.06498599,-0.057757795,-0.031881526,-0.07141006,-0.1849019,-0.051683687,-0.014872491,-0.26368538,-0.069652125,0.041510522,-0.31579724,-0.08334714,-0.065974,-0.28963375,-0.03308823,-0.10331175,-0.31477416,-0.08800004,-0.10425323,-0.2216993,-0.12405913,-0.095139265,-0.14869887,-0.14055948,-0.009286225,-0.2978278,-0.03732016,-0.053582907,-0.34206378,-0.09463448,-0.06539214,-0.23935372,-0.11165356,-0.063931406,-0.15696436,-0.10763077,0.042085707,-0.27773842,-0.047455978,0.0011662841,-0.24635595,-0.091020115,-0.017179072,-0.13245726,-0.07965922,-0.024366856,-0.06439501,-0.058569502,0.08010948,-0.24105811,-0.06189229,0.03632939,-0.18882388,-0.08192833,0.025422752,-0.11702281,-0.06807459,0.03034556,-0.087690055,-0.050330468
-0.06609237,-0.06576407,-0.031838868,-0.073899865,-0.19447047,-0.052593578,-0.014418185,-0.27159506,-0.07173732,0.049254358,-0.31623882,-0.086227365,-0.055823624,-0.3059573,-0.031183377,-0.09794074,-0.31664968,-0.082875125,-0.101771,-0.21960372,-0.11811784,-0.09152156,-0.14875203,-0.13573276,-0.00037640333,-0.31002623,-0.03556256,-0.046152294,-0.32998228,-0.08930466,-0.058646858,-0.2250756,-0.10557563,-0.056535304,-0.1475746,-0.103217326,0.049474835,-0.28355557,-0.0460065,0.0076679587,-0.23811579,-0.0850686,-0.014257252,-0.13140476,-0.073823854,-0.023925722,-0.069369316,-0.055114277,0.086794734,-0.24036777,-0.06112623,0.04558164,-0.18817776,-0.07692039,0.031249225,-0.12039745,-0.06272679,0.03299868,-0.093600094,-0.046337362
-0.067977905,-0.06590468,-0.03410849,-0.07077646,-0.19712943,-0.05642969,-0.0058407187,-0.26971486,-0.076436795,0.0564214,-0.31411973,-0.092298076,-0.057152033,-0.30376273,-0.036345325,-0.09903443,-0.314821,-0.087633066,-0.10387814,-0.2157883,-0.12298735,-0.09310877,-0.14454341,-0.14142984,0.0014932752,-0.30589408,-0.039296325,-0.04642725,-0.3267808,-0.09339053,-0.06110245,-0.21913815,-0.11116365,-0.057902515,-0.1423186,-0.11069479,0.052828133,-0.27727467,-0.04781393,0.008285701,-0.23769373,-0.08586994,-0.015778601,-0.12747294,-0.07358064,-0.024536133,-0.06504953,-0.05520215,0.08907902,-0.23353761,-0.06104316,0.043743134,-0.18528044,-0.07698654,0.031748593,-0.1204257,-0.0622359,0.037395537,-0.098841906,-0.0460639
-0.06656045,-0.061523676,-0.03458812,-0.07180148,-0.18871695,-0.056666054,-0.011293054,-0.26333216,-0.07650254,0.047947824,-0.31015536,-0.09182352,-0.05517435,-0.30505282,-0.035202287,-0.09896302,-0.31322074,-0.09128978,-0.10384664,-0.21372455,-0.12940623,-0.09402615,-0.13849336,-0.1481483,0.001450777,-0.30727667,-0.03893898,-0.047707736,-0.32937092,-0.09802619,-0.06317866,-0.21919882,-0.11603397,-0.062059343,-0.1368751,-0.11346126,0.0507164,-0.278517,-0.049004138,0.0043884516,-0.23268622,-0.09261743,-0.017126977,-0.12180984,-0.08078751,-0.024767578,-0.057786763,-0.060277138,0.08581281,-0.23413205,-0.06381715,0.039798915,-0.1790474,-0.08327529,0.02847141,-0.1110543,-0.068932295,0.033800006,-0.08600581,-0.05139853
-0.06518191,-0.061602592,-0.032954987,-0.07141513,-0.18876088,-0.054166082,-0.012713194,-0.2643519,-0.07358394,0.046608746,-0.31102827,-0.0885678,-0.053768992,-0.30432644,-0.03245044,-0.09759134,-0.31351683,-0.08731185,-0.10185784,-0.2142626,-0.12404336,-0.092403054,-0.13879704,-0.14139797,0.0019739866,-0.3056884,-0.036650952,-0.047241032,-0.32873982,-0.09361204,-0.061792135,-0.21865535,-0.110105395,-0.06129694,-0.1359703,-0.1064008,0.051047504,-0.277239,-0.047267232,0.0046314,-0.23367023,-0.08989668,-0.01614368,-0.12333614,-0.07834795,-0.024122536,-0.059218287,-0.057849742,0.08730662,-0.23257834,-0.06237174,0.040736258,-0.18193913,-0.08046567,0.028071284,-0.1117543,-0.06557747,0.03205067,-0.08343631,-0.047659267
-0.06483674,-0.059220135,-0.030541759,-0.07225734,-0.19039083,-0.05101184,-0.016010702,-0.2692645,-0.07031846,0.04047227,-0.31910652,-0.08575866,-0.056875825,-0.30356053,-0.031648915,-0.10320577,-0.32172558,-0.0840514,-0.10487679,-0.22132957,-0.1178759,-0.09191561,-0.14689165,-0.13345493,-0.0011436939,-0.30775145,-0.03630324,-0.056077838,-0.3417701,-0.091303095,-0.06797129,-0.23288018,-0.10579847,-0.06398362,-0.15021008,-0.10100069,0.04701686,-0.28153285,-0.046973914,-0.0043783784,-0.2560183,-0.088252366,-0.019473553,-0.14152849,-0.075855896,-0.021209776,-0.07435906,-0.055108257,0.08234733,-0.23932251,-0.061674643,0.030883193,-0.19669038,-0.08016476,0.018687367,-0.12286836,-0.065778665,0.025067091,-0.092339754,-0.048280764
-0.064794004,-0.0568797,-0.023702959,-0.08003664,-0.188173,-0.040380258,-0.030100584,-0.27399802,-0.05786257,0.025198996,-0.32612914,-0.07252282,-0.07065219,-0.28625017,-0.025343498,-0.109348714,-0.32288578,-0.07491237,-0.10940662,-0.22992656,-0.105918266,-0.09744096,-0.15875238,-0.11972802,-0.016448915,-0.29729354,-0.03310971,-0.06408882,-0.35283893,-0.08797299,-0.073735595,-0.25335747,-0.10473725,-0.07000893,-0.16912746,-0.10038636,0.03336835,-0.2829774,-0.045819413,-0.01442039,-0.26680204,-0.08893731,-0.024595797,-0.15431446,-0.08202533,-0.025545955,-0.08340764,-0.06374492,0.07194966,-0.25305185,-0.06146954,0.022749782,-0.20544392,-0.082198046,0.01668626,-0.13224983,-0.07141622,0.02524221,-0.09885234,-0.056067046
-0.064794004,-0.0568797,-0.023702959,-0.08003664,-0.188173,-0.040380258,-0.030100584,-0.27399802,-0.05786257,0.025198996,-0.32612914,-0.07252282,-0.07065219,-0.28625017,-0.025343498,-0.109348714,-0.32288578,-0.07491237,-0.10940662,-0.22992656,-0.105918266,-0.09744096,-0.15875238,-0.11972802,-0.016448915,-0.29729354,-0.03310971,-0.06408882,-0.35283893,-0.08797299,-0.073735595,-0.25335747,-0.10473725,-0.07000893,-0.16912746,-0.10038636,0.03336835,-0.2829774,-0.045819413,-0.01442039,-0.26680204,-0.08893731,-0.024595797,-0.15431446,-0.08202533,-0.025545955,-0.08340764,-0.06374492,0.07194966,-0.25305185,-0.06146954,0.022749782,-0.20544392,-0.082198046,0.01668626,-0.13224983,-0.07141622,0.02524221,-0.09885234,-0.056067046
-0.06858504,-0.0730114,-0.013878788,-0.08514035,-0.20750028,-0.024440961,-0.04000604,-0.2936936,-0.03900307,0.012812495,-0.3468209,-0.051118463,-0.07134253,-0.27814993,-0.0018469269,-0.10971111,-0.32968295,-0.047601853,-0.10828489,-0.24796891,-0.07655795,-0.098816276,-0.17876822,-0.087157436,-0.023153663,-0.29040673,-0.011857534,-0.07069433,-0.36509278,-0.061335824,-0.07992971,-0.27926147,-0.07916899,-0.07845312,-0.19715846,-0.07490002,0.025125682,-0.28295666,-0.027090985,-0.022709548,-0.28288746,-0.06828684,-0.029925346,-0.17382514,-0.065093994,-0.028356731,-0.10151911,-0.047541868,0.06717491,-0.2607646,-0.044328425,0.014773905,-0.2439492,-0.062342096,0.01133877,-0.16987139,-0.0515971,0.022716165,-0.12785506,-0.035576794
-0.06472069,-0.06709659,-0.015327856,-0.07994372,-0.19688779,-0.026751233,-0.03504443,-0.28490958,-0.04118212,0.016198993,-0.3446551,-0.05356658,-0.07481885,-0.2584678,-0.006457344,-0.10755834,-0.31897146,-0.048372056,-0.10393205,-0.24483562,-0.074687354,-0.09510958,-0.17599219,-0.08400167,-0.028545499,-0.26933888,-0.014790356,-0.07096529,-0.35146618,-0.059808318,-0.07680619,-0.26913345,-0.076212265,-0.0736565,-0.18565333,-0.07241629,0.018797994,-0.26558656,-0.027863065,-0.017800331,-0.2892514,-0.067341514,-0.02233237,-0.18233484,-0.06443247,-0.020520687,-0.10608655,-0.047721658,0.063379526,-0.24959746,-0.042573858,0.017435074,-0.24975869,-0.061396677,0.012434542,-0.17304426,-0.050976653,0.020355105,-0.12399292,-0.035495616
-0.066709876,-0.069512606,-0.014894843,-0.08012098,-0.1940152,-0.027101276,-0.03359872,-0.27828768,-0.04258752,0.015177429,-0.3380021,-0.056082536,-0.07697511,-0.25736865,-0.0054680947,-0.106422365,-0.3169918,-0.047795467,-0.1032953,-0.24221131,-0.07438402,-0.09517777,-0.17199582,-0.0835438,-0.029847682,-0.26584956,-0.014032808,-0.071347415,-0.34694463,-0.059940327,-0.07614559,-0.26410058,-0.0769488,-0.07077789,-0.17884421,-0.07310557,0.017625391,-0.25950152,-0.027360788,-0.014910936,-0.28419912,-0.067653686,-0.020705998,-0.17707586,-0.065220326,-0.020172179,-0.09821302,-0.048279308,0.06237179,-0.2421323,-0.042180423,0.020349741,-0.24536303,-0.061340187,0.013116658,-0.16921532,-0.050774816,0.01787734,-0.117222905,-0.034724716
-0.068107426,-0.071333945,-0.012640333,-0.08229822,-0.19008136,-0.023588875,-0.03710586,-0.2753301,-0.03858412,0.010669887,-0.3337664,-0.05204099,-0.079331875,-0.24226832,0.00020514059,-0.10554147,-0.30744165,-0.0375966,-0.10461885,-0.23963806,-0.06269853,-0.09792942,-0.17675787,-0.072360225,-0.035686016,-0.24961334,-0.009052348,-0.07291013,-0.33764648,-0.050670248,-0.07795411,-0.26368228,-0.06869456,-0.07281631,-0.1860348,-0.06748969,0.010729492,-0.24721345,-0.022578832,-0.021315157,-0.29157895,-0.060263205,-0.025821567,-0.19042945,-0.058947776,-0.023219466,-0.113446176,-0.0442506,0.057302594,-0.23467636,-0.037394527,0.014442325,-0.25118053,-0.056646943,0.005632341,-0.17808187,-0.04691756,0.009775281,-0.12535137,-0.032159135
-0.067433655,-0.06988567,-0.011549225,-0.08247906,-0.18612218,-0.022597717,-0.038671076,-0.2701503,-0.037576426,0.0067659616,-0.33157554,-0.051286347,-0.07984859,-0.24375781,0.0007872175,-0.10565585,-0.30673975,-0.035657644,-0.106009364,-0.2392607,-0.060696755,-0.099649936,-0.17533123,-0.07072071,-0.03655076,-0.2504594,-0.008637616,-0.07484579,-0.33434024,-0.04835639,-0.0793407,-0.26108402,-0.06658899,-0.0727514,-0.18238574,-0.06643842,0.009814918,-0.24793234,-0.022014773,-0.02248472,-0.29105812,-0.05814009,-0.025600374,-0.19095021,-0.056981374,-0.021221817,-0.11269581,-0.043283116,0.056686938,-0.2357482,-0.036526736,0.010618091,-0.24773651,-0.055882774,0.0042243004,-0.17370021,-0.04652058,0.011220157,-0.12071031,-0.032284204
-0.06802684,-0.07315725,-0.011870058,-0.082505226,-0.190902,-0.023059905,-0.03839463,-0.2757001,-0.038315717,0.008574843,-0.3357892,-0.052248474,-0.08020407,-0.24506229,-0.00016482714,-0.10561183,-0.31025073,-0.03701729,-0.105415404,-0.24260536,-0.06195098,-0.09962386,-0.17873937,-0.07170155,-0.036521256,-0.2515207,-0.009392879,-0.07380992,-0.33635825,-0.050054036,-0.07814491,-0.26162386,-0.06807203,-0.07268703,-0.1817323,-0.06736214,0.010127306,-0.24898773,-0.022623714,-0.021941364,-0.29384777,-0.05910927,-0.024802208,-0.19398701,-0.058020882,-0.020712078,-0.114950776,-0.04401518,0.05710125,-0.23710155,-0.037045002,0.012578249,-0.2520057,-0.055810347,0.0055285096,-0.18005025,-0.046501223,0.011696875,-0.12717259,-0.032259546
-0.06471878,-0.070385635,-0.009989346,-0.07861012,-0.1948837,-0.019630663,-0.036530375,-0.28138673,-0.033615723,0.011036694,-0.33997566,-0.046372894,-0.07483041,-0.24756625,-0.0014869493,-0.103501916,-0.31174883,-0.039942276,-0.10216284,-0.24053982,-0.06393095,-0.09410757,-0.17600232,-0.072214626,-0.030432165,-0.25612366,-0.011658096,-0.06981659,-0.34426004,-0.05467209,-0.07700342,-0.2655763,-0.070840605,-0.07289219,-0.18438268,-0.066955216,0.016036749,-0.25298786,-0.025630238,-0.02124089,-0.28777462,-0.06277844,-0.025649488,-0.18411475,-0.059245143,-0.021956563,-0.10882568,-0.042214323,0.06068623,-0.23960924,-0.04060316,0.014632344,-0.2505136,-0.056927834,0.010646522,-0.17935115,-0.04496148,0.020510972,-0.13220793,-0.028475398
-0.064249754,-0.06502241,-0.012246781,-0.08030254,-0.19085193,-0.023322921,-0.03659737,-0.27548304,-0.037449405,0.013198435,-0.33292496,-0.050159883,-0.07516074,-0.24825442,-0.009209327,-0.105555624,-0.31072414,-0.04720141,-0.10285279,-0.23798537,-0.0701442,-0.094067276,-0.17225242,-0.078068614,-0.029786289,-0.25715658,-0.018248526,-0.07195175,-0.34222984,-0.06008835,-0.07764268,-0.2623551,-0.07479718,-0.07266414,-0.18007529,-0.070819154,0.017166734,-0.25346625,-0.030828092,-0.019929588,-0.28337768,-0.068005964,-0.023783386,-0.17747217,-0.06457593,-0.020760834,-0.10025114,-0.048362378,0.06255907,-0.23946199,-0.044381913,0.015091062,-0.24423066,-0.062361713,0.009338558,-0.1682536,-0.051512286,0.017014265,-0.117791235,-0.036209922
-0.06859982,-0.06449205,-0.018552288,-0.08584857,-0.19495773,-0.03244282,-0.044938624,-0.28434098,-0.048764333,0.00410378,-0.3432957,-0.06232325,-0.08050591,-0.2628457,-0.016636064,-0.11654982,-0.32523397,-0.06065567,-0.11500546,-0.24271792,-0.085451744,-0.1046024,-0.17391211,-0.09350444,-0.03129065,-0.2740324,-0.024374256,-0.07458985,-0.35688877,-0.07335731,-0.08333826,-0.27050114,-0.08774485,-0.08135426,-0.18820149,-0.08120757,0.017990768,-0.26727995,-0.036450665,-0.025299847,-0.2755191,-0.0778404,-0.03203726,-0.16687906,-0.071992755,-0.029443264,-0.0946877,-0.052300945,0.063587666,-0.24908799,-0.050379038,0.016124487,-0.2420105,-0.06735778,0.01025188,-0.17007309,-0.053918082,0.018840134,-0.12758791,-0.036010932
-0.07000911,-0.063503444,-0.019280355,-0.08890104,-0.19448793,-0.034925375,-0.042826593,-0.28203204,-0.052963197,0.011929035,-0.3358102,-0.06826611,-0.0762496,-0.2823448,-0.018577605,-0.1179111,-0.3226343,-0.06776763,-0.115293324,-0.23335141,-0.09854472,-0.10324618,-0.16242069,-0.111274004,-0.025306761,-0.29277435,-0.028106967,-0.07545966,-0.35065007,-0.08244318,-0.0825516,-0.2558323,-0.0996091,-0.078229666,-0.17180616,-0.0951166,0.023192406,-0.280567,-0.04248781,-0.026019454,-0.2631495,-0.0854408,-0.03341514,-0.15055084,-0.07849065,-0.03231162,-0.078084946,-0.05910083,0.063357174,-0.25347644,-0.05949553,0.014897704,-0.21990883,-0.07831716,0.0097257495,-0.14647055,-0.06544426,0.017799318,-0.10849154,-0.0481725
-0.06811613,-0.05731529,-0.02287592,-0.08756852,-0.18796235,-0.0391527,-0.042313397,-0.2765508,-0.056379583,0.011382997,-0.33192268,-0.07024563,-0.07730651,-0.28479394,-0.021633347,-0.11949587,-0.3209893,-0.07100736,-0.11525783,-0.23064154,-0.10233568,-0.10169697,-0.15896267,-0.115482196,-0.024671972,-0.2964982,-0.029366745,-0.074588835,-0.3509487,-0.08229294,-0.081566095,-0.25686288,-0.09889023,-0.07854754,-0.17396784,-0.094499044,0.02444464,-0.28431207,-0.04223128,-0.02361089,-0.26268128,-0.08397212,-0.031799495,-0.15055656,-0.07663511,-0.033173084,-0.07952863,-0.057700478,0.06425446,-0.25588074,-0.058150847,0.016167462,-0.21342099,-0.07653818,0.009180605,-0.13728124,-0.06359372,0.014129877,-0.09889954,-0.04654013
-0.07045138,-0.05418712,-0.024639612,-0.09076798,-0.18683863,-0.041586917,-0.042756855,-0.27654263,-0.059039015,0.009511054,-0.3352769,-0.07295775,-0.0787701,-0.2872702,-0.023490248,-0.12367836,-0.32488137,-0.07387457,-0.11919689,-0.23259497,-0.1055598,-0.10403007,-0.16105437,-0.119445235,-0.023617089,-0.30091003,-0.03042524,-0.075798154,-0.35070658,-0.08622495,-0.080999196,-0.2501834,-0.103575654,-0.07426828,-0.1664558,-0.0995553,0.026257396,-0.28879917,-0.042711075,-0.024984598,-0.2622953,-0.08602395,-0.03249681,-0.14787918,-0.07840161,-0.03202766,-0.07769829,-0.059707742,0.06345421,-0.26067287,-0.058264844,0.013028443,-0.20646983,-0.07891573,0.0110039115,-0.13202137,-0.06790796,0.022127807,-0.10062921,-0.052376635
-0.06614047,-0.050956964,-0.024381671,-0.0835011,-0.183424,-0.040641323,-0.03673172,-0.2717236,-0.057046127,0.011542141,-0.3320874,-0.070074745,-0.07716668,-0.27983654,-0.025205687,-0.120073855,-0.31884068,-0.075098425,-0.11439115,-0.22724527,-0.10621824,-0.09863725,-0.1550048,-0.11957139,-0.021215618,-0.29440483,-0.031653468,-0.07116461,-0.3476761,-0.08580133,-0.07637137,-0.24904129,-0.101941116,-0.0701527,-0.1661734,-0.09743739,0.029429615,-0.28259605,-0.04324181,-0.021031499,-0.25711584,-0.0848494,-0.028444648,-0.14148796,-0.07566934,-0.028521597,-0.070911944,-0.05630549,0.06742805,-0.25523585,-0.058049444,0.017533422,-0.20254213,-0.07706029,0.014314771,-0.12852746,-0.06455666,0.023620844,-0.09750718,-0.048183184
-0.066282034,-0.051211596,-0.024308693,-0.08448142,-0.18304902,-0.04060467,-0.039354026,-0.27208272,-0.057040043,0.008841991,-0.33432302,-0.06989502,-0.07965559,-0.2770567,-0.02449785,-0.12071651,-0.31458908,-0.07581897,-0.11415711,-0.22397408,-0.107783474,-0.09893042,-0.15175337,-0.12103888,-0.024619222,-0.29293483,-0.031274673,-0.07432729,-0.34990782,-0.085892536,-0.07914412,-0.25387654,-0.102334514,-0.07325238,-0.17123991,-0.097487494,0.026397288,-0.28308296,-0.04323402,-0.021882653,-0.25679603,-0.08568474,-0.028516114,-0.14019948,-0.07610783,-0.028680682,-0.06895739,-0.055751015,0.065746546,-0.2572287,-0.058455028,0.0182845,-0.20558035,-0.07715267,0.015433431,-0.12988555,-0.063464314,0.0246799,-0.09660542,-0.045868494
-0.06677705,-0.053318262,-0.026552105,-0.08614278,-0.18393832,-0.044031978,-0.041782677,-0.27529806,-0.06136727,0.008864939,-0.33791113,-0.07444803,-0.08263773,-0.2819463,-0.024517098,-0.123705715,-0.31929177,-0.07845118,-0.11444533,-0.2279355,-0.11191947,-0.09816158,-0.15370178,-0.12509553,-0.027944744,-0.29714724,-0.030628003,-0.07558113,-0.3578735,-0.0863125,-0.07906026,-0.26013672,-0.10203203,-0.074879885,-0.1758455,-0.095920816,0.023889065,-0.2861666,-0.042586356,-0.02226621,-0.26210564,-0.08616037,-0.028864264,-0.14660513,-0.075986885,-0.029920459,-0.07664019,-0.054474566,0.064725816,-0.2583802,-0.058046374,0.017652929,-0.21195924,-0.07571285,0.012240529,-0.13424206,-0.060568493,0.019220531,-0.09904462,-0.04176266
-0.06702244,-0.05459833,-0.026403304,-0.08477795,-0.18565923,-0.044320643,-0.038867474,-0.27621073,-0.062147465,0.011862814,-0.33885154,-0.07583266,-0.08570969,-0.27812046,-0.026639597,-0.1242474,-0.3199407,-0.080608875,-0.11402941,-0.22916302,-0.114381105,-0.09741089,-0.15507174,-0.12830253,-0.029717863,-0.29397625,-0.032900926,-0.07569629,-0.3558147,-0.089930944,-0.07855338,-0.25756517,-0.106870025,-0.0737645,-0.17272264,-0.10185566,0.023498297,-0.28336012,-0.044689246,-0.022012115,-0.2605062,-0.0890099,-0.029523253,-0.14338142,-0.07896926,-0.031767726,-0.071746826,-0.057755515,0.06468773,-0.25651518,-0.05991066,0.019609094,-0.21080661,-0.07857997,0.014389932,-0.1343494,-0.06376849,0.02096802,-0.10012847,-0.04532174
-0.06979656,-0.05490166,-0.022921916,-0.08899677,-0.18587637,-0.039572764,-0.042734265,-0.27502257,-0.057077467,0.008235037,-0.3359866,-0.0715544,-0.080387294,-0.28063205,-0.023413885,-0.12198052,-0.31772175,-0.074555315,-0.11671078,-0.22648406,-0.106433645,-0.10221082,-0.153795,-0.11941767,-0.026591599,-0.2947032,-0.03056052,-0.078941345,-0.35235196,-0.084972985,-0.08457273,-0.25544706,-0.101210155,-0.07869154,-0.17069525,-0.09608375,0.02387011,-0.28356397,-0.042733658,-0.025815964,-0.26316047,-0.085116,-0.030756712,-0.14834559,-0.07610672,-0.028610349,-0.0764218,-0.05590653,0.06343931,-0.25698814,-0.057903547,0.014483452,-0.21246761,-0.076434046,0.011597931,-0.13676518,-0.06282803,0.02170688,-0.1016106,-0.045185376
-0.066057265,-0.05884856,-0.018804494,-0.084456205,-0.19018948,-0.03362218,-0.037655294,-0.27698088,-0.05008486,0.011603117,-0.33524132,-0.063647054,-0.07766557,-0.286472,-0.017319543,-0.11938104,-0.3240253,-0.063124746,-0.11563322,-0.23331231,-0.09269718,-0.102570534,-0.16075432,-0.10536869,-0.024366558,-0.29899722,-0.026063396,-0.075653434,-0.3505395,-0.07517849,-0.0814634,-0.25277865,-0.091432236,-0.07484853,-0.16818416,-0.08800951,0.025959611,-0.2873101,-0.039439753,-0.020642638,-0.2734929,-0.0778316,-0.026783466,-0.16056085,-0.07117666,-0.02542913,-0.087246776,-0.05419147,0.06635952,-0.25955796,-0.055420615,0.017959774,-0.21946746,-0.07414085,0.014255106,-0.14473695,-0.063151255,0.02388817,-0.10686344,-0.047891293
-0.07143706,-0.06381303,-0.01817263,-0.091005564,-0.19887215,-0.032613363,-0.0465492,-0.2899912,-0.04957756,0.006268561,-0.34822762,-0.063868396,-0.086269915,-0.27826625,-0.015538924,-0.12587336,-0.32717484,-0.06355423,-0.120308936,-0.23514354,-0.09284514,-0.1054503,-0.16338855,-0.104177736,-0.033706605,-0.29211137,-0.024626484,-0.08389163,-0.359115,-0.07834836,-0.08824092,-0.26202,-0.09536744,-0.080242515,-0.17765594,-0.09008001,0.016667306,-0.28511226,-0.0384108,-0.030711114,-0.28339958,-0.08213448,-0.03304422,-0.16879219,-0.07648749,-0.027777791,-0.094971836,-0.057144716,0.05873239,-0.26503593,-0.05436789,0.008419216,-0.236752,-0.07441568,0.005502522,-0.1584425,-0.062688574,0.016353428,-0.11724037,-0.045646083
-0.06954652,-0.06328112,-0.017197648,-0.08908647,-0.19486207,-0.031044062,-0.04760331,-0.28541464,-0.047790945,0.0029289126,-0.34478056,-0.06216456,-0.08106643,-0.27285355,-0.013734004,-0.12354797,-0.32272604,-0.060477857,-0.11902803,-0.23601264,-0.08890893,-0.10522804,-0.1632961,-0.09919521,-0.03088975,-0.28569102,-0.023080312,-0.08312833,-0.3542247,-0.073714465,-0.08856678,-0.2642377,-0.090015136,-0.08294755,-0.18029743,-0.08500556,0.01822275,-0.27944276,-0.037155494,-0.03102684,-0.27949357,-0.08042792,-0.03392756,-0.16781193,-0.07561489,-0.029329002,-0.09320694,-0.056727596,0.061634004,-0.25985825,-0.053132523,0.010224044,-0.24004447,-0.072942525,0.005914092,-0.16179484,-0.06066285,0.014697909,-0.11578292,-0.043177318
-0.06765294,-0.06764084,-0.01386828,-0.08806282,-0.19439602,-0.025989212,-0.048941612,-0.2832864,-0.04143665,1.2934208e-05,-0.34206092,-0.05461108,-0.08163637,-0.26732895,-0.0067957654,-0.11855292,-0.31927705,-0.050270226,-0.11392707,-0.23699474,-0.077910416,-0.10216075,-0.16820294,-0.08813174,-0.033756793,-0.280381,-0.01643808,-0.08128089,-0.3549566,-0.06393085,-0.08661699,-0.2690745,-0.081024915,-0.08134407,-0.18565547,-0.07689103,0.014897466,-0.27690077,-0.030346662,-0.029167056,-0.28523558,-0.07078322,-0.03160107,-0.1759445,-0.06706556,-0.027175188,-0.09941715,-0.04919189,0.059182048,-0.2604669,-0.045922454,0.010712326,-0.24708539,-0.06419824,0.0071070194,-0.17050093,-0.052449625,0.016148686,-0.122909844,-0.035501678
-0.06986481,-0.07062143,-0.013373515,-0.0887534,-0.197061,-0.025383137,-0.050507963,-0.2877787,-0.041154232,-0.0034156442,-0.35120332,-0.054740284,-0.07929945,-0.26614588,-0.0037059353,-0.1175015,-0.32137293,-0.047524273,-0.113779575,-0.24093801,-0.07513904,-0.103455365,-0.17252195,-0.0849338,-0.03286624,-0.27819148,-0.01350213,-0.08244139,-0.3537972,-0.060830597,-0.08852482,-0.26890692,-0.07817897,-0.08358079,-0.1871922,-0.074356854,0.013998985,-0.27553454,-0.027936168,-0.03257817,-0.28818113,-0.0692613,-0.034836948,-0.18071538,-0.066266015,-0.029087782,-0.10623175,-0.048701145,0.05675161,-0.26016402,-0.04391396,0.0060588717,-0.25026998,-0.06292343,0.0034988523,-0.17336196,-0.051738765,0.014154851,-0.12639499,-0.035091713
-0.0683918,-0.07307279,-0.013585179,-0.08722335,-0.19939512,-0.025988594,-0.047668517,-0.28888363,-0.041914504,-0.00012683868,-0.3514677,-0.055592082,-0.0801689,-0.2652991,-0.0053296704,-0.11396745,-0.32344192,-0.048728105,-0.110028386,-0.2438117,-0.07645414,-0.10082549,-0.1766671,-0.08671196,-0.03324169,-0.2768423,-0.014975031,-0.078094184,-0.35526788,-0.062109567,-0.08451861,-0.26939008,-0.0795971,-0.08039868,-0.1863944,-0.07602182,0.014410257,-0.27425942,-0.029006086,-0.028429389,-0.29075727,-0.06966114,-0.031653345,-0.18223417,-0.06612621,-0.02706021,-0.105932534,-0.048443463,0.05799359,-0.25903895,-0.044627335,0.0105317235,-0.25098318,-0.063410744,0.007108867,-0.1740318,-0.051932216,0.016771555,-0.12612504,-0.035189286
-0.06653774,-0.064059496,-0.014827703,-0.086979926,-0.19424307,-0.026725084,-0.046945274,-0.28414842,-0.041263558,0.002000153,-0.34281865,-0.053598527,-0.08096743,-0.26232907,-0.011216877,-0.11438933,-0.32275805,-0.052974332,-0.11230224,-0.24169296,-0.078131944,-0.10220483,-0.17504865,-0.087217234,-0.031926095,-0.27383175,-0.020001633,-0.07567513,-0.35497248,-0.06619921,-0.0838483,-0.26898932,-0.08179472,-0.07997626,-0.18839198,-0.07707929,0.016892016,-0.26954108,-0.03269484,-0.026904285,-0.285514,-0.07212138,-0.031508684,-0.17604345,-0.067279585,-0.027854562,-0.10210526,-0.04929545,0.061223507,-0.25312638,-0.046885215,0.010757983,-0.24441081,-0.06472743,0.006826937,-0.16872555,-0.052523736,0.016876101,-0.124156296,-0.03571897
-0.06653774,-0.064059496,-0.014827703,-0.086979926,-0.19424307,-0.026725084,-0.046945274,-0.28414842,-0.041263558,0.002000153,-0.34281865,-0.053598527,-0.08096743,-0.26232907,-0.011216877,-0.11438933,-0.32275805,-0.052974332,-0.11230224,-0.24169296,-0.078131944,-0.10220483,-0.17504865,-0.087217234,-0.031926095,-0.27383175,-0.020001633,-0.07567513,-0.35497248,-0.06619921,-0.0838483,-0.26898932,-0.08179472,-0.07997626,-0.18839198,-0.07707929,0.016892016,-0.26954108,-0.03269484,-0.026904285,-0.285514,-0.07212138,-0.031508684,-0.17604345,-0.067279585,-0.027854562,-0.10210526,-0.04929545,0.061223507,-0.25312638,-0.046885215,0.010757983,-0.24441081,-0.06472743,0.006826937,-0.16872555,-0.052523736,0.016876101,-0.124156296,-0.03571897
-0.06404704,-0.058758378,-0.015138875,-0.086683154,-0.18786442,-0.025632935,-0.047478855,-0.28024948,-0.03914574,0.0018078685,-0.3374872,-0.04974774,-0.07800901,-0.26442713,-0.0063868603,-0.11681718,-0.31992337,-0.050659362,-0.110882044,-0.23686346,-0.077344246,-0.097388506,-0.16801876,-0.08656071,-0.028866768,-0.2776227,-0.015434528,-0.07595527,-0.35563913,-0.0633208,-0.08168489,-0.26931772,-0.07835232,-0.07868451,-0.18748415,-0.07237427,0.01985991,-0.2724084,-0.02949057,-0.026250303,-0.27845037,-0.07091657,-0.03079784,-0.16733539,-0.06590033,-0.02968216,-0.09269911,-0.047009848,0.06366849,-0.25293988,-0.04545621,0.013402641,-0.23670268,-0.06500404,0.008702576,-0.1591183,-0.053963076,0.016537488,-0.11269176,-0.037477165
-0.06670356,-0.05656624,-0.018822921,-0.08879733,-0.18728715,-0.032158766,-0.046842456,-0.27768734,-0.047420107,0.003424883,-0.33626637,-0.059478715,-0.079584,-0.27093196,-0.01467178,-0.121320754,-0.3234754,-0.06086112,-0.115670115,-0.23697498,-0.08866966,-0.1016705,-0.16686249,-0.09896239,-0.028722703,-0.28344122,-0.023115255,-0.079248786,-0.35412169,-0.073226675,-0.08426523,-0.26467907,-0.088485956,-0.080064476,-0.18319571,-0.082912266,0.020418882,-0.27561948,-0.036466733,-0.02808541,-0.2694179,-0.07835747,-0.03155732,-0.15716994,-0.07149478,-0.029536188,-0.08513993,-0.051997434,0.06304127,-0.25357828,-0.052196022,0.012637913,-0.22491229,-0.07135367,0.007741332,-0.14486206,-0.058465973,0.014474511,-0.100393176,-0.04098682
-0.067616224,-0.058059454,-0.021509327,-0.08740723,-0.1887207,-0.03757688,-0.04072106,-0.27565342,-0.054904863,0.013110518,-0.33073696,-0.06920489,-0.07739389,-0.28802457,-0.01949353,-0.11837354,-0.32345033,-0.067522176,-0.11589256,-0.23100916,-0.09840553,-0.1022867,-0.1607287,-0.112013325,-0.02345568,-0.29909894,-0.027993437,-0.07089287,-0.35111305,-0.081378415,-0.07911259,-0.25366485,-0.0992412,-0.07419795,-0.17027223,-0.09571856,0.02633363,-0.2871903,-0.04138982,-0.02181077,-0.265967,-0.08258481,-0.032110035,-0.15374905,-0.076335974,-0.033729255,-0.08248186,-0.0586941,0.065757096,-0.25996742,-0.05768473,0.016123295,-0.20980215,-0.07606221,0.011036813,-0.1342631,-0.06423466,0.019169211,-0.09907937,-0.048260275
-0.06894082,-0.054531276,-0.024686763,-0.08677435,-0.18451208,-0.04211574,-0.040219665,-0.27340487,-0.060045008,0.010836065,-0.33289105,-0.07455525,-0.07469773,-0.2869843,-0.022928374,-0.1189197,-0.32255876,-0.0729729,-0.11527145,-0.2324683,-0.10526892,-0.1005511,-0.16044647,-0.11939887,-0.01964581,-0.2985199,-0.029828627,-0.07109672,-0.34853327,-0.084329024,-0.08000046,-0.2539843,-0.10269855,-0.07630324,-0.17202127,-0.0998076,0.029493272,-0.28476763,-0.041969668,-0.023176432,-0.25680313,-0.08417935,-0.033773363,-0.14569753,-0.077195056,-0.034372807,-0.07659447,-0.05913046,0.066271365,-0.25524992,-0.057340868,0.012993395,-0.2043919,-0.0767351,0.009302378,-0.13161975,-0.06486804,0.019953787,-0.0997259,-0.048879523
-0.068365514,-0.056098282,-0.025647217,-0.083488226,-0.18593329,-0.04529157,-0.030482352,-0.27159804,-0.06449133,0.022281766,-0.32837254,-0.080929406,-0.065633,-0.29233313,-0.033326957,-0.11249441,-0.3177185,-0.08475102,-0.11313024,-0.22343427,-0.11854627,-0.09842056,-0.14991784,-0.13525894,-0.008802056,-0.30355507,-0.04046917,-0.06912124,-0.3431206,-0.09721157,-0.07779664,-0.23939669,-0.115905404,-0.06951207,-0.155756,-0.114578016,0.040664077,-0.285821,-0.052005578,-0.017479002,-0.2512892,-0.09454514,-0.02843672,-0.13570994,-0.08496767,-0.028657496,-0.06519997,-0.06674987,0.07354969,-0.2514401,-0.06688068,0.019095004,-0.1905536,-0.08763835,0.014651418,-0.117625594,-0.075377725,0.024482429,-0.0890702,-0.059901938
-0.06751835,-0.05606073,-0.032720067,-0.08392209,-0.18207157,-0.053765483,-0.029836118,-0.2602891,-0.07293899,0.025690258,-0.31227684,-0.087653056,-0.06730193,-0.30155215,-0.033580367,-0.11220223,-0.31321377,-0.08926691,-0.1141482,-0.21528691,-0.12684788,-0.101566344,-0.1397481,-0.14542058,-0.011083245,-0.3092926,-0.038801074,-0.06467903,-0.33693203,-0.098324694,-0.07491702,-0.22817284,-0.11719941,-0.06954914,-0.14388537,-0.11496453,0.038547754,-0.2870648,-0.050155576,-0.011303008,-0.24032873,-0.09546191,-0.02739197,-0.12707078,-0.08552393,-0.031926095,-0.060612738,-0.06600869,0.07326782,-0.24820143,-0.06596605,0.025334716,-0.18398017,-0.08838538,0.016418457,-0.111375034,-0.076295026,0.021944106,-0.08374238,-0.060083695
-0.07096428,-0.05999428,-0.0340083,-0.0870775,-0.18455482,-0.056332476,-0.032689154,-0.26225898,-0.076439075,0.025619388,-0.31040254,-0.09206996,-0.06705052,-0.30011538,-0.035136033,-0.112377554,-0.30886632,-0.091333695,-0.11365193,-0.21581352,-0.13044608,-0.1007466,-0.14538574,-0.15044858,-0.01048553,-0.30836517,-0.039385263,-0.062687755,-0.33181074,-0.09864797,-0.0728246,-0.22813427,-0.11813432,-0.06728846,-0.14778626,-0.11693734,0.03952247,-0.28491053,-0.049776677,-0.008613169,-0.2400111,-0.09339473,-0.025774539,-0.1301806,-0.08273855,-0.03141451,-0.064735234,-0.06340884,0.073820174,-0.24342689,-0.064982526,0.027779102,-0.18109256,-0.0859483,0.018415928,-0.11345333,-0.07351176,0.02425474,-0.08936703,-0.05734044
-0.071964025,-0.05999589,-0.033774436,-0.08459008,-0.18445551,-0.05611709,-0.028699934,-0.26468256,-0.076154485,0.026921868,-0.31819075,-0.09189522,-0.06225735,-0.31111962,-0.036547065,-0.11128536,-0.31065091,-0.09185573,-0.11456883,-0.21212381,-0.13084011,-0.10307574,-0.13536084,-0.15059644,-0.007576287,-0.31570122,-0.040620957,-0.06647885,-0.31668603,-0.097922266,-0.07653469,-0.20845073,-0.11695359,-0.071128905,-0.12627673,-0.11652389,0.040695548,-0.2894028,-0.050790522,-0.010621488,-0.23144674,-0.092115864,-0.027391195,-0.1240266,-0.08143919,-0.03290862,-0.05920136,-0.06330221,0.07519829,-0.2456469,-0.06596123,0.02873528,-0.17901528,-0.085333504,0.018518746,-0.11015564,-0.07296366,0.022292256,-0.0837571,-0.057289213
-0.0772028,-0.060869336,-0.03235395,-0.08633721,-0.18812054,-0.05448197,-0.021752596,-0.2619057,-0.07431727,0.03672886,-0.30968708,-0.090387926,-0.062007666,-0.31985205,-0.036461543,-0.11272442,-0.30290756,-0.08818156,-0.11730468,-0.20194513,-0.12631889,-0.103452444,-0.12605506,-0.14669767,-0.007050872,-0.32128403,-0.04120018,-0.067884386,-0.30571347,-0.09395163,-0.07870793,-0.19644749,-0.11247031,-0.06917834,-0.11830747,-0.11345924,0.041335046,-0.2900308,-0.051440794,-0.0076709986,-0.22757441,-0.08805174,-0.024621785,-0.118673384,-0.075941086,-0.025011718,-0.055416644,-0.05856486,0.07641739,-0.24173218,-0.066662654,0.026985943,-0.17577004,-0.08299594,0.016330361,-0.10528517,-0.068922885,0.024971902,-0.08095926,-0.052859567
-0.0788483,-0.06455737,-0.03159746,-0.087433994,-0.19424897,-0.05411878,-0.023493826,-0.2696439,-0.07473477,0.036769748,-0.3144132,-0.09197141,-0.056554914,-0.32483628,-0.039294146,-0.11369771,-0.30920696,-0.09120014,-0.11817631,-0.20496666,-0.12834413,-0.103150666,-0.12900245,-0.1481279,-0.0004594922,-0.32340524,-0.044709653,-0.06735438,-0.31013864,-0.09825035,-0.080014706,-0.20034367,-0.116254784,-0.07204437,-0.1237278,-0.11703934,0.046660364,-0.28922218,-0.055325195,-0.011200428,-0.23125058,-0.0931344,-0.028823555,-0.1242854,-0.08175641,-0.028553486,-0.06437391,-0.064916834,0.07759935,-0.23831224,-0.07052177,0.02198261,-0.17243278,-0.08785141,0.013425529,-0.10528773,-0.07484929,0.025624335,-0.085749865,-0.059760336
-0.078642786,-0.0649547,-0.03003658,-0.08621019,-0.19253796,-0.053320397,-0.024162292,-0.26945552,-0.07462128,0.033461988,-0.31941313,-0.09324726,-0.05397153,-0.32509807,-0.041340042,-0.11193204,-0.30361253,-0.09340253,-0.11579424,-0.20150608,-0.13169692,-0.10002771,-0.123159945,-0.15225248,0.0012491345,-0.3231726,-0.04670773,-0.06834996,-0.30323413,-0.09940457,-0.078178525,-0.19315535,-0.117658496,-0.06797999,-0.11288524,-0.119304575,0.047635376,-0.28935218,-0.056696676,-0.013515353,-0.23231143,-0.09298933,-0.027702749,-0.127114,-0.08078439,-0.025290906,-0.06456351,-0.0640241,0.07779634,-0.2383318,-0.07103586,0.020560086,-0.17431188,-0.08815303,0.015738785,-0.1107434,-0.074634336,0.029766679,-0.091904044,-0.059150916
-0.0712983,-0.054753065,-0.026565552,-0.086417615,-0.1819703,-0.046347402,-0.032874286,-0.2677353,-0.06564142,0.021455884,-0.32536972,-0.081756406,-0.07542473,-0.29731226,-0.0315566,-0.11792418,-0.3127762,-0.08403879,-0.117599964,-0.21593553,-0.11896202,-0.10296562,-0.14157909,-0.13627705,-0.017206013,-0.30847874,-0.039085325,-0.07164806,-0.33623344,-0.09674079,-0.080763936,-0.2245856,-0.1152567,-0.07205117,-0.13708258,-0.11284402,0.034233153,-0.28968054,-0.05151088,-0.018409908,-0.2433553,-0.09462745,-0.029926658,-0.12808931,-0.08459743,-0.028948724,-0.060397863,-0.065328345,0.06898934,-0.25302652,-0.06750113,0.018153489,-0.1871996,-0.08784274,0.016775012,-0.11824006,-0.07504432,0.029892504,-0.09500229,-0.05861112
-0.06735045,-0.055594146,-0.022445776,-0.083842635,-0.18887764,-0.040383544,-0.03280294,-0.27828112,-0.058859825,0.01997006,-0.3363868,-0.07490957,-0.07533616,-0.2871272,-0.02935757,-0.11614737,-0.32516265,-0.078565665,-0.1145215,-0.2279537,-0.10916971,-0.10086864,-0.15193582,-0.122831084,-0.019429505,-0.29917738,-0.03781776,-0.07307738,-0.3528834,-0.09221337,-0.07989669,-0.24780282,-0.10871437,-0.0724172,-0.16118288,-0.10487423,0.031097054,-0.28594244,-0.05058878,-0.01945585,-0.27049738,-0.092792906,-0.026213408,-0.15477455,-0.08390993,-0.024865746,-0.082104445,-0.06494834,0.07021308,-0.25735718,-0.066006914,0.018071353,-0.21592695,-0.085754335,0.012367547,-0.13649869,-0.072129354,0.019721687,-0.098017275,-0.05508598
-0.06693363,-0.059093654,-0.020128861,-0.08489442,-0.1912629,-0.035938226,-0.03850639,-0.27806398,-0.053500116,0.01437068,-0.33257005,-0.06888903,-0.07397491,-0.2817685,-0.021880422,-0.11736125,-0.32261196,-0.06942946,-0.11426544,-0.22910613,-0.09917551,-0.10078019,-0.15582252,-0.11170932,-0.020474792,-0.2941072,-0.0305826,-0.07393074,-0.35012436,-0.08410638,-0.08109027,-0.25058264,-0.101246536,-0.07567382,-0.16481352,-0.097081825,0.028576791,-0.2829007,-0.043658912,-0.022162616,-0.27094418,-0.086516894,-0.028323293,-0.15568447,-0.07986762,-0.02707076,-0.081269264,-0.06097788,0.067653775,-0.25706202,-0.059055172,0.016846538,-0.22225845,-0.078730516,0.0119300485,-0.14377582,-0.06560874,0.019738913,-0.10238367,-0.04812597
-0.068469584,-0.0654701,-0.017376311,-0.087572694,-0.19881725,-0.031017693,-0.04282558,-0.28625822,-0.04700176,0.011324942,-0.3416458,-0.060504373,-0.076940715,-0.27486783,-0.0139066,-0.11618602,-0.327016,-0.05856028,-0.11339176,-0.23948705,-0.086060084,-0.10093027,-0.17100888,-0.0969877,-0.025786757,-0.28787255,-0.022132635,-0.07550269,-0.35647333,-0.072899036,-0.08122343,-0.2632935,-0.08994907,-0.07484573,-0.18073177,-0.085617326,0.022909522,-0.28179514,-0.034669917,-0.026601255,-0.28358763,-0.07566913,-0.030427694,-0.17170322,-0.070743375,-0.02699703,-0.09710461,-0.052881416,0.06352496,-0.2630148,-0.04937311,0.0109196305,-0.23426732,-0.068343125,0.0067825317,-0.1562792,-0.05775891,0.015708447,-0.11294705,-0.0421538
-0.06756008,-0.064783335,-0.016481768,-0.087560534,-0.19670427,-0.029156677,-0.04701966,-0.28603715,-0.044830527,0.0025368333,-0.34406787,-0.057685375,-0.07621187,-0.2744089,-0.008788643,-0.11907154,-0.32846457,-0.054184206,-0.11514604,-0.24425235,-0.08242156,-0.10223955,-0.17416513,-0.09286873,-0.02649045,-0.28731748,-0.017575279,-0.078557074,-0.35598898,-0.067952015,-0.083414495,-0.26591274,-0.08484371,-0.078173935,-0.18300647,-0.07994532,0.021277368,-0.28145877,-0.031279363,-0.029407084,-0.27926818,-0.07367411,-0.03256786,-0.1665808,-0.068828195,-0.029233515,-0.09137857,-0.049803026,0.06255895,-0.26237524,-0.047045536,0.010287702,-0.24043784,-0.06661158,0.0065917373,-0.16218668,-0.05503311,0.015133977,-0.1166653,-0.03787836
-0.07093006,-0.07031065,-0.014526119,-0.09095472,-0.19781232,-0.027621822,-0.05099678,-0.28840032,-0.04405577,-0.0024892092,-0.3503969,-0.057905264,-0.08383548,-0.2694939,-0.007926055,-0.12137732,-0.32634717,-0.052184273,-0.11655545,-0.24243292,-0.07954375,-0.104554534,-0.17393744,-0.089624204,-0.035429418,-0.28204462,-0.017417543,-0.08360219,-0.35416082,-0.066290766,-0.08805913,-0.26448682,-0.08295229,-0.08148348,-0.18262458,-0.07864488,0.012574136,-0.27829176,-0.031494815,-0.032560647,-0.28738824,-0.07308809,-0.035101652,-0.17822427,-0.068862185,-0.029337227,-0.10347879,-0.050646026,0.056098104,-0.26200026,-0.047267087,0.0067230463,-0.25064546,-0.06676682,0.002850771,-0.17377532,-0.055684537,0.012187958,-0.12707067,-0.03914804
-0.06833005,-0.07049459,-0.013034237,-0.08617914,-0.19586366,-0.025040135,-0.04421717,-0.28558126,-0.040349115,0.003406763,-0.3488676,-0.05382299,-0.08098328,-0.26053295,-0.005770441,-0.11161989,-0.319586,-0.047682777,-0.107613266,-0.24262828,-0.074802585,-0.09848252,-0.17402053,-0.08498885,-0.03369665,-0.27163336,-0.015139855,-0.07809514,-0.35029945,-0.060658187,-0.08224839,-0.2673899,-0.078365706,-0.07595354,-0.18496811,-0.0756851,0.014161348,-0.26920092,-0.028605843,-0.025710225,-0.29182065,-0.06809801,-0.027371943,-0.18504977,-0.064933844,-0.022556603,-0.10862124,-0.04813824,0.058175385,-0.25477552,-0.04343094,0.009910345,-0.25255254,-0.06191327,0.006565571,-0.17548323,-0.050460383,0.0162341,-0.12675452,-0.0340835
-0.06634742,-0.07219738,-0.012160828,-0.08362049,-0.19578427,-0.023017732,-0.042880177,-0.2823556,-0.038036942,0.005164504,-0.3395845,-0.050994243,-0.07517034,-0.26104033,-1.693941e-05,-0.10856646,-0.3168303,-0.042610414,-0.1048207,-0.23808444,-0.07004917,-0.094007075,-0.16890496,-0.07970769,-0.029070795,-0.27168038,-0.00979934,-0.07205838,-0.35092956,-0.056434233,-0.07846826,-0.26867366,-0.07424907,-0.074472904,-0.18597281,-0.07035856,0.018076003,-0.26838917,-0.0241684,-0.022913396,-0.28548723,-0.06432969,-0.026839793,-0.18071127,-0.061892606,-0.022761822,-0.10553932,-0.044434987,0.06122154,-0.2529027,-0.040037695,0.013091981,-0.24992731,-0.05799921,0.009029388,-0.17507607,-0.046706885,0.018708706,-0.12630337,-0.0297984
-0.064591825,-0.06367558,-0.015053851,-0.08220106,-0.1941824,-0.026560025,-0.041408002,-0.28402326,-0.04103145,0.007466078,-0.34208882,-0.052951958,-0.07372218,-0.26531285,-0.008595622,-0.109030455,-0.32336783,-0.05145582,-0.10721454,-0.24031302,-0.07707101,-0.09731272,-0.1686461,-0.085462905,-0.026501775,-0.27684233,-0.01688852,-0.07089853,-0.35805237,-0.063708484,-0.07793993,-0.27099356,-0.07857825,-0.07517129,-0.18675637,-0.072335474,0.020986378,-0.27167994,-0.029573413,-0.023531973,-0.28118145,-0.06972368,-0.028137565,-0.17138952,-0.06523073,-0.02505672,-0.09617168,-0.04652522,0.064831674,-0.2543804,-0.043904327,0.0156672,-0.24516284,-0.062062934,0.010723889,-0.1685524,-0.050504867,0.019176126,-0.12129003,-0.03355206
-0.064591825,-0.06367558,-0.015053851,-0.08220106,-0.1941824,-0.026560025,-0.041408002,-0.28402326,-0.04103145,0.007466078,-0.34208882,-0.052951958,-0.07372218,-0.26531285,-0.008595622,-0.109030455,-0.32336783,-0.05145582,-0.10721454,-0.24031302,-0.07707101,-0.09731272,-0.1686461,-0.085462905,-0.026501775,-0.27684233,-0.01688852,-0.07089853,-0.35805237,-0.063708484,-0.07793993,-0.27099356,-0.07857825,-0.07517129,-0.18675637,-0.072335474,0.020986378,-0.27167994,-0.029573413,-0.023531973,-0.28118145,-0.06972368,-0.028137565,-0.17138952,-0.06523073,-0.02505672,-0.09617168,-0.04652522,0.064831674,-0.2543804,-0.043904327,0.0156672,-0.24516284,-0.062062934,0.010723889,-0.1685524,-0.050504867,0.019176126,-0.12129003,-0.03355206
-0.06515896,-0.064282835,-0.017485447,-0.0824886,-0.19451302,-0.030238146,-0.040771186,-0.28341782,-0.045692082,0.009256721,-0.34113145,-0.05827018,-0.07386184,-0.2728,-0.011309567,-0.113294095,-0.3261093,-0.056737877,-0.11021942,-0.23968238,-0.08418963,-0.09916562,-0.16732448,-0.09380762,-0.024670005,-0.28397357,-0.019472007,-0.073732436,-0.3581397,-0.06901186,-0.08069295,-0.2680289,-0.08445643,-0.07743853,-0.18425721,-0.07854381,0.023656547,-0.27536494,-0.03240218,-0.02374512,-0.27731356,-0.074153095,-0.029141963,-0.16640228,-0.068070084,-0.026797593,-0.09269339,-0.048183035,0.06657064,-0.2537527,-0.047408026,0.01894933,-0.23790252,-0.06557122,0.013028502,-0.16319609,-0.052594744,0.020022988,-0.11942428,-0.034583274
-0.06714493,-0.063854575,-0.018859586,-0.085671544,-0.19450992,-0.0321574,-0.042089283,-0.28292185,-0.047536746,0.009418786,-0.3397815,-0.059878632,-0.077684045,-0.27263004,-0.014300886,-0.116087556,-0.3266542,-0.05952733,-0.11228761,-0.24030247,-0.0870526,-0.10061222,-0.169164,-0.0971937,-0.027694345,-0.28631115,-0.021923335,-0.07317096,-0.36131915,-0.07120461,-0.08045375,-0.2716475,-0.08684796,-0.07935035,-0.18759769,-0.08139364,0.02109319,-0.2792277,-0.03418436,-0.023948431,-0.2743821,-0.074345514,-0.030713797,-0.16353506,-0.068716094,-0.03107959,-0.09061611,-0.050157838,0.06336349,-0.25781754,-0.04887861,0.01595807,-0.23043013,-0.06613536,0.008985579,-0.15317464,-0.054068133,0.014166534,-0.1091671,-0.03740847
-0.06662518,-0.0550794,-0.022961864,-0.08546895,-0.18583792,-0.03826529,-0.04108107,-0.27423665,-0.054636974,0.011776924,-0.32961047,-0.06750795,-0.077572465,-0.2741932,-0.020711845,-0.11841616,-0.32311204,-0.069388054,-0.114439994,-0.23504794,-0.09869553,-0.10198659,-0.16230303,-0.10964944,-0.026378155,-0.28638273,-0.0276224,-0.07216722,-0.35571253,-0.07972238,-0.080091715,-0.26374513,-0.0949904,-0.07928717,-0.18019176,-0.08901076,0.023119688,-0.27572605,-0.03968472,-0.020549953,-0.2641105,-0.08209983,-0.028228104,-0.15240455,-0.07461322,-0.02891481,-0.08164519,-0.054574113,0.06602335,-0.25030664,-0.054567568,0.020355403,-0.2229875,-0.07302128,0.013316274,-0.14683092,-0.059401214,0.018517077,-0.10582608,-0.04148538
-0.06583226,-0.05516684,-0.025951881,-0.08132708,-0.18487602,-0.04337323,-0.0320279,-0.26966995,-0.060708314,0.023212016,-0.32437375,-0.07412289,-0.071971595,-0.28362155,-0.025143115,-0.10937056,-0.31999975,-0.07530646,-0.105897486,-0.22840866,-0.10645778,-0.093649924,-0.15722704,-0.11965335,-0.017885447,-0.29381254,-0.031099966,-0.061472595,-0.34452915,-0.08455826,-0.06866342,-0.24411526,-0.099462405,-0.06563401,-0.16142637,-0.093960084,0.032235682,-0.2786922,-0.042643324,-0.010390878,-0.25168574,-0.08341917,-0.021608114,-0.1410495,-0.07403071,-0.024944603,-0.073921025,-0.054382954,0.0724228,-0.24805033,-0.05769258,0.027696371,-0.20087743,-0.07445497,0.01898104,-0.12753183,-0.060912274,0.022966146,-0.09426999,-0.044039138
-0.06583226,-0.05516684,-0.025951881,-0.08132708,-0.18487602,-0.04337323,-0.0320279,-0.26966995,-0.060708314,0.023212016,-0.32437375,-0.07412289,-0.071971595,-0.28362155,-0.025143115,-0.10937056,-0.31999975,-0.07530646,-0.105897486,-0.22840866,-0.10645778,-0.093649924,-0.15722704,-0.11965335,-0.017885447,-0.29381254,-0.031099966,-0.061472595,-0.34452915,-0.08455826,-0.06866342,-0.24411526,-0.099462405,-0.06563401,-0.16142637,-0.093960084,0.032235682,-0.2786922,-0.042643324,-0.010390878,-0.25168574,-0.08341917,-0.021608114,-0.1410495,-0.07403071,-0.024944603,-0.073921025,-0.054382954,0.0724228,-0.24805033,-0.05769258,0.027696371,-0.20087743,-0.07445497,0.01898104,-0.12753183,-0.060912274,0.022966146,-0.09426999,-0.044039138
-0.06500262,-0.056137025,-0.027124243,-0.07745451,-0.18835455,-0.045329787,-0.023575366,-0.26976138,-0.063047566,0.032542884,-0.32077044,-0.07695764,-0.067136586,-0.28895605,-0.028532632,-0.10441092,-0.31833738,-0.07897126,-0.10209578,-0.22464788,-0.1112155,-0.08864093,-0.15383577,-0.12627648,-0.010520458,-0.29890227,-0.034574844,-0.055050313,-0.34543926,-0.08987178,-0.06522989,-0.24277899,-0.10629449,-0.061791062,-0.1602574,-0.102184564,0.0408867,-0.28030995,-0.04589907,-0.0042337775,-0.24788186,-0.08739874,-0.019465685,-0.13407403,-0.07715284,-0.023329318,-0.06652564,-0.057298984,0.07937461,-0.24564868,-0.060850795,0.033018053,-0.19654697,-0.07916938,0.02561903,-0.12656343,-0.065663286,0.03338939,-0.09934914,-0.04894513
-0.062826574,-0.05478239,-0.028715147,-0.07600713,-0.18488586,-0.047073096,-0.026132822,-0.26748678,-0.06446987,0.028651118,-0.3225435,-0.07777563,-0.06815785,-0.2873781,-0.028031241,-0.10623062,-0.31590825,-0.078220904,-0.104304045,-0.2222125,-0.11040219,-0.09228361,-0.15076059,-0.12496202,-0.01293999,-0.29819274,-0.032916676,-0.05793655,-0.3452571,-0.08611801,-0.06744057,-0.24525693,-0.10169481,-0.06534308,-0.16386908,-0.097378924,0.037960768,-0.28098017,-0.043340467,-0.00442189,-0.24968868,-0.08313935,-0.019160986,-0.1372357,-0.07257208,-0.025170088,-0.06951636,-0.052856002,0.077965915,-0.24755538,-0.057689447,0.034726977,-0.19713205,-0.07383201,0.02339238,-0.12439817,-0.059431206,0.024942517,-0.09291649,-0.042367015
-0.06300169,-0.056404233,-0.028375914,-0.07456124,-0.18539512,-0.04706278,-0.020563304,-0.2656408,-0.06439893,0.034902096,-0.3201136,-0.077816606,-0.072701395,-0.2845279,-0.031393033,-0.10543424,-0.3162959,-0.08182355,-0.101691514,-0.2221365,-0.11410448,-0.08917779,-0.15114135,-0.12913725,-0.015567839,-0.2948858,-0.036340766,-0.057742596,-0.34697282,-0.09071225,-0.06485772,-0.24438605,-0.106513366,-0.060326874,-0.16086668,-0.10219268,0.037273288,-0.27730894,-0.046323653,-0.0029995441,-0.25392303,-0.086482994,-0.017304301,-0.1380524,-0.07494139,-0.023460865,-0.06749928,-0.054697443,0.07769644,-0.24417636,-0.060114358,0.03451985,-0.19256896,-0.0779836,0.025108397,-0.119861424,-0.064073965,0.028562784,-0.0896433,-0.04712871
-0.06338644,-0.058668256,-0.021085188,-0.07831699,-0.19158304,-0.03693743,-0.028357804,-0.27633482,-0.05371086,0.025538266,-0.328147,-0.06783685,-0.073045015,-0.2814543,-0.024241185,-0.10964945,-0.32086527,-0.070602335,-0.10786411,-0.2261163,-0.099069975,-0.09470931,-0.15379566,-0.11099641,-0.01967901,-0.29143298,-0.03225635,-0.065742195,-0.35216632,-0.0836607,-0.07446653,-0.2537918,-0.09921981,-0.06901258,-0.16915381,-0.09424864,0.030320764,-0.278622,-0.04450493,-0.01260978,-0.27108878,-0.08415782,-0.021173477,-0.1582058,-0.0762226,-0.020774186,-0.08606368,-0.057423748,0.071499884,-0.25158098,-0.05933792,0.024179101,-0.21628153,-0.07657195,0.017806292,-0.14013004,-0.06328563,0.0257864,-0.10259265,-0.04640624
-0.064784884,-0.057182193,-0.020505743,-0.083848715,-0.1918658,-0.035491653,-0.039478898,-0.27848673,-0.05176591,0.010620654,-0.33518,-0.06542501,-0.07709241,-0.2667356,-0.023999324,-0.11624876,-0.32112223,-0.06964639,-0.112594664,-0.23056203,-0.09592193,-0.09962478,-0.15886873,-0.10569472,-0.025419116,-0.28019965,-0.031164676,-0.07367575,-0.3553913,-0.08219189,-0.080640554,-0.26420087,-0.09758029,-0.07548678,-0.18271458,-0.0923071,0.02374959,-0.2720206,-0.04233523,-0.021107078,-0.27424046,-0.08362742,-0.026881576,-0.16249353,-0.07700728,-0.02475816,-0.09061974,-0.058275785,0.06522441,-0.25138032,-0.055571698,0.015409291,-0.22859561,-0.07427714,0.010711491,-0.15142065,-0.061606456,0.020102143,-0.11063945,-0.044854503
-0.06779218,-0.066584766,-0.018639956,-0.08559036,-0.19790423,-0.03364667,-0.040774763,-0.28568298,-0.050994113,0.011534631,-0.34392557,-0.06578469,-0.079444766,-0.26905647,-0.016420348,-0.11688164,-0.3221524,-0.06324739,-0.11322436,-0.23552302,-0.091955304,-0.100877434,-0.16498369,-0.10292271,-0.029257476,-0.28217193,-0.024874136,-0.07622385,-0.3594007,-0.076644845,-0.083584905,-0.2721783,-0.09458185,-0.078511596,-0.19066727,-0.09067029,0.019883811,-0.27606112,-0.037675966,-0.023102224,-0.2828213,-0.08071285,-0.029535234,-0.1713413,-0.075985275,-0.026930213,-0.096933246,-0.05737638,0.062158644,-0.25705248,-0.052507114,0.014397085,-0.23965642,-0.07210227,0.008919656,-0.16299063,-0.0600032,0.018066108,-0.119583964,-0.04291478
-0.067763746,-0.06754267,-0.016681127,-0.08292979,-0.19510907,-0.030430872,-0.041030347,-0.28608832,-0.046846014,0.006534636,-0.34953433,-0.060524847,-0.081052005,-0.26083598,-0.011565814,-0.11447129,-0.32381696,-0.055917665,-0.110025465,-0.24042055,-0.08224833,-0.099369794,-0.17150545,-0.09133583,-0.032764673,-0.2711465,-0.02018556,-0.076342404,-0.3534223,-0.06833358,-0.081576586,-0.26501223,-0.08369535,-0.076052785,-0.18334663,-0.07856793,0.016114354,-0.26694316,-0.03345757,-0.024237216,-0.28987238,-0.07536424,-0.027035832,-0.18055701,-0.07008235,-0.021490276,-0.1063174,-0.05121129,0.061599553,-0.2516142,-0.048415616,0.015295327,-0.24998921,-0.06838805,0.011238396,-0.17210114,-0.05666467,0.02129221,-0.12550664,-0.03975846
-0.06787431,-0.07093167,-0.015226078,-0.08386171,-0.19940215,-0.028694069,-0.040221512,-0.29030803,-0.045554407,0.009569585,-0.35057813,-0.060007215,-0.07950896,-0.26118842,-0.009345775,-0.11068481,-0.32433027,-0.053710073,-0.10845554,-0.24159083,-0.08057926,-0.09959108,-0.17202443,-0.09018377,-0.032133818,-0.2701302,-0.018892284,-0.07322872,-0.35292175,-0.06681631,-0.07996166,-0.26647136,-0.0827523,-0.074976444,-0.18534756,-0.07829865,0.016045272,-0.26516938,-0.033151336,-0.022860587,-0.29321826,-0.074944325,-0.026036322,-0.18474114,-0.0697497,-0.020649493,-0.10944003,-0.050879925,0.06164068,-0.24923062,-0.048952002,0.014897168,-0.25680152,-0.06836849,0.011295497,-0.18045533,-0.055802383,0.022005677,-0.1331386,-0.03839672
-0.06724447,-0.07197076,-0.015641954,-0.08076775,-0.19994271,-0.028260587,-0.036057055,-0.2892827,-0.04421097,0.014286399,-0.3472348,-0.057479784,-0.07856476,-0.2605626,-0.009614847,-0.10612476,-0.32508993,-0.05279132,-0.10316336,-0.24195564,-0.07825364,-0.094308466,-0.17507374,-0.08694721,-0.030339718,-0.2688416,-0.018310593,-0.06712854,-0.35722893,-0.06651849,-0.0741297,-0.2695182,-0.08182243,-0.07080716,-0.18693894,-0.07605754,0.01852882,-0.26196477,-0.03142359,-0.014892876,-0.28755853,-0.0715141,-0.020317554,-0.17994928,-0.06537218,-0.017942667,-0.10639191,-0.04556851,0.06324732,-0.24423957,-0.04632583,0.022792816,-0.25318405,-0.062539615,0.017585218,-0.18386984,-0.04904083,0.026078105,-0.1411643,-0.031141654
-0.060644746,-0.061385572,-0.019000376,-0.07344079,-0.19111615,-0.033470225,-0.026006639,-0.275306,-0.049450796,0.028546453,-0.3271842,-0.06254135,-0.07290012,-0.2676942,-0.021386448,-0.10356486,-0.3232041,-0.06609828,-0.098127455,-0.23609665,-0.09225306,-0.08776331,-0.16638076,-0.10164133,-0.02270782,-0.27514175,-0.02886262,-0.057385266,-0.34845585,-0.077140704,-0.063233376,-0.2551703,-0.089753896,-0.061596274,-0.17211932,-0.08272759,0.026690066,-0.26206523,-0.040587366,-0.0049006343,-0.26590458,-0.079503536,-0.015019238,-0.15635657,-0.07126776,-0.018767059,-0.083990335,-0.05136423,0.07075626,-0.2367292,-0.054483287,0.035242856,-0.22331458,-0.07092401,0.024300396,-0.14906251,-0.05693175,0.025183082,-0.10553765,-0.039056048
-0.060658574,-0.05900073,-0.02346761,-0.07128346,-0.18739545,-0.039549273,-0.02114439,-0.26805317,-0.055790067,0.034145474,-0.31762856,-0.06891425,-0.07062113,-0.27195457,-0.025906207,-0.09793636,-0.3153926,-0.07266777,-0.095769525,-0.22655797,-0.10112079,-0.08661914,-0.15823615,-0.11262248,-0.018287659,-0.27876046,-0.031830918,-0.05097246,-0.3410526,-0.08241751,-0.05916196,-0.24419141,-0.09612037,-0.05754274,-0.16241878,-0.089805074,0.03161329,-0.26342896,-0.042403433,0.0014514327,-0.2549354,-0.08192356,-0.011732817,-0.14607084,-0.073350824,-0.017421901,-0.07759452,-0.053693898,0.07355964,-0.2350311,-0.05578258,0.038616538,-0.20738441,-0.071919724,0.026266456,-0.13507712,-0.057994578,0.02646947,-0.098132014,-0.04056363
-0.061473906,-0.056991696,-0.029467337,-0.068688214,-0.18812335,-0.04816716,-0.0056052804,-0.26070717,-0.06562172,0.057686567,-0.2992316,-0.079476744,-0.06274706,-0.27891707,-0.031851776,-0.09208661,-0.31356376,-0.0806558,-0.08830732,-0.22649002,-0.11188035,-0.07676095,-0.15889287,-0.12632619,-0.007322669,-0.2798477,-0.036841016,-0.038566947,-0.33127818,-0.0892065,-0.04795426,-0.23156348,-0.10429309,-0.045117557,-0.15269339,-0.10010304,0.04337722,-0.25621393,-0.04732013,0.019350767,-0.2462495,-0.08681639,-0.0009133816,-0.13606721,-0.07625921,-0.010320246,-0.07004422,-0.056919906,0.08459866,-0.21840626,-0.06161856,0.050657034,-0.18567473,-0.07897002,0.032616258,-0.11235356,-0.06495839,0.030947506,-0.07920861,-0.048300963
-0.06481308,-0.057506263,-0.030086476,-0.070182085,-0.18884581,-0.04892663,-0.0038214922,-0.25796878,-0.06617109,0.062034726,-0.29049438,-0.07987826,-0.057739735,-0.27894074,-0.033086196,-0.08732009,-0.3092638,-0.08086922,-0.086477816,-0.22275877,-0.11165338,-0.07519162,-0.15732026,-0.12654603,-0.0015618801,-0.27986175,-0.0372827,-0.034445584,-0.33001444,-0.089215115,-0.046054065,-0.23151964,-0.104366705,-0.043638468,-0.15489471,-0.10056617,0.048796237,-0.25578973,-0.046748087,0.021039605,-0.24073526,-0.08516576,-0.0017570853,-0.13343132,-0.07494755,-0.011941373,-0.07035363,-0.056255158,0.08762133,-0.2173689,-0.060159013,0.052014947,-0.18400264,-0.076479286,0.03517425,-0.115323246,-0.06300073,0.03558922,-0.08640581,-0.04716585
-0.06411648,-0.060617924,-0.028957224,-0.06907517,-0.19516706,-0.04742707,-0.001637578,-0.2658844,-0.06425475,0.06532282,-0.29495212,-0.07842071,-0.055577636,-0.28241873,-0.037446268,-0.083072364,-0.3157059,-0.082493335,-0.084950924,-0.22596359,-0.11084528,-0.07559919,-0.15955287,-0.124527544,-0.00037109852,-0.28015834,-0.041682847,-0.03243518,-0.33450103,-0.091024555,-0.046494067,-0.2342934,-0.10445771,-0.0450297,-0.15574545,-0.10004418,0.04991436,-0.2557219,-0.050413493,0.023835242,-0.25089434,-0.08721745,-0.00032150745,-0.14171946,-0.07700376,-0.010477006,-0.074074805,-0.05867453,0.08970988,-0.21837121,-0.06262135,0.05225742,-0.19540995,-0.0784145,0.032893836,-0.122244954,-0.06432378,0.032572985,-0.08645713,-0.048210125
-0.064612806,-0.06534517,-0.027674774,-0.065252185,-0.1953876,-0.04656991,0.004334092,-0.2619378,-0.06423967,0.06963092,-0.29486945,-0.07959893,-0.037953436,-0.2968705,-0.0327284,-0.07428551,-0.3134559,-0.077149294,-0.08179152,-0.22484708,-0.10692621,-0.07244319,-0.15738255,-0.121636756,0.018330336,-0.28813902,-0.037110835,-0.022000194,-0.31713787,-0.08582937,-0.041541934,-0.21716076,-0.10038284,-0.042438745,-0.1388998,-0.09763321,0.06553489,-0.25679016,-0.046252295,0.025214493,-0.23744726,-0.08236446,-0.0028349757,-0.13617057,-0.07351064,-0.013251603,-0.07305747,-0.05681059,0.0998922,-0.21393508,-0.058761846,0.052584946,-0.18619102,-0.07296956,0.030165195,-0.11781645,-0.059035916,0.029392362,-0.08430433,-0.04328309
-0.060137928,-0.069829404,-0.029536625,-0.0570547,-0.19907951,-0.049294304,0.0122282505,-0.26574486,-0.067437075,0.07835245,-0.29709378,-0.08242939,-0.02862215,-0.30900818,-0.036339853,-0.06620777,-0.31567264,-0.08302619,-0.07367283,-0.22370988,-0.11493874,-0.06536472,-0.1580559,-0.1315956,0.028090477,-0.29511702,-0.04071498,-0.013336062,-0.30921212,-0.09133086,-0.0340147,-0.21092469,-0.107183635,-0.037467778,-0.13618177,-0.106250264,0.07434785,-0.25823322,-0.05014029,0.030761003,-0.21856773,-0.086552635,-0.0012147427,-0.122416794,-0.07787027,-0.017050803,-0.063522935,-0.062344227,0.106125236,-0.2097742,-0.06353581,0.05906999,-0.16787648,-0.077325985,0.033647954,-0.10336077,-0.064250804,0.027983427,-0.07334006,-0.04981836
-0.061903596,-0.06292504,-0.028052386,-0.06758809,-0.19332784,-0.046457563,-0.0064190626,-0.26139656,-0.06443241,0.060174167,-0.29145166,-0.078749046,-0.05024326,-0.28623688,-0.028115163,-0.08219117,-0.3158457,-0.077318445,-0.081891,-0.22863305,-0.10927968,-0.071959496,-0.16267264,-0.12452471,0.006607771,-0.28450647,-0.034028307,-0.028276443,-0.33302248,-0.087365955,-0.04198587,-0.23116082,-0.10255456,-0.04282987,-0.15185165,-0.09813988,0.057161033,-0.25762624,-0.04572308,0.021665692,-0.2419259,-0.08626035,-0.0010374188,-0.13694191,-0.07660938,-0.010191619,-0.0755589,-0.05732561,0.09656417,-0.2169916,-0.06102208,0.056617975,-0.19339836,-0.077365175,0.036810935,-0.12563133,-0.06271298,0.035528123,-0.09407222,-0.045637567
-0.0610227,-0.0648393,-0.027570387,-0.06454146,-0.19632351,-0.04611869,-0.0023905635,-0.26928666,-0.0644385,0.059160054,-0.30941248,-0.079046205,-0.06054169,-0.27890533,-0.029700952,-0.08455676,-0.3209768,-0.07932462,-0.084735215,-0.23009539,-0.110952415,-0.078968406,-0.16198975,-0.12607594,-0.0039864182,-0.2793198,-0.036334295,-0.03653252,-0.33639294,-0.090272516,-0.049707353,-0.23130304,-0.10552516,-0.04890901,-0.1528861,-0.101430684,0.047949195,-0.2532339,-0.048543956,0.021078289,-0.25591397,-0.089189805,-0.0013250113,-0.1453585,-0.0767104,-0.010248184,-0.080832064,-0.055770665,0.0889945,-0.21359861,-0.06439625,0.058294892,-0.20077127,-0.08275159,0.041427255,-0.13627332,-0.06782693,0.041764736,-0.10954374,-0.0502713
-0.059836805,-0.058875024,-0.022473924,-0.07016349,-0.19731653,-0.0369484,-0.011349082,-0.27701283,-0.05211411,0.049538612,-0.31866044,-0.063916236,-0.07176685,-0.2699565,-0.02373411,-0.092900604,-0.33149388,-0.06805365,-0.088066876,-0.24634376,-0.09488723,-0.078011215,-0.1810404,-0.10661458,-0.017829418,-0.27718887,-0.030398719,-0.044704854,-0.35190922,-0.080373764,-0.05072862,-0.25793684,-0.095962465,-0.046176612,-0.18016791,-0.09140746,0.034200072,-0.2608263,-0.04141483,0.011536241,-0.26482266,-0.079293594,-0.0018145442,-0.15057993,-0.070090845,-0.008497059,-0.07897401,-0.050433636,0.07883108,-0.23164523,-0.055364914,0.0468632,-0.21366203,-0.07223422,0.0356102,-0.14178258,-0.0588521,0.03706479,-0.10532266,-0.04186194
-0.059781373,-0.058354437,-0.022994975,-0.072392225,-0.19643301,-0.037175402,-0.018672943,-0.27844793,-0.052412163,0.03951198,-0.32390097,-0.06416373,-0.07000393,-0.26986462,-0.021935716,-0.095398575,-0.32761416,-0.066861756,-0.09126198,-0.23831168,-0.0926135,-0.0814113,-0.17132425,-0.10233558,-0.01872021,-0.27734223,-0.028096661,-0.04718101,-0.35422724,-0.0785403,-0.054085553,-0.2585711,-0.09176652,-0.051750958,-0.1787185,-0.08432611,0.031340837,-0.2628483,-0.039186444,0.006024599,-0.26808774,-0.07976682,-0.0071635246,-0.15551287,-0.0716707,-0.012737334,-0.08467895,-0.05119613,0.075728476,-0.2355864,-0.052949112,0.04494661,-0.22529191,-0.070681505,0.03412229,-0.15389514,-0.05770053,0.036120772,-0.11575323,-0.04039195
-0.063393295,-0.07270968,-0.016645111,-0.076942086,-0.20413649,-0.030092858,-0.02880764,-0.28836235,-0.046296313,0.025908768,-0.34047136,-0.059433762,-0.07399857,-0.26846853,-0.013455742,-0.100761265,-0.3359205,-0.055838704,-0.09624198,-0.25616238,-0.08138922,-0.086790085,-0.19321167,-0.091357216,-0.024385273,-0.27618158,-0.021941446,-0.05744213,-0.3597011,-0.06898098,-0.062503695,-0.27111816,-0.083619066,-0.057660997,-0.19202942,-0.078610934,0.025530636,-0.26476935,-0.034697797,-0.004240811,-0.2863774,-0.07350292,-0.014029205,-0.17809588,-0.066360556,-0.015184164,-0.103557885,-0.047069713,0.07073218,-0.24144468,-0.049486354,0.03460592,-0.24406624,-0.06676337,0.025719345,-0.1752829,-0.05411781,0.031130195,-0.13375092,-0.037188146
-0.060775876,-0.06631082,-0.015172649,-0.0747897,-0.19620878,-0.027277742,-0.02766043,-0.2797194,-0.04201543,0.024599016,-0.33172938,-0.054245804,-0.07181811,-0.25858575,-0.0137531655,-0.096824795,-0.32708946,-0.055087406,-0.09489313,-0.24769676,-0.079656065,-0.0860863,-0.18500286,-0.08909872,-0.022302032,-0.26747292,-0.02251177,-0.054501295,-0.35496983,-0.06895409,-0.062193155,-0.26915255,-0.083302654,-0.057906568,-0.19027787,-0.077983625,0.026795983,-0.25792408,-0.035142478,-0.0054208636,-0.2821155,-0.073527575,-0.013642192,-0.1721242,-0.066492505,-0.013348877,-0.09707582,-0.04747976,0.07058734,-0.23687491,-0.049572736,0.030885875,-0.23469797,-0.06731632,0.02315873,-0.16385585,-0.055203244,0.029804468,-0.12330741,-0.03876532
-0.060768664,-0.06906712,-0.0144859115,-0.073261976,-0.19842774,-0.026915062,-0.025975108,-0.28193095,-0.042275228,0.028048396,-0.33233887,-0.05497612,-0.07156539,-0.25805408,-0.01394823,-0.0955697,-0.33065432,-0.054370224,-0.093817234,-0.25380757,-0.07803094,-0.08653659,-0.19223684,-0.086807914,-0.022567093,-0.26463664,-0.02311074,-0.051926017,-0.35504913,-0.06771467,-0.059998453,-0.27277237,-0.081296645,-0.058074236,-0.19532293,-0.07603275,0.027046084,-0.25401038,-0.035978198,-0.0016867518,-0.2812292,-0.07239062,-0.011448324,-0.17432803,-0.064802445,-0.013239145,-0.10027456,-0.045839146,0.07332742,-0.23245019,-0.050645337,0.037259102,-0.2388677,-0.06577582,0.02687645,-0.1702528,-0.052227642,0.03027308,-0.127873,-0.035225615
-0.061204135,-0.06357455,-0.02176799,-0.07515901,-0.1944372,-0.037621398,-0.026637018,-0.27821487,-0.054370467,0.03058511,-0.3271194,-0.06775445,-0.07583201,-0.26133814,-0.026979826,-0.101819664,-0.32892442,-0.0714866,-0.09913838,-0.24411264,-0.096092515,-0.09070164,-0.18213272,-0.105419666,-0.024608433,-0.26837635,-0.03352328,-0.054953694,-0.35382104,-0.08322572,-0.06208539,-0.260653,-0.095021546,-0.058891237,-0.18166727,-0.087414384,0.025818884,-0.25495127,-0.044197798,-0.002757728,-0.2742819,-0.08392106,-0.014151931,-0.16379833,-0.07398004,-0.017302811,-0.09117824,-0.052869156,0.07102555,-0.23047245,-0.057283685,0.036819756,-0.22832596,-0.07489834,0.025655746,-0.1591925,-0.061272055,0.02800697,-0.12021506,-0.043788306
-0.061204135,-0.06357455,-0.02176799,-0.07515901,-0.1944372,-0.037621398,-0.026637018,-0.27821487,-0.054370467,0.03058511,-0.3271194,-0.06775445,-0.07583201,-0.26133814,-0.026979826,-0.101819664,-0.32892442,-0.0714866,-0.09913838,-0.24411264,-0.096092515,-0.09070164,-0.18213272,-0.105419666,-0.024608433,-0.26837635,-0.03352328,-0.054953694,-0.35382104,-0.08322572,-0.06208539,-0.260653,-0.095021546,-0.058891237,-0.18166727,-0.087414384,0.025818884,-0.25495127,-0.044197798,-0.002757728,-0.2742819,-0.08392106,-0.014151931,-0.16379833,-0.07398004,-0.017302811,-0.09117824,-0.052869156,0.07102555,-0.23047245,-0.057283685,0.036819756,-0.22832596,-0.07489834,0.025655746,-0.1591925,-0.061272055,0.02800697,-0.12021506,-0.043788306
-0.061324656,-0.06142348,-0.022395048,-0.07210952,-0.19202614,-0.038399436,-0.018067598,-0.27264625,-0.054958332,0.039564013,-0.32262853,-0.06819604,-0.07028282,-0.2787608,-0.025077168,-0.0991365,-0.32472318,-0.070655525,-0.097440094,-0.2348367,-0.09818675,-0.08803016,-0.16855419,-0.11006218,-0.016403735,-0.28600866,-0.032101415,-0.050161183,-0.3465435,-0.0821581,-0.059438407,-0.24773076,-0.09586213,-0.057128966,-0.16721493,-0.09043038,0.03442967,-0.26870897,-0.04371621,0.0028039217,-0.25761726,-0.08139775,-0.013128996,-0.14551002,-0.07173621,-0.019650757,-0.07591814,-0.05262522,0.07542086,-0.23724604,-0.058359344,0.037076533,-0.20184499,-0.074189246,0.025837898,-0.13196844,-0.06118131,0.028719902,-0.100495934,-0.04514647
-0.06321585,-0.058136106,-0.026956987,-0.07185972,-0.1890676,-0.04498548,-0.014517784,-0.26563486,-0.06210691,0.045605063,-0.3118539,-0.075161144,-0.06463051,-0.27761525,-0.030926479,-0.09465554,-0.31821036,-0.07902659,-0.09259352,-0.22725937,-0.108486265,-0.081374705,-0.16226995,-0.122001275,-0.009029925,-0.28292593,-0.035991903,-0.04603952,-0.33941954,-0.089324705,-0.0549708,-0.23800376,-0.102992766,-0.0513317,-0.15846103,-0.09733781,0.04236722,-0.26343855,-0.045971926,0.0069681406,-0.24751067,-0.08547941,-0.01011318,-0.13484395,-0.07258808,-0.016973376,-0.06672305,-0.05113501,0.0830667,-0.23069483,-0.05958732,0.04347688,-0.19844031,-0.07601632,0.029444933,-0.12691629,-0.060540326,0.030462086,-0.09401721,-0.04259094
-0.063132584,-0.058255136,-0.028229456,-0.074605405,-0.18703979,-0.046423633,-0.016886353,-0.26216298,-0.06341836,0.04454404,-0.3045018,-0.07604416,-0.0614208,-0.28284076,-0.030408008,-0.09416127,-0.3153997,-0.07965128,-0.09341928,-0.2251656,-0.11057829,-0.08193952,-0.16141957,-0.12537715,-0.0057780743,-0.28840107,-0.035813622,-0.04365498,-0.33711225,-0.09092318,-0.054694533,-0.237351,-0.10679685,-0.052425325,-0.15866041,-0.10235334,0.045050025,-0.26906404,-0.04642676,0.007230282,-0.23685533,-0.08793822,-0.011505187,-0.12542093,-0.077586435,-0.019491255,-0.059056997,-0.057498056,0.08464575,-0.23452485,-0.060984887,0.043640196,-0.18423104,-0.079961725,0.031139493,-0.112555206,-0.06721885,0.033482373,-0.08147699,-0.050808296
-0.06594813,-0.060687006,-0.029074721,-0.07484841,-0.19077855,-0.04872478,-0.012385547,-0.2617533,-0.06705489,0.051731944,-0.29810184,-0.08174429,-0.054376364,-0.288424,-0.032909106,-0.09226799,-0.31133813,-0.08406778,-0.09264156,-0.22364414,-0.11785076,-0.08053219,-0.15749025,-0.13445324,0.0019839406,-0.28965768,-0.038705792,-0.04175055,-0.33244464,-0.09386378,-0.0543949,-0.2336655,-0.11074282,-0.051496327,-0.15499645,-0.10783205,0.05216348,-0.26511338,-0.049795076,0.011672676,-0.23867539,-0.090918176,-0.009741664,-0.12958145,-0.080271386,-0.017680824,-0.06422776,-0.060771007,0.088968396,-0.22538084,-0.06485313,0.0448668,-0.18185955,-0.08309546,0.030394554,-0.1116299,-0.06903794,0.0335384,-0.08230525,-0.05218789
-0.06594813,-0.060687006,-0.029074721,-0.07484841,-0.19077855,-0.04872478,-0.012385547,-0.2617533,-0.06705489,0.051731944,-0.29810184,-0.08174429,-0.054376364,-0.288424,-0.032909106,-0.09226799,-0.31133813,-0.08406778,-0.09264156,-0.22364414,-0.11785076,-0.08053219,-0.15749025,-0.13445324,0.0019839406,-0.28965768,-0.038705792,-0.04175055,-0.33244464,-0.09386378,-0.0543949,-0.2336655,-0.11074282,-0.051496327,-0.15499645,-0.10783205,0.05216348,-0.26511338,-0.049795076,0.011672676,-0.23867539,-0.090918176,-0.009741664,-0.12958145,-0.080271386,-0.017680824,-0.06422776,-0.060771007,0.088968396,-0.22538084,-0.06485313,0.0448668,-0.18185955,-0.08309546,0.030394554,-0.1116299,-0.06903794,0.0335384,-0.08230525,-0.05218789
-0.065038085,-0.05907309,-0.028776677,-0.07473862,-0.19051832,-0.04757762,-0.012788296,-0.26474792,-0.064937815,0.05353707,-0.3021402,-0.079075515,-0.055473387,-0.2922002,-0.032770794,-0.09248918,-0.3105691,-0.07931328,-0.09669539,-0.2216329,-0.11000734,-0.08628422,-0.15564775,-0.12556809,0.00042057037,-0.29548123,-0.03779856,-0.044793844,-0.33414477,-0.08901253,-0.058002114,-0.23298657,-0.1045059,-0.05461228,-0.15385956,-0.10145214,0.04980284,-0.27211884,-0.047720797,0.00817728,-0.24070084,-0.0864375,-0.0121359825,-0.13203794,-0.07738602,-0.01904732,-0.0666334,-0.059636,0.08621532,-0.23294777,-0.061356522,0.041276157,-0.18839365,-0.078014165,0.025733948,-0.11668533,-0.064972386,0.027166367,-0.08448255,-0.049486525
-0.065294325,-0.061824203,-0.025950365,-0.075697005,-0.1940242,-0.044007126,-0.016681314,-0.27275723,-0.061213452,0.047112703,-0.31451076,-0.07504136,-0.058929563,-0.2921536,-0.03217092,-0.093791395,-0.32038102,-0.07761349,-0.096374124,-0.22660732,-0.10613393,-0.086289376,-0.15898561,-0.120317034,-0.003665626,-0.2964261,-0.037899602,-0.047463357,-0.3371802,-0.08765094,-0.058178842,-0.23147887,-0.10062678,-0.053863883,-0.15130234,-0.09626216,0.045042813,-0.2743905,-0.04831076,0.0026951432,-0.25103274,-0.084565364,-0.013002157,-0.1438629,-0.07396017,-0.017216623,-0.07905412,-0.05609087,0.08226681,-0.23713958,-0.06226828,0.03843975,-0.19661212,-0.07777331,0.02872926,-0.13051468,-0.06528964,0.033683002,-0.1025272,-0.050665718
-0.063281715,-0.05947107,-0.024747329,-0.07650435,-0.18770236,-0.04198415,-0.025191069,-0.27126133,-0.059349973,0.03272319,-0.32298362,-0.072817706,-0.06780881,-0.2830992,-0.02443771,-0.09966561,-0.32158726,-0.07354824,-0.09739849,-0.23224387,-0.10401468,-0.08652446,-0.16329032,-0.11706051,-0.0152205825,-0.28998244,-0.031143067,-0.053486943,-0.34353453,-0.083337076,-0.060562134,-0.24114323,-0.09693719,-0.057567596,-0.15710723,-0.09066476,0.035386384,-0.27283543,-0.04329549,-0.0019842386,-0.25322583,-0.0840553,-0.013841629,-0.14316863,-0.0737534,-0.0171355,-0.07497829,-0.053141892,0.07838619,-0.24032944,-0.05881761,0.03745234,-0.2073927,-0.07618105,0.026893556,-0.13422656,-0.06187698,0.029535234,-0.0968554,-0.044114128
-0.060537934,-0.053628504,-0.020465706,-0.07785964,-0.18879008,-0.035227943,-0.028408647,-0.27583432,-0.051092636,0.025656998,-0.32794508,-0.06432796,-0.07269156,-0.26597,-0.025453111,-0.10439801,-0.32174316,-0.070205286,-0.098075,-0.22874817,-0.09527079,-0.08543074,-0.15641189,-0.104625136,-0.019521415,-0.27664393,-0.032951314,-0.0596835,-0.35513967,-0.08432681,-0.06615007,-0.25722986,-0.09832964,-0.061393976,-0.1712712,-0.09141507,0.030481577,-0.26415175,-0.04430866,-0.009833574,-0.2689657,-0.08470574,-0.01600802,-0.1537385,-0.07576792,-0.0150793195,-0.079940915,-0.055282243,0.07240957,-0.2403262,-0.05773783,0.027968049,-0.22041142,-0.075235456,0.023749053,-0.14594418,-0.061130192,0.03243369,-0.108347476,-0.043363657
-0.060537934,-0.053628504,-0.020465706,-0.07785964,-0.18879008,-0.035227943,-0.028408647,-0.27583432,-0.051092636,0.025656998,-0.32794508,-0.06432796,-0.07269156,-0.26597,-0.025453111,-0.10439801,-0.32174316,-0.070205286,-0.098075,-0.22874817,-0.09527079,-0.08543074,-0.15641189,-0.104625136,-0.019521415,-0.27664393,-0.032951314,-0.0596835,-0.35513967,-0.08432681,-0.06615007,-0.25722986,-0.09832964,-0.061393976,-0.1712712,-0.09141507,0.030481577,-0.26415175,-0.04430866,-0.009833574,-0.2689657,-0.08470574,-0.01600802,-0.1537385,-0.07576792,-0.0150793195,-0.079940915,-0.055282243,0.07240957,-0.2403262,-0.05773783,0.027968049,-0.22041142,-0.075235456,0.023749053,-0.14594418,-0.061130192,0.03243369,-0.108347476,-0.043363657
-0.06407088,-0.058576703,-0.017638074,-0.084625065,-0.19037145,-0.031319387,-0.04348266,-0.28100878,-0.046793777,0.008140981,-0.33853537,-0.059215873,-0.07945788,-0.25966436,-0.018964063,-0.11114648,-0.32470286,-0.062618636,-0.106050014,-0.23969609,-0.08677515,-0.09533027,-0.17283523,-0.09484818,-0.031135857,-0.2711104,-0.027052365,-0.07171452,-0.35160524,-0.07359376,-0.07597494,-0.26260057,-0.08553559,-0.07024562,-0.18474793,-0.078268185,0.017306864,-0.26447296,-0.039504975,-0.01995045,-0.2752259,-0.079359174,-0.024541736,-0.16523921,-0.07210648,-0.02148664,-0.093370676,-0.0524122,0.06305033,-0.24565366,-0.05373853,0.020324111,-0.23781487,-0.07224083,0.014522791,-0.16101164,-0.059614517,0.0215438,-0.116443336,-0.04239055
-0.06542319,-0.06953299,-0.01888007,-0.08135766,-0.19910401,-0.033918913,-0.037906706,-0.2868777,-0.05108286,0.015336633,-0.34215367,-0.06500164,-0.07608938,-0.26971135,-0.018276554,-0.111584485,-0.33006126,-0.06321874,-0.10715443,-0.24501535,-0.08890428,-0.09633601,-0.17833638,-0.09777612,-0.026573598,-0.27944228,-0.025848873,-0.06892443,-0.35457057,-0.07491911,-0.07481241,-0.26462835,-0.08854316,-0.07084918,-0.18423122,-0.082054555,0.022309244,-0.2705761,-0.037977766,-0.016528249,-0.27495512,-0.078291975,-0.023056984,-0.16763389,-0.07141437,-0.021369994,-0.096396744,-0.051715165,0.06649947,-0.24925193,-0.052305117,0.025131822,-0.2391389,-0.06897805,0.017616391,-0.16696376,-0.056054916,0.023091614,-0.12418109,-0.03875722
-0.066578746,-0.06373978,-0.021568198,-0.083859205,-0.19569725,-0.03712391,-0.038646877,-0.28464067,-0.053664733,0.014668345,-0.3414372,-0.066573024,-0.081282854,-0.26599452,-0.023438111,-0.113431096,-0.32538515,-0.06891594,-0.10743025,-0.2383982,-0.09472894,-0.09659222,-0.17008251,-0.10386121,-0.03162414,-0.27692688,-0.029710544,-0.071193695,-0.35497564,-0.07937683,-0.07578939,-0.2637012,-0.09226121,-0.07151139,-0.18140507,-0.08511972,0.017780423,-0.26825958,-0.04048072,-0.016165257,-0.27380645,-0.08056555,-0.022834182,-0.1638999,-0.07217398,-0.022561789,-0.091026485,-0.051656738,0.062722445,-0.24673131,-0.053793546,0.025295436,-0.23597336,-0.07091419,0.017358422,-0.16297197,-0.05768714,0.02142787,-0.12034923,-0.0402294
-0.06503689,-0.065683365,-0.022577692,-0.078619,-0.19686097,-0.039336946,-0.032564044,-0.28263324,-0.05735354,0.021310449,-0.3383914,-0.0720242,-0.06951082,-0.2826105,-0.02149543,-0.10706434,-0.3250411,-0.07087346,-0.10425642,-0.2364372,-0.10126171,-0.09436101,-0.16377103,-0.11315511,-0.017022908,-0.29167694,-0.028588317,-0.062215388,-0.35343918,-0.08191136,-0.0714041,-0.2597371,-0.098448,-0.07170516,-0.17533773,-0.09352745,0.0323081,-0.27845025,-0.040668726,-0.011251569,-0.26272133,-0.08339198,-0.022549033,-0.15274954,-0.076285236,-0.02567935,-0.08199978,-0.056472532,0.07263702,-0.25102246,-0.055459,0.028363585,-0.22385389,-0.07315129,0.020608902,-0.15212774,-0.059219632,0.025534034,-0.11342412,-0.041163914
-0.06410563,-0.064288914,-0.021029068,-0.07783365,-0.19686615,-0.036626212,-0.028745055,-0.27931556,-0.053587858,0.02750063,-0.33050308,-0.067416094,-0.069627106,-0.284374,-0.020347554,-0.10320091,-0.32413262,-0.06766824,-0.10182172,-0.23345491,-0.097386055,-0.09194568,-0.16338164,-0.10982766,-0.016184509,-0.293397,-0.028007837,-0.056964636,-0.3542803,-0.080377445,-0.06710005,-0.2599151,-0.097270936,-0.06588924,-0.17699945,-0.09282729,0.033773124,-0.27929464,-0.040173482,-0.006671846,-0.26486513,-0.08004175,-0.020113885,-0.15361905,-0.07253148,-0.024769545,-0.08188093,-0.053431485,0.07381171,-0.25109717,-0.055147603,0.030944645,-0.21737546,-0.07104893,0.022357047,-0.14766437,-0.057466798,0.026955009,-0.11226636,-0.040221013
-0.065335095,-0.061893642,-0.023354884,-0.079410076,-0.19240844,-0.040173862,-0.028092623,-0.2750945,-0.057295635,0.030178428,-0.32717612,-0.070818484,-0.07283002,-0.2838541,-0.02462977,-0.105309576,-0.32415152,-0.07435176,-0.10052058,-0.23462623,-0.1057161,-0.08856648,-0.16552621,-0.11927999,-0.018304586,-0.29470873,-0.031610485,-0.057195127,-0.35070294,-0.08529567,-0.06471646,-0.2515447,-0.101388335,-0.062108457,-0.16733181,-0.09644038,0.03258109,-0.28101054,-0.043586306,-0.006429255,-0.25457454,-0.08401153,-0.019105673,-0.1440171,-0.07569329,-0.023595273,-0.075078964,-0.056444082,0.07239461,-0.25188363,-0.058804836,0.030173719,-0.20576882,-0.07522447,0.021330774,-0.13212234,-0.0618667,0.025507212,-0.09695697,-0.044959735
-0.06488496,-0.055190384,-0.025992284,-0.07875842,-0.18862206,-0.042636756,-0.027787745,-0.27361265,-0.058695644,0.028883696,-0.3282228,-0.07101121,-0.07231617,-0.27864715,-0.027418144,-0.10550445,-0.31890452,-0.076721154,-0.10125291,-0.23001951,-0.107074015,-0.08973545,-0.16037804,-0.11986742,-0.018141031,-0.29100585,-0.032520853,-0.058086097,-0.34838045,-0.08524133,-0.065561354,-0.24889725,-0.099573925,-0.06330627,-0.16582,-0.09348803,0.032833576,-0.2779539,-0.0427701,-0.0048595667,-0.25319633,-0.082714416,-0.0172351,-0.14102477,-0.072562054,-0.021606803,-0.07281357,-0.05214418,0.07332969,-0.24938953,-0.056481082,0.032933295,-0.20663679,-0.07271988,0.02459687,-0.1339947,-0.058506176,0.02933073,-0.101041436,-0.04099897
-0.06546843,-0.054496527,-0.024412502,-0.08374548,-0.18133765,-0.04107847,-0.03878069,-0.27089432,-0.05796274,0.014725149,-0.33036542,-0.07083443,-0.07909924,-0.27786785,-0.023456717,-0.11450049,-0.32186857,-0.071683176,-0.10831308,-0.23560268,-0.10102919,-0.09601933,-0.16985327,-0.1133528,-0.027065814,-0.29077008,-0.029880542,-0.06857568,-0.34983313,-0.08182924,-0.07241219,-0.2527043,-0.09593542,-0.068525374,-0.17136806,-0.089780815,0.023005009,-0.27919084,-0.041551914,-0.017218411,-0.25503954,-0.082212724,-0.024166763,-0.14683074,-0.07326025,-0.025018215,-0.08096832,-0.053482063,0.06550509,-0.2518811,-0.056460287,0.023012519,-0.21034074,-0.07391133,0.0180673,-0.13983256,-0.06095408,0.024652421,-0.1066246,-0.044127088
-0.06671369,-0.05049956,-0.017768309,-0.09085369,-0.18098062,-0.03192928,-0.051362455,-0.27149022,-0.048051227,-0.0074892044,-0.3350017,-0.061852217,-0.08452344,-0.26365483,-0.018035993,-0.12615111,-0.30398953,-0.0632543,-0.11669654,-0.2129972,-0.090085074,-0.099295735,-0.14220881,-0.10017638,-0.034895122,-0.27897686,-0.027258636,-0.09151438,-0.34204644,-0.07729761,-0.09228584,-0.2475878,-0.09226125,-0.08013266,-0.1649223,-0.086710215,0.012908399,-0.2726485,-0.040704187,-0.033638775,-0.26910934,-0.08132715,-0.030248523,-0.15747088,-0.07338615,-0.02088821,-0.086355865,-0.053917825,0.053543508,-0.2529585,-0.05618511,0.0057963133,-0.22530636,-0.07409828,0.0062236786,-0.14682126,-0.0601743,0.018675566,-0.106892586,-0.04259379
-0.06432068,-0.050870895,-0.016860453,-0.09080672,-0.18142545,-0.029855512,-0.05396402,-0.27275294,-0.045065053,-0.010739446,-0.33696073,-0.058135327,-0.086375624,-0.26317263,-0.015446872,-0.12690294,-0.30277598,-0.05883613,-0.11748323,-0.21298254,-0.08478363,-0.100993365,-0.14232981,-0.09442125,-0.038995445,-0.27839234,-0.024591777,-0.09649047,-0.34098864,-0.07388228,-0.09652275,-0.24688143,-0.089284375,-0.08396983,-0.16322583,-0.084031895,0.008017838,-0.27345264,-0.037816126,-0.037490904,-0.2730572,-0.07855508,-0.033827126,-0.16005349,-0.07215496,-0.025691986,-0.08551288,-0.053503588,0.04886073,-0.25588372,-0.052869096,0.0032269955,-0.2297118,-0.070485555,0.003132224,-0.15030605,-0.057292204,0.013237834,-0.10770804,-0.040366296
-0.06591427,-0.04897964,-0.015692068,-0.0940952,-0.17522544,-0.02756392,-0.058879733,-0.2690068,-0.041637298,-0.018975198,-0.33529246,-0.05328341,-0.0899955,-0.25126213,-0.01004238,-0.122867584,-0.30144155,-0.05047475,-0.11508864,-0.21545392,-0.07556779,-0.10199919,-0.14535451,-0.08505277,-0.046009302,-0.26446575,-0.017947393,-0.09836587,-0.329926,-0.061832424,-0.09626901,-0.24006823,-0.07594989,-0.08044225,-0.16086066,-0.07121964,0.00054752827,-0.26175237,-0.030136034,-0.040685415,-0.2780766,-0.06695553,-0.035009563,-0.16857207,-0.059383724,-0.024128616,-0.09380877,-0.04086654,0.04517901,-0.24762148,-0.04411751,0.00083673,-0.24007896,-0.06218273,0.001975,-0.16389763,-0.049508166,0.013477087,-0.120924294,-0.03276332
-0.06882948,-0.05166,-0.013592852,-0.0973672,-0.17576385,-0.025554858,-0.062119603,-0.2691779,-0.04018958,-0.023251295,-0.33778524,-0.052854463,-0.09257546,-0.24296856,-0.006671962,-0.12239778,-0.29561952,-0.045889713,-0.11115095,-0.21282214,-0.07124533,-0.094747335,-0.14590144,-0.081457846,-0.049102962,-0.2575562,-0.015385025,-0.09883681,-0.33094132,-0.05892469,-0.09407598,-0.24132696,-0.07405871,-0.07457507,-0.16136777,-0.07008838,-0.0022680163,-0.2568773,-0.02796157,-0.042405605,-0.28420824,-0.064161375,-0.036083817,-0.17427659,-0.056252114,-0.023369074,-0.0981276,-0.037626177,0.04254669,-0.24558476,-0.0420962,-0.0018538833,-0.24366716,-0.05980132,0.00025099516,-0.16760552,-0.046539344,0.013476908,-0.1250127,-0.029576108
-0.067656815,-0.05183667,-0.012509479,-0.094280034,-0.1774885,-0.02316956,-0.06153071,-0.27240783,-0.037508167,-0.025045455,-0.3411845,-0.049342375,-0.08844653,-0.24704048,-0.0017811509,-0.11760229,-0.30255103,-0.042694274,-0.10908905,-0.21658549,-0.06835617,-0.0960941,-0.14532268,-0.07774673,-0.046473265,-0.2593435,-0.0114926305,-0.09583706,-0.32907337,-0.056500953,-0.09347165,-0.24091882,-0.07216064,-0.07703459,-0.16246444,-0.06797849,-0.00088763237,-0.257943,-0.025780642,-0.042410195,-0.27807102,-0.06363531,-0.03627509,-0.16966307,-0.056423955,-0.024338901,-0.09544265,-0.037494343,0.04401791,-0.24664798,-0.041620888,-0.00042909384,-0.24526438,-0.059368897,0.0014962554,-0.16968137,-0.04590625,0.013936818,-0.12692267,-0.028387906
-0.06937003,-0.048643887,-0.018688265,-0.09769115,-0.1796251,-0.031441435,-0.062024772,-0.27268463,-0.045560908,-0.015497923,-0.33454067,-0.05648101,-0.09555018,-0.24944738,-0.018424354,-0.13194776,-0.30296218,-0.060250003,-0.12037736,-0.21699065,-0.08283932,-0.104486674,-0.15237248,-0.089990094,-0.048253775,-0.26492894,-0.02540841,-0.09605399,-0.33639857,-0.07172397,-0.09421241,-0.24839324,-0.08332981,-0.08302277,-0.17036581,-0.07564123,-5.4717064e-05,-0.2631443,-0.036695033,-0.039531708,-0.26690462,-0.07599359,-0.03567916,-0.15638989,-0.0685978,-0.027428329,-0.08418727,-0.048839774,0.04582697,-0.24984062,-0.04994246,0.0025324821,-0.23315936,-0.06747022,0.0023557544,-0.1569652,-0.054961167,0.012587607,-0.113784194,-0.03805665
-0.06706184,-0.045526803,-0.021332592,-0.09418672,-0.17371362,-0.03569263,-0.05677533,-0.2669254,-0.050776128,-0.008130372,-0.3288312,-0.062709086,-0.09182507,-0.25704908,-0.022608519,-0.13056451,-0.30175117,-0.06872839,-0.120877415,-0.21515417,-0.095146045,-0.10536739,-0.14692491,-0.104463145,-0.043422878,-0.27320322,-0.029142372,-0.09161556,-0.33764255,-0.07895388,-0.09094739,-0.24488482,-0.091271706,-0.08170152,-0.16323835,-0.08347816,0.005219698,-0.26866907,-0.040310647,-0.033604085,-0.26161575,-0.08199117,-0.03203118,-0.14973229,-0.0735499,-0.026832283,-0.0780493,-0.052665725,0.049577475,-0.2506956,-0.053814914,0.009123921,-0.22613662,-0.07280793,0.0074902773,-0.14985555,-0.059353046,0.015755653,-0.10812026,-0.04119242
-0.06556547,-0.045371532,-0.027443917,-0.08810896,-0.17124003,-0.04518874,-0.043581307,-0.2612211,-0.061940935,0.007732868,-0.32067534,-0.07463295,-0.08465612,-0.2772051,-0.027419535,-0.12271157,-0.2994637,-0.07885055,-0.11519778,-0.20634973,-0.11200733,-0.09916055,-0.13435227,-0.12698045,-0.03162217,-0.29148912,-0.03287539,-0.08058941,-0.33022287,-0.08724522,-0.081451476,-0.22717488,-0.10282258,-0.07157093,-0.14572167,-0.098058626,0.018249452,-0.27991077,-0.043963976,-0.023023248,-0.24884403,-0.08602734,-0.02768457,-0.1377101,-0.07622911,-0.026848614,-0.071498275,-0.056385554,0.057432473,-0.25151864,-0.05868273,0.01798737,-0.19789076,-0.07801889,0.015349627,-0.1275093,-0.065344356,0.022714615,-0.10005766,-0.048762374
-0.06719184,-0.050826788,-0.03420823,-0.08524388,-0.17430735,-0.054232,-0.034449577,-0.25462055,-0.07215692,0.022245288,-0.30607015,-0.08532447,-0.07266116,-0.28845087,-0.030724924,-0.11487028,-0.29699212,-0.08268529,-0.11168823,-0.20642102,-0.11781016,-0.09670961,-0.13976854,-0.13518581,-0.021229744,-0.2992804,-0.03357671,-0.06746054,-0.31945923,-0.08825408,-0.07326114,-0.2175073,-0.10459366,-0.06673449,-0.14015472,-0.10160353,0.027523458,-0.28114882,-0.043003093,-0.01057452,-0.23378003,-0.085307576,-0.023480237,-0.12704098,-0.0760096,-0.025902927,-0.065270126,-0.05743203,0.0668295,-0.24542254,-0.057180155,0.028983712,-0.18813097,-0.0778991,0.019871414,-0.11894429,-0.06705977,0.025254726,-0.09160739,-0.052078962
-0.070545495,-0.056986034,-0.032101247,-0.08525133,-0.18034095,-0.05220002,-0.027358353,-0.25710502,-0.07034833,0.032123446,-0.30599043,-0.084099546,-0.065365136,-0.30652407,-0.02825889,-0.1090056,-0.2981253,-0.07821728,-0.109577894,-0.20536268,-0.11435929,-0.095475614,-0.13837516,-0.1333853,-0.013193786,-0.31076106,-0.03255777,-0.06072843,-0.30892232,-0.08399181,-0.06979811,-0.20406204,-0.10116811,-0.062333405,-0.12959772,-0.10058979,0.03427428,-0.28529423,-0.043179635,-0.004815221,-0.23171091,-0.08157024,-0.022422135,-0.1286943,-0.07184126,-0.02474016,-0.070557,-0.05505776,0.07064003,-0.24197823,-0.05861137,0.029667795,-0.18083555,-0.07754819,0.020188808,-0.11376488,-0.06644642,0.028374672,-0.09031814,-0.05206236
-0.068020105,-0.05933261,-0.032328825,-0.078109324,-0.18293673,-0.052539524,-0.011721611,-0.2510738,-0.07032438,0.05255139,-0.28992185,-0.08422096,-0.05503261,-0.31130105,-0.0338903,-0.09487271,-0.29550293,-0.08228689,-0.0943715,-0.19794106,-0.117945336,-0.08020854,-0.12701738,-0.13720527,0.00077050924,-0.31183234,-0.03754335,-0.04281658,-0.2964608,-0.087861024,-0.054907918,-0.19080627,-0.105743684,-0.05089748,-0.11454052,-0.10640319,0.049698353,-0.28113943,-0.04687219,0.012083948,-0.21630722,-0.08359058,-0.012262046,-0.114853024,-0.07623986,-0.02097398,-0.05596757,-0.06192732,0.085127115,-0.2339322,-0.06089148,0.04334587,-0.16349453,-0.07837103,0.027882278,-0.0949198,-0.06873864,0.031267166,-0.069090605,-0.056024138
-0.06720579,-0.059843898,-0.03142923,-0.07363391,-0.18537897,-0.050657388,-0.010176241,-0.25622857,-0.06751758,0.052920282,-0.2960644,-0.08054159,-0.049072504,-0.30542323,-0.03462644,-0.08922702,-0.29838225,-0.08126778,-0.09211403,-0.20227331,-0.11415773,-0.07940608,-0.13143533,-0.13115673,0.005043745,-0.30552286,-0.0376634,-0.041425943,-0.29483622,-0.085562184,-0.054440975,-0.19247025,-0.101301275,-0.049310327,-0.118753195,-0.100682996,0.05215019,-0.27542898,-0.04616508,0.012539625,-0.2165662,-0.08139442,-0.010936797,-0.11620462,-0.07301803,-0.01808691,-0.05725372,-0.058030777,0.08702737,-0.22909147,-0.059137437,0.045345783,-0.16726321,-0.07515377,0.029653013,-0.099748075,-0.06460916,0.03268349,-0.07271904,-0.051288176
-0.06552982,-0.05989492,-0.03051059,-0.07152164,-0.18614125,-0.04977854,-0.00895834,-0.2594479,-0.06698608,0.055171728,-0.30121553,-0.08036324,-0.050868273,-0.30832916,-0.03179218,-0.091460645,-0.30239537,-0.07848957,-0.093464375,-0.2092917,-0.11205126,-0.08107567,-0.14423728,-0.12984817,0.005112529,-0.30501574,-0.03620745,-0.039123654,-0.2996309,-0.08329563,-0.05312717,-0.19591975,-0.09817297,-0.04913056,-0.12736273,-0.097628675,0.05380279,-0.27184194,-0.046384376,0.015966594,-0.2270993,-0.0813234,-0.009446025,-0.12656635,-0.07015863,-0.017021835,-0.071030736,-0.053642996,0.08977306,-0.22248417,-0.060965557,0.047983885,-0.17640066,-0.07590375,0.027951598,-0.10979742,-0.062127717,0.028952181,-0.08341491,-0.046790104
-0.067076266,-0.058460057,-0.02982005,-0.076503634,-0.18693858,-0.04851889,-0.020278215,-0.26639485,-0.065591104,0.037806332,-0.3142553,-0.07874425,-0.062544286,-0.29201365,-0.027171975,-0.10530469,-0.30016044,-0.075744934,-0.102485806,-0.20784521,-0.10916242,-0.08812839,-0.13963377,-0.12567818,-0.008143544,-0.2953636,-0.03157332,-0.057205975,-0.31829354,-0.08266734,-0.064199805,-0.21124393,-0.09775319,-0.05902332,-0.13301116,-0.09460698,0.04106915,-0.27246904,-0.041879397,-0.0009647608,-0.2400069,-0.08181535,-0.014282823,-0.13105166,-0.070681736,-0.0155110955,-0.06841779,-0.05111328,0.07908404,-0.23255384,-0.056115244,0.03348142,-0.1955471,-0.07452009,0.023755372,-0.12379563,-0.060171675,0.030979037,-0.092533946,-0.042844594
-0.06457269,-0.05233389,-0.029424222,-0.08103204,-0.1774115,-0.048187207,-0.031407595,-0.25842148,-0.06629447,0.024698853,-0.3085009,-0.08009371,-0.07297748,-0.28236204,-0.026874958,-0.111145735,-0.3032865,-0.07886214,-0.106820315,-0.21015769,-0.11238784,-0.09412289,-0.13867688,-0.12742837,-0.021538138,-0.29310983,-0.032043863,-0.06696445,-0.33100927,-0.08651766,-0.07261258,-0.22837433,-0.1017022,-0.068167806,-0.1466136,-0.0966522,0.027496755,-0.27629906,-0.043478485,-0.010445416,-0.2457681,-0.086123936,-0.020022571,-0.13708061,-0.07687974,-0.021691918,-0.07234037,-0.05709741,0.06829405,-0.24165305,-0.058861136,0.03090316,-0.20046973,-0.07816197,0.022501707,-0.12934667,-0.065275796,0.026630461,-0.09695518,-0.048455168
-0.06946862,-0.050396204,-0.021806616,-0.09344715,-0.17793816,-0.03702772,-0.053596437,-0.26929337,-0.053460337,-0.008237243,-0.33417642,-0.06690267,-0.09284055,-0.26859024,-0.018126372,-0.13348097,-0.30182362,-0.06583381,-0.12125772,-0.21451092,-0.09597894,-0.103787124,-0.14557785,-0.10818346,-0.042661607,-0.2864098,-0.025249599,-0.0926854,-0.337235,-0.077546485,-0.08981854,-0.24170047,-0.09393769,-0.07976729,-0.15828782,-0.08918239,0.0065793395,-0.2805925,-0.03741706,-0.032897174,-0.26308513,-0.08031912,-0.031463146,-0.14955622,-0.07325461,-0.027760804,-0.077212155,-0.05366676,0.04872161,-0.25944597,-0.052242476,0.0088329315,-0.2241956,-0.07171797,0.0070332885,-0.1467815,-0.058908217,0.014354527,-0.10685766,-0.041378107
-0.06432837,-0.048605084,-0.0177791,-0.09182879,-0.18076503,-0.031619366,-0.05260396,-0.27161327,-0.048132773,-0.0082117915,-0.33536124,-0.062178154,-0.08678162,-0.26381862,-0.011482541,-0.1218797,-0.30664343,-0.058052324,-0.11021519,-0.21503782,-0.0865567,-0.09382671,-0.14112616,-0.09674115,-0.040832102,-0.2774405,-0.020308279,-0.09147802,-0.33679008,-0.07121201,-0.089506924,-0.23889059,-0.08727661,-0.07425374,-0.1562798,-0.08142667,0.0065350533,-0.2713892,-0.03413572,-0.032618523,-0.2732672,-0.07566588,-0.026930809,-0.15962476,-0.06838823,-0.015734136,-0.08593947,-0.048100237,0.05000162,-0.25354764,-0.04999426,0.008381903,-0.2360999,-0.067967676,0.009437203,-0.1556623,-0.05352289,0.021690011,-0.11392665,-0.03473343
-0.069646895,-0.049497664,-0.01881854,-0.099707514,-0.17491788,-0.032630187,-0.06559247,-0.26852286,-0.048259825,-0.024877846,-0.33713102,-0.06094085,-0.09708229,-0.25194988,-0.010171204,-0.13204217,-0.2946696,-0.055201866,-0.116665125,-0.21032906,-0.08413859,-0.097836465,-0.13973433,-0.09491838,-0.053156614,-0.26773936,-0.017226964,-0.10550016,-0.3303846,-0.064569645,-0.09899613,-0.24331972,-0.08108141,-0.081407905,-0.16471946,-0.07707158,-0.006161928,-0.26630056,-0.029214682,-0.040400743,-0.27752912,-0.06930664,-0.032809258,-0.16777682,-0.06266548,-0.022118866,-0.092758,-0.04353545,0.039237916,-0.25285202,-0.043384515,-3.2424927e-05,-0.24277538,-0.062469304,0.001853764,-0.16436726,-0.04918766,0.012758195,-0.11940533,-0.03128774
-0.07009584,-0.04781121,-0.016670447,-0.099776715,-0.17304528,-0.028755523,-0.06530088,-0.26907867,-0.043041706,-0.023078501,-0.33605564,-0.0544677,-0.104004174,-0.23748177,-0.012154949,-0.13666713,-0.29609573,-0.05442844,-0.121976465,-0.21526334,-0.07936822,-0.10389948,-0.15015048,-0.08786025,-0.05716902,-0.254625,-0.019811107,-0.101970136,-0.33556816,-0.06567993,-0.0974271,-0.25152552,-0.079630874,-0.08331561,-0.17359376,-0.073775955,-0.007906854,-0.2558534,-0.0317739,-0.042449296,-0.27907512,-0.07122396,-0.03610289,-0.16931391,-0.06389658,-0.026486278,-0.09541261,-0.04411813,0.03918457,-0.2462317,-0.045520075,-0.00051909685,-0.24609756,-0.06398401,0.00048846006,-0.17123824,-0.05074764,0.011509061,-0.12784654,-0.032971866
-0.06787926,-0.04969412,-0.017674912,-0.09406936,-0.17598295,-0.030254534,-0.058217943,-0.27179322,-0.044967744,-0.014626443,-0.33665118,-0.056699626,-0.0992302,-0.24173582,-0.014614865,-0.13133684,-0.3026104,-0.057318404,-0.118830085,-0.2202417,-0.081366286,-0.10311663,-0.15296113,-0.08878468,-0.05213791,-0.25476843,-0.022478439,-0.09412873,-0.3391494,-0.06968755,-0.09151739,-0.25160456,-0.08247896,-0.07961804,-0.17020762,-0.074807405,-0.002565086,-0.25176072,-0.03475493,-0.03260207,-0.27975753,-0.07575074,-0.029470265,-0.16915107,-0.06788254,-0.022119284,-0.094106734,-0.046655525,0.04573089,-0.23819518,-0.04871327,0.01070261,-0.24924377,-0.06736366,0.009404838,-0.17643738,-0.053179715,0.018360376,-0.13271827,-0.03427558
-0.061629415,-0.065249085,-0.017574906,-0.072868764,-0.19304109,-0.031037014,-0.028997421,-0.27881873,-0.046241358,0.021588504,-0.33319524,-0.05848238,-0.07357937,-0.2568817,-0.019953413,-0.10060841,-0.3242841,-0.062566504,-0.09519637,-0.24205488,-0.08572244,-0.0859139,-0.1752578,-0.09296507,-0.024175525,-0.26513517,-0.02725252,-0.05775845,-0.3505799,-0.07454803,-0.06316739,-0.26050758,-0.08630326,-0.060280383,-0.17870855,-0.07839272,0.025064051,-0.2548918,-0.038506996,-0.0065445304,-0.2707075,-0.07867187,-0.01485908,-0.1622613,-0.0712509,-0.014779091,-0.090145946,-0.050892774,0.07039869,-0.23385906,-0.051392246,0.034178734,-0.23535913,-0.068750024,0.025513828,-0.16417193,-0.055443164,0.030436337,-0.121691525,-0.037628546
-0.05975443,-0.065807104,-0.019156767,-0.070023954,-0.19775164,-0.03273023,-0.022457063,-0.28205812,-0.04751172,0.033169866,-0.3313154,-0.05878471,-0.068332136,-0.265031,-0.020702021,-0.09335005,-0.3307196,-0.06301526,-0.089485765,-0.24577236,-0.086104825,-0.08173865,-0.18048495,-0.09391897,-0.018384874,-0.27213112,-0.027547138,-0.048769772,-0.35179478,-0.07408116,-0.05566871,-0.25917265,-0.08494402,-0.05528027,-0.17930907,-0.07695753,0.030577242,-0.25974968,-0.03874987,0.0010105371,-0.26994976,-0.07695123,-0.009794712,-0.16256702,-0.068996295,-0.013502419,-0.092574835,-0.049343295,0.07530296,-0.23516575,-0.052091155,0.03970796,-0.22939217,-0.06846612,0.028854668,-0.15763801,-0.055734593,0.030503154,-0.11585742,-0.03895788
-0.05609882,-0.065036535,-0.022812324,-0.05712205,-0.19944668,-0.037438862,0.0020948648,-0.27253094,-0.05241993,0.061100423,-0.31313947,-0.06416681,-0.05069238,-0.28159872,-0.02173357,-0.07546246,-0.32824358,-0.06516416,-0.07816857,-0.24130452,-0.09216048,-0.07311958,-0.17480445,-0.10385512,0.0022966266,-0.28336316,-0.027690152,-0.027211666,-0.33909395,-0.074430496,-0.04020959,-0.24002564,-0.08725195,-0.041706324,-0.1621694,-0.082053795,0.051310956,-0.2615715,-0.038743436,0.023216963,-0.25848258,-0.07443609,0.0030884743,-0.14983845,-0.065156825,-0.006248653,-0.08254266,-0.046902288,0.091656685,-0.22518677,-0.052906618,0.05671853,-0.20330948,-0.06885876,0.03975576,-0.13288754,-0.05656308,0.038200438,-0.09771919,-0.041076414
-0.05609882,-0.065036535,-0.022812324,-0.05712205,-0.19944668,-0.037438862,0.0020948648,-0.27253094,-0.05241993,0.061100423,-0.31313947,-0.06416681,-0.05069238,-0.28159872,-0.02173357,-0.07546246,-0.32824358,-0.06516416,-0.07816857,-0.24130452,-0.09216048,-0.07311958,-0.17480445,-0.10385512,0.0022966266,-0.28336316,-0.027690152,-0.027211666,-0.33909395,-0.074430496,-0.04020959,-0.24002564,-0.08725195,-0.041706324,-0.1621694,-0.082053795,0.051310956,-0.2615715,-0.038743436,0.023216963,-0.25848258,-0.07443609,0.0030884743,-0.14983845,-0.065156825,-0.006248653,-0.08254266,-0.046902288,0.091656685,-0.22518677,-0.052906618,0.05671853,-0.20330948,-0.06885876,0.03975576,-0.13288754,-0.05656308,0.038200438,-0.09771919,-0.041076414
-0.05882275,-0.062376797,-0.03266584,-0.05752045,-0.19634414,-0.05124782,0.009643376,-0.2653434,-0.06807016,0.078752995,-0.29665425,-0.080663584,-0.04556054,-0.28929615,-0.031496055,-0.07343888,-0.31777483,-0.080534406,-0.07585889,-0.22830403,-0.11237448,-0.06901467,-0.1614536,-0.12769459,0.011332333,-0.28707993,-0.034701757,-0.015354693,-0.32862455,-0.086494766,-0.032761097,-0.22894388,-0.10123066,-0.03822863,-0.15455627,-0.097528726,0.06106627,-0.2589411,-0.044212386,0.035580695,-0.2417463,-0.08281026,0.0057314634,-0.1379103,-0.07250659,-0.01076448,-0.07836616,-0.053984705,0.09880823,-0.21566325,-0.05808033,0.06623298,-0.18571448,-0.07450063,0.04506761,-0.1217981,-0.061484028,0.041260123,-0.094730794,-0.04598198
-0.054881275,-0.06562579,-0.031255737,-0.049284577,-0.19822174,-0.049409,0.018579364,-0.2646305,-0.06604526,0.08543295,-0.2962854,-0.07880216,-0.03528738,-0.29008433,-0.029289223,-0.061528385,-0.32314897,-0.0765667,-0.06582731,-0.2369659,-0.107221566,-0.06043881,-0.17092091,-0.12193125,0.020891786,-0.28497338,-0.032963224,-0.0042638183,-0.32921624,-0.08405375,-0.02347815,-0.23051083,-0.09872444,-0.03013742,-0.1556958,-0.0949982,0.06934661,-0.2552028,-0.042748224,0.04373926,-0.23989964,-0.080974616,0.012428403,-0.13716382,-0.071157455,-0.0048729777,-0.078098655,-0.053051013,0.106119215,-0.21158767,-0.056647237,0.07158798,-0.18003565,-0.072556466,0.04828936,-0.114329875,-0.05956186,0.04292965,-0.08696145,-0.044233005
-0.05526209,-0.061217427,-0.034454636,-0.050466478,-0.19454873,-0.05279387,0.016891062,-0.2602876,-0.0690085,0.083426714,-0.29026636,-0.081123285,-0.04138744,-0.28765595,-0.030412447,-0.06417453,-0.32210132,-0.080604546,-0.06480694,-0.23619384,-0.11353284,-0.057866514,-0.16857791,-0.1289898,0.016489327,-0.28502974,-0.03215643,-0.0046769977,-0.32639125,-0.08680283,-0.02208227,-0.22504634,-0.102983825,-0.028494656,-0.1489144,-0.09896079,0.06634843,-0.25663912,-0.04059089,0.04252982,-0.23717907,-0.082101695,0.011921108,-0.13200462,-0.07352971,-0.005829692,-0.07190943,-0.05501411,0.10340041,-0.21466047,-0.05339743,0.07114756,-0.17756575,-0.07222173,0.04786575,-0.109974325,-0.060649026,0.042063713,-0.08289534,-0.045331184
-0.05683112,-0.06592989,-0.026877921,-0.05580145,-0.20024842,-0.042811505,0.0058288574,-0.2724061,-0.058356524,0.06823659,-0.3111508,-0.069418564,-0.0536837,-0.2836045,-0.02314379,-0.07590848,-0.32905316,-0.068704605,-0.07490677,-0.2377007,-0.09660828,-0.06708622,-0.17022735,-0.10892857,0.00070643425,-0.28472406,-0.027559124,-0.025527,-0.33971578,-0.07732258,-0.036210775,-0.2338835,-0.08915345,-0.036145627,-0.15655881,-0.08234925,0.05033487,-0.26061332,-0.037895855,0.026611924,-0.25444752,-0.074463904,0.0071200132,-0.14894688,-0.06215093,-0.0017048717,-0.089054525,-0.041581407,0.09043509,-0.22318518,-0.05201445,0.06138569,-0.20255995,-0.06552647,0.04460776,-0.13747722,-0.050711416,0.043402195,-0.110280514,-0.033763934
-0.054923117,-0.06520212,-0.02477947,-0.055401385,-0.20337379,-0.039337836,0.0023479462,-0.27981234,-0.05407006,0.059515417,-0.32332775,-0.06542221,-0.0539338,-0.28163218,-0.023162978,-0.07754576,-0.32904273,-0.06781301,-0.07846147,-0.23694775,-0.09494558,-0.07207912,-0.16795462,-0.10620363,-0.00029313564,-0.2843423,-0.02768903,-0.030406058,-0.345334,-0.07653768,-0.043927252,-0.24407685,-0.089949675,-0.04502088,-0.16396856,-0.08411694,0.048559308,-0.26220462,-0.037419047,0.020464301,-0.2603625,-0.07466973,0.0008147955,-0.15021902,-0.06577406,-0.007854223,-0.08286905,-0.046820853,0.08724612,-0.22683188,-0.050258633,0.05510342,-0.20667481,-0.06539753,0.039640546,-0.13924813,-0.052716363,0.039271712,-0.108282566,-0.03687573
-0.059613347,-0.065761745,-0.022657229,-0.06568128,-0.204099,-0.037045054,-0.008266807,-0.28037685,-0.05256437,0.0431754,-0.32889855,-0.06433972,-0.06425238,-0.2737398,-0.01991414,-0.084857404,-0.32691354,-0.06525383,-0.08169854,-0.23687333,-0.09314187,-0.07410252,-0.16580403,-0.10490989,-0.0124771,-0.2784629,-0.026528683,-0.04274273,-0.35251236,-0.077082545,-0.051078975,-0.25662184,-0.09224825,-0.047158062,-0.17573231,-0.087614685,0.038471997,-0.2588163,-0.038201526,0.015621603,-0.27761066,-0.07707669,-0.0010758638,-0.16512609,-0.06674861,-0.007830381,-0.0909583,-0.046470698,0.08086604,-0.22680867,-0.05293291,0.054029405,-0.22493899,-0.070868164,0.038756073,-0.15659654,-0.057331786,0.037293315,-0.120378315,-0.04040126
-0.060117006,-0.063494146,-0.016860178,-0.06966531,-0.19606167,-0.029370349,-0.019804418,-0.27915296,-0.044206034,0.030917525,-0.33191678,-0.055713538,-0.071210206,-0.26590696,-0.013711127,-0.09548628,-0.32954705,-0.055707216,-0.091823936,-0.24694872,-0.08036834,-0.08332342,-0.18141216,-0.08953422,-0.021726489,-0.27111852,-0.022295982,-0.05227089,-0.35317394,-0.06779025,-0.05840206,-0.26210693,-0.07997862,-0.054261684,-0.18219858,-0.07349536,0.028210461,-0.25601953,-0.03557807,0.0010044575,-0.28000003,-0.07226505,-0.008650899,-0.17179954,-0.0629368,-0.009355783,-0.099987805,-0.043195583,0.07338929,-0.22883525,-0.051109444,0.04024619,-0.2350235,-0.067546636,0.029171407,-0.16567093,-0.0542827,0.03294599,-0.1258077,-0.03750962
-0.06114161,-0.06894481,-0.015922608,-0.07177758,-0.19834107,-0.02861577,-0.023059905,-0.27962223,-0.043929216,0.031204343,-0.3293711,-0.05630104,-0.07190019,-0.26334193,-0.013394205,-0.09780264,-0.32396525,-0.05686546,-0.09414855,-0.24055904,-0.083047956,-0.08538091,-0.17211264,-0.09257128,-0.023103476,-0.27008784,-0.02201682,-0.056476116,-0.351053,-0.0696594,-0.06326938,-0.26309824,-0.08421461,-0.06126368,-0.18163371,-0.07848866,0.026323915,-0.25806338,-0.03496974,-0.0023522377,-0.27272353,-0.073360704,-0.01306814,-0.16573048,-0.06663116,-0.01653701,-0.092472434,-0.047516633,0.070893705,-0.23475087,-0.04993678,0.035532057,-0.23112074,-0.06584997,0.024020672,-0.15940994,-0.052628733,0.025795162,-0.11564475,-0.035342366
-0.06587213,-0.069438875,-0.017126646,-0.080981195,-0.19761562,-0.029952524,-0.03471434,-0.28242964,-0.044743937,0.0180102,-0.33525065,-0.056671128,-0.080768585,-0.25626466,-0.014663181,-0.10827142,-0.32012427,-0.05622327,-0.0991112,-0.23868415,-0.08104765,-0.08547896,-0.17463106,-0.09023442,-0.031211734,-0.26711616,-0.02187485,-0.065697074,-0.35623506,-0.06907189,-0.06818938,-0.2683454,-0.08368718,-0.061581433,-0.18574005,-0.077708,0.018236697,-0.2593968,-0.03297974,-0.011090398,-0.2800898,-0.0717511,-0.016799152,-0.17382109,-0.0660634,-0.015459418,-0.09968889,-0.047209654,0.062229812,-0.24018067,-0.046054825,0.026070833,-0.23741513,-0.063797005,0.019248366,-0.16666007,-0.052517198,0.025298715,-0.12263358,-0.036222145
-0.06540257,-0.06873977,-0.015698802,-0.08037084,-0.19672328,-0.028040024,-0.036017895,-0.28236848,-0.04297163,0.016381562,-0.33483702,-0.054748397,-0.07976097,-0.25692993,-0.01233872,-0.109063804,-0.32162136,-0.053328972,-0.102298856,-0.24213609,-0.07751362,-0.09079915,-0.18110377,-0.08634133,-0.03132683,-0.266375,-0.020390805,-0.0663656,-0.35170233,-0.0659559,-0.07069737,-0.26833034,-0.08006706,-0.065779805,-0.1911605,-0.07462439,0.017739117,-0.2580006,-0.03243678,-0.012950301,-0.27819213,-0.06913333,-0.019380093,-0.17377126,-0.06211808,-0.018683076,-0.10264647,-0.0431233,0.062466264,-0.23860031,-0.04651242,0.02586037,-0.23979273,-0.061161913,0.019096076,-0.17395395,-0.048143987,0.025350034,-0.13473564,-0.031297456
-0.0640862,-0.06564498,-0.018059839,-0.0791831,-0.19388556,-0.031357747,-0.034284115,-0.27925447,-0.046556566,0.019053817,-0.33191788,-0.05837582,-0.08225834,-0.2549201,-0.017310802,-0.10950971,-0.32303998,-0.059466176,-0.10099083,-0.24058908,-0.083210975,-0.089188576,-0.17671388,-0.09150732,-0.03212744,-0.26509437,-0.024280282,-0.065056145,-0.3494966,-0.071725085,-0.067570746,-0.25822482,-0.0843649,-0.062076926,-0.17749214,-0.07727924,0.01836425,-0.2560957,-0.035412915,-0.009506583,-0.27503943,-0.07375972,-0.015803277,-0.16801637,-0.06557829,-0.015979648,-0.096595764,-0.045389846,0.06398952,-0.23604223,-0.048612423,0.03110224,-0.23712483,-0.06434454,0.023764253,-0.16909665,-0.050789934,0.02831626,-0.12882763,-0.033261828
-0.06642151,-0.05976045,-0.02336476,-0.078424454,-0.19100463,-0.03801943,-0.026582956,-0.27130336,-0.05223894,0.029233634,-0.32229385,-0.062235314,-0.07857609,-0.26555645,-0.025202127,-0.10545573,-0.3174423,-0.070365466,-0.09677529,-0.23389822,-0.0976479,-0.08432108,-0.17065161,-0.10944475,-0.02415526,-0.2794452,-0.030485239,-0.057128727,-0.34458885,-0.080649815,-0.061593056,-0.24898091,-0.094535805,-0.057258368,-0.17108727,-0.08897162,0.027997613,-0.2675996,-0.04026036,-0.0041756034,-0.2511275,-0.07815069,-0.017319322,-0.1411457,-0.06793909,-0.022601247,-0.07555866,-0.048168253,0.06894845,-0.24064696,-0.053241707,0.03213972,-0.20389307,-0.06926019,0.024800658,-0.13623661,-0.056116216,0.030552626,-0.10712206,-0.03975709
-0.06344515,-0.057903767,-0.02379775,-0.0759328,-0.19221997,-0.03887567,-0.018948257,-0.2700696,-0.053966817,0.040103793,-0.31550676,-0.06508564,-0.068479836,-0.27669263,-0.023325983,-0.09822917,-0.32187524,-0.06967316,-0.093701005,-0.2370795,-0.09855664,-0.08212131,-0.17115724,-0.111216515,-0.014461815,-0.2861871,-0.02837831,-0.04746884,-0.3358022,-0.07896514,-0.05325967,-0.23811874,-0.09328496,-0.048847675,-0.15845805,-0.08826437,0.035683513,-0.27134913,-0.038751487,0.0031223297,-0.2499429,-0.07645699,-0.010040641,-0.14014518,-0.067936175,-0.015035689,-0.071929395,-0.04965712,0.07563406,-0.2410897,-0.05253712,0.037270308,-0.20348454,-0.07030565,0.028305471,-0.13416374,-0.05987693,0.033127427,-0.101457834,-0.04520152
-0.06597674,-0.05813992,-0.029755024,-0.07547635,-0.18882895,-0.04742123,-0.019246459,-0.26652062,-0.063201286,0.03941405,-0.31380433,-0.07464923,-0.07191092,-0.27481478,-0.031277433,-0.09847218,-0.31081474,-0.08118822,-0.092291534,-0.22323227,-0.11372127,-0.08053857,-0.1587261,-0.12954003,-0.015851438,-0.28435054,-0.034203004,-0.048837125,-0.331058,-0.08954767,-0.05480492,-0.23019758,-0.10623203,-0.051314473,-0.15265447,-0.102857776,0.036249578,-0.26816216,-0.042392995,0.0050281286,-0.24400693,-0.0840687,-0.010787964,-0.13211882,-0.07343901,-0.01885587,-0.06649071,-0.05348429,0.07567698,-0.23715976,-0.054485917,0.039544046,-0.19356996,-0.07436128,0.030153751,-0.12423146,-0.062016357,0.034247816,-0.09702361,-0.045897707
-0.06236124,-0.05634111,-0.028923837,-0.073382676,-0.1905837,-0.045142096,-0.015132666,-0.26720896,-0.059952255,0.046920776,-0.30960417,-0.070220105,-0.0674724,-0.2702885,-0.029160231,-0.09587395,-0.31227627,-0.07440571,-0.09040439,-0.22357023,-0.101449035,-0.07830179,-0.1637876,-0.113716885,-0.013696194,-0.27765483,-0.03243108,-0.04530108,-0.33445463,-0.083513126,-0.05139935,-0.23441121,-0.09587278,-0.047770023,-0.15925598,-0.08954512,0.037214875,-0.26191786,-0.041124385,0.010628223,-0.24718106,-0.08109522,-0.006452918,-0.13513076,-0.06994879,-0.015681088,-0.069152355,-0.049301405,0.07955271,-0.23310074,-0.053503368,0.049946308,-0.20838016,-0.07144677,0.035503328,-0.13509518,-0.057748187,0.03390199,-0.099550664,-0.040818393
-0.06258702,-0.05656272,-0.028530136,-0.074105084,-0.187217,-0.04598247,-0.013426304,-0.2611344,-0.06253949,0.050354064,-0.2999112,-0.07495621,-0.07046479,-0.27128008,-0.028650057,-0.09915072,-0.31346264,-0.07618544,-0.0907321,-0.2234453,-0.105462484,-0.07715249,-0.15909863,-0.11865261,-0.015530229,-0.277381,-0.032642305,-0.047448456,-0.33351392,-0.08542958,-0.052395463,-0.23007903,-0.09879819,-0.048606634,-0.15127385,-0.092574075,0.036304414,-0.2588975,-0.0422488,0.010536075,-0.25253984,-0.08380545,-0.0052978992,-0.14006186,-0.07340478,-0.013131261,-0.072577596,-0.05263969,0.079580665,-0.2274825,-0.05534888,0.047953784,-0.20539224,-0.074589685,0.03210932,-0.13195777,-0.061279915,0.030890107,-0.09568918,-0.044096496
-0.06260413,-0.058521748,-0.026776362,-0.0759967,-0.18911207,-0.04327591,-0.019529283,-0.26679972,-0.059007686,0.042980373,-0.30880988,-0.07033329,-0.07217777,-0.27175966,-0.026564755,-0.10105419,-0.3157996,-0.07268748,-0.09291786,-0.2263642,-0.10057681,-0.07946402,-0.16436589,-0.11303044,-0.018940032,-0.27887008,-0.031015301,-0.051946938,-0.33640194,-0.082267575,-0.055232406,-0.23250604,-0.09446183,-0.050482452,-0.15456867,-0.08759581,0.031811893,-0.26223376,-0.040892515,0.004842758,-0.25272107,-0.08079733,-0.008496165,-0.14149588,-0.069629684,-0.015091658,-0.07505989,-0.048645187,0.074647665,-0.23170581,-0.054262605,0.043165028,-0.20634562,-0.07178459,0.029478371,-0.13354051,-0.058127172,0.028981447,-0.0979889,-0.04104637
-0.064644754,-0.055165946,-0.024808366,-0.08250171,-0.18880409,-0.0394831,-0.034473002,-0.2742492,-0.05455255,0.019953907,-0.32700118,-0.06604483,-0.08107954,-0.26574934,-0.022337813,-0.112389565,-0.30924177,-0.06942748,-0.10375023,-0.22096652,-0.09780804,-0.09060085,-0.1547113,-0.10925591,-0.02984935,-0.28074938,-0.027545223,-0.06587303,-0.34332973,-0.07954602,-0.06912726,-0.24741846,-0.09417737,-0.065038264,-0.16779912,-0.087896846,0.02035451,-0.27147543,-0.037968237,-0.010101318,-0.25802684,-0.07925909,-0.018482149,-0.14671367,-0.071746096,-0.021658242,-0.07851815,-0.052123662,0.062874734,-0.24735108,-0.051517162,0.029958725,-0.2143997,-0.06947928,0.022804916,-0.14278823,-0.05743393,0.026533902,-0.10804409,-0.04101079
-0.06705451,-0.05561316,-0.023056893,-0.08432424,-0.18799585,-0.03765461,-0.038874745,-0.27768937,-0.052582,0.013026714,-0.33435285,-0.0638746,-0.08517808,-0.2630388,-0.024165122,-0.11763716,-0.31733504,-0.07022758,-0.10645053,-0.2282686,-0.09662327,-0.09198564,-0.16150033,-0.10666438,-0.03305298,-0.27921003,-0.02911931,-0.07168418,-0.34891874,-0.080675796,-0.07180953,-0.25134706,-0.09368125,-0.066113055,-0.16851407,-0.08625306,0.017004788,-0.27190888,-0.038809087,-0.018523157,-0.26382178,-0.07919103,-0.022119045,-0.15340203,-0.07119079,-0.021840751,-0.0846979,-0.051569905,0.05882275,-0.2511372,-0.051302373,0.020484269,-0.21963036,-0.06910931,0.01683265,-0.14719933,-0.057765935,0.024025798,-0.11192852,-0.04199291
