0,1,2,3,4,5,6,7,8,9,10,11,12,13,14,15,16,17,18,19,20,21,22,23,24,25,26,27,28,29,30,31,32,33,34,35,36,37,38,39,40,41,42,43,44,45,46,47,48,49,50,51,52,53,54,55,56,57,58,59
-0.059164047,-0.032773614,-0.04104313,-0.08723566,-0.13535798,-0.06790769,-0.050362647,-0.22359699,-0.09402399,-0.007701695,-0.2811057,-0.11774901,-0.074851364,-0.28581595,-0.05578939,-0.09917244,-0.4342379,-0.10106947,-0.1103833,-0.5309448,-0.12546018,-0.11873233,-0.60970676,-0.13800956,-0.014315009,-0.28335088,-0.06338324,0.007730782,-0.44057584,-0.112793,0.020905793,-0.54456383,-0.13653038,0.032077372,-0.63083446,-0.1428242,0.038096488,-0.2453726,-0.07427154,0.025039673,-0.27254868,-0.13441789,-0.0054373145,-0.18323374,-0.13188027,-0.0171355,-0.122914135,-0.110302195,0.0777514,-0.18924224,-0.08816662,0.05365479,-0.20068163,-0.13070981,0.027406871,-0.13149804,-0.11813837,0.020852387,-0.083085954,-0.095494345
-0.059164047,-0.032773614,-0.04104313,-0.08723566,-0.13535798,-0.06790769,-0.050362647,-0.22359699,-0.09402399,-0.007701695,-0.2811057,-0.11774901,-0.074851364,-0.28581595,-0.05578939,-0.09917244,-0.4342379,-0.10106947,-0.1103833,-0.5309448,-0.12546018,-0.11873233,-0.60970676,-0.13800956,-0.014315009,-0.28335088,-0.06338324,0.007730782,-0.44057584,-0.112793,0.020905793,-0.54456383,-0.13653038,0.032077372,-0.63083446,-0.1428242,0.038096488,-0.2453726,-0.07427154,0.025039673,-0.27254868,-0.13441789,-0.0054373145,-0.18323374,-0.13188027,-0.0171355,-0.122914135,-0.110302195,0.0777514,-0.18924224,-0.08816662,0.05365479,-0.20068163,-0.13070981,0.027406871,-0.13149804,-0.11813837,0.020852387,-0.083085954,-0.095494345
-0.059753716,-0.04233408,-0.039445024,-0.08313432,-0.14731616,-0.06490908,-0.04377389,-0.23638713,-0.089621074,0.0011110306,-0.29398918,-0.11192801,-0.07750136,-0.2902143,-0.05361895,-0.09813225,-0.433959,-0.09438351,-0.106866896,-0.5283562,-0.116895154,-0.114357054,-0.60433877,-0.12928672,-0.016730905,-0.28659153,-0.061856233,0.005352676,-0.44106805,-0.10789462,0.01880908,-0.5440972,-0.13172077,0.029708147,-0.62620986,-0.139769,0.03463286,-0.24745762,-0.0728894,0.030075133,-0.27938777,-0.12921017,-4.094839e-05,-0.19360036,-0.1269946,-0.01455605,-0.13431478,-0.107676625,0.0722124,-0.19157797,-0.086856075,0.0557096,-0.2093926,-0.12763283,0.030788422,-0.14144343,-0.11506399,0.02149862,-0.091003895,-0.093585044
-0.059949696,-0.040479362,-0.038624942,-0.08538669,-0.14508045,-0.063481346,-0.046710014,-0.2348088,-0.08748502,-0.0014107227,-0.29061282,-0.10927401,-0.07902378,-0.28708428,-0.054324582,-0.10080835,-0.43126142,-0.09543382,-0.109754175,-0.5258934,-0.11807687,-0.11742762,-0.6021287,-0.13037847,-0.01830697,-0.28488827,-0.06236261,0.0020593405,-0.43933517,-0.108012244,0.01532042,-0.54041064,-0.13090861,0.025535345,-0.6210848,-0.13811567,0.03327197,-0.24741763,-0.073119655,0.027585924,-0.2754104,-0.12943314,-0.0016255975,-0.19057488,-0.12787333,-0.01608491,-0.13135284,-0.108812235,0.07096225,-0.19272178,-0.08666026,0.05340773,-0.20574349,-0.12730084,0.028227508,-0.13834703,-0.11537106,0.018244505,-0.08788353,-0.09428293
-0.0606938,-0.03861797,-0.037665397,-0.08612028,-0.14011449,-0.062789746,-0.049904346,-0.2276423,-0.08780039,-0.008028746,-0.28328782,-0.11073617,-0.08069354,-0.28515851,-0.05225672,-0.10323584,-0.42671514,-0.09343147,-0.11305952,-0.5208731,-0.11659119,-0.12183827,-0.5976183,-0.12939274,-0.020435631,-0.28120577,-0.061909568,-8.779764e-05,-0.43481028,-0.10818732,0.013684928,-0.5374799,-0.13161987,0.022982836,-0.62024456,-0.13924426,0.030755043,-0.2426843,-0.07435005,0.025537312,-0.2788152,-0.13306956,-0.001861453,-0.19248605,-0.13146913,-0.01715076,-0.13109618,-0.1117962,0.06882721,-0.18684661,-0.08935356,0.055281937,-0.21063906,-0.13249435,0.029702306,-0.14181358,-0.12019007,0.015879035,-0.087842226,-0.09834802
-0.060516357,-0.040436447,-0.031248212,-0.083722144,-0.14205098,-0.052160207,-0.0459857,-0.22446561,-0.07422326,-0.006821394,-0.2778629,-0.09471192,-0.07675916,-0.28933507,-0.044340152,-0.099217296,-0.42958695,-0.081379175,-0.10865709,-0.5242604,-0.102004796,-0.11735374,-0.5995699,-0.11321495,-0.017070293,-0.28777367,-0.05545516,0.003295958,-0.43979847,-0.09671695,0.01619798,-0.5440823,-0.11932765,0.026087224,-0.62620485,-0.12690875,0.033259094,-0.2508554,-0.068847805,0.02747488,-0.28136206,-0.11985652,-8.201599e-05,-0.19884336,-0.11833555,-0.013730764,-0.13994896,-0.10018508,0.07046747,-0.19595814,-0.08468535,0.055055022,-0.21409911,-0.1209981,0.03184724,-0.15062487,-0.108744346,0.022641003,-0.10146111,-0.08802196
-0.061050832,-0.041900456,-0.032366708,-0.084833086,-0.14780998,-0.053971242,-0.047765315,-0.23709095,-0.076367915,-0.009167016,-0.2981109,-0.096677415,-0.0791595,-0.29215777,-0.045691546,-0.10274589,-0.4337974,-0.08343149,-0.112762004,-0.52877104,-0.10444846,-0.12154961,-0.60419816,-0.116100036,-0.01972723,-0.28889543,-0.05690855,0.00018203259,-0.44398087,-0.100523464,0.01230973,-0.5493559,-0.12445118,0.022619009,-0.6325333,-0.13289139,0.03062284,-0.24994802,-0.07034091,0.024392366,-0.28451103,-0.12287335,-0.0039737225,-0.20044959,-0.119838744,-0.017048895,-0.14305526,-0.100590244,0.06825471,-0.19429487,-0.08628767,0.051780522,-0.21869332,-0.12331711,0.02813512,-0.1543616,-0.109693535,0.018637002,-0.10695422,-0.088015795
-0.06042117,-0.042963922,-0.030145967,-0.08417615,-0.14695048,-0.051542927,-0.048124373,-0.23437464,-0.074388556,-0.013619244,-0.2972384,-0.09522968,-0.07737568,-0.2921598,-0.043090563,-0.09874457,-0.43483454,-0.08056954,-0.10810712,-0.52889264,-0.10153869,-0.115005106,-0.6034974,-0.113054715,-0.018801868,-0.28970516,-0.055195678,0.00041884184,-0.44428104,-0.099067286,0.013247788,-0.549387,-0.12375422,0.024676383,-0.6320722,-0.13285255,0.031036496,-0.25213975,-0.06921001,0.026113927,-0.28984606,-0.12131571,-0.0022002459,-0.20508838,-0.11817215,-0.01614201,-0.14604688,-0.09929427,0.06828475,-0.19751203,-0.08556308,0.052476406,-0.22235882,-0.12208786,0.028989613,-0.15758634,-0.10798198,0.018588245,-0.11030042,-0.08613213
-0.062351167,-0.0485574,-0.03129291,-0.08706421,-0.15289009,-0.053416625,-0.050059974,-0.23786855,-0.07685399,-0.011087239,-0.29633498,-0.098642804,-0.07740539,-0.2909993,-0.044595342,-0.09872657,-0.4340819,-0.08276566,-0.10805935,-0.5271206,-0.10378606,-0.11497232,-0.60136104,-0.1148288,-0.01981759,-0.28698003,-0.05579011,-0.0016235113,-0.44238988,-0.09981238,0.010450304,-0.5460246,-0.12418586,0.02147764,-0.6275983,-0.13260937,0.029734313,-0.24943459,-0.06901923,0.023987949,-0.28633976,-0.122915186,-0.0046775937,-0.20293832,-0.1225093,-0.018517256,-0.14375782,-0.1046366,0.06695944,-0.195167,-0.08438082,0.050534785,-0.22147149,-0.12215582,0.025679708,-0.15676016,-0.109418266,0.014312565,-0.107476175,-0.08816872
-0.061556518,-0.04333377,-0.031867724,-0.08847439,-0.14478505,-0.054891035,-0.054021418,-0.23054028,-0.07921222,-0.017312884,-0.2902609,-0.10172567,-0.07799393,-0.28918707,-0.047094222,-0.09942931,-0.43144757,-0.086777486,-0.10890004,-0.52642834,-0.109250836,-0.116393745,-0.60220826,-0.12184516,-0.020631433,-0.28487372,-0.05879947,-0.00059992075,-0.43978274,-0.104889266,0.013421893,-0.5449917,-0.13091262,0.025173426,-0.62764335,-0.14065702,0.028793871,-0.24687994,-0.07240514,0.022760272,-0.28326607,-0.1269406,-0.0054178834,-0.20000768,-0.12559229,-0.020014226,-0.1405415,-0.10729069,0.066412926,-0.1925739,-0.0883561,0.049430847,-0.21537131,-0.12689225,0.025460124,-0.15188098,-0.11416463,0.01387769,-0.10372442,-0.09285881
-0.060112655,-0.04385364,-0.030110309,-0.08456215,-0.14746004,-0.052972116,-0.04778862,-0.23391455,-0.07758458,-0.00823915,-0.29303157,-0.100992456,-0.075201154,-0.2889973,-0.04812795,-0.0984664,-0.43180498,-0.087098025,-0.107895195,-0.5280188,-0.10856382,-0.114572644,-0.6050508,-0.12043017,-0.017556429,-0.28283393,-0.061081976,0.0026254654,-0.44031554,-0.10647247,0.01716423,-0.5463856,-0.13181871,0.029216468,-0.6300928,-0.14108418,0.031975746,-0.24312502,-0.07540195,0.025819719,-0.2847283,-0.13020915,-0.0031872988,-0.20032012,-0.12817083,-0.018976986,-0.13961601,-0.1092263,0.06971264,-0.18733269,-0.09167873,0.052838087,-0.21933806,-0.13022198,0.027297974,-0.1529231,-0.11569419,0.013316572,-0.09997296,-0.092964485
-0.06096351,-0.040196598,-0.033038493,-0.085243225,-0.14518863,-0.057269093,-0.049169123,-0.23436546,-0.08246826,-0.010815382,-0.29826093,-0.10590737,-0.07713908,-0.28706795,-0.051017314,-0.0999991,-0.43340933,-0.091305815,-0.109021604,-0.53161985,-0.11317367,-0.115406215,-0.609773,-0.12514608,-0.018898368,-0.2817002,-0.06266676,0.00070780516,-0.43995595,-0.109291874,0.014866352,-0.5457042,-0.13424213,0.026750147,-0.62915033,-0.14308514,0.031163096,-0.24252039,-0.07595783,0.025203288,-0.2880742,-0.13173217,-0.0038394928,-0.20234871,-0.12788214,-0.019101858,-0.14103436,-0.10749096,0.06948441,-0.18682557,-0.09151734,0.05359739,-0.21915978,-0.13095123,0.029138803,-0.15379214,-0.11598082,0.016299427,-0.10265243,-0.09262942
-0.06096393,-0.04570675,-0.02936497,-0.08634594,-0.14541721,-0.051514268,-0.051279843,-0.22615272,-0.07582369,-0.01421994,-0.2829578,-0.09873932,-0.07400972,-0.29187214,-0.04336085,-0.09626961,-0.4342044,-0.08145804,-0.10508266,-0.5276798,-0.10264556,-0.111174196,-0.60269725,-0.11403186,-0.01591444,-0.2865628,-0.056423344,0.0035017729,-0.44260472,-0.100144066,0.01639378,-0.5480101,-0.12481341,0.027208984,-0.6307925,-0.13358971,0.03362328,-0.24802172,-0.07141032,0.024983525,-0.28595477,-0.1252733,-0.0031926036,-0.20216566,-0.12470403,-0.017381549,-0.14184284,-0.10685024,0.070445895,-0.19322789,-0.08840398,0.05137509,-0.21868926,-0.12626071,0.0259974,-0.15198022,-0.11298548,0.0139219165,-0.10018432,-0.09139492
-0.061720908,-0.047365844,-0.028213382,-0.08565262,-0.14981651,-0.049418736,-0.051598966,-0.23137486,-0.0727833,-0.016832054,-0.29036963,-0.09464994,-0.07334378,-0.29218775,-0.041637573,-0.09541109,-0.43744993,-0.078135796,-0.10380402,-0.53174055,-0.09784428,-0.10950726,-0.60733455,-0.10803088,-0.015657187,-0.28746992,-0.05430623,0.004934013,-0.4448493,-0.09558353,0.017966568,-0.55008113,-0.11880009,0.029379547,-0.632111,-0.12677456,0.033400834,-0.24981111,-0.068909876,0.024921715,-0.28398633,-0.11969205,-0.0044775605,-0.20352852,-0.11941841,-0.018775105,-0.14587343,-0.10238852,0.069870055,-0.19632012,-0.08550761,0.0508793,-0.22028542,-0.120060526,0.02620852,-0.15778059,-0.106911354,0.015705168,-0.10971993,-0.08610426
-0.060935915,-0.04608202,-0.032565564,-0.0841648,-0.15027386,-0.055821765,-0.04757011,-0.2345438,-0.080132276,-0.009604216,-0.294353,-0.10288127,-0.072512746,-0.2910025,-0.04736528,-0.094463915,-0.4357047,-0.086702265,-0.10313773,-0.5305973,-0.108462475,-0.10908526,-0.6069212,-0.11999192,-0.014332116,-0.28474873,-0.05901089,0.005646527,-0.44297236,-0.103003435,0.019054353,-0.54820853,-0.12735508,0.030368507,-0.63202226,-0.13578376,0.035266876,-0.2454747,-0.07274043,0.02882731,-0.28463864,-0.1278565,-0.0015230775,-0.20128328,-0.12731521,-0.017683864,-0.14220846,-0.10912262,0.07157725,-0.18956965,-0.088610925,0.05381459,-0.21600282,-0.12794611,0.027784467,-0.14967322,-0.11465619,0.014566958,-0.098986685,-0.0926853
-0.058424175,-0.048748076,-0.02973062,-0.08348256,-0.15109217,-0.0521438,-0.046156466,-0.23208147,-0.07636716,-0.006374359,-0.28671694,-0.09929896,-0.072809935,-0.29650676,-0.045769483,-0.093616545,-0.43929347,-0.08494925,-0.10170245,-0.5339778,-0.10731721,-0.107984304,-0.6096081,-0.11933516,-0.013545513,-0.29113156,-0.058101274,0.007237017,-0.44504339,-0.10109658,0.01979798,-0.55024004,-0.12478146,0.029850245,-0.63308173,-0.13303877,0.03651184,-0.25238353,-0.07242018,0.027907193,-0.2830469,-0.12435659,-0.0035322309,-0.20174831,-0.123533264,-0.02047491,-0.14174134,-0.10592359,0.07319671,-0.19687921,-0.089041024,0.054885805,-0.21575439,-0.12483421,0.027273953,-0.15158188,-0.111707985,0.014062703,-0.1007092,-0.09061993
-0.05824089,-0.043319046,-0.034472447,-0.080166936,-0.14740527,-0.05720513,-0.042069077,-0.23525274,-0.08003909,-0.0055572987,-0.2974128,-0.1011002,-0.07397103,-0.28920054,-0.048665307,-0.09535217,-0.43161938,-0.08778956,-0.10316691,-0.5267664,-0.11021587,-0.10948157,-0.60361904,-0.12262601,-0.015563309,-0.2837482,-0.05870843,0.0027573109,-0.44057116,-0.1022458,0.016270876,-0.54538286,-0.12665455,0.028230786,-0.628807,-0.13567993,0.034227908,-0.24442065,-0.07092378,0.029821038,-0.28456533,-0.12464574,2.2888184e-05,-0.2034306,-0.12344584,-0.016304195,-0.14603359,-0.10558717,0.07073784,-0.18818384,-0.085584186,0.055214763,-0.2134605,-0.12507588,0.03030169,-0.14798248,-0.11238481,0.017713726,-0.09839696,-0.0911027
-0.056995153,-0.04573369,-0.033993155,-0.076556385,-0.14972436,-0.056968395,-0.037324548,-0.23476368,-0.08032371,0.0016355515,-0.29396844,-0.10188478,-0.069660425,-0.29019606,-0.047878653,-0.091778815,-0.43259197,-0.08746919,-0.10042536,-0.5278579,-0.10966771,-0.10734856,-0.6044029,-0.12144533,-0.010853827,-0.28482598,-0.05815491,0.0065258145,-0.43996888,-0.10273874,0.017874062,-0.54363626,-0.12688637,0.028044224,-0.6254261,-0.13501208,0.038752258,-0.24579442,-0.07069661,0.031306863,-0.27868718,-0.12565205,0.00083732605,-0.19482923,-0.12403362,-0.014725268,-0.13497901,-0.10499627,0.07474953,-0.19031954,-0.08565337,0.056992292,-0.2111581,-0.12512352,0.03148192,-0.14233798,-0.111669056,0.02020228,-0.09016734,-0.08939314
-0.056995153,-0.04573369,-0.033993155,-0.076556385,-0.14972436,-0.056968395,-0.037324548,-0.23476368,-0.08032371,0.0016355515,-0.29396844,-0.10188478,-0.069660425,-0.29019606,-0.047878653,-0.091778815,-0.43259197,-0.08746919,-0.10042536,-0.5278579,-0.10966771,-0.10734856,-0.6044029,-0.12144533,-0.010853827,-0.28482598,-0.05815491,0.0065258145,-0.43996888,-0.10273874,0.017874062,-0.54363626,-0.12688637,0.028044224,-0.6254261,-0.13501208,0.038752258,-0.24579442,-0.07069661,0.031306863,-0.27868718,-0.12565205,0.00083732605,-0.19482923,-0.12403362,-0.014725268,-0.13497901,-0.10499627,0.07474953,-0.19031954,-0.08565337,0.056992292,-0.2111581,-0.12512352,0.03148192,-0.14233798,-0.111669056,0.02020228,-0.09016734,-0.08939314
-0.059145093,-0.047166646,-0.033212874,-0.08137262,-0.15430862,-0.05513464,-0.042992115,-0.24029452,-0.0776962,-0.005842328,-0.30083,-0.099042416,-0.07339847,-0.29077524,-0.046839245,-0.09569216,-0.4329096,-0.08581433,-0.10519266,-0.52835184,-0.10825456,-0.11244583,-0.6044136,-0.120796494,-0.015394211,-0.2849759,-0.05777836,0.0019211769,-0.44290864,-0.10202248,0.014039695,-0.54764116,-0.1277752,0.025591552,-0.63125074,-0.13749135,0.034109533,-0.24564314,-0.07075015,0.028706968,-0.28842753,-0.12609465,-0.00042545795,-0.20420128,-0.12628098,-0.015256882,-0.14475602,-0.10880625,0.07014048,-0.1896947,-0.08586022,0.054228663,-0.21603876,-0.1265707,0.030938447,-0.14901286,-0.114249885,0.021545291,-0.099132955,-0.092872374
-0.05969596,-0.049144864,-0.031445675,-0.084433734,-0.15989017,-0.05328001,-0.0497666,-0.24807352,-0.0763959,-0.013439,-0.30980247,-0.098492496,-0.07124379,-0.29474133,-0.04542929,-0.092671394,-0.43756372,-0.083644636,-0.103183,-0.53070885,-0.10508415,-0.10981509,-0.6066803,-0.11701874,-0.013906777,-0.28591293,-0.057818938,0.0033843517,-0.44498494,-0.10275958,0.014581323,-0.5497015,-0.12842984,0.02587539,-0.6347557,-0.1380769,0.036091506,-0.24450254,-0.07196051,0.029579759,-0.2959485,-0.12994893,0.00050520897,-0.2081061,-0.13028814,-0.013365984,-0.14641201,-0.1123755,0.07322329,-0.1867007,-0.08778747,0.05591488,-0.22187972,-0.1306712,0.032132685,-0.15238589,-0.11799451,0.02303809,-0.10007995,-0.0961093
-0.061451197,-0.04966432,-0.030492479,-0.0856719,-0.16246945,-0.050478905,-0.047587276,-0.25159287,-0.07205429,-0.008982599,-0.31070298,-0.09239494,-0.06875622,-0.29316127,-0.040417172,-0.08712894,-0.434317,-0.076107346,-0.09530148,-0.5267974,-0.09573598,-0.10109526,-0.60111845,-0.106556036,-0.012208939,-0.28402638,-0.052120488,0.0072587132,-0.44134632,-0.095754355,0.019424915,-0.5456504,-0.12047672,0.031004786,-0.62807846,-0.12922184,0.03677398,-0.24368256,-0.06584715,0.030736089,-0.29123634,-0.122710146,0.00056409836,-0.20369887,-0.12310072,-0.014585495,-0.14157641,-0.104894824,0.07359594,-0.18807638,-0.08126803,0.05641061,-0.22312349,-0.1232854,0.03132671,-0.15385497,-0.11151088,0.02063793,-0.10131276,-0.090256706
-0.05965066,-0.048572183,-0.029494777,-0.083147645,-0.15831089,-0.049283408,-0.047662735,-0.2471686,-0.070673876,-0.011570275,-0.30607188,-0.09089522,-0.06600711,-0.2902128,-0.04127801,-0.085275054,-0.42960545,-0.07717182,-0.09236798,-0.5217697,-0.097029485,-0.096909106,-0.59586835,-0.108126946,-0.009706855,-0.28065288,-0.053465046,0.010664403,-0.43608296,-0.09752429,0.023578167,-0.53858006,-0.12280316,0.035365224,-0.62010604,-0.13196042,0.038934052,-0.23913473,-0.06734032,0.032641828,-0.28711855,-0.12420347,0.0029513836,-0.20126027,-0.12468734,-0.012389123,-0.14069211,-0.10663167,0.07546091,-0.18193668,-0.08272756,0.057795405,-0.21901959,-0.124695286,0.032353878,-0.15141904,-0.112944946,0.020448446,-0.099176764,-0.091712095
-0.05822724,-0.043899357,-0.031227745,-0.08377069,-0.1517331,-0.051954303,-0.047881424,-0.24040055,-0.07342588,-0.0073696375,-0.29471314,-0.094157815,-0.07024491,-0.28293514,-0.048498467,-0.089625925,-0.42381415,-0.08558487,-0.09694207,-0.517025,-0.10615513,-0.10158014,-0.59311366,-0.11775264,-0.0138552785,-0.27182925,-0.059687678,0.008876801,-0.42770058,-0.103919424,0.024990737,-0.5312166,-0.12842256,0.03828025,-0.61400354,-0.13724034,0.034906328,-0.23002797,-0.07212762,0.03272432,-0.2764868,-0.12922347,0.0038585067,-0.19167471,-0.12988725,-0.013165653,-0.13036418,-0.112211294,0.07116473,-0.17386115,-0.08610679,0.057456136,-0.2041707,-0.12899485,0.033162475,-0.13651592,-0.117364876,0.020337582,-0.083923936,-0.09615737
-0.05926746,-0.04436004,-0.033747274,-0.08460274,-0.14616108,-0.057889048,-0.05195421,-0.23405015,-0.08293472,-0.016689062,-0.29701978,-0.10663045,-0.06885874,-0.28755248,-0.05098783,-0.08866435,-0.42965266,-0.09181433,-0.09643304,-0.5243521,-0.11455122,-0.100875914,-0.6016257,-0.12698573,-0.012220383,-0.27746665,-0.06256224,0.009835839,-0.43424636,-0.11126933,0.025652766,-0.5387883,-0.13793127,0.039232254,-0.62145823,-0.1473398,0.03687811,-0.23601592,-0.07574656,0.03186685,-0.27914208,-0.13644825,0.0033248067,-0.1917811,-0.13639812,-0.012684226,-0.12890011,-0.1172638,0.07410663,-0.17972285,-0.09071993,0.057738006,-0.20897144,-0.13485268,0.032850266,-0.13890767,-0.12192675,0.019386947,-0.08467519,-0.0991513
-0.05922252,-0.0435763,-0.035036776,-0.0825035,-0.14871514,-0.058497585,-0.046358168,-0.23790741,-0.082573414,-0.005849302,-0.2970478,-0.10461616,-0.07318497,-0.2933663,-0.049137443,-0.09403095,-0.44078147,-0.08927656,-0.101497054,-0.53924954,-0.11141568,-0.10769433,-0.61779296,-0.123224616,-0.015267432,-0.28543591,-0.05920735,0.006308794,-0.44382775,-0.10647683,0.020303547,-0.5518906,-0.13222599,0.032435775,-0.635952,-0.14096652,0.0342623,-0.2452504,-0.0714236,0.026667655,-0.27895278,-0.12809913,-0.0035591722,-0.19492131,-0.12644485,-0.018031359,-0.13495874,-0.106512405,0.07205838,-0.19032198,-0.08618175,0.054571927,-0.21620709,-0.12609318,0.029991567,-0.14894909,-0.11267917,0.019490242,-0.09731555,-0.09003945
-0.05988449,-0.041377246,-0.034626853,-0.085378915,-0.14245087,-0.060167287,-0.048692763,-0.22888881,-0.08639087,-0.010402501,-0.28905576,-0.11072082,-0.073256314,-0.2900213,-0.054742936,-0.094165266,-0.437222,-0.09671292,-0.10155815,-0.535216,-0.12016539,-0.107242346,-0.6143024,-0.13305734,-0.01441735,-0.2816543,-0.0661432,0.0079753995,-0.44135424,-0.115469195,0.023002028,-0.5502317,-0.14237759,0.03578812,-0.6354537,-0.15219066,0.03493297,-0.24085653,-0.079124026,0.027584076,-0.27663052,-0.13660412,-0.0026146173,-0.19258833,-0.1334013,-0.018009067,-0.1319499,-0.11279518,0.07279581,-0.1851843,-0.09459952,0.05711955,-0.216362,-0.13518241,0.032102883,-0.14885926,-0.12022493,0.019396603,-0.095211744,-0.09650709
-0.058588803,-0.04511547,-0.034507666,-0.080747694,-0.14856279,-0.058746334,-0.04134059,-0.23329586,-0.08388044,-0.00044292212,-0.2909609,-0.10716323,-0.06906229,-0.29594964,-0.05017716,-0.09511182,-0.43931937,-0.090495564,-0.1056346,-0.5367447,-0.11297723,-0.11323726,-0.6147473,-0.12542175,-0.009212315,-0.28798175,-0.061487753,0.01381743,-0.44580746,-0.108953424,0.028578222,-0.55412644,-0.13510948,0.04225886,-0.6384914,-0.14434715,0.040032864,-0.24618602,-0.07489258,0.03305614,-0.28090882,-0.13239877,-0.00045961142,-0.19586438,-0.13085657,-0.0167526,-0.13515043,-0.11113289,0.0763883,-0.1894139,-0.09076951,0.05971515,-0.21551138,-0.1321396,0.031641424,-0.14606541,-0.11901626,0.018919468,-0.09197438,-0.096521005
-0.060784936,-0.043405294,-0.034135822,-0.08626476,-0.14962882,-0.058809422,-0.049254477,-0.23905271,-0.08422532,-0.0037981272,-0.2913069,-0.10793975,-0.07319534,-0.29185128,-0.052897226,-0.10544914,-0.4379239,-0.093319446,-0.11891678,-0.5348287,-0.11515252,-0.12778237,-0.6123055,-0.12714033,-0.013929486,-0.28373682,-0.06390137,0.009983718,-0.4415257,-0.11160253,0.027242184,-0.54958856,-0.136703,0.042540252,-0.6350894,-0.14510036,0.03538829,-0.24276501,-0.07662132,0.029933631,-0.28331178,-0.13438168,-0.0017048717,-0.19759083,-0.1316639,-0.016905844,-0.13517845,-0.11093386,0.073234975,-0.18695295,-0.09162225,0.055779934,-0.21780646,-0.13272195,0.02834177,-0.14987093,-0.11847916,0.0150952935,-0.094943285,-0.095065266
-0.060425103,-0.045589924,-0.036086466,-0.084649205,-0.15109259,-0.061894737,-0.04691094,-0.23983312,-0.08822684,-0.0026638508,-0.2930479,-0.11277,-0.07168275,-0.29193944,-0.055006962,-0.10379028,-0.43703905,-0.09726719,-0.11806816,-0.5338801,-0.12078542,-0.12740993,-0.6120633,-0.13384233,-0.012197733,-0.28242338,-0.0660224,0.011738002,-0.44129485,-0.115047425,0.027838528,-0.5499821,-0.14070354,0.042415142,-0.63753575,-0.1495264,0.037692904,-0.23943472,-0.07905435,0.033747256,-0.28497905,-0.1394654,0.0016177297,-0.19868302,-0.13695243,-0.014146388,-0.13568878,-0.11587557,0.07564956,-0.18084216,-0.094420694,0.06118101,-0.22129834,-0.1376406,0.03296572,-0.1545574,-0.12301113,0.018803716,-0.0990895,-0.09907715
-0.059432447,-0.043062985,-0.034759477,-0.083584875,-0.1505816,-0.058978304,-0.042656243,-0.24073702,-0.08334098,0.0061233044,-0.29089642,-0.10614912,-0.072175086,-0.28560543,-0.05421849,-0.10561156,-0.43156445,-0.09434861,-0.12047404,-0.5272281,-0.115777545,-0.13062751,-0.604293,-0.12744989,-0.0120001435,-0.27999973,-0.06433671,0.011875033,-0.4385774,-0.11032758,0.028810024,-0.5455947,-0.13421175,0.04368502,-0.6322527,-0.1421379,0.037895203,-0.24034148,-0.07620952,0.03330028,-0.28142548,-0.13278574,0.0027689934,-0.19827497,-0.13029666,-0.011110365,-0.13857198,-0.11010019,0.07593119,-0.18441111,-0.09034636,0.059577465,-0.21755105,-0.13083729,0.03350854,-0.15168321,-0.116732165,0.02211386,-0.09818989,-0.093754
-0.05889219,-0.04193622,-0.033285644,-0.0840286,-0.14548767,-0.057995416,-0.04511702,-0.23344147,-0.08316504,0.0010014772,-0.2844249,-0.10678031,-0.07191634,-0.28444117,-0.055233996,-0.104465246,-0.4299277,-0.09619099,-0.1194199,-0.52567273,-0.11850805,-0.12939328,-0.6034974,-0.13104242,-0.011766672,-0.27996445,-0.06653703,0.012008369,-0.43824038,-0.11327265,0.029470742,-0.5449758,-0.13815354,0.045199573,-0.63240886,-0.1470242,0.038520038,-0.24073827,-0.079140164,0.034403563,-0.2819364,-0.13479424,0.002448678,-0.19861007,-0.13175523,-0.013248205,-0.138762,-0.11192831,0.07662457,-0.18510896,-0.09402822,0.060981333,-0.21384126,-0.13380331,0.03394085,-0.14948565,-0.11946226,0.021098554,-0.098115265,-0.096627526
-0.059058428,-0.04187566,-0.037666198,-0.08252084,-0.14741999,-0.063389294,-0.04327452,-0.23573828,-0.08865304,0.0050296187,-0.28450167,-0.111926705,-0.06985992,-0.28467107,-0.055960737,-0.10372606,-0.4329056,-0.09770433,-0.11893645,-0.5292822,-0.1199955,-0.13010988,-0.6076205,-0.13194308,-0.0095870495,-0.27953237,-0.065326445,0.013977647,-0.4377035,-0.1114659,0.030488074,-0.54318285,-0.13459922,0.04413551,-0.6301399,-0.14177564,0.04052043,-0.239191,-0.07705296,0.036846757,-0.27646577,-0.13480365,0.0053241253,-0.19253123,-0.13265651,-0.009384036,-0.13370669,-0.112378575,0.07761419,-0.18064702,-0.09132141,0.06229943,-0.20662522,-0.13323149,0.036567092,-0.14075315,-0.11989453,0.026674986,-0.08992821,-0.097185396
-0.059058428,-0.04187566,-0.037666198,-0.08252084,-0.14741999,-0.063389294,-0.04327452,-0.23573828,-0.08865304,0.0050296187,-0.28450167,-0.111926705,-0.06985992,-0.28467107,-0.055960737,-0.10372606,-0.4329056,-0.09770433,-0.11893645,-0.5292822,-0.1199955,-0.13010988,-0.6076205,-0.13194308,-0.0095870495,-0.27953237,-0.065326445,0.013977647,-0.4377035,-0.1114659,0.030488074,-0.54318285,-0.13459922,0.04413551,-0.6301399,-0.14177564,0.04052043,-0.239191,-0.07705296,0.036846757,-0.27646577,-0.13480365,0.0053241253,-0.19253123,-0.13265651,-0.009384036,-0.13370669,-0.112378575,0.07761419,-0.18064702,-0.09132141,0.06229943,-0.20662522,-0.13323149,0.036567092,-0.14075315,-0.11989453,0.026674986,-0.08992821,-0.097185396
-0.05862981,-0.043157935,-0.03940758,-0.08290684,-0.1515671,-0.06440674,-0.040509462,-0.24255878,-0.08837679,0.010816634,-0.2923792,-0.11030118,-0.07208717,-0.2886427,-0.05620713,-0.10723582,-0.4368583,-0.09740279,-0.122159004,-0.53332186,-0.11948589,-0.13317776,-0.61109227,-0.1314952,-0.011539578,-0.28300315,-0.06415399,0.011749625,-0.44164252,-0.10982575,0.027800739,-0.5472493,-0.13229388,0.04129803,-0.6330074,-0.13913025,0.03831464,-0.24121827,-0.07480585,0.035182834,-0.27941805,-0.13251062,0.0026541948,-0.19602513,-0.13062824,-0.012060583,-0.13767731,-0.110599846,0.07485843,-0.18127084,-0.08816628,0.059772074,-0.20897335,-0.13116477,0.03286469,-0.14370227,-0.11902301,0.022166193,-0.09356129,-0.09715532
-0.05883795,-0.041996896,-0.035960056,-0.084239185,-0.15201098,-0.059373975,-0.04318106,-0.24463737,-0.08268535,0.009015024,-0.29271573,-0.104562886,-0.075228095,-0.2865314,-0.053248074,-0.10856074,-0.436018,-0.093559,-0.12329388,-0.53334844,-0.11523269,-0.13429695,-0.61173016,-0.12700275,-0.014632344,-0.28088933,-0.06263939,0.008858204,-0.4418497,-0.107512295,0.02494806,-0.5487113,-0.1298713,0.03777343,-0.6355952,-0.13672124,0.035397053,-0.2413398,-0.07430587,0.03454572,-0.28778446,-0.13195997,0.004392624,-0.20259535,-0.12992024,-0.010504365,-0.14098787,-0.109546185,0.07270354,-0.18496108,-0.08829865,0.059790492,-0.21745455,-0.13136671,0.034466743,-0.14949882,-0.118668675,0.023280978,-0.0947358,-0.096160986
-0.058755994,-0.043433607,-0.036463942,-0.08395016,-0.15307033,-0.060655486,-0.042545438,-0.24460447,-0.08481699,0.008871198,-0.292558,-0.10713131,-0.07305175,-0.2893306,-0.053301517,-0.10612959,-0.43918294,-0.094751425,-0.12161946,-0.53487045,-0.11673989,-0.13330913,-0.6123168,-0.12848514,-0.012606621,-0.28522295,-0.06249356,0.010276437,-0.44502428,-0.10825057,0.025728822,-0.55035555,-0.13078755,0.03913492,-0.63654464,-0.13754927,0.037748933,-0.24565047,-0.074181415,0.03328204,-0.28368437,-0.13087432,0.0026490688,-0.1980803,-0.12819535,-0.009874344,-0.13805902,-0.10769938,0.07540095,-0.18859959,-0.0884585,0.05823177,-0.21248949,-0.12950997,0.03256458,-0.14607781,-0.1164506,0.02422446,-0.09550434,-0.09412765
-0.058815658,-0.04097128,-0.037408233,-0.085024536,-0.15198588,-0.061623912,-0.0454697,-0.24674565,-0.085718215,0.0056465864,-0.29577303,-0.10778901,-0.07509011,-0.2908051,-0.052701794,-0.10789955,-0.43944436,-0.09315008,-0.12308395,-0.53526664,-0.11452098,-0.13382253,-0.61238384,-0.12607335,-0.015126348,-0.2844476,-0.061896943,0.0072797537,-0.4467054,-0.10821573,0.021332562,-0.5536051,-0.13115972,0.033722878,-0.6393248,-0.13828458,0.03483039,-0.24334836,-0.07363153,0.033067346,-0.29247057,-0.13318071,0.0033960342,-0.20407689,-0.13093144,-0.009801149,-0.1403752,-0.110041596,0.07233018,-0.18560725,-0.08775395,0.058179557,-0.22165704,-0.13235569,0.033520103,-0.1522851,-0.11980997,0.024018884,-0.09690988,-0.097258516
-0.057302415,-0.0466128,-0.038418002,-0.079891145,-0.15673077,-0.063235946,-0.037774026,-0.24895048,-0.08796112,0.012256622,-0.29922575,-0.11080457,-0.07239276,-0.29453158,-0.053152476,-0.104058206,-0.44275928,-0.09455919,-0.12014371,-0.5374199,-0.11709794,-0.1315642,-0.61590624,-0.12939425,-0.011762798,-0.2888406,-0.06187796,0.011587858,-0.44668588,-0.10794851,0.027190566,-0.55207527,-0.13109688,0.04131162,-0.63914096,-0.13868183,0.03873962,-0.24807334,-0.07340992,0.036905825,-0.28838223,-0.13204296,0.0056762695,-0.20045024,-0.13067387,-0.0082576275,-0.1377911,-0.11099156,0.07588011,-0.19091696,-0.08761311,0.06171465,-0.21736336,-0.13078798,0.03400278,-0.14784062,-0.11857147,0.023227572,-0.093428016,-0.09674778
-0.057302415,-0.0466128,-0.038418002,-0.079891145,-0.15673077,-0.063235946,-0.037774026,-0.24895048,-0.08796112,0.012256622,-0.29922575,-0.11080457,-0.07239276,-0.29453158,-0.053152476,-0.104058206,-0.44275928,-0.09455919,-0.12014371,-0.5374199,-0.11709794,-0.1315642,-0.61590624,-0.12939425,-0.011762798,-0.2888406,-0.06187796,0.011587858,-0.44668588,-0.10794851,0.027190566,-0.55207527,-0.13109688,0.04131162,-0.63914096,-0.13868183,0.03873962,-0.24807334,-0.07340992,0.036905825,-0.28838223,-0.13204296,0.0056762695,-0.20045024,-0.13067387,-0.0082576275,-0.1377911,-0.11099156,0.07588011,-0.19091696,-0.08761311,0.06171465,-0.21736336,-0.13078798,0.03400278,-0.14784062,-0.11857147,0.023227572,-0.093428016,-0.09674778
-0.05807215,-0.04586625,-0.037148897,-0.081181705,-0.15458012,-0.06167875,-0.039594352,-0.24492872,-0.08636353,0.010192275,-0.294652,-0.1093218,-0.073866904,-0.29102582,-0.05318577,-0.10533932,-0.43847135,-0.09423728,-0.12066215,-0.5334071,-0.11635476,-0.13143045,-0.6118531,-0.1284364,-0.013422668,-0.28561318,-0.06260995,0.010622084,-0.4441077,-0.10974423,0.026225984,-0.55106467,-0.13399628,0.039889574,-0.6381851,-0.14209108,0.037080824,-0.24581128,-0.07444664,0.035698175,-0.2861364,-0.13387218,0.0050973296,-0.19820595,-0.13325186,-0.009692252,-0.13556665,-0.113840915,0.07490432,-0.19068533,-0.08873361,0.060777962,-0.21760339,-0.13258314,0.03416252,-0.14751035,-0.12075832,0.022768795,-0.09278792,-0.099033
-0.057950556,-0.045610845,-0.036616173,-0.08123529,-0.15753973,-0.06093082,-0.038540363,-0.2491908,-0.08541121,0.013408601,-0.2977625,-0.10826677,-0.07284927,-0.2929772,-0.053926036,-0.106218696,-0.44118875,-0.09478118,-0.12254131,-0.53605604,-0.116932295,-0.13376641,-0.6137488,-0.12940596,-0.012050748,-0.28639674,-0.06402469,0.01026684,-0.44715178,-0.11103311,0.024705768,-0.5534644,-0.13497256,0.038640022,-0.6400837,-0.1430856,0.03863585,-0.24469101,-0.076361865,0.036724567,-0.2914937,-0.13591631,0.005315304,-0.20128071,-0.13346381,-0.008522272,-0.13777083,-0.11288942,0.07647735,-0.18667758,-0.09111809,0.06207037,-0.22109354,-0.13581176,0.035566032,-0.14952457,-0.122718886,0.025845528,-0.09361637,-0.09997711
-0.05827993,-0.04519427,-0.033542413,-0.08194429,-0.15303642,-0.057178237,-0.041176856,-0.24061018,-0.081581,0.0070288777,-0.29128325,-0.10460593,-0.07372165,-0.29088628,-0.05198631,-0.10623559,-0.4373191,-0.092570394,-0.12220228,-0.5325247,-0.11473775,-0.13326526,-0.6108676,-0.12714921,-0.012951553,-0.2865787,-0.06330875,0.009564042,-0.44428664,-0.10952416,0.024257004,-0.5508808,-0.13404432,0.038253963,-0.63793445,-0.14268804,0.03755051,-0.2473135,-0.076472215,0.030909598,-0.2844876,-0.13290836,-0.00060611963,-0.19586259,-0.13071406,-0.014163077,-0.13398552,-0.111246355,0.07549453,-0.19235891,-0.092027895,0.055879414,-0.21287668,-0.13338642,0.029192448,-0.14155227,-0.12027866,0.020125091,-0.08789754,-0.09816236
-0.05827993,-0.04519427,-0.033542413,-0.08194429,-0.15303642,-0.057178237,-0.041176856,-0.24061018,-0.081581,0.0070288777,-0.29128325,-0.10460593,-0.07372165,-0.29088628,-0.05198631,-0.10623559,-0.4373191,-0.092570394,-0.12220228,-0.5325247,-0.11473775,-0.13326526,-0.6108676,-0.12714921,-0.012951553,-0.2865787,-0.06330875,0.009564042,-0.44428664,-0.10952416,0.024257004,-0.5508808,-0.13404432,0.038253963,-0.63793445,-0.14268804,0.03755051,-0.2473135,-0.076472215,0.030909598,-0.2844876,-0.13290836,-0.00060611963,-0.19586259,-0.13071406,-0.014163077,-0.13398552,-0.111246355,0.07549453,-0.19235891,-0.092027895,0.055879414,-0.21287668,-0.13338642,0.029192448,-0.14155227,-0.12027866,0.020125091,-0.08789754,-0.09816236
-0.05766678,-0.044307053,-0.035973884,-0.0808475,-0.15405822,-0.05940357,-0.03904164,-0.24490452,-0.08291022,0.011119604,-0.29579192,-0.10477518,-0.074446976,-0.29130757,-0.052126314,-0.10683513,-0.43788952,-0.093803704,-0.1221194,-0.5351879,-0.11697297,-0.13368571,-0.6132809,-0.12987088,-0.013567507,-0.28788692,-0.0617633,0.005741298,-0.44706535,-0.108689256,0.018373847,-0.5531595,-0.13332543,0.030197322,-0.6393019,-0.14161228,0.037260413,-0.24964905,-0.07372541,0.032256305,-0.28491265,-0.13125265,0.0015364885,-0.19654948,-0.12926178,-0.012092769,-0.13475329,-0.109164104,0.075068414,-0.19475722,-0.08829671,0.05622244,-0.21367306,-0.13064186,0.030352473,-0.14298481,-0.11821244,0.02134347,-0.09012711,-0.09606323
-0.058900774,-0.047269046,-0.03377939,-0.08171415,-0.15733063,-0.05567135,-0.039563596,-0.24540287,-0.07835759,0.008930504,-0.2932762,-0.099795066,-0.07558906,-0.2952695,-0.04822067,-0.10594982,-0.44096267,-0.08733528,-0.12105417,-0.5363058,-0.10897788,-0.13297182,-0.6143365,-0.12090242,-0.015896142,-0.2900744,-0.058787648,0.0066366196,-0.4487356,-0.10300559,0.02067697,-0.5556686,-0.12643792,0.033586442,-0.643186,-0.13428867,0.034293294,-0.25016868,-0.07168704,0.031941056,-0.28900343,-0.12811448,0.001864016,-0.20186794,-0.1277118,-0.01146251,-0.14091611,-0.108957544,0.07193899,-0.1941635,-0.0868807,0.056596518,-0.22132438,-0.12834884,0.030861199,-0.15148914,-0.11611395,0.021463454,-0.09792465,-0.09451332
-0.05945468,-0.048746347,-0.033830296,-0.08230603,-0.15787494,-0.0563824,-0.039472938,-0.24400908,-0.07998033,0.010644913,-0.28969282,-0.10235735,-0.073913574,-0.2924909,-0.048420765,-0.105526924,-0.4368978,-0.08773997,-0.12191999,-0.53173065,-0.108979344,-0.13435504,-0.6100141,-0.12038515,-0.014172971,-0.28833354,-0.05894518,0.008346677,-0.44657394,-0.103246406,0.022010207,-0.5535679,-0.12626904,0.034427166,-0.6402639,-0.13367906,0.035988033,-0.2498371,-0.07192692,0.03160882,-0.28537565,-0.12895197,0.0017111897,-0.19880259,-0.12935,-0.011155486,-0.13663828,-0.110772885,0.073488414,-0.19563365,-0.0871466,0.057403862,-0.2219528,-0.12806489,0.032060206,-0.15307182,-0.116105705,0.023397207,-0.0984267,-0.09477494
-0.05786401,-0.043138623,-0.03519128,-0.08541912,-0.15151203,-0.058849744,-0.044380248,-0.24472314,-0.08322751,0.008723617,-0.29298002,-0.105953746,-0.07794225,-0.29207486,-0.050152633,-0.115332544,-0.43749312,-0.08979662,-0.13400567,-0.531465,-0.111092344,-0.14794815,-0.60943925,-0.123057455,-0.016638994,-0.28826004,-0.060538843,0.0060262084,-0.4479226,-0.105935246,0.020419478,-0.55469084,-0.12889569,0.03265649,-0.64199173,-0.13636814,0.034024537,-0.24915564,-0.07345993,0.029840648,-0.2885365,-0.13212694,0.0004979968,-0.19915313,-0.13029182,-0.011647642,-0.13674623,-0.109989084,0.07241744,-0.19366121,-0.088728786,0.057113767,-0.22715175,-0.1319645,0.03178674,-0.15544033,-0.11913451,0.022624135,-0.0985834,-0.09682773
-0.05786401,-0.043138623,-0.03519128,-0.08541912,-0.15151203,-0.058849744,-0.044380248,-0.24472314,-0.08322751,0.008723617,-0.29298002,-0.105953746,-0.07794225,-0.29207486,-0.050152633,-0.115332544,-0.43749312,-0.08979662,-0.13400567,-0.531465,-0.111092344,-0.14794815,-0.60943925,-0.123057455,-0.016638994,-0.28826004,-0.060538843,0.0060262084,-0.4479226,-0.105935246,0.020419478,-0.55469084,-0.12889569,0.03265649,-0.64199173,-0.13636814,0.034024537,-0.24915564,-0.07345993,0.029840648,-0.2885365,-0.13212694,0.0004979968,-0.19915313,-0.13029182,-0.011647642,-0.13674623,-0.109989084,0.07241744,-0.19366121,-0.088728786,0.057113767,-0.22715175,-0.1319645,0.03178674,-0.15544033,-0.11913451,0.022624135,-0.0985834,-0.09682773
-0.058291316,-0.043305278,-0.034750108,-0.08525729,-0.1475662,-0.059339993,-0.04728937,-0.23749346,-0.08474272,0.0031517148,-0.2849424,-0.10864588,-0.079208076,-0.28969496,-0.053288214,-0.1187129,-0.43637127,-0.09465922,-0.13875297,-0.53160596,-0.11663361,-0.15339923,-0.6105372,-0.1285324,-0.017573774,-0.28909034,-0.06377147,0.0050336123,-0.4468976,-0.1097373,0.020724297,-0.5539717,-0.13291834,0.03437066,-0.6426906,-0.1402161,0.033892572,-0.25286043,-0.076562874,0.026403189,-0.2831272,-0.13406287,-0.0024107099,-0.19622225,-0.13273212,-0.013423622,-0.1353494,-0.11296978,0.07286948,-0.19957584,-0.09178786,0.054070294,-0.22224224,-0.13230607,0.02881229,-0.15407938,-0.11922358,0.020991027,-0.10018021,-0.09703532
-0.05877143,-0.042025685,-0.03363985,-0.08700842,-0.14579946,-0.05706727,-0.04878384,-0.23345298,-0.08133207,0.0043694973,-0.2791474,-0.10416701,-0.08049852,-0.28717834,-0.050932426,-0.12094155,-0.4337483,-0.090835854,-0.14108738,-0.5281358,-0.11160758,-0.15541881,-0.60605574,-0.122850634,-0.018442094,-0.28874445,-0.0609684,0.0034915805,-0.4432876,-0.10504737,0.019396722,-0.5490322,-0.12734893,0.033820868,-0.6373638,-0.13425806,0.032365263,-0.2543903,-0.073359326,0.020793498,-0.27888948,-0.12778552,-0.007567823,-0.19408423,-0.12685055,-0.016640425,-0.1357227,-0.10817326,0.0704388,-0.20320666,-0.088349864,0.046803534,-0.21410543,-0.1273554,0.022500992,-0.14702237,-0.11620649,0.017490745,-0.09625107,-0.09581348
-0.058370113,-0.04345399,-0.033764917,-0.086488426,-0.15063834,-0.056416925,-0.046803713,-0.23980248,-0.07966698,0.006015837,-0.28419125,-0.1016734,-0.077969134,-0.28896195,-0.05178688,-0.11660734,-0.43559992,-0.091049984,-0.13653752,-0.5304756,-0.11147408,-0.15141332,-0.60944843,-0.12259984,-0.016213477,-0.28761798,-0.06153841,0.0062179565,-0.44346815,-0.10506964,0.022148192,-0.5502697,-0.12701192,0.0359658,-0.6391642,-0.13396685,0.034893334,-0.25133634,-0.07348591,0.025993824,-0.28323144,-0.12999214,-0.00331676,-0.19770384,-0.12988813,-0.0144530535,-0.13540906,-0.111138284,0.07351762,-0.19837594,-0.08765818,0.05287057,-0.21927208,-0.12908497,0.027800202,-0.15084553,-0.11802406,0.021015763,-0.095249414,-0.09725315
-0.059891462,-0.044538677,-0.033094984,-0.086836696,-0.149782,-0.055893958,-0.04728073,-0.23778075,-0.07964237,0.005235851,-0.28089476,-0.10189435,-0.077813685,-0.28810793,-0.04935837,-0.11719152,-0.43308514,-0.087891884,-0.13686994,-0.5270846,-0.108176515,-0.15121195,-0.6053443,-0.1192507,-0.016298294,-0.28685355,-0.05967365,0.0057880282,-0.4435437,-0.10322912,0.021574557,-0.550351,-0.12581147,0.03573984,-0.6388663,-0.13298494,0.034676135,-0.25083035,-0.07213439,0.025513709,-0.28120327,-0.12773773,-0.0038934946,-0.19598436,-0.12713666,-0.0152003765,-0.13494784,-0.108070366,0.073625565,-0.1991784,-0.0868892,0.05341947,-0.22139758,-0.12643702,0.028795242,-0.15446925,-0.11408228,0.021579504,-0.10033798,-0.09257022
-0.059395373,-0.0402264,-0.03274042,-0.08716291,-0.14700395,-0.055003244,-0.046642184,-0.23619336,-0.078039356,0.0045043826,-0.28284025,-0.09987454,-0.077890575,-0.28713298,-0.05109955,-0.115522295,-0.43382567,-0.090327844,-0.13407582,-0.52891815,-0.11035839,-0.14729524,-0.6067587,-0.1210606,-0.015470922,-0.28677213,-0.061489865,0.0073931813,-0.4430607,-0.10566918,0.024058461,-0.5492224,-0.12803997,0.03877145,-0.6364728,-0.13488208,0.035874903,-0.25136,-0.0738973,0.02572745,-0.2792309,-0.12936111,-0.004657328,-0.19379127,-0.12848872,-0.01647085,-0.1340437,-0.10954695,0.07438511,-0.19948131,-0.088593364,0.051146507,-0.21505803,-0.12890656,0.024696708,-0.14641643,-0.11739618,0.016663432,-0.09351927,-0.09644709
-0.06025803,-0.04086584,-0.031619024,-0.08722997,-0.14682394,-0.053763285,-0.048850775,-0.2368722,-0.07681092,0.000107347965,-0.2842235,-0.09870513,-0.078115046,-0.28600132,-0.05014041,-0.11688119,-0.43332696,-0.08898777,-0.13515487,-0.5291114,-0.10899111,-0.14781535,-0.6070899,-0.11964751,-0.016323864,-0.28531665,-0.060971998,0.0059295893,-0.44379127,-0.10479698,0.02225566,-0.55094963,-0.12716815,0.0368073,-0.6382278,-0.1340828,0.034709513,-0.2499693,-0.07370407,0.023376286,-0.28473616,-0.12927918,-0.006232977,-0.20159262,-0.12870939,-0.017047763,-0.14171386,-0.10992404,0.073691726,-0.1985187,-0.08843808,0.050147593,-0.22405559,-0.1288699,0.02420336,-0.15657204,-0.117010996,0.016443312,-0.10183269,-0.09576041
-0.06017226,-0.038663447,-0.03473735,-0.08840126,-0.14369625,-0.058689795,-0.048778176,-0.23245764,-0.083018936,0.0024757981,-0.27776426,-0.10594133,-0.078967154,-0.2865954,-0.054034248,-0.116422564,-0.43286842,-0.094697714,-0.13439181,-0.5273681,-0.11615358,-0.14714229,-0.60432315,-0.12803794,-0.015854359,-0.28632623,-0.06416033,0.0066958666,-0.44332427,-0.11028281,0.023593783,-0.54948753,-0.1343652,0.038592815,-0.6362872,-0.14230597,0.036067784,-0.2498365,-0.076166406,0.026679635,-0.28015453,-0.13195218,-0.0029289126,-0.19510525,-0.1303043,-0.014541984,-0.13556266,-0.11092421,0.07518238,-0.19627649,-0.09071702,0.053162396,-0.21221358,-0.13145182,0.029115856,-0.14390749,-0.11928151,0.022492766,-0.091228485,-0.09760393
-0.058728516,-0.040578723,-0.032597933,-0.08720684,-0.14682996,-0.05497585,-0.046755552,-0.23419863,-0.07811578,0.007454276,-0.27725714,-0.10010655,-0.077561796,-0.28560883,-0.05070729,-0.11588657,-0.43344378,-0.08903574,-0.13472635,-0.5276352,-0.108333774,-0.14876309,-0.6039864,-0.118551984,-0.01578468,-0.2843787,-0.060917705,0.007993281,-0.44339585,-0.10451091,0.023632884,-0.5496714,-0.12704778,0.03737104,-0.6360487,-0.1340488,0.03471738,-0.24801213,-0.07299301,0.024524987,-0.2829756,-0.12798406,-0.005044639,-0.19939637,-0.12824525,-0.015793383,-0.14024377,-0.1101144,0.07335156,-0.196051,-0.08718521,0.050949156,-0.2162121,-0.12758389,0.026366472,-0.14918756,-0.11690483,0.020003498,-0.096045196,-0.0965291
-0.059781134,-0.042765558,-0.033852335,-0.0873338,-0.14826542,-0.057171516,-0.047929406,-0.2366293,-0.081389844,0.0037930012,-0.28328252,-0.10395291,-0.07641786,-0.29032803,-0.049248453,-0.11318022,-0.43950486,-0.08790533,-0.1311546,-0.5334159,-0.107328944,-0.14428043,-0.6116934,-0.11749016,-0.014752269,-0.29063147,-0.059085645,0.008446217,-0.44777042,-0.101853,0.023352861,-0.5533007,-0.12280373,0.03650266,-0.63892686,-0.12885356,0.035750985,-0.25550377,-0.071519375,0.02402246,-0.2848581,-0.1254676,-0.005864799,-0.20056671,-0.124829754,-0.015787005,-0.13995409,-0.10646379,0.07355994,-0.20389944,-0.08652048,0.050854504,-0.21768749,-0.12557663,0.02459848,-0.14897388,-0.11500586,0.017848492,-0.094958544,-0.095124595
-0.059874654,-0.043719232,-0.03378016,-0.08678752,-0.14795238,-0.05741796,-0.04733336,-0.23594242,-0.08213954,0.0035775304,-0.28088087,-0.105045706,-0.075709164,-0.29309094,-0.049658112,-0.112553984,-0.44051683,-0.08961009,-0.13068482,-0.5349817,-0.11031606,-0.14444166,-0.61356175,-0.12124413,-0.014535487,-0.29290193,-0.060081642,0.008439541,-0.45036608,-0.10384882,0.023263097,-0.5559546,-0.12549907,0.036104143,-0.6415073,-0.13185853,0.036056638,-0.25648206,-0.07312741,0.027188957,-0.28272384,-0.12741189,-0.0025578737,-0.19902593,-0.12628327,-0.013569176,-0.1389069,-0.10734383,0.07374883,-0.20284313,-0.0888157,0.055244505,-0.21734607,-0.12658249,0.029042423,-0.15118778,-0.11470977,0.020618856,-0.09892321,-0.09401082
-0.059522033,-0.04778236,-0.032989595,-0.08536917,-0.15571976,-0.056660872,-0.043661535,-0.24355888,-0.08162295,0.008069038,-0.28648275,-0.1050952,-0.07485485,-0.29638505,-0.049716853,-0.1099582,-0.44210088,-0.088762544,-0.12777188,-0.5357721,-0.10917809,-0.14101839,-0.61375093,-0.119811475,-0.014162123,-0.29292554,-0.06062744,0.008322895,-0.45239413,-0.103729315,0.023101032,-0.5591406,-0.12501952,0.036085784,-0.64651465,-0.13122901,0.036774397,-0.25485247,-0.07393763,0.029745877,-0.28819704,-0.12872557,0.00015455484,-0.20360595,-0.12773916,-0.011820197,-0.14245248,-0.10854478,0.075485826,-0.20034164,-0.08953771,0.059402287,-0.22921455,-0.126137,0.03330183,-0.16373008,-0.1121962,0.024219751,-0.109905064,-0.09025427
-0.059183776,-0.04486358,-0.035068408,-0.08516687,-0.15142804,-0.059320316,-0.042925775,-0.24003899,-0.08406526,0.008996606,-0.28532475,-0.10716844,-0.07417476,-0.2933504,-0.053150743,-0.10877371,-0.44049013,-0.093660414,-0.12602243,-0.5348176,-0.11492894,-0.13920563,-0.61305976,-0.12614945,-0.0124515295,-0.29060018,-0.06319913,0.0095226765,-0.44937006,-0.10809621,0.02350676,-0.55535746,-0.13049997,0.035586894,-0.6420562,-0.13724266,0.038954377,-0.252173,-0.075564325,0.032268703,-0.28240085,-0.13196874,0.0021929145,-0.19711554,-0.13098402,-0.010030568,-0.1359455,-0.111519314,0.07712197,-0.19713509,-0.09034136,0.060110986,-0.21892679,-0.129813,0.034918845,-0.1519115,-0.11686448,0.027204394,-0.09847832,-0.09489337
-0.05747354,-0.047086,-0.034889866,-0.0830403,-0.15518588,-0.05796606,-0.040071487,-0.24133116,-0.08166132,0.013981044,-0.28379935,-0.10362268,-0.07388055,-0.2966717,-0.049236815,-0.109010935,-0.4428512,-0.08769136,-0.12686342,-0.5354302,-0.10745396,-0.13997889,-0.61172116,-0.11740522,-0.012740314,-0.29307276,-0.05848671,0.009955764,-0.45117667,-0.10075941,0.024021745,-0.556443,-0.12181924,0.037067473,-0.64275324,-0.12772466,0.03821516,-0.25511777,-0.0704541,0.032755196,-0.28230006,-0.12511252,0.0023344755,-0.19828892,-0.1258224,-0.009875238,-0.13866729,-0.10764707,0.07612723,-0.20178682,-0.08489029,0.060001433,-0.21970505,-0.12254286,0.0346694,-0.15332317,-0.110696286,0.02734673,-0.10114902,-0.089947194
-0.056877375,-0.046381474,-0.033506356,-0.082977,-0.15424144,-0.05587198,-0.04255271,-0.24158132,-0.079011306,0.010978043,-0.28480554,-0.100569345,-0.07482016,-0.29753798,-0.047520664,-0.110079765,-0.4434625,-0.08462913,-0.12762347,-0.5368395,-0.10362841,-0.14052755,-0.61360836,-0.11341703,-0.013435662,-0.29375976,-0.05715209,0.011192143,-0.45253927,-0.09776407,0.026339293,-0.5584234,-0.11815481,0.039979517,-0.6455678,-0.12399061,0.037428856,-0.2551037,-0.06936823,0.029469311,-0.2862516,-0.12314819,-0.0017305017,-0.20287973,-0.12397718,-0.013553381,-0.14349377,-0.10620094,0.075339854,-0.20126504,-0.08385107,0.05630195,-0.22283316,-0.122000664,0.03124696,-0.15648979,-0.11080765,0.02502948,-0.10354638,-0.09060961
-0.05696863,-0.049070537,-0.033147372,-0.08096588,-0.1585607,-0.055298734,-0.03854215,-0.24642068,-0.078266926,0.015225589,-0.2898258,-0.099800885,-0.073832095,-0.29593974,-0.04799508,-0.109277695,-0.44300157,-0.08536966,-0.12691712,-0.536425,-0.10411356,-0.14005727,-0.61356354,-0.11347127,-0.0126776695,-0.29270995,-0.057565566,0.011374831,-0.4524726,-0.09837297,0.026466131,-0.55870885,-0.11859328,0.04000348,-0.64624536,-0.12418578,0.03845364,-0.2547922,-0.06961065,0.03006953,-0.28676307,-0.12367037,-0.0010173917,-0.203031,-0.12431981,-0.012713373,-0.14284307,-0.10622784,0.0767467,-0.2011801,-0.083828494,0.057536483,-0.22410023,-0.12159888,0.031728268,-0.15781951,-0.10981171,0.024658859,-0.10396254,-0.08916442
-0.057118952,-0.04652226,-0.03344252,-0.08294767,-0.15669644,-0.055168767,-0.040920794,-0.24571788,-0.077454306,0.012919009,-0.2888499,-0.09844278,-0.07553631,-0.29626936,-0.04932258,-0.1094062,-0.44408202,-0.08732006,-0.12615445,-0.53829,-0.10658998,-0.13876814,-0.6166885,-0.11638586,-0.01424861,-0.29277712,-0.058668796,0.010602951,-0.4515445,-0.100028716,0.026959121,-0.5579858,-0.1204445,0.041232467,-0.646272,-0.12613146,0.036900997,-0.25461012,-0.07042545,0.029034853,-0.28672457,-0.12539761,-0.00113976,-0.20255196,-0.1262857,-0.012486994,-0.14197898,-0.108230405,0.074831605,-0.20063776,-0.084309764,0.055045187,-0.2208023,-0.12376983,0.02930969,-0.15270919,-0.11268879,0.022517204,-0.09831762,-0.09222338
-0.056254268,-0.04690665,-0.034357764,-0.08078569,-0.15668869,-0.057561614,-0.03918284,-0.24663073,-0.081399366,0.013615012,-0.29082614,-0.10374142,-0.07269484,-0.29538292,-0.050619364,-0.10729882,-0.44246525,-0.09001831,-0.124014735,-0.53742015,-0.11110475,-0.13676783,-0.6165403,-0.12237733,-0.012211323,-0.29037863,-0.060891688,0.013005078,-0.45035148,-0.10410415,0.029667616,-0.5580455,-0.12599546,0.043560147,-0.64738524,-0.13260709,0.03886217,-0.2506646,-0.07356069,0.03434956,-0.28630042,-0.12983929,0.0039790273,-0.19975972,-0.12913123,-0.009265661,-0.13746649,-0.10967094,0.07745731,-0.19500297,-0.08850498,0.06248033,-0.22216803,-0.12806089,0.03709203,-0.15493119,-0.11456694,0.028378665,-0.10043925,-0.092206605
-0.055813074,-0.045804262,-0.0352708,-0.08019906,-0.15481484,-0.058979034,-0.037975967,-0.24563104,-0.08282994,0.015265524,-0.29116237,-0.10520951,-0.07149601,-0.2919349,-0.053060047,-0.10580394,-0.43958247,-0.09291387,-0.12240347,-0.53456634,-0.11386333,-0.1352315,-0.61457133,-0.12494523,-0.010980785,-0.28781986,-0.06259751,0.012653589,-0.44819745,-0.10536121,0.030248761,-0.5551842,-0.12623626,0.045118213,-0.64477754,-0.13235953,0.040156186,-0.24901152,-0.07453497,0.035799503,-0.284034,-0.13053147,0.005267799,-0.19746953,-0.1294142,-0.008240461,-0.1351465,-0.10992537,0.07861745,-0.19384813,-0.08883242,0.063601434,-0.22030288,-0.128882,0.037963092,-0.15159434,-0.11572301,0.028717816,-0.096054435,-0.0936633
-0.05632466,-0.049329817,-0.03618696,-0.07999265,-0.15544087,-0.06059482,-0.037560403,-0.24379039,-0.08528327,0.014030576,-0.29069597,-0.10817874,-0.07149333,-0.29622257,-0.05210941,-0.10657644,-0.44194335,-0.092028804,-0.12425271,-0.5360676,-0.11316531,-0.13768435,-0.61455935,-0.124118745,-0.0120511055,-0.29190218,-0.061012875,0.010805011,-0.45132196,-0.10334059,0.028062224,-0.55728495,-0.124151304,0.04386264,-0.6440233,-0.13022895,0.03802371,-0.2527246,-0.0726525,0.034193873,-0.2835939,-0.12713937,0.003947258,-0.20102638,-0.12668164,-0.0087124705,-0.14088416,-0.10807944,0.07534897,-0.19729745,-0.08692573,0.061877668,-0.22099787,-0.12485579,0.036680102,-0.15600193,-0.11220682,0.028116345,-0.102900624,-0.09095137
-0.056902826,-0.04598373,-0.036283407,-0.07942426,-0.14931887,-0.061855495,-0.038075805,-0.23682898,-0.0876696,0.012708902,-0.28534645,-0.111768834,-0.07548118,-0.28890002,-0.053612355,-0.109954625,-0.4365525,-0.093371995,-0.12667143,-0.5310986,-0.114545174,-0.13921916,-0.6098832,-0.12576112,-0.0150440335,-0.2841218,-0.06349812,0.009807467,-0.4437759,-0.10764597,0.026720643,-0.55068445,-0.12957592,0.04059148,-0.638348,-0.13621409,0.035351157,-0.24457824,-0.07576247,0.032965958,-0.28368217,-0.1326084,0.003301382,-0.19809014,-0.13143195,-0.010316193,-0.1371795,-0.11196721,0.073379755,-0.18944067,-0.090379916,0.06162864,-0.2203908,-0.13100031,0.036721885,-0.1526776,-0.11730887,0.026509643,-0.09764576,-0.09471206
-0.057792246,-0.046015203,-0.036533218,-0.084885955,-0.15289104,-0.060453497,-0.044482827,-0.2418865,-0.08443619,0.0064581037,-0.29005486,-0.10658765,-0.07861489,-0.29898214,-0.052198276,-0.11233017,-0.4445718,-0.09215148,-0.12988654,-0.5386099,-0.11349159,-0.14355522,-0.6170878,-0.124905795,-0.017744184,-0.29531378,-0.060897533,0.006110966,-0.45262262,-0.10357501,0.023091733,-0.5571263,-0.12466669,0.03820032,-0.6444963,-0.13107964,0.033450305,-0.25603908,-0.07232798,0.028022945,-0.28526622,-0.12710878,-0.0021702647,-0.20066547,-0.1267473,-0.014315903,-0.14145088,-0.10851159,0.071602285,-0.20066082,-0.08646014,0.054650605,-0.21647155,-0.12575161,0.028838694,-0.14899576,-0.11433526,0.021041512,-0.09753662,-0.09394865
-0.060711205,-0.04515642,-0.033660673,-0.08874124,-0.15444362,-0.05498049,-0.04771173,-0.24376577,-0.07695101,0.0042961836,-0.28859502,-0.097326666,-0.07773483,-0.29789472,-0.046453536,-0.112229854,-0.44529527,-0.08382016,-0.1294092,-0.5397028,-0.10307044,-0.14262858,-0.61750364,-0.11306984,-0.017387092,-0.29565352,-0.055861134,0.005583346,-0.45341685,-0.09665131,0.019935727,-0.55776536,-0.11672006,0.033027112,-0.64292705,-0.122261204,0.032128334,-0.25814432,-0.06811651,0.024147809,-0.28778315,-0.1217691,-0.006243825,-0.20575494,-0.12276547,-0.017060995,-0.14699084,-0.105366856,0.06852758,-0.20433742,-0.08276029,0.048258007,-0.2213695,-0.12144701,0.02184403,-0.15507382,-0.11143531,0.014620662,-0.10323852,-0.09212775
-0.058128655,-0.046776593,-0.03471347,-0.08523357,-0.15584677,-0.055975858,-0.0430727,-0.24539119,-0.07784741,0.008620322,-0.29209512,-0.09836583,-0.07760733,-0.2998824,-0.045583546,-0.11043975,-0.44472322,-0.082812294,-0.12676468,-0.53862995,-0.10243631,-0.13930827,-0.61608994,-0.112412065,-0.016927302,-0.29465353,-0.054401424,0.007071972,-0.45226887,-0.09512531,0.0226565,-0.5586135,-0.11581588,0.03647387,-0.64594704,-0.12169298,0.033483505,-0.25520056,-0.06622789,0.026787758,-0.28805292,-0.12214172,-0.002781868,-0.20452738,-0.1247293,-0.014488161,-0.14521074,-0.10753733,0.0707705,-0.20028245,-0.080204196,0.052853465,-0.22532493,-0.12063532,0.026090086,-0.15688968,-0.11045357,0.016906917,-0.10251641,-0.090550214
-0.05821961,-0.046687424,-0.03468974,-0.08440429,-0.15498102,-0.057043288,-0.04212743,-0.2446934,-0.08013299,0.009130716,-0.2918561,-0.1016614,-0.07839435,-0.29770333,-0.04673068,-0.1116246,-0.442393,-0.08478124,-0.12800044,-0.5359013,-0.10507946,-0.1403808,-0.6129449,-0.11572869,-0.018404305,-0.29207504,-0.05640315,0.0058912635,-0.45064786,-0.09849552,0.021633029,-0.55749315,-0.11993121,0.03576857,-0.6459311,-0.1263648,0.03200257,-0.25158662,-0.068946086,0.027367711,-0.28644627,-0.12496505,-0.0026329756,-0.20224297,-0.12592189,-0.015131891,-0.14330465,-0.10785306,0.06972879,-0.1954053,-0.08377302,0.054587662,-0.22432268,-0.12387141,0.028196812,-0.1579842,-0.11225152,0.01842618,-0.10538477,-0.09146497
-0.058829546,-0.04896468,-0.033978496,-0.08566183,-0.15782136,-0.0555028,-0.043697,-0.2464717,-0.07805809,0.0073005557,-0.29248434,-0.099044904,-0.07674891,-0.3006066,-0.04479051,-0.109448195,-0.44501218,-0.082065344,-0.12601027,-0.5382565,-0.101628035,-0.13847488,-0.6151153,-0.11152863,-0.016843319,-0.29533327,-0.05414493,0.007063031,-0.4523071,-0.09499608,0.022588491,-0.5577123,-0.11541603,0.036563516,-0.64315903,-0.12107789,0.032764137,-0.2559802,-0.06651662,0.027002096,-0.28872007,-0.12125793,-0.0030279756,-0.20562732,-0.1225951,-0.0153874755,-0.1459626,-0.10486278,0.06959146,-0.20118684,-0.08121559,0.053767383,-0.22652304,-0.11959023,0.026491582,-0.16035575,-0.108383864,0.016388834,-0.1070469,-0.088129655
-0.05767274,-0.046962798,-0.032445677,-0.08439827,-0.15647358,-0.05336174,-0.041588426,-0.24439287,-0.07531725,0.008320212,-0.29259938,-0.09600059,-0.075478196,-0.29962587,-0.045719985,-0.107604295,-0.44483653,-0.08321065,-0.123771906,-0.53876066,-0.10273634,-0.13600725,-0.6159197,-0.112585105,-0.014695227,-0.2939024,-0.05580179,0.009742677,-0.4516449,-0.097084664,0.024964571,-0.5583402,-0.11775891,0.038550615,-0.64489824,-0.12348267,0.035600603,-0.25404483,-0.06848201,0.027998209,-0.28697306,-0.12334633,-0.0027427077,-0.20238596,-0.12374085,-0.015036464,-0.14200026,-0.10535926,0.07273167,-0.19883496,-0.08327843,0.05408311,-0.22215128,-0.122174725,0.026219487,-0.15392119,-0.11021252,0.016856194,-0.100237906,-0.0892146
-0.05796522,-0.04850346,-0.03224161,-0.08711761,-0.15502167,-0.054546203,-0.046851456,-0.23936099,-0.07859158,0.002337277,-0.2855096,-0.10147421,-0.07370651,-0.29908818,-0.04582948,-0.10684973,-0.44329315,-0.08530686,-0.12304181,-0.5373679,-0.10673054,-0.1347976,-0.614247,-0.117937274,-0.013634801,-0.2918896,-0.057686813,0.008288145,-0.4511327,-0.10139592,0.02221644,-0.5581064,-0.12367404,0.034460843,-0.6443263,-0.13025665,0.0363397,-0.2507223,-0.07230763,0.027276516,-0.28760213,-0.1296513,-0.0022372007,-0.20214432,-0.12984234,-0.014806867,-0.14033014,-0.110775165,0.07318479,-0.19409609,-0.089044414,0.054828227,-0.22281957,-0.12885843,0.027616203,-0.15567106,-0.11591839,0.017522693,-0.101575196,-0.09406611
-0.058120668,-0.052970827,-0.031704217,-0.08470005,-0.16085356,-0.054219,-0.04370767,-0.24499059,-0.07877434,0.006769359,-0.2889803,-0.10198562,-0.07271069,-0.30220485,-0.044355936,-0.104117304,-0.44622922,-0.083415434,-0.120196015,-0.5387292,-0.10472944,-0.13218623,-0.6159966,-0.11575816,-0.013258994,-0.29442972,-0.056457702,0.009272397,-0.45441845,-0.099593975,0.024750233,-0.5628007,-0.12203589,0.03845656,-0.65026754,-0.12889518,0.03753352,-0.2536446,-0.07126468,0.031137228,-0.28669554,-0.1281181,0.00070154667,-0.2017132,-0.12921597,-0.013546586,-0.13941991,-0.110727265,0.07551408,-0.19787538,-0.08819867,0.059846938,-0.22695929,-0.12692402,0.0329597,-0.16020471,-0.11373013,0.02169758,-0.10507685,-0.09183048
-0.05816388,-0.047038913,-0.032345105,-0.08704686,-0.15394354,-0.054740343,-0.04887724,-0.2393452,-0.07856018,0.0010141134,-0.28368676,-0.10098234,-0.07499218,-0.29762053,-0.047178883,-0.10388896,-0.44489503,-0.08629512,-0.11775422,-0.539415,-0.10730568,-0.12836727,-0.6173092,-0.11830562,-0.014990509,-0.290941,-0.05865868,0.008844137,-0.44970486,-0.10198104,0.024795592,-0.55713844,-0.1243206,0.037973046,-0.6447534,-0.13121179,0.035838902,-0.25082517,-0.07256685,0.028795779,-0.28434736,-0.12869099,-0.000690639,-0.19897622,-0.12885442,-0.014563322,-0.13718534,-0.11015444,0.07374412,-0.19519824,-0.08868485,0.05746585,-0.2194981,-0.12813261,0.032153487,-0.15244877,-0.11548653,0.02235943,-0.098430336,-0.09388214
-0.05816388,-0.047038913,-0.032345105,-0.08704686,-0.15394354,-0.054740343,-0.04887724,-0.2393452,-0.07856018,0.0010141134,-0.28368676,-0.10098234,-0.07499218,-0.29762053,-0.047178883,-0.10388896,-0.44489503,-0.08629512,-0.11775422,-0.539415,-0.10730568,-0.12836727,-0.6173092,-0.11830562,-0.014990509,-0.290941,-0.05865868,0.008844137,-0.44970486,-0.10198104,0.024795592,-0.55713844,-0.1243206,0.037973046,-0.6447534,-0.13121179,0.035838902,-0.25082517,-0.07256685,0.028795779,-0.28434736,-0.12869099,-0.000690639,-0.19897622,-0.12885442,-0.014563322,-0.13718534,-0.11015444,0.07374412,-0.19519824,-0.08868485,0.05746585,-0.2194981,-0.12813261,0.032153487,-0.15244877,-0.11548653,0.02235943,-0.098430336,-0.09388214
-0.059257388,-0.052577138,-0.030791163,-0.08543104,-0.16209829,-0.05169028,-0.044228554,-0.24572086,-0.07417761,0.0051625967,-0.28936154,-0.095258065,-0.067949235,-0.3032424,-0.043852016,-0.09878275,-0.44952428,-0.08140977,-0.113557965,-0.5437087,-0.10145455,-0.12427032,-0.6209426,-0.11174985,-0.008440375,-0.29673713,-0.05491954,0.015040576,-0.45472023,-0.09566073,0.03070277,-0.5603238,-0.11662229,0.045151174,-0.6459888,-0.122781865,0.040670574,-0.256548,-0.068516664,0.033934653,-0.28886348,-0.12126644,0.0026046038,-0.20853478,-0.121643074,-0.011079133,-0.14941752,-0.10388539,0.07650739,-0.20023769,-0.084340006,0.059882104,-0.22227466,-0.1205147,0.031734526,-0.15861398,-0.108217195,0.020588875,-0.10719466,-0.08756259
-0.059257388,-0.052577138,-0.030791163,-0.08543104,-0.16209829,-0.05169028,-0.044228554,-0.24572086,-0.07417761,0.0051625967,-0.28936154,-0.095258065,-0.067949235,-0.3032424,-0.043852016,-0.09878275,-0.44952428,-0.08140977,-0.113557965,-0.5437087,-0.10145455,-0.12427032,-0.6209426,-0.11174985,-0.008440375,-0.29673713,-0.05491954,0.015040576,-0.45472023,-0.09566073,0.03070277,-0.5603238,-0.11662229,0.045151174,-0.6459888,-0.122781865,0.040670574,-0.256548,-0.068516664,0.033934653,-0.28886348,-0.12126644,0.0026046038,-0.20853478,-0.121643074,-0.011079133,-0.14941752,-0.10388539,0.07650739,-0.20023769,-0.084340006,0.059882104,-0.22227466,-0.1205147,0.031734526,-0.15861398,-0.108217195,0.020588875,-0.10719466,-0.08756259
-0.06143856,-0.05382794,-0.03236592,-0.08663571,-0.16322452,-0.054122414,-0.04255569,-0.24604619,-0.07728682,0.008444607,-0.29159427,-0.09915177,-0.07021272,-0.3028422,-0.045544636,-0.09963569,-0.44857025,-0.08411206,-0.11386067,-0.54354846,-0.10459788,-0.12479845,-0.62139976,-0.11496639,-0.0098952055,-0.29675633,-0.056238357,0.014576316,-0.45540628,-0.09839116,0.028694987,-0.5624489,-0.11992663,0.0409984,-0.6488762,-0.1261505,0.03957826,-0.25613385,-0.06976527,0.031717062,-0.2868209,-0.12507221,-7.593632e-05,-0.20526576,-0.12686494,-0.013927996,-0.14631909,-0.10917774,0.07547617,-0.1998102,-0.08542627,0.058253706,-0.22623181,-0.12336768,0.029316723,-0.16211295,-0.111815065,0.01713854,-0.109945476,-0.09128556
-0.06137854,-0.049999118,-0.03128022,-0.08712679,-0.16056347,-0.051498372,-0.044514596,-0.24462575,-0.07297231,0.004498303,-0.28894192,-0.09323198,-0.07293916,-0.3015346,-0.04518805,-0.10106999,-0.4498726,-0.08212419,-0.11429304,-0.5449881,-0.10141814,-0.12487754,-0.6235946,-0.11113554,-0.012406468,-0.2967444,-0.0551684,0.0135625005,-0.45314494,-0.09504458,0.03036362,-0.5588119,-0.11485217,0.04364735,-0.643998,-0.1202486,0.037046432,-0.25858474,-0.06775191,0.030653179,-0.28500813,-0.119509384,0.0010063052,-0.204768,-0.12029223,-0.012883127,-0.14558381,-0.10294549,0.073314786,-0.20505482,-0.082622655,0.057709932,-0.22205353,-0.11838143,0.030573368,-0.15703332,-0.107046,0.019109428,-0.10471529,-0.087158814
-0.060337365,-0.04903865,-0.03208297,-0.087462634,-0.15500975,-0.05461728,-0.045842946,-0.23593855,-0.07827052,0.0017123818,-0.28235787,-0.10069282,-0.070688844,-0.30235016,-0.049221277,-0.09883055,-0.45031846,-0.08789431,-0.11170685,-0.5464993,-0.10841836,-0.121441215,-0.625863,-0.11885985,-0.010091841,-0.297323,-0.059673805,0.016218126,-0.45472813,-0.101057015,0.033403754,-0.5610306,-0.122030005,0.047169685,-0.6464562,-0.12815392,0.03971207,-0.2586866,-0.072519846,0.030000806,-0.28489566,-0.12522833,-6.15716e-05,-0.20538527,-0.12641597,-0.013944507,-0.14660347,-0.109438986,0.07672781,-0.20417023,-0.0875883,0.058122516,-0.22394073,-0.12369364,0.030354261,-0.15841419,-0.111938044,0.018847942,-0.105149984,-0.09177018
-0.06101489,-0.047648072,-0.032691233,-0.08779782,-0.15491802,-0.055234767,-0.046862483,-0.23924375,-0.079015255,0.0012710094,-0.2853982,-0.10150405,-0.07139796,-0.30292124,-0.049138002,-0.09906435,-0.45188308,-0.08869918,-0.11248541,-0.54903376,-0.10971852,-0.1226989,-0.6289749,-0.12041571,-0.011075795,-0.29920757,-0.05951483,0.015206754,-0.45715743,-0.1021516,0.031726897,-0.56427175,-0.12339598,0.045180082,-0.6501456,-0.1292902,0.03854865,-0.26118857,-0.072397284,0.029990315,-0.28884345,-0.12601188,8.1300735e-05,-0.20746297,-0.1264441,-0.013252616,-0.14749491,-0.108483955,0.07500315,-0.20668352,-0.08766211,0.057130516,-0.22654629,-0.12422068,0.029396117,-0.16121757,-0.1121668,0.018213391,-0.10863817,-0.09144944
-0.05952841,-0.047314286,-0.029853897,-0.08662689,-0.1546908,-0.050466165,-0.046024382,-0.23627824,-0.07264242,0.0032607913,-0.27987677,-0.09373091,-0.07068348,-0.29880887,-0.046186917,-0.09827879,-0.4469757,-0.08382068,-0.11130914,-0.5425921,-0.10385112,-0.12146881,-0.6209504,-0.11439012,-0.010366321,-0.2956375,-0.05739446,0.014640391,-0.451699,-0.09824253,0.031104624,-0.55813885,-0.119507365,0.04513663,-0.64414173,-0.12602681,0.039038956,-0.25785333,-0.07069949,0.02970606,-0.2833774,-0.121410534,0.00065147877,-0.20280147,-0.121547125,-0.011479199,-0.14455003,-0.104396924,0.075280964,-0.20373023,-0.08632398,0.05527854,-0.21703476,-0.12221682,0.029408932,-0.15202653,-0.11090041,0.02019304,-0.101294875,-0.09104807
-0.060129046,-0.048569918,-0.03186828,-0.08548424,-0.15724528,-0.05351371,-0.043702126,-0.24142009,-0.07654771,0.004813373,-0.28562772,-0.09836131,-0.070439875,-0.29984254,-0.0475327,-0.0976204,-0.44786245,-0.08646055,-0.11084363,-0.5445457,-0.106952764,-0.12091681,-0.62356365,-0.11728277,-0.010033965,-0.29470474,-0.058240756,0.015726686,-0.45262426,-0.10086654,0.031720042,-0.55962324,-0.12216718,0.044641852,-0.64494896,-0.12804961,0.039664865,-0.2558633,-0.07139131,0.03242451,-0.28626513,-0.12599966,0.0031208992,-0.20346355,-0.12638149,-0.010481536,-0.14204985,-0.107916206,0.0760985,-0.20139122,-0.08673109,0.059442222,-0.22313142,-0.12424826,0.032685935,-0.15740818,-0.111941464,0.021696627,-0.10405725,-0.090726666
-0.05913645,-0.046490967,-0.031035813,-0.08502126,-0.15452826,-0.052530784,-0.042353153,-0.23699468,-0.075576946,0.005853176,-0.28205407,-0.09762564,-0.07164085,-0.29604214,-0.049673937,-0.10060117,-0.44439662,-0.08869687,-0.1131511,-0.53969026,-0.10975104,-0.12291089,-0.61722994,-0.1210901,-0.010995626,-0.2896979,-0.061265096,0.015000105,-0.44708887,-0.10556145,0.03161621,-0.55422175,-0.12847671,0.045102,-0.6401168,-0.13580291,0.038155615,-0.24970776,-0.074845776,0.03423786,-0.28101754,-0.12951832,0.0046615005,-0.19758672,-0.12908404,-0.009719849,-0.1381234,-0.110626,0.07394242,-0.19448614,-0.09060625,0.059981942,-0.21733272,-0.12920555,0.03376752,-0.15179747,-0.11676488,0.021859944,-0.10034472,-0.09555693
-0.060351074,-0.04756224,-0.031122793,-0.08574879,-0.15397441,-0.05259419,-0.043792665,-0.23662734,-0.075649664,0.0041020513,-0.28149742,-0.09745917,-0.07260895,-0.29815567,-0.046312757,-0.10005903,-0.443537,-0.08428324,-0.112517715,-0.53918374,-0.10497053,-0.122626394,-0.6169715,-0.11603159,-0.012820423,-0.2911737,-0.05815584,0.013154805,-0.44928303,-0.1007269,0.02876395,-0.55706453,-0.12323436,0.04142511,-0.64278245,-0.13046351,0.036406577,-0.2500332,-0.07227968,0.033095717,-0.28394473,-0.1267178,0.00323385,-0.2017309,-0.12684758,-0.011377692,-0.1421467,-0.10863494,0.07263863,-0.19336796,-0.088516444,0.059454978,-0.22369927,-0.12674399,0.03283769,-0.1583736,-0.11402243,0.02037102,-0.10504866,-0.09268412
-0.06083888,-0.046112537,-0.032637984,-0.08635956,-0.1541425,-0.05422658,-0.044222653,-0.23928738,-0.07685122,0.003889978,-0.28738302,-0.09814418,-0.07337105,-0.29698867,-0.047538076,-0.10174209,-0.44538724,-0.0852542,-0.11471707,-0.54189867,-0.104836635,-0.12418398,-0.6202174,-0.114807375,-0.013118863,-0.29229242,-0.057827655,0.012660623,-0.4503225,-0.09958257,0.026936233,-0.55720747,-0.12031238,0.03908074,-0.64139014,-0.12603085,0.036076546,-0.25340652,-0.07068635,0.027941108,-0.28555828,-0.12447605,-0.002361834,-0.20342809,-0.12477594,-0.014741659,-0.14388335,-0.106792025,0.07182151,-0.19916642,-0.08578473,0.05318898,-0.22143143,-0.12389806,0.026062012,-0.15543717,-0.11253721,0.016602099,-0.10343629,-0.09218015
-0.061011672,-0.048290193,-0.030431356,-0.08476892,-0.15585923,-0.051203918,-0.042128384,-0.23776454,-0.073556334,0.0043019056,-0.28449023,-0.094683535,-0.07181287,-0.29704863,-0.04548134,-0.099420846,-0.44362104,-0.08261982,-0.11150724,-0.5394485,-0.102099404,-0.12075099,-0.61708486,-0.11208603,-0.01203227,-0.29171133,-0.057001602,0.015099049,-0.450036,-0.098640345,0.030277371,-0.55751514,-0.12002824,0.042963505,-0.64181745,-0.12626109,0.03654605,-0.25183547,-0.070823275,0.03088522,-0.28393477,-0.12340186,0.0007004142,-0.20310152,-0.12293316,-0.012571752,-0.14489669,-0.104607426,0.07219893,-0.19683212,-0.0867995,0.056977093,-0.22351515,-0.12301926,0.030803084,-0.15964574,-0.11016435,0.020493329,-0.10880995,-0.089019306
-0.06242931,-0.051153123,-0.03170079,-0.086551994,-0.16145569,-0.053335927,-0.04404396,-0.24407232,-0.076469325,0.0044009686,-0.28852284,-0.098243095,-0.06933081,-0.3009053,-0.045215014,-0.09849849,-0.44957674,-0.0828509,-0.11151004,-0.5460702,-0.102613226,-0.12108773,-0.62479115,-0.11263649,-0.010647178,-0.29379725,-0.055922143,0.01552254,-0.4526122,-0.09794394,0.030781865,-0.5588109,-0.11916392,0.044004798,-0.6430247,-0.12517494,0.037198365,-0.2539569,-0.06928666,0.029363811,-0.28779602,-0.12338283,-0.0026970506,-0.20668513,-0.12378558,-0.016191423,-0.14738524,-0.10547495,0.07309705,-0.19927162,-0.084783845,0.055978596,-0.22957826,-0.121378444,0.027976334,-0.16546965,-0.10881125,0.017130494,-0.11306006,-0.08777402
-0.06208712,-0.045627296,-0.03324426,-0.08772552,-0.15584147,-0.056213103,-0.045788527,-0.24062592,-0.08004656,0.0014962554,-0.28627408,-0.102696985,-0.06957048,-0.29879963,-0.051572688,-0.09776369,-0.44822294,-0.09217319,-0.11055866,-0.54552126,-0.11418764,-0.12016016,-0.62604535,-0.12592557,-0.009209871,-0.2938847,-0.06199918,0.016614556,-0.45275643,-0.106606714,0.033654094,-0.55922914,-0.12910576,0.047571063,-0.6456229,-0.13586332,0.040311575,-0.25524908,-0.07468721,0.032277882,-0.28755647,-0.13012867,0.0008729696,-0.20432866,-0.12936537,-0.014167905,-0.14323932,-0.11030781,0.077048,-0.20030695,-0.08967536,0.060302377,-0.2248056,-0.12817103,0.032165647,-0.15778112,-0.11520614,0.02047354,-0.103891134,-0.093451075
-0.06083095,-0.04939586,-0.032562584,-0.0869025,-0.1583001,-0.05435214,-0.044040203,-0.24035102,-0.077269964,0.0057420135,-0.28339356,-0.09900347,-0.07122505,-0.30294663,-0.048240043,-0.09818366,-0.45124668,-0.08691278,-0.11125475,-0.5479691,-0.10763462,-0.12146312,-0.6269845,-0.118360996,-0.011119962,-0.29704285,-0.05857356,0.015663385,-0.4558475,-0.10030865,0.032117605,-0.562873,-0.12140174,0.045741618,-0.64867884,-0.127459,0.03821647,-0.25682622,-0.071431085,0.03197658,-0.28939277,-0.12536559,0.0021836758,-0.20841789,-0.12616552,-0.011112511,-0.14847559,-0.1083435,0.0742085,-0.20052648,-0.086530365,0.058728814,-0.22449702,-0.12433781,0.032552302,-0.16031432,-0.11266464,0.022615433,-0.10830051,-0.092037514
-0.059693158,-0.049098015,-0.03243681,-0.085594535,-0.15991694,-0.054028437,-0.042173445,-0.24519688,-0.0767805,0.008052945,-0.29131162,-0.09841067,-0.07014638,-0.30099887,-0.048297804,-0.099012494,-0.45046222,-0.0874199,-0.11248696,-0.54781175,-0.108049914,-0.122074604,-0.62754834,-0.11863888,-0.010131896,-0.29595655,-0.058841195,0.01569575,-0.45578396,-0.10137239,0.03152901,-0.56302786,-0.122467056,0.045202196,-0.64852786,-0.1282986,0.039050043,-0.2562446,-0.07191348,0.031924248,-0.2909863,-0.12688999,0.0018168688,-0.20740026,-0.12693563,-0.01064378,-0.14587724,-0.10827652,0.07489514,-0.20029145,-0.087182805,0.05764991,-0.22595412,-0.12589546,0.03120935,-0.1599341,-0.11377376,0.02238971,-0.10698843,-0.092554465
-0.06039679,-0.050222456,-0.032152392,-0.08486211,-0.15957606,-0.05445662,-0.042039454,-0.24295968,-0.07790644,0.0076619983,-0.28787845,-0.100363955,-0.06823772,-0.29862398,-0.04912309,-0.0970771,-0.448331,-0.0883127,-0.10951924,-0.5455717,-0.10891636,-0.11838168,-0.62515914,-0.11939958,-0.008329928,-0.29246402,-0.059655584,0.01833427,-0.4506203,-0.103075445,0.034912884,-0.55790365,-0.12491212,0.048957586,-0.6440887,-0.131112,0.040519357,-0.25339484,-0.07247216,0.03267044,-0.2892524,-0.12804918,0.0020911694,-0.20686793,-0.1284717,-0.011019766,-0.1458016,-0.1098401,0.07698405,-0.19901353,-0.0873042,0.058480263,-0.22855705,-0.12620397,0.031248093,-0.1614812,-0.11382776,0.021053016,-0.10643184,-0.09226297
-0.06039679,-0.050222456,-0.032152392,-0.08486211,-0.15957606,-0.05445662,-0.042039454,-0.24295968,-0.07790644,0.0076619983,-0.28787845,-0.100363955,-0.06823772,-0.29862398,-0.04912309,-0.0970771,-0.448331,-0.0883127,-0.10951924,-0.5455717,-0.10891636,-0.11838168,-0.62515914,-0.11939958,-0.008329928,-0.29246402,-0.059655584,0.01833427,-0.4506203,-0.103075445,0.034912884,-0.55790365,-0.12491212,0.048957586,-0.6440887,-0.131112,0.040519357,-0.25339484,-0.07247216,0.03267044,-0.2892524,-0.12804918,0.0020911694,-0.20686793,-0.1284717,-0.011019766,-0.1458016,-0.1098401,0.07698405,-0.19901353,-0.0873042,0.058480263,-0.22855705,-0.12620397,0.031248093,-0.1614812,-0.11382776,0.021053016,-0.10643184,-0.09226297
-0.059190214,-0.05009079,-0.030825824,-0.08468118,-0.15894628,-0.052063867,-0.042131126,-0.24086589,-0.07495579,0.007916927,-0.2855637,-0.096894026,-0.06808472,-0.29897892,-0.046681207,-0.09547442,-0.446266,-0.084794976,-0.10788274,-0.5408714,-0.10546202,-0.1173577,-0.61875576,-0.116531536,-0.008691847,-0.29305464,-0.05782792,0.01702714,-0.4505286,-0.10030829,0.034529388,-0.5571574,-0.12265629,0.049527884,-0.643407,-0.12991355,0.039788663,-0.25390208,-0.07120971,0.034112453,-0.28441048,-0.124928825,0.004100442,-0.20164847,-0.12565252,-0.009692788,-0.14176059,-0.10817626,0.075354755,-0.19963759,-0.08677357,0.058995843,-0.22233617,-0.12496224,0.03299713,-0.15609771,-0.113387786,0.02199006,-0.10309905,-0.092979185
-0.060908258,-0.050004363,-0.029981174,-0.086545706,-0.15918559,-0.05079233,-0.04521823,-0.24158806,-0.0735825,0.002677381,-0.28643185,-0.09530225,-0.0708707,-0.30119187,-0.043587666,-0.09706941,-0.44723022,-0.08061664,-0.10907939,-0.5429828,-0.10046522,-0.118247926,-0.62093383,-0.11074649,-0.0123951435,-0.29378325,-0.055373594,0.013898492,-0.45279503,-0.096992806,0.029147208,-0.5604843,-0.118483454,0.042097926,-0.6458903,-0.12494656,0.0359028,-0.25310045,-0.06955191,0.029835284,-0.2915358,-0.12364216,8.72612e-05,-0.20900661,-0.12403634,-0.012947917,-0.14823157,-0.10587601,0.071869016,-0.1971935,-0.08570543,0.056619465,-0.23163909,-0.1231571,0.0297423,-0.16596812,-0.11046788,0.018526256,-0.11172789,-0.089294784
-0.060609043,-0.05153513,-0.030922238,-0.08439717,-0.16144156,-0.051970985,-0.03995663,-0.24212998,-0.074770376,0.008919358,-0.2863865,-0.09657255,-0.0703516,-0.30012923,-0.046184834,-0.09723577,-0.446765,-0.08471016,-0.109672725,-0.5417926,-0.10563169,-0.11908591,-0.61947376,-0.11674977,-0.010438681,-0.29284483,-0.05778093,0.016189158,-0.4501677,-0.10192681,0.032383025,-0.5573204,-0.12533246,0.046500564,-0.6434247,-0.13284193,0.038539886,-0.252537,-0.07161012,0.035250664,-0.28582293,-0.12740709,0.004744351,-0.20174217,-0.1280919,-0.009647071,-0.14166051,-0.10987109,0.07458055,-0.1974231,-0.087499626,0.06038183,-0.22461933,-0.12647332,0.033622146,-0.15774882,-0.11406704,0.02207613,-0.10494757,-0.09273029
-0.063158154,-0.04802698,-0.031714614,-0.08923048,-0.15418893,-0.05365349,-0.050084412,-0.23605585,-0.07710986,-0.00474298,-0.28201848,-0.0993191,-0.07186943,-0.2987252,-0.045106143,-0.10000497,-0.44382024,-0.08153742,-0.1125876,-0.53982,-0.10095597,-0.12145075,-0.61857677,-0.11101387,-0.013138771,-0.29148453,-0.05598869,0.013394892,-0.4484287,-0.09730857,0.029067993,-0.5561799,-0.11874409,0.04241383,-0.64137745,-0.12513737,0.034858406,-0.251347,-0.06932227,0.027258992,-0.2888018,-0.12314928,-0.0020058155,-0.20748037,-0.12397663,-0.014749229,-0.14698505,-0.10619993,0.07098919,-0.19691211,-0.08469659,0.054956675,-0.23055226,-0.121897824,0.029376566,-0.16472232,-0.10965318,0.019325197,-0.11062688,-0.08883279
-0.06267774,-0.048038363,-0.031850796,-0.08647466,-0.1560365,-0.053000767,-0.044233322,-0.23937619,-0.07536627,0.002595365,-0.28728336,-0.09644056,-0.0725978,-0.29504335,-0.045424476,-0.1009458,-0.44306105,-0.08204507,-0.11272177,-0.53906417,-0.10102473,-0.12109941,-0.6176455,-0.11064631,-0.012790799,-0.2892307,-0.05580996,0.014269531,-0.44632202,-0.0974173,0.030068517,-0.5534859,-0.11855317,0.04304278,-0.6379154,-0.12458804,0.03535062,-0.25035065,-0.06867779,0.028772295,-0.28517205,-0.12268913,-0.0010146499,-0.20392257,-0.123345576,-0.01401329,-0.14428663,-0.10547517,0.07131904,-0.19712085,-0.083615534,0.055534124,-0.22490144,-0.122008294,0.029090345,-0.15775722,-0.1105357,0.018604875,-0.10382962,-0.08999072
-0.06269008,-0.048621237,-0.0321375,-0.086361766,-0.15732914,-0.05377039,-0.044474185,-0.2411235,-0.07665783,0.0012421608,-0.29063886,-0.0981316,-0.07106364,-0.2960686,-0.04588476,-0.09988326,-0.44336608,-0.08340975,-0.1129964,-0.5393679,-0.102994844,-0.12228668,-0.6175041,-0.11288142,-0.012370706,-0.2900616,-0.056146827,0.013620615,-0.4475044,-0.099287815,0.02873075,-0.554864,-0.12138899,0.041998684,-0.6386316,-0.12777326,0.03531885,-0.25158888,-0.06881923,0.02895403,-0.28701448,-0.12351187,-0.00069123507,-0.20488232,-0.12346161,-0.012981236,-0.14408201,-0.10476014,0.07109612,-0.19882154,-0.083633244,0.054796875,-0.2284131,-0.121594116,0.029459417,-0.16168916,-0.10907797,0.020208895,-0.1080001,-0.0876118
-0.061965644,-0.051111758,-0.030791333,-0.08664161,-0.15899128,-0.051734753,-0.045051277,-0.24023569,-0.07438855,0.0006067753,-0.28751755,-0.095910415,-0.071385205,-0.30213392,-0.043803662,-0.09908193,-0.44775495,-0.08051358,-0.11203489,-0.543699,-0.10008266,-0.12130281,-0.62210286,-0.110045105,-0.0124464035,-0.29487383,-0.054953344,0.013849437,-0.4516666,-0.09591048,0.028857648,-0.5590032,-0.11722709,0.041902065,-0.64401305,-0.123614065,0.035687804,-0.25492054,-0.06864437,0.02758807,-0.29002732,-0.122343846,-0.0020669103,-0.20924485,-0.1236287,-0.014161408,-0.1492272,-0.10629438,0.07158494,-0.2005812,-0.08438143,0.054744065,-0.2300201,-0.121672705,0.028101027,-0.16408974,-0.10991061,0.018544674,-0.110428035,-0.089481704
-0.06193918,-0.051903605,-0.030437155,-0.085703164,-0.1596322,-0.05189977,-0.04366213,-0.23998338,-0.0750621,0.0031229258,-0.28457093,-0.0970008,-0.067536175,-0.29904038,-0.044403214,-0.09635985,-0.4462504,-0.08121351,-0.1089783,-0.542027,-0.10098123,-0.11813927,-0.6207944,-0.1112831,-0.008939564,-0.29191363,-0.055785596,0.016673088,-0.44777644,-0.097278856,0.03277719,-0.55320215,-0.1188379,0.04640323,-0.6371902,-0.12536019,0.038780928,-0.2524436,-0.069534235,0.030396402,-0.28628194,-0.12302535,-0.00037282705,-0.20561075,-0.12338911,-0.014012337,-0.1459229,-0.10548251,0.07460672,-0.1980499,-0.08530969,0.05859697,-0.22927904,-0.12200511,0.03191048,-0.1635639,-0.109231174,0.021571517,-0.10957551,-0.08811197
-0.06217295,-0.053573728,-0.030961355,-0.08620873,-0.16215879,-0.052780595,-0.042990685,-0.2419427,-0.07633801,0.004611075,-0.28570288,-0.09880138,-0.06924522,-0.3016351,-0.045236718,-0.09690085,-0.44514003,-0.082600996,-0.110314935,-0.5403253,-0.103167884,-0.11986148,-0.6190896,-0.11422401,-0.01059562,-0.29327947,-0.05679425,0.015334129,-0.44837743,-0.09850372,0.030963838,-0.55496967,-0.12018291,0.04475963,-0.641211,-0.12710133,0.037831843,-0.25199813,-0.07075707,0.029964149,-0.28700453,-0.1252484,-0.0011254549,-0.20355666,-0.12558635,-0.014398396,-0.14185375,-0.107640855,0.07395542,-0.19572598,-0.086816676,0.057982862,-0.22772223,-0.12490482,0.030212104,-0.16066194,-0.112342365,0.019628763,-0.10591334,-0.09133401
-0.060278654,-0.052814066,-0.028743355,-0.08505219,-0.16100073,-0.048968572,-0.04269427,-0.23890781,-0.071566306,0.0057395697,-0.28105754,-0.09322264,-0.069675446,-0.30082536,-0.042885676,-0.09742528,-0.44722703,-0.07939375,-0.10929194,-0.5415542,-0.099177666,-0.11805898,-0.6187208,-0.10966597,-0.010482252,-0.29364842,-0.05487679,0.01596576,-0.4489639,-0.09657693,0.031994164,-0.5557134,-0.11910121,0.04609573,-0.64011145,-0.12637329,0.037706733,-0.25375867,-0.06900884,0.030916572,-0.2837249,-0.12156546,0.0004528761,-0.20165515,-0.12239843,-0.012993395,-0.14167392,-0.104975164,0.07350218,-0.19936132,-0.085219294,0.057512462,-0.22453183,-0.12161312,0.031024694,-0.15894961,-0.109608725,0.020436347,-0.10570347,-0.08904605
-0.061413288,-0.05135125,-0.029717058,-0.086110294,-0.16074502,-0.049765725,-0.044058383,-0.24121118,-0.071770415,0.003275752,-0.28476024,-0.09270427,-0.07103509,-0.30051017,-0.043018956,-0.09763116,-0.4468004,-0.07939565,-0.10878995,-0.54190516,-0.09907787,-0.1171968,-0.6197256,-0.10945008,-0.012126088,-0.29267162,-0.0546807,0.015113592,-0.44846785,-0.09614374,0.031837463,-0.55643034,-0.11813079,0.045840323,-0.6424335,-0.12499359,0.036071777,-0.25192583,-0.06864126,0.029201686,-0.2859311,-0.12215862,-0.00060874224,-0.20434499,-0.12285819,-0.014090538,-0.14431518,-0.10508663,0.07204938,-0.19622004,-0.08465102,0.05705148,-0.22663122,-0.12222143,0.03101778,-0.16086423,-0.11002663,0.020415425,-0.107146025,-0.089149676
-0.059550226,-0.05188662,-0.029604843,-0.08541599,-0.16005653,-0.050399408,-0.04395801,-0.23799592,-0.0733474,0.0028811097,-0.2811188,-0.09544376,-0.06802541,-0.30177987,-0.04489358,-0.094516784,-0.44626564,-0.08211095,-0.10681227,-0.54020566,-0.10281089,-0.116117805,-0.6175946,-0.1140707,-0.009566069,-0.29338247,-0.056871757,0.01606524,-0.4491694,-0.09892534,0.03269899,-0.55619144,-0.12152993,0.047475457,-0.6423334,-0.12915292,0.038528025,-0.25220305,-0.070998795,0.031567574,-0.28535068,-0.12446397,0.0011731386,-0.20267189,-0.12528265,-0.012583852,-0.14215225,-0.10800329,0.0742349,-0.19629061,-0.08723641,0.05839622,-0.22361976,-0.124734215,0.031914234,-0.15753514,-0.112713374,0.021198213,-0.10432351,-0.09224402
-0.05978024,-0.05017078,-0.029938726,-0.08524302,-0.15793943,-0.05031445,-0.04296714,-0.23727417,-0.072500534,0.005758643,-0.2795084,-0.09371784,-0.07102674,-0.29955417,-0.044789992,-0.09711176,-0.44578314,-0.08162225,-0.10816395,-0.5405657,-0.10157309,-0.11638716,-0.6177814,-0.11218356,-0.011250615,-0.29294467,-0.05616016,0.015261114,-0.44859427,-0.09796012,0.031131744,-0.5552435,-0.120155975,0.044539988,-0.63969237,-0.12717983,0.03745377,-0.2533965,-0.06967942,0.03221333,-0.28491563,-0.12278924,0.0019885302,-0.20236361,-0.123489864,-0.012549102,-0.14145231,-0.105947025,0.07327896,-0.19910806,-0.08529034,0.058177292,-0.22317237,-0.12287521,0.032051504,-0.15651602,-0.111109994,0.02076739,-0.102517486,-0.09051972
-0.061179817,-0.052339673,-0.02975537,-0.08704367,-0.16113967,-0.050105635,-0.046101093,-0.240731,-0.07252536,0.0003362894,-0.28516877,-0.093959264,-0.070090234,-0.30223626,-0.042286526,-0.094353765,-0.4480523,-0.07867747,-0.10541338,-0.54156196,-0.09903498,-0.11387175,-0.6184182,-0.10987801,-0.011605918,-0.29425925,-0.053712536,0.012966216,-0.45135278,-0.09445968,0.02927965,-0.55823207,-0.116687134,0.04348606,-0.6437243,-0.124173045,0.0366472,-0.25382847,-0.06753405,0.029237986,-0.28828454,-0.12036701,0.00011277199,-0.20678711,-0.12218308,-0.0131194,-0.14623934,-0.10564182,0.07239723,-0.199179,-0.083425015,0.056201756,-0.22687852,-0.120720066,0.03099829,-0.16131788,-0.10945005,0.021124542,-0.10762209,-0.089558914
-0.061045885,-0.047890186,-0.029693333,-0.085690826,-0.15495276,-0.05044093,-0.045576513,-0.23417044,-0.07309894,0.00061684847,-0.27751952,-0.09473588,-0.07008672,-0.2978124,-0.04415475,-0.09599531,-0.4417597,-0.080739334,-0.10686642,-0.53592396,-0.10061606,-0.114310384,-0.61243045,-0.11130968,-0.010964334,-0.29102105,-0.055741847,0.014439464,-0.4455313,-0.098058105,0.029061973,-0.5509585,-0.12092989,0.042787075,-0.63405,-0.12838136,0.03722632,-0.25173426,-0.069390275,0.028601825,-0.28596634,-0.122721136,-0.0015704632,-0.20288306,-0.12288586,-0.013933361,-0.14142948,-0.10490411,0.073215485,-0.1982882,-0.08505628,0.054041862,-0.22687948,-0.12283742,0.02859193,-0.15994555,-0.11086857,0.02023393,-0.105204046,-0.09002364
-0.062245905,-0.049759805,-0.029806186,-0.08668953,-0.15641087,-0.05121546,-0.046498775,-0.2352652,-0.07470048,-7.247925e-05,-0.2786308,-0.09690262,-0.07025939,-0.29777622,-0.04423678,-0.09611714,-0.44190776,-0.08154608,-0.10731447,-0.535871,-0.1020021,-0.115174055,-0.61224145,-0.11315828,-0.01205349,-0.29117817,-0.056254912,0.013250828,-0.44526765,-0.09978658,0.028078258,-0.5512885,-0.12341531,0.042087615,-0.6352216,-0.13139223,0.035286605,-0.25182176,-0.07041234,0.028422952,-0.28537107,-0.123834565,-0.0015130043,-0.20359772,-0.123689346,-0.0139859915,-0.143996,-0.10568002,0.07079983,-0.19798565,-0.08677335,0.05414474,-0.22678685,-0.123942,0.02890557,-0.16229111,-0.11177654,0.019553304,-0.11046499,-0.09105393
-0.060965,-0.04874313,-0.029551841,-0.08601612,-0.15550041,-0.04915844,-0.044567943,-0.23365432,-0.07044476,0.0017764568,-0.276482,-0.0906881,-0.06981641,-0.2963447,-0.042655155,-0.09506774,-0.44017744,-0.07876257,-0.106678694,-0.5354841,-0.09823063,-0.11542186,-0.6129341,-0.10850303,-0.0116708875,-0.29104215,-0.053753816,0.014646471,-0.4457668,-0.0937908,0.029406846,-0.5504503,-0.11515047,0.04245323,-0.63405925,-0.121764,0.035746753,-0.25255382,-0.06718973,0.028054178,-0.28200978,-0.1183874,-0.0024780035,-0.20328677,-0.11967311,-0.015520334,-0.14572382,-0.10313395,0.070158005,-0.19885528,-0.08277379,0.053099453,-0.21962386,-0.11863705,0.02650702,-0.15634614,-0.107773505,0.016608179,-0.10632676,-0.08839721
-0.06025964,-0.04879266,-0.03023817,-0.0839802,-0.15620494,-0.05041451,-0.043606937,-0.23630273,-0.07212665,0.0017523766,-0.28248155,-0.092553385,-0.07083273,-0.29883027,-0.043263815,-0.09511027,-0.443209,-0.07955658,-0.10571456,-0.5378568,-0.09936459,-0.11410329,-0.6145501,-0.10999777,-0.011649966,-0.29223585,-0.05455368,0.015606821,-0.44623297,-0.09578346,0.030673563,-0.5520606,-0.118238024,0.04351914,-0.636492,-0.12554972,0.036383033,-0.2524187,-0.06808036,0.030408144,-0.28413242,-0.120228924,-0.00044846535,-0.20355481,-0.1208355,-0.014835417,-0.14504981,-0.103676446,0.07121068,-0.1975007,-0.08380141,0.055544436,-0.21921211,-0.121113315,0.029376268,-0.15380251,-0.10970182,0.01916945,-0.102181256,-0.08946254
-0.058797777,-0.048419774,-0.028006863,-0.08187607,-0.15663666,-0.04671991,-0.042132914,-0.23761016,-0.067390844,0.0024639368,-0.28322905,-0.0870279,-0.06847507,-0.2956695,-0.041402794,-0.09329969,-0.44030568,-0.07745135,-0.10412258,-0.5345937,-0.09702193,-0.11271727,-0.6109396,-0.10730179,-0.009864211,-0.2890002,-0.053372324,0.016198456,-0.44278497,-0.09445547,0.03137833,-0.54808414,-0.11703167,0.044588983,-0.6323526,-0.124259934,0.038075328,-0.24932665,-0.067286015,0.030892551,-0.27922803,-0.11898745,0.00056546926,-0.1984086,-0.119253784,-0.012936771,-0.14044636,-0.1016866,0.07282144,-0.1949454,-0.083182484,0.054915726,-0.21655798,-0.119609125,0.028875113,-0.15144157,-0.107418954,0.019096494,-0.10017842,-0.086603664
-0.060919285,-0.04980266,-0.02935033,-0.08489609,-0.1589281,-0.048124492,-0.044537127,-0.2392773,-0.06852283,0.0008352995,-0.28505903,-0.08770827,-0.07025522,-0.29971308,-0.041167825,-0.09530684,-0.44306213,-0.07687796,-0.106148124,-0.53762597,-0.09641739,-0.11494237,-0.61390245,-0.10685875,-0.011321008,-0.2933476,-0.052319378,0.015465856,-0.44770294,-0.092982695,0.029931784,-0.5532121,-0.115647495,0.042754352,-0.63726497,-0.12311535,0.036125064,-0.2533254,-0.06571059,0.029042423,-0.28378505,-0.11719917,-0.002146721,-0.20502222,-0.11864006,-0.015979946,-0.14786118,-0.102063425,0.07019228,-0.1985631,-0.08122409,0.05440432,-0.21972787,-0.11803241,0.028458953,-0.15537512,-0.10737499,0.018765569,-0.10453731,-0.08776345
-0.059788108,-0.049999237,-0.029912284,-0.08424041,-0.15553379,-0.050145306,-0.044178367,-0.23552638,-0.07214634,0.00039446354,-0.28298736,-0.09289489,-0.06866604,-0.30004168,-0.04172761,-0.093809426,-0.4423052,-0.077597044,-0.10452545,-0.5365596,-0.097208574,-0.112983346,-0.6128592,-0.10745938,-0.010503888,-0.29206622,-0.0530949,0.016138554,-0.44826007,-0.09365031,0.030879319,-0.5544422,-0.11580481,0.043520927,-0.63784194,-0.12287002,0.037067533,-0.2511565,-0.06684626,0.028469265,-0.28448313,-0.119432345,-0.0015310049,-0.20543528,-0.1208916,-0.014364779,-0.14689898,-0.10396427,0.072074056,-0.19629389,-0.08260559,0.055575848,-0.22503638,-0.1192282,0.029811144,-0.16075647,-0.10749721,0.020224154,-0.10809922,-0.08719837
-0.060034394,-0.051970005,-0.0300299,-0.08277172,-0.1578533,-0.051427323,-0.041368186,-0.23611379,-0.07491548,0.0020000935,-0.2834074,-0.0969991,-0.066916645,-0.3025235,-0.04331212,-0.09203148,-0.44546297,-0.08096845,-0.10347575,-0.5391823,-0.10164726,-0.11199471,-0.61523634,-0.11271043,-0.008693993,-0.29259497,-0.055572435,0.018314064,-0.44907933,-0.099901125,0.03303206,-0.55489796,-0.124037266,0.046355665,-0.63818455,-0.13209774,0.03871441,-0.25015295,-0.07005021,0.032363653,-0.28713828,-0.12546502,0.0011553168,-0.20548421,-0.12565096,-0.012973785,-0.14602154,-0.10728215,0.0737381,-0.1937716,-0.08656147,0.059449196,-0.22899622,-0.12454846,0.032605946,-0.16416478,-0.11140548,0.021270692,-0.11145353,-0.089781724
-0.060553253,-0.051327527,-0.029371388,-0.08372265,-0.15756315,-0.050417606,-0.04281366,-0.23687541,-0.07339414,0.00094652176,-0.28498548,-0.09509286,-0.06870723,-0.29900527,-0.04354376,-0.094255894,-0.44341773,-0.080575205,-0.105241954,-0.53712964,-0.10093446,-0.11365086,-0.6133946,-0.11191734,-0.010235608,-0.29041916,-0.055647977,0.01594448,-0.44523588,-0.09912672,0.031261683,-0.55038947,-0.123047665,0.044592798,-0.63335204,-0.13107193,0.037546635,-0.24965078,-0.06968827,0.030625463,-0.2840603,-0.12337322,7.7843666e-05,-0.20240498,-0.1230656,-0.013884068,-0.14313412,-0.10484731,0.073057115,-0.19506216,-0.08576193,0.05665821,-0.22496814,-0.123016015,0.030688047,-0.15943444,-0.109745085,0.020154953,-0.106815755,-0.08804731
-0.061098635,-0.05102271,-0.028860083,-0.083978325,-0.16027856,-0.049094524,-0.04306513,-0.24187452,-0.07120354,0.00056380033,-0.29075056,-0.092111036,-0.07028681,-0.29933566,-0.043610446,-0.09572658,-0.4451077,-0.08043729,-0.1066331,-0.53913075,-0.10086025,-0.11464268,-0.61585367,-0.11207755,-0.011788249,-0.29210818,-0.05580099,0.014581144,-0.4477446,-0.09853705,0.029814005,-0.5540099,-0.12213954,0.043421626,-0.6389934,-0.13037811,0.035864234,-0.25174552,-0.069894046,0.02999711,-0.2866181,-0.12239791,-0.0007094741,-0.2050147,-0.12181919,-0.014262259,-0.14642596,-0.1040044,0.07087183,-0.19694054,-0.08609598,0.05485791,-0.22533911,-0.12321591,0.028823614,-0.16007864,-0.1105016,0.018786311,-0.10853815,-0.08948438
-0.05933386,-0.050616145,-0.028352318,-0.08225608,-0.16009164,-0.04727544,-0.040507197,-0.24101377,-0.06806342,0.0054420233,-0.28605443,-0.0878975,-0.06692135,-0.29725373,-0.041957665,-0.0922983,-0.44186246,-0.077957325,-0.10381377,-0.53582466,-0.097833514,-0.1129874,-0.6126786,-0.10855691,-0.008755863,-0.29108477,-0.053631444,0.016134739,-0.44618958,-0.0940595,0.031562507,-0.55205035,-0.11631263,0.045722067,-0.63762116,-0.12376783,0.038827896,-0.2516644,-0.067319274,0.031416655,-0.28321934,-0.1185749,0.00060492754,-0.2024197,-0.119110696,-0.012799919,-0.14389384,-0.10209831,0.07347494,-0.19724512,-0.08307981,0.056230545,-0.22095984,-0.1197368,0.030149043,-0.15580344,-0.10806437,0.020398617,-0.10405356,-0.08785712
-0.059001982,-0.04999286,-0.02987432,-0.083985865,-0.1589151,-0.050398342,-0.04234886,-0.23918283,-0.0728639,0.0050549507,-0.28212935,-0.09440774,-0.06784314,-0.29998875,-0.044697877,-0.092975706,-0.44449073,-0.08198652,-0.10451257,-0.5377896,-0.10305198,-0.1132316,-0.61431825,-0.11483937,-0.009098768,-0.29135633,-0.056713425,0.015758276,-0.44631666,-0.09938807,0.031811595,-0.55215925,-0.12266097,0.04629284,-0.6383569,-0.13084246,0.03897655,-0.2501629,-0.0708281,0.03383112,-0.28545606,-0.12506372,0.0029181242,-0.201132,-0.12544149,-0.011698067,-0.14040959,-0.10783087,0.073946536,-0.19399178,-0.0870681,0.05903107,-0.22295618,-0.12614533,0.03215897,-0.15617633,-0.11424877,0.020544171,-0.10245311,-0.09359496
-0.058410943,-0.05102837,-0.030005809,-0.082374096,-0.15868938,-0.050865497,-0.040753424,-0.23783588,-0.073646165,0.006321907,-0.28288835,-0.095561154,-0.065095186,-0.2983728,-0.04589053,-0.09176904,-0.44375283,-0.08437903,-0.10401693,-0.5373618,-0.10597861,-0.11320996,-0.61455476,-0.118022285,-0.006826043,-0.29043537,-0.057872023,0.017434657,-0.44683117,-0.101441525,0.03432095,-0.5517032,-0.12537262,0.049566925,-0.63703513,-0.13389815,0.0409168,-0.25011575,-0.07189936,0.035553396,-0.28426784,-0.12684777,0.0046702623,-0.20029289,-0.12774862,-0.010023534,-0.13982683,-0.11047494,0.075639606,-0.19483584,-0.08799556,0.059782565,-0.22037685,-0.1277879,0.032595396,-0.15304804,-0.11619805,0.020448267,-0.099327564,-0.09563347
-0.059063613,-0.050014913,-0.029391915,-0.08222747,-0.15665454,-0.050377134,-0.04165721,-0.23557019,-0.07356194,0.0032033324,-0.27923578,-0.09583452,-0.06671029,-0.3001219,-0.04481487,-0.09122032,-0.44405562,-0.08309825,-0.102115214,-0.53742707,-0.10468681,-0.11015883,-0.61335605,-0.116472475,-0.007917523,-0.29149055,-0.057183307,0.016907573,-0.44572178,-0.10149121,0.033480763,-0.5511287,-0.12603867,0.048178613,-0.63573897,-0.13447043,0.04074627,-0.2508158,-0.07140971,0.034053743,-0.28245455,-0.12566869,0.0031205416,-0.19798243,-0.12566799,-0.012148082,-0.1369142,-0.10753986,0.07652271,-0.19555259,-0.08775609,0.05972171,-0.22003919,-0.12546116,0.03243196,-0.15298253,-0.112359494,0.020210326,-0.09927732,-0.09067074
-0.06095004,-0.053571284,-0.030482233,-0.08199626,-0.16191304,-0.05149128,-0.041180074,-0.24260718,-0.074416876,0.001326859,-0.29198444,-0.09582816,-0.067052126,-0.30427718,-0.043033663,-0.09272605,-0.4482255,-0.08070628,-0.103539795,-0.54265976,-0.10192746,-0.111094326,-0.6191555,-0.11340582,-0.008159876,-0.29489088,-0.05460227,0.017769694,-0.44875294,-0.098848425,0.033044577,-0.5555339,-0.12413413,0.04724455,-0.6400002,-0.13299659,0.039714873,-0.25303626,-0.06828985,0.034126103,-0.2859882,-0.1222122,0.0016483068,-0.20526153,-0.12277729,-0.013899982,-0.14647317,-0.10492464,0.074643254,-0.1972264,-0.0842086,0.05941814,-0.22416496,-0.120992705,0.03266871,-0.1611979,-0.10834606,0.021462142,-0.110892296,-0.08701522
-0.060560584,-0.052972436,-0.029776126,-0.08131835,-0.1612193,-0.050145168,-0.041209936,-0.24302155,-0.07259782,-0.00019395351,-0.29371256,-0.093549065,-0.06494063,-0.30660546,-0.04111343,-0.090129435,-0.44948798,-0.07792047,-0.10160655,-0.5434731,-0.098448545,-0.10966742,-0.61972344,-0.10940769,-0.0068867803,-0.29754853,-0.052953213,0.019335687,-0.45308155,-0.096544325,0.03428012,-0.5593971,-0.12118286,0.04853636,-0.64177364,-0.12950912,0.04041785,-0.2558614,-0.06695179,0.03374988,-0.28888077,-0.121127576,0.0012468696,-0.20800376,-0.122053005,-0.014114797,-0.14775813,-0.104376875,0.074843705,-0.20044523,-0.08308831,0.059912622,-0.22808969,-0.120597236,0.033053637,-0.16277862,-0.10836894,0.022016704,-0.10955733,-0.08724835
-0.060033202,-0.05196023,-0.03029129,-0.08097172,-0.15799057,-0.05132013,-0.040628195,-0.23916906,-0.07437601,0.000859797,-0.2907648,-0.09590376,-0.06620872,-0.3014891,-0.042173848,-0.090527624,-0.44534296,-0.0791869,-0.10159391,-0.53904593,-0.099596396,-0.10980466,-0.61547214,-0.11031038,-0.008321762,-0.29256082,-0.053526673,0.018334866,-0.4475556,-0.09729118,0.033425033,-0.5542766,-0.121756375,0.04698199,-0.63733196,-0.12997453,0.03870541,-0.25157452,-0.067073315,0.033345282,-0.28523266,-0.12114272,0.0025075674,-0.20483208,-0.121746175,-0.011985064,-0.1452406,-0.10379926,0.07329631,-0.19723183,-0.082760066,0.05953777,-0.22635216,-0.11957934,0.03350824,-0.16253287,-0.10690501,0.022056341,-0.11045754,-0.08555773
-0.059076607,-0.05086112,-0.030990588,-0.07978898,-0.15859789,-0.05129257,-0.03789562,-0.23982799,-0.07303715,0.0057575703,-0.28942573,-0.09344379,-0.066845536,-0.301255,-0.04299878,-0.09113717,-0.44501275,-0.08003081,-0.10171354,-0.53956604,-0.10076775,-0.110385895,-0.6158565,-0.11194059,-0.008152187,-0.29298556,-0.0536013,0.017537773,-0.4466521,-0.09667184,0.032165647,-0.55144095,-0.12082487,0.044880748,-0.63412845,-0.12898871,0.03911096,-0.25252026,-0.066446505,0.034142315,-0.28559434,-0.11986106,0.002898693,-0.20473301,-0.120597504,-0.012257874,-0.14613193,-0.103036694,0.07348114,-0.19824708,-0.08148882,0.05873716,-0.22240335,-0.119002946,0.03178221,-0.15689015,-0.10716347,0.02003783,-0.1051417,-0.08634124
-0.059076607,-0.05086112,-0.030990588,-0.07978898,-0.15859789,-0.05129257,-0.03789562,-0.23982799,-0.07303715,0.0057575703,-0.28942573,-0.09344379,-0.066845536,-0.301255,-0.04299878,-0.09113717,-0.44501275,-0.08003081,-0.10171354,-0.53956604,-0.10076775,-0.110385895,-0.6158565,-0.11194059,-0.008152187,-0.29298556,-0.0536013,0.017537773,-0.4466521,-0.09667184,0.032165647,-0.55144095,-0.12082487,0.044880748,-0.63412845,-0.12898871,0.03911096,-0.25252026,-0.066446505,0.034142315,-0.28559434,-0.11986106,0.002898693,-0.20473301,-0.120597504,-0.012257874,-0.14613193,-0.103036694,0.07348114,-0.19824708,-0.08148882,0.05873716,-0.22240335,-0.119002946,0.03178221,-0.15689015,-0.10716347,0.02003783,-0.1051417,-0.08634124
-0.060397565,-0.054238737,-0.029915093,-0.08101511,-0.16315925,-0.05060518,-0.03980291,-0.24392617,-0.073103815,0.0046072006,-0.29146385,-0.094378516,-0.065213084,-0.3016531,-0.043090496,-0.08970556,-0.44703645,-0.08059693,-0.10151106,-0.5421724,-0.10101129,-0.11021158,-0.619604,-0.1115877,-0.0075241327,-0.29318994,-0.05447221,0.018015206,-0.44895104,-0.09679664,0.033148527,-0.55450153,-0.11954001,0.046965957,-0.63793886,-0.12673767,0.039906025,-0.25279117,-0.06808608,0.033334494,-0.28885126,-0.12206491,0.0012319088,-0.20850003,-0.12278437,-0.01381129,-0.14790595,-0.104977235,0.07422775,-0.19807631,-0.0837393,0.0579412,-0.22653615,-0.12129715,0.030158639,-0.16219443,-0.109078944,0.018671274,-0.10889804,-0.08799907
-0.06094575,-0.054255545,-0.02907859,-0.08323419,-0.16449624,-0.04865398,-0.041153908,-0.24405634,-0.070333965,0.0007663369,-0.29549146,-0.09097018,-0.06632233,-0.30648547,-0.04038874,-0.08901662,-0.45011443,-0.07647723,-0.10058895,-0.5418466,-0.09690002,-0.10959375,-0.6183202,-0.10792084,-0.00859952,-0.29770035,-0.051883407,0.017112017,-0.45383513,-0.09313228,0.03291005,-0.55907714,-0.11651671,0.047573328,-0.64397484,-0.12491907,0.03880191,-0.25669777,-0.0656936,0.031547904,-0.2931552,-0.11854975,0.0003271699,-0.21060014,-0.12013361,-0.013498843,-0.15070921,-0.10368747,0.07379341,-0.20195514,-0.081507176,0.056877434,-0.23186278,-0.11832576,0.029439867,-0.16644192,-0.10660162,0.01887989,-0.11426395,-0.08658183
-0.059942007,-0.056135178,-0.029136296,-0.0818941,-0.16612405,-0.04952859,-0.0384925,-0.24481118,-0.07214334,0.007674277,-0.29070318,-0.093649775,-0.065158725,-0.30557793,-0.041879304,-0.0895488,-0.4496078,-0.0789542,-0.10126799,-0.54322946,-0.09956409,-0.10975379,-0.6195423,-0.110583544,-0.007054329,-0.29605252,-0.053844795,0.018836677,-0.45216638,-0.09637291,0.033480346,-0.55782735,-0.1194917,0.046871662,-0.6406232,-0.12713963,0.040527105,-0.25429863,-0.06808726,0.035090625,-0.2911638,-0.122368895,0.0023961663,-0.21027976,-0.12370253,-0.0132469535,-0.14963925,-0.106400765,0.074974954,-0.19895262,-0.084297776,0.060505748,-0.2303136,-0.12205858,0.032538533,-0.16658467,-0.1102774,0.020737946,-0.11402297,-0.089739345
-0.05955875,-0.05399871,-0.029564748,-0.0813438,-0.16391647,-0.049499314,-0.03825295,-0.24319798,-0.07138712,0.008892953,-0.28757638,-0.09217823,-0.06605685,-0.3002774,-0.042086333,-0.09048849,-0.44529092,-0.0790323,-0.102158755,-0.5389575,-0.099370405,-0.1104742,-0.6153195,-0.110163875,-0.008351028,-0.2914772,-0.053464793,0.017996788,-0.44732344,-0.09635873,0.03295684,-0.5532837,-0.1197864,0.047166348,-0.6363748,-0.12743549,0.038817167,-0.2509395,-0.06703446,0.033596575,-0.28550452,-0.12126545,0.0017102361,-0.20445275,-0.12239567,-0.012527108,-0.14475536,-0.104778655,0.0730319,-0.19725192,-0.08263433,0.057706833,-0.2248419,-0.120636806,0.030435681,-0.15999925,-0.1089904,0.019849062,-0.10789335,-0.08833188
-0.059476674,-0.052265823,-0.031041449,-0.08129507,-0.1604374,-0.05190496,-0.038852274,-0.23872066,-0.07432705,0.00757128,-0.28384763,-0.09540203,-0.0654552,-0.30099267,-0.044465445,-0.09063646,-0.4457194,-0.08175366,-0.10239115,-0.5401215,-0.10254305,-0.11084437,-0.6170319,-0.11414566,-0.0072535872,-0.2923571,-0.055606652,0.017937183,-0.44708592,-0.09973978,0.03255999,-0.5528258,-0.12437964,0.046836376,-0.635847,-0.13312237,0.03976965,-0.2507624,-0.06886798,0.033970833,-0.2861114,-0.12361672,0.001570344,-0.20540649,-0.124843635,-0.013059616,-0.1458773,-0.10769392,0.07378745,-0.19604647,-0.08431332,0.05844897,-0.222099,-0.12380807,0.031494558,-0.15699488,-0.11319426,0.021419883,-0.10534012,-0.09327182
-0.06043279,-0.054077923,-0.03350611,-0.08146012,-0.16150653,-0.056523845,-0.03764254,-0.23999017,-0.081140436,0.008518815,-0.2879665,-0.10415923,-0.06584549,-0.30164725,-0.046649132,-0.091015995,-0.44608572,-0.08652552,-0.10333532,-0.53884083,-0.109290466,-0.11236814,-0.61540717,-0.12198598,-0.0072166324,-0.29233092,-0.05773444,0.018350363,-0.44721,-0.10469029,0.034841,-0.55350196,-0.13100874,0.049987495,-0.6388744,-0.14069152,0.040571272,-0.25035113,-0.071275145,0.036768973,-0.28302848,-0.12886298,0.0053359866,-0.20014566,-0.1302625,-0.009862602,-0.1403405,-0.1126221,0.07502538,-0.19469047,-0.08725574,0.062303662,-0.22155464,-0.12772803,0.035035014,-0.15648729,-0.116099805,0.022644162,-0.104407966,-0.09522985
-0.058546484,-0.052199125,-0.030181026,-0.07940614,-0.1601119,-0.05060543,-0.037062228,-0.23932725,-0.072890244,0.0072577,-0.28628653,-0.09392204,-0.06572181,-0.30039424,-0.043142192,-0.091461,-0.44439894,-0.080557056,-0.103495,-0.5386557,-0.10117692,-0.112300515,-0.614869,-0.112307005,-0.006934166,-0.29243726,-0.05469397,0.018530667,-0.4474779,-0.0985238,0.03281194,-0.5535465,-0.12305845,0.046079338,-0.6360905,-0.13141337,0.040982604,-0.25165397,-0.06834127,0.03503114,-0.2846831,-0.12268436,0.0029113293,-0.20294571,-0.123485655,-0.0122823715,-0.14244479,-0.105816774,0.07572615,-0.1970576,-0.084148,0.059859753,-0.22011566,-0.122563414,0.032814503,-0.15462452,-0.110833004,0.02184099,-0.10191566,-0.08995219
-0.0592615,-0.052389562,-0.031442497,-0.079879165,-0.15833247,-0.052277055,-0.038124323,-0.23782253,-0.074390166,0.0050893426,-0.28630382,-0.09511855,-0.066036224,-0.30032074,-0.044429615,-0.09203932,-0.44502333,-0.08186178,-0.10439265,-0.5398243,-0.102330856,-0.11288118,-0.6165981,-0.11305141,-0.0072351694,-0.29230398,-0.054729465,0.017510414,-0.44743016,-0.09803505,0.032347858,-0.5526178,-0.12183191,0.04683596,-0.63418806,-0.12954111,0.0408898,-0.25200087,-0.06717268,0.034576535,-0.2830972,-0.1212779,0.0017392635,-0.20392424,-0.122578874,-0.0136371255,-0.14459586,-0.1052559,0.07557225,-0.1983,-0.08177738,0.05854273,-0.22011322,-0.1196446,0.03130269,-0.15514034,-0.10796824,0.020722806,-0.10295528,-0.08716176
-0.061207235,-0.05383587,-0.031238157,-0.08226138,-0.16037059,-0.052827306,-0.04063636,-0.23962682,-0.07625699,0.0031356215,-0.28798592,-0.09804748,-0.06655425,-0.30199677,-0.04352063,-0.09187499,-0.44556513,-0.08132954,-0.104561806,-0.53964365,-0.102041505,-0.113229245,-0.6167685,-0.11311413,-0.008324683,-0.29401845,-0.054932993,0.016763926,-0.44902873,-0.09952095,0.031299353,-0.5559772,-0.12378793,0.04552138,-0.6390736,-0.13188079,0.039423585,-0.25287974,-0.06870088,0.033367336,-0.2878728,-0.12441135,0.002122879,-0.20679921,-0.12529157,-0.011747956,-0.14592224,-0.10732542,0.07440722,-0.19796771,-0.08468884,0.059820473,-0.22709984,-0.123524755,0.032852173,-0.16239744,-0.11178563,0.02212751,-0.109454036,-0.09091102
-0.0594061,-0.0532735,-0.028767077,-0.08234528,-0.16103745,-0.048863024,-0.04124725,-0.2388159,-0.071338505,0.0023787022,-0.2852891,-0.092655696,-0.06676805,-0.30550218,-0.040208437,-0.09259656,-0.44799167,-0.07672571,-0.10465902,-0.5403591,-0.09738091,-0.113438934,-0.61597466,-0.108645,-0.007856071,-0.29653376,-0.052502498,0.017078638,-0.4506253,-0.09537107,0.032128453,-0.5564951,-0.11972804,0.046051502,-0.6397889,-0.12821203,0.04055661,-0.25546116,-0.06700398,0.032110333,-0.28793085,-0.12098877,0.0010082126,-0.20521003,-0.12232394,-0.013602018,-0.1443798,-0.10519566,0.07653904,-0.20149231,-0.08355964,0.058523297,-0.2274499,-0.12139876,0.031157315,-0.15998489,-0.10951369,0.020032704,-0.10545915,-0.08885016
-0.058713317,-0.05214572,-0.030598596,-0.08190799,-0.16027987,-0.05151421,-0.039416492,-0.24042499,-0.07424587,0.0069007874,-0.28917593,-0.09570933,-0.066069186,-0.3016795,-0.043932963,-0.092105776,-0.4464208,-0.081484176,-0.104736656,-0.53891766,-0.10225006,-0.11415392,-0.6150526,-0.1135262,-0.0077506304,-0.29315132,-0.0549887,0.017287374,-0.44887686,-0.09917879,0.033369184,-0.5549135,-0.123977095,0.04845792,-0.63967294,-0.13278471,0.03969705,-0.25298846,-0.06816317,0.034462273,-0.28417438,-0.122870825,0.002338469,-0.2016598,-0.12461814,-0.0129778385,-0.1419217,-0.1077829,0.07459307,-0.19970804,-0.08350596,0.058835745,-0.22138613,-0.1220678,0.031638324,-0.15475237,-0.11107769,0.020226598,-0.10232645,-0.09101738
-0.059075058,-0.051789403,-0.03232339,-0.080708385,-0.15743482,-0.054907445,-0.03921354,-0.23688728,-0.078887224,0.005343318,-0.28586733,-0.10131476,-0.06629461,-0.3004833,-0.046692207,-0.09239736,-0.44429162,-0.085778534,-0.10422224,-0.5376841,-0.10759963,-0.11323658,-0.6137184,-0.11945827,-0.0073012114,-0.29203522,-0.057584114,0.017762184,-0.44675994,-0.103164986,0.0329144,-0.5521076,-0.1286452,0.04675418,-0.63536775,-0.1375061,0.040463567,-0.25117385,-0.07061344,0.035436273,-0.2814225,-0.12561233,0.0030522346,-0.20061922,-0.12645827,-0.013041139,-0.14221853,-0.10880934,0.075068414,-0.19657212,-0.086006805,0.060668945,-0.21767342,-0.1242658,0.033125997,-0.15270448,-0.11236221,0.020637512,-0.10160804,-0.09139574
-0.05996293,-0.05180502,-0.03340574,-0.080123186,-0.1572017,-0.056521703,-0.037679076,-0.23827654,-0.08079812,0.0064148903,-0.28999162,-0.10320673,-0.0665102,-0.29935145,-0.047185555,-0.092996,-0.4425726,-0.08691209,-0.10477644,-0.53614116,-0.109220035,-0.1134823,-0.61194813,-0.12135462,-0.0076453686,-0.29082435,-0.057917755,0.016723096,-0.44520825,-0.1050706,0.032132268,-0.5510441,-0.13153508,0.046679556,-0.6345074,-0.14082387,0.04000622,-0.2492764,-0.07080946,0.0346781,-0.27907157,-0.12696813,0.0028440952,-0.19746304,-0.12686853,-0.012259722,-0.13932753,-0.10820439,0.07444447,-0.1939596,-0.08617901,0.059839368,-0.21738714,-0.12501064,0.0334363,-0.15238923,-0.112149745,0.021887183,-0.10169405,-0.09020913
-0.05976194,-0.053396523,-0.030243278,-0.08222389,-0.16197562,-0.050629776,-0.040056825,-0.24138314,-0.07271317,0.004436612,-0.29059178,-0.093586616,-0.06650025,-0.30343717,-0.042701084,-0.091296524,-0.44576308,-0.08019206,-0.103844345,-0.53893185,-0.100812495,-0.11294997,-0.6148819,-0.11163379,-0.007589221,-0.295564,-0.053729247,0.017671704,-0.45023745,-0.096704245,0.032526135,-0.5554591,-0.1205787,0.04640019,-0.6378555,-0.12855853,0.041092217,-0.25518972,-0.06699307,0.034659147,-0.28464454,-0.12118256,0.0013637543,-0.20441407,-0.12352184,-0.015267074,-0.14465225,-0.1070784,0.07633954,-0.2011807,-0.082326666,0.05965191,-0.22070396,-0.12043905,0.031263232,-0.15503329,-0.10964219,0.018960714,-0.10260868,-0.089704975
-0.060476065,-0.054168582,-0.031872004,-0.081826776,-0.16014844,-0.054296855,-0.04061216,-0.2380706,-0.078343466,0.002690971,-0.28830165,-0.100799635,-0.0656631,-0.3031181,-0.04523145,-0.09181598,-0.44641885,-0.08374367,-0.104398906,-0.53941333,-0.105242565,-0.112979025,-0.61544955,-0.116975576,-0.006816268,-0.29402053,-0.05629179,0.018648505,-0.4485542,-0.101915345,0.03325057,-0.5546923,-0.12790479,0.04757279,-0.6381643,-0.13732672,0.04106486,-0.25251728,-0.06948534,0.036074042,-0.28565466,-0.124682456,0.0021348,-0.20560396,-0.12625703,-0.014806986,-0.14679599,-0.10930156,0.076039195,-0.19793618,-0.08495676,0.060939252,-0.2219336,-0.123244256,0.032258034,-0.15750885,-0.11177713,0.019126356,-0.10642362,-0.091353506
-0.057914376,-0.051411033,-0.030825255,-0.07909721,-0.1606164,-0.051812254,-0.036484063,-0.24164963,-0.07437539,0.0086606145,-0.2900672,-0.09572303,-0.064858794,-0.3003134,-0.045501497,-0.09110579,-0.4430939,-0.08369128,-0.10348356,-0.53682715,-0.10498865,-0.113030344,-0.6128452,-0.1167082,-0.0063059926,-0.2903223,-0.057034288,0.0180524,-0.44530192,-0.101588584,0.03287506,-0.55128294,-0.12644406,0.04658079,-0.63533676,-0.13514587,0.041548073,-0.24804944,-0.0705106,0.036412656,-0.28289723,-0.1260404,0.0034114122,-0.19992852,-0.12621346,-0.013243139,-0.13940197,-0.10797318,0.07609266,-0.19194728,-0.08610426,0.060578525,-0.21849108,-0.12604313,0.032038808,-0.15138626,-0.11378448,0.018786073,-0.09732652,-0.0922832
-0.060303092,-0.05203718,-0.029927393,-0.08159852,-0.16036469,-0.05041353,-0.040245235,-0.24176997,-0.07276296,0.0034944415,-0.29039443,-0.09377662,-0.066830516,-0.29914218,-0.042606074,-0.092612684,-0.44320446,-0.07952645,-0.10440129,-0.5377074,-0.09982101,-0.113396496,-0.6147897,-0.1107346,-0.009144008,-0.29008126,-0.054424472,0.016618192,-0.44663173,-0.097182915,0.03163135,-0.55289567,-0.12041937,0.044928133,-0.6369645,-0.12818657,0.037882626,-0.24850386,-0.068441816,0.03335023,-0.28633922,-0.12268026,0.0016519427,-0.20494783,-0.12280893,-0.014013767,-0.14503932,-0.10479178,0.07250446,-0.19288802,-0.084526554,0.05958408,-0.22455186,-0.12286069,0.031528473,-0.15884066,-0.110499434,0.017918646,-0.105701506,-0.08941384
-0.06006193,-0.05247903,-0.029369762,-0.08168933,-0.16004002,-0.050243057,-0.0394333,-0.23931217,-0.07325988,0.0044543147,-0.28772944,-0.094923645,-0.06695616,-0.30215955,-0.042967018,-0.09261513,-0.4456107,-0.08074073,-0.10436475,-0.53910017,-0.10184577,-0.11276382,-0.6155169,-0.113391995,-0.0080235,-0.29429722,-0.055107757,0.017627537,-0.44868702,-0.09948063,0.032850266,-0.5551109,-0.12427118,0.04695207,-0.63894725,-0.13298336,0.039757192,-0.25390738,-0.06928576,0.034409225,-0.28412825,-0.12336669,0.0022138953,-0.20155245,-0.12355355,-0.0136399865,-0.14116204,-0.105752155,0.07467532,-0.19988322,-0.08566355,0.059690654,-0.22180027,-0.12347192,0.031554878,-0.1548984,-0.11129319,0.018780172,-0.10174984,-0.09034474
-0.059503853,-0.05572617,-0.029395524,-0.079471946,-0.16368914,-0.0499439,-0.037819266,-0.24264312,-0.07271762,0.0039934516,-0.29351187,-0.09396463,-0.06308776,-0.3074268,-0.039531335,-0.08671492,-0.44924074,-0.07574866,-0.09846556,-0.5402148,-0.096548215,-0.106880546,-0.6155583,-0.108156554,-0.0052673817,-0.29750812,-0.05159549,0.020331025,-0.45074087,-0.09369352,0.03649819,-0.55585814,-0.11812418,0.051846564,-0.6401172,-0.1273168,0.041948557,-0.25497884,-0.06601543,0.035256088,-0.28611004,-0.11868924,0.0009459853,-0.2059344,-0.12040841,-0.016340196,-0.14774668,-0.104500316,0.07613683,-0.19919759,-0.08268142,0.059672415,-0.22102666,-0.11957723,0.029824257,-0.15691721,-0.108430706,0.016032398,-0.10621089,-0.088998854
-0.05818194,-0.053851962,-0.031148717,-0.07718223,-0.16099167,-0.0525454,-0.03261441,-0.23806494,-0.0754805,0.014009595,-0.2832482,-0.09698834,-0.059876144,-0.3022381,-0.04447784,-0.08590141,-0.44831604,-0.08245872,-0.09703058,-0.54356474,-0.103308015,-0.10468966,-0.6206728,-0.11427778,-0.0007635355,-0.293804,-0.055446766,0.026428819,-0.44584388,-0.09782934,0.042474687,-0.5495113,-0.12017908,0.056302607,-0.6309427,-0.12710758,0.046388328,-0.25275993,-0.06899133,0.04064381,-0.279952,-0.12234571,0.006018579,-0.20136547,-0.12340079,-0.011878848,-0.14360917,-0.10625925,0.07940936,-0.1968363,-0.08478949,0.0639683,-0.21587527,-0.1220113,0.032693267,-0.1527142,-0.11066906,0.017499924,-0.10225338,-0.09051428
-0.05767131,-0.058051467,-0.030679239,-0.07662892,-0.16610813,-0.052426856,-0.03064692,-0.24192113,-0.075963974,0.016563773,-0.2869919,-0.09831457,-0.054944992,-0.3013624,-0.04392142,-0.07772601,-0.44501725,-0.08088129,-0.08792806,-0.5381456,-0.101598956,-0.095730186,-0.6144311,-0.1124807,0.0017163754,-0.28855205,-0.05529557,0.030219197,-0.44097742,-0.096204475,0.04778683,-0.5446826,-0.11784714,0.06256747,-0.6279106,-0.12491813,0.04725665,-0.24494457,-0.06927746,0.042055607,-0.28205597,-0.12222929,0.008761704,-0.20571047,-0.12325971,-0.0074769855,-0.14953518,-0.106323525,0.08033651,-0.18738383,-0.08530649,0.068006754,-0.22422737,-0.12111158,0.03804326,-0.16393334,-0.10828764,0.02396965,-0.11339599,-0.08768598
-0.05767131,-0.058051467,-0.030679239,-0.07662892,-0.16610813,-0.052426856,-0.03064692,-0.24192113,-0.075963974,0.016563773,-0.2869919,-0.09831457,-0.054944992,-0.3013624,-0.04392142,-0.07772601,-0.44501725,-0.08088129,-0.08792806,-0.5381456,-0.101598956,-0.095730186,-0.6144311,-0.1124807,0.0017163754,-0.28855205,-0.05529557,0.030219197,-0.44097742,-0.096204475,0.04778683,-0.5446826,-0.11784714,0.06256747,-0.6279106,-0.12491813,0.04725665,-0.24494457,-0.06927746,0.042055607,-0.28205597,-0.12222929,0.008761704,-0.20571047,-0.12325971,-0.0074769855,-0.14953518,-0.106323525,0.08033651,-0.18738383,-0.08530649,0.068006754,-0.22422737,-0.12111158,0.03804326,-0.16393334,-0.10828764,0.02396965,-0.11339599,-0.08768598
-0.058255196,-0.058457553,-0.030373292,-0.07664728,-0.16801614,-0.05105608,-0.030927777,-0.24358755,-0.0736519,0.016358078,-0.28553498,-0.09494621,-0.056157768,-0.30139673,-0.041564997,-0.07730162,-0.44411892,-0.078647815,-0.08712965,-0.5377419,-0.09922997,-0.09455085,-0.6137254,-0.10997624,0.0006079078,-0.290622,-0.053001385,0.028689861,-0.44327313,-0.09485005,0.04513997,-0.54641724,-0.117291376,0.05954826,-0.6284716,-0.12445264,0.046741903,-0.24796039,-0.06702654,0.043461144,-0.28278983,-0.120115876,0.010442853,-0.2053051,-0.121122345,-0.0058840513,-0.1491167,-0.103938244,0.07965273,-0.190561,-0.0832225,0.06870723,-0.22130185,-0.1189428,0.0390957,-0.16107619,-0.106467396,0.024485528,-0.11296928,-0.08594327
-0.05615878,-0.056693435,-0.030097146,-0.073994875,-0.16793412,-0.05042595,-0.027698994,-0.2441054,-0.07253215,0.019534826,-0.289124,-0.093482435,-0.05510986,-0.3007592,-0.04195984,-0.07767367,-0.44564432,-0.078643575,-0.08771169,-0.53887933,-0.0986728,-0.0954656,-0.6151725,-0.10889147,0.002082646,-0.28975993,-0.05306864,0.030292332,-0.44254357,-0.093699306,0.047605276,-0.5448177,-0.11498014,0.0619604,-0.6268537,-0.12138861,0.04833752,-0.24800068,-0.066798344,0.043856144,-0.2815299,-0.119633704,0.010117471,-0.20268267,-0.12074778,-0.0071173906,-0.14557153,-0.10364328,0.0815267,-0.19189781,-0.08257037,0.06880593,-0.218714,-0.11881622,0.038420677,-0.15575409,-0.10667147,0.02401948,-0.10526198,-0.086232446
-0.056859553,-0.05810696,-0.028856628,-0.07463986,-0.16777796,-0.048208732,-0.02755928,-0.2446121,-0.06968583,0.019133568,-0.28862065,-0.09015933,-0.057069898,-0.29887497,-0.040044777,-0.07727021,-0.44052643,-0.07639813,-0.086722195,-0.53348225,-0.09680692,-0.094403505,-0.6092906,-0.107433215,-0.00094240904,-0.28842938,-0.05189058,0.027607262,-0.44161856,-0.092166245,0.04475361,-0.54538935,-0.113924615,0.059503615,-0.62829447,-0.120834224,0.045084357,-0.24603212,-0.06622896,0.041391373,-0.28098524,-0.118264295,0.009219766,-0.2033366,-0.11929424,-0.00640893,-0.14703882,-0.10234715,0.078148484,-0.1889804,-0.082598545,0.066563606,-0.22017515,-0.11774857,0.037171006,-0.15902662,-0.10488331,0.023443341,-0.109639645,-0.08419432
-0.057477772,-0.055986226,-0.030347632,-0.075357795,-0.16635466,-0.05080684,-0.02993977,-0.24477714,-0.07311439,0.015541434,-0.29058743,-0.094328076,-0.05808401,-0.30048847,-0.04214059,-0.078537464,-0.44236118,-0.07900163,-0.08848786,-0.53490746,-0.09970289,-0.09601694,-0.6105805,-0.11062611,-0.001727283,-0.2891963,-0.053489767,0.026637733,-0.44254372,-0.09508526,0.04321432,-0.54649675,-0.11739782,0.05774176,-0.6296611,-0.12463983,0.044451356,-0.24677032,-0.06733833,0.040186048,-0.2840488,-0.120681874,0.0075163245,-0.20449048,-0.121423334,-0.008377135,-0.14669073,-0.10413459,0.077742755,-0.19030541,-0.083312005,0.06531751,-0.22265977,-0.11996213,0.03563118,-0.15954459,-0.10737162,0.021850228,-0.10883653,-0.08666522
-0.056995153,-0.056754112,-0.029006133,-0.075826764,-0.16628063,-0.048690837,-0.030525804,-0.24464178,-0.070566736,0.014804661,-0.29026306,-0.09151445,-0.059053004,-0.30430365,-0.03984509,-0.07934487,-0.44442046,-0.075562686,-0.08904469,-0.53669465,-0.09634123,-0.096871465,-0.6123374,-0.10783549,-0.0019282699,-0.29293412,-0.052043375,0.026473165,-0.4451564,-0.09231501,0.04371029,-0.55001837,-0.115035854,0.058519483,-0.6347579,-0.123086736,0.04448569,-0.24891621,-0.06661594,0.040224135,-0.2879539,-0.11868892,0.007832766,-0.2080248,-0.11983494,-0.008393943,-0.15013772,-0.10332853,0.07772088,-0.19037879,-0.08327018,0.06492758,-0.22281319,-0.119974956,0.035502553,-0.15965033,-0.10788825,0.021251857,-0.108657,-0.08767217
-0.057288826,-0.057181895,-0.029306412,-0.07484794,-0.16640162,-0.04948129,-0.028733075,-0.24533021,-0.07181805,0.016126215,-0.2936073,-0.09309179,-0.058223665,-0.30659902,-0.03965029,-0.077888906,-0.44703317,-0.075391665,-0.08768636,-0.5380372,-0.09638697,-0.09508142,-0.6132219,-0.10817521,-0.00094658136,-0.29453212,-0.05181646,0.026789665,-0.4475828,-0.09272844,0.044160545,-0.5511837,-0.11619103,0.059840143,-0.6345952,-0.124918744,0.045736134,-0.24990135,-0.066361904,0.040301323,-0.28797966,-0.11883488,0.0064120293,-0.20716238,-0.11990342,-0.010177672,-0.14948827,-0.10349907,0.07924366,-0.19161516,-0.08300021,0.06526482,-0.22605407,-0.11982431,0.03520477,-0.16173285,-0.107417986,0.021243572,-0.1104579,-0.087120295
-0.056217074,-0.056703806,-0.02886574,-0.075186014,-0.1654284,-0.048673876,-0.031121612,-0.24375504,-0.070672825,0.01312381,-0.29188305,-0.09164608,-0.05826801,-0.30468088,-0.039432418,-0.07908666,-0.44529128,-0.0746866,-0.088970125,-0.5368321,-0.09446674,-0.096119046,-0.61233,-0.1050615,-0.0011079907,-0.29364324,-0.051268436,0.026812494,-0.44623268,-0.090807565,0.04376191,-0.5489671,-0.11250595,0.058848023,-0.630253,-0.11987988,0.045845807,-0.25042868,-0.065584764,0.039914668,-0.2871719,-0.11758394,0.0058609843,-0.2072708,-0.11913276,-0.010687709,-0.14896345,-0.10302567,0.07972753,-0.19349843,-0.08188033,0.06469172,-0.22305012,-0.11837068,0.033949614,-0.15882552,-0.10691981,0.020286024,-0.10684532,-0.08738667
-0.057469368,-0.054026484,-0.030122094,-0.0781461,-0.16181475,-0.050745897,-0.034901977,-0.24094081,-0.073246635,0.009968936,-0.2894888,-0.09458512,-0.06174016,-0.30157566,-0.041930288,-0.08248824,-0.4438656,-0.07797926,-0.09144443,-0.5356604,-0.097936876,-0.09784675,-0.61091447,-0.108409606,-0.00479424,-0.29103565,-0.05293745,0.024089217,-0.44386703,-0.093439564,0.04140055,-0.5464027,-0.114945844,0.056147993,-0.6269206,-0.12188777,0.041841924,-0.24946815,-0.06649885,0.036711276,-0.28497934,-0.11905041,0.0040358305,-0.20628548,-0.120609984,-0.012037158,-0.147982,-0.10426463,0.07574433,-0.19455028,-0.08212048,0.061354756,-0.22259384,-0.11852975,0.03189844,-0.15984648,-0.10725021,0.018587828,-0.10849613,-0.08771485
-0.05642253,-0.056515515,-0.029238362,-0.07683569,-0.16446829,-0.049611386,-0.032734573,-0.239191,-0.07218187,0.012971401,-0.2809903,-0.093977235,-0.057866275,-0.30594456,-0.041163877,-0.07859254,-0.44490558,-0.07718186,-0.088754535,-0.5364915,-0.098243535,-0.096621454,-0.61146474,-0.10991958,-0.0009457469,-0.29301232,-0.053374555,0.026925683,-0.44484717,-0.09403678,0.04362291,-0.5484103,-0.116938405,0.05814755,-0.63167536,-0.12508106,0.045591474,-0.24860346,-0.067913085,0.039978385,-0.28735995,-0.12085079,0.007870257,-0.20706558,-0.12264204,-0.0077413917,-0.14801651,-0.10639585,0.07908088,-0.19076169,-0.08442652,0.06475866,-0.22433138,-0.121359184,0.03630382,-0.16055024,-0.109259754,0.024233162,-0.10821712,-0.089061506
-0.05642253,-0.056515515,-0.029238362,-0.07683569,-0.16446829,-0.049611386,-0.032734573,-0.239191,-0.07218187,0.012971401,-0.2809903,-0.093977235,-0.057866275,-0.30594456,-0.041163877,-0.07859254,-0.44490558,-0.07718186,-0.088754535,-0.5364915,-0.098243535,-0.096621454,-0.61146474,-0.10991958,-0.0009457469,-0.29301232,-0.053374555,0.026925683,-0.44484717,-0.09403678,0.04362291,-0.5484103,-0.116938405,0.05814755,-0.63167536,-0.12508106,0.045591474,-0.24860346,-0.067913085,0.039978385,-0.28735995,-0.12085079,0.007870257,-0.20706558,-0.12264204,-0.0077413917,-0.14801651,-0.10639585,0.07908088,-0.19076169,-0.08442652,0.06475866,-0.22433138,-0.121359184,0.03630382,-0.16055024,-0.109259754,0.024233162,-0.10821712,-0.089061506
-0.05787486,-0.053744316,-0.029634453,-0.07895172,-0.16090238,-0.04995,-0.03550917,-0.23753393,-0.071996905,0.011702955,-0.27940488,-0.093040854,-0.06302023,-0.29789352,-0.042858865,-0.08314437,-0.43954614,-0.07910892,-0.09205508,-0.53229797,-0.09943665,-0.099053204,-0.60729384,-0.11039729,-0.005265534,-0.28805065,-0.054248348,0.023230195,-0.4395707,-0.095024504,0.039777577,-0.54266924,-0.117210336,0.053794503,-0.62403,-0.124645576,0.041700006,-0.24633008,-0.06785617,0.0363068,-0.28164834,-0.11991102,0.005206585,-0.20344138,-0.12118343,-0.009757102,-0.14512575,-0.10477764,0.075350165,-0.1905461,-0.0835294,0.06060946,-0.21678424,-0.12020908,0.03311211,-0.15421605,-0.10869966,0.02149105,-0.103164375,-0.088809334
-0.057842135,-0.052954674,-0.030815307,-0.078757524,-0.16226912,-0.051308457,-0.035063922,-0.24176204,-0.073403105,0.01265347,-0.28580254,-0.09433108,-0.06109488,-0.30015677,-0.042517137,-0.08250874,-0.44132292,-0.078963906,-0.092634976,-0.5337554,-0.09974189,-0.100464314,-0.60883254,-0.111344784,-0.0036987066,-0.2900117,-0.05382163,0.023740113,-0.4417203,-0.09543723,0.039619803,-0.54504347,-0.11827706,0.053425133,-0.62732196,-0.1263023,0.042603612,-0.24710041,-0.0675332,0.038674533,-0.28554136,-0.12074755,0.0063772798,-0.20519435,-0.12150771,-0.00963515,-0.14634365,-0.104719885,0.07544446,-0.18974924,-0.08347124,0.06255621,-0.2185955,-0.121930994,0.03387952,-0.15446645,-0.11060963,0.020671666,-0.1029588,-0.09070901
-0.05737722,-0.053645015,-0.030424962,-0.07699907,-0.16304135,-0.051059045,-0.03186512,-0.24148917,-0.07333538,0.016056538,-0.2859478,-0.094546504,-0.060254693,-0.29911488,-0.043333754,-0.0815739,-0.44061023,-0.079857446,-0.09138921,-0.5330496,-0.10049598,-0.09919596,-0.6081375,-0.1119652,-0.0023019314,-0.28835547,-0.054922756,0.025466442,-0.4400108,-0.09651839,0.04149437,-0.54270923,-0.11904762,0.055230975,-0.62484765,-0.12685385,0.044353426,-0.2451899,-0.0688431,0.039304435,-0.28323972,-0.12203682,0.0064253807,-0.20204568,-0.12224928,-0.009793758,-0.14356834,-0.105078764,0.07762796,-0.18786764,-0.084902786,0.06418371,-0.21921849,-0.122982584,0.034896374,-0.1545034,-0.11087206,0.02149731,-0.10283744,-0.09048526
-0.057044327,-0.055219114,-0.030635962,-0.076319456,-0.16391802,-0.05232739,-0.032039225,-0.24239224,-0.07600004,0.014351428,-0.28927952,-0.09856443,-0.058663547,-0.30200827,-0.042825155,-0.08043599,-0.44311896,-0.08034879,-0.09112954,-0.5350148,-0.10157692,-0.099063516,-0.610051,-0.113129124,-0.0008434653,-0.29119295,-0.054487117,0.026766479,-0.44365853,-0.0973838,0.04246074,-0.54819536,-0.12110888,0.05639547,-0.6313096,-0.1293272,0.045977116,-0.24833429,-0.0685174,0.03927821,-0.28531677,-0.12305896,0.0054635406,-0.2025029,-0.124092594,-0.011248171,-0.1418978,-0.10687237,0.079637885,-0.19173926,-0.084678866,0.06390226,-0.22031999,-0.12330964,0.033974826,-0.15441662,-0.11147746,0.020485401,-0.101311624,-0.09085505
-0.057044327,-0.055219114,-0.030635962,-0.076319456,-0.16391802,-0.05232739,-0.032039225,-0.24239224,-0.07600004,0.014351428,-0.28927952,-0.09856443,-0.058663547,-0.30200827,-0.042825155,-0.08043599,-0.44311896,-0.08034879,-0.09112954,-0.5350148,-0.10157692,-0.099063516,-0.610051,-0.113129124,-0.0008434653,-0.29119295,-0.054487117,0.026766479,-0.44365853,-0.0973838,0.04246074,-0.54819536,-0.12110888,0.05639547,-0.6313096,-0.1293272,0.045977116,-0.24833429,-0.0685174,0.03927821,-0.28531677,-0.12305896,0.0054635406,-0.2025029,-0.124092594,-0.011248171,-0.1418978,-0.10687237,0.079637885,-0.19173926,-0.084678866,0.06390226,-0.22031999,-0.12330964,0.033974826,-0.15441662,-0.11147746,0.020485401,-0.101311624,-0.09085505
-0.058944464,-0.053754866,-0.031991318,-0.08010757,-0.16293275,-0.053542424,-0.035899162,-0.239357,-0.07655304,0.012313902,-0.281812,-0.09837004,-0.061163723,-0.29946363,-0.044923645,-0.08240175,-0.44122505,-0.08283391,-0.09296435,-0.534571,-0.10449858,-0.1005232,-0.6103546,-0.11653272,-0.003504157,-0.28924006,-0.055803046,0.023135424,-0.44072783,-0.0989442,0.03842801,-0.544796,-0.12267561,0.05240369,-0.6272065,-0.13114347,0.042968094,-0.2470445,-0.06917529,0.038981616,-0.28444582,-0.12371049,0.0053830743,-0.20595509,-0.12580219,-0.011624575,-0.14704752,-0.10962917,0.07591516,-0.19104218,-0.08482799,0.06285137,-0.21868336,-0.12435497,0.03385359,-0.15545827,-0.11429773,0.020553231,-0.10390389,-0.09507575
-0.05742669,-0.05580139,-0.029751152,-0.07667309,-0.16309929,-0.051104072,-0.033623874,-0.2404607,-0.07480419,0.0106294155,-0.2862985,-0.09736516,-0.057861805,-0.3013535,-0.041281678,-0.07922822,-0.4405064,-0.07893468,-0.09073016,-0.53149825,-0.10105116,-0.09992635,-0.6061553,-0.1134385,-0.0011759996,-0.28929365,-0.054146398,0.025323689,-0.4408483,-0.097996086,0.04150057,-0.54524946,-0.123294845,0.055984974,-0.62960976,-0.13265304,0.045081496,-0.24501204,-0.069297954,0.039710104,-0.28128493,-0.12455367,0.00779891,-0.19960433,-0.12576045,-0.007953107,-0.14122248,-0.108471416,0.078318655,-0.18662995,-0.086526774,0.06510717,-0.22148019,-0.12512432,0.0370422,-0.15755248,-0.11231685,0.023345172,-0.10553378,-0.09098563
-0.05645162,-0.05541861,-0.028746966,-0.07635373,-0.1650902,-0.048853453,-0.032197356,-0.24359655,-0.0711894,0.0132728815,-0.28709424,-0.09270651,-0.05777657,-0.30194122,-0.04184445,-0.07982844,-0.4417778,-0.07942756,-0.09110156,-0.53353405,-0.10171015,-0.10013676,-0.60814625,-0.11438335,-0.0008497238,-0.28990883,-0.05494525,0.024962664,-0.44275078,-0.09797246,0.041193902,-0.5477328,-0.12288852,0.055836022,-0.6329679,-0.1322672,0.04535556,-0.24529648,-0.07011657,0.041946054,-0.28348154,-0.124407075,0.009796917,-0.20267463,-0.12549037,-0.006567478,-0.14467418,-0.10856051,0.07788879,-0.18576664,-0.08730699,0.06589526,-0.21834624,-0.12625247,0.037562728,-0.15444762,-0.11393678,0.023728251,-0.102963805,-0.09304563
-0.057562947,-0.054785073,-0.029753586,-0.07689434,-0.16289967,-0.05079107,-0.034588397,-0.24003518,-0.07375963,0.010012567,-0.28483832,-0.095793754,-0.058275044,-0.30183434,-0.043357324,-0.08065802,-0.44151187,-0.081159875,-0.091484725,-0.53506786,-0.10296393,-0.09974679,-0.61040354,-0.115082175,-0.0006608367,-0.2912653,-0.055909205,0.025774539,-0.44356287,-0.09866765,0.041432858,-0.54774606,-0.1226486,0.055193365,-0.62992156,-0.13111927,0.046010196,-0.24775976,-0.07065822,0.040532768,-0.28618217,-0.12483962,0.007843018,-0.2057041,-0.12557511,-0.008494675,-0.14575821,-0.10835362,0.079126835,-0.18942153,-0.08746174,0.064569235,-0.22012997,-0.12625517,0.035588562,-0.1555388,-0.11407124,0.022412717,-0.10237342,-0.0931761
-0.05736351,-0.054136574,-0.0309725,-0.07789892,-0.1624046,-0.052174907,-0.035157084,-0.24121082,-0.07493929,0.01072216,-0.2866711,-0.09670593,-0.059743345,-0.30201524,-0.044064604,-0.081107795,-0.44260454,-0.081733905,-0.09152895,-0.5359957,-0.10340477,-0.0991981,-0.61150545,-0.1154248,-0.002347827,-0.29147553,-0.055708703,0.02428621,-0.44446728,-0.09801834,0.04017353,-0.54842335,-0.12138421,0.05407244,-0.63040996,-0.12962107,0.04450935,-0.24794823,-0.069685444,0.04047686,-0.28890103,-0.12433641,0.0073934197,-0.20923996,-0.12582211,-0.009762108,-0.14889461,-0.109190285,0.07764298,-0.18933803,-0.08573126,0.06441772,-0.2209518,-0.12566099,0.034825742,-0.15638036,-0.11444909,0.020758927,-0.10281628,-0.094222896
-0.05877006,-0.05276394,-0.031098593,-0.07851571,-0.16117495,-0.051878363,-0.034966648,-0.2391668,-0.07407054,0.011340678,-0.28273767,-0.095240325,-0.061300874,-0.29771924,-0.04398318,-0.08349764,-0.43997502,-0.08127575,-0.09372702,-0.53427905,-0.10230413,-0.10152632,-0.6100707,-0.1137935,-0.0037375689,-0.28881508,-0.055017225,0.023496568,-0.441051,-0.09696976,0.039074004,-0.545618,-0.120197006,0.052666306,-0.62827957,-0.12816373,0.042497754,-0.24696618,-0.06842615,0.0385257,-0.28429276,-0.12139909,0.0054782033,-0.20655936,-0.12289102,-0.0111144185,-0.14881855,-0.106413245,0.07538247,-0.1903565,-0.08401614,0.061318636,-0.2178455,-0.122041576,0.03235191,-0.15547788,-0.1110958,0.019008577,-0.104831696,-0.091276936
-0.057569325,-0.054074764,-0.030945284,-0.07623899,-0.16100907,-0.052785415,-0.032049656,-0.23739308,-0.07632279,0.012721777,-0.28396142,-0.09876737,-0.059749424,-0.29947817,-0.044646762,-0.08243084,-0.44117683,-0.08295399,-0.0928635,-0.534726,-0.10509088,-0.10068327,-0.6105844,-0.117377944,-0.0016002059,-0.2894929,-0.05628435,0.024267256,-0.44093755,-0.10016723,0.040161252,-0.5458878,-0.12511168,0.054213464,-0.6298434,-0.13414419,0.04536873,-0.24755234,-0.07011316,0.03980881,-0.28035623,-0.124363974,0.0058866143,-0.19937444,-0.1256021,-0.012117088,-0.14043248,-0.10873911,0.07881719,-0.19176388,-0.08615925,0.063388586,-0.21601516,-0.1247493,0.03357637,-0.15021574,-0.11302129,0.019287765,-0.09745866,-0.09242119
-0.057718813,-0.053539157,-0.03097384,-0.07610464,-0.16116488,-0.052592915,-0.032121897,-0.24013567,-0.075995654,0.012375057,-0.2869758,-0.0982569,-0.05978203,-0.29839563,-0.044334274,-0.082133114,-0.44005272,-0.082331344,-0.09255713,-0.5333452,-0.10417923,-0.10063249,-0.60923195,-0.11632846,-0.0020062923,-0.28816515,-0.056228496,0.024527729,-0.43964586,-0.09964314,0.040264666,-0.54488,-0.12390714,0.053932548,-0.62926626,-0.13264224,0.04441589,-0.24520922,-0.07045047,0.039687753,-0.28206062,-0.124666974,0.007377088,-0.20126617,-0.12527078,-0.008882344,-0.14260942,-0.10798889,0.077613175,-0.18799198,-0.08689772,0.06393319,-0.21844459,-0.12520167,0.03482324,-0.1547935,-0.11301946,0.021007359,-0.10313815,-0.09228355
-0.05739695,-0.053315997,-0.030298376,-0.07768589,-0.16176808,-0.050702807,-0.033881485,-0.23994845,-0.0728977,0.013441801,-0.28227603,-0.09403831,-0.06030321,-0.29945403,-0.04223229,-0.082974315,-0.44007474,-0.079393215,-0.093238056,-0.53349847,-0.1005938,-0.10076746,-0.6087086,-0.11241213,-0.0024902225,-0.29014766,-0.054007024,0.023369014,-0.4425599,-0.0964195,0.038689256,-0.54673314,-0.120107666,0.052565575,-0.6292231,-0.12844819,0.044139504,-0.24763411,-0.06811577,0.03864491,-0.28496414,-0.12192818,0.0062320232,-0.20415652,-0.12281442,-0.009555042,-0.14437503,-0.105750024,0.07723135,-0.19043422,-0.08438522,0.06211406,-0.21757483,-0.123218425,0.032907248,-0.15217006,-0.11183551,0.019853413,-0.09922159,-0.091576226
-0.05845058,-0.05298239,-0.030869663,-0.07951766,-0.16051954,-0.05213931,-0.036298156,-0.23824698,-0.07519765,0.009603441,-0.28209156,-0.097002335,-0.062140763,-0.30072373,-0.04329907,-0.084818006,-0.4420311,-0.08135196,-0.09515083,-0.53526664,-0.10300198,-0.10290125,-0.6102916,-0.114913896,-0.0044549108,-0.29084766,-0.055044934,0.021882653,-0.44384506,-0.09853031,0.036773205,-0.5479653,-0.122451015,0.050225914,-0.6308415,-0.13067845,0.04217273,-0.24810147,-0.06921754,0.03658563,-0.28383398,-0.12335232,0.004098356,-0.20263022,-0.123699345,-0.011662304,-0.14391065,-0.106142335,0.07553142,-0.19054228,-0.085671514,0.061076164,-0.2184301,-0.12379037,0.03208947,-0.15414071,-0.111660525,0.018874705,-0.10330629,-0.09093408
-0.058544993,-0.05305791,-0.03294603,-0.07783711,-0.16079187,-0.055127367,-0.033053637,-0.23898405,-0.07844162,0.01506418,-0.28202897,-0.100463584,-0.060761392,-0.29679382,-0.046932004,-0.08446157,-0.4405139,-0.08540044,-0.09463704,-0.53511536,-0.10710584,-0.101842165,-0.61172724,-0.11889823,-0.0031135082,-0.28708076,-0.05737631,0.024026394,-0.43924844,-0.10024988,0.040145993,-0.5427747,-0.12295075,0.054124832,-0.6249324,-0.13032886,0.043187678,-0.24497598,-0.070379816,0.039578438,-0.28190488,-0.1246179,0.006617248,-0.20300609,-0.1250948,-0.00963074,-0.14425647,-0.10740377,0.07582188,-0.1880008,-0.085710265,0.063994765,-0.21871603,-0.12390188,0.03468895,-0.156506,-0.1119016,0.021234214,-0.10511547,-0.09111183
-0.05772406,-0.054026008,-0.031666704,-0.07620692,-0.16130751,-0.05379006,-0.032698095,-0.23861003,-0.07728093,0.013573885,-0.28254116,-0.09968847,-0.057862997,-0.29783875,-0.046698302,-0.08069974,-0.4396388,-0.085266106,-0.09148127,-0.53421825,-0.10720933,-0.099182665,-0.61083347,-0.11923228,-0.00075769424,-0.2880997,-0.05793073,0.025910914,-0.44077528,-0.100739755,0.041086793,-0.5444958,-0.12382833,0.054800928,-0.62723994,-0.13173562,0.045396507,-0.24565774,-0.071496174,0.041866064,-0.28461152,-0.12542398,0.008244634,-0.2066313,-0.12608267,-0.008500576,-0.14837527,-0.108917244,0.07791543,-0.18802732,-0.08726638,0.066248,-0.22096467,-0.12522754,0.03662908,-0.15942788,-0.113187306,0.022722483,-0.10843527,-0.09266334
-0.058370173,-0.057607353,-0.031113863,-0.075921595,-0.16500384,-0.05309855,-0.032212496,-0.24174249,-0.07688266,0.014137328,-0.28600466,-0.09931503,-0.05693555,-0.30217987,-0.04369825,-0.0795843,-0.44369504,-0.08187864,-0.09031728,-0.5375253,-0.10360475,-0.09793061,-0.6137731,-0.11541073,0.0004583001,-0.29100657,-0.055307705,0.027234733,-0.4431682,-0.098323986,0.04288274,-0.54689395,-0.121812165,0.056949556,-0.6288927,-0.12996264,0.04699844,-0.24767858,-0.06945233,0.042993426,-0.2842093,-0.1240288,0.008738458,-0.20634359,-0.12539609,-0.008966088,-0.14794195,-0.1084418,0.07987565,-0.19036674,-0.085754305,0.068743646,-0.22373223,-0.123402275,0.038464665,-0.16268057,-0.11141654,0.023653269,-0.111340046,-0.090981044
-0.05823797,-0.054787576,-0.029498557,-0.07762414,-0.16302675,-0.04994547,-0.033545077,-0.2404409,-0.0722466,0.01214391,-0.2850303,-0.093499556,-0.059619904,-0.29900634,-0.042640902,-0.08109969,-0.43991196,-0.07972671,-0.09116456,-0.5334291,-0.10063753,-0.099001706,-0.6095753,-0.111986324,-0.0022304654,-0.2889712,-0.054428775,0.025801897,-0.44102463,-0.095903724,0.040973723,-0.5447912,-0.11807291,0.053707063,-0.62758553,-0.12541665,0.043971896,-0.24681664,-0.06859901,0.039354265,-0.28282332,-0.12130055,0.0058758855,-0.20437026,-0.12175603,-0.011051059,-0.14637679,-0.10460961,0.07670337,-0.1902709,-0.08486879,0.06396675,-0.21985948,-0.121408604,0.03335035,-0.15765679,-0.10929409,0.018472314,-0.107177556,-0.08904562
-0.057060182,-0.055370927,-0.03033287,-0.07517892,-0.16257012,-0.051225446,-0.03119874,-0.23947126,-0.07396937,0.013238728,-0.28544587,-0.095629744,-0.058400393,-0.3015076,-0.042032316,-0.08000666,-0.44084227,-0.07998408,-0.09033644,-0.53431225,-0.10226084,-0.098759025,-0.6102535,-0.11478258,-0.00065231323,-0.29131174,-0.053914055,0.026165962,-0.44274476,-0.09673222,0.041372776,-0.5472053,-0.12116412,0.0546059,-0.63047665,-0.13003941,0.045990765,-0.24815667,-0.06821439,0.040404677,-0.28273624,-0.12164782,0.0067445636,-0.20346981,-0.12271794,-0.010557413,-0.14541638,-0.10596514,0.07913482,-0.19080871,-0.084771715,0.06450641,-0.2170912,-0.12252012,0.03432399,-0.15346181,-0.11078985,0.019793928,-0.10257012,-0.09051225
-0.05832213,-0.053267837,-0.029912993,-0.076921046,-0.16116238,-0.049834,-0.033738732,-0.23888057,-0.07145141,0.009788096,-0.28438252,-0.092144124,-0.06114489,-0.29855978,-0.04194287,-0.08210069,-0.43840045,-0.078485325,-0.09219277,-0.5315062,-0.09941294,-0.100216925,-0.6070353,-0.11091998,-0.0031782985,-0.28868395,-0.053540006,0.024410784,-0.43979132,-0.095090695,0.0397982,-0.54432875,-0.11833091,0.05286926,-0.6271719,-0.1264122,0.04387015,-0.24618375,-0.06739392,0.038530886,-0.28073043,-0.12027179,0.0057014227,-0.20097989,-0.12113299,-0.010854721,-0.14209718,-0.104335435,0.07708156,-0.18929672,-0.08337856,0.06229168,-0.21542698,-0.12132153,0.033076227,-0.14962184,-0.10943834,0.019789279,-0.097061396,-0.08900857
-0.05917728,-0.05470109,-0.030491201,-0.07848394,-0.1634143,-0.051678944,-0.035126925,-0.24210417,-0.07466048,0.011472464,-0.285307,-0.096550055,-0.060599923,-0.297709,-0.044278793,-0.08200145,-0.43910152,-0.08202625,-0.09230751,-0.53332925,-0.10340793,-0.1000396,-0.61018336,-0.11513769,-0.003464222,-0.2888533,-0.05577953,0.022196889,-0.44035846,-0.098371826,0.03680098,-0.54468846,-0.121320106,0.049619257,-0.62768257,-0.129118,0.043400943,-0.24778658,-0.06958656,0.038104594,-0.28245825,-0.123241745,0.004480183,-0.2022174,-0.12400959,-0.0126699805,-0.14219153,-0.10683906,0.077127874,-0.19220346,-0.08562308,0.06299615,-0.2191819,-0.12324893,0.032940805,-0.15603864,-0.11174845,0.01872456,-0.10446274,-0.09163974
-0.058625698,-0.052904963,-0.030819206,-0.07804245,-0.1619311,-0.051916633,-0.0347445,-0.24168622,-0.07458804,0.011532426,-0.28710157,-0.09618072,-0.060774148,-0.29624015,-0.044403438,-0.08246684,-0.43759227,-0.08226795,-0.092235506,-0.5320245,-0.1037652,-0.099119574,-0.60834384,-0.115659796,-0.0032827258,-0.2869373,-0.055918045,0.022131145,-0.43803808,-0.09904494,0.036928654,-0.54235625,-0.122565314,0.050216258,-0.62555707,-0.13070017,0.043781817,-0.24519408,-0.069684535,0.03711021,-0.28289467,-0.124372706,0.003332734,-0.20145506,-0.12498353,-0.013448834,-0.14124972,-0.10754634,0.077688575,-0.18866056,-0.085565545,0.061284184,-0.21747631,-0.12502854,0.03129536,-0.1523813,-0.11350885,0.017751753,-0.0998078,-0.09299264
-0.057633877,-0.055019677,-0.030135924,-0.07660633,-0.16237825,-0.05126615,-0.03381747,-0.23901689,-0.074386075,0.010657966,-0.28459167,-0.096480675,-0.058668792,-0.30149704,-0.042047124,-0.07995993,-0.4403789,-0.07966121,-0.090228885,-0.53316367,-0.101540014,-0.09820211,-0.60768133,-0.11369506,-0.0011560917,-0.2903008,-0.054152634,0.023851454,-0.44116327,-0.09745653,0.03804165,-0.5456171,-0.12260131,0.051251113,-0.628487,-0.13190974,0.04583627,-0.24711454,-0.06849357,0.039312363,-0.28438866,-0.12308342,0.0052446723,-0.203322,-0.12477883,-0.011951864,-0.14363813,-0.10810671,0.07962668,-0.18988097,-0.08488979,0.06291431,-0.2181462,-0.1239007,0.03336811,-0.15286809,-0.11240982,0.0202865,-0.099880576,-0.091947034
-0.057379782,-0.053589404,-0.03071901,-0.07574451,-0.16078216,-0.052222416,-0.03277588,-0.23911887,-0.07570561,0.011882961,-0.28589195,-0.09795056,-0.05896461,-0.29968703,-0.04238686,-0.08085185,-0.43903375,-0.08030417,-0.09134573,-0.5320859,-0.102350675,-0.09941682,-0.6066362,-0.114744015,-0.001327157,-0.28891927,-0.05454649,0.023974597,-0.4395461,-0.09868878,0.038303196,-0.5443969,-0.124162436,0.051580608,-0.62738717,-0.1336197,0.045645773,-0.24577117,-0.069041125,0.03925389,-0.28271067,-0.12390534,0.005241096,-0.20083874,-0.124900475,-0.01181066,-0.1415503,-0.10775872,0.079693556,-0.18858802,-0.08572478,0.063741386,-0.21822709,-0.12492818,0.033889294,-0.15301597,-0.11321058,0.020157337,-0.10063708,-0.09259122
-0.05775565,-0.05275011,-0.03069385,-0.07738924,-0.15955615,-0.05225803,-0.035817444,-0.23930287,-0.07547059,0.00840199,-0.2874303,-0.09750297,-0.060367644,-0.297508,-0.043822527,-0.082378864,-0.43743807,-0.08203369,-0.092867225,-0.530688,-0.10421594,-0.10060942,-0.6061064,-0.1167641,-0.0030102134,-0.28730136,-0.05584324,0.022839665,-0.43796307,-0.09958572,0.037888825,-0.5430217,-0.12442498,0.052002728,-0.6270206,-0.13375464,0.043783665,-0.24444461,-0.07011053,0.037627578,-0.28372562,-0.124710366,0.0039016008,-0.20333123,-0.12533374,-0.012567401,-0.14432842,-0.108338065,0.07774949,-0.18722153,-0.08656353,0.061554193,-0.2172327,-0.12659551,0.031755984,-0.15226781,-0.1153334,0.018154383,-0.09996134,-0.09510061
-0.0588454,-0.054346263,-0.033197634,-0.076494455,-0.16094077,-0.05579068,-0.033267617,-0.24019355,-0.07969858,0.01390028,-0.2859125,-0.10201351,-0.059939563,-0.29299468,-0.044827085,-0.0853405,-0.4338367,-0.083889775,-0.0969525,-0.5278316,-0.10619749,-0.10490322,-0.6042833,-0.11861198,-0.0024899244,-0.28374392,-0.055994026,0.023144841,-0.4338117,-0.10074382,0.03817427,-0.53856087,-0.12547068,0.05194521,-0.62313175,-0.13416852,0.044049382,-0.24128896,-0.06975893,0.038674355,-0.27602214,-0.1256338,0.0046314,-0.19529235,-0.1258573,-0.0121206045,-0.13704175,-0.10777135,0.077212214,-0.18404675,-0.08596111,0.06327021,-0.21246266,-0.12567802,0.03335476,-0.14870554,-0.11354191,0.018930554,-0.09787685,-0.09241148
-0.05887854,-0.05563861,-0.030453209,-0.07694942,-0.1649276,-0.051084463,-0.032146633,-0.24326503,-0.07349795,0.015167475,-0.28722876,-0.094768226,-0.05981815,-0.29635197,-0.04267908,-0.08535689,-0.4382066,-0.07977635,-0.09699124,-0.5322246,-0.10037441,-0.10467151,-0.60891277,-0.11151097,-0.0022562146,-0.28665447,-0.053961564,0.024225473,-0.43782622,-0.096365884,0.03943765,-0.54244363,-0.11937465,0.053210974,-0.6261283,-0.12707025,0.04429549,-0.24501687,-0.06763932,0.037977874,-0.28055054,-0.12218954,0.003459692,-0.20014125,-0.123374745,-0.013341427,-0.14085418,-0.106053166,0.07765567,-0.1893313,-0.08336425,0.0625034,-0.21932113,-0.121718794,0.03173846,-0.1550811,-0.110085696,0.017777503,-0.10274559,-0.089635536
-0.059316695,-0.054586887,-0.030255722,-0.078097105,-0.16325706,-0.05111354,-0.033302248,-0.24187738,-0.07393046,0.012905955,-0.28725874,-0.09560812,-0.061476886,-0.29793823,-0.042838342,-0.08633709,-0.43851197,-0.08020424,-0.09824088,-0.5322761,-0.10120794,-0.10640335,-0.6088412,-0.1127978,-0.0035714507,-0.28846836,-0.054598764,0.022953808,-0.4396726,-0.09701794,0.03840995,-0.544642,-0.120109804,0.052318335,-0.6283181,-0.12808141,0.043192565,-0.24618214,-0.06879551,0.036459625,-0.28103966,-0.12294469,0.0020267367,-0.20130819,-0.12394768,-0.0148540735,-0.14241189,-0.10687522,0.076556325,-0.18961471,-0.08512672,0.061847627,-0.21986932,-0.123454,0.030666888,-0.15666789,-0.111999415,0.015967667,-0.10481447,-0.09189284
-0.059321582,-0.05446005,-0.030250784,-0.07817644,-0.16315359,-0.051088497,-0.033756435,-0.2410323,-0.07377424,0.011900246,-0.2860148,-0.09530889,-0.0613721,-0.2972057,-0.043571223,-0.08692527,-0.4383313,-0.080882184,-0.09872264,-0.53250384,-0.10179272,-0.106687725,-0.60910535,-0.11323627,-0.0037581325,-0.2880271,-0.055169683,0.022484303,-0.43927187,-0.09760728,0.03773594,-0.54401326,-0.12050602,0.051573396,-0.62747014,-0.12827085,0.042479098,-0.24613976,-0.06916211,0.037219465,-0.28382087,-0.122965045,0.0034669638,-0.20486909,-0.12369767,-0.012964308,-0.14666939,-0.10646814,0.07580465,-0.18956852,-0.085254245,0.06263882,-0.22299111,-0.12292745,0.03174597,-0.16057956,-0.11110396,0.017092228,-0.10927558,-0.09081603
-0.058640122,-0.05473888,-0.029927865,-0.07709777,-0.16241014,-0.051389895,-0.033391178,-0.23961383,-0.07482817,0.01223278,-0.2847647,-0.09725844,-0.060188293,-0.29787296,-0.044527665,-0.085151196,-0.43956044,-0.082285896,-0.096613914,-0.53335375,-0.10335918,-0.10451701,-0.6099665,-0.114844374,-0.002290547,-0.2878946,-0.056673907,0.024759233,-0.43998578,-0.099265434,0.040141284,-0.5446539,-0.1221871,0.053877294,-0.6279518,-0.13010713,0.04437363,-0.24559498,-0.07113811,0.03829789,-0.28394198,-0.12539102,0.004791796,-0.20489782,-0.12628068,-0.011090159,-0.1463008,-0.10920114,0.07788205,-0.18921793,-0.08761975,0.06392068,-0.22333026,-0.12568912,0.033664644,-0.16042554,-0.1138902,0.02037102,-0.10812795,-0.0936533
-0.058137953,-0.053734362,-0.03065332,-0.0769313,-0.16179168,-0.0521244,-0.03371513,-0.24035907,-0.07514401,0.011325061,-0.28694165,-0.09707807,-0.059536338,-0.29606628,-0.04566772,-0.08446908,-0.4375677,-0.08342433,-0.0964281,-0.531379,-0.104390875,-0.104584634,-0.6076741,-0.115864486,-0.0020255446,-0.28669792,-0.057305843,0.02414918,-0.43924567,-0.09962451,0.039678276,-0.54331446,-0.122378044,0.054159403,-0.6260864,-0.13030052,0.044614792,-0.2444905,-0.07116263,0.039029837,-0.2833271,-0.12477245,0.004829049,-0.20523745,-0.12535007,-0.011504173,-0.14695847,-0.10849975,0.07807326,-0.18736976,-0.08713814,0.063850224,-0.21889049,-0.12543848,0.033138692,-0.15642959,-0.11382747,0.019224703,-0.10499257,-0.09381798
-0.058642626,-0.053637147,-0.030062336,-0.07849699,-0.16106224,-0.0511414,-0.035458207,-0.23905426,-0.07403277,0.009826362,-0.28471816,-0.09575697,-0.061405838,-0.2985825,-0.043583494,-0.08679846,-0.43995327,-0.080730364,-0.09955236,-0.53337294,-0.10140634,-0.10861164,-0.61014104,-0.1126322,-0.0035897493,-0.2897454,-0.05496871,0.022853017,-0.4412733,-0.09676485,0.03941822,-0.5449028,-0.11915493,0.05464065,-0.6272982,-0.12672272,0.043281853,-0.24877518,-0.068693556,0.037147284,-0.2832287,-0.12167943,0.002960503,-0.20436728,-0.122374065,-0.013478458,-0.14558154,-0.1054928,0.07734823,-0.19374067,-0.084553875,0.062601864,-0.22072881,-0.12172356,0.031981945,-0.15728718,-0.11019418,0.018719137,-0.10538447,-0.09031338
-0.058046043,-0.053397536,-0.030236589,-0.078385115,-0.16167629,-0.05102866,-0.033247113,-0.2396437,-0.07343213,0.014641821,-0.282988,-0.09485817,-0.06079358,-0.29485154,-0.044718314,-0.085887134,-0.43702295,-0.08231692,-0.098155975,-0.53129137,-0.103315614,-0.10713178,-0.608511,-0.11471505,-0.0031277537,-0.2869454,-0.055735596,0.023388505,-0.4376549,-0.09727719,0.038788617,-0.5417268,-0.11925374,0.05215901,-0.6251705,-0.12643538,0.043159902,-0.24669147,-0.06904865,0.036388397,-0.27925843,-0.121644765,0.0034896135,-0.19989187,-0.121881984,-0.012076914,-0.14080709,-0.10458056,0.07612121,-0.19135028,-0.08454758,0.060809195,-0.2166577,-0.12185284,0.030573905,-0.15217656,-0.1100776,0.017198503,-0.09979433,-0.089788176
-0.058823705,-0.05501479,-0.02985746,-0.07883787,-0.16462725,-0.0497063,-0.033524215,-0.24255186,-0.07126624,0.015407622,-0.28452003,-0.09175948,-0.06122297,-0.29635692,-0.041633103,-0.086312115,-0.43832102,-0.07790154,-0.098534286,-0.5320266,-0.097919345,-0.1074982,-0.608575,-0.10852808,-0.003910899,-0.2881928,-0.052222606,0.022717714,-0.4398294,-0.09213922,0.038483083,-0.5441106,-0.11328605,0.05245024,-0.6266567,-0.11995172,0.042127073,-0.24795347,-0.065356836,0.03571838,-0.28148836,-0.11704515,0.0022241473,-0.20461947,-0.1184743,-0.013464034,-0.14629054,-0.101965375,0.07493037,-0.19348109,-0.08063771,0.060368896,-0.2196877,-0.11714331,0.030095398,-0.15724003,-0.10638986,0.017051697,-0.10541636,-0.087017365
-0.05918014,-0.05361557,-0.03075834,-0.07857245,-0.16122639,-0.051874273,-0.035161972,-0.24021888,-0.07470983,0.010563731,-0.28430414,-0.096219294,-0.061219215,-0.29624826,-0.04339144,-0.086574554,-0.4368863,-0.08097758,-0.09897563,-0.53006744,-0.10206287,-0.10836762,-0.60604393,-0.11351251,-0.0044082403,-0.28606802,-0.054656677,0.022226274,-0.43766963,-0.097006954,0.03864509,-0.54111844,-0.11919866,0.05292809,-0.62318265,-0.12642765,0.041581273,-0.24380499,-0.06848707,0.036868334,-0.28012896,-0.12260619,0.003409803,-0.20083487,-0.12286478,-0.013090074,-0.1419406,-0.10517499,0.07488698,-0.1873396,-0.08446279,0.06195724,-0.21895647,-0.12241284,0.031332493,-0.15596086,-0.11040973,0.016739726,-0.10403329,-0.089912444
-0.05918014,-0.05361557,-0.03075834,-0.07857245,-0.16122639,-0.051874273,-0.035161972,-0.24021888,-0.07470983,0.010563731,-0.28430414,-0.096219294,-0.061219215,-0.29624826,-0.04339144,-0.086574554,-0.4368863,-0.08097758,-0.09897563,-0.53006744,-0.10206287,-0.10836762,-0.60604393,-0.11351251,-0.0044082403,-0.28606802,-0.054656677,0.022226274,-0.43766963,-0.097006954,0.03864509,-0.54111844,-0.11919866,0.05292809,-0.62318265,-0.12642765,0.041581273,-0.24380499,-0.06848707,0.036868334,-0.28012896,-0.12260619,0.003409803,-0.20083487,-0.12286478,-0.013090074,-0.1419406,-0.10517499,0.07488698,-0.1873396,-0.08446279,0.06195724,-0.21895647,-0.12241284,0.031332493,-0.15596086,-0.11040973,0.016739726,-0.10403329,-0.089912444
-0.05838281,-0.052895606,-0.03043276,-0.076535285,-0.1608327,-0.05107358,-0.033672214,-0.23883468,-0.073523045,0.010582447,-0.28428608,-0.094878614,-0.061285973,-0.29603493,-0.042800847,-0.08482438,-0.43640423,-0.079614185,-0.09562135,-0.5295956,-0.100330405,-0.10331693,-0.6057598,-0.1117165,-0.0034745932,-0.2856686,-0.054432955,0.023762882,-0.43588442,-0.09671616,0.039403796,-0.5396713,-0.119718425,0.053182244,-0.622372,-0.12745379,0.043049812,-0.24338013,-0.06842374,0.03758818,-0.2795298,-0.122632034,0.0046415925,-0.19803995,-0.12282534,-0.011443496,-0.13847077,-0.104931675,0.076556265,-0.18690526,-0.084533855,0.06334084,-0.21899104,-0.12294843,0.033965647,-0.15380526,-0.110646516,0.020664752,-0.10090667,-0.08966216
-0.059128225,-0.05640477,-0.029515931,-0.07835966,-0.16395652,-0.051144328,-0.036099195,-0.23979884,-0.075015396,0.0075335503,-0.28541666,-0.09758601,-0.059044123,-0.30205464,-0.04312165,-0.08445346,-0.44310784,-0.080059335,-0.09630507,-0.5366141,-0.10095893,-0.10376054,-0.61261934,-0.112601854,-0.0016787648,-0.28979003,-0.05559916,0.024624407,-0.44124192,-0.09807853,0.039725184,-0.5458131,-0.121456556,0.05417496,-0.6287621,-0.12987575,0.044582486,-0.24556339,-0.070316344,0.03940773,-0.2870614,-0.12409283,0.0036628246,-0.20786697,-0.124406986,-0.014342904,-0.14818424,-0.107165106,0.07794523,-0.18746668,-0.08706637,0.06545323,-0.22607654,-0.12437768,0.034233034,-0.16573709,-0.11183208,0.01931107,-0.11464679,-0.09124626
-0.05831629,-0.056768358,-0.03099114,-0.07530862,-0.16353971,-0.053234268,-0.031993806,-0.24008137,-0.07709522,0.013594091,-0.28415656,-0.09949185,-0.056733787,-0.2958992,-0.04558152,-0.082975745,-0.43710914,-0.083436064,-0.095372766,-0.5307124,-0.10466457,-0.10348061,-0.60677433,-0.11635036,0.0001257658,-0.2853294,-0.057049725,0.02612716,-0.4359352,-0.09980781,0.0414173,-0.5396841,-0.12308098,0.055943668,-0.62200963,-0.13121316,0.046114326,-0.2426247,-0.07075548,0.0414719,-0.27919728,-0.124088235,0.0054852962,-0.20248574,-0.12433842,-0.01279819,-0.1450215,-0.107031375,0.07889259,-0.18542182,-0.086660266,0.065855205,-0.21860987,-0.12352374,0.034870446,-0.1594947,-0.11104333,0.02004534,-0.10962504,-0.09038977
-0.05741489,-0.053177893,-0.03264726,-0.07649654,-0.15948606,-0.054580253,-0.0328483,-0.23770857,-0.077709116,0.0136143565,-0.2841611,-0.09927209,-0.058714032,-0.29732013,-0.04519062,-0.08333564,-0.43896514,-0.08352314,-0.09451741,-0.5322952,-0.104907215,-0.102742195,-0.60763276,-0.11657813,-0.0006285906,-0.2873181,-0.055647325,0.025709212,-0.43851292,-0.099689536,0.041722417,-0.54119414,-0.123752184,0.0562253,-0.6220882,-0.13192075,0.04614359,-0.24507219,-0.06861868,0.04126525,-0.27715987,-0.12348664,0.007565677,-0.19786733,-0.12426698,-0.009239674,-0.14012158,-0.10669501,0.0793193,-0.18881816,-0.083915606,0.064971924,-0.21492666,-0.12250721,0.035788774,-0.152542,-0.11101018,0.02241236,-0.10273194,-0.09053367
-0.058497667,-0.053983748,-0.03293185,-0.076369464,-0.16078663,-0.05551473,-0.031606853,-0.23877686,-0.07914055,0.015039921,-0.28664774,-0.10127834,-0.059693754,-0.2941695,-0.047004215,-0.08463246,-0.43711513,-0.08555913,-0.095856905,-0.53143984,-0.10682656,-0.103391916,-0.6078384,-0.11820665,-0.0013546348,-0.28445655,-0.05701537,0.024909556,-0.43619746,-0.10127153,0.040989816,-0.5406397,-0.12525153,0.055795074,-0.62296224,-0.13339755,0.04543978,-0.24327743,-0.06942976,0.040238142,-0.27702254,-0.124426715,0.0056277514,-0.1981669,-0.1255867,-0.011622965,-0.14015889,-0.10822581,0.07897818,-0.18884361,-0.08407803,0.064043224,-0.21723825,-0.12256315,0.033447206,-0.15428859,-0.111254215,0.0190081,-0.10342604,-0.09091419
-0.05804664,-0.053888917,-0.031326562,-0.075722516,-0.16160959,-0.052830674,-0.03272277,-0.23961323,-0.07585592,0.0141637325,-0.28380835,-0.097401254,-0.059849024,-0.29389876,-0.04386696,-0.08523393,-0.436078,-0.08200426,-0.09654164,-0.5309672,-0.10345497,-0.10469574,-0.6069333,-0.11531395,-0.0017728806,-0.28465825,-0.055153914,0.023574412,-0.43615437,-0.099080205,0.03942132,-0.5404142,-0.12355694,0.054179907,-0.62349784,-0.13207105,0.045241833,-0.24337101,-0.06876709,0.039660633,-0.27552682,-0.12307976,0.005646765,-0.19470483,-0.12310223,-0.011338592,-0.1369667,-0.10503033,0.07914555,-0.18803227,-0.08469543,0.06295216,-0.21323669,-0.12289821,0.033673227,-0.14969188,-0.11084562,0.020376503,-0.099698246,-0.089915745
-0.058299422,-0.0521515,-0.03226865,-0.07769883,-0.15961957,-0.05408541,-0.03394425,-0.23488533,-0.07705194,0.012289822,-0.27930236,-0.098879226,-0.05876124,-0.29582936,-0.046329238,-0.08191937,-0.4377681,-0.0843211,-0.0922479,-0.532129,-0.10551915,-0.09982669,-0.6081276,-0.11726155,-0.00045979023,-0.28663778,-0.056948945,0.026488245,-0.43850976,-0.10044755,0.041922867,-0.54260063,-0.12477156,0.05586785,-0.62514985,-0.13342878,0.046450257,-0.24508911,-0.06989167,0.04134929,-0.28099948,-0.124467656,0.00546962,-0.20280355,-0.12658663,-0.01353538,-0.14516735,-0.1103097,0.07979214,-0.18946582,-0.08499796,0.06387639,-0.2165091,-0.12430777,0.03363657,-0.15386379,-0.114085175,0.019578338,-0.10339314,-0.09464692
-0.058137417,-0.053075552,-0.03155686,-0.07731402,-0.16103047,-0.052784443,-0.03362608,-0.23905283,-0.07548944,0.011118412,-0.2838055,-0.09696585,-0.061291337,-0.29765624,-0.0448642,-0.08338177,-0.43948457,-0.082465686,-0.09369549,-0.53332996,-0.103392474,-0.101169735,-0.60945374,-0.114772104,-0.003424406,-0.28738254,-0.055913955,0.023909688,-0.4397103,-0.09877643,0.039862692,-0.5436419,-0.12179755,0.05390221,-0.62598294,-0.12950951,0.043426394,-0.24451959,-0.06934355,0.040474355,-0.28193486,-0.12346769,0.006802261,-0.2024771,-0.124013215,-0.010472,-0.14426172,-0.10658728,0.076880515,-0.18728584,-0.084973894,0.06483078,-0.2175011,-0.12301848,0.03489542,-0.15519506,-0.111143984,0.020465374,-0.10524088,-0.09069722
-0.057152867,-0.04986477,-0.029085215,-0.07512933,-0.1584816,-0.048587687,-0.032398522,-0.2383303,-0.07003531,0.00966537,-0.28500432,-0.09056457,-0.061977267,-0.29599,-0.04226059,-0.083911836,-0.43746734,-0.07866659,-0.09389657,-0.53123784,-0.09921252,-0.10192299,-0.6067827,-0.110463805,-0.0039466023,-0.28506535,-0.054463886,0.023132622,-0.43589732,-0.09713831,0.039372623,-0.5412445,-0.12086597,0.053015232,-0.62513524,-0.12906647,0.043200433,-0.24219954,-0.06869224,0.038753748,-0.27810746,-0.12259418,0.0070186853,-0.19629377,-0.12274242,-0.009246767,-0.13730073,-0.104994476,0.07708353,-0.18546516,-0.08486842,0.06270528,-0.21568924,-0.12309665,0.033828676,-0.15025449,-0.1102697,0.019945502,-0.09798807,-0.08893587
-0.057941914,-0.052179813,-0.029250426,-0.078038216,-0.15969819,-0.049519006,-0.035841048,-0.23891103,-0.071822576,0.0076059103,-0.28450108,-0.09306409,-0.06251234,-0.29758823,-0.042733476,-0.0838176,-0.43787432,-0.0799548,-0.093979895,-0.5310013,-0.10099876,-0.1019803,-0.60631526,-0.11249338,-0.004787028,-0.28724384,-0.05512116,0.023082376,-0.43867704,-0.09832996,0.03913617,-0.54419214,-0.12235076,0.052964687,-0.62813425,-0.1307695,0.042279005,-0.24438626,-0.06955981,0.038232088,-0.27855366,-0.12325515,0.00667578,-0.19856548,-0.123460226,-0.009057581,-0.14031684,-0.10589544,0.076049924,-0.18718559,-0.08607849,0.06298339,-0.21714061,-0.12358608,0.03471464,-0.1535269,-0.11077476,0.021189034,-0.102155685,-0.0896683
-0.058213413,-0.048549473,-0.033738326,-0.07921761,-0.15354967,-0.057083845,-0.038481474,-0.23508805,-0.08164648,0.0048910975,-0.28415972,-0.10441129,-0.06424767,-0.29353553,-0.04807369,-0.086339,-0.43547374,-0.08763989,-0.09656668,-0.5290044,-0.1102093,-0.103767455,-0.6048279,-0.12304601,-0.006159067,-0.28336966,-0.05930758,0.02130878,-0.4339468,-0.107068315,0.037655354,-0.5394816,-0.13360587,0.052146196,-0.6235721,-0.14349994,0.040774584,-0.24077487,-0.07267094,0.03860742,-0.27837265,-0.12965451,0.007319391,-0.19623178,-0.12862632,-0.008909106,-0.1374194,-0.10984205,0.07500774,-0.18430078,-0.08851947,0.06348574,-0.21507776,-0.12878865,0.036100924,-0.1512298,-0.11580464,0.021803081,-0.10102016,-0.09403276
-0.057816386,-0.05095017,-0.031439077,-0.0778141,-0.15909863,-0.052952185,-0.034392476,-0.2382983,-0.07586371,0.013132989,-0.2817483,-0.097615555,-0.061692953,-0.29417455,-0.045741748,-0.08468765,-0.43721873,-0.08385594,-0.09461889,-0.5319581,-0.10519791,-0.101471454,-0.60836756,-0.11685669,-0.00404948,-0.28461808,-0.0566856,0.023526013,-0.43597412,-0.099869445,0.039569795,-0.5400736,-0.12285288,0.053574502,-0.62358105,-0.13052069,0.042262554,-0.24298584,-0.06994472,0.03830117,-0.28061306,-0.12415397,0.0041721463,-0.20055002,-0.12420106,-0.013017058,-0.14189583,-0.10634371,0.075403035,-0.18671173,-0.08539697,0.06250638,-0.21833599,-0.12383599,0.032447875,-0.1556015,-0.11193527,0.017893314,-0.10475397,-0.091290124
-0.058382094,-0.053348124,-0.029887944,-0.0782544,-0.16106653,-0.050786007,-0.036292374,-0.24001998,-0.073578134,0.008572102,-0.28561616,-0.09530482,-0.06014806,-0.2994247,-0.043143682,-0.08289957,-0.44155496,-0.08036932,-0.093002945,-0.53573465,-0.10114107,-0.10052657,-0.61205864,-0.112226166,-0.0029676557,-0.28917772,-0.054737724,0.02448082,-0.44183177,-0.096770905,0.039521217,-0.5462842,-0.11930082,0.052532077,-0.6288571,-0.12664293,0.04303509,-0.24699259,-0.06869948,0.03649211,-0.28400528,-0.12228394,0.002702713,-0.20477176,-0.123214364,-0.013687551,-0.14601183,-0.10596686,0.07618314,-0.19071335,-0.08469224,0.061304033,-0.2223258,-0.1220811,0.031013548,-0.1590631,-0.1103131,0.017044365,-0.10733312,-0.08995171
-0.058532238,-0.051496387,-0.032677263,-0.07738578,-0.16032737,-0.054452654,-0.03407371,-0.24239808,-0.07738187,0.011081517,-0.28991556,-0.09883594,-0.0619092,-0.2968371,-0.045325715,-0.08401948,-0.43911618,-0.083346054,-0.0940955,-0.533731,-0.104672536,-0.101410806,-0.61019784,-0.116245605,-0.0045671463,-0.28583044,-0.056090806,0.022239506,-0.43884033,-0.09997409,0.038551927,-0.54346263,-0.123427816,0.052889705,-0.6269099,-0.13114813,0.042129874,-0.2425856,-0.069262706,0.039316297,-0.2808221,-0.12494422,0.005609274,-0.19879931,-0.1247669,-0.011638939,-0.13918138,-0.10618954,0.07549572,-0.18481779,-0.08465743,0.063376546,-0.21829039,-0.12437783,0.03340864,-0.15361828,-0.11195176,0.01810801,-0.101864636,-0.090486966
-0.05815816,-0.05295503,-0.029808782,-0.07736474,-0.16121387,-0.050591,-0.03462249,-0.24074739,-0.073566444,0.00829643,-0.28856188,-0.09528007,-0.06100267,-0.30193907,-0.041334655,-0.08231908,-0.44209683,-0.07835423,-0.09279233,-0.53398633,-0.099515714,-0.100887835,-0.6088371,-0.11116032,-0.003359139,-0.29158646,-0.05367348,0.024440587,-0.44267678,-0.096917324,0.040548384,-0.5484098,-0.12136751,0.0549531,-0.6328589,-0.13012205,0.043320835,-0.24882019,-0.06833734,0.038951635,-0.28311718,-0.12225076,0.005944431,-0.20097148,-0.1228873,-0.01050669,-0.14204669,-0.10556087,0.07687569,-0.19178724,-0.085206605,0.06333822,-0.22013223,-0.1230711,0.034515917,-0.15539086,-0.11093824,0.021048248,-0.104262054,-0.09024963
-0.05723083,-0.052160084,-0.029198874,-0.07744473,-0.16088879,-0.0491384,-0.034876883,-0.24135333,-0.0711677,0.007740259,-0.28950614,-0.09222923,-0.061295092,-0.30311942,-0.041958798,-0.083016396,-0.44375342,-0.07847824,-0.0934698,-0.5361005,-0.09941064,-0.101588935,-0.61116326,-0.1110018,-0.0033003688,-0.29263705,-0.054123748,0.023966014,-0.4437486,-0.09666215,0.040699244,-0.54944396,-0.120714605,0.0554353,-0.6341198,-0.12927274,0.04389125,-0.24988884,-0.068393916,0.038354635,-0.2836938,-0.12209342,0.006411135,-0.20106876,-0.12302123,-0.009353042,-0.14103138,-0.10593771,0.077658474,-0.19284296,-0.0847224,0.06230414,-0.2198556,-0.12306541,0.033944964,-0.15396595,-0.11119126,0.021533608,-0.10116595,-0.09055777
-0.057608604,-0.055086195,-0.029384037,-0.07856667,-0.16308373,-0.04951196,-0.035743654,-0.23831707,-0.07160051,0.0096972585,-0.28150487,-0.09273144,-0.059090614,-0.30199403,-0.0415247,-0.0809809,-0.44236988,-0.077498145,-0.09125468,-0.53444755,-0.09772096,-0.09887642,-0.6093482,-0.108708106,-0.0018903017,-0.29090518,-0.053147998,0.025490284,-0.4435401,-0.09406178,0.041223764,-0.5470882,-0.116879284,0.055369973,-0.62881356,-0.12483296,0.04468745,-0.2480526,-0.06707865,0.037706017,-0.2840975,-0.119797744,0.0042417645,-0.20560801,-0.12188256,-0.012143791,-0.14720261,-0.10595344,0.078170896,-0.19176674,-0.08301332,0.06259364,-0.22082174,-0.12041175,0.033708036,-0.15750581,-0.109519266,0.021288395,-0.105627775,-0.09011553
-0.058468282,-0.053727984,-0.029989755,-0.079431534,-0.16014141,-0.050769135,-0.037457943,-0.23750854,-0.07347025,0.007530868,-0.28236443,-0.095133096,-0.06011069,-0.29927802,-0.0425765,-0.08173829,-0.43994972,-0.079344645,-0.09149954,-0.532911,-0.09995582,-0.0990074,-0.6086527,-0.1108983,-0.002904892,-0.28944904,-0.054015454,0.024679601,-0.44225776,-0.095245376,0.04044497,-0.54669094,-0.11763304,0.053819656,-0.6288934,-0.1250145,0.043421626,-0.24766827,-0.06785828,0.03699994,-0.2832569,-0.120859325,0.004378736,-0.20547724,-0.122570574,-0.011728108,-0.14668655,-0.10601948,0.07664907,-0.19186676,-0.083742194,0.061805427,-0.22181517,-0.12053294,0.032895267,-0.1594662,-0.10897036,0.019714534,-0.10726285,-0.08892016
-0.05836612,-0.05397713,-0.03064651,-0.07850009,-0.16252649,-0.051631674,-0.035105586,-0.23978204,-0.07442484,0.011357963,-0.28245085,-0.09618335,-0.059631467,-0.2988187,-0.043316327,-0.08197284,-0.43960983,-0.080043815,-0.09260997,-0.53234595,-0.10052593,-0.10032529,-0.6077266,-0.11163807,-0.0026855469,-0.28786248,-0.054707993,0.023974657,-0.44027323,-0.09666069,0.038930535,-0.54438996,-0.11953214,0.05264616,-0.6261648,-0.12730427,0.043482065,-0.24509603,-0.06844624,0.039066672,-0.28412342,-0.122310534,0.0051571727,-0.2046631,-0.12363137,-0.011563718,-0.14527911,-0.10676298,0.07670051,-0.18854755,-0.08427235,0.0629763,-0.22034329,-0.12262799,0.033752143,-0.15675521,-0.11135321,0.020662427,-0.10437149,-0.09131962
-0.05799842,-0.055975616,-0.029327484,-0.07782334,-0.16440547,-0.050067637,-0.03418964,-0.2408778,-0.07303574,0.011749685,-0.28414017,-0.09502635,-0.05908507,-0.3027259,-0.041840278,-0.08066982,-0.44181138,-0.07825274,-0.09136531,-0.5331686,-0.098868154,-0.09932464,-0.6077838,-0.11014311,-0.0022426248,-0.29038578,-0.054040886,0.025293052,-0.44176623,-0.09579165,0.040809155,-0.54565036,-0.11876717,0.054851472,-0.6278063,-0.1267309,0.04412371,-0.24665278,-0.06856431,0.038262665,-0.28316653,-0.12250453,0.0037168264,-0.20279646,-0.124150746,-0.013669968,-0.1431123,-0.107567646,0.07766312,-0.18960351,-0.08507903,0.06388551,-0.22226411,-0.123282515,0.033739924,-0.15820253,-0.11191198,0.019657016,-0.105092764,-0.09195139
-0.05822414,-0.055356026,-0.029963778,-0.07777208,-0.16396934,-0.050832715,-0.032423675,-0.24179214,-0.07380498,0.012110591,-0.2881894,-0.0958089,-0.060742795,-0.30104315,-0.042364147,-0.08181143,-0.44171575,-0.080035724,-0.09263444,-0.5333444,-0.10224776,-0.10106948,-0.608214,-0.11476595,-0.0031157136,-0.29004323,-0.054567356,0.024238288,-0.44085285,-0.09786245,0.040676236,-0.54593104,-0.122993894,0.05548364,-0.63117164,-0.13255301,0.04355067,-0.24681413,-0.068994604,0.03809893,-0.2801398,-0.12300885,0.0047317743,-0.19890994,-0.12439325,-0.011730075,-0.14118117,-0.107811645,0.07689738,-0.18944663,-0.08560358,0.06202036,-0.2186507,-0.123967834,0.03265339,-0.15365505,-0.111943066,0.019047737,-0.102089465,-0.091400236
-0.058427393,-0.05653912,-0.031023046,-0.07690215,-0.16388643,-0.05230719,-0.031798005,-0.24023205,-0.07555717,0.013724327,-0.28412294,-0.097533986,-0.058223844,-0.30159503,-0.041375607,-0.079250455,-0.44166404,-0.078367054,-0.08981264,-0.5335077,-0.09928994,-0.09774971,-0.6080632,-0.11058382,-0.0012817383,-0.28948033,-0.05285656,0.025924623,-0.44150534,-0.09571135,0.041510582,-0.54552555,-0.119515546,0.055413485,-0.6272161,-0.12770253,0.045060992,-0.24556684,-0.06685087,0.040269136,-0.28024733,-0.12135259,0.006619096,-0.20064074,-0.122989975,-0.01044029,-0.14188838,-0.10612205,0.078118086,-0.18804455,-0.08302751,0.06466788,-0.21767211,-0.12097184,0.034950316,-0.15417778,-0.109114185,0.02081889,-0.10274416,-0.08865547
-0.058256865,-0.057018578,-0.0291814,-0.07679385,-0.1666516,-0.04925965,-0.031255662,-0.24333888,-0.07136913,0.015467763,-0.28744864,-0.09236215,-0.05763018,-0.2999373,-0.041693725,-0.081499934,-0.44111842,-0.07826588,-0.0933612,-0.533399,-0.09859557,-0.10182959,-0.60902023,-0.10967138,-0.00042676926,-0.29000217,-0.0533368,0.026459694,-0.44093028,-0.094849266,0.042828918,-0.5439113,-0.117038585,0.057862163,-0.62476665,-0.12446954,0.04574126,-0.24819082,-0.067404315,0.040108085,-0.28014398,-0.12008944,0.0057479143,-0.2017883,-0.12117406,-0.010676742,-0.14328235,-0.10464231,0.07885891,-0.1929121,-0.083613954,0.06411934,-0.21624506,-0.12110853,0.03310561,-0.15329176,-0.11044584,0.01922834,-0.102506876,-0.091194205
-0.058714688,-0.056210816,-0.029773531,-0.07706207,-0.16444057,-0.050662708,-0.032344103,-0.24195856,-0.073525,0.0134676695,-0.28714472,-0.09526207,-0.058375,-0.29755384,-0.043246016,-0.08104265,-0.43939915,-0.0807718,-0.09189856,-0.5329151,-0.10171086,-0.09941548,-0.60931784,-0.113149546,-0.0009455085,-0.28771138,-0.055095125,0.026166081,-0.43919587,-0.098217875,0.04218352,-0.54331875,-0.12164217,0.056811273,-0.62557924,-0.12969689,0.045532584,-0.24539024,-0.06913561,0.039670885,-0.28054023,-0.123361476,0.005269408,-0.20079702,-0.12412881,-0.011775851,-0.14159864,-0.106950514,0.07888216,-0.1891483,-0.085266165,0.06441265,-0.21688002,-0.123535365,0.03363067,-0.15350717,-0.11193734,0.019315898,-0.102421165,-0.09168386
-0.057798922,-0.05556029,-0.029824046,-0.07850963,-0.16281885,-0.050520103,-0.033539295,-0.23841059,-0.07319473,0.013235509,-0.28036565,-0.0949612,-0.06019628,-0.30177754,-0.043254007,-0.08191848,-0.44078633,-0.08075568,-0.092308074,-0.53291726,-0.102679536,-0.100541115,-0.6079043,-0.1149808,-0.0024645925,-0.29040515,-0.055495076,0.025032938,-0.4412232,-0.09781353,0.041061282,-0.5456451,-0.12170919,0.054987967,-0.6297887,-0.13043627,0.04407394,-0.24637657,-0.06999843,0.0396353,-0.2802701,-0.12336051,0.0066948533,-0.2016123,-0.12491327,-0.010091364,-0.14403963,-0.10858,0.07699144,-0.18770647,-0.08665994,0.06437147,-0.21643525,-0.12436504,0.03473574,-0.15344203,-0.11259969,0.020497322,-0.101979196,-0.092453726
-0.05868566,-0.05604154,-0.030529933,-0.07872003,-0.16411114,-0.05164626,-0.032945752,-0.24088293,-0.07486368,0.014120638,-0.28493726,-0.09687851,-0.059861958,-0.3015809,-0.041780517,-0.08108896,-0.44173816,-0.0790675,-0.09237757,-0.53185725,-0.10052658,-0.101379275,-0.6059797,-0.11227281,-0.0030812025,-0.29033548,-0.053415913,0.024443984,-0.4420609,-0.09589424,0.041345656,-0.5466604,-0.1198839,0.056686938,-0.63104534,-0.12857878,0.042838097,-0.24712229,-0.0675431,0.038090706,-0.2805304,-0.12138563,0.0053340793,-0.200827,-0.12326927,-0.010614753,-0.14302301,-0.10678823,0.07585186,-0.18974847,-0.08389899,0.0633167,-0.2196855,-0.121526904,0.034772694,-0.15699536,-0.10994787,0.021455884,-0.10576278,-0.08983071
-0.057861745,-0.05706936,-0.029390708,-0.077732146,-0.16360176,-0.049972124,-0.032343328,-0.23520213,-0.07298427,0.0136038065,-0.27440923,-0.09504748,-0.058068216,-0.30182105,-0.041234728,-0.080111325,-0.44075173,-0.078589395,-0.09079301,-0.531792,-0.100151,-0.09907019,-0.6061225,-0.11195062,-0.0009636283,-0.28972286,-0.053714547,0.025996625,-0.44065595,-0.096356116,0.04203576,-0.5454087,-0.12059667,0.056377113,-0.62948453,-0.12929273,0.04524088,-0.24575007,-0.06860203,0.04090035,-0.27621013,-0.12222739,0.0085507035,-0.19670385,-0.12409953,-0.007926643,-0.13907886,-0.107573844,0.07804608,-0.18771183,-0.08567573,0.06588918,-0.21498519,-0.122568056,0.036905408,-0.15289497,-0.11064877,0.022793949,-0.102885365,-0.09041637
-0.058448017,-0.054213643,-0.03141806,-0.07842684,-0.16156775,-0.05286007,-0.033057332,-0.23570186,-0.07603437,0.01362747,-0.2765444,-0.09820789,-0.059363604,-0.3008241,-0.044801936,-0.08079553,-0.4409016,-0.08324918,-0.090577126,-0.53345376,-0.10525605,-0.097990245,-0.60853374,-0.11742883,-0.0013594031,-0.2895012,-0.056387234,0.026134312,-0.44145125,-0.10003978,0.0420869,-0.5448575,-0.12392727,0.05610901,-0.6269555,-0.13223542,0.045286,-0.24588066,-0.07046846,0.041455746,-0.27976996,-0.12536551,0.007887602,-0.20008653,-0.12688968,-0.009669304,-0.1417206,-0.11005093,0.078302026,-0.18794042,-0.08680648,0.06603414,-0.21608108,-0.12556294,0.03590709,-0.15276814,-0.11424563,0.0209108,-0.10190505,-0.09416978
-0.057830274,-0.056566656,-0.03005342,-0.07736975,-0.16338992,-0.05068927,-0.03318572,-0.23892736,-0.07335163,0.012672901,-0.28171277,-0.0949611,-0.058994412,-0.3017301,-0.041603252,-0.08064175,-0.4414395,-0.07842411,-0.09114033,-0.5339896,-0.09949275,-0.09933156,-0.60957456,-0.110974856,-0.0015227199,-0.29075438,-0.053394683,0.02586037,-0.44251683,-0.09492965,0.041850388,-0.5462314,-0.117835514,0.055709183,-0.62854415,-0.12565076,0.04515183,-0.24754238,-0.06767265,0.04015857,-0.28218055,-0.12126239,0.007810831,-0.20248032,-0.12272856,-0.00845331,-0.14348638,-0.105926104,0.07843828,-0.19041312,-0.08404873,0.06566203,-0.22130644,-0.121187106,0.036572278,-0.15842551,-0.10912159,0.023059249,-0.106609285,-0.08871161
-0.057830274,-0.056566656,-0.03005342,-0.07736975,-0.16338992,-0.05068927,-0.03318572,-0.23892736,-0.07335163,0.012672901,-0.28171277,-0.0949611,-0.058994412,-0.3017301,-0.041603252,-0.08064175,-0.4414395,-0.07842411,-0.09114033,-0.5339896,-0.09949275,-0.09933156,-0.60957456,-0.110974856,-0.0015227199,-0.29075438,-0.053394683,0.02586037,-0.44251683,-0.09492965,0.041850388,-0.5462314,-0.117835514,0.055709183,-0.62854415,-0.12565076,0.04515183,-0.24754238,-0.06767265,0.04015857,-0.28218055,-0.12126239,0.007810831,-0.20248032,-0.12272856,-0.00845331,-0.14348638,-0.105926104,0.07843828,-0.19041312,-0.08404873,0.06566203,-0.22130644,-0.121187106,0.036572278,-0.15842551,-0.10912159,0.023059249,-0.106609285,-0.08871161
-0.05774665,-0.05416715,-0.030146573,-0.07820845,-0.16104823,-0.050982054,-0.03385657,-0.23685819,-0.073690854,0.01236403,-0.2792046,-0.095289856,-0.059503317,-0.29714197,-0.042897753,-0.08012825,-0.43830037,-0.08022086,-0.08987796,-0.53147554,-0.101283066,-0.0971334,-0.60687435,-0.112763405,-0.0029286742,-0.28732884,-0.054421194,0.024463117,-0.43865895,-0.09624759,0.04050058,-0.5421262,-0.11873486,0.05478877,-0.62501097,-0.12636365,0.043094218,-0.24523789,-0.06836381,0.038411736,-0.2802102,-0.12089163,0.0064045787,-0.20131826,-0.121146865,-0.008759677,-0.14324355,-0.10403963,0.076081336,-0.18797064,-0.08457491,0.06281668,-0.21605122,-0.12116516,0.033803165,-0.15408796,-0.10909409,0.020882368,-0.10437542,-0.08894754
-0.05896896,-0.053323567,-0.031737823,-0.07874602,-0.1589899,-0.053817302,-0.034435272,-0.23424649,-0.077598386,0.011434913,-0.27821738,-0.10023008,-0.059342265,-0.29826796,-0.045489863,-0.08154333,-0.4385195,-0.08410486,-0.091285706,-0.53144413,-0.10592716,-0.09857845,-0.60659444,-0.11781035,-0.0017536283,-0.28758216,-0.057032622,0.026156127,-0.4386698,-0.10079209,0.041876674,-0.54293287,-0.1244745,0.055785894,-0.62572765,-0.13260137,0.044353187,-0.24440241,-0.07113981,0.038618207,-0.2791527,-0.12580568,0.0056892633,-0.20049137,-0.1268277,-0.010133028,-0.14317667,-0.10969061,0.0774799,-0.18667465,-0.08751252,0.06371194,-0.21771657,-0.12551537,0.033689797,-0.15529346,-0.11370341,0.019616544,-0.10496825,-0.093419835
-0.058024287,-0.055662274,-0.028629122,-0.077572584,-0.16108263,-0.049122915,-0.034650028,-0.2343542,-0.0718507,0.010864794,-0.27748805,-0.09360179,-0.057210445,-0.29673684,-0.04127188,-0.0802176,-0.43814135,-0.077776685,-0.0903995,-0.53142804,-0.09797923,-0.09781784,-0.60747254,-0.10861961,-0.00040191412,-0.28759867,-0.053027134,0.027705193,-0.43839568,-0.09385347,0.043338597,-0.5420572,-0.115882166,0.05671549,-0.62397337,-0.1230792,0.044994116,-0.24700737,-0.0671893,0.037494063,-0.2804116,-0.11912218,0.00479275,-0.20299256,-0.120494284,-0.010811925,-0.14483559,-0.10402214,0.07763171,-0.19246835,-0.0833868,0.062390625,-0.22016406,-0.11907136,0.03232664,-0.15757751,-0.10760268,0.018631995,-0.105906844,-0.08791056
-0.058047593,-0.056072652,-0.028721383,-0.07749128,-0.16456866,-0.04930947,-0.03385371,-0.241422,-0.07211588,0.011125147,-0.28633845,-0.09396272,-0.05779171,-0.29956365,-0.04207998,-0.07926834,-0.44067788,-0.0788593,-0.08951187,-0.533488,-0.09925706,-0.097212166,-0.6090815,-0.110057704,-0.0014511347,-0.28904957,-0.05420428,0.026225984,-0.44097906,-0.09529228,0.041941524,-0.5444398,-0.11705868,0.055401385,-0.6263813,-0.12415445,0.04429859,-0.24697,-0.06865873,0.03868878,-0.28560346,-0.12161627,0.0058421493,-0.20655447,-0.1222441,-0.010465801,-0.14707172,-0.105085805,0.077259004,-0.19039905,-0.085071556,0.06378716,-0.22392827,-0.12162163,0.03351134,-0.1617049,-0.109340385,0.018931746,-0.109550595,-0.08895265
-0.057506382,-0.05650431,-0.028138103,-0.07613683,-0.16590548,-0.047605325,-0.031006157,-0.24299377,-0.06933367,0.015351772,-0.2876225,-0.090060234,-0.05861354,-0.30041963,-0.040037863,-0.081074536,-0.4409706,-0.07582111,-0.09195635,-0.5334008,-0.09567091,-0.10044712,-0.60859454,-0.106152855,-0.0015608072,-0.29000807,-0.052082207,0.025685191,-0.441177,-0.09221104,0.040884256,-0.54505587,-0.11383934,0.054002702,-0.6270725,-0.12080688,0.044368327,-0.24760526,-0.066511765,0.037552714,-0.283179,-0.11862391,0.0045183897,-0.20438117,-0.11970873,-0.011576772,-0.14576912,-0.10288269,0.07730055,-0.19126809,-0.082913764,0.06308949,-0.22181666,-0.11915449,0.032958806,-0.15958846,-0.10740863,0.019054413,-0.10835183,-0.08737763
-0.057216346,-0.053411186,-0.029913617,-0.07721013,-0.1602639,-0.05036958,-0.033673763,-0.23615152,-0.07276746,0.012622476,-0.2779215,-0.09421059,-0.058677018,-0.2970301,-0.042669937,-0.07967919,-0.43771708,-0.07981289,-0.08960512,-0.53002834,-0.10054783,-0.0975256,-0.60463643,-0.11141129,-0.0016281009,-0.28737652,-0.053857587,0.025012612,-0.43893164,-0.09514314,0.04033178,-0.5424141,-0.11743693,0.053788185,-0.62389016,-0.12461129,0.04426831,-0.24597162,-0.067503765,0.038811445,-0.2792111,-0.119882666,0.006168306,-0.20280701,-0.12165413,-0.010172486,-0.14559245,-0.10519828,0.0769093,-0.19009823,-0.083289705,0.06373578,-0.21718848,-0.11946465,0.03476,-0.15674579,-0.108224094,0.021190464,-0.106589615,-0.088474974
-0.05883324,-0.05273682,-0.029831296,-0.0788371,-0.16120875,-0.05038293,-0.03617251,-0.24029243,-0.07266509,0.0087713,-0.28673595,-0.09366545,-0.060655117,-0.29672843,-0.04294977,-0.08320874,-0.43879312,-0.07934525,-0.09384602,-0.5319717,-0.0994429,-0.101638615,-0.6081152,-0.11036088,-0.003632605,-0.28728282,-0.054093838,0.023426354,-0.43728426,-0.09551093,0.03925526,-0.5398304,-0.117369786,0.053487778,-0.6201943,-0.12461682,0.042018235,-0.24630743,-0.06763061,0.036426663,-0.28044564,-0.11998541,0.002679348,-0.20244682,-0.120407745,-0.013696313,-0.14422482,-0.10353988,0.07514471,-0.19166183,-0.083331905,0.060792267,-0.21854311,-0.12077987,0.030863583,-0.15557206,-0.10993881,0.017146826,-0.104245365,-0.09053115
-0.058134556,-0.053154588,-0.028986339,-0.07805252,-0.16125226,-0.04917447,-0.03505099,-0.23924345,-0.07129698,0.010359049,-0.28281856,-0.09236878,-0.06067103,-0.2961167,-0.042871892,-0.083701074,-0.43763638,-0.07923954,-0.0944747,-0.5310989,-0.09957828,-0.10242441,-0.60749733,-0.11065323,-0.0040127635,-0.2862404,-0.054471422,0.022883356,-0.43686026,-0.095386125,0.038561642,-0.54072165,-0.11712425,0.052542627,-0.62315285,-0.12440988,0.04162532,-0.24469084,-0.06833294,0.036355972,-0.28023434,-0.12045511,0.0031371117,-0.2025606,-0.12082779,-0.012787521,-0.14447117,-0.10385507,0.07462984,-0.18932539,-0.08425146,0.061515868,-0.22053468,-0.12098735,0.031580865,-0.15865749,-0.10940281,0.018086731,-0.10742146,-0.08961726
-0.05797565,-0.05277103,-0.028786846,-0.07817912,-0.15759987,-0.04867887,-0.036213636,-0.23099351,-0.070737526,0.0057404637,-0.27454692,-0.09196023,-0.05951518,-0.29734504,-0.041499697,-0.08161074,-0.43619263,-0.07783459,-0.092333555,-0.52817154,-0.099017575,-0.10091668,-0.6026628,-0.11096645,-0.0019827485,-0.28710258,-0.053684413,0.02516216,-0.43479198,-0.09554393,0.041079104,-0.5392795,-0.11996982,0.054911375,-0.62314713,-0.12907033,0.044063568,-0.24494141,-0.068047315,0.03823465,-0.27817184,-0.12012576,0.0056325793,-0.20063311,-0.12223367,-0.01082617,-0.14433599,-0.10661477,0.07700038,-0.18900669,-0.084493324,0.06095934,-0.21382904,-0.12136965,0.031919837,-0.15258431,-0.11065756,0.018943965,-0.10357839,-0.09141772
-0.05881244,-0.052577734,-0.031323742,-0.078980446,-0.15838993,-0.0531676,-0.036905468,-0.23633951,-0.07653715,0.0074802637,-0.28234065,-0.09868976,-0.060885847,-0.29605514,-0.045604207,-0.082285225,-0.43648195,-0.084196985,-0.09214729,-0.529617,-0.10611812,-0.09931421,-0.60483146,-0.11816745,-0.0037424564,-0.28573084,-0.05706817,0.023208022,-0.4374554,-0.100619674,0.039094925,-0.5415113,-0.12446743,0.05356109,-0.62470514,-0.13292994,0.04269594,-0.24314475,-0.070858546,0.038350284,-0.2808503,-0.12506212,0.004730046,-0.20327234,-0.12578377,-0.012201369,-0.14625019,-0.10876697,0.07609713,-0.1859749,-0.08687192,0.062449455,-0.21734416,-0.12499215,0.03275436,-0.15650725,-0.1132101,0.018330932,-0.10696828,-0.09295726
-0.05839652,-0.054035008,-0.029929982,-0.07825196,-0.15995264,-0.05101633,-0.036076903,-0.23733407,-0.07396557,0.008156717,-0.2820714,-0.09576206,-0.05947709,-0.296758,-0.04391698,-0.08117229,-0.43751037,-0.08155997,-0.09107053,-0.5308118,-0.102993354,-0.09813663,-0.606748,-0.11484536,-0.0026854277,-0.28684253,-0.055706948,0.02381432,-0.4374572,-0.09812167,0.039875984,-0.54110587,-0.121346354,0.054552615,-0.6241145,-0.12970485,0.04330039,-0.24457914,-0.06974278,0.039304614,-0.28118694,-0.12270744,0.005747199,-0.20451796,-0.12348645,-0.011467278,-0.1470381,-0.1069227,0.07625735,-0.18781799,-0.085966825,0.06397247,-0.21767825,-0.12315077,0.03402865,-0.15741062,-0.111649364,0.01923734,-0.10738033,-0.0919389
-0.059592724,-0.05561757,-0.030721726,-0.07860249,-0.16228461,-0.052918103,-0.034061372,-0.23897702,-0.0769594,0.011987388,-0.28344214,-0.09972663,-0.059670568,-0.29572332,-0.045830045,-0.083630204,-0.43772346,-0.08431516,-0.09453142,-0.531626,-0.10615934,-0.10099077,-0.608562,-0.11837603,-0.0027707815,-0.28579986,-0.057637624,0.023229003,-0.43571746,-0.10193509,0.039399862,-0.5402244,-0.12602012,0.0548442,-0.62382066,-0.13466755,0.043187022,-0.24374807,-0.07161788,0.03818029,-0.27918518,-0.12629415,0.0036293268,-0.20030016,-0.12661065,-0.013395071,-0.14158893,-0.10920409,0.076291084,-0.18771315,-0.08782543,0.063017726,-0.21928078,-0.12621248,0.032658935,-0.15769482,-0.11441624,0.018321693,-0.10703826,-0.09408969
-0.058832765,-0.05651927,-0.030180775,-0.07746059,-0.16149366,-0.05222783,-0.0342322,-0.23796713,-0.076365255,0.009892404,-0.2852351,-0.09913886,-0.058042884,-0.2992729,-0.04329615,-0.0817579,-0.43980908,-0.08090876,-0.092871696,-0.53297925,-0.10220283,-0.10007104,-0.60922277,-0.11393001,-0.0015590191,-0.2880075,-0.055356707,0.024197519,-0.4381736,-0.098633,0.0401147,-0.5417035,-0.12224876,0.055312812,-0.6239332,-0.1306898,0.044151545,-0.2449199,-0.0697843,0.037944853,-0.28069806,-0.12420768,0.0036714673,-0.20168555,-0.12506534,-0.012985349,-0.142919,-0.10813235,0.07738048,-0.18857348,-0.086331174,0.06364858,-0.22114187,-0.1240123,0.03281486,-0.15917903,-0.11228522,0.01835674,-0.108211696,-0.09230546
-0.059933424,-0.053443134,-0.031565282,-0.079095125,-0.15983677,-0.05331144,-0.035846293,-0.23944807,-0.07633464,0.008478045,-0.2872488,-0.09779397,-0.061243653,-0.29528445,-0.04570027,-0.08441687,-0.43744373,-0.083744444,-0.09489584,-0.5314541,-0.1053132,-0.10178369,-0.60824525,-0.11736978,-0.004184544,-0.2856313,-0.056766197,0.02242124,-0.43586516,-0.10067447,0.038110435,-0.5398996,-0.124626294,0.05269444,-0.62307715,-0.13322537,0.041759133,-0.24350381,-0.07004056,0.0388242,-0.28107125,-0.124672845,0.0045886636,-0.20389807,-0.12491457,-0.01277858,-0.14624196,-0.10749668,0.07450986,-0.18694931,-0.08553436,0.06294644,-0.22051495,-0.12458014,0.033276618,-0.15962863,-0.112848036,0.018673837,-0.10919875,-0.09238458
-0.057970166,-0.057124674,-0.029506397,-0.07722008,-0.16250628,-0.050565064,-0.03453237,-0.23697269,-0.07369923,0.007958889,-0.28340328,-0.09545564,-0.057828963,-0.30070692,-0.04169644,-0.08050895,-0.44028437,-0.078052394,-0.09200686,-0.5317559,-0.098582886,-0.100358546,-0.60699606,-0.10979919,-0.0014746785,-0.28966594,-0.053295374,0.025278926,-0.4393436,-0.09503358,0.041681588,-0.54168713,-0.11787131,0.056485772,-0.6228211,-0.12590949,0.044511735,-0.24733943,-0.06729252,0.039334774,-0.28172034,-0.11991861,0.005836487,-0.20455843,-0.121047616,-0.01122278,-0.14670455,-0.10466342,0.07832599,-0.19202644,-0.083423965,0.065734744,-0.22238678,-0.119597696,0.03623879,-0.1622374,-0.108063504,0.02242577,-0.11240476,-0.08852025
-0.058457434,-0.05381012,-0.030683542,-0.077605784,-0.15730864,-0.052517522,-0.036336422,-0.23499233,-0.076178595,0.00425148,-0.28536236,-0.09837656,-0.060964465,-0.29719794,-0.04352158,-0.08206105,-0.43888062,-0.08097394,-0.09177482,-0.5318695,-0.102071285,-0.09835988,-0.6077115,-0.11348456,-0.0041399,-0.28594112,-0.054968193,0.023091018,-0.43718237,-0.09836059,0.03894186,-0.5409068,-0.12209708,0.05326134,-0.6226979,-0.13040328,0.042396903,-0.24324274,-0.06869648,0.037804008,-0.28025925,-0.122996666,0.004105091,-0.20238954,-0.12370416,-0.013184369,-0.144364,-0.10655903,0.07626337,-0.18713719,-0.084526435,0.06243223,-0.21962291,-0.12206849,0.03256315,-0.1581651,-0.1098185,0.017980874,-0.10769135,-0.08926352
-0.05813521,-0.057089865,-0.028970279,-0.07722342,-0.16125971,-0.050373513,-0.034365714,-0.23298442,-0.07409777,0.007822096,-0.27714384,-0.096703984,-0.056471884,-0.29944283,-0.042136766,-0.07752347,-0.43798515,-0.07926514,-0.08763087,-0.52971256,-0.100478366,-0.09489247,-0.6045096,-0.11207845,-0.00011694431,-0.28725195,-0.054612502,0.027359426,-0.4378365,-0.09639389,0.043233275,-0.5402523,-0.11929227,0.057488143,-0.6222639,-0.12742318,0.04621023,-0.24391276,-0.06943486,0.041302383,-0.28146762,-0.12271236,0.0073480606,-0.20267683,-0.12346125,-0.010025144,-0.143911,-0.10666244,0.07980144,-0.18643475,-0.08626699,0.067044616,-0.22130996,-0.122553796,0.036764503,-0.16058463,-0.109910235,0.022224844,-0.109992445,-0.08955332
-0.057664633,-0.055854917,-0.029158035,-0.07668197,-0.16114146,-0.05063512,-0.034472883,-0.23610938,-0.0744237,0.008702099,-0.2808355,-0.0971209,-0.057117343,-0.29871637,-0.042686973,-0.07879126,-0.438577,-0.08009385,-0.08885151,-0.5313425,-0.101465635,-0.09553555,-0.60709846,-0.11318145,-0.00053554773,-0.28674006,-0.05503622,0.02654934,-0.43709883,-0.09769936,0.042474747,-0.5407172,-0.121007696,0.057071626,-0.62346697,-0.12926018,0.045650065,-0.24379355,-0.069619626,0.039738894,-0.28214753,-0.123413146,0.0055856705,-0.20254153,-0.12381485,-0.011552393,-0.14256608,-0.10656894,0.07935959,-0.18727684,-0.08624773,0.06569964,-0.22141826,-0.12314862,0.035223186,-0.15965766,-0.11054397,0.020824015,-0.10798895,-0.089955986
-0.059176803,-0.053579748,-0.029934024,-0.07846415,-0.15887666,-0.05015115,-0.035520792,-0.23425186,-0.07239018,0.0072267056,-0.28043956,-0.093401484,-0.061246634,-0.2970729,-0.040460903,-0.08264065,-0.4366085,-0.076678865,-0.09296101,-0.5283576,-0.09679097,-0.10033825,-0.6027231,-0.107540496,-0.0040626526,-0.28674263,-0.051583808,0.0229882,-0.4365158,-0.09442912,0.038183272,-0.54003817,-0.118372835,0.052221477,-0.62078565,-0.12666361,0.042412758,-0.24521762,-0.065119244,0.036371887,-0.28050113,-0.11965417,0.0034097433,-0.20315641,-0.12241861,-0.013007164,-0.14522368,-0.10635112,0.07643628,-0.1907056,-0.08060906,0.060902417,-0.22128946,-0.118860856,0.032269537,-0.15936053,-0.10851878,0.019123614,-0.10844809,-0.089156255
-0.05954337,-0.05199617,-0.03163551,-0.07808024,-0.15682167,-0.0531194,-0.034621537,-0.23217338,-0.0759841,0.008184016,-0.27789652,-0.09749804,-0.060789347,-0.2949692,-0.044802494,-0.084126174,-0.4350598,-0.082312636,-0.09468052,-0.52714705,-0.10373389,-0.10231674,-0.6018392,-0.115751326,-0.003166616,-0.28541362,-0.05561503,0.022725701,-0.4342125,-0.09957579,0.03804767,-0.537349,-0.12459477,0.05238402,-0.6191691,-0.13386369,0.043033063,-0.24373853,-0.06863903,0.03728479,-0.27591825,-0.122304305,0.0041496754,-0.19822413,-0.1238373,-0.01243794,-0.14123988,-0.10756477,0.07628733,-0.18842196,-0.08398073,0.06108737,-0.21270579,-0.12220608,0.032721877,-0.15031976,-0.111493655,0.019733787,-0.100440085,-0.09193832
-0.05843091,-0.05313945,-0.028582716,-0.07762998,-0.15868866,-0.048218686,-0.035126865,-0.23415095,-0.0700607,0.006234467,-0.27955353,-0.09097863,-0.06180471,-0.2974528,-0.040818006,-0.08397195,-0.4359016,-0.07759452,-0.094406426,-0.5271637,-0.09930433,-0.102620065,-0.6020702,-0.111677736,-0.0044276714,-0.28809452,-0.05283842,0.021472633,-0.4360376,-0.09514894,0.037246525,-0.53919697,-0.11978787,0.05151528,-0.62225574,-0.12922761,0.04198563,-0.24683684,-0.06701525,0.035310388,-0.2774402,-0.11935091,0.0035979152,-0.1979245,-0.120810315,-0.012054563,-0.14034307,-0.10482627,0.07551032,-0.19187003,-0.08336657,0.05940813,-0.2144252,-0.120677136,0.031135857,-0.15016687,-0.109748974,0.018290997,-0.09916043,-0.09032649
-0.0581488,-0.055745184,-0.028888665,-0.0772866,-0.16449541,-0.04835369,-0.0325076,-0.24081135,-0.070015006,0.012342811,-0.28519905,-0.09059954,-0.060499728,-0.29993105,-0.03916138,-0.0825572,-0.43908423,-0.075423785,-0.093544155,-0.5305561,-0.096592724,-0.10199726,-0.6045792,-0.10860596,-0.0035519004,-0.2886924,-0.051240683,0.022150338,-0.43908542,-0.093913004,0.03719914,-0.5424279,-0.118798494,0.05107236,-0.62567794,-0.12808566,0.042749822,-0.2458117,-0.0655422,0.037899435,-0.28198618,-0.11944589,0.004398823,-0.2010625,-0.120993115,-0.012733638,-0.14311767,-0.10438401,0.076082885,-0.18912607,-0.081856616,0.06149167,-0.21964383,-0.12035319,0.031928778,-0.1555084,-0.10881678,0.017865896,-0.10474324,-0.08855932
-0.05786723,-0.056377888,-0.028410938,-0.074765146,-0.16367662,-0.0482817,-0.031202912,-0.23819506,-0.07043501,0.0102113485,-0.28455043,-0.09158626,-0.058538854,-0.299421,-0.039294418,-0.07965946,-0.43746758,-0.07563678,-0.09093422,-0.52806664,-0.096823394,-0.09999904,-0.60186565,-0.10861757,-0.0013138056,-0.28801668,-0.05148195,0.024168432,-0.43755874,-0.09424893,0.039576173,-0.54052556,-0.11942471,0.05362153,-0.6231445,-0.12875888,0.045761824,-0.24568927,-0.06569613,0.038348496,-0.27838326,-0.11903285,0.004501581,-0.19691229,-0.120205656,-0.013153076,-0.13867551,-0.1033884,0.08011711,-0.19065201,-0.08189637,0.06287378,-0.21859169,-0.11896705,0.033489168,-0.15364021,-0.10635115,0.019802928,-0.10217571,-0.08542426
-0.057783782,-0.055868804,-0.028560745,-0.074977994,-0.16237485,-0.04833695,-0.03195715,-0.23818874,-0.07023723,0.009441137,-0.28587377,-0.09109441,-0.05870956,-0.29889148,-0.03888583,-0.08067745,-0.4369423,-0.074777976,-0.09121725,-0.5281092,-0.09549997,-0.09936574,-0.60258603,-0.10686247,-0.0015558004,-0.28842247,-0.050851207,0.024072051,-0.43930578,-0.09196406,0.03883326,-0.54225296,-0.11577951,0.052386463,-0.62516093,-0.12435728,0.0453164,-0.24640769,-0.06503002,0.03788191,-0.27911842,-0.11721541,0.0038725734,-0.19893664,-0.11836046,-0.013114274,-0.14136034,-0.101828754,0.079033315,-0.19102758,-0.08121551,0.06251633,-0.21857083,-0.11750352,0.032598853,-0.15434802,-0.10516169,0.019043565,-0.10358989,-0.084714346
-0.05828488,-0.055806696,-0.029345756,-0.07601249,-0.16194004,-0.049579535,-0.034273326,-0.2365452,-0.07169827,0.0064560175,-0.28489846,-0.09261299,-0.05885446,-0.29901564,-0.04069844,-0.08080006,-0.43788594,-0.076885395,-0.09168461,-0.5299044,-0.09771493,-0.09972614,-0.6046156,-0.109332465,-0.0016322732,-0.2878468,-0.05221009,0.023377776,-0.4380299,-0.09459008,0.03824407,-0.54083645,-0.119292356,0.0521183,-0.6228488,-0.1285403,0.04506272,-0.24581134,-0.06586495,0.039114177,-0.28037435,-0.118720174,0.0038736463,-0.20221686,-0.120530225,-0.015333116,-0.14531672,-0.10456737,0.07886022,-0.19148135,-0.081554554,0.06266594,-0.21933228,-0.11842777,0.032435,-0.15688968,-0.10700029,0.017573476,-0.10690737,-0.08725979
-0.057189524,-0.05726701,-0.028388813,-0.07559854,-0.16226763,-0.048071973,-0.034554183,-0.23664409,-0.070156544,0.0055286884,-0.2852316,-0.090896405,-0.05779642,-0.30075157,-0.03788344,-0.08025414,-0.439139,-0.07319026,-0.091802865,-0.5293037,-0.09310324,-0.100124925,-0.6029843,-0.10382848,-0.0018332005,-0.28922057,-0.049596798,0.023610532,-0.43973845,-0.09130356,0.038294315,-0.54245275,-0.11536494,0.052583814,-0.6235782,-0.12405675,0.04439783,-0.24702692,-0.063580364,0.037662804,-0.27982134,-0.11648811,0.0024121404,-0.20217669,-0.11920078,-0.015686989,-0.14515561,-0.10368737,0.07846278,-0.19252431,-0.079539284,0.06277162,-0.21914238,-0.11623122,0.03292203,-0.15741706,-0.10565084,0.01901412,-0.10799587,-0.086618535
-0.057189524,-0.05726701,-0.028388813,-0.07559854,-0.16226763,-0.048071973,-0.034554183,-0.23664409,-0.070156544,0.0055286884,-0.2852316,-0.090896405,-0.05779642,-0.30075157,-0.03788344,-0.08025414,-0.439139,-0.07319026,-0.091802865,-0.5293037,-0.09310324,-0.100124925,-0.6029843,-0.10382848,-0.0018332005,-0.28922057,-0.049596798,0.023610532,-0.43973845,-0.09130356,0.038294315,-0.54245275,-0.11536494,0.052583814,-0.6235782,-0.12405675,0.04439783,-0.24702692,-0.063580364,0.037662804,-0.27982134,-0.11648811,0.0024121404,-0.20217669,-0.11920078,-0.015686989,-0.14515561,-0.10368737,0.07846278,-0.19252431,-0.079539284,0.06277162,-0.21914238,-0.11623122,0.03292203,-0.15741706,-0.10565084,0.01901412,-0.10799587,-0.086618535
-0.058435857,-0.0555166,-0.027710507,-0.07746768,-0.16142476,-0.047472,-0.03548795,-0.236341,-0.06963671,0.0057219863,-0.28465086,-0.09063452,-0.06013435,-0.29694998,-0.039328407,-0.08321282,-0.43605727,-0.07531507,-0.093961865,-0.5272374,-0.095788956,-0.10182217,-0.60143673,-0.10708833,-0.0032856464,-0.28729522,-0.051605903,0.021796525,-0.43686348,-0.094046295,0.036348164,-0.5405328,-0.11899997,0.05010891,-0.6232797,-0.1283149,0.042966485,-0.24661487,-0.0658787,0.03549391,-0.27627146,-0.11772825,0.0015158653,-0.19722235,-0.11909315,-0.015494883,-0.14047682,-0.102884986,0.07692093,-0.19301587,-0.08220665,0.059523165,-0.21651345,-0.117995635,0.030385017,-0.15333146,-0.10640171,0.017298281,-0.103687525,-0.086590685
-0.058080018,-0.05321151,-0.029014898,-0.07757157,-0.15655094,-0.050362892,-0.03589219,-0.2313078,-0.07395964,0.0048891306,-0.27866387,-0.09644685,-0.061457276,-0.29301578,-0.043622844,-0.08440003,-0.4325511,-0.08178116,-0.09535402,-0.52375877,-0.103829905,-0.10359782,-0.59839964,-0.11608136,-0.004933715,-0.28219068,-0.05617631,0.020280957,-0.4314612,-0.10060126,0.036022544,-0.5351389,-0.12576489,0.05023557,-0.6190593,-0.13500962,0.041417718,-0.24061716,-0.0706486,0.035025895,-0.27424783,-0.12489834,0.0035050511,-0.19323212,-0.12506887,-0.012065709,-0.13491923,-0.10747036,0.07543534,-0.18526977,-0.08719129,0.060370803,-0.21464044,-0.124816895,0.032440305,-0.15095794,-0.11177177,0.019215822,-0.09994483,-0.09041027
-0.059482515,-0.056582272,-0.029025227,-0.077079475,-0.16277552,-0.04945373,-0.03471005,-0.23772275,-0.07205737,0.0070053935,-0.28414357,-0.093510345,-0.06100452,-0.29773504,-0.040383574,-0.083955616,-0.43761986,-0.07694106,-0.09448421,-0.5309515,-0.09762791,-0.10187173,-0.6058694,-0.10878972,-0.0038719177,-0.28687757,-0.052315928,0.021761417,-0.43763018,-0.095146626,0.036228836,-0.541693,-0.11960439,0.049349308,-0.6235819,-0.12803358,0.04309064,-0.2451734,-0.06640714,0.036727667,-0.28146446,-0.12055693,0.0024302602,-0.20182884,-0.12217016,-0.015800536,-0.14282048,-0.10506741,0.07741785,-0.19037837,-0.08237498,0.060947776,-0.2225312,-0.119763225,0.031347692,-0.16009796,-0.107516356,0.016968489,-0.10888034,-0.086520836
-0.058377624,-0.05546677,-0.029125681,-0.0760594,-0.15934443,-0.05034098,-0.035401344,-0.23383611,-0.07397546,0.0049004555,-0.28053117,-0.0962411,-0.058825076,-0.29561543,-0.04153325,-0.081615895,-0.4343925,-0.079055995,-0.09229481,-0.5261566,-0.10099525,-0.10037738,-0.60084236,-0.113345355,-0.0023114681,-0.28442585,-0.05415599,0.022067428,-0.4339708,-0.09824124,0.037650883,-0.5379635,-0.12391811,0.051909626,-0.62148315,-0.13352259,0.044258773,-0.24222946,-0.06881457,0.038921833,-0.2747438,-0.12262095,0.0059103966,-0.19407141,-0.12284794,-0.012103438,-0.13594317,-0.10527109,0.078252494,-0.18655217,-0.08566448,0.06456107,-0.21658725,-0.12247248,0.035889745,-0.15424246,-0.10924216,0.020739138,-0.10345286,-0.08785553
-0.05774373,-0.05449426,-0.029343624,-0.07634801,-0.16050208,-0.05010644,-0.034864247,-0.23723549,-0.073112756,0.007886589,-0.28192127,-0.0948793,-0.059570074,-0.29610646,-0.041980293,-0.08233455,-0.43682832,-0.079767205,-0.0926649,-0.52845603,-0.101678744,-0.10030821,-0.60307944,-0.11370908,-0.0028652549,-0.28560984,-0.054073937,0.022243619,-0.4352145,-0.097774155,0.03841108,-0.5387989,-0.122449294,0.052983522,-0.622304,-0.13120413,0.043384314,-0.2440306,-0.068294175,0.03939718,-0.2752846,-0.121708505,0.0071946383,-0.19483387,-0.12196032,-0.010010421,-0.13678187,-0.104306765,0.07681948,-0.18842602,-0.08475516,0.06474692,-0.21639478,-0.121360555,0.03603077,-0.15396714,-0.10833011,0.020809233,-0.10349661,-0.08701732
-0.057823718,-0.053599954,-0.030682972,-0.07744014,-0.15919572,-0.052172482,-0.03565073,-0.2363509,-0.07565786,0.0071355104,-0.28307265,-0.0979087,-0.05984831,-0.2974565,-0.043391444,-0.082130045,-0.4376021,-0.08172006,-0.09323484,-0.52823204,-0.103909604,-0.10149944,-0.602612,-0.116144635,-0.0030539036,-0.28746074,-0.054780573,0.021575093,-0.43807077,-0.099017456,0.037900925,-0.541034,-0.12414316,0.052751064,-0.62373114,-0.13327797,0.043248236,-0.24628913,-0.068409294,0.037098527,-0.276429,-0.12279534,0.005227089,-0.19523555,-0.12409732,-0.011308193,-0.13691187,-0.10711971,0.07649994,-0.19154018,-0.08428259,0.062322915,-0.21755934,-0.1219378,0.034416318,-0.15392911,-0.10988685,0.02079451,-0.10301316,-0.08923737
-0.05816579,-0.052152276,-0.029087942,-0.07782537,-0.15838182,-0.049549643,-0.036840856,-0.23580724,-0.072057046,0.005148828,-0.28406662,-0.093288265,-0.061478972,-0.2952934,-0.04152827,-0.08398199,-0.43586826,-0.07878528,-0.094246864,-0.5277317,-0.10019568,-0.10198283,-0.60243386,-0.11208345,-0.0038751364,-0.28658664,-0.053365197,0.021198094,-0.4360649,-0.09675687,0.03715849,-0.53941363,-0.12170473,0.051562548,-0.6221255,-0.13078068,0.04294324,-0.2466321,-0.067247726,0.03685534,-0.2766376,-0.12003951,0.004101217,-0.19633949,-0.12062313,-0.013024628,-0.13881248,-0.10359139,0.07671708,-0.19301635,-0.08333282,0.060877383,-0.21591872,-0.12055669,0.031980813,-0.15159965,-0.10873244,0.017566979,-0.10073072,-0.08826058
-0.058293223,-0.05357629,-0.030364769,-0.07698232,-0.16061538,-0.05176176,-0.03474486,-0.238172,-0.07507334,0.009455979,-0.28619432,-0.09687758,-0.060881436,-0.29429895,-0.04260548,-0.08386472,-0.43529075,-0.08080668,-0.09416044,-0.52736527,-0.10257431,-0.1022017,-0.60222816,-0.11475995,-0.0034507513,-0.28473443,-0.054360177,0.021906912,-0.4363429,-0.09910912,0.03730488,-0.5393236,-0.12420093,0.051238894,-0.62151575,-0.13320887,0.04311633,-0.24347883,-0.0683344,0.037726462,-0.27519995,-0.12237812,0.0042967796,-0.19345295,-0.12180535,-0.012953699,-0.13575464,-0.10362813,0.07696515,-0.18899214,-0.08464154,0.062343597,-0.21556252,-0.12244363,0.03311485,-0.1510582,-0.10978737,0.018384635,-0.10062194,-0.08861896
-0.057537615,-0.054539323,-0.029712612,-0.0751726,-0.16159517,-0.050668348,-0.0331195,-0.23957151,-0.07373684,0.010433257,-0.28845054,-0.095381185,-0.06003678,-0.29484278,-0.041620947,-0.082625985,-0.43580028,-0.07968931,-0.09298295,-0.527852,-0.10176189,-0.10097721,-0.602682,-0.11437954,-0.002490759,-0.2848317,-0.053909592,0.022854865,-0.4353422,-0.09881326,0.038182855,-0.53888184,-0.124699704,0.052428722,-0.6220999,-0.13456392,0.044100225,-0.24329215,-0.06836176,0.038400114,-0.2771095,-0.1227434,0.0044587255,-0.1952557,-0.12246725,-0.01301986,-0.13762021,-0.10472647,0.077860355,-0.18855137,-0.08507956,0.062291563,-0.21525133,-0.123572156,0.03232199,-0.15027922,-0.11116122,0.01753205,-0.09936035,-0.0902163
-0.05782473,-0.05551541,-0.029999305,-0.075764954,-0.16276383,-0.05071477,-0.03277713,-0.23914301,-0.073470004,0.011678159,-0.28506494,-0.09490671,-0.060375452,-0.29674983,-0.04111771,-0.08287397,-0.43689036,-0.07867056,-0.0937179,-0.52884054,-0.100480944,-0.10241544,-0.6036819,-0.11282546,-0.0029174685,-0.28598088,-0.053000197,0.02207309,-0.43674868,-0.097036116,0.03696972,-0.5402281,-0.12248447,0.050459445,-0.6233442,-0.13198882,0.043813646,-0.2437684,-0.06714189,0.03793788,-0.27697533,-0.12141604,0.004484296,-0.19657135,-0.122278064,-0.012810588,-0.13936007,-0.10506769,0.07767749,-0.18864071,-0.0834972,0.06267661,-0.21760887,-0.12165498,0.033922553,-0.15391976,-0.10968746,0.020045042,-0.10329676,-0.08907566
-0.058867395,-0.055090427,-0.03063892,-0.07791263,-0.16146314,-0.05253586,-0.034788787,-0.23651046,-0.07630169,0.01052326,-0.28213614,-0.09880721,-0.059590638,-0.29381394,-0.04416185,-0.08388552,-0.43356234,-0.08236989,-0.09514472,-0.5256416,-0.104303114,-0.10345143,-0.600476,-0.116474226,-0.002698183,-0.28364164,-0.055689123,0.021637022,-0.43358397,-0.099825405,0.036309004,-0.5365099,-0.124463834,0.049874544,-0.6186495,-0.13320062,0.043452084,-0.242329,-0.069442526,0.03764397,-0.27622992,-0.12383391,0.004190862,-0.19613248,-0.124357335,-0.012863457,-0.13764286,-0.10672634,0.07681996,-0.1874373,-0.08539908,0.06286937,-0.21872139,-0.12330888,0.03376615,-0.15605235,-0.11102412,0.019529462,-0.10458374,-0.0900534
-0.05913937,-0.054801643,-0.029817693,-0.077756524,-0.1598438,-0.05174618,-0.03598821,-0.23457849,-0.07599607,0.008126378,-0.27985567,-0.09894442,-0.05981815,-0.29294467,-0.04305564,-0.08477491,-0.43250555,-0.08104236,-0.09627378,-0.52463466,-0.10278649,-0.104519695,-0.599234,-0.11486087,-0.0035455823,-0.2825706,-0.055317026,0.020106137,-0.43202475,-0.09986826,0.034033656,-0.53599226,-0.12498436,0.04744357,-0.618888,-0.13409741,0.04203725,-0.24115258,-0.069765754,0.034966946,-0.2777329,-0.12425728,0.0023168921,-0.1972394,-0.12446072,-0.013759315,-0.13837916,-0.10663345,0.0756402,-0.18615246,-0.0863897,0.060712576,-0.2207002,-0.124035634,0.032387257,-0.15821636,-0.111359484,0.018802881,-0.10619861,-0.09020069
-0.058071136,-0.055619955,-0.029094536,-0.07774061,-0.1615389,-0.049811117,-0.03594047,-0.23731029,-0.07266295,0.008708656,-0.28296632,-0.094340205,-0.061414123,-0.29480863,-0.04188265,-0.08510208,-0.4355988,-0.07967831,-0.09541553,-0.52858126,-0.100991644,-0.10285041,-0.60323286,-0.11259126,-0.0038240552,-0.28551173,-0.053527907,0.020373523,-0.4352532,-0.097588874,0.034712017,-0.5387325,-0.12275078,0.048221767,-0.62078035,-0.1316586,0.042916358,-0.24541694,-0.06721086,0.03556186,-0.2767511,-0.120977186,0.0023058653,-0.19634145,-0.122013666,-0.014625788,-0.13752878,-0.104694076,0.07703525,-0.19195914,-0.08296351,0.059488,-0.21624047,-0.12034155,0.03047657,-0.15260577,-0.10861495,0.016524196,-0.10147077,-0.08794284
-0.058655083,-0.054074407,-0.029430844,-0.079672396,-0.16107482,-0.05018063,-0.038317323,-0.23825443,-0.07281081,0.006290376,-0.28486377,-0.094296604,-0.06261027,-0.29497123,-0.042770166,-0.08619228,-0.43574917,-0.08062302,-0.09687674,-0.5283531,-0.10206791,-0.10488939,-0.6031604,-0.113765985,-0.0050581694,-0.28620845,-0.05423337,0.019383132,-0.43754297,-0.097909875,0.033827245,-0.5415343,-0.122654594,0.047049046,-0.6244422,-0.13136029,0.041834414,-0.24640179,-0.067725286,0.03404522,-0.2779587,-0.1212983,0.0010322928,-0.19725019,-0.12220199,-0.015520215,-0.13831931,-0.10490316,0.075903535,-0.19316632,-0.08330052,0.05739522,-0.2173227,-0.12081062,0.028425932,-0.15294325,-0.109011315,0.015034735,-0.10143912,-0.08832656
-0.05796528,-0.05595708,-0.030088171,-0.07723296,-0.16142434,-0.052224975,-0.035889506,-0.23742259,-0.07631159,0.008057892,-0.2844118,-0.09909877,-0.058831215,-0.2948972,-0.044439197,-0.08225003,-0.43522504,-0.083295286,-0.093096524,-0.527528,-0.1057629,-0.100712866,-0.6025398,-0.11825646,-0.0017889738,-0.28476477,-0.056433912,0.022020698,-0.43533397,-0.101427004,0.036394894,-0.53940237,-0.1272612,0.050072193,-0.62338173,-0.13684829,0.0449785,-0.24352813,-0.07038243,0.037365735,-0.27662075,-0.12534843,0.0031449199,-0.19523358,-0.12593889,-0.014744461,-0.13613504,-0.10832055,0.07893032,-0.18855691,-0.08644432,0.062042534,-0.21818793,-0.12476262,0.032493353,-0.15433437,-0.1120543,0.017985046,-0.10216069,-0.09065377
-0.05830449,-0.0541597,-0.029203674,-0.07788044,-0.15884656,-0.050572746,-0.03716141,-0.23347664,-0.07400519,0.0040931106,-0.28128844,-0.09626397,-0.05988431,-0.29576766,-0.04371732,-0.08272308,-0.4364964,-0.08163005,-0.093527764,-0.52851117,-0.10341919,-0.10158962,-0.60333884,-0.11552834,-0.0026810765,-0.28552926,-0.055632442,0.02220422,-0.43576625,-0.10007058,0.03739804,-0.5391339,-0.12556228,0.051668406,-0.62179637,-0.1349793,0.043900847,-0.244775,-0.06943083,0.03599626,-0.2771917,-0.123084545,0.002024591,-0.197002,-0.123880714,-0.015605509,-0.1391334,-0.10690861,0.07808423,-0.191095,-0.085299574,0.060257614,-0.21776831,-0.12241205,0.03117168,-0.15400702,-0.110101104,0.017574787,-0.10310513,-0.08940145
-0.056719363,-0.055413246,-0.028085057,-0.076688945,-0.1589446,-0.049739733,-0.037043214,-0.232297,-0.07386348,0.0026353002,-0.28216654,-0.0970014,-0.056069374,-0.29489082,-0.04493684,-0.08124986,-0.43600082,-0.08355268,-0.0924463,-0.5273582,-0.105348304,-0.09971359,-0.6031003,-0.117427915,0.00073730946,-0.28575432,-0.057843257,0.025715947,-0.43615216,-0.1026067,0.042865515,-0.53965366,-0.12825614,0.0589903,-0.62394094,-0.13776687,0.04741019,-0.24557948,-0.07235125,0.03709346,-0.27218807,-0.12650537,0.0037950277,-0.18848187,-0.12682761,-0.013011694,-0.128348,-0.10949208,0.08131313,-0.19190896,-0.088877335,0.061650097,-0.21364868,-0.12649608,0.03288442,-0.14744848,-0.11351843,0.019361377,-0.09447992,-0.09222477
-0.057742715,-0.056164622,-0.02861836,-0.076757014,-0.16112697,-0.049942724,-0.035792172,-0.23439991,-0.07363618,0.0048027635,-0.28305483,-0.096098654,-0.056197107,-0.2971462,-0.04315817,-0.0794518,-0.437308,-0.0814278,-0.09073919,-0.52860826,-0.103275634,-0.09847742,-0.6040163,-0.115340605,0.0005567074,-0.28739125,-0.05560978,0.024754047,-0.43715546,-0.100398965,0.041199565,-0.5404366,-0.12625776,0.05713898,-0.62434345,-0.13587649,0.047134876,-0.24713713,-0.069895566,0.038634896,-0.273867,-0.12409954,0.0038886666,-0.19105619,-0.12485627,-0.014366329,-0.1320647,-0.10771202,0.08090007,-0.19381928,-0.08630017,0.062805295,-0.2157684,-0.12367102,0.03332436,-0.15009713,-0.11116212,0.019174397,-0.098400414,-0.0902546
-0.058028698,-0.055559397,-0.027424512,-0.07932162,-0.1620261,-0.047660567,-0.03841865,-0.23370916,-0.07022069,0.004822612,-0.27891952,-0.09185541,-0.057861745,-0.29789054,-0.04209148,-0.08108178,-0.43937957,-0.07856681,-0.091925204,-0.53139096,-0.09948185,-0.09940237,-0.6067375,-0.111443415,-0.0006136298,-0.2884457,-0.05426731,0.023540437,-0.43942362,-0.09672154,0.038718462,-0.54216623,-0.12152536,0.05355233,-0.6252292,-0.13118096,0.045798242,-0.24810791,-0.06815569,0.03680396,-0.28017527,-0.119661115,0.00077170134,-0.20020634,-0.121003464,-0.01846975,-0.14182818,-0.105363004,0.07953131,-0.19509536,-0.08407696,0.059964657,-0.2163024,-0.1208122,0.029133677,-0.15225339,-0.110095605,0.013814211,-0.10135198,-0.09106943
-0.057162166,-0.057311,-0.02759795,-0.07571381,-0.16190517,-0.04762905,-0.03400165,-0.23286915,-0.069916464,0.008587658,-0.2778204,-0.091213666,-0.054825246,-0.29621744,-0.04042303,-0.07623607,-0.4375785,-0.076200746,-0.08718899,-0.53012174,-0.09602088,-0.09522271,-0.60552526,-0.106726736,0.0017202497,-0.2862118,-0.052226275,0.027523756,-0.4362956,-0.093117304,0.04257232,-0.5383831,-0.1163672,0.056565404,-0.61952823,-0.12466043,0.047570527,-0.2459386,-0.06600793,0.037745,-0.2781282,-0.11748528,0.0024979115,-0.2019124,-0.11954855,-0.015783489,-0.14456224,-0.10409478,0.080679834,-0.19247407,-0.081688024,0.06196958,-0.21570551,-0.11759142,0.03108406,-0.15367872,-0.10658744,0.016327858,-0.102774024,-0.08734896
-0.05721873,-0.054301143,-0.028723745,-0.07714367,-0.15978986,-0.04977755,-0.03631544,-0.23188841,-0.07273887,0.006039381,-0.27873075,-0.09457118,-0.057354152,-0.2971459,-0.043593995,-0.07891202,-0.43767303,-0.08079802,-0.089413375,-0.5293851,-0.1017304,-0.09704414,-0.603763,-0.11337701,0.00073194504,-0.28743637,-0.05544603,0.026213825,-0.43750915,-0.09866267,0.041519403,-0.54001385,-0.12381562,0.056036413,-0.62229335,-0.1332651,0.047831357,-0.24702185,-0.06900025,0.038473904,-0.27655202,-0.12104791,0.0017344952,-0.19722933,-0.12194527,-0.017985165,-0.14030862,-0.10571098,0.08183855,-0.1933487,-0.0846397,0.06166929,-0.21226639,-0.121241264,0.030434966,-0.14781576,-0.10954587,0.015450954,-0.09760702,-0.089546286
-0.059808433,-0.055612504,-0.030533182,-0.0783937,-0.15938127,-0.05256015,-0.03611678,-0.2332992,-0.07663126,0.006957352,-0.28225732,-0.09906227,-0.058463216,-0.29446,-0.04265655,-0.080560565,-0.43502423,-0.08078686,-0.091299236,-0.5274829,-0.101931624,-0.09882593,-0.6026399,-0.11330483,-0.0019661784,-0.28497922,-0.053903487,0.022727013,-0.43428773,-0.098547064,0.03716725,-0.53765386,-0.12342034,0.051278055,-0.6196086,-0.13220006,0.043684423,-0.24489206,-0.06753527,0.03527087,-0.27341354,-0.121815406,0.00023418665,-0.19511753,-0.12312026,-0.017595768,-0.13803506,-0.106255874,0.07700974,-0.19139475,-0.08344193,0.060293853,-0.21358901,-0.12052612,0.029058814,-0.15156877,-0.1093614,0.013229251,-0.102522016,-0.0895475
-0.059188485,-0.05812317,-0.029887984,-0.07733357,-0.16331625,-0.051746603,-0.036088765,-0.2383942,-0.075793825,0.0061237216,-0.28975248,-0.09837077,-0.056553423,-0.29635566,-0.041152477,-0.0786742,-0.43625838,-0.078499936,-0.090217054,-0.5279441,-0.0991091,-0.098264754,-0.6028093,-0.10995227,-0.0006787777,-0.284855,-0.052646674,0.02332598,-0.43518138,-0.09612618,0.036623,-0.5395751,-0.12073811,0.049969137,-0.6227033,-0.12954484,0.045413136,-0.24378765,-0.06650069,0.03467822,-0.27555722,-0.12162386,-0.0021134615,-0.19609171,-0.124075934,-0.020852685,-0.13746154,-0.10770507,0.079301,-0.19006008,-0.08229938,0.059755147,-0.21837276,-0.1203737,0.028042078,-0.1546244,-0.10917928,0.01272881,-0.102482975,-0.08921703
-0.059188485,-0.05812317,-0.029887984,-0.07733357,-0.16331625,-0.051746603,-0.036088765,-0.2383942,-0.075793825,0.0061237216,-0.28975248,-0.09837077,-0.056553423,-0.29635566,-0.041152477,-0.0786742,-0.43625838,-0.078499936,-0.090217054,-0.5279441,-0.0991091,-0.098264754,-0.6028093,-0.10995227,-0.0006787777,-0.284855,-0.052646674,0.02332598,-0.43518138,-0.09612618,0.036623,-0.5395751,-0.12073811,0.049969137,-0.6227033,-0.12954484,0.045413136,-0.24378765,-0.06650069,0.03467822,-0.27555722,-0.12162386,-0.0021134615,-0.19609171,-0.124075934,-0.020852685,-0.13746154,-0.10770507,0.079301,-0.19006008,-0.08229938,0.059755147,-0.21837276,-0.1203737,0.028042078,-0.1546244,-0.10917928,0.01272881,-0.102482975,-0.08921703
-0.0599975,-0.057143807,-0.03011982,-0.07771385,-0.16130906,-0.052607566,-0.0367167,-0.2362408,-0.07719029,0.004780948,-0.28616863,-0.10025743,-0.056954563,-0.29528505,-0.042992707,-0.07986039,-0.43454707,-0.080916464,-0.09140572,-0.5267743,-0.10247971,-0.09906232,-0.6018883,-0.114343464,-0.000977099,-0.2834624,-0.05488967,0.022586524,-0.4340462,-0.09916004,0.035841882,-0.5380691,-0.12414009,0.049418032,-0.62078214,-0.13337772,0.044991672,-0.24117559,-0.06897707,0.03634578,-0.27731848,-0.12362842,-0.00095671415,-0.19915867,-0.12464554,-0.020502985,-0.14144099,-0.10778434,0.078651905,-0.18581396,-0.085163355,0.062027752,-0.2183199,-0.122947656,0.030649245,-0.15648377,-0.110917486,0.015033841,-0.10575211,-0.090556465
-0.059129417,-0.057019413,-0.0287409,-0.077491105,-0.16194206,-0.049637843,-0.03603345,-0.23582876,-0.072858,0.0042611957,-0.28542465,-0.09479707,-0.057291627,-0.29875177,-0.040715717,-0.07843661,-0.4375407,-0.07819051,-0.08875343,-0.5289568,-0.10004828,-0.09638572,-0.60311157,-0.112241104,-0.00044852495,-0.28797525,-0.052914802,0.022817254,-0.43881297,-0.09599523,0.035635293,-0.5418004,-0.121162154,0.048424125,-0.6240158,-0.13087003,0.045927107,-0.24618214,-0.06729495,0.03666383,-0.27984726,-0.12030314,0.0008959174,-0.20051491,-0.121511005,-0.017664671,-0.14326149,-0.105320506,0.079414785,-0.19119191,-0.083792455,0.061300993,-0.21878618,-0.12066093,0.030071914,-0.15555799,-0.108903036,0.01482147,-0.1052379,-0.089038774
-0.05895537,-0.05694425,-0.029536743,-0.077937245,-0.16090399,-0.051363494,-0.03750366,-0.23579079,-0.0753791,0.0030498505,-0.28712142,-0.097973,-0.05730045,-0.29706717,-0.04185702,-0.079628706,-0.4364339,-0.07947608,-0.09050262,-0.5275651,-0.100702934,-0.09790915,-0.60184014,-0.11219422,-0.0005028248,-0.28635973,-0.053867042,0.022989273,-0.43635368,-0.09711773,0.035929203,-0.5397539,-0.12162038,0.048445225,-0.6225052,-0.13055034,0.04615915,-0.2451042,-0.06812541,0.036345124,-0.27733058,-0.12232206,-0.00016015768,-0.19747156,-0.12382034,-0.0195176,-0.13928914,-0.10736181,0.07999879,-0.19033194,-0.08445591,0.06164688,-0.21517384,-0.12226694,0.029571354,-0.1515078,-0.110820934,0.01332283,-0.10051906,-0.09086145
-0.05832362,-0.058892787,-0.028135872,-0.07726431,-0.16245842,-0.049345415,-0.03546214,-0.23266155,-0.07302652,0.005300224,-0.2807786,-0.095608965,-0.055648744,-0.29988158,-0.041777287,-0.077385664,-0.43979585,-0.07993657,-0.08778623,-0.53139085,-0.102055155,-0.09511253,-0.6063726,-0.11416489,0.0012615323,-0.28973693,-0.05427919,0.022874415,-0.44145858,-0.09732488,0.035309076,-0.54482085,-0.12240052,0.047738314,-0.6278899,-0.13196325,0.047845244,-0.24841541,-0.068870574,0.036778808,-0.27862686,-0.121643275,0.00075918436,-0.19916612,-0.123596065,-0.018430412,-0.14108896,-0.10788345,0.08155608,-0.19364995,-0.08549964,0.062049568,-0.21698207,-0.12157179,0.030650258,-0.15424997,-0.109886184,0.015332103,-0.104071975,-0.090177454
-0.060014307,-0.05727434,-0.030192751,-0.07798231,-0.16160083,-0.052047674,-0.035533786,-0.23456615,-0.07599343,0.0062515736,-0.28393644,-0.098440655,-0.059172094,-0.29620433,-0.041225515,-0.08112466,-0.4355294,-0.07909629,-0.0923824,-0.52739453,-0.10088945,-0.100278795,-0.6025837,-0.1130384,-0.0024210215,-0.28606075,-0.052873597,0.02007556,-0.4348734,-0.09736395,0.03304577,-0.53838766,-0.12305298,0.04620391,-0.622205,-0.13270037,0.04427159,-0.2456311,-0.06690531,0.034108102,-0.27557647,-0.12123553,-0.0013152957,-0.19562,-0.12287129,-0.019546092,-0.13839704,-0.10649174,0.07883555,-0.19254237,-0.083170936,0.059740007,-0.2153765,-0.120376736,0.028400123,-0.15175855,-0.108944066,0.013197005,-0.10240078,-0.08915557
-0.057932854,-0.05691266,-0.029844131,-0.07528794,-0.16067517,-0.051598556,-0.033287764,-0.2337898,-0.07528465,0.007963121,-0.28353423,-0.097695194,-0.057152152,-0.29535025,-0.04285021,-0.077967405,-0.43480453,-0.0815638,-0.087653935,-0.5271121,-0.10427679,-0.09500903,-0.6021965,-0.11692037,-0.00036907196,-0.28451318,-0.054905742,0.021563113,-0.43642998,-0.09922387,0.034590602,-0.5403342,-0.12506987,0.04714656,-0.624192,-0.13494243,0.046219885,-0.24285102,-0.06907004,0.037276447,-0.27610737,-0.12340738,0.0032055378,-0.19477725,-0.12406386,-0.014975846,-0.13624203,-0.10687175,0.07986796,-0.18764824,-0.08538617,0.06254935,-0.2147404,-0.12334992,0.032743394,-0.1498223,-0.110738546,0.017718494,-0.098234236,-0.08967969
-0.058230937,-0.05591458,-0.030425394,-0.07723153,-0.15982336,-0.05283027,-0.036607027,-0.23264915,-0.07724479,0.0054682493,-0.28163773,-0.10019758,-0.056952298,-0.29617846,-0.043302245,-0.07876754,-0.4351259,-0.08215276,-0.08926335,-0.5266814,-0.10477851,-0.096924186,-0.6009832,-0.11753869,-1.4603138e-05,-0.28570694,-0.055454068,0.021392822,-0.43631178,-0.1013409,0.034200728,-0.5398778,-0.12873846,0.046876073,-0.62337625,-0.13944548,0.046944916,-0.24488926,-0.06959802,0.035797,-0.27523232,-0.12470708,0.0015363693,-0.1923877,-0.12533419,-0.016400278,-0.1334818,-0.107981175,0.08111429,-0.19115973,-0.085997745,0.06080675,-0.2151627,-0.1241794,0.031752467,-0.14883387,-0.11134841,0.018450975,-0.096506834,-0.09001158
-0.058294058,-0.05471635,-0.030702114,-0.077334166,-0.15753329,-0.052980784,-0.03658396,-0.22995436,-0.07716442,0.00495255,-0.2785762,-0.099978544,-0.057317853,-0.2955222,-0.04352392,-0.0790602,-0.43420285,-0.082334824,-0.09013304,-0.5255873,-0.105276145,-0.09856582,-0.5999531,-0.11837508,-0.00064253807,-0.28419715,-0.055574752,0.021271706,-0.4351327,-0.10145351,0.033995748,-0.53887045,-0.12919477,0.04653412,-0.62271774,-0.14027576,0.045933545,-0.24279046,-0.06964572,0.035935044,-0.27493012,-0.12500483,0.0012494922,-0.1935063,-0.12651718,-0.017284632,-0.13606834,-0.10989543,0.07966983,-0.18911028,-0.08590137,0.060332894,-0.21448964,-0.12450627,0.030759573,-0.14897293,-0.112242214,0.016949117,-0.09772283,-0.091406874
-0.059120715,-0.054550767,-0.031288315,-0.077899694,-0.15717024,-0.053856976,-0.036955714,-0.22941035,-0.078085005,0.005004108,-0.27640152,-0.100941174,-0.058047414,-0.2942741,-0.04444281,-0.07941908,-0.43217725,-0.083315484,-0.089681745,-0.52381605,-0.106218435,-0.09727341,-0.59811795,-0.11920489,-0.0011302233,-0.28275198,-0.05597782,0.020425856,-0.43376353,-0.10126577,0.033055484,-0.53680557,-0.12779821,0.045541942,-0.61976016,-0.1381063,0.04579252,-0.24114048,-0.06968776,0.036279023,-0.27386773,-0.12489516,0.00090271235,-0.19374055,-0.12638676,-0.018338978,-0.13602865,-0.10976118,0.08001912,-0.18700904,-0.08561848,0.061703444,-0.2141822,-0.12417311,0.031463742,-0.14947331,-0.11229945,0.016428113,-0.09809911,-0.09186231
-0.060672462,-0.056470156,-0.029529285,-0.08016133,-0.16206938,-0.05141612,-0.038461864,-0.23756158,-0.07561828,0.004769385,-0.28672493,-0.0983462,-0.059230626,-0.2951221,-0.041209277,-0.08059865,-0.43474638,-0.07880254,-0.09161049,-0.5265163,-0.100257196,-0.09920305,-0.6015097,-0.11221408,-0.0030219555,-0.2847336,-0.053286936,0.019279003,-0.4351443,-0.09726493,0.03144622,-0.540015,-0.12250913,0.04399258,-0.6240704,-0.13206312,0.04330218,-0.24409091,-0.067637175,0.032718778,-0.27774328,-0.122136846,-0.0030899644,-0.19641238,-0.12329738,-0.021315157,-0.13671082,-0.10646829,0.07759732,-0.1905089,-0.084117174,0.05790752,-0.21791238,-0.12229559,0.026456296,-0.15377945,-0.11093638,0.0110939145,-0.10204834,-0.09096545
-0.05858493,-0.054547608,-0.029902266,-0.07777089,-0.15942264,-0.05089066,-0.035217285,-0.23195142,-0.07402857,0.007660389,-0.2795173,-0.09578567,-0.05771458,-0.29629236,-0.040841743,-0.079028845,-0.43516454,-0.07868345,-0.08980942,-0.52653325,-0.10067461,-0.09826687,-0.6010243,-0.11312478,-0.0009648204,-0.28684926,-0.05273328,0.020894587,-0.43668008,-0.09744988,0.033851564,-0.54033613,-0.12436815,0.046478212,-0.62424374,-0.1348452,0.04559946,-0.2466706,-0.06679668,0.0349589,-0.2740007,-0.12097916,0.00071930885,-0.19161487,-0.12257871,-0.01747483,-0.13392782,-0.106075786,0.07926792,-0.19354391,-0.08312304,0.058689177,-0.21262693,-0.12090391,0.029338479,-0.14668429,-0.10935178,0.015531957,-0.096185565,-0.089134455
-0.05952549,-0.056669354,-0.030065041,-0.078223646,-0.1604709,-0.051957678,-0.035785556,-0.23112273,-0.07620778,0.0072013736,-0.27793962,-0.09901191,-0.057081223,-0.29632843,-0.041570924,-0.078936994,-0.43490636,-0.080319405,-0.08964163,-0.52631027,-0.10301718,-0.0973272,-0.6006969,-0.11585708,-0.00039756298,-0.28642613,-0.053714644,0.021311402,-0.43522686,-0.09942674,0.033785522,-0.53942394,-0.1271151,0.046813667,-0.6236518,-0.13807513,0.045845866,-0.24561322,-0.06805075,0.03490728,-0.27337992,-0.12233656,-0.00020724535,-0.19140428,-0.123874106,-0.018593132,-0.13369143,-0.1073041,0.079533875,-0.19198507,-0.08473164,0.058622777,-0.21251976,-0.12201124,0.028760016,-0.1485678,-0.11035208,0.014740467,-0.09900975,-0.09009689
-0.059200823,-0.05521959,-0.029652288,-0.07792729,-0.16081774,-0.050263043,-0.036729455,-0.23326856,-0.07289788,0.004079938,-0.28256416,-0.094131656,-0.058956802,-0.2969361,-0.040269896,-0.08019221,-0.43578905,-0.07761416,-0.09025824,-0.5275992,-0.099415734,-0.09756458,-0.60229206,-0.11170537,-0.0016775131,-0.28678036,-0.051888872,0.02093184,-0.43658495,-0.09589096,0.034115672,-0.54044735,-0.12235968,0.047223628,-0.62479377,-0.13269782,0.045254588,-0.24603122,-0.065722145,0.034950376,-0.27676058,-0.11933865,0.0004030466,-0.19523674,-0.12099103,-0.01747042,-0.13750738,-0.104703695,0.07965875,-0.19264996,-0.08174503,0.05899322,-0.21507347,-0.1192331,0.029035866,-0.1498965,-0.107834846,0.01516366,-0.099738896,-0.08786481
-0.057712853,-0.056326568,-0.029311027,-0.07574862,-0.16103351,-0.050915647,-0.033297956,-0.23379952,-0.07483862,0.008007884,-0.28355837,-0.0975147,-0.05644077,-0.29673195,-0.042677425,-0.07866186,-0.43658006,-0.08144972,-0.08906773,-0.52838576,-0.10384915,-0.09704545,-0.6036991,-0.116242245,0.00045257807,-0.2861272,-0.055088427,0.022227943,-0.43752134,-0.09991591,0.03560716,-0.5412413,-0.12602736,0.048468232,-0.62529373,-0.13592465,0.04719162,-0.24458486,-0.0695472,0.0366292,-0.2746364,-0.12384444,0.0022096634,-0.19154048,-0.124168776,-0.016070426,-0.13286215,-0.10667498,0.08146942,-0.18978053,-0.086151324,0.06184864,-0.21542817,-0.12315813,0.0317266,-0.1501748,-0.10987385,0.016737044,-0.0989095,-0.08849376
-0.057804465,-0.057599604,-0.029365465,-0.07532781,-0.16181266,-0.05101496,-0.032937944,-0.23462766,-0.07501084,0.00880003,-0.2834519,-0.0977622,-0.056717575,-0.2964251,-0.041408252,-0.07736093,-0.43538487,-0.08001378,-0.0866127,-0.52747643,-0.102312244,-0.09320301,-0.6024033,-0.114492044,3.5762787e-05,-0.28544694,-0.05384278,0.022151351,-0.4366526,-0.09829518,0.034968734,-0.5406328,-0.12408982,0.04751426,-0.62444675,-0.13378942,0.046891987,-0.2435925,-0.06851339,0.037220657,-0.2761104,-0.12341624,0.0031517744,-0.19389611,-0.124402836,-0.014645278,-0.13496447,-0.10714232,0.081163645,-0.18822628,-0.085247405,0.062402308,-0.21606082,-0.12280508,0.032706678,-0.1510545,-0.110058665,0.018364191,-0.09965378,-0.088983655
-0.05849737,-0.05930686,-0.027578043,-0.07718629,-0.16348672,-0.04745667,-0.035367906,-0.23371857,-0.06984462,0.0046350956,-0.28029376,-0.09120355,-0.053977013,-0.2997949,-0.038075455,-0.07443255,-0.43683106,-0.0739926,-0.0839808,-0.5271112,-0.09502654,-0.09125048,-0.60068,-0.10657257,0.0022178888,-0.28829497,-0.05026607,0.024874032,-0.43797493,-0.090872936,0.037804723,-0.54007053,-0.11491748,0.05022931,-0.6219574,-0.12402078,0.04846096,-0.24641079,-0.064764395,0.03880787,-0.27818412,-0.1159336,0.0038505197,-0.20099056,-0.11848709,-0.014387071,-0.14400458,-0.10341134,0.08242327,-0.19142038,-0.08123068,0.06409007,-0.21786392,-0.11602107,0.033464313,-0.1570409,-0.1046497,0.018935561,-0.10803121,-0.08548439
-0.057738066,-0.06007433,-0.025968065,-0.07623017,-0.16657364,-0.045056604,-0.033485293,-0.23867911,-0.06715227,0.009429336,-0.28346425,-0.088292085,-0.054453433,-0.2987069,-0.03637922,-0.07440323,-0.43658048,-0.07122564,-0.08457753,-0.5267819,-0.0911163,-0.092582256,-0.6001416,-0.10177301,0.0005377531,-0.2874269,-0.049143683,0.024321437,-0.43751112,-0.08863612,0.036696076,-0.5406854,-0.11127004,0.048205376,-0.622432,-0.11939229,0.04607296,-0.24602306,-0.06419887,0.03604108,-0.27970803,-0.1148391,0.0016521811,-0.20248032,-0.11707747,-0.015504003,-0.14449483,-0.10161901,0.079555094,-0.1915018,-0.08110544,0.06176144,-0.22127783,-0.11531033,0.030554831,-0.1612708,-0.10388072,0.015758216,-0.111150384,-0.08472161
-0.057034552,-0.05633819,-0.028299032,-0.07606137,-0.15984565,-0.048881967,-0.03483665,-0.23235732,-0.07180359,0.005872369,-0.27981758,-0.093507886,-0.05581224,-0.29714984,-0.040083535,-0.07560748,-0.43454528,-0.07690351,-0.08531821,-0.52486694,-0.09871122,-0.093179286,-0.59871775,-0.11107787,8.362532e-05,-0.28617412,-0.052750412,0.023558915,-0.43525264,-0.0950168,0.037591755,-0.53779906,-0.120024554,0.050372124,-0.62076104,-0.1298092,0.04608816,-0.24426717,-0.067572325,0.03711462,-0.27432275,-0.119938515,0.0039100647,-0.19475669,-0.12112331,-0.013481855,-0.1371274,-0.10500629,0.079392135,-0.18868566,-0.08453105,0.06215167,-0.2137453,-0.12081583,0.03248161,-0.15066451,-0.10855392,0.017812252,-0.09965998,-0.08844416
-0.058107615,-0.054708958,-0.02993888,-0.078318834,-0.15764356,-0.051355865,-0.037706375,-0.2297886,-0.07463648,0.004241526,-0.27796382,-0.09665104,-0.05727601,-0.29611212,-0.042545643,-0.077673495,-0.4342079,-0.08007812,-0.08750734,-0.5255604,-0.10176186,-0.09462446,-0.5993912,-0.1139107,-0.00031602383,-0.28570074,-0.053939335,0.022784233,-0.4354148,-0.097645685,0.035591543,-0.5378718,-0.12306279,0.048363864,-0.61954594,-0.13285454,0.046212673,-0.24488157,-0.06759409,0.036975563,-0.2788478,-0.121235535,0.0019237995,-0.2003209,-0.12364713,-0.016280055,-0.14280522,-0.1082005,0.0803892,-0.19143993,-0.08331964,0.060875893,-0.21659493,-0.1210216,0.02968359,-0.1533581,-0.11070171,0.014831305,-0.10296905,-0.09180607
-0.05823636,-0.057885587,-0.028330391,-0.07685429,-0.162435,-0.049126763,-0.034793913,-0.23464245,-0.07251507,0.0071213245,-0.2822712,-0.094522946,-0.0565601,-0.29944688,-0.038841736,-0.077362,-0.43879578,-0.07506067,-0.08714959,-0.5298002,-0.09578782,-0.09426412,-0.6037046,-0.10702633,-0.00042003393,-0.288184,-0.05092415,0.023213923,-0.43709213,-0.0925942,0.03613466,-0.539618,-0.11644152,0.048280597,-0.6203762,-0.1252064,0.045575023,-0.24683326,-0.0654779,0.035770297,-0.27845585,-0.117489554,0.0011865497,-0.20143002,-0.11963732,-0.016711295,-0.14418566,-0.10410307,0.079202354,-0.19291496,-0.08211332,0.061567903,-0.22069049,-0.11724045,0.030035615,-0.16042703,-0.10604039,0.014533043,-0.11065745,-0.08693948
-0.05825007,-0.059011996,-0.027603049,-0.077596724,-0.16269678,-0.04754635,-0.034930706,-0.23262393,-0.070029445,0.007342756,-0.27553564,-0.0914562,-0.057277262,-0.29610842,-0.039705336,-0.07762897,-0.43426806,-0.0759559,-0.08777547,-0.5260917,-0.09687467,-0.09525585,-0.6009851,-0.108415686,-0.0014408827,-0.28549302,-0.052034453,0.022971451,-0.4320215,-0.09297735,0.036639035,-0.534782,-0.11634546,0.04898393,-0.61705565,-0.12497537,0.044162095,-0.2440117,-0.06663104,0.036093533,-0.2725973,-0.11805727,0.002866447,-0.19572031,-0.11999918,-0.014254928,-0.138484,-0.10450445,0.07699585,-0.18834841,-0.08333226,0.061652303,-0.21173412,-0.11895113,0.03136146,-0.15128857,-0.108051546,0.016440213,-0.10174644,-0.08908066
-0.057866275,-0.057142854,-0.028610691,-0.07688612,-0.16137165,-0.04982795,-0.034510076,-0.23463243,-0.07348228,0.008336306,-0.27964061,-0.09584644,-0.05534029,-0.2946005,-0.041272733,-0.07603139,-0.43401086,-0.07810865,-0.08491135,-0.5256154,-0.099160954,-0.09127295,-0.6000513,-0.110617965,0.00036782026,-0.28302777,-0.05351268,0.024656653,-0.4323786,-0.09549358,0.038437188,-0.5344736,-0.118408486,0.05041772,-0.6155462,-0.12647681,0.04593402,-0.24130881,-0.06811401,0.03831297,-0.2744546,-0.12054904,0.004793644,-0.19654185,-0.12087977,-0.013018787,-0.13845927,-0.10385701,0.07933259,-0.18605882,-0.084840864,0.06593597,-0.21869433,-0.12008723,0.03550756,-0.15850437,-0.10733296,0.019179285,-0.10770202,-0.08697902
-0.0594579,-0.058555007,-0.028660467,-0.07769287,-0.16310155,-0.04918573,-0.03435433,-0.23595285,-0.0721647,0.0078164935,-0.28179914,-0.09400584,-0.05822873,-0.2951494,-0.039760143,-0.078119755,-0.43305862,-0.0765799,-0.08779025,-0.5238497,-0.09764811,-0.09525624,-0.59749734,-0.10898672,-0.0022784472,-0.28440642,-0.051663212,0.021567047,-0.4320414,-0.09355944,0.034822047,-0.5347948,-0.11734625,0.04733169,-0.61713207,-0.12595221,0.043617725,-0.24283832,-0.06594983,0.036102712,-0.27460247,-0.11844698,0.0027672052,-0.19607347,-0.1200958,-0.014132261,-0.13890159,-0.10389212,0.077306986,-0.18723178,-0.082329474,0.061303437,-0.21492559,-0.11810219,0.03136921,-0.15463805,-0.10648678,0.016640425,-0.10584384,-0.08676743
-0.057790875,-0.059816718,-0.028208073,-0.07666963,-0.16559684,-0.048989646,-0.03261882,-0.23719484,-0.07231219,0.012617826,-0.27946836,-0.09453383,-0.05464381,-0.29605013,-0.041422494,-0.07632768,-0.4346856,-0.078340344,-0.086794615,-0.5253599,-0.099419914,-0.09449765,-0.5992073,-0.11085045,0.0011309981,-0.2841094,-0.0536509,0.024615824,-0.43132192,-0.09546673,0.03763479,-0.5344875,-0.11862516,0.049837172,-0.6177469,-0.12697802,0.046854317,-0.24196327,-0.0681446,0.038958192,-0.27369994,-0.120908186,0.0048449636,-0.19531137,-0.122363836,-0.012679398,-0.13701671,-0.10601798,0.080192626,-0.18595529,-0.0846956,0.06576562,-0.21445948,-0.12086833,0.03466201,-0.15422589,-0.10933941,0.019098401,-0.10417646,-0.089704596
-0.057051063,-0.06030178,-0.027693745,-0.07789928,-0.16469753,-0.048298288,-0.03459829,-0.23317355,-0.07165941,0.010874569,-0.27379388,-0.09412357,-0.052655935,-0.29942453,-0.040032767,-0.072927535,-0.4367225,-0.07659824,-0.08258033,-0.5263904,-0.09827104,-0.08927992,-0.5999639,-0.11033134,0.0030860305,-0.28657055,-0.05262876,0.02498579,-0.4349946,-0.09349705,0.038066924,-0.53723764,-0.11681517,0.050464988,-0.62039816,-0.12576774,0.04908383,-0.24352628,-0.06760463,0.040834844,-0.27623594,-0.11986918,0.006780863,-0.19764501,-0.12221219,-0.01150161,-0.13909155,-0.10687406,0.08246988,-0.18675065,-0.08456442,0.06798726,-0.21758962,-0.12053099,0.036599398,-0.15644342,-0.10914836,0.020073533,-0.105341256,-0.089990035
-0.057372153,-0.061332047,-0.027312526,-0.07653737,-0.16659409,-0.047699347,-0.03300941,-0.23634952,-0.07108319,0.0118816495,-0.2763062,-0.09354102,-0.053204775,-0.30013698,-0.038928986,-0.0735842,-0.43673977,-0.07578651,-0.08327997,-0.52648956,-0.09752685,-0.090470314,-0.5997356,-0.109401435,0.001784265,-0.286668,-0.051895782,0.024642944,-0.43537614,-0.0935039,0.03755486,-0.5385492,-0.11738312,0.050067008,-0.6214012,-0.12629285,0.04715848,-0.243474,-0.067211665,0.039190948,-0.27694416,-0.12000031,0.0052019954,-0.19865167,-0.12226467,-0.012202084,-0.13988888,-0.10636652,0.08039284,-0.18704277,-0.08451973,0.065785766,-0.2192868,-0.12020977,0.0350675,-0.1589216,-0.108415656,0.019779444,-0.10777223,-0.088698775
-0.057451487,-0.059262395,-0.028130949,-0.07622719,-0.16291857,-0.04908437,-0.033997297,-0.23491639,-0.072735295,0.008649349,-0.28021002,-0.09520022,-0.055348396,-0.29738027,-0.03992151,-0.075300515,-0.43537468,-0.07718343,-0.08468366,-0.52546984,-0.09884854,-0.09187949,-0.59859926,-0.11055537,-0.0003323555,-0.2846207,-0.052440133,0.02286309,-0.43374777,-0.094840534,0.03557545,-0.5368326,-0.11898002,0.047957122,-0.6191684,-0.12788396,0.045270026,-0.24196476,-0.06729557,0.037668407,-0.2748062,-0.12048182,0.0030072331,-0.19628626,-0.12234138,-0.014856577,-0.13869298,-0.106195174,0.079015434,-0.18581992,-0.08417907,0.06416905,-0.21666479,-0.120435126,0.033216,-0.1559118,-0.10864023,0.01773113,-0.10599184,-0.08877634
-0.05817145,-0.059154272,-0.02780411,-0.07763684,-0.16184711,-0.048717216,-0.03596121,-0.23092186,-0.07248574,0.0066976547,-0.27293426,-0.095124915,-0.05537337,-0.29890585,-0.039061762,-0.07666391,-0.4359991,-0.0750545,-0.08720967,-0.5260608,-0.095913224,-0.09453696,-0.59959525,-0.10737734,0.00015342236,-0.28608662,-0.051732924,0.024395645,-0.4331679,-0.0930288,0.037714064,-0.5356401,-0.116435066,0.050410867,-0.6176081,-0.12505452,0.045918047,-0.24342674,-0.06676788,0.037543774,-0.27639574,-0.11943083,0.0031648278,-0.19680142,-0.12115939,-0.014268577,-0.13774955,-0.10512523,0.079751134,-0.18768382,-0.08381681,0.06446016,-0.21918595,-0.11975647,0.033251345,-0.15708,-0.108018816,0.018222213,-0.1055038,-0.08840741
-0.058281243,-0.05834043,-0.028053498,-0.07769126,-0.16279078,-0.049078893,-0.03594041,-0.23662615,-0.072716184,0.0052875876,-0.2844934,-0.09504363,-0.057341397,-0.29509473,-0.040291067,-0.07861668,-0.43347326,-0.07724758,-0.089111894,-0.523957,-0.09859619,-0.096931875,-0.5975771,-0.11026418,-0.002747357,-0.2830462,-0.05284243,0.020519137,-0.43268394,-0.09556993,0.032793164,-0.5363835,-0.11989874,0.044881165,-0.6189523,-0.1289821,0.042666316,-0.24099278,-0.06756411,0.033876657,-0.27456248,-0.12076576,-0.0004479885,-0.19531298,-0.12189557,-0.017421305,-0.1373834,-0.105360605,0.076928556,-0.1857565,-0.08432319,0.060675025,-0.21736813,-0.12100368,0.030250251,-0.15527254,-0.10898794,0.015676439,-0.10481721,-0.08891545
-0.05700159,-0.05799699,-0.027746832,-0.0757308,-0.16298556,-0.04768673,-0.033807874,-0.23533314,-0.06995856,0.0070693493,-0.2814715,-0.09127763,-0.056092143,-0.29682738,-0.04018402,-0.077281296,-0.43562138,-0.076353714,-0.08815518,-0.526443,-0.09782081,-0.09665161,-0.6010331,-0.10998129,-0.00077819824,-0.2856086,-0.052441016,0.021698177,-0.43434265,-0.093604356,0.034838557,-0.53703547,-0.11802096,0.04754269,-0.6206125,-0.12765166,0.04457271,-0.24403757,-0.06675136,0.03526503,-0.27543038,-0.11804502,0.0012927651,-0.19620597,-0.11975664,-0.015944779,-0.13899529,-0.10434382,0.07770014,-0.18940043,-0.083124585,0.059978783,-0.21558678,-0.11913984,0.030054092,-0.15223312,-0.10763022,0.016319275,-0.101701796,-0.08824631
-0.05823618,-0.059342444,-0.026836256,-0.076078415,-0.16458255,-0.046865508,-0.03367567,-0.23495835,-0.069793805,0.0077246428,-0.27968454,-0.091680236,-0.05498153,-0.2972914,-0.038698945,-0.074858904,-0.43529153,-0.07541078,-0.085003555,-0.5265322,-0.09690019,-0.09296143,-0.6001843,-0.108842336,0.0006804466,-0.28529143,-0.05170291,0.024586797,-0.43486857,-0.094234765,0.03743714,-0.5382031,-0.11954515,0.0499624,-0.6205422,-0.12935074,0.046522498,-0.24308163,-0.06675676,0.03643614,-0.27374905,-0.11892697,0.0012255311,-0.19406313,-0.120417215,-0.016954899,-0.13617694,-0.104302794,0.08040106,-0.18805629,-0.08380263,0.06162572,-0.21598947,-0.11923913,0.030937314,-0.15392572,-0.10704121,0.016361952,-0.1037609,-0.08699955
-0.057493865,-0.058115423,-0.026985878,-0.075930536,-0.16427493,-0.04687382,-0.033031583,-0.23514837,-0.06943592,0.008340597,-0.28127325,-0.09116518,-0.054395497,-0.29655242,-0.03906957,-0.07486683,-0.4351889,-0.07558857,-0.085479945,-0.5261388,-0.09706181,-0.093832195,-0.6004327,-0.10913953,0.0013554096,-0.2851224,-0.051848847,0.024146318,-0.43477416,-0.09395663,0.03692168,-0.53781545,-0.1189425,0.04931569,-0.6214615,-0.12875062,0.04741472,-0.2437836,-0.06666402,0.036868572,-0.2779829,-0.119245775,0.0029939413,-0.1970374,-0.12098551,-0.014230847,-0.13839835,-0.10520855,0.08172244,-0.18931258,-0.08336298,0.06166202,-0.21716791,-0.120209314,0.030946195,-0.1525507,-0.10846091,0.016274631,-0.100832224,-0.08866679
-0.057153523,-0.05784309,-0.027250195,-0.07544631,-0.16275412,-0.04778517,-0.03394127,-0.23450965,-0.07090101,0.007086277,-0.283408,-0.09293899,-0.054851294,-0.2954114,-0.040054318,-0.07604414,-0.43362993,-0.07723483,-0.08690792,-0.5247628,-0.09908903,-0.094988525,-0.5994592,-0.111509256,0.001192987,-0.28526372,-0.05281945,0.023430705,-0.43331885,-0.09614806,0.036653757,-0.5363214,-0.122107774,0.049724102,-0.62025964,-0.13246046,0.047154665,-0.24533248,-0.06750472,0.035296798,-0.2752022,-0.11991697,0.0015621781,-0.1934936,-0.12085196,-0.015232503,-0.13507217,-0.1045999,0.08139002,-0.19307083,-0.08424179,0.059180975,-0.21641618,-0.120333016,0.02931869,-0.15126228,-0.10814682,0.016252398,-0.100021064,-0.08806426
-0.057567,-0.05650693,-0.028299969,-0.076853454,-0.15921754,-0.048904546,-0.036071897,-0.23121035,-0.07197366,0.0032009482,-0.27968627,-0.093865395,-0.056250334,-0.2942552,-0.040914968,-0.07860398,-0.4324754,-0.07851211,-0.08985525,-0.5229185,-0.10019822,-0.09835905,-0.59680843,-0.112281114,-0.00085902214,-0.285137,-0.053422853,0.021117985,-0.43498322,-0.09719652,0.034822285,-0.53723687,-0.12318711,0.04820323,-0.61988246,-0.13313814,0.044991553,-0.24513674,-0.067944184,0.03605479,-0.27091944,-0.12041803,0.0026445389,-0.1915406,-0.122024834,-0.014332116,-0.13550687,-0.10610838,0.07822138,-0.19164073,-0.08463002,0.059796035,-0.21086305,-0.12007405,0.030759752,-0.14878494,-0.108047694,0.01742357,-0.100869596,-0.088137634
-0.05910033,-0.05548191,-0.02769895,-0.0785045,-0.15760279,-0.048070677,-0.038641334,-0.22999066,-0.07101887,-0.0007092953,-0.27946687,-0.092499554,-0.059595108,-0.2935912,-0.040198315,-0.081065476,-0.43374962,-0.077441595,-0.091414034,-0.5242863,-0.09866175,-0.09913954,-0.59797895,-0.1102479,-0.0035438538,-0.28517026,-0.05252553,0.019536972,-0.43419975,-0.09731814,0.03317666,-0.5371825,-0.124156535,0.046010375,-0.61911386,-0.13440028,0.04258269,-0.24676192,-0.06668823,0.033492863,-0.2690212,-0.11885476,0.00070512295,-0.190974,-0.12078616,-0.0161767,-0.13564909,-0.10502737,0.07636005,-0.19601357,-0.08300736,0.05860269,-0.21262187,-0.11756928,0.0300802,-0.1508072,-0.10584836,0.016510963,-0.10325742,-0.086138636
-0.058948338,-0.053616405,-0.03129692,-0.0793044,-0.15558505,-0.05472397,-0.03887391,-0.23082042,-0.08021349,0.0025997162,-0.27994323,-0.1039033,-0.061389983,-0.2914915,-0.045647178,-0.08296287,-0.43061444,-0.08677226,-0.0930208,-0.5236884,-0.11103382,-0.100331366,-0.5983044,-0.12481448,-0.005500555,-0.28024042,-0.058344796,0.016115725,-0.43016785,-0.10817896,0.029869914,-0.53491855,-0.1374171,0.043233454,-0.61897016,-0.14880913,0.040568292,-0.23869574,-0.07296197,0.03400284,-0.26964384,-0.13060838,0.0014036298,-0.18720168,-0.13005352,-0.016387999,-0.1292572,-0.11117142,0.07481015,-0.18400246,-0.089953035,0.06049627,-0.21297872,-0.12918198,0.032130122,-0.14865243,-0.115281984,0.016590238,-0.09809148,-0.09272483
-0.058808148,-0.055286527,-0.030297764,-0.078145444,-0.1586017,-0.052524492,-0.0377177,-0.23313999,-0.07690895,0.003561318,-0.28167987,-0.09973298,-0.058541,-0.29410195,-0.043507718,-0.08006865,-0.43272287,-0.08327899,-0.09038404,-0.5248785,-0.10672408,-0.098293364,-0.59905446,-0.119962364,-0.0024234056,-0.28266603,-0.056124326,0.019175947,-0.4343744,-0.10336256,0.03174734,-0.538347,-0.13130169,0.044260442,-0.6213999,-0.14211932,0.043802798,-0.24070251,-0.07075867,0.035841882,-0.27453375,-0.1270973,0.0024059415,-0.19342643,-0.12749292,-0.015247345,-0.13581824,-0.109482884,0.077644944,-0.18576115,-0.08758211,0.06213087,-0.21773708,-0.12631842,0.033481717,-0.15457594,-0.11315506,0.019320965,-0.10382652,-0.09132012
-0.05908984,-0.05551642,-0.029351028,-0.077836454,-0.1592871,-0.050972164,-0.03781891,-0.23257041,-0.0749386,0.0015431643,-0.28292418,-0.097389884,-0.058733404,-0.29269367,-0.041330107,-0.08126664,-0.43226868,-0.07985479,-0.09197906,-0.5236446,-0.1018658,-0.09936559,-0.59768057,-0.113948315,-0.0030984879,-0.2826938,-0.053717807,0.0190202,-0.4345606,-0.09955402,0.030905008,-0.539065,-0.126657,0.043407798,-0.62189585,-0.13700917,0.042746365,-0.24254793,-0.068206824,0.032602727,-0.27235353,-0.122826405,-0.0009797812,-0.19166869,-0.123943485,-0.017322004,-0.13471544,-0.10691034,0.07677424,-0.18994898,-0.08486368,0.05742085,-0.21456671,-0.12178372,0.029124796,-0.15057766,-0.109379984,0.01690644,-0.10149634,-0.088654704
-0.057816207,-0.054373085,-0.026959885,-0.080509454,-0.15883738,-0.047259975,-0.03891623,-0.23000157,-0.06993065,0.0044341087,-0.27489305,-0.09182454,-0.060798526,-0.2922001,-0.04273531,-0.08332506,-0.43160164,-0.08011974,-0.094101846,-0.5233503,-0.10167873,-0.10240805,-0.5974725,-0.11386221,-0.004502058,-0.28354573,-0.055565584,0.017111242,-0.43493035,-0.098624155,0.030289233,-0.53736186,-0.12412121,0.042365372,-0.6201688,-0.13397774,0.041896462,-0.24427307,-0.06995951,0.032196164,-0.27458268,-0.12155101,-0.00069385767,-0.19437194,-0.12250278,-0.0180583,-0.1372068,-0.10640025,0.075882316,-0.19112867,-0.086291075,0.056048036,-0.21377325,-0.12208967,0.027335882,-0.15024126,-0.109808385,0.013664603,-0.1002152,-0.08960142
-0.059084296,-0.05395329,-0.028570315,-0.08113471,-0.15778214,-0.049778327,-0.03982693,-0.22759348,-0.07294632,0.0021691918,-0.27257496,-0.0953406,-0.061145186,-0.29324466,-0.0444794,-0.08322364,-0.43187863,-0.082559764,-0.09362507,-0.52336675,-0.10507663,-0.10119134,-0.5975565,-0.11798612,-0.004306555,-0.28339797,-0.05671007,0.017942786,-0.433913,-0.10023051,0.029770851,-0.5367398,-0.12593529,0.041240275,-0.62032425,-0.13614829,0.042162716,-0.24307114,-0.07070051,0.033426642,-0.2783389,-0.12319729,-0.0008621812,-0.19865972,-0.12434838,-0.018736184,-0.14106578,-0.10841784,0.076114535,-0.18883377,-0.08673628,0.057168067,-0.21426284,-0.12397459,0.027679026,-0.15058541,-0.112429075,0.014238775,-0.10062337,-0.09264373
-0.059205532,-0.05250895,-0.02914596,-0.08043891,-0.15784627,-0.05056799,-0.03811407,-0.23272735,-0.074014686,0.005479574,-0.2789238,-0.09638726,-0.06128359,-0.29176188,-0.044325385,-0.083776474,-0.4312641,-0.08233214,-0.094008654,-0.52286476,-0.10416828,-0.10168433,-0.5973098,-0.11638674,-0.00452888,-0.28218132,-0.056429073,0.017129898,-0.4341107,-0.10023203,0.029527843,-0.5370546,-0.124748684,0.041315913,-0.62042856,-0.13373823,0.041952312,-0.2417261,-0.07045397,0.03321731,-0.27701563,-0.12386226,0.00036799908,-0.19437146,-0.12322005,-0.01610303,-0.13494563,-0.105298184,0.07649499,-0.1871354,-0.08660932,0.059439063,-0.21749353,-0.123837665,0.030249596,-0.15237194,-0.11081749,0.016185403,-0.10046667,-0.089667805
-0.060213983,-0.05211222,-0.029642873,-0.08288506,-0.15670627,-0.05131035,-0.042756796,-0.230757,-0.074936524,-0.00058978796,-0.27863967,-0.09721071,-0.06246382,-0.29450852,-0.043487135,-0.08450508,-0.4335399,-0.08186798,-0.09455758,-0.5254842,-0.103981964,-0.101885885,-0.5997865,-0.11627931,-0.00552094,-0.2850876,-0.055449195,0.016046226,-0.43653315,-0.100322954,0.028367937,-0.53922856,-0.1260255,0.04008603,-0.6215463,-0.13553391,0.041366935,-0.24503005,-0.06941234,0.032905817,-0.27635717,-0.12362149,-0.0007158518,-0.19435298,-0.12396547,-0.018635988,-0.13555676,-0.106497176,0.07582438,-0.19100255,-0.08551684,0.058270097,-0.21655142,-0.12292931,0.02924335,-0.15170181,-0.11039968,0.014957368,-0.1009658,-0.08947826
-0.06177485,-0.05380225,-0.030314336,-0.08303565,-0.1579125,-0.052075498,-0.040847003,-0.23286778,-0.07579212,0.0015591979,-0.28232014,-0.09809609,-0.06453711,-0.2933039,-0.04321477,-0.08714783,-0.4320304,-0.081074364,-0.09754479,-0.52460605,-0.102557555,-0.104830414,-0.5999546,-0.1144367,-0.007914662,-0.2844535,-0.05454106,0.0133981705,-0.43492776,-0.09873885,0.025528193,-0.5385392,-0.123447224,0.037099063,-0.62137604,-0.13240325,0.038441956,-0.244892,-0.06819434,0.030381083,-0.27645302,-0.12251601,-0.0036159158,-0.19586325,-0.12383947,-0.02183181,-0.13707215,-0.107014224,0.072879374,-0.19193077,-0.08401732,0.05626583,-0.21741408,-0.12160804,0.026150823,-0.1545263,-0.110610195,0.010173738,-0.10466504,-0.09093423
-0.059669435,-0.054911613,-0.029132597,-0.08088672,-0.16117007,-0.049762297,-0.0389508,-0.23469096,-0.072571665,0.0040288568,-0.28114438,-0.094403245,-0.06061387,-0.29635727,-0.042106632,-0.08248526,-0.4362852,-0.079609066,-0.09238967,-0.52787054,-0.10142559,-0.09973654,-0.6028168,-0.11348716,-0.0038645267,-0.28626937,-0.053776633,0.01844263,-0.43809935,-0.096227035,0.03074807,-0.54100555,-0.120429635,0.042367697,-0.6243748,-0.1294689,0.04254216,-0.24557906,-0.06770607,0.03413081,-0.2797321,-0.12058575,0.0007696152,-0.19945961,-0.12207471,-0.016444981,-0.14097452,-0.1058233,0.076509476,-0.1912207,-0.08373689,0.05983907,-0.22017992,-0.12045639,0.030150592,-0.15698767,-0.10890947,0.0155335665,-0.106051326,-0.089171566
-0.060744226,-0.05258274,-0.03076978,-0.08171862,-0.1579625,-0.052644696,-0.04072815,-0.23460561,-0.076269135,0.0018607974,-0.2841673,-0.09835135,-0.062419593,-0.29321283,-0.044438697,-0.08472031,-0.43256435,-0.08322201,-0.09527552,-0.5247957,-0.10536738,-0.102691054,-0.59958994,-0.11765776,-0.005420983,-0.2839685,-0.0556838,0.015767574,-0.43497235,-0.10123019,0.027994037,-0.5385712,-0.1269837,0.040372312,-0.62190497,-0.13665538,0.04119724,-0.24376917,-0.06911035,0.032239974,-0.27579904,-0.12396911,-0.0013027191,-0.19505066,-0.12471971,-0.01839441,-0.1368277,-0.1075284,0.07553744,-0.19010204,-0.08478138,0.05831784,-0.21657658,-0.12261532,0.028537273,-0.15301913,-0.11096826,0.013679385,-0.10300803,-0.09081339
-0.05937904,-0.055819333,-0.028182548,-0.07954937,-0.1611675,-0.048803195,-0.038625956,-0.23446691,-0.0717719,0.0030724406,-0.28133547,-0.093654886,-0.058662295,-0.29515684,-0.042184148,-0.08122462,-0.4347734,-0.07988666,-0.09171337,-0.5268967,-0.101969376,-0.09941831,-0.60193807,-0.11424738,-0.0023568273,-0.28380293,-0.054752033,0.01980424,-0.43522674,-0.0978041,0.03233856,-0.53923863,-0.1226093,0.04431182,-0.6239487,-0.13208507,0.043597817,-0.24190074,-0.0693622,0.035634458,-0.27759004,-0.12240692,0.0018213391,-0.1987539,-0.123470955,-0.015793622,-0.141034,-0.10691186,0.077260196,-0.1860162,-0.08598382,0.062488616,-0.21923846,-0.12236723,0.032886088,-0.15764898,-0.10989837,0.018214464,-0.10687238,-0.08949969
-0.05937904,-0.055819333,-0.028182548,-0.07954937,-0.1611675,-0.048803195,-0.038625956,-0.23446691,-0.0717719,0.0030724406,-0.28133547,-0.093654886,-0.058662295,-0.29515684,-0.042184148,-0.08122462,-0.4347734,-0.07988666,-0.09171337,-0.5268967,-0.101969376,-0.09941831,-0.60193807,-0.11424738,-0.0023568273,-0.28380293,-0.054752033,0.01980424,-0.43522674,-0.0978041,0.03233856,-0.53923863,-0.1226093,0.04431182,-0.6239487,-0.13208507,0.043597817,-0.24190074,-0.0693622,0.035634458,-0.27759004,-0.12240692,0.0018213391,-0.1987539,-0.123470955,-0.015793622,-0.141034,-0.10691186,0.077260196,-0.1860162,-0.08598382,0.062488616,-0.21923846,-0.12236723,0.032886088,-0.15764898,-0.10989837,0.018214464,-0.10687238,-0.08949969
-0.06071365,-0.053487122,-0.028978806,-0.08206636,-0.1587547,-0.049897574,-0.03974837,-0.23448032,-0.07298013,0.003400743,-0.28153574,-0.09480351,-0.0630222,-0.29351896,-0.04245582,-0.08616108,-0.4335338,-0.07968392,-0.096625626,-0.52577007,-0.10079502,-0.10380465,-0.6007936,-0.112428375,-0.0061849356,-0.28422254,-0.054352455,0.015855253,-0.43461147,-0.09802999,0.028116763,-0.53806376,-0.12246187,0.04008144,-0.6207614,-0.13128588,0.04037422,-0.24421102,-0.06836877,0.0324744,-0.27768934,-0.12213647,-0.0011386871,-0.19833338,-0.12323047,-0.018291652,-0.1403209,-0.10637238,0.07508612,-0.19050407,-0.08441069,0.05878842,-0.22103113,-0.121452495,0.029078662,-0.15856737,-0.10972732,0.014313579,-0.10808551,-0.08963521
-0.059755325,-0.054417253,-0.028070806,-0.0805327,-0.16063678,-0.048244227,-0.039653897,-0.23454994,-0.070458785,0.0028785467,-0.2819662,-0.09158356,-0.061267197,-0.29331517,-0.041434817,-0.08444932,-0.4331528,-0.078192554,-0.094982505,-0.5253487,-0.099013455,-0.10270503,-0.59948313,-0.11044673,-0.0042926073,-0.28431684,-0.053388864,0.017654002,-0.43640208,-0.09587144,0.029764712,-0.5392164,-0.12044157,0.04148251,-0.621088,-0.12944554,0.042381227,-0.24435067,-0.06731667,0.032661796,-0.27850306,-0.11985879,-0.0015375614,-0.199507,-0.121441625,-0.018901229,-0.14237767,-0.10519854,0.076866746,-0.19085103,-0.083118685,0.05759114,-0.2187975,-0.1199236,0.02786982,-0.15577626,-0.10859785,0.014087915,-0.10569984,-0.08877828
-0.058725357,-0.053358078,-0.02922512,-0.081303656,-0.15964824,-0.050441,-0.04079604,-0.2369892,-0.07357851,0.0030388236,-0.2863829,-0.09532257,-0.062291622,-0.2938764,-0.042615287,-0.08495289,-0.43395078,-0.08107247,-0.09566373,-0.52614903,-0.10308839,-0.10334313,-0.6002365,-0.115337096,-0.0053517222,-0.28512084,-0.0543849,0.015807629,-0.43709373,-0.09901197,0.02798438,-0.54013586,-0.12479038,0.040273964,-0.62280357,-0.1344378,0.041805148,-0.24539053,-0.06812408,0.03154558,-0.27530754,-0.12211698,-0.0030604005,-0.19328678,-0.122795016,-0.02077192,-0.13475692,-0.10566732,0.07638335,-0.19215965,-0.08394185,0.055684328,-0.21440536,-0.1216779,0.025859594,-0.14948255,-0.109823816,0.01197058,-0.09912956,-0.08936184
-0.060108542,-0.05544567,-0.027734242,-0.08081123,-0.16237593,-0.047704507,-0.03737521,-0.23651761,-0.070024125,0.007135451,-0.28358108,-0.09136086,-0.06255907,-0.29435682,-0.040570274,-0.085519046,-0.43556184,-0.07723125,-0.09592426,-0.52853614,-0.09807225,-0.10315406,-0.6039295,-0.10963882,-0.005090952,-0.28625345,-0.052564688,0.01653117,-0.43732703,-0.09493464,0.028434455,-0.5410826,-0.11923303,0.040204525,-0.6242675,-0.12822765,0.042037368,-0.24715734,-0.06662139,0.031131506,-0.27825552,-0.119139425,-0.003223598,-0.19749475,-0.12074788,-0.020282209,-0.13884377,-0.10463194,0.07679975,-0.19450337,-0.08261731,0.055802047,-0.21893668,-0.11951158,0.025180578,-0.15452641,-0.108546525,0.011124253,-0.103561044,-0.08911546
-0.06044799,-0.05529195,-0.027930886,-0.079802155,-0.15988469,-0.048355583,-0.03830248,-0.234025,-0.071068086,0.0035078526,-0.2825709,-0.092683464,-0.0622347,-0.2924918,-0.040977553,-0.084931135,-0.43272883,-0.07745869,-0.09559834,-0.52514005,-0.09765177,-0.102918774,-0.5998498,-0.10844169,-0.0050427914,-0.28374773,-0.052946668,0.01639843,-0.4343181,-0.09535149,0.028466702,-0.53795934,-0.119272366,0.04047519,-0.620492,-0.12767996,0.041914403,-0.24450743,-0.06693657,0.031024992,-0.2764967,-0.11953686,-0.0027369857,-0.19682121,-0.12076939,-0.019376159,-0.13875878,-0.10414317,0.07663494,-0.1919145,-0.08282953,0.056678593,-0.21794027,-0.118939005,0.026368022,-0.15439266,-0.10720925,0.012391627,-0.10383135,-0.087157644
-0.060673535,-0.053863406,-0.030148735,-0.0816403,-0.15773141,-0.05215592,-0.04074502,-0.23383111,-0.07607995,0.00053709745,-0.28385216,-0.09852317,-0.06316018,-0.29367876,-0.04428251,-0.08683133,-0.43384513,-0.08343689,-0.097149044,-0.52694833,-0.10599816,-0.10406801,-0.6020473,-0.11845393,-0.00615412,-0.2843538,-0.05603854,0.014871538,-0.4351632,-0.10182493,0.026911497,-0.53958374,-0.12806198,0.039194405,-0.62346673,-0.13782473,0.040796995,-0.2440983,-0.0698629,0.031052709,-0.2752239,-0.12508549,-0.0028746128,-0.19467044,-0.12609145,-0.020147085,-0.13679367,-0.10881702,0.0755018,-0.18997389,-0.08581196,0.05708611,-0.2167607,-0.12382526,0.026954055,-0.15348226,-0.1118317,0.0121405125,-0.10348344,-0.09115056
-0.058876455,-0.05559331,-0.028230347,-0.08022016,-0.16173095,-0.048948716,-0.038665414,-0.23463285,-0.07197294,0.0041656494,-0.2813754,-0.09402976,-0.05860138,-0.2956987,-0.04255508,-0.082369596,-0.43706602,-0.08003961,-0.09383702,-0.5286962,-0.10167335,-0.10229358,-0.60395956,-0.113667205,-0.0024790764,-0.28540105,-0.05467298,0.019764066,-0.4377188,-0.097478166,0.032674134,-0.5412252,-0.12226687,0.044990122,-0.6255592,-0.13165213,0.043572664,-0.24530184,-0.06875892,0.03230071,-0.2776125,-0.121755175,-0.0011584759,-0.19675821,-0.12324021,-0.017450154,-0.13803661,-0.106903076,0.07763934,-0.19229954,-0.08480313,0.057490647,-0.22115272,-0.121362194,0.028260827,-0.15728164,-0.109230295,0.015634418,-0.10560888,-0.088986285
-0.058768034,-0.05546218,-0.026995497,-0.08102512,-0.1625076,-0.046706617,-0.038977027,-0.23365474,-0.06894949,0.00398916,-0.27901083,-0.09041362,-0.060563564,-0.29697812,-0.04123341,-0.08308858,-0.43865108,-0.07746553,-0.09435868,-0.5294314,-0.09807517,-0.10242614,-0.6040981,-0.10957979,-0.0042678714,-0.28746784,-0.053431567,0.01763302,-0.4393475,-0.09532021,0.030771196,-0.541824,-0.11947482,0.043841958,-0.62462425,-0.12865408,0.042459548,-0.24826849,-0.06746116,0.031534553,-0.28033507,-0.11926284,-0.0021146536,-0.19869208,-0.12098568,-0.01883614,-0.13916606,-0.10544813,0.07733244,-0.19626641,-0.0834156,0.05546415,-0.21964884,-0.11988993,0.025784492,-0.15479517,-0.10883763,0.012803793,-0.10307783,-0.089699924
-0.059449196,-0.054786563,-0.027869089,-0.080277085,-0.16014206,-0.047274683,-0.039569914,-0.23426938,-0.06886936,0.0022944212,-0.2816435,-0.08945638,-0.062182844,-0.29655153,-0.0393867,-0.0841859,-0.43668336,-0.075708516,-0.09439972,-0.5288115,-0.09679806,-0.10184777,-0.60358024,-0.10853939,-0.0049315095,-0.28760356,-0.05113001,0.016854584,-0.43866035,-0.09317009,0.029157877,-0.54167926,-0.11808184,0.041332245,-0.6244315,-0.12757674,0.041987002,-0.24795818,-0.06491849,0.031561494,-0.27966172,-0.11718205,-0.002507627,-0.2000407,-0.11956894,-0.020001471,-0.14178115,-0.10414648,0.07626116,-0.19555086,-0.08063727,0.055187166,-0.21819454,-0.11758495,0.024537444,-0.15328276,-0.1069387,0.009836197,-0.10167807,-0.087742835
-0.059506595,-0.055370986,-0.028787322,-0.07963228,-0.15908426,-0.04970494,-0.039409637,-0.2346738,-0.07285138,0.0020279288,-0.2843498,-0.094709046,-0.06106794,-0.29579467,-0.04102039,-0.0831413,-0.43552175,-0.07846286,-0.09344548,-0.527833,-0.09994778,-0.10057855,-0.602752,-0.111827634,-0.0040313005,-0.28666413,-0.05284219,0.017455935,-0.43739134,-0.09649288,0.030160367,-0.54087937,-0.121703774,0.043044806,-0.6234481,-0.1310796,0.043070316,-0.24670714,-0.066763945,0.032271445,-0.27767575,-0.12021804,-0.002718985,-0.19698787,-0.12155764,-0.020756125,-0.13789326,-0.104994304,0.07779211,-0.19395971,-0.08273284,0.05672562,-0.21748656,-0.11968584,0.025648594,-0.15339863,-0.10818042,0.010507226,-0.10231608,-0.088205114
-0.061180472,-0.054335177,-0.029519025,-0.0805369,-0.15837622,-0.050653584,-0.039562106,-0.2342394,-0.073832065,0.0018712282,-0.28542066,-0.09560999,-0.06378484,-0.2929539,-0.041172776,-0.08693951,-0.4330951,-0.07829932,-0.09770346,-0.5251565,-0.099062175,-0.104655266,-0.60023046,-0.110388346,-0.0069648623,-0.2846744,-0.052538585,0.014574647,-0.43458676,-0.096422195,0.027325332,-0.53824997,-0.121555515,0.040501356,-0.621037,-0.13074367,0.039704144,-0.24613184,-0.06609198,0.02914393,-0.2773608,-0.11995991,-0.0053420067,-0.19712782,-0.12159288,-0.022646189,-0.13881075,-0.10516497,0.07437515,-0.19482982,-0.081728265,0.053449214,-0.21671933,-0.11911223,0.022609353,-0.15226859,-0.108195506,0.0077251196,-0.101688325,-0.08857311
-0.058971763,-0.051508546,-0.02936871,-0.08123827,-0.15614039,-0.05100909,-0.042175233,-0.23335552,-0.07468147,-0.0010070801,-0.28628796,-0.09693521,-0.061688304,-0.2945938,-0.042928144,-0.084478915,-0.43597937,-0.08074178,-0.09517568,-0.5272001,-0.10199721,-0.103238225,-0.60149974,-0.113607086,-0.005294144,-0.2860998,-0.054442428,0.01706469,-0.43831176,-0.098537534,0.029503763,-0.5416115,-0.12373948,0.04158783,-0.6243626,-0.13303162,0.040753603,-0.24734533,-0.067979485,0.029811978,-0.27877593,-0.120929606,-0.0035444498,-0.1971913,-0.12147099,-0.020021439,-0.13904,-0.10454706,0.07513237,-0.19564897,-0.08366694,0.054397643,-0.2185424,-0.12028836,0.025245965,-0.15367979,-0.10849159,0.011863887,-0.10320389,-0.08832787
-0.05997169,-0.051739693,-0.02869033,-0.081918776,-0.15494251,-0.049904454,-0.044624627,-0.23004961,-0.0730898,-0.009005547,-0.28431624,-0.09500637,-0.062294245,-0.29411572,-0.04289336,-0.084754616,-0.4348404,-0.08000118,-0.09571472,-0.5255941,-0.10116839,-0.10371506,-0.5997735,-0.11290412,-0.0055913925,-0.28568792,-0.054290395,0.016112208,-0.43829387,-0.097432055,0.028854191,-0.54104686,-0.12246889,0.041528642,-0.6239426,-0.13216414,0.04106611,-0.24698067,-0.06755893,0.029046476,-0.28115326,-0.11954856,-0.004489124,-0.2008,-0.1208216,-0.021314979,-0.142793,-0.10513495,0.07595885,-0.19557804,-0.08285617,0.054164708,-0.21951419,-0.11946092,0.02445358,-0.15549678,-0.108514704,0.010625005,-0.1053884,-0.08938317
-0.05943209,-0.055710793,-0.029203858,-0.07870358,-0.15954363,-0.0506296,-0.038570404,-0.23525667,-0.07420555,0.00082594156,-0.2876035,-0.09621823,-0.059808493,-0.29680365,-0.040485892,-0.080492735,-0.43501914,-0.07820399,-0.09072149,-0.5258893,-0.09987534,-0.09771311,-0.59929264,-0.11179326,-0.0030410886,-0.28656268,-0.052730072,0.018592417,-0.43789524,-0.09743171,0.03044051,-0.542101,-0.123897724,0.042871892,-0.62492335,-0.13414717,0.043692827,-0.24546772,-0.06706773,0.034035683,-0.27923322,-0.12143055,-0.00040209293,-0.19906569,-0.12274051,-0.01828599,-0.14112914,-0.10618847,0.07788932,-0.19119132,-0.08347583,0.059651673,-0.21792895,-0.1211376,0.029484034,-0.15280658,-0.10909419,0.014650464,-0.10106516,-0.0886741
-0.05954379,-0.056669414,-0.029661607,-0.07963747,-0.15868884,-0.05161414,-0.03969282,-0.23351717,-0.07571609,0.0010021925,-0.28413433,-0.09829086,-0.061100125,-0.2955693,-0.041215237,-0.083761156,-0.43537754,-0.078876644,-0.09451711,-0.52660763,-0.100388974,-0.10205275,-0.60077566,-0.111959785,-0.004788995,-0.2860015,-0.052829396,0.0176301,-0.43723288,-0.09597249,0.02968955,-0.5408714,-0.12066235,0.041570723,-0.6232861,-0.12966523,0.041547,-0.24572122,-0.066805705,0.031118453,-0.278575,-0.12014977,-0.00254637,-0.20109665,-0.122119464,-0.019229293,-0.14368969,-0.106046125,0.07590836,-0.19219583,-0.082903236,0.05821526,-0.21889824,-0.11927324,0.028481424,-0.15724713,-0.10783918,0.014543295,-0.10707927,-0.08809354
-0.057324648,-0.053066313,-0.028447773,-0.07809746,-0.15767175,-0.048904244,-0.039363623,-0.23283726,-0.07124437,-0.0006954074,-0.2841568,-0.09242103,-0.05911076,-0.29469174,-0.042419065,-0.081923455,-0.43566185,-0.07963567,-0.09298909,-0.52723837,-0.10110025,-0.10122633,-0.6017833,-0.11308394,-0.0025669336,-0.2850318,-0.054216277,0.019035816,-0.43631956,-0.09752435,0.032229662,-0.53891146,-0.12307682,0.045013547,-0.6220031,-0.13294598,0.04389268,-0.24554718,-0.06776437,0.032860696,-0.2769261,-0.12038513,-0.0007955432,-0.1955697,-0.121337414,-0.018126428,-0.13755685,-0.10514916,0.077946305,-0.19317341,-0.08331719,0.056326985,-0.21392125,-0.120478384,0.0276317,-0.146976,-0.108468324,0.015399158,-0.0952754,-0.08826184
-0.058751345,-0.053870976,-0.029844953,-0.079704165,-0.15757352,-0.05144693,-0.038886666,-0.23202306,-0.07508126,0.00338161,-0.2804606,-0.09729358,-0.05989021,-0.2944185,-0.04245692,-0.081487656,-0.43283105,-0.08120337,-0.09169677,-0.523926,-0.10385183,-0.09941563,-0.5977024,-0.11655355,-0.0034989119,-0.28472584,-0.05457713,0.018152237,-0.43438894,-0.09973183,0.031063557,-0.5371486,-0.12628658,0.043262243,-0.6204754,-0.13640454,0.042792857,-0.24455005,-0.068809226,0.033776164,-0.27383077,-0.123117946,0.0012470484,-0.19183218,-0.12364883,-0.016015053,-0.1341793,-0.10634018,0.076599,-0.19073844,-0.08527771,0.058561087,-0.21387804,-0.12254823,0.030112445,-0.1491192,-0.1097837,0.016421497,-0.098919034,-0.088679515
-0.05989039,-0.0538857,-0.029074702,-0.07976776,-0.15898198,-0.050171826,-0.039305866,-0.23427844,-0.07337395,-0.00013256073,-0.28668648,-0.09532285,-0.060478866,-0.2957341,-0.041909788,-0.082378715,-0.43591535,-0.079486266,-0.09316528,-0.52788174,-0.10126993,-0.10141054,-0.6025158,-0.11346041,-0.0037504435,-0.2857347,-0.053851195,0.018971086,-0.43725085,-0.0981435,0.031971514,-0.54118824,-0.12420471,0.044043362,-0.6253828,-0.13423716,0.042626858,-0.24558681,-0.06780066,0.03268075,-0.2789083,-0.12145202,-0.0011097789,-0.19709533,-0.1225463,-0.01906699,-0.13936245,-0.10597368,0.077127755,-0.19287533,-0.083780736,0.056874335,-0.21954829,-0.120845445,0.026945531,-0.15475541,-0.10867415,0.01228708,-0.104684055,-0.088283084
-0.058333635,-0.054098845,-0.028896196,-0.0797199,-0.15848935,-0.049685765,-0.03978169,-0.2334227,-0.072606996,0.0007445216,-0.28411013,-0.09445345,-0.059751093,-0.29484344,-0.042176478,-0.08293015,-0.43441036,-0.079979286,-0.093794346,-0.5264469,-0.10188485,-0.101893574,-0.60161227,-0.11411932,-0.0034567118,-0.28558648,-0.05432935,0.019073606,-0.43771684,-0.09817547,0.032476008,-0.54108095,-0.1240282,0.044891834,-0.62464285,-0.13387361,0.04294473,-0.24548084,-0.06847363,0.033350468,-0.2764119,-0.1222868,0.0003336072,-0.19541669,-0.1240654,-0.016765773,-0.13783753,-0.107810184,0.0767681,-0.19196367,-0.08458795,0.057431817,-0.21715963,-0.12194033,0.028724313,-0.15238202,-0.11000146,0.0154518485,-0.101781845,-0.08967161
-0.059307933,-0.05405599,-0.028928505,-0.080507874,-0.15731478,-0.05035504,-0.041440785,-0.23264909,-0.07387484,-0.0021156073,-0.28469926,-0.096314795,-0.060842633,-0.2938823,-0.04318764,-0.08452925,-0.4332774,-0.08093326,-0.09536716,-0.52482873,-0.102413386,-0.10311222,-0.59954286,-0.11424169,-0.0045345426,-0.28419137,-0.055448547,0.018361509,-0.43724468,-0.0992095,0.031835973,-0.53962326,-0.1243236,0.044407845,-0.6220442,-0.13357839,0.04209578,-0.24358732,-0.069646,0.03306943,-0.27786714,-0.12399347,0.00018954277,-0.19656897,-0.12555955,-0.016565025,-0.13838047,-0.10903824,0.07646942,-0.1891734,-0.08566116,0.058186293,-0.21869242,-0.1233098,0.029529214,-0.15390968,-0.110979535,0.016103804,-0.10239011,-0.090337805
-0.058088303,-0.054478347,-0.02893422,-0.078998566,-0.15941209,-0.049586643,-0.03862387,-0.2337107,-0.07219651,0.0025250316,-0.2835108,-0.09378519,-0.05932927,-0.29422778,-0.042597767,-0.08170551,-0.43404698,-0.08037509,-0.092238784,-0.5261905,-0.10238506,-0.100310564,-0.60134256,-0.11479108,-0.0030968785,-0.2845416,-0.05452323,0.01877755,-0.4358983,-0.098302454,0.032108366,-0.5386982,-0.12417189,0.044659078,-0.6219721,-0.13413805,0.043097734,-0.24418229,-0.06834173,0.033983648,-0.27773833,-0.12198731,0.0007119179,-0.19677377,-0.12348959,-0.017004251,-0.13907683,-0.10718713,0.0769698,-0.19041723,-0.084105335,0.057468712,-0.21541679,-0.12196895,0.028735459,-0.15010649,-0.11016852,0.015394628,-0.09919429,-0.08983293
-0.05769682,-0.053918004,-0.0290544,-0.07771158,-0.15813833,-0.05060714,-0.037731886,-0.23258603,-0.07425823,0.0029146075,-0.28342688,-0.096581034,-0.05726379,-0.29419708,-0.043407973,-0.07880008,-0.4347595,-0.08147355,-0.088683784,-0.5263634,-0.10290274,-0.09556419,-0.60043716,-0.11462642,-0.00095176697,-0.28421164,-0.055632435,0.021630108,-0.4372146,-0.10010703,0.034970045,-0.5401553,-0.12593535,0.047878683,-0.6229596,-0.13555509,0.045393348,-0.24349922,-0.06972346,0.03539741,-0.27441603,-0.12354353,0.00027537346,-0.19296402,-0.12451309,-0.018497944,-0.1357165,-0.10769267,0.07900381,-0.18959916,-0.08582369,0.05961144,-0.21384406,-0.12298952,0.029137433,-0.1492244,-0.110660724,0.014126539,-0.0988152,-0.09002201
-0.05496347,-0.05653149,-0.025062349,-0.076117694,-0.16512936,-0.04363094,-0.038015723,-0.23896927,-0.06535596,0.0071988106,-0.28306353,-0.08605404,-0.04211247,-0.2934525,-0.037472725,-0.06277007,-0.4363546,-0.07222954,-0.07080001,-0.52817595,-0.09046303,-0.075015366,-0.6023638,-0.100264736,0.011977851,-0.28218764,-0.050661284,0.037112594,-0.43291402,-0.0925645,0.05351919,-0.53608966,-0.11654801,0.069361806,-0.6186985,-0.12505692,0.056132615,-0.24109674,-0.06561804,0.039494276,-0.2737944,-0.11915729,0.0033932328,-0.19384998,-0.1220111,-0.01427871,-0.13528699,-0.1062491,0.087080956,-0.18596566,-0.082101084,0.05984354,-0.20784104,-0.12004647,0.027589202,-0.14502913,-0.11030589,0.012336493,-0.09473103,-0.09159788
-0.054327726,-0.0573712,-0.02376003,-0.07802653,-0.16678989,-0.041928712,-0.043116212,-0.24140084,-0.06295602,0.004650235,-0.28108263,-0.083338425,-0.039412916,-0.29452282,-0.041537814,-0.055580676,-0.44009346,-0.07483645,-0.06171441,-0.53313375,-0.091073275,-0.06359863,-0.6097838,-0.099616,0.014971435,-0.28210223,-0.05432324,0.042574227,-0.43140692,-0.093892656,0.06165856,-0.53245485,-0.11531453,0.07946217,-0.6146072,-0.1226249,0.059410274,-0.24096924,-0.06817621,0.03984779,-0.2691729,-0.11969986,0.0011579394,-0.19014776,-0.123168305,-0.019269764,-0.12995714,-0.10863781,0.0897131,-0.18646097,-0.08338096,0.05891466,-0.19921207,-0.12037912,0.02421391,-0.13749337,-0.11229013,0.0066227913,-0.086936235,-0.09534399
-0.055329323,-0.05559057,-0.025398618,-0.07997692,-0.160209,-0.046156425,-0.05250901,-0.24113035,-0.06963244,-0.006604731,-0.28136575,-0.0918069,-0.034935594,-0.2949372,-0.045669455,-0.0460456,-0.43828607,-0.080833666,-0.05113429,-0.5329796,-0.099005215,-0.051940143,-0.60961354,-0.10957557,0.020699799,-0.28335226,-0.059135143,0.048557818,-0.4272514,-0.102463126,0.065528035,-0.5286794,-0.12737699,0.082485676,-0.61017346,-0.13749157,0.06414628,-0.24024034,-0.07343178,0.03420776,-0.2529313,-0.123605765,-0.007572174,-0.1771788,-0.12565464,-0.028992057,-0.12126434,-0.11131829,0.091353774,-0.1837188,-0.08979128,0.053717792,-0.18627685,-0.12296439,0.020100415,-0.13220888,-0.11422156,0.0036591887,-0.08885968,-0.09806098
-0.05425352,-0.058095813,-0.024805902,-0.08072084,-0.16299212,-0.044983335,-0.05585754,-0.24486345,-0.06772573,-0.0047210455,-0.28198475,-0.089030094,-0.033311844,-0.2958343,-0.04386575,-0.04271376,-0.44110548,-0.07624682,-0.047317386,-0.53460443,-0.09128414,-0.04744011,-0.60977226,-0.09958155,0.022138,-0.28629047,-0.056145847,0.04967153,-0.42983484,-0.09571902,0.06617248,-0.53061885,-0.1180419,0.08292204,-0.61088943,-0.12664194,0.06464541,-0.24569565,-0.06932157,0.029067218,-0.25396633,-0.11588141,-0.011119902,-0.18053275,-0.118922636,-0.029244065,-0.1256358,-0.10589165,0.09023917,-0.19161361,-0.08452203,0.045177758,-0.18396783,-0.11465657,0.013783157,-0.13099068,-0.10782925,0.0017830133,-0.089117885,-0.0937269
-0.052785933,-0.05995798,-0.024534823,-0.08110285,-0.16188943,-0.04736311,-0.0641399,-0.24318904,-0.073157996,-0.010388732,-0.27787405,-0.09719413,-0.025013328,-0.29160333,-0.047204886,-0.03580904,-0.43786427,-0.084418245,-0.03841585,-0.5325835,-0.10383195,-0.036366343,-0.6077992,-0.11521276,0.030625999,-0.2813263,-0.06077713,0.056752026,-0.4223646,-0.10504896,0.07254416,-0.5201305,-0.12828645,0.08915794,-0.6005782,-0.13736497,0.06983924,-0.24024785,-0.075142235,0.018001914,-0.248891,-0.121227495,-0.018028498,-0.17376876,-0.11779805,-0.026997924,-0.123668015,-0.10081006,0.09046668,-0.18455863,-0.092287384,0.02841252,-0.17617208,-0.12006049,0.0011817813,-0.12157291,-0.10889847,-0.0023348331,-0.082455575,-0.092113815
-0.053380847,-0.058882892,-0.023604484,-0.08088732,-0.16374213,-0.04523637,-0.064593315,-0.24612665,-0.06966169,-0.01204741,-0.28054386,-0.09229382,-0.025063694,-0.29085702,-0.045439564,-0.036566317,-0.4389028,-0.081273444,-0.039211214,-0.534629,-0.09938059,-0.036346495,-0.6103694,-0.10991782,0.030036747,-0.2811582,-0.058636248,0.055442154,-0.4223464,-0.1018124,0.07077503,-0.5204677,-0.124514386,0.087958515,-0.6016198,-0.13317634,0.068879604,-0.2407136,-0.07248167,0.012989581,-0.24861741,-0.11666009,-0.022383511,-0.17545772,-0.112518705,-0.028826416,-0.1288476,-0.09543008,0.08937687,-0.18597877,-0.08912421,0.02218908,-0.17519295,-0.11582785,-0.0026857257,-0.12016106,-0.104513034,-0.0022691488,-0.08265036,-0.08774384
-0.051496506,-0.061005533,-0.022127455,-0.08148882,-0.16506696,-0.04263484,-0.06809288,-0.24513984,-0.066010326,-0.014382541,-0.2781368,-0.087873526,-0.02363807,-0.28971863,-0.044120207,-0.03475374,-0.43675232,-0.07872633,-0.037885904,-0.5311421,-0.09585226,-0.036120296,-0.60618246,-0.10578162,0.029928684,-0.28080255,-0.056986466,0.054849803,-0.42198658,-0.09785862,0.06989545,-0.51956624,-0.11867286,0.08635789,-0.6003008,-0.12657696,0.067867815,-0.24212319,-0.070677236,0.016405165,-0.25555396,-0.11389937,-0.020622015,-0.18710542,-0.11246657,-0.029949188,-0.1422568,-0.09789869,0.08769429,-0.18898422,-0.0868272,0.023786962,-0.17982155,-0.114307314,-0.004402101,-0.12748533,-0.10635809,-0.008165896,-0.09095526,-0.09246202
-0.054794252,-0.057713628,-0.021685366,-0.08275443,-0.1576401,-0.04143737,-0.05549109,-0.23166418,-0.06425178,-0.0071689487,-0.27316856,-0.08671591,-0.038085997,-0.28683078,-0.04250291,-0.055078864,-0.42923903,-0.07381227,-0.06240338,-0.5201273,-0.088256925,-0.06554246,-0.5954714,-0.09611302,0.01643455,-0.2778237,-0.056122106,0.04406905,-0.42314893,-0.093503326,0.059549272,-0.521728,-0.11332634,0.07324368,-0.6004361,-0.12042054,0.058157563,-0.2396009,-0.07066075,0.02513063,-0.2643125,-0.11942227,-0.012339056,-0.18981063,-0.12487964,-0.028243005,-0.13330877,-0.11327247,0.08417386,-0.18757904,-0.08622187,0.038517654,-0.1930691,-0.11998427,0.006015718,-0.13411558,-0.11445806,-0.0049716234,-0.08706665,-0.1010678
-0.054976583,-0.056117356,-0.023144094,-0.079330206,-0.15690935,-0.041656155,-0.04746586,-0.22924566,-0.06315274,-0.003868401,-0.27406728,-0.084223,-0.043932617,-0.29074067,-0.038828373,-0.062254667,-0.42851537,-0.07142759,-0.07028419,-0.51849294,-0.08820454,-0.073792696,-0.59360147,-0.097586446,0.01169306,-0.2801227,-0.05233893,0.03713286,-0.42479205,-0.090861626,0.05358839,-0.5237693,-0.113553,0.069215596,-0.6040415,-0.12243471,0.0559572,-0.23924112,-0.06716075,0.031148434,-0.26562995,-0.11714519,-0.005006373,-0.1912849,-0.12274814,-0.021963835,-0.13553977,-0.11082643,0.08473307,-0.18586123,-0.0831919,0.047320127,-0.19608068,-0.118679,0.014776945,-0.13633245,-0.1117515,0.000998199,-0.088382125,-0.09656078
-0.05603385,-0.055295765,-0.026081255,-0.07807577,-0.15543473,-0.046414156,-0.03800726,-0.22421616,-0.0693079,0.0039197206,-0.26897073,-0.09156547,-0.052678823,-0.28941077,-0.042107023,-0.07496804,-0.4290148,-0.07785276,-0.08542231,-0.5182197,-0.0977921,-0.09311718,-0.5916909,-0.10862025,0.0023165941,-0.27928442,-0.05477361,0.025953054,-0.42871487,-0.09505709,0.039795756,-0.528536,-0.11852786,0.052449882,-0.6087167,-0.12744766,0.0470106,-0.23961598,-0.06912457,0.033280432,-0.2665609,-0.11918452,1.4305115e-06,-0.19038188,-0.12232842,-0.015823722,-0.13527709,-0.108331114,0.07905561,-0.18691033,-0.08515349,0.055749714,-0.20784122,-0.119575225,0.026719093,-0.14649522,-0.10878567,0.014873803,-0.09704393,-0.090376295
-0.057300568,-0.05816716,-0.026854454,-0.077424526,-0.15851575,-0.047200095,-0.035917997,-0.22707123,-0.07013348,0.005125344,-0.27257752,-0.09240412,-0.05450791,-0.29530108,-0.040497113,-0.07582706,-0.43196762,-0.07630682,-0.08646971,-0.520228,-0.09733546,-0.09423846,-0.59344,-0.10906798,0.0006662011,-0.2843749,-0.05311515,0.023590565,-0.43274862,-0.09296616,0.036486804,-0.5339399,-0.11690756,0.04907328,-0.6158124,-0.1266217,0.04554653,-0.2428689,-0.06778719,0.033750296,-0.27241194,-0.11761172,0.00035244226,-0.19753963,-0.121146835,-0.015283287,-0.14273131,-0.10768949,0.07816672,-0.18816352,-0.08436852,0.0576061,-0.21479088,-0.11853015,0.028707683,-0.15581107,-0.10809764,0.017402172,-0.10712969,-0.09023198
-0.054756165,-0.05346632,-0.02953559,-0.07447302,-0.16173714,-0.047724597,-0.028702259,-0.24018723,-0.06741477,0.020388365,-0.27849454,-0.086478285,-0.06293446,-0.29042488,-0.04064145,-0.08355868,-0.4296515,-0.07717305,-0.09330177,-0.52073985,-0.09853928,-0.10163918,-0.59418213,-0.1103747,-0.0063221455,-0.281608,-0.0512144,0.015989602,-0.4306284,-0.09191613,0.028760135,-0.5324526,-0.115354985,0.040385246,-0.6150116,-0.12395047,0.040254414,-0.24144113,-0.06413047,0.03590274,-0.2697993,-0.11529781,0.0048190355,-0.19253522,-0.11777955,-0.010347366,-0.13766629,-0.10244146,0.07336849,-0.18740696,-0.07924079,0.057189167,-0.20615876,-0.11545739,0.030715287,-0.14517295,-0.1051873,0.020144582,-0.09864414,-0.08645328
-0.054813802,-0.0518775,-0.0303844,-0.07543385,-0.15828323,-0.049522758,-0.02949208,-0.23659295,-0.06998626,0.018834889,-0.27658796,-0.089797065,-0.06469661,-0.28948355,-0.04292528,-0.086704284,-0.4294079,-0.080117986,-0.097414106,-0.5205983,-0.10188131,-0.106276214,-0.5940766,-0.114001006,-0.008168519,-0.2796685,-0.053635146,0.013852954,-0.42915666,-0.0957631,0.02682358,-0.5307027,-0.1200927,0.03864515,-0.6135106,-0.12919706,0.038206577,-0.2392047,-0.06652796,0.03712541,-0.271995,-0.11931049,0.00637722,-0.19296092,-0.121519595,-0.008980513,-0.13743955,-0.10579151,0.071400225,-0.18471062,-0.08155176,0.057439625,-0.20812207,-0.11916168,0.03188771,-0.14624202,-0.10833738,0.021539688,-0.0992592,-0.088925414
-0.054584444,-0.05017662,-0.032603282,-0.073923886,-0.15718442,-0.051031463,-0.027411759,-0.23537385,-0.06990658,0.021766663,-0.27112252,-0.088051766,-0.06626481,-0.28687382,-0.041363996,-0.08676165,-0.42630526,-0.07716427,-0.095944196,-0.5169341,-0.09851243,-0.10450834,-0.58900136,-0.110491395,-0.009747922,-0.27745384,-0.05009583,0.012621224,-0.4272834,-0.09029019,0.025878191,-0.52760875,-0.113630384,0.03708446,-0.6088701,-0.1220901,0.036302388,-0.23716408,-0.061406318,0.036933243,-0.2719025,-0.11282529,0.0072663426,-0.19580549,-0.11592763,-0.008155346,-0.14197898,-0.101043865,0.06865615,-0.18317026,-0.0750462,0.055924416,-0.2054537,-0.113128975,0.03098303,-0.142649,-0.103616074,0.020654142,-0.094961345,-0.08506643
-0.05510491,-0.054893315,-0.03267877,-0.072024226,-0.16492969,-0.051740434,-0.030204952,-0.24927634,-0.07169982,0.01358366,-0.29573244,-0.09014649,-0.06301004,-0.29047143,-0.037872124,-0.08487433,-0.42916408,-0.07351122,-0.09554613,-0.5188096,-0.09417811,-0.10397312,-0.590556,-0.10586568,-0.0076141357,-0.28228015,-0.047030848,0.011293173,-0.4329995,-0.08987849,0.022655189,-0.5337175,-0.11595123,0.03445059,-0.61315584,-0.12604433,0.03887105,-0.24215114,-0.058688235,0.0365023,-0.28117508,-0.11302161,0.0056313276,-0.20002908,-0.116396524,-0.009346068,-0.141482,-0.101153925,0.07223892,-0.18861914,-0.07254063,0.05619794,-0.20745665,-0.112949654,0.031310856,-0.142438,-0.104221836,0.02242291,-0.09387487,-0.08568225
-0.0625245,-0.06315774,-0.028206594,-0.08155316,-0.17895484,-0.04269885,-0.044514775,-0.26702112,-0.059187964,-0.008819997,-0.32070178,-0.07422015,-0.060597003,-0.29427648,-0.025253251,-0.082063496,-0.42601871,-0.05505169,-0.094792634,-0.50923383,-0.07321898,-0.10300982,-0.57802767,-0.08439992,-0.00769943,-0.28659743,-0.035174437,0.004466653,-0.43453473,-0.07125167,0.012498438,-0.53001255,-0.0941714,0.0242396,-0.6032319,-0.10417901,0.036895096,-0.24674171,-0.048241135,0.029107213,-0.31311625,-0.10005254,-0.0029233098,-0.23433387,-0.10501584,-0.017088175,-0.17230713,-0.09263416,0.07031405,-0.19242507,-0.06300129,0.05039382,-0.23096621,-0.10445551,0.023639262,-0.16813248,-0.09919646,0.014870048,-0.11720377,-0.08431393
-0.061840773,-0.05927229,-0.02560048,-0.08262104,-0.18398446,-0.036632683,-0.048795044,-0.27748126,-0.04959507,-0.010105729,-0.3318482,-0.061374612,-0.058327913,-0.29803348,-0.019035982,-0.08113676,-0.42867884,-0.043429565,-0.09361708,-0.5090821,-0.0574767,-0.10174745,-0.5756747,-0.066784106,-0.0064194202,-0.29329246,-0.028869202,0.0053868294,-0.4426128,-0.059393328,0.011709988,-0.53268766,-0.07992992,0.021677494,-0.59971166,-0.08942595,0.036596715,-0.25573462,-0.04183189,0.028068602,-0.3267629,-0.08862143,-0.006439984,-0.25389206,-0.095267564,-0.022488117,-0.1960519,-0.086230114,0.069058895,-0.20315754,-0.05628359,0.045828998,-0.23836476,-0.09575545,0.01785332,-0.17268097,-0.093263045,0.008602917,-0.12045914,-0.08183427
-0.063901484,-0.061586738,-0.024964768,-0.0850271,-0.18429804,-0.034928568,-0.053183615,-0.2795717,-0.046411168,-0.014438152,-0.33697277,-0.056537144,-0.061710358,-0.289351,-0.01631286,-0.083634436,-0.42157006,-0.038013723,-0.09548336,-0.5004738,-0.05000745,-0.10304621,-0.5663098,-0.058083363,-0.010934293,-0.28593236,-0.025076136,0.001380384,-0.4358245,-0.053721793,0.008614242,-0.5259187,-0.0741659,0.018816292,-0.59221435,-0.08411619,0.03145331,-0.25179136,-0.036733516,0.023158312,-0.3292125,-0.08242345,-0.010873139,-0.26358008,-0.09197309,-0.028074622,-0.20806456,-0.08581701,0.065225124,-0.2034055,-0.04958527,0.041942358,-0.23752052,-0.089474685,0.015283048,-0.17255765,-0.089785405,0.0060405135,-0.11865634,-0.08082713
-0.06527084,-0.068995476,-0.02083843,-0.08660185,-0.19125772,-0.026875542,-0.05325377,-0.28960907,-0.03630166,-0.011844039,-0.3461377,-0.044096913,-0.061808288,-0.27955258,9.0043985e-05,-0.082363725,-0.4100511,-0.017488357,-0.09344676,-0.48623493,-0.027086446,-0.10059056,-0.55019265,-0.03335852,-0.0138008,-0.27765495,-0.008538982,-0.002472818,-0.42162535,-0.034298327,0.0033935905,-0.5096095,-0.05241905,0.013118863,-0.5750495,-0.06031337,0.026675463,-0.24763393,-0.020962702,0.020463407,-0.32468802,-0.06598618,-0.008028924,-0.24492615,-0.0725888,-0.020096123,-0.17980629,-0.062511824,0.060072184,-0.20467621,-0.034511372,0.03638017,-0.24277335,-0.0728758,0.011338174,-0.1776588,-0.072056726,0.0030252934,-0.12390816,-0.061451416
-0.06979662,-0.06544489,-0.018068448,-0.09361574,-0.18645394,-0.014768834,-0.061356187,-0.29120183,-0.015212226,-0.01963681,-0.348984,-0.014084023,-0.06720477,-0.25943613,0.0271088,-0.0858376,-0.37930816,0.023108033,-0.095002055,-0.44390547,0.021240057,-0.10105324,-0.5006772,0.019269403,-0.023072124,-0.26045334,0.023350019,-0.016654909,-0.3907097,0.009169992,-0.015648484,-0.4677658,-0.003346296,-0.009304941,-0.52429974,-0.008336529,0.0133315325,-0.2375775,0.01395496,0.0047358274,-0.31815988,-0.026449721,-0.019360363,-0.23808432,-0.037012108,-0.026367009,-0.17059809,-0.029652126,0.046340704,-0.20694321,0.00382096,0.018593729,-0.2500863,-0.0344205,-0.0022176504,-0.1866076,-0.04020256,-0.0052167773,-0.13383293,-0.03477971
-0.0710336,-0.06510848,-0.014581007,-0.094898224,-0.18398821,-0.009428681,-0.06276488,-0.28440154,-0.00928669,-0.019949257,-0.34057295,-0.008226992,-0.065018535,-0.2523225,0.037510622,-0.084055305,-0.3644855,0.0395774,-0.09362653,-0.4258337,0.040840372,-0.100023955,-0.48079532,0.04023327,-0.02159816,-0.25259554,0.0320522,-0.017463446,-0.37960988,0.024299515,-0.017735302,-0.45498836,0.014131965,-0.012229681,-0.5089612,0.009759679,0.014206469,-0.22982818,0.02038029,0.004793763,-0.31139076,-0.016191121,-0.021677256,-0.23458368,-0.03030026,-0.03086549,-0.1690275,-0.026554864,0.046333134,-0.20238584,0.00831308,0.016424477,-0.24940723,-0.027627744,-0.005729258,-0.18695527,-0.03626545,-0.01008141,-0.13337398,-0.03428647
-0.069633305,-0.06229031,-0.014273195,-0.09476879,-0.1829412,-0.009588998,-0.063972175,-0.28556788,-0.009813221,-0.021321118,-0.34207177,-0.009036518,-0.066283345,-0.25195217,0.03334788,-0.084309876,-0.36292827,0.03428763,-0.09337568,-0.42426842,0.035213213,-0.09974405,-0.4786366,0.03465091,-0.022613108,-0.25175506,0.027688347,-0.01872921,-0.37889105,0.018781051,-0.018967152,-0.45490655,0.008701249,-0.014030457,-0.5088429,0.0047037336,0.014088333,-0.22894019,0.016329024,0.0034044385,-0.31038076,-0.020231051,-0.022844255,-0.23494929,-0.033371467,-0.032162607,-0.16875714,-0.028714987,0.047151804,-0.20157188,0.0046452065,0.017054617,-0.2524293,-0.030076832,-0.0055789948,-0.19265968,-0.037241552,-0.0108059645,-0.13885796,-0.034113884
-0.06969905,-0.06273323,-0.013901895,-0.09499037,-0.17947102,-0.011048326,-0.0644958,-0.28181267,-0.013180673,-0.021123111,-0.33585715,-0.01424798,-0.06500745,-0.24766934,0.02921091,-0.0835886,-0.36237282,0.02554455,-0.09311709,-0.42615962,0.022898989,-0.09931922,-0.48283774,0.019503444,-0.021528125,-0.24844497,0.022420276,-0.017668009,-0.37791634,0.007782918,-0.017929435,-0.4547472,-0.0065531116,-0.0122897625,-0.5125142,-0.013355052,0.014997542,-0.22621351,0.010738402,0.006937027,-0.31447285,-0.027821202,-0.019795418,-0.23452848,-0.036809605,-0.02978152,-0.16674161,-0.029289007,0.04754126,-0.19598418,-0.001499868,0.019967556,-0.24578285,-0.037471697,-0.002013743,-0.18313622,-0.04149946,-0.0080477595,-0.12911433,-0.035436712
-0.06852871,-0.05931437,-0.01481122,-0.09380531,-0.17694062,-0.0116386395,-0.06251478,-0.28165948,-0.012981562,-0.01872623,-0.3382426,-0.013165326,-0.06385988,-0.24705482,0.028803732,-0.08141333,-0.36226094,0.02639113,-0.09068829,-0.42608374,0.024909515,-0.097381234,-0.48249698,0.02252705,-0.020891726,-0.24675298,0.022986067,-0.01699996,-0.37717372,0.010258981,-0.017659068,-0.45311493,-0.0019271029,-0.012858987,-0.5096352,-0.0072886017,0.015492082,-0.2248745,0.012088936,0.006597638,-0.3115852,-0.026026087,-0.019779027,-0.23202801,-0.034721814,-0.029274285,-0.16397119,-0.026859663,0.047962487,-0.19640315,0.0006062162,0.019239068,-0.24685436,-0.035319358,-0.0022762418,-0.18339854,-0.03920225,-0.0068790317,-0.12853062,-0.033025783
-0.06991047,-0.05611831,-0.014430334,-0.09681222,-0.17909515,-0.01169074,-0.065616906,-0.28385007,-0.013358529,-0.021983504,-0.33889776,-0.014006545,-0.064507365,-0.25088948,0.023097193,-0.08438742,-0.36837512,0.01859912,-0.09400764,-0.43267125,0.016784335,-0.10030076,-0.4887399,0.014474035,-0.021647215,-0.25236654,0.016205437,-0.017356694,-0.38445175,0.001921933,-0.018606484,-0.46188018,-0.009883869,-0.014538169,-0.5190586,-0.014533625,0.014350474,-0.22999829,0.0046641543,0.0029987693,-0.3165831,-0.034093343,-0.022316813,-0.2373653,-0.040908918,-0.030414104,-0.1714493,-0.031697135,0.047002435,-0.19729006,-0.0074596894,0.01698941,-0.24827689,-0.044281755,-0.0043872,-0.18366891,-0.046842847,-0.008428872,-0.12911302,-0.039423946
-0.0680902,-0.05981642,-0.018004805,-0.093403876,-0.1803469,-0.02165075,-0.06231481,-0.2831447,-0.0292068,-0.019080639,-0.33653402,-0.035434734,-0.06208539,-0.26049358,0.0044151843,-0.08053726,-0.38912544,-0.0119186165,-0.08967647,-0.46372885,-0.020983206,-0.09403631,-0.526405,-0.02753744,-0.017622173,-0.26075506,-0.0043984447,-0.013539791,-0.4021098,-0.03147558,-0.0126366615,-0.4890622,-0.05088123,-0.004969895,-0.5545032,-0.059800714,0.019987881,-0.2348094,-0.016466105,0.009911001,-0.31947005,-0.061296318,-0.017887473,-0.23693168,-0.06422445,-0.028562605,-0.17025757,-0.051586915,0.05275172,-0.19650513,-0.029625786,0.0249784,-0.24129558,-0.06896848,0.0030807853,-0.17642832,-0.06727345,-0.0024566054,-0.123587966,-0.055714957
-0.06314993,-0.06303531,-0.019710096,-0.08786869,-0.1797911,-0.026578333,-0.056899786,-0.28200978,-0.037450206,-0.011830449,-0.33623403,-0.047088757,-0.055407703,-0.26401645,-0.0019021261,-0.070649266,-0.39668882,-0.023031747,-0.07790601,-0.47581136,-0.03533238,-0.081204414,-0.54138595,-0.043608,-0.01030767,-0.26199836,-0.011807315,-0.003634274,-0.409176,-0.043788698,0.00013834238,-0.49883628,-0.06567082,0.009141326,-0.5660577,-0.07562162,0.02837348,-0.23463368,-0.024808446,0.019001782,-0.31730515,-0.07405471,-0.01032114,-0.23345369,-0.077479035,-0.023131311,-0.16562092,-0.06403398,0.05937791,-0.19506258,-0.038910735,0.032205105,-0.23899567,-0.08017192,0.00895685,-0.17332792,-0.07757104,0.0021073222,-0.118870914,-0.06476657
-0.058474302,-0.058422804,-0.024701504,-0.07933414,-0.17343438,-0.038556155,-0.048200786,-0.26356012,-0.05455726,-0.011235058,-0.31767905,-0.0692604,-0.05186081,-0.28218883,-0.024647817,-0.066296935,-0.41366547,-0.053439613,-0.07400066,-0.49821988,-0.071199335,-0.07738882,-0.5672768,-0.08290685,-0.003022492,-0.2747622,-0.035786618,0.007749021,-0.41887772,-0.073634565,0.016151726,-0.5126865,-0.09873773,0.028504133,-0.586973,-0.11061303,0.03978604,-0.23897898,-0.048913125,0.029452324,-0.30266774,-0.09972955,-0.0017924905,-0.21982431,-0.10180244,-0.017546773,-0.15740591,-0.08824051,0.07135779,-0.1905039,-0.06352729,0.04461068,-0.22415745,-0.10417923,0.01902479,-0.15719229,-0.09731943,0.010130763,-0.10570884,-0.08165543
-0.058809698,-0.058000386,-0.024107289,-0.080466986,-0.17269468,-0.037891876,-0.0478428,-0.25902027,-0.05398947,-0.0110569,-0.3111294,-0.069267415,-0.051929533,-0.2895549,-0.028229661,-0.06541854,-0.4189778,-0.058097742,-0.073708594,-0.5044524,-0.076994255,-0.07847649,-0.5741282,-0.08936753,-0.002907455,-0.27968872,-0.040083285,0.009871125,-0.42419106,-0.077345714,0.019441009,-0.5175747,-0.10145701,0.03241855,-0.5922595,-0.11270973,0.039877295,-0.24103689,-0.053804267,0.032139063,-0.30196315,-0.10425504,-0.0011084676,-0.2188487,-0.10689601,-0.018279076,-0.15587509,-0.093789585,0.07032812,-0.18962085,-0.06895456,0.046209097,-0.22212267,-0.10905418,0.018219292,-0.15733647,-0.102268755,0.0075499415,-0.10673094,-0.08675659
-0.058809698,-0.058000386,-0.024107289,-0.080466986,-0.17269468,-0.037891876,-0.0478428,-0.25902027,-0.05398947,-0.0110569,-0.3111294,-0.069267415,-0.051929533,-0.2895549,-0.028229661,-0.06541854,-0.4189778,-0.058097742,-0.073708594,-0.5044524,-0.076994255,-0.07847649,-0.5741282,-0.08936753,-0.002907455,-0.27968872,-0.040083285,0.009871125,-0.42419106,-0.077345714,0.019441009,-0.5175747,-0.10145701,0.03241855,-0.5922595,-0.11270973,0.039877295,-0.24103689,-0.053804267,0.032139063,-0.30196315,-0.10425504,-0.0011084676,-0.2188487,-0.10689601,-0.018279076,-0.15587509,-0.093789585,0.07032812,-0.18962085,-0.06895456,0.046209097,-0.22212267,-0.10905418,0.018219292,-0.15733647,-0.102268755,0.0075499415,-0.10673094,-0.08675659
-0.054612935,-0.0500471,-0.026590973,-0.07659638,-0.1507079,-0.044752583,-0.035303116,-0.21995169,-0.06494389,0.009594917,-0.26015145,-0.08484937,-0.05414033,-0.27802202,-0.040069506,-0.06837046,-0.4130153,-0.07241997,-0.07406962,-0.50105757,-0.09072731,-0.07840693,-0.57347643,-0.101053625,-0.0032197237,-0.26828277,-0.05079167,0.017040849,-0.41339666,-0.08805234,0.029996157,-0.50906265,-0.10972734,0.041843534,-0.5849792,-0.11801795,0.039194643,-0.22946459,-0.06322244,0.029592574,-0.26223361,-0.11086302,-0.0009406805,-0.18991148,-0.11489383,-0.016114473,-0.13702166,-0.10225267,0.06919521,-0.17834294,-0.077342905,0.051624954,-0.20686632,-0.11123151,0.02531147,-0.15019643,-0.10279539,0.014313698,-0.1045171,-0.08664995
-0.054607272,-0.052537918,-0.023947347,-0.07673177,-0.15492922,-0.04145285,-0.037119865,-0.22464639,-0.061305232,0.0061710477,-0.26737717,-0.08106706,-0.056755185,-0.27652907,-0.038775135,-0.070185065,-0.4111838,-0.0709931,-0.07697621,-0.49926296,-0.08908486,-0.08162865,-0.5709495,-0.09916461,-0.0062123537,-0.26710558,-0.05014892,0.01458323,-0.4123216,-0.08751661,0.027433395,-0.50771916,-0.10940283,0.039681077,-0.5838188,-0.11785516,0.036629736,-0.23073363,-0.0628151,0.027020812,-0.261543,-0.11007487,-0.0035576224,-0.18754101,-0.11355213,-0.01850295,-0.13378233,-0.10076348,0.06750244,-0.18298972,-0.076869756,0.047823846,-0.20666313,-0.10984234,0.022081196,-0.14785415,-0.10054483,0.012622952,-0.102285266,-0.08392944
-0.05526781,-0.05712986,-0.024212537,-0.07191867,-0.16473669,-0.03874304,-0.027277231,-0.23642114,-0.05516591,0.016833723,-0.27444652,-0.07169012,-0.05618918,-0.27899334,-0.032015916,-0.068247855,-0.409748,-0.061123334,-0.074424446,-0.4954589,-0.079127595,-0.07772809,-0.5650307,-0.08977429,-0.0051643252,-0.26860866,-0.042260922,0.013159633,-0.41019958,-0.07448623,0.02338767,-0.50168,-0.09538183,0.035419583,-0.5740754,-0.104483604,0.03743851,-0.2294488,-0.054397848,0.032747388,-0.26864272,-0.09801702,0.0001090765,-0.19694477,-0.10384017,-0.015578866,-0.14496619,-0.094159536,0.066759944,-0.1779759,-0.06800321,0.050323367,-0.20140803,-0.10046522,0.023462474,-0.14515656,-0.09391017,0.014624298,-0.102722466,-0.08010267
-0.056005657,-0.054918945,-0.025253607,-0.07533294,-0.15823144,-0.04135653,-0.033823133,-0.23202044,-0.05929955,0.009000123,-0.2733734,-0.0766484,-0.05498457,-0.27818674,-0.032872714,-0.065555274,-0.40652624,-0.063939914,-0.072272,-0.49058923,-0.082803674,-0.076874256,-0.5597836,-0.0937865,-0.0056530237,-0.26816386,-0.04343988,0.012693942,-0.4068765,-0.079501405,0.02520889,-0.49899268,-0.10134536,0.038571775,-0.57203245,-0.11020559,0.036082447,-0.23040658,-0.05602374,0.029521644,-0.26322025,-0.103396304,-0.0012832284,-0.19123358,-0.10783761,-0.015935242,-0.13851339,-0.0960126,0.06510717,-0.1806091,-0.07021998,0.048190176,-0.20386791,-0.104894556,0.022204995,-0.14563006,-0.097104914,0.013071299,-0.10122174,-0.08157313
-0.056005657,-0.054918945,-0.025253607,-0.07533294,-0.15823144,-0.04135653,-0.033823133,-0.23202044,-0.05929955,0.009000123,-0.2733734,-0.0766484,-0.05498457,-0.27818674,-0.032872714,-0.065555274,-0.40652624,-0.063939914,-0.072272,-0.49058923,-0.082803674,-0.076874256,-0.5597836,-0.0937865,-0.0056530237,-0.26816386,-0.04343988,0.012693942,-0.4068765,-0.079501405,0.02520889,-0.49899268,-0.10134536,0.038571775,-0.57203245,-0.11020559,0.036082447,-0.23040658,-0.05602374,0.029521644,-0.26322025,-0.103396304,-0.0012832284,-0.19123358,-0.10783761,-0.015935242,-0.13851339,-0.0960126,0.06510717,-0.1806091,-0.07021998,0.048190176,-0.20386791,-0.104894556,0.022204995,-0.14563006,-0.097104914,0.013071299,-0.10122174,-0.08157313
-0.05505538,-0.0544616,-0.024093615,-0.07630357,-0.15984797,-0.04053803,-0.039696693,-0.23770669,-0.0588736,0.002600968,-0.28082436,-0.0767766,-0.049832642,-0.270988,-0.035954423,-0.061680555,-0.40022296,-0.06695015,-0.069019616,-0.48494005,-0.08513419,-0.07429445,-0.55429304,-0.09580813,-0.0023396611,-0.25983188,-0.04711946,0.016202271,-0.4022901,-0.08301012,0.02878648,-0.49470395,-0.10393783,0.042151988,-0.56811917,-0.11232071,0.03866464,-0.22146124,-0.059694402,0.031682372,-0.26737484,-0.10722882,-0.00048834085,-0.19515932,-0.10980985,-0.016245663,-0.13963437,-0.09665721,0.06775081,-0.17045182,-0.07362281,0.049754918,-0.2053253,-0.10894966,0.02327609,-0.1499967,-0.10023377,0.013171792,-0.10370606,-0.08387444
-0.056613266,-0.059037328,-0.022257363,-0.077043295,-0.17209989,-0.036814816,-0.036643207,-0.24740249,-0.05362257,0.00651145,-0.29032806,-0.07070126,-0.047424912,-0.29152286,-0.03382427,-0.05752206,-0.42611116,-0.062767975,-0.06376958,-0.5125637,-0.07978784,-0.06750846,-0.58310366,-0.09035686,0.0043252707,-0.2789017,-0.046052925,0.022858381,-0.42675692,-0.07995338,0.034956574,-0.52060807,-0.10181844,0.048297405,-0.5944953,-0.111949116,0.04771471,-0.2379651,-0.05949515,0.036349118,-0.28865883,-0.10576517,-0.00036931038,-0.2166695,-0.111117244,-0.019559145,-0.16136205,-0.10118893,0.077325165,-0.1841175,-0.07397161,0.05250132,-0.216618,-0.11018124,0.022110939,-0.15617216,-0.10369546,0.010323584,-0.1067332,-0.08965453
-0.057395697,-0.06012261,-0.028517157,-0.07754201,-0.17053139,-0.047934886,-0.03213221,-0.24547487,-0.06927802,0.01567632,-0.28803855,-0.0901493,-0.049922585,-0.2941801,-0.04203173,-0.061104,-0.4347074,-0.07635593,-0.066135526,-0.5243459,-0.096323706,-0.06974411,-0.5988053,-0.10756896,0.0029171705,-0.2808293,-0.05286895,0.026141107,-0.43222106,-0.090933725,0.04101312,-0.5315677,-0.11226996,0.055725873,-0.61169815,-0.12059698,0.046414554,-0.23783833,-0.06568363,0.041049242,-0.28100127,-0.1149721,0.0064677596,-0.20471281,-0.11649743,-0.010686398,-0.14749181,-0.101761475,0.07726139,-0.18128121,-0.080440536,0.06416184,-0.22007477,-0.11580335,0.035205543,-0.16103435,-0.10489881,0.022277892,-0.11138755,-0.08658189
-0.05535555,-0.060430825,-0.026928604,-0.0740425,-0.17027152,-0.045475658,-0.028645754,-0.24026299,-0.06650324,0.017536879,-0.27782696,-0.08717521,-0.047837675,-0.29904497,-0.038514838,-0.058053195,-0.437899,-0.07307015,-0.062110484,-0.5277238,-0.09381032,-0.06487578,-0.6013546,-0.105403244,0.005112231,-0.28513366,-0.050415736,0.029500544,-0.43265226,-0.08821593,0.044310093,-0.5313347,-0.10977062,0.05810964,-0.6109518,-0.11808537,0.0487628,-0.24167252,-0.064590864,0.043299496,-0.28347212,-0.11397666,0.009913087,-0.20730913,-0.116646186,-0.0067886114,-0.14946872,-0.10250012,0.079319775,-0.18418622,-0.08066309,0.0656417,-0.21948862,-0.1159328,0.034778893,-0.15967208,-0.1057535,0.020242393,-0.109166026,-0.08786851
-0.055897355,-0.06104994,-0.028119052,-0.07479477,-0.17221934,-0.04687245,-0.029984713,-0.24461544,-0.06772611,0.01611197,-0.2842114,-0.08795069,-0.048753858,-0.29521507,-0.038988534,-0.058580518,-0.43440208,-0.07415565,-0.06320554,-0.52341896,-0.09487057,-0.066152096,-0.5964491,-0.106228404,0.003765881,-0.281465,-0.049744364,0.027916014,-0.42943776,-0.088959426,0.042128384,-0.5275179,-0.11078525,0.05591452,-0.6065382,-0.118728355,0.04731351,-0.23937368,-0.06285028,0.041862905,-0.2788269,-0.113549456,0.007288873,-0.20070225,-0.11601874,-0.010362506,-0.14209998,-0.10118276,0.07796663,-0.18396807,-0.07794086,0.062436283,-0.21501124,-0.114506885,0.03132832,-0.15417045,-0.1047686,0.017019868,-0.10446042,-0.086659916
-0.056244135,-0.058315456,-0.02865963,-0.076562345,-0.16682827,-0.048085645,-0.033811927,-0.24004161,-0.06917535,0.010939598,-0.28292757,-0.08941851,-0.049820483,-0.2907201,-0.040726103,-0.060765803,-0.429896,-0.076136604,-0.066173136,-0.51896775,-0.09711779,-0.07078332,-0.5923283,-0.10866116,0.0019145012,-0.27800673,-0.050829094,0.024482727,-0.42566404,-0.089398615,0.037588954,-0.52280843,-0.11059494,0.050186932,-0.60028684,-0.11839066,0.045084476,-0.23682052,-0.06324179,0.038406074,-0.27574098,-0.11289083,0.004388392,-0.19949162,-0.11455584,-0.012579203,-0.14129019,-0.09964172,0.07584888,-0.18225485,-0.0776822,0.058551908,-0.21134758,-0.11362681,0.027966559,-0.15138662,-0.10369446,0.014260292,-0.10185999,-0.08567685
-0.05755925,-0.06581545,-0.025285909,-0.07600355,-0.1814012,-0.041512035,-0.032367885,-0.25921822,-0.060238443,0.013450086,-0.29963166,-0.07863057,-0.04956454,-0.29553187,-0.03545808,-0.062045336,-0.43412519,-0.067459196,-0.06927526,-0.52364373,-0.08655611,-0.07414317,-0.59731066,-0.09767346,0.0010173321,-0.2825089,-0.047509417,0.020719469,-0.43179798,-0.08491468,0.033176184,-0.52907175,-0.10730516,0.047469616,-0.60659456,-0.1165596,0.044110715,-0.24036229,-0.061355535,0.038565278,-0.28396958,-0.110300384,0.0037847161,-0.20805293,-0.11368753,-0.013016403,-0.15055788,-0.100509584,0.07489258,-0.18466592,-0.07689587,0.061160743,-0.22276026,-0.11203052,0.03206581,-0.16495275,-0.10233676,0.020156085,-0.11588216,-0.0852073
-0.055387735,-0.06104988,-0.024977718,-0.07360798,-0.17081845,-0.041815147,-0.034989297,-0.24871153,-0.06099877,0.0045905113,-0.2988341,-0.07955689,-0.048657358,-0.29376948,-0.03475611,-0.060603738,-0.43098316,-0.06761656,-0.06783056,-0.52034485,-0.08748377,-0.072856665,-0.5937603,-0.09958368,0.0030277371,-0.2829429,-0.047268756,0.022337973,-0.4303069,-0.086324066,0.03521508,-0.52653384,-0.11093351,0.049069107,-0.6037632,-0.121764004,0.046744287,-0.2421593,-0.06144054,0.03608483,-0.2843386,-0.111207984,0.001660347,-0.20796555,-0.11478485,-0.015553296,-0.1524018,-0.10232378,0.07756674,-0.1877889,-0.077291675,0.056379497,-0.21470004,-0.114645995,0.026933908,-0.15285766,-0.10631602,0.0153006315,-0.10451591,-0.090016976
-0.056091785,-0.060914636,-0.024788603,-0.07419628,-0.17044044,-0.0413141,-0.033679128,-0.24677485,-0.060118943,0.0090075135,-0.29291523,-0.078424044,-0.049822688,-0.29157764,-0.03440976,-0.061602473,-0.4290291,-0.066536434,-0.06783402,-0.51752144,-0.08589573,-0.072066486,-0.59062946,-0.09745883,0.0017427206,-0.2805705,-0.04648818,0.020663679,-0.42720568,-0.0843855,0.03346467,-0.5224883,-0.107640974,0.046828806,-0.59815776,-0.11748421,0.045285106,-0.24007738,-0.060298346,0.035158575,-0.2829064,-0.109636575,0.0025945306,-0.20683932,-0.113430776,-0.013193846,-0.15004325,-0.100913495,0.0762884,-0.18657243,-0.07566411,0.056583524,-0.21523869,-0.11262616,0.027802229,-0.15281487,-0.10435108,0.016700923,-0.10295963,-0.08804124
-0.05753219,-0.063896954,-0.024905011,-0.07671183,-0.17335528,-0.042135857,-0.036647677,-0.24953914,-0.062073775,0.0047752857,-0.297655,-0.081541985,-0.051003993,-0.29742086,-0.03376548,-0.06361759,-0.43326962,-0.066567145,-0.07076436,-0.5218512,-0.08640623,-0.075196624,-0.5948416,-0.09814756,0.0004466772,-0.28664625,-0.046350602,0.01868087,-0.43395293,-0.084673695,0.031259358,-0.5288355,-0.10784438,0.0446468,-0.60357785,-0.117482014,0.044358134,-0.24595809,-0.060903367,0.03437674,-0.28719383,-0.11071026,0.0016571283,-0.20977038,-0.11453152,-0.014298916,-0.15217227,-0.10185163,0.07530904,-0.19172853,-0.07711933,0.05636525,-0.22010231,-0.11352844,0.027402937,-0.15850168,-0.10511266,0.01591611,-0.10920411,-0.08883829
-0.057500005,-0.058768034,-0.025815992,-0.07858598,-0.16847038,-0.043103196,-0.038640916,-0.24557811,-0.06275424,0.005972326,-0.29047197,-0.08190157,-0.04994893,-0.29121548,-0.03591557,-0.06231922,-0.42776418,-0.068376675,-0.06906313,-0.51596814,-0.08747427,-0.07398659,-0.5890461,-0.09845036,0.00067585707,-0.28079265,-0.04734587,0.018756688,-0.42815185,-0.08413405,0.030295312,-0.52396786,-0.10544216,0.042366385,-0.5996726,-0.11374709,0.043598652,-0.24139929,-0.06075061,0.033204854,-0.28095424,-0.109148346,-0.00036525726,-0.20436198,-0.112043284,-0.016580641,-0.1463176,-0.09861862,0.07378811,-0.18829858,-0.07594101,0.05368936,-0.21531916,-0.11159141,0.024252057,-0.15383983,-0.10289462,0.012104869,-0.10415739,-0.08626015
-0.056720436,-0.058152735,-0.024963971,-0.07634735,-0.16561967,-0.042328324,-0.037882507,-0.24217695,-0.062154043,0.0037298203,-0.28995854,-0.0814047,-0.049637794,-0.28804386,-0.03531896,-0.061487198,-0.4242742,-0.06786445,-0.06792337,-0.5123214,-0.08694108,-0.07222223,-0.5852603,-0.09789917,0.0012261271,-0.27760834,-0.04715963,0.019877613,-0.4231516,-0.08475414,0.03228557,-0.5191643,-0.106960915,0.045469463,-0.5952648,-0.115865245,0.0442515,-0.23843968,-0.060790427,0.03282845,-0.27843428,-0.10942135,-8.058548e-05,-0.2019704,-0.11203197,-0.01560688,-0.14463836,-0.098526075,0.074683905,-0.18624318,-0.076093204,0.05306065,-0.21304613,-0.1117209,0.02446717,-0.15123016,-0.10264502,0.013620794,-0.10185802,-0.08572734
-0.055409074,-0.059515715,-0.025606489,-0.07537544,-0.16595942,-0.04253094,-0.03643191,-0.2413401,-0.061862085,0.0059295893,-0.2875532,-0.0806063,-0.047775745,-0.2910055,-0.032859433,-0.05762726,-0.42503697,-0.06488877,-0.062027276,-0.51043564,-0.08351792,-0.0644595,-0.58144045,-0.09386184,0.0037629604,-0.28051186,-0.04404546,0.023162961,-0.42553285,-0.08010196,0.035831034,-0.5192428,-0.10124564,0.048250735,-0.5931286,-0.10940412,0.04661542,-0.24095905,-0.057500802,0.037658393,-0.28102368,-0.10622285,0.0056500435,-0.20441419,-0.10992241,-0.010505557,-0.14708787,-0.096907794,0.076625645,-0.18819964,-0.07254958,0.05811125,-0.21296638,-0.10825903,0.029284298,-0.15034407,-0.09996307,0.016511023,-0.100349784,-0.0835515
-0.05579686,-0.060153723,-0.026228614,-0.074165404,-0.16455382,-0.04440531,-0.035126925,-0.23777199,-0.064933605,0.0059093833,-0.2838859,-0.08483941,-0.046088636,-0.28963584,-0.03458545,-0.056509554,-0.42332685,-0.067706354,-0.06128764,-0.50950193,-0.08734652,-0.06362021,-0.5811651,-0.09845311,0.0047459602,-0.27920604,-0.046024647,0.024279356,-0.42328313,-0.0830477,0.03750497,-0.51725036,-0.10520741,0.05093497,-0.59084356,-0.11407821,0.047351837,-0.23979253,-0.059650347,0.0368554,-0.27885622,-0.10834652,0.0035676956,-0.20461404,-0.112229384,-0.013211131,-0.1481685,-0.09961052,0.076886296,-0.18696338,-0.07505106,0.055942655,-0.20862281,-0.11076419,0.02724737,-0.14731783,-0.10267732,0.015301287,-0.0982064,-0.086468965
-0.05543202,-0.06173402,-0.026089227,-0.07564247,-0.16747344,-0.043494195,-0.033484578,-0.24053031,-0.063331746,0.012062371,-0.28391075,-0.08244447,-0.04620558,-0.28937536,-0.033878654,-0.056253433,-0.4220765,-0.06664727,-0.060751498,-0.5077459,-0.08592093,-0.0631662,-0.57873094,-0.09669133,0.0050457716,-0.27994227,-0.044786207,0.024874091,-0.42377996,-0.08020607,0.037725747,-0.51762545,-0.10071761,0.050593317,-0.59100765,-0.108745895,0.047377646,-0.24102825,-0.058178995,0.039201677,-0.28080136,-0.10571042,0.0059804916,-0.20693988,-0.109209396,-0.01064235,-0.15031117,-0.09641495,0.07694107,-0.18808258,-0.073410586,0.05974561,-0.21408015,-0.107884936,0.03005749,-0.15536463,-0.09985212,0.01647371,-0.106969476,-0.08398838
-0.055550396,-0.061509073,-0.026479287,-0.075681806,-0.16526687,-0.04467801,-0.034541488,-0.23846918,-0.06539987,0.0103186965,-0.28106862,-0.085347205,-0.045235693,-0.28637052,-0.034707583,-0.055892766,-0.4189625,-0.06821452,-0.060451508,-0.50407225,-0.08788217,-0.06261897,-0.5749731,-0.09885065,0.0058918,-0.27687025,-0.045866173,0.025524259,-0.42120588,-0.082495384,0.03832084,-0.51485723,-0.10351473,0.051430166,-0.5877418,-0.11165737,0.04828912,-0.2375493,-0.05945284,0.039316475,-0.27835983,-0.10781074,0.006525278,-0.2046147,-0.1106211,-0.009360611,-0.14783901,-0.09704592,0.07802147,-0.1837874,-0.074908644,0.06049347,-0.21194601,-0.10934206,0.03155309,-0.1544857,-0.10036799,0.018617094,-0.10673314,-0.08370895
-0.054789007,-0.06077534,-0.02718064,-0.07418412,-0.16726202,-0.045805275,-0.035093844,-0.24550831,-0.0667891,0.009101391,-0.29083383,-0.0867892,-0.042431533,-0.2888034,-0.0357184,-0.052694976,-0.42401898,-0.06942725,-0.057708144,-0.5108154,-0.089392506,-0.06084901,-0.5833367,-0.10077551,0.0071102977,-0.27656657,-0.047181144,0.027754366,-0.42372102,-0.08526164,0.041556597,-0.5184148,-0.107089736,0.055535138,-0.5932301,-0.11563111,0.048766613,-0.23570424,-0.060927078,0.040275037,-0.2801172,-0.11081406,0.005976796,-0.20565742,-0.11296524,-0.011092544,-0.14888567,-0.09863206,0.077659905,-0.18150383,-0.0766004,0.06139797,-0.21478862,-0.11236807,0.031764805,-0.15655762,-0.10274557,0.01820755,-0.10807651,-0.08539168
-0.054789007,-0.06077534,-0.02718064,-0.07418412,-0.16726202,-0.045805275,-0.035093844,-0.24550831,-0.0667891,0.009101391,-0.29083383,-0.0867892,-0.042431533,-0.2888034,-0.0357184,-0.052694976,-0.42401898,-0.06942725,-0.057708144,-0.5108154,-0.089392506,-0.06084901,-0.5833367,-0.10077551,0.0071102977,-0.27656657,-0.047181144,0.027754366,-0.42372102,-0.08526164,0.041556597,-0.5184148,-0.107089736,0.055535138,-0.5932301,-0.11563111,0.048766613,-0.23570424,-0.060927078,0.040275037,-0.2801172,-0.11081406,0.005976796,-0.20565742,-0.11296524,-0.011092544,-0.14888567,-0.09863206,0.077659905,-0.18150383,-0.0766004,0.06139797,-0.21478862,-0.11236807,0.031764805,-0.15655762,-0.10274557,0.01820755,-0.10807651,-0.08539168
-0.055211186,-0.060182095,-0.028140998,-0.0743745,-0.16809279,-0.046719495,-0.03315109,-0.24562675,-0.0673748,0.0135573745,-0.2893861,-0.08705972,-0.04345876,-0.2878675,-0.035749655,-0.053393424,-0.42369777,-0.069799654,-0.05728656,-0.5113734,-0.089835145,-0.059180737,-0.5835796,-0.10103663,0.0064703226,-0.27616698,-0.046603993,0.025780082,-0.42289096,-0.084972106,0.03963518,-0.5181874,-0.10697893,0.054086745,-0.59304285,-0.11541504,0.04810679,-0.23551577,-0.059907634,0.038413823,-0.27709484,-0.110186405,0.0051030517,-0.20333445,-0.11282615,-0.010593832,-0.14735347,-0.09855451,0.07649982,-0.18124902,-0.07518066,0.058122158,-0.21343398,-0.11146937,0.02966851,-0.15441185,-0.10201218,0.017962813,-0.10518372,-0.08453323
-0.054408967,-0.061683536,-0.026524846,-0.07430595,-0.16608399,-0.045174588,-0.037269175,-0.24303257,-0.06634652,0.0077468753,-0.28600293,-0.08664136,-0.040313005,-0.28671503,-0.035174843,-0.050843537,-0.42168975,-0.06907648,-0.054897785,-0.5086385,-0.089133,-0.056648076,-0.58121824,-0.10050685,0.008757174,-0.275123,-0.046721183,0.028598487,-0.41961378,-0.08521699,0.04235035,-0.5137013,-0.10712173,0.056728005,-0.5875771,-0.11556006,0.05021596,-0.23533988,-0.060462393,0.040871322,-0.2774058,-0.11086215,0.0067265034,-0.20266008,-0.11334445,-0.009985924,-0.14434189,-0.09906966,0.0791617,-0.18190497,-0.076067485,0.060703635,-0.21253741,-0.112590075,0.03137344,-0.15273893,-0.103493236,0.01866728,-0.10229099,-0.08626809
-0.05403751,-0.060338795,-0.025903169,-0.07308203,-0.16920531,-0.043356985,-0.035407364,-0.2472406,-0.06303193,0.008412838,-0.29312062,-0.08203001,-0.042052686,-0.28930187,-0.035496745,-0.05139792,-0.42583597,-0.06807045,-0.055426955,-0.5129363,-0.08694261,-0.057943106,-0.5857321,-0.09763079,0.0076167583,-0.27792913,-0.046731107,0.028140247,-0.4251575,-0.08363072,0.04208392,-0.5188615,-0.104618415,0.055785954,-0.5924971,-0.11265207,0.04954791,-0.23887777,-0.05997302,0.040575147,-0.2833392,-0.10925519,0.0065073967,-0.20732117,-0.111803204,-0.010950148,-0.14848417,-0.097922705,0.07825899,-0.18699014,-0.0749116,0.059309244,-0.21565914,-0.111288965,0.030079067,-0.15419716,-0.10257599,0.01734829,-0.10330081,-0.085742556
-0.054790914,-0.061502635,-0.025907425,-0.07224566,-0.17001408,-0.042904757,-0.03066957,-0.24268311,-0.062291145,0.012698412,-0.28396082,-0.08133071,-0.04185462,-0.28773683,-0.035470236,-0.04898244,-0.42301,-0.0686231,-0.051287115,-0.51007926,-0.08823099,-0.052263677,-0.5825215,-0.0992888,0.0088220835,-0.27551746,-0.04673433,0.030239284,-0.4210059,-0.0838343,0.0448606,-0.51564455,-0.10525842,0.0592708,-0.5907714,-0.113531336,0.051481187,-0.23486888,-0.06009538,0.04404539,-0.2807964,-0.109880514,0.01007843,-0.20421839,-0.11296573,-0.007323444,-0.14603287,-0.09918024,0.08119768,-0.18052912,-0.07507099,0.063709795,-0.21255189,-0.11198092,0.033733785,-0.15136355,-0.103285655,0.020213604,-0.10135096,-0.08623535
-0.05454135,-0.060005784,-0.027680315,-0.07261801,-0.16880262,-0.04496639,-0.031638086,-0.24281353,-0.06410365,0.012658715,-0.28529936,-0.08252551,-0.042265117,-0.2887112,-0.03482485,-0.04947573,-0.42486227,-0.06834541,-0.05148673,-0.51211643,-0.08865803,-0.05161804,-0.584049,-0.10044885,0.008835018,-0.27588016,-0.045443278,0.03033483,-0.42101893,-0.08333402,0.044377565,-0.51609886,-0.1059047,0.058410823,-0.59215385,-0.11514774,0.051745415,-0.23461646,-0.05846315,0.04629755,-0.28578568,-0.11021652,0.011505485,-0.2083674,-0.11437329,-0.0067213774,-0.1489222,-0.1012015,0.08139914,-0.17979348,-0.07314918,0.06414914,-0.21107626,-0.11367396,0.032877505,-0.14747286,-0.10687019,0.018543124,-0.09586102,-0.09066292
-0.054842234,-0.061967194,-0.02555152,-0.07158363,-0.17212713,-0.04133971,-0.031615257,-0.24891657,-0.059347827,0.011007845,-0.29342645,-0.07684085,-0.040334344,-0.290034,-0.03250083,-0.04732454,-0.42669237,-0.06353095,-0.05036062,-0.5148004,-0.08201462,-0.052478373,-0.5877182,-0.092805415,0.009041846,-0.2765242,-0.04354065,0.030301273,-0.42132884,-0.07996363,0.04500276,-0.51559055,-0.10188139,0.059762,-0.5899116,-0.11081404,0.050559938,-0.23468906,-0.056588933,0.043396235,-0.28188342,-0.10597836,0.008966267,-0.20626634,-0.10972967,-0.008881748,-0.1483528,-0.0967496,0.07952452,-0.17945427,-0.07121775,0.06199366,-0.2120474,-0.108716644,0.032275915,-0.15170461,-0.1010061,0.019365191,-0.10182387,-0.08480883
-0.05442226,-0.062749565,-0.026846908,-0.0716055,-0.17043602,-0.044400707,-0.030408919,-0.24623114,-0.064237274,0.014070928,-0.29063582,-0.08355065,-0.04027474,-0.28992552,-0.034432422,-0.047947645,-0.4261204,-0.067546,-0.050520778,-0.51398414,-0.08725564,-0.05162388,-0.586571,-0.098461695,0.009830177,-0.27672297,-0.04538551,0.030614316,-0.42248267,-0.08252252,0.045118034,-0.51707655,-0.10418114,0.05978149,-0.59182763,-0.112822205,0.051590443,-0.23517936,-0.058684427,0.04482329,-0.28263456,-0.10858628,0.009720087,-0.20761627,-0.11221286,-0.008482933,-0.15024847,-0.09905845,0.08085209,-0.18019772,-0.07369896,0.06316024,-0.21232337,-0.11095893,0.032289088,-0.15181088,-0.10301865,0.017934024,-0.10216457,-0.0867036
-0.053140104,-0.06596959,-0.02625406,-0.06953484,-0.17515177,-0.044190753,-0.02776897,-0.24960852,-0.06472547,0.018041492,-0.29156184,-0.084866665,-0.036361754,-0.29260063,-0.036123227,-0.043371737,-0.42976642,-0.0694656,-0.0461241,-0.5182409,-0.08937781,-0.047745705,-0.59149426,-0.10076032,0.013202906,-0.27738476,-0.04791982,0.036384106,-0.42429927,-0.08559641,0.050612867,-0.5194346,-0.10733547,0.06457597,-0.59455603,-0.11596879,0.055068314,-0.23405051,-0.06179084,0.048746645,-0.28340507,-0.11219062,0.012084663,-0.20888853,-0.11562493,-0.007453859,-0.15122747,-0.10212589,0.08401227,-0.17682058,-0.07732112,0.06872058,-0.2148248,-0.11430912,0.036245286,-0.15651578,-0.10542206,0.0202595,-0.10636437,-0.088422164
-0.053462386,-0.063332856,-0.027400713,-0.07130051,-0.17209959,-0.045565493,-0.029803813,-0.24642676,-0.065979555,0.017270684,-0.28705376,-0.085877255,-0.0380888,-0.29120725,-0.036659684,-0.044707358,-0.42835203,-0.070084035,-0.046503842,-0.516202,-0.09002125,-0.046846032,-0.58848095,-0.10146649,0.012198925,-0.27678198,-0.04775515,0.0354141,-0.4233418,-0.08554953,0.04999304,-0.5186777,-0.10758947,0.064155996,-0.5936836,-0.11642725,0.054362297,-0.23421115,-0.061088413,0.049228013,-0.28429127,-0.111711025,0.01322341,-0.20930046,-0.11572007,-0.006154239,-0.15120965,-0.10257564,0.08328211,-0.17807895,-0.07612301,0.06799817,-0.21337777,-0.11395374,0.03600198,-0.15458065,-0.10612794,0.020157754,-0.10456574,-0.08971116
-0.05407816,-0.06290275,-0.0282195,-0.07156074,-0.17005992,-0.04608708,-0.02867043,-0.24611688,-0.065910585,0.016483128,-0.28915966,-0.08493193,-0.041813195,-0.2925855,-0.035496637,-0.048820257,-0.42814255,-0.06967536,-0.050455928,-0.51592386,-0.090434626,-0.050572574,-0.5887744,-0.10212208,0.009276807,-0.2790085,-0.045769073,0.031471193,-0.42433953,-0.0835215,0.04631543,-0.5200342,-0.10515248,0.06100911,-0.5955374,-0.11364345,0.052104115,-0.23687083,-0.058640044,0.046128392,-0.28328025,-0.109289885,0.011626005,-0.20793104,-0.11253083,-0.005951643,-0.14929885,-0.09872213,0.08223468,-0.1818043,-0.07339733,0.06687629,-0.21507621,-0.11097108,0.035214067,-0.15416098,-0.10260584,0.020101368,-0.10358155,-0.08574744
-0.05390483,-0.06273574,-0.027732536,-0.07083815,-0.16918838,-0.045576412,-0.030026972,-0.24381799,-0.06547768,0.011964619,-0.28878486,-0.08461455,-0.041237593,-0.2927556,-0.03504485,-0.04825616,-0.42922285,-0.06886494,-0.049694955,-0.5170129,-0.08931192,-0.049480557,-0.58977056,-0.10068337,0.009505391,-0.27878696,-0.045568604,0.032741368,-0.42343956,-0.08330423,0.046977937,-0.5197204,-0.105319776,0.06120503,-0.5958183,-0.114020385,0.051935077,-0.23646224,-0.05859138,0.0463596,-0.2838866,-0.10922882,0.011784434,-0.20886248,-0.11294237,-0.0057398677,-0.15080076,-0.09948827,0.08191854,-0.18125504,-0.073386475,0.06648457,-0.21453357,-0.11119761,0.03534043,-0.152767,-0.10301029,0.021162987,-0.10211545,-0.08618539
-0.053007185,-0.067011476,-0.026097348,-0.06975269,-0.17402959,-0.044722408,-0.029546201,-0.25026196,-0.06619962,0.015284717,-0.29343742,-0.08695375,-0.035583735,-0.29533398,-0.034699604,-0.044443965,-0.43076545,-0.06798598,-0.047516942,-0.5176698,-0.08743209,-0.048901856,-0.5900202,-0.09811598,0.013616502,-0.2807166,-0.04657763,0.03589821,-0.42785603,-0.08443115,0.05068189,-0.52190053,-0.10575509,0.06510961,-0.5950119,-0.1136873,0.055369675,-0.23791265,-0.06069743,0.047965586,-0.28226537,-0.11119175,0.011217117,-0.20769072,-0.114349596,-0.008757532,-0.1495266,-0.10021822,0.084445894,-0.18136698,-0.07646331,0.0694685,-0.21801007,-0.11155583,0.037642896,-0.16033572,-0.10164042,0.021024585,-0.110346735,-0.08403844
-0.052263916,-0.06299555,-0.025863329,-0.06839806,-0.16898972,-0.043944404,-0.028535843,-0.24348485,-0.06450656,0.015451193,-0.2863745,-0.084530845,-0.036198854,-0.28961438,-0.035854157,-0.043007493,-0.4257713,-0.068444766,-0.04550898,-0.5135778,-0.08771316,-0.046925426,-0.58598346,-0.09859474,0.012891591,-0.27429914,-0.047594037,0.036389053,-0.42045784,-0.08531972,0.05193913,-0.5146912,-0.107203156,0.06652123,-0.5878669,-0.11581301,0.054589868,-0.23126286,-0.06122052,0.047368646,-0.2788843,-0.11148723,0.012122333,-0.20532203,-0.11511591,-0.0071903467,-0.14818746,-0.101753436,0.08357197,-0.17543125,-0.07634046,0.06837618,-0.21348244,-0.112683736,0.03704673,-0.15573245,-0.1035513,0.02117467,-0.105737984,-0.08647626
-0.051706493,-0.06655198,-0.026601404,-0.06652415,-0.17093849,-0.04557587,-0.025705695,-0.24474168,-0.06728556,0.019514024,-0.2861678,-0.08826875,-0.034543216,-0.2897032,-0.03570116,-0.041591644,-0.42584834,-0.06963256,-0.043508053,-0.513735,-0.08967989,-0.044287086,-0.5866581,-0.10075424,0.014286339,-0.27437872,-0.04755421,0.037624896,-0.42076755,-0.0856297,0.05306363,-0.5153632,-0.10734445,0.06803036,-0.5893539,-0.11571466,0.055728853,-0.23073328,-0.061617732,0.04897648,-0.2775206,-0.11180309,0.013134658,-0.20511568,-0.114558026,-0.005542159,-0.14871764,-0.10035269,0.08446747,-0.17360687,-0.077398255,0.06999278,-0.21362507,-0.11226614,0.038876534,-0.15817165,-0.10187727,0.023703098,-0.109619915,-0.084021226
-0.05242616,-0.0645085,-0.025967838,-0.06912875,-0.17056495,-0.04356714,-0.02892059,-0.24464071,-0.06391915,0.017047822,-0.28441554,-0.08349466,-0.036160886,-0.29023516,-0.032989647,-0.043256998,-0.42600513,-0.0651607,-0.04507512,-0.51245254,-0.083431154,-0.04523182,-0.58377033,-0.09321612,0.012973428,-0.27711904,-0.044095922,0.036504567,-0.4224221,-0.08040487,0.052111328,-0.51621175,-0.10085211,0.06684995,-0.58755255,-0.10828243,0.05391687,-0.23562896,-0.057558756,0.04703635,-0.27978605,-0.10660798,0.012206376,-0.20720512,-0.11021925,-0.006032586,-0.14995682,-0.09667478,0.08219153,-0.18092275,-0.07267172,0.06634903,-0.21270299,-0.107443616,0.03606558,-0.15536088,-0.09878007,0.02127856,-0.10642427,-0.0821402
-0.05220872,-0.06573057,-0.026264332,-0.06742114,-0.17207551,-0.043812625,-0.025788307,-0.24498963,-0.06403837,0.020579219,-0.28332323,-0.08364101,-0.03534949,-0.28932142,-0.03360959,-0.04166323,-0.42473716,-0.06605146,-0.043513656,-0.51150626,-0.08453385,-0.043961525,-0.5830065,-0.09439296,0.014288187,-0.27600634,-0.044402476,0.03866023,-0.4214424,-0.08060018,0.0541389,-0.5154861,-0.100980304,0.068716705,-0.5868906,-0.10842595,0.055549562,-0.23426259,-0.057567842,0.04931146,-0.27967608,-0.10662383,0.014826119,-0.20740104,-0.110380515,-0.0030794144,-0.1500265,-0.096887365,0.08433312,-0.17927086,-0.07235695,0.069268286,-0.21223599,-0.107171714,0.038930357,-0.15547752,-0.09855414,0.024210572,-0.10663289,-0.08190373
-0.053432524,-0.061968803,-0.027185788,-0.06876534,-0.16791594,-0.04473496,-0.02686882,-0.24233997,-0.0642727,0.017040133,-0.28365684,-0.082893305,-0.036558926,-0.2891634,-0.035098925,-0.04065317,-0.42316753,-0.068467185,-0.040376663,-0.50960666,-0.088305086,-0.038985133,-0.58154154,-0.09925051,0.0130521655,-0.27539933,-0.045248717,0.037694573,-0.4177183,-0.08142768,0.05400896,-0.5118019,-0.10180314,0.069464386,-0.5861207,-0.10959972,0.0541597,-0.2332238,-0.057863157,0.050435185,-0.27952015,-0.10634866,0.015681148,-0.20741451,-0.10888464,-0.002879858,-0.15026438,-0.0951052,0.082909584,-0.17781663,-0.07232795,0.069212675,-0.20878547,-0.10774851,0.037524104,-0.1511401,-0.09913967,0.021556139,-0.102778435,-0.08249169
-0.053163588,-0.06590146,-0.028079938,-0.06651622,-0.17144942,-0.04682004,-0.024644077,-0.24653912,-0.06774331,0.020284176,-0.2891844,-0.087646656,-0.031934857,-0.2913251,-0.034539007,-0.03607589,-0.42377096,-0.068885796,-0.036100805,-0.51000565,-0.089493476,-0.03449714,-0.58244586,-0.10075057,0.017005503,-0.2765121,-0.04503922,0.041472852,-0.41917932,-0.0825075,0.057102084,-0.5132464,-0.103533365,0.07267308,-0.58741117,-0.11149924,0.05787164,-0.2328558,-0.058264878,0.0528273,-0.28134805,-0.10948665,0.016442,-0.20878309,-0.11302104,-0.002445817,-0.15048921,-0.099056326,0.08653587,-0.17553586,-0.073232256,0.07307953,-0.21354604,-0.11024622,0.039900064,-0.15576619,-0.10153466,0.023019373,-0.10562968,-0.08442159
-0.05250168,-0.06564218,-0.028068103,-0.06529462,-0.16916263,-0.046266675,-0.022860646,-0.24152005,-0.066455916,0.02149862,-0.28132296,-0.08559298,-0.031651795,-0.28768075,-0.03444076,-0.034575284,-0.41907698,-0.067821786,-0.033456326,-0.5042068,-0.0876078,-0.031135261,-0.5753032,-0.09806782,0.01648742,-0.27254784,-0.044081923,0.042570174,-0.41213563,-0.079612754,0.059767723,-0.5041455,-0.09900435,0.07616317,-0.5764819,-0.106012315,0.05581045,-0.22882801,-0.05651235,0.0540213,-0.27419275,-0.10518311,0.019115925,-0.2057653,-0.10840212,0.0006979108,-0.14991283,-0.09473383,0.082901,-0.17133987,-0.070796706,0.07362205,-0.20794982,-0.10562856,0.04144764,-0.1544295,-0.096870214,0.024229765,-0.10653216,-0.08012179
-0.047797203,-0.06617385,-0.02775681,-0.054228246,-0.17137975,-0.04465687,-0.0061078668,-0.24007446,-0.063167155,0.04210502,-0.27416283,-0.08078182,-0.02311194,-0.28472805,-0.03147246,-0.019621015,-0.41408974,-0.06277513,-0.013854623,-0.49753946,-0.08155263,-0.009021759,-0.565686,-0.09186022,0.025022209,-0.2669555,-0.040527035,0.056263804,-0.40104318,-0.0744776,0.07545912,-0.48862365,-0.09419731,0.09254849,-0.55749977,-0.10165564,0.062782526,-0.22098428,-0.05235665,0.06455737,-0.26954007,-0.09927369,0.028347611,-0.20392698,-0.10285463,0.00904721,-0.15016812,-0.08999658,0.08749378,-0.16236722,-0.06595308,0.07611817,-0.19695711,-0.10100121,0.043208063,-0.14675623,-0.09356941,0.027121127,-0.10162538,-0.07774306
-0.046351552,-0.06521416,-0.029061245,-0.050620615,-0.17134565,-0.04688542,-0.0023027062,-0.2410084,-0.065936014,0.047186673,-0.27577788,-0.083873026,-0.020178556,-0.28384393,-0.033531014,-0.017555714,-0.4135536,-0.06585957,-0.011824787,-0.49740013,-0.0849969,-0.0065584183,-0.56673694,-0.09561142,0.02688998,-0.26493973,-0.042364683,0.059788764,-0.39959985,-0.07780253,0.08088857,-0.48601598,-0.09764037,0.10006553,-0.5552579,-0.1049628,0.06401926,-0.21832532,-0.054039836,0.06818181,-0.2660588,-0.10280403,0.029716551,-0.19930995,-0.10533634,0.008697867,-0.14557385,-0.091241725,0.08830136,-0.1600802,-0.06755749,0.079716265,-0.19691217,-0.10401877,0.046400487,-0.14560372,-0.09599195,0.030041754,-0.09948617,-0.07938751
-0.046331823,-0.067700505,-0.029482901,-0.05304098,-0.17526573,-0.04702385,-0.0057849884,-0.24774039,-0.065980904,0.044951797,-0.27940702,-0.08392072,-0.020063758,-0.2827052,-0.03340123,-0.020305574,-0.41174456,-0.065166816,-0.017223358,-0.4940393,-0.08364364,-0.013803601,-0.56288755,-0.0936742,0.026057422,-0.26314425,-0.04164886,0.055647492,-0.4003168,-0.076786615,0.07372463,-0.48787513,-0.09601502,0.0905993,-0.5560918,-0.10296006,0.063198864,-0.21701741,-0.05283349,0.06512141,-0.26738214,-0.10296961,0.0275653,-0.19983584,-0.10718182,0.007240832,-0.14402044,-0.093713544,0.08843446,-0.1593517,-0.06570332,0.07916689,-0.20032752,-0.10304669,0.046202183,-0.14762181,-0.096086115,0.02940607,-0.09922409,-0.08027493
-0.04883659,-0.068030775,-0.03023626,-0.055349052,-0.17590529,-0.047964923,-0.007571161,-0.24944323,-0.06705281,0.041653574,-0.2864002,-0.08505177,-0.019150913,-0.28513426,-0.03154779,-0.018486738,-0.41339868,-0.06375142,-0.014416516,-0.496015,-0.083454706,-0.009768367,-0.56490374,-0.09498204,0.027698278,-0.26700044,-0.03999076,0.0568133,-0.40363657,-0.07620679,0.075312614,-0.49158585,-0.09703803,0.09330487,-0.56051993,-0.105412744,0.065074265,-0.22071344,-0.051656656,0.06645322,-0.27759337,-0.10295182,0.027436972,-0.20895499,-0.10723767,0.0068385005,-0.15188313,-0.094114885,0.09014088,-0.16205108,-0.06517745,0.07923746,-0.20496428,-0.10564489,0.04459858,-0.15110993,-0.10026752,0.027471483,-0.102291465,-0.08527151
-0.048046112,-0.06918156,-0.028894467,-0.055429995,-0.1767593,-0.04593323,-0.008211911,-0.24911869,-0.06472153,0.04182583,-0.28409326,-0.08251542,-0.018662155,-0.28620344,-0.03022556,-0.019468665,-0.41501355,-0.06135999,-0.01685536,-0.49677706,-0.07971428,-0.012880623,-0.56513214,-0.089942545,0.027717471,-0.26814777,-0.038814135,0.055021822,-0.4066249,-0.07331663,0.072791755,-0.49344507,-0.092584506,0.09073979,-0.5601938,-0.09986705,0.06494582,-0.22246504,-0.05058477,0.066829205,-0.2761557,-0.10079463,0.026854038,-0.2078039,-0.10562964,0.0050855875,-0.15033436,-0.092899576,0.089752495,-0.1648978,-0.06405849,0.07837647,-0.2047571,-0.10280592,0.043465734,-0.15140474,-0.09734139,0.025780857,-0.10242844,-0.08262139
-0.046386957,-0.07263547,-0.029402312,-0.05283338,-0.18014574,-0.04618941,-0.0054266453,-0.25043935,-0.064518526,0.046505094,-0.27933073,-0.081651874,-0.017385304,-0.28314066,-0.029227033,-0.015179157,-0.41240758,-0.060063213,-0.009676337,-0.49297118,-0.07799302,-0.0035412312,-0.55996853,-0.08756577,0.028135061,-0.2662555,-0.036744736,0.057746887,-0.40244722,-0.07058825,0.076164365,-0.48922822,-0.08955803,0.094183266,-0.5548974,-0.0964379,0.064059556,-0.2226001,-0.04762723,0.06639755,-0.2712657,-0.095407516,0.028834581,-0.20756531,-0.099968046,0.00913471,-0.15365446,-0.0872018,0.08764523,-0.1671179,-0.060496926,0.07845616,-0.20593119,-0.09604042,0.045867145,-0.15542734,-0.090031534,0.029849827,-0.10787237,-0.075223334
-0.044804692,-0.0715881,-0.028778302,-0.050073266,-0.17750132,-0.046608936,-0.004710138,-0.24825478,-0.06641429,0.046464384,-0.27881896,-0.0849451,-0.013260007,-0.28578764,-0.02945438,-0.010502517,-0.41477373,-0.06110559,-0.0055053234,-0.49482095,-0.07941411,0.0007957816,-0.561929,-0.089097455,0.03210652,-0.26779956,-0.038082965,0.06201774,-0.40355107,-0.0729605,0.08011329,-0.48881227,-0.0920902,0.09785247,-0.5544714,-0.09882741,0.06852549,-0.22302294,-0.04993049,0.070519626,-0.27217835,-0.09972711,0.030524254,-0.20398128,-0.10377613,0.0089687705,-0.14756507,-0.09013141,0.09236133,-0.1660214,-0.06357117,0.08231896,-0.20436555,-0.100354575,0.047914863,-0.15115619,-0.09350367,0.031303704,-0.101974905,-0.077721775
-0.046019018,-0.07230699,-0.030269701,-0.051386356,-0.18090248,-0.047580395,-0.0042595863,-0.2544173,-0.06635081,0.04784745,-0.28596926,-0.08387229,-0.017582953,-0.28789836,-0.029028742,-0.01365453,-0.4181214,-0.06009946,-0.007625997,-0.49870414,-0.07811354,-0.0008774996,-0.5662273,-0.087785766,0.028501451,-0.2686714,-0.036677096,0.05921161,-0.40648752,-0.07142577,0.077548325,-0.4917411,-0.09049789,0.094863415,-0.5584954,-0.09721018,0.06546193,-0.22303528,-0.047747158,0.06914115,-0.27677202,-0.09934408,0.029564619,-0.2069822,-0.104400694,0.0078124404,-0.14931685,-0.09097482,0.089766264,-0.16562551,-0.06051339,0.07918328,-0.20524555,-0.10016286,0.045011222,-0.15045321,-0.09471721,0.028470635,-0.10002655,-0.07946126
-0.046019018,-0.07230699,-0.030269701,-0.051386356,-0.18090248,-0.047580395,-0.0042595863,-0.2544173,-0.06635081,0.04784745,-0.28596926,-0.08387229,-0.017582953,-0.28789836,-0.029028742,-0.01365453,-0.4181214,-0.06009946,-0.007625997,-0.49870414,-0.07811354,-0.0008774996,-0.5662273,-0.087785766,0.028501451,-0.2686714,-0.036677096,0.05921161,-0.40648752,-0.07142577,0.077548325,-0.4917411,-0.09049789,0.094863415,-0.5584954,-0.09721018,0.06546193,-0.22303528,-0.047747158,0.06914115,-0.27677202,-0.09934408,0.029564619,-0.2069822,-0.104400694,0.0078124404,-0.14931685,-0.09097482,0.089766264,-0.16562551,-0.06051339,0.07918328,-0.20524555,-0.10016286,0.045011222,-0.15045321,-0.09471721,0.028470635,-0.10002655,-0.07946126
-0.047130644,-0.06943703,-0.02839143,-0.05210513,-0.17870164,-0.04494348,-0.0045371056,-0.2526288,-0.063123554,0.046909273,-0.28368914,-0.08034521,-0.018256903,-0.28479332,-0.030323768,-0.015198708,-0.41401905,-0.060767207,-0.009946108,-0.4945438,-0.0783355,-0.0040739775,-0.5621583,-0.08790855,0.0273332,-0.26678503,-0.03853408,0.05687028,-0.40423164,-0.072180405,0.07534498,-0.48960787,-0.09032454,0.09279907,-0.5553976,-0.09669497,0.06437129,-0.2218548,-0.04979056,0.06644857,-0.274495,-0.09932096,0.027990997,-0.20501465,-0.10356742,0.0070027113,-0.14666986,-0.09021025,0.0892117,-0.1649583,-0.062655985,0.07746762,-0.20511472,-0.10068622,0.043346047,-0.15121734,-0.094890945,0.026099384,-0.101056576,-0.07980753
-0.04807061,-0.064715564,-0.028824624,-0.05448246,-0.17276257,-0.044612903,-0.0072948933,-0.24581683,-0.06140775,0.04203272,-0.27829552,-0.07721044,-0.020801961,-0.27703518,-0.030533385,-0.017870724,-0.40415633,-0.060379975,-0.012647152,-0.48503566,-0.07800525,-0.00755471,-0.5516864,-0.08811294,0.025099993,-0.2604993,-0.03830427,0.054041624,-0.3943619,-0.07177319,0.07240951,-0.4799822,-0.090758376,0.0895865,-0.54689145,-0.09804563,0.06170243,-0.21679646,-0.049035653,0.06518203,-0.2691847,-0.0970333,0.02831006,-0.2032817,-0.101336226,0.008262932,-0.14801854,-0.08901727,0.0860554,-0.16088736,-0.061565436,0.076494455,-0.19537789,-0.10000885,0.043363214,-0.14317524,-0.09556088,0.026623964,-0.09627426,-0.08166148
-0.047515154,-0.06604445,-0.02803004,-0.054562807,-0.17471606,-0.043618772,-0.00855428,-0.24849963,-0.060618665,0.04048592,-0.2803011,-0.07679131,-0.019376814,-0.27784067,-0.029646939,-0.018225312,-0.40537173,-0.05934259,-0.0146225095,-0.48559105,-0.077030815,-0.010539055,-0.55247766,-0.087104246,0.026293755,-0.26204425,-0.03775685,0.052931845,-0.3976031,-0.07038816,0.06975466,-0.48342767,-0.088911235,0.086473525,-0.54940814,-0.096128285,0.06304824,-0.21857059,-0.048805393,0.06457138,-0.2731703,-0.096230544,0.027478874,-0.20595747,-0.100461334,0.008038163,-0.14899725,-0.08822653,0.08726072,-0.16251725,-0.06161618,0.07581782,-0.20008647,-0.099358425,0.042659342,-0.14695275,-0.09437504,0.026974738,-0.09831363,-0.080323234
-0.04909599,-0.06455433,-0.027371591,-0.057235837,-0.17151278,-0.04289084,-0.012506843,-0.24305439,-0.059653223,0.034514904,-0.27597803,-0.07563138,-0.023058593,-0.27638346,-0.02962835,-0.022196531,-0.4031132,-0.058755293,-0.018433154,-0.4835562,-0.07565503,-0.014022648,-0.5503576,-0.08516846,0.02286297,-0.2612291,-0.038121596,0.048975527,-0.39743435,-0.070539966,0.06513661,-0.48325306,-0.08896497,0.08057773,-0.54970765,-0.09578287,0.06008917,-0.21810871,-0.049321,0.05916661,-0.27353102,-0.096783444,0.024808824,-0.20662886,-0.10106981,0.0071538687,-0.15011948,-0.08882429,0.085466266,-0.1621654,-0.06210095,0.07245308,-0.19731945,-0.10027142,0.041021347,-0.14159375,-0.09537098,0.026813328,-0.09212643,-0.081139214
-0.04909599,-0.06455433,-0.027371591,-0.057235837,-0.17151278,-0.04289084,-0.012506843,-0.24305439,-0.059653223,0.034514904,-0.27597803,-0.07563138,-0.023058593,-0.27638346,-0.02962835,-0.022196531,-0.4031132,-0.058755293,-0.018433154,-0.4835562,-0.07565503,-0.014022648,-0.5503576,-0.08516846,0.02286297,-0.2612291,-0.038121596,0.048975527,-0.39743435,-0.070539966,0.06513661,-0.48325306,-0.08896497,0.08057773,-0.54970765,-0.09578287,0.06008917,-0.21810871,-0.049321,0.05916661,-0.27353102,-0.096783444,0.024808824,-0.20662886,-0.10106981,0.0071538687,-0.15011948,-0.08882429,0.085466266,-0.1621654,-0.06210095,0.07245308,-0.19731945,-0.10027142,0.041021347,-0.14159375,-0.09537098,0.026813328,-0.09212643,-0.081139214
-0.049007118,-0.06659961,-0.02734944,-0.05720371,-0.17046762,-0.042877275,-0.013962686,-0.242244,-0.059804227,0.032372475,-0.27650553,-0.07572989,-0.024400234,-0.27684927,-0.027821235,-0.025083184,-0.40313697,-0.057506707,-0.021720946,-0.4838764,-0.07482107,-0.017256021,-0.55082047,-0.084125794,0.02068919,-0.26273173,-0.03582253,0.045130074,-0.39650482,-0.06819537,0.062748075,-0.48077172,-0.08613167,0.07981104,-0.54524887,-0.09238421,0.05699265,-0.22178555,-0.04688019,0.05594504,-0.26918817,-0.09414213,0.021465898,-0.20497662,-0.09921732,0.0026614666,-0.14983541,-0.087345056,0.081878364,-0.16877902,-0.059607476,0.068921804,-0.19844085,-0.09657846,0.03690344,-0.14425617,-0.09201656,0.020703435,-0.09509671,-0.07812068
-0.050310075,-0.06335032,-0.027149761,-0.058612704,-0.16933417,-0.04079527,-0.014535785,-0.24398413,-0.055225294,0.030808032,-0.28053492,-0.06865398,-0.030985653,-0.26977247,-0.025186615,-0.031802773,-0.39442295,-0.051989064,-0.029195547,-0.47300306,-0.067843005,-0.02613163,-0.5382087,-0.07695225,0.013838768,-0.25732717,-0.032150336,0.03774923,-0.388736,-0.06272068,0.053757012,-0.47227037,-0.08095398,0.069025576,-0.53713524,-0.088080354,0.0510453,-0.2177431,-0.042030636,0.05243683,-0.27152687,-0.08740315,0.019564927,-0.20837027,-0.092908785,0.0020164847,-0.15414995,-0.08225666,0.0778566,-0.16589868,-0.05348775,0.06510973,-0.19745332,-0.090859056,0.03463328,-0.14411438,-0.08777326,0.020525992,-0.096613884,-0.075210586
-0.048769712,-0.061237276,-0.026667738,-0.059077084,-0.1673454,-0.040816385,-0.018514335,-0.24251133,-0.055878542,0.02574861,-0.27869138,-0.07008804,-0.032910526,-0.26394662,-0.027603442,-0.034159005,-0.38979062,-0.054659985,-0.032099843,-0.46764427,-0.07051506,-0.02974993,-0.53204525,-0.07974103,0.011566579,-0.25197223,-0.034923464,0.033771753,-0.38416716,-0.06529459,0.047974885,-0.46792743,-0.0831695,0.06237483,-0.53271574,-0.09063919,0.048523247,-0.21308476,-0.044882588,0.05076623,-0.27150175,-0.0888475,0.017520249,-0.20832133,-0.09288816,0.00032126904,-0.15392554,-0.08206163,0.07492465,-0.1612165,-0.05654261,0.062340677,-0.19478345,-0.093171746,0.033582747,-0.14399529,-0.08974528,0.021311343,-0.098329306,-0.0774479
-0.050086558,-0.06775451,-0.026849013,-0.06270248,-0.16912365,-0.04105187,-0.022674799,-0.24355564,-0.05681063,0.02195698,-0.27787614,-0.07147615,-0.035414457,-0.265617,-0.024093375,-0.039069712,-0.38883534,-0.051403206,-0.03859943,-0.46512118,-0.06798091,-0.037109613,-0.529926,-0.07737436,0.00863111,-0.25502634,-0.030805225,0.027135432,-0.38595533,-0.06044225,0.03998196,-0.46840197,-0.07708834,0.053859532,-0.5320029,-0.083431266,0.045403957,-0.21737862,-0.040791627,0.04663253,-0.26985073,-0.084191635,0.015032768,-0.20381784,-0.08744713,-0.0009499192,-0.14728785,-0.07529122,0.07172465,-0.16671318,-0.052670162,0.061240375,-0.20363092,-0.08590253,0.033939302,-0.15482503,-0.08038267,0.02184093,-0.10983062,-0.0667836
-0.045214593,-0.061267376,-0.024060588,-0.057179213,-0.15811539,-0.038208447,-0.021091282,-0.23238373,-0.054073118,0.020308793,-0.27123553,-0.06925826,-0.02894181,-0.25519913,-0.02653198,-0.03343314,-0.37731445,-0.053240556,-0.03409624,-0.45378485,-0.06905361,-0.033919513,-0.5171008,-0.07826989,0.012950599,-0.24230656,-0.035005942,0.032402515,-0.37411878,-0.06615248,0.04466766,-0.4566858,-0.08476278,0.05800265,-0.52001816,-0.0924571,0.048091114,-0.20412666,-0.045537334,0.04956484,-0.2630638,-0.089707464,0.016474426,-0.19867212,-0.09283131,-0.0008123517,-0.14507192,-0.0810135,0.07304454,-0.15434277,-0.057369035,0.061215103,-0.19600523,-0.09203429,0.034665883,-0.14653003,-0.085924454,0.023468792,-0.10236722,-0.071809135
-0.046910167,-0.06191182,-0.022804612,-0.05972725,-0.16184533,-0.03460283,-0.02312702,-0.23470402,-0.04818903,0.01787281,-0.2689298,-0.061289594,-0.031460702,-0.25465864,-0.023550807,-0.036428988,-0.37580317,-0.048199937,-0.036913693,-0.45102328,-0.06296562,-0.036931217,-0.5138648,-0.07170782,0.01075393,-0.24296397,-0.031813778,0.029528916,-0.37241334,-0.060309365,0.041617572,-0.4532995,-0.07783485,0.054840744,-0.5150474,-0.085136436,0.04538369,-0.2061848,-0.04222572,0.04753077,-0.26184526,-0.08415029,0.014770985,-0.1974375,-0.08777156,-0.002133727,-0.14343464,-0.07674423,0.06895214,-0.15731823,-0.053955097,0.058093727,-0.19279087,-0.087159455,0.032942057,-0.14397842,-0.081849426,0.0231542,-0.10071981,-0.06865676
-0.045004606,-0.057367682,-0.02362934,-0.05796832,-0.15271151,-0.037627347,-0.023819864,-0.22721234,-0.05323314,0.016953051,-0.2622282,-0.06801604,-0.032707095,-0.24304965,-0.027025774,-0.037701428,-0.36256063,-0.053252075,-0.038440406,-0.43761444,-0.06851022,-0.039049625,-0.4994291,-0.076981954,0.0071161985,-0.23112953,-0.034922935,0.024582267,-0.35799342,-0.0646532,0.03654152,-0.43938416,-0.081390396,0.047757268,-0.50269246,-0.087579034,0.04103458,-0.19600391,-0.044914164,0.042190135,-0.24899283,-0.08735781,0.013058543,-0.18664482,-0.08969877,-0.0035032034,-0.13411176,-0.077315986,0.06527454,-0.1486432,-0.05628314,0.056979716,-0.18794024,-0.08879724,0.033574283,-0.14117032,-0.08206332,0.022072196,-0.0973618,-0.067648545
-0.046236932,-0.054119587,-0.021786097,-0.061957,-0.1516738,-0.033531,-0.027815998,-0.22371158,-0.046925604,0.012522697,-0.25689897,-0.059826292,-0.03580326,-0.24237221,-0.024671327,-0.042026937,-0.36079544,-0.048998915,-0.043750346,-0.43498093,-0.06298589,-0.04501021,-0.49676624,-0.07083452,0.005348861,-0.2338165,-0.032545887,0.020971,-0.35945463,-0.05958604,0.03238988,-0.43999285,-0.07533213,0.043807566,-0.5028304,-0.08130952,0.039917648,-0.2010518,-0.042442854,0.038093388,-0.25114417,-0.08253748,0.009386361,-0.1897862,-0.08620154,-0.0058305264,-0.13773584,-0.07551905,0.06407976,-0.15552747,-0.05359392,0.05196798,-0.18738273,-0.085154705,0.028163731,-0.14018065,-0.07996194,0.017668962,-0.09748691,-0.067127526
-0.047337532,-0.04860854,-0.023582932,-0.06402379,-0.1470586,-0.036361065,-0.032321632,-0.22085342,-0.050236385,0.0043205023,-0.26130158,-0.06386331,-0.038048863,-0.24197954,-0.027893689,-0.044953346,-0.35690278,-0.053334847,-0.047553062,-0.43147218,-0.06918769,-0.048352838,-0.4925326,-0.07912574,0.0022959113,-0.2318618,-0.03608767,0.014752805,-0.3573595,-0.065638594,0.023926675,-0.43700516,-0.084069684,0.03558123,-0.49856725,-0.09256653,0.03752798,-0.19795093,-0.046189602,0.03680122,-0.25747582,-0.08836077,0.0066590905,-0.19452336,-0.092472106,-0.009226143,-0.14265203,-0.082911804,0.06262386,-0.15254879,-0.05763065,0.04943067,-0.18686205,-0.09322579,0.025083125,-0.13623482,-0.0896839,0.015155435,-0.09276968,-0.07808744
-0.046563268,-0.04815203,-0.022935087,-0.06325418,-0.14555937,-0.035757013,-0.031471193,-0.22009972,-0.05014859,0.003187418,-0.26320675,-0.06411372,-0.037980974,-0.2457937,-0.025946744,-0.044740975,-0.35965222,-0.051074337,-0.047384858,-0.43306994,-0.06674475,-0.04858017,-0.49371588,-0.07641525,0.0023210645,-0.23526224,-0.034691628,0.016188025,-0.35996348,-0.064206526,0.025447309,-0.43954238,-0.08217638,0.036533296,-0.50031054,-0.09009308,0.037641823,-0.20093054,-0.045504037,0.034896612,-0.25349241,-0.08773619,0.0058256984,-0.18795735,-0.0907827,-0.009127915,-0.13525227,-0.080141924,0.06346184,-0.15560752,-0.057686355,0.049697876,-0.1896531,-0.0922321,0.025919974,-0.13678649,-0.087130345,0.016774595,-0.09235144,-0.07442176
-0.045966268,-0.052155614,-0.022162005,-0.059233308,-0.15096104,-0.032983426,-0.025938272,-0.22380322,-0.04537857,0.0116539,-0.2626235,-0.057247028,-0.03457576,-0.24346384,-0.020978147,-0.039484024,-0.35610196,-0.04407583,-0.039367378,-0.4267813,-0.057466578,-0.038253248,-0.48511648,-0.0649543,0.006067455,-0.23469928,-0.028255055,0.022457838,-0.35698655,-0.054762203,0.032589078,-0.43255845,-0.070327505,0.043405414,-0.4886211,-0.07599802,0.03967476,-0.20215613,-0.037907306,0.037900865,-0.25036234,-0.07668218,0.009197414,-0.18846673,-0.07968369,-0.004880309,-0.13764352,-0.06901625,0.06304902,-0.15850201,-0.04896752,0.049163997,-0.18369555,-0.0789972,0.026197731,-0.1340549,-0.07365034,0.018505573,-0.093156695,-0.06109863
-0.04589063,-0.055589914,-0.022320375,-0.056230485,-0.15527412,-0.031220753,-0.020704806,-0.22805634,-0.041633092,0.017995954,-0.26062134,-0.051463705,-0.030454636,-0.23961586,-0.01713121,-0.03388363,-0.3500895,-0.038403932,-0.032904506,-0.41885525,-0.05190942,-0.031001985,-0.47636032,-0.060433663,0.008619666,-0.22858313,-0.023420144,0.026455164,-0.34670463,-0.04893134,0.037769794,-0.42183515,-0.065479256,0.049711585,-0.47878247,-0.07286877,0.040626645,-0.19476375,-0.0323784,0.045879424,-0.25111884,-0.071330346,0.016367316,-0.19042921,-0.076166,-0.00015944242,-0.13794065,-0.067162365,0.06330842,-0.15058511,-0.04277673,0.053810835,-0.18072361,-0.07528807,0.030058146,-0.13475347,-0.0733163,0.019624174,-0.094392,-0.06327355
-0.04295689,-0.055609226,-0.025225483,-0.052853584,-0.15238136,-0.035483927,-0.015063405,-0.22479671,-0.0464873,0.027109504,-0.25797936,-0.056789383,-0.029384017,-0.23586455,-0.019025292,-0.03224975,-0.3474136,-0.039874397,-0.031526387,-0.4151725,-0.052098587,-0.030175388,-0.47207743,-0.059072684,0.010536075,-0.22490966,-0.023027623,0.029358447,-0.34390044,-0.04693898,0.040978014,-0.41628918,-0.061145768,0.0525437,-0.4700716,-0.06646529,0.042908072,-0.19190395,-0.030083327,0.0465433,-0.24171901,-0.068101354,0.017056048,-0.1840767,-0.07340372,0.0014680028,-0.13404644,-0.06445038,0.06478453,-0.14896557,-0.038742226,0.055575967,-0.17799139,-0.06998275,0.031360745,-0.13273865,-0.06797323,0.021200001,-0.092347145,-0.057922103
-0.041220605,-0.06168914,-0.022061696,-0.047630012,-0.15549889,-0.032767087,-0.0077986717,-0.22167903,-0.045223925,0.031209946,-0.25098774,-0.057475716,-0.02822131,-0.23957786,-0.020265343,-0.030830204,-0.34868148,-0.042182922,-0.029852927,-0.41706625,-0.055621937,-0.028471887,-0.47368637,-0.06344555,0.011814475,-0.22624964,-0.027476506,0.032082498,-0.34433496,-0.05160932,0.04422027,-0.41631514,-0.065970935,0.056506038,-0.4712391,-0.07168414,0.044640422,-0.19021687,-0.037268233,0.052817345,-0.24105218,-0.0742317,0.02317226,-0.18299454,-0.07810568,0.0069857836,-0.1348666,-0.068732664,0.06646812,-0.1433967,-0.048505314,0.06170726,-0.17514127,-0.07693271,0.037260294,-0.13330239,-0.07209694,0.026028693,-0.09612727,-0.060728025
-0.041220605,-0.06168914,-0.022061696,-0.047630012,-0.15549889,-0.032767087,-0.0077986717,-0.22167903,-0.045223925,0.031209946,-0.25098774,-0.057475716,-0.02822131,-0.23957786,-0.020265343,-0.030830204,-0.34868148,-0.042182922,-0.029852927,-0.41706625,-0.055621937,-0.028471887,-0.47368637,-0.06344555,0.011814475,-0.22624964,-0.027476506,0.032082498,-0.34433496,-0.05160932,0.04422027,-0.41631514,-0.065970935,0.056506038,-0.4712391,-0.07168414,0.044640422,-0.19021687,-0.037268233,0.052817345,-0.24105218,-0.0742317,0.02317226,-0.18299454,-0.07810568,0.0069857836,-0.1348666,-0.068732664,0.06646812,-0.1433967,-0.048505314,0.06170726,-0.17514127,-0.07693271,0.037260294,-0.13330239,-0.07209694,0.026028693,-0.09612727,-0.060728025
-0.039536357,-0.05543095,-0.027443454,-0.047721148,-0.14081737,-0.042458095,-0.006007731,-0.19919175,-0.057953876,0.035874307,-0.22955084,-0.07288764,-0.032301664,-0.23435941,-0.027939765,-0.035819948,-0.3419351,-0.05372164,-0.036166072,-0.41164494,-0.07023106,-0.036041915,-0.4688819,-0.07963286,0.008580089,-0.22274521,-0.033707265,0.02646029,-0.34002352,-0.060762525,0.037617624,-0.4119315,-0.07762145,0.049258053,-0.46865016,-0.084592044,0.04195875,-0.18725955,-0.04229781,0.0487653,-0.22944242,-0.08084658,0.022899568,-0.17236295,-0.08610921,0.009708345,-0.1282121,-0.077319026,0.063390195,-0.14133912,-0.052642904,0.056579232,-0.1694741,-0.08088715,0.034471273,-0.12710774,-0.07533279,0.02573502,-0.092051685,-0.06332594
-0.03809768,-0.052119136,-0.026847688,-0.046586752,-0.13781273,-0.04220385,-0.0072093606,-0.19895521,-0.058033828,0.03405887,-0.231235,-0.07314893,-0.032552958,-0.23120445,-0.030221837,-0.037495255,-0.34044513,-0.05613376,-0.038807333,-0.4102893,-0.071608424,-0.039583147,-0.46736884,-0.079904646,0.007605791,-0.22007295,-0.036004122,0.026395082,-0.33826992,-0.06356465,0.03690648,-0.41110367,-0.079267144,0.04736495,-0.46691757,-0.085027315,0.040791452,-0.18571076,-0.04427049,0.047209144,-0.2273269,-0.08244833,0.021064222,-0.17011815,-0.08548286,0.007591605,-0.12567133,-0.07504246,0.06264508,-0.14099777,-0.054302134,0.057253063,-0.17028585,-0.08182608,0.03599131,-0.12716848,-0.074682005,0.02736634,-0.09113115,-0.06131827
-0.041482866,-0.05211872,-0.025725037,-0.053593993,-0.1395325,-0.038950462,-0.016175508,-0.20320529,-0.052751817,0.025834203,-0.23118696,-0.066028476,-0.045915723,-0.22829032,-0.02607225,-0.053222656,-0.33473957,-0.0501009,-0.056149304,-0.40354684,-0.06514506,-0.058426738,-0.45921522,-0.07356812,-0.0055862665,-0.22000062,-0.031450704,0.009663463,-0.33466238,-0.056423645,0.019375145,-0.40651917,-0.07108393,0.0293473,-0.4622016,-0.07650328,0.028959751,-0.18830568,-0.03952715,0.033637166,-0.22433856,-0.07537606,0.009834468,-0.1664587,-0.07969137,-0.0016615987,-0.121459484,-0.07058502,0.052260756,-0.14580733,-0.04944367,0.045705438,-0.16869205,-0.076072745,0.024939716,-0.12639648,-0.07089479,0.01701951,-0.09133053,-0.059276782
-0.042197883,-0.050537765,-0.026748795,-0.055792153,-0.13644493,-0.041613437,-0.020375133,-0.20499656,-0.056910228,0.01956606,-0.24025708,-0.071373954,-0.04850185,-0.22418112,-0.029501949,-0.058586538,-0.3322514,-0.056771256,-0.06267029,-0.4009139,-0.073627904,-0.06644249,-0.4578228,-0.08313141,-0.009782672,-0.21694458,-0.035321176,0.002544105,-0.33467805,-0.06353246,0.011761963,-0.40738672,-0.0790774,0.021109104,-0.46575278,-0.08485314,0.024102628,-0.1862145,-0.043790907,0.030190647,-0.22839743,-0.08202359,0.00587517,-0.17018935,-0.08370805,-0.006849885,-0.12578672,-0.07258415,0.048237443,-0.14257926,-0.0542797,0.04649037,-0.17196953,-0.08267747,0.026374519,-0.12905997,-0.075638115,0.017101943,-0.09358287,-0.062217146
-0.042197883,-0.050537765,-0.026748795,-0.055792153,-0.13644493,-0.041613437,-0.020375133,-0.20499656,-0.056910228,0.01956606,-0.24025708,-0.071373954,-0.04850185,-0.22418112,-0.029501949,-0.058586538,-0.3322514,-0.056771256,-0.06267029,-0.4009139,-0.073627904,-0.06644249,-0.4578228,-0.08313141,-0.009782672,-0.21694458,-0.035321176,0.002544105,-0.33467805,-0.06353246,0.011761963,-0.40738672,-0.0790774,0.021109104,-0.46575278,-0.08485314,0.024102628,-0.1862145,-0.043790907,0.030190647,-0.22839743,-0.08202359,0.00587517,-0.17018935,-0.08370805,-0.006849885,-0.12578672,-0.07258415,0.048237443,-0.14257926,-0.0542797,0.04649037,-0.17196953,-0.08267747,0.026374519,-0.12905997,-0.075638115,0.017101943,-0.09358287,-0.062217146
-0.046160877,-0.05006832,-0.024084607,-0.059559405,-0.14078325,-0.036044076,-0.02490586,-0.20995101,-0.048637602,0.011589766,-0.24413568,-0.060854,-0.051266015,-0.22649083,-0.023945797,-0.0599913,-0.33402246,-0.04692617,-0.06357986,-0.40357,-0.062002156,-0.066545546,-0.459936,-0.07102029,-0.011113822,-0.2183041,-0.029855503,0.0006471276,-0.33576363,-0.05461745,0.009263337,-0.40857902,-0.07014312,0.019749463,-0.4653384,-0.076702476,0.02371478,-0.18724164,-0.0381076,0.027096689,-0.23417747,-0.073224194,0.0026330352,-0.17696053,-0.076189496,-0.008795679,-0.13206792,-0.066941045,0.04884565,-0.14533353,-0.048037745,0.040860236,-0.17775965,-0.07496212,0.020808995,-0.13411826,-0.06865612,0.014182568,-0.09784061,-0.05641054
-0.04582578,-0.04953116,-0.023967262,-0.057400465,-0.14103162,-0.03585729,-0.022797227,-0.20944145,-0.04834037,0.012188911,-0.24438858,-0.060768176,-0.042159915,-0.22931674,-0.02475733,-0.0486663,-0.3380217,-0.048680324,-0.050934255,-0.40895292,-0.06461545,-0.052095294,-0.46586293,-0.074619025,-0.0013577342,-0.21998322,-0.03154589,0.013555706,-0.33846152,-0.058716033,0.023140073,-0.41268668,-0.07705732,0.034302533,-0.46873608,-0.085793234,0.03340578,-0.18689138,-0.04046627,0.03777325,-0.24194449,-0.078748725,0.010085046,-0.18803239,-0.08444363,-0.00438869,-0.14336151,-0.07726768,0.057776213,-0.14298469,-0.050731532,0.046460032,-0.1744377,-0.08193165,0.023929954,-0.12945735,-0.078227766,0.015801609,-0.0917989,-0.06762183
-0.045428097,-0.054569542,-0.024820348,-0.056999266,-0.14517581,-0.037432764,-0.022190452,-0.21245253,-0.051332153,0.014062345,-0.25047347,-0.064420365,-0.03977287,-0.2383596,-0.022180893,-0.044708133,-0.3478734,-0.047840495,-0.0459643,-0.41834372,-0.064305864,-0.04677999,-0.4763263,-0.07423715,0.0016925931,-0.22864142,-0.029210085,0.018258512,-0.34633532,-0.05926022,0.029470444,-0.42111117,-0.07838936,0.041058242,-0.4793904,-0.08664476,0.03594297,-0.1943832,-0.03887231,0.038985133,-0.24069819,-0.08045599,0.011199236,-0.17963731,-0.08439562,-0.0032793283,-0.13232452,-0.074153185,0.058876395,-0.14887494,-0.0501806,0.050843537,-0.17807049,-0.082531095,0.027963817,-0.13081938,-0.07758298,0.01833582,-0.092701554,-0.06504726
-0.047249973,-0.059277892,-0.021661276,-0.058055997,-0.15991098,-0.030674813,-0.01931274,-0.22730035,-0.041402012,0.019718647,-0.25512618,-0.051952824,-0.03076315,-0.24671072,-0.01939069,-0.033452928,-0.3584433,-0.041444268,-0.033307552,-0.43069,-0.05542958,-0.032882214,-0.4899944,-0.06410707,0.011469424,-0.23524702,-0.027092215,0.030576885,-0.35503855,-0.05321514,0.043337703,-0.43136334,-0.07024951,0.05725175,-0.48920283,-0.07745929,0.045625806,-0.19828719,-0.037095197,0.048104703,-0.24597263,-0.075501345,0.017687619,-0.1855585,-0.07972313,0.0022482872,-0.13612396,-0.070035234,0.06860477,-0.14963078,-0.048493125,0.058451474,-0.1816119,-0.07922431,0.033468664,-0.13590926,-0.07468082,0.023454726,-0.0962525,-0.062748335
-0.047249973,-0.059277892,-0.021661276,-0.058055997,-0.15991098,-0.030674813,-0.01931274,-0.22730035,-0.041402012,0.019718647,-0.25512618,-0.051952824,-0.03076315,-0.24671072,-0.01939069,-0.033452928,-0.3584433,-0.041444268,-0.033307552,-0.43069,-0.05542958,-0.032882214,-0.4899944,-0.06410707,0.011469424,-0.23524702,-0.027092215,0.030576885,-0.35503855,-0.05321514,0.043337703,-0.43136334,-0.07024951,0.05725175,-0.48920283,-0.07745929,0.045625806,-0.19828719,-0.037095197,0.048104703,-0.24597263,-0.075501345,0.017687619,-0.1855585,-0.07972313,0.0022482872,-0.13612396,-0.070035234,0.06860477,-0.14963078,-0.048493125,0.058451474,-0.1816119,-0.07922431,0.033468664,-0.13590926,-0.07468082,0.023454726,-0.0962525,-0.062748335
-0.052469313,-0.06941193,-0.021945693,-0.06861061,-0.17371392,-0.03432059,-0.029579759,-0.2465474,-0.049776662,0.011968851,-0.28563744,-0.064272694,-0.042910457,-0.27195573,-0.018570006,-0.051401436,-0.39227962,-0.044346157,-0.05703938,-0.46450943,-0.05896582,-0.060758233,-0.5252603,-0.06688503,0.001096487,-0.2620086,-0.02806101,0.016744494,-0.39379245,-0.058572747,0.023452342,-0.47692692,-0.07697671,0.03246492,-0.54109764,-0.08418642,0.038333952,-0.22492534,-0.040390395,0.03258139,-0.27691227,-0.08401884,0.0035941005,-0.20909822,-0.088018395,-0.008842945,-0.15539283,-0.07630266,0.066569924,-0.17514151,-0.054093517,0.051534593,-0.21536452,-0.085219555,0.02550155,-0.16463625,-0.0783649,0.016010404,-0.12003678,-0.06420661
-0.055595458,-0.05392325,-0.023996212,-0.07691586,-0.15397,-0.038247596,-0.047091007,-0.23146963,-0.055043984,-0.013754845,-0.27885556,-0.070842534,-0.04871863,-0.27002406,-0.0242043,-0.062191963,-0.3925373,-0.05076359,-0.068323314,-0.46713066,-0.06550994,-0.070614636,-0.5294837,-0.07330168,-0.0031379461,-0.26356113,-0.033431172,0.008961499,-0.39664042,-0.0636639,0.013741791,-0.4790299,-0.08053061,0.021496713,-0.5413686,-0.086702585,0.0360682,-0.23036301,-0.045451414,0.027081966,-0.28174198,-0.08892153,-0.0006133318,-0.21073306,-0.0915241,-0.011303484,-0.15458465,-0.0791911,0.06579065,-0.18265867,-0.059014145,0.047413945,-0.21790117,-0.0900439,0.023248315,-0.16253799,-0.08245609,0.01679349,-0.11581987,-0.06791982
-0.055413842,-0.056939185,-0.025575936,-0.07580531,-0.1549244,-0.040626176,-0.04221368,-0.23371232,-0.057850607,-0.0065177083,-0.2797761,-0.07385346,-0.04591453,-0.26891786,-0.024717782,-0.057614207,-0.391627,-0.053454764,-0.06340855,-0.46713597,-0.070250295,-0.0655241,-0.530642,-0.07947082,-0.00034964085,-0.2615751,-0.033564538,0.013972282,-0.39679146,-0.066378556,0.021046996,-0.4808882,-0.08504693,0.030575454,-0.5454054,-0.09214182,0.039010763,-0.22736573,-0.04538482,0.029607832,-0.2837885,-0.09203836,0.0010566711,-0.21262991,-0.094628215,-0.010776997,-0.1563704,-0.08150652,0.07012421,-0.17841882,-0.05881711,0.050523818,-0.22009158,-0.09307188,0.025083005,-0.16306281,-0.08543561,0.01711464,-0.114132285,-0.07013235
-0.049247324,-0.047190905,-0.028167048,-0.06823236,-0.13760722,-0.04768485,-0.03532237,-0.208686,-0.06844665,0.0012478828,-0.25644124,-0.08765687,-0.042088747,-0.2562436,-0.03528452,-0.056550324,-0.3799281,-0.06915843,-0.0631901,-0.46007162,-0.08785016,-0.06694138,-0.5261383,-0.09761604,0.005257845,-0.24998832,-0.044760875,0.019959986,-0.38664156,-0.081532024,0.026825726,-0.47434986,-0.10108241,0.03426951,-0.5446641,-0.10756362,0.046426296,-0.21481591,-0.05691595,0.03394115,-0.2603597,-0.10610055,0.0042237043,-0.19039476,-0.10781924,-0.00891,-0.13544011,-0.0932046,0.07649964,-0.16504061,-0.070808016,0.052121043,-0.19225675,-0.106353745,0.023204446,-0.13634813,-0.0979066,0.01217556,-0.08902371,-0.08117095
-0.051263154,-0.045743883,-0.031116735,-0.070577204,-0.13309354,-0.052206185,-0.039252758,-0.20456815,-0.07401517,-0.005248487,-0.25593668,-0.09398669,-0.045374572,-0.25532246,-0.036309447,-0.062439978,-0.38046438,-0.07076461,-0.07085496,-0.46105093,-0.089580305,-0.075659096,-0.5290979,-0.09897103,0.0016771555,-0.24996442,-0.044272598,0.013234258,-0.38875765,-0.080959186,0.018833697,-0.47722632,-0.09981593,0.02517122,-0.54846543,-0.10545995,0.043242812,-0.21689796,-0.055382643,0.028193653,-0.2648167,-0.10602906,-0.0018139482,-0.19458067,-0.10803083,-0.015018046,-0.1389026,-0.09294351,0.0754025,-0.16869956,-0.06836738,0.051594436,-0.1994065,-0.10483559,0.022649646,-0.14082098,-0.09624433,0.011534572,-0.0908463,-0.079019636
-0.052782953,-0.048164546,-0.031532776,-0.07361585,-0.1314227,-0.053488143,-0.04466498,-0.20087236,-0.07643324,-0.014873207,-0.25167567,-0.09735953,-0.04919696,-0.25465417,-0.0360878,-0.06913668,-0.3778795,-0.071822256,-0.07954091,-0.45798624,-0.09215373,-0.085680425,-0.5255597,-0.102556415,-0.0028249025,-0.24977547,-0.044574108,0.006724179,-0.38810074,-0.083069645,0.010795176,-0.47624737,-0.10300152,0.016319871,-0.54762816,-0.10917249,0.038570344,-0.21646011,-0.056392863,0.02287954,-0.26481438,-0.10864496,-0.006385207,-0.19231313,-0.10973959,-0.018812954,-0.13589352,-0.09364444,0.07055789,-0.16718984,-0.070171885,0.048190534,-0.20297682,-0.10678744,0.020054638,-0.14413673,-0.09659094,0.009567022,-0.094815254,-0.078122504
-0.05223292,-0.0440917,-0.03484456,-0.07262212,-0.12544376,-0.05828284,-0.042741656,-0.19502789,-0.08164949,-0.010370791,-0.24621916,-0.10289718,-0.050602973,-0.24945307,-0.041840646,-0.0706864,-0.37345624,-0.0786913,-0.080884874,-0.45331693,-0.09899746,-0.08655769,-0.52065337,-0.10930046,-0.0040700436,-0.24463159,-0.04817363,0.0062187314,-0.38280421,-0.08688026,0.012057185,-0.46869558,-0.106409684,0.019988298,-0.53864557,-0.11256357,0.037053168,-0.2121597,-0.057886038,0.02333635,-0.25992835,-0.109537736,-0.005543947,-0.19095606,-0.111248836,-0.017135143,-0.1374371,-0.09626061,0.06898558,-0.16462862,-0.0698163,0.046711683,-0.19412893,-0.10652513,0.019042015,-0.13743484,-0.09797747,0.009361625,-0.090185404,-0.08101475
-0.053132832,-0.04526776,-0.033284433,-0.07219607,-0.13087761,-0.054921903,-0.041934073,-0.20592493,-0.07656741,-0.0070683956,-0.25855535,-0.09612992,-0.052117765,-0.25026232,-0.03636311,-0.07189393,-0.37458766,-0.071328245,-0.081445396,-0.4550858,-0.090839736,-0.086075306,-0.5229229,-0.10102729,-0.0052275658,-0.24515158,-0.04308596,0.0060384274,-0.38433433,-0.08012633,0.0129624605,-0.4710369,-0.09927392,0.02253306,-0.54152846,-0.105531864,0.035946786,-0.21169472,-0.05318239,0.024810135,-0.26874018,-0.10459468,-0.0052571297,-0.1995877,-0.10642156,-0.017655015,-0.14523506,-0.09164651,0.06769669,-0.16426426,-0.065289654,0.044050515,-0.19659299,-0.10381033,0.015601635,-0.13910252,-0.09623135,0.0055097938,-0.09149653,-0.07971604
-0.04872477,-0.050053775,-0.028082388,-0.06455779,-0.1401881,-0.04832209,-0.030823588,-0.21315104,-0.07035686,0.004645109,-0.26589912,-0.090800576,-0.046318293,-0.26271468,-0.03322792,-0.06555623,-0.38677138,-0.066843025,-0.07400715,-0.46700376,-0.08676409,-0.0793097,-0.5329709,-0.098390326,0.0022326112,-0.2592355,-0.04410327,0.017345011,-0.39676845,-0.08075484,0.02424419,-0.4861166,-0.102830574,0.03155619,-0.55726206,-0.112282686,0.04262954,-0.22346693,-0.057785686,0.03133887,-0.2775092,-0.10555682,0.0030213594,-0.20764804,-0.108020455,-0.009849548,-0.15533727,-0.095281824,0.07164681,-0.17161858,-0.07336861,0.047339916,-0.20316315,-0.10873092,0.018842101,-0.14788526,-0.100951925,0.0061118007,-0.10153288,-0.085422084
-0.05055076,-0.047703326,-0.028014092,-0.06803501,-0.13558769,-0.04800131,-0.03654605,-0.20934248,-0.06946377,-0.0026782155,-0.26271713,-0.089258716,-0.050082386,-0.26224166,-0.03286823,-0.067584515,-0.3841713,-0.06556251,-0.07680726,-0.4649356,-0.08523121,-0.08323246,-0.5315703,-0.096899934,-0.001686275,-0.25881386,-0.04343318,0.013944268,-0.39165217,-0.07941049,0.021288455,-0.48182136,-0.10116869,0.028716445,-0.55286515,-0.110611364,0.038578987,-0.22388613,-0.056796256,0.028222263,-0.27588075,-0.10493822,-0.0012158751,-0.20757836,-0.1087199,-0.015844345,-0.15369266,-0.0971941,0.06763333,-0.17330128,-0.07199872,0.043601334,-0.20008188,-0.10922504,0.013496697,-0.14192468,-0.10344679,-0.000739038,-0.092760205,-0.08927208
-0.049876392,-0.04537797,-0.030928992,-0.06527287,-0.13016605,-0.0518457,-0.035584927,-0.20141238,-0.07364788,-0.0052393675,-0.25393993,-0.09342027,-0.05020231,-0.26137662,-0.03370664,-0.067483544,-0.38395482,-0.0673354,-0.07596046,-0.4657519,-0.0880442,-0.08285838,-0.53299415,-0.1003036,-0.0023452044,-0.25734603,-0.043268785,0.009456873,-0.39103907,-0.08084383,0.014066398,-0.48093474,-0.10426921,0.018453121,-0.552261,-0.11437709,0.03849095,-0.22165942,-0.055793863,0.027885497,-0.27855784,-0.1060228,0.00033539534,-0.2100249,-0.110373266,-0.013358891,-0.15612888,-0.09837903,0.06858379,-0.17017448,-0.07026885,0.046383917,-0.1989792,-0.10893271,0.020016015,-0.142304,-0.10319832,0.009169102,-0.09501594,-0.088347524
-0.047603965,-0.04076785,-0.028895281,-0.062131822,-0.12675881,-0.04886337,-0.032600343,-0.1975367,-0.069701776,-0.0027247071,-0.24726576,-0.0887676,-0.051163137,-0.25101513,-0.036853496,-0.06781697,-0.3730924,-0.07171308,-0.07452661,-0.455603,-0.09303284,-0.07992339,-0.521487,-0.10550242,-0.0017004609,-0.24779105,-0.047252666,0.00792402,-0.381436,-0.08696141,0.014113843,-0.47128367,-0.11134239,0.020062983,-0.5426465,-0.121463686,0.040859282,-0.21385711,-0.05978804,0.031032324,-0.25828093,-0.10948511,0.004430592,-0.18677461,-0.11048569,-0.010526776,-0.1339941,-0.095920764,0.072283745,-0.16395545,-0.074219264,0.05082649,-0.18725705,-0.111797996,0.02592206,-0.12876362,-0.102644674,0.013946295,-0.08212507,-0.08494871
-0.045108557,-0.041048646,-0.030594949,-0.060351193,-0.12714094,-0.052161474,-0.027424753,-0.1997214,-0.07408829,0.008679688,-0.2484377,-0.094447605,-0.050495327,-0.24758774,-0.041386414,-0.06716162,-0.37325466,-0.07771991,-0.07321906,-0.456832,-0.099115655,-0.07777375,-0.52379715,-0.11074496,-0.0013773441,-0.24138725,-0.050939232,0.00837338,-0.37966824,-0.09073377,0.015364051,-0.47053868,-0.11310505,0.021866381,-0.5437659,-0.12126014,0.041538,-0.20600861,-0.06271546,0.033269346,-0.24882662,-0.11341783,0.006795466,-0.1783948,-0.11348741,-0.0076324344,-0.12632203,-0.09740357,0.07329041,-0.15528917,-0.07640165,0.055674493,-0.18519777,-0.11342975,0.031681478,-0.12839454,-0.10225637,0.01999271,-0.08186054,-0.08287969
-0.046859384,-0.03882587,-0.029129136,-0.06414181,-0.13647437,-0.044917356,-0.024717093,-0.21399724,-0.060459618,0.018030822,-0.2610438,-0.07493049,-0.054649413,-0.2523561,-0.03594948,-0.06922579,-0.38005543,-0.06791707,-0.07225466,-0.46698385,-0.08631379,-0.07642603,-0.5338064,-0.09600311,-0.0051990747,-0.24900329,-0.04272819,0.0051831603,-0.38800603,-0.07621614,0.013055146,-0.47720933,-0.09521745,0.020091057,-0.54717237,-0.10124021,0.036854446,-0.21552896,-0.051842257,0.029265761,-0.25491488,-0.09597597,0.004256308,-0.18849945,-0.09722179,-0.0069187284,-0.14004624,-0.082730666,0.06820893,-0.16617435,-0.06293444,0.050307572,-0.18750876,-0.0969273,0.027954042,-0.13212031,-0.08899419,0.020050228,-0.089859724,-0.0721637
-0.047864437,-0.03769642,-0.03176271,-0.061645627,-0.12729782,-0.050950855,-0.02393186,-0.20041072,-0.06937536,0.014997542,-0.24868792,-0.086316735,-0.048199415,-0.24276233,-0.042831995,-0.061869383,-0.369039,-0.07839664,-0.06596655,-0.4582039,-0.10010648,-0.07140535,-0.5288112,-0.11232101,0.00094795227,-0.23696524,-0.05019101,0.018386722,-0.37368768,-0.086844794,0.030761778,-0.46618205,-0.10848175,0.040686786,-0.541262,-0.11627106,0.043052495,-0.2007845,-0.05940449,0.037056684,-0.24293226,-0.10703708,0.009549499,-0.17608362,-0.106326886,-0.004299164,-0.12562394,-0.089807756,0.07392466,-0.14817762,-0.070732996,0.05878228,-0.17686486,-0.10757916,0.03461796,-0.122769415,-0.09646668,0.023579597,-0.07806826,-0.07635395
-0.05082643,-0.04840845,-0.022679504,-0.06617683,-0.14547974,-0.03691455,-0.0320428,-0.21724892,-0.05284129,0.0022294521,-0.26216084,-0.06805924,-0.042438507,-0.2592032,-0.02979318,-0.05315721,-0.3835101,-0.05828533,-0.057483375,-0.466439,-0.07481004,-0.06000054,-0.5332072,-0.08421875,0.0038442612,-0.2510472,-0.04054365,0.021531105,-0.38659024,-0.072735615,0.0338524,-0.4742298,-0.092131495,0.04628694,-0.5433109,-0.09955892,0.04330939,-0.21405965,-0.053009834,0.034000576,-0.26412153,-0.09736564,0.005200684,-0.1993202,-0.1006315,-0.007686794,-0.14921725,-0.08881354,0.07129669,-0.16260713,-0.06671625,0.051576734,-0.19330609,-0.100832134,0.025406003,-0.14126015,-0.09348595,0.015798569,-0.09874052,-0.07832496
-0.05461949,-0.055140138,-0.020250347,-0.07108623,-0.15122592,-0.03460378,-0.04087031,-0.22083062,-0.05196611,-0.0100675225,-0.26856813,-0.068749614,-0.04136628,-0.26537025,-0.022757562,-0.050621748,-0.3856651,-0.050181903,-0.054000318,-0.4651851,-0.066888526,-0.05468011,-0.5292648,-0.07664184,0.0053792596,-0.25837615,-0.034717977,0.023339272,-0.3903358,-0.06641022,0.033344746,-0.47402534,-0.08697643,0.044464946,-0.5382757,-0.09576073,0.04383844,-0.22303015,-0.0487512,0.026460052,-0.27102154,-0.09139082,-0.001698792,-0.20677316,-0.095790684,-0.012363255,-0.1572758,-0.08584137,0.07067621,-0.17343187,-0.06398709,0.042215884,-0.19842237,-0.095007546,0.016348839,-0.1450373,-0.08821063,0.00908196,-0.10419232,-0.07460662
-0.05564189,-0.05213386,-0.020821286,-0.074902356,-0.15023726,-0.035103813,-0.04491234,-0.22485888,-0.051845536,-0.011037052,-0.27782336,-0.06810245,-0.04535365,-0.25891486,-0.023856692,-0.055003703,-0.37958038,-0.05053907,-0.058778405,-0.4576394,-0.06651373,-0.05938679,-0.5206939,-0.075982004,0.0014657974,-0.2536137,-0.03474586,0.01862663,-0.38605016,-0.0659373,0.026476681,-0.46967557,-0.085965134,0.036241412,-0.5333582,-0.094842955,0.040043354,-0.22106472,-0.047609553,0.02175951,-0.27195418,-0.090159945,-0.0074091554,-0.20556214,-0.09460649,-0.018841386,-0.15400547,-0.08525546,0.06763643,-0.17445982,-0.06157631,0.03611374,-0.19744253,-0.09375741,0.010565996,-0.14115506,-0.087876275,0.0038419366,-0.09908122,-0.075156026
-0.058430433,-0.05483657,-0.021849375,-0.07843554,-0.1604349,-0.033656206,-0.047159433,-0.24280384,-0.04770974,-0.012244761,-0.29197955,-0.061158136,-0.050361753,-0.26479194,-0.020402554,-0.06032133,-0.38428456,-0.045055676,-0.06474972,-0.46014452,-0.06056925,-0.06688237,-0.52248454,-0.07084029,-0.0041792393,-0.25901857,-0.030607007,0.009935319,-0.39088565,-0.06050162,0.018785417,-0.47269315,-0.08091546,0.029814899,-0.53491014,-0.09121951,0.035092115,-0.22522566,-0.043078613,0.028529108,-0.29202625,-0.086132236,-0.0034099221,-0.22532353,-0.09166623,-0.02006942,-0.17055851,-0.08353252,0.06451768,-0.17745978,-0.056722935,0.043207526,-0.21203989,-0.092310145,0.01601249,-0.15762782,-0.08930892,0.004937768,-0.11212629,-0.07862831
-0.05773437,-0.060379684,-0.019852938,-0.07719833,-0.1634562,-0.029753666,-0.041622937,-0.24106038,-0.042580098,-0.0056946874,-0.28506273,-0.05504629,-0.051044106,-0.2689601,-0.015746221,-0.061409295,-0.38840285,-0.039405983,-0.06515306,-0.46276033,-0.054396063,-0.06711686,-0.5247148,-0.06363206,-0.0037987828,-0.2630388,-0.02586723,0.0113765,-0.39434606,-0.053739984,0.020041823,-0.4739893,-0.0724955,0.031054735,-0.5365451,-0.08096329,0.03512305,-0.22899482,-0.03855454,0.029488742,-0.2826614,-0.079514086,0.00015234947,-0.21065396,-0.08468362,-0.012288511,-0.15568352,-0.07548486,0.06353772,-0.18130976,-0.05244261,0.04639548,-0.21040922,-0.08399636,0.02040577,-0.15721947,-0.079547614,0.012358308,-0.11611259,-0.067899495
-0.058922708,-0.047471464,-0.027604977,-0.08140999,-0.14682335,-0.040633593,-0.048847914,-0.22823519,-0.054497115,-0.013915598,-0.27431405,-0.0669048,-0.04892361,-0.25401193,-0.02582522,-0.056858838,-0.37624237,-0.05348861,-0.057792664,-0.45615202,-0.06997087,-0.05724305,-0.5217913,-0.079866335,-0.0031936169,-0.24760401,-0.03311146,0.013358653,-0.3782066,-0.067499466,0.025124907,-0.46186596,-0.08813285,0.037641764,-0.5285328,-0.09641581,0.035229027,-0.21265113,-0.04304264,0.03820193,-0.27008379,-0.0912978,0.011287451,-0.19710213,-0.09470767,-0.0021629333,-0.13906336,-0.08183934,0.06494278,-0.1626386,-0.054523002,0.055392325,-0.19586432,-0.09308882,0.030648053,-0.14248234,-0.08843544,0.018113017,-0.0996663,-0.07438839
-0.05567366,-0.051568866,-0.030211963,-0.072468996,-0.15255761,-0.044586845,-0.03276533,-0.23311591,-0.059324045,0.008058846,-0.27448124,-0.07316885,-0.04658985,-0.25179905,-0.029563902,-0.054032505,-0.37798792,-0.057800036,-0.055611312,-0.4599784,-0.074917376,-0.055634618,-0.5268554,-0.08500807,0.0004711151,-0.24219286,-0.035412837,0.016054094,-0.3767771,-0.06967047,0.027455688,-0.4629249,-0.09069677,0.040154576,-0.5298977,-0.09932277,0.03987485,-0.20546699,-0.044023506,0.042764544,-0.2627607,-0.09291095,0.015104115,-0.19289583,-0.098422065,0.0008074045,-0.1358782,-0.08669684,0.06887525,-0.15659875,-0.054213926,0.061751425,-0.19531888,-0.093215376,0.037590444,-0.14415413,-0.08915543,0.025313318,-0.09996021,-0.07546129
-0.05403155,-0.05421245,-0.03505913,-0.06845564,-0.15960664,-0.051391065,-0.025037289,-0.24358022,-0.06753451,0.022129,-0.2775002,-0.0824147,-0.046066225,-0.26749265,-0.032152377,-0.05344343,-0.4004783,-0.06346412,-0.053622782,-0.48839545,-0.08292025,-0.053449452,-0.5580319,-0.09454635,0.0019792914,-0.2580338,-0.038038347,0.019555688,-0.40074152,-0.07563019,0.031546056,-0.4938256,-0.0989332,0.043454707,-0.5670042,-0.10831986,0.04308957,-0.21814764,-0.047242783,0.053233087,-0.27953064,-0.10015156,0.021569788,-0.20662361,-0.1059697,0.0025436878,-0.1473918,-0.092894495,0.07197422,-0.1631065,-0.058577575,0.0670166,-0.2034713,-0.1022149,0.042092383,-0.1491512,-0.09844284,0.028477073,-0.102463365,-0.083375655
-0.052973866,-0.054602146,-0.036186315,-0.065933526,-0.16071355,-0.05301894,-0.019194424,-0.24398118,-0.069378234,0.03047949,-0.27795625,-0.08430343,-0.045936525,-0.2689038,-0.033373162,-0.051679432,-0.40250564,-0.065734185,-0.051246524,-0.49114025,-0.086353324,-0.05157733,-0.5625758,-0.09906433,0.0043773055,-0.25861782,-0.038976192,0.023606122,-0.40161788,-0.07751624,0.037537396,-0.4971289,-0.10187064,0.050333083,-0.5741038,-0.11224785,0.04693979,-0.21831036,-0.04800407,0.054956138,-0.27739817,-0.10267923,0.023524225,-0.20259106,-0.10931828,0.004066527,-0.14133972,-0.09647908,0.07658553,-0.16313279,-0.059268564,0.07009143,-0.20133758,-0.10537573,0.044484854,-0.14437497,-0.10275678,0.030676126,-0.095015824,-0.088165216
-0.053114235,-0.049087048,-0.03834748,-0.06658369,-0.15383041,-0.05572677,-0.023918748,-0.23861396,-0.07227701,0.024380863,-0.27629375,-0.08714492,-0.046299994,-0.26754695,-0.03339435,-0.051729918,-0.40013504,-0.06649476,-0.050752044,-0.48872268,-0.08778459,-0.04991585,-0.5601629,-0.10124116,0.0038512945,-0.2580132,-0.03848983,0.024299502,-0.39979705,-0.07793566,0.039434373,-0.49529952,-0.10319771,0.053220034,-0.57210344,-0.114297904,0.045686305,-0.21794188,-0.047491413,0.05701667,-0.27609557,-0.10407375,0.02386719,-0.20029217,-0.111978605,0.0019366741,-0.13954347,-0.0999676,0.07516962,-0.16262913,-0.058904283,0.068843484,-0.19354016,-0.10912528,0.04221958,-0.13352168,-0.10949638,0.02593571,-0.08422601,-0.09653409
-0.05105704,-0.038906515,-0.04084139,-0.06150627,-0.14102095,-0.060739987,-0.017042458,-0.22401685,-0.07857328,0.02969271,-0.27251405,-0.09455457,-0.046060145,-0.25886846,-0.040354438,-0.051245093,-0.39267015,-0.076288946,-0.05073309,-0.48402065,-0.09941392,-0.05072981,-0.55608886,-0.11383247,0.006693661,-0.25334126,-0.044373903,0.025149286,-0.3937413,-0.08458136,0.03849435,-0.4890628,-0.10944883,0.050461352,-0.5661577,-0.120216206,0.04928291,-0.21483278,-0.052122843,0.055248916,-0.26864785,-0.10636092,0.023649037,-0.19288313,-0.109441146,0.0050283074,-0.1353491,-0.09519947,0.07873523,-0.16112095,-0.062780745,0.06931734,-0.18364936,-0.111548446,0.042238474,-0.120667756,-0.10886921,0.02851981,-0.07310635,-0.09384831
-0.05105704,-0.038906515,-0.04084139,-0.06150627,-0.14102095,-0.060739987,-0.017042458,-0.22401685,-0.07857328,0.02969271,-0.27251405,-0.09455457,-0.046060145,-0.25886846,-0.040354438,-0.051245093,-0.39267015,-0.076288946,-0.05073309,-0.48402065,-0.09941392,-0.05072981,-0.55608886,-0.11383247,0.006693661,-0.25334126,-0.044373903,0.025149286,-0.3937413,-0.08458136,0.03849435,-0.4890628,-0.10944883,0.050461352,-0.5661577,-0.120216206,0.04928291,-0.21483278,-0.052122843,0.055248916,-0.26864785,-0.10636092,0.023649037,-0.19288313,-0.109441146,0.0050283074,-0.1353491,-0.09519947,0.07873523,-0.16112095,-0.062780745,0.06931734,-0.18364936,-0.111548446,0.042238474,-0.120667756,-0.10886921,0.02851981,-0.07310635,-0.09384831
-0.050120294,-0.044475198,-0.045022607,-0.059316456,-0.14578533,-0.06588646,-0.015660703,-0.22861391,-0.084140636,0.033459842,-0.27743894,-0.1002298,-0.0455575,-0.26034987,-0.03967167,-0.05207914,-0.39570332,-0.07460695,-0.05208236,-0.48783612,-0.09652231,-0.052410305,-0.56152046,-0.10969319,0.005939603,-0.25387847,-0.041113164,0.024390519,-0.39390868,-0.079970405,0.03801745,-0.49059027,-0.10399565,0.050192893,-0.56891835,-0.114009306,0.047805667,-0.21562505,-0.047176763,0.05617577,-0.27065486,-0.10325396,0.024980485,-0.19687825,-0.110678144,0.0056326985,-0.13901275,-0.098476104,0.07822168,-0.16348225,-0.05622531,0.07136166,-0.18814874,-0.10699653,0.045458794,-0.12660593,-0.107824884,0.031362116,-0.077842474,-0.09485895
-0.052607358,-0.05623442,-0.0471251,-0.062499225,-0.15679437,-0.06704206,-0.017002404,-0.23648018,-0.08430969,0.031710267,-0.2780466,-0.09922843,-0.0502159,-0.27269477,-0.03424784,-0.056716025,-0.4071415,-0.068753675,-0.05722332,-0.4959894,-0.09058644,-0.05839038,-0.56702995,-0.102787204,0.00083333254,-0.26473784,-0.033999313,0.019919217,-0.4076575,-0.072549924,0.033166528,-0.5008137,-0.09613465,0.04476744,-0.57527316,-0.10440693,0.043106735,-0.22552198,-0.039409276,0.05050093,-0.27399778,-0.095617615,0.022481143,-0.20081282,-0.105994076,0.0060661435,-0.14600241,-0.09432919,0.07243228,-0.17334437,-0.048018955,0.065983176,-0.19512987,-0.09498288,0.040030062,-0.13716775,-0.09579505,0.026086628,-0.09407014,-0.08297518
-0.054276645,-0.054857194,-0.04993671,-0.062894404,-0.15457392,-0.06977699,-0.01669234,-0.23355985,-0.08629515,0.031811297,-0.27813327,-0.10016138,-0.04944402,-0.27063864,-0.033175502,-0.056850195,-0.4031676,-0.06634932,-0.057715416,-0.49126208,-0.08738917,-0.059680283,-0.5619682,-0.099273376,0.0017275214,-0.26268977,-0.031409964,0.020659924,-0.4057771,-0.068789065,0.033335924,-0.49901348,-0.09158684,0.044168532,-0.571901,-0.09931076,0.043334603,-0.22269338,-0.03597575,0.04979801,-0.27099025,-0.09243096,0.021715045,-0.19693148,-0.10306771,0.006084442,-0.14358294,-0.091428824,0.071991086,-0.17113274,-0.043957952,0.064172804,-0.1920976,-0.09246585,0.037935317,-0.13210428,-0.09463287,0.02443546,-0.089897394,-0.0826601
-0.05512613,-0.038104475,-0.054991134,-0.063708484,-0.13394827,-0.07844886,-0.019216478,-0.21798211,-0.097651824,0.030064464,-0.26623857,-0.11376772,-0.056223154,-0.24801129,-0.04229,-0.06527364,-0.38321954,-0.080531135,-0.0668233,-0.4740561,-0.10279133,-0.06843394,-0.54677,-0.11427944,-0.0032410622,-0.24354368,-0.03869577,0.012450457,-0.3847785,-0.0810873,0.024825394,-0.48281917,-0.1046123,0.034893632,-0.56391203,-0.111457266,0.041144192,-0.20786041,-0.04131147,0.04431659,-0.26185954,-0.10500017,0.017322004,-0.18634886,-0.11440675,0.0024039745,-0.12884837,-0.099389665,0.07433164,-0.1593563,-0.047309384,0.066440165,-0.18624562,-0.10083891,0.042044878,-0.12416422,-0.101468325,0.029628515,-0.07548201,-0.08632306
-0.05512613,-0.038104475,-0.054991134,-0.063708484,-0.13394827,-0.07844886,-0.019216478,-0.21798211,-0.097651824,0.030064464,-0.26623857,-0.11376772,-0.056223154,-0.24801129,-0.04229,-0.06527364,-0.38321954,-0.080531135,-0.0668233,-0.4740561,-0.10279133,-0.06843394,-0.54677,-0.11427944,-0.0032410622,-0.24354368,-0.03869577,0.012450457,-0.3847785,-0.0810873,0.024825394,-0.48281917,-0.1046123,0.034893632,-0.56391203,-0.111457266,0.041144192,-0.20786041,-0.04131147,0.04431659,-0.26185954,-0.10500017,0.017322004,-0.18634886,-0.11440675,0.0024039745,-0.12884837,-0.099389665,0.07433164,-0.1593563,-0.047309384,0.066440165,-0.18624562,-0.10083891,0.042044878,-0.12416422,-0.101468325,0.029628515,-0.07548201,-0.08632306
-0.05803895,-0.028945208,-0.051152438,-0.07198751,-0.12385237,-0.074209824,-0.029536188,-0.19993365,-0.09257495,0.017238438,-0.24914324,-0.108188815,-0.06049514,-0.24345714,-0.046415195,-0.07613492,-0.3714744,-0.085089445,-0.08188897,-0.46186668,-0.11130097,-0.086165965,-0.5336257,-0.12739179,-0.00631696,-0.24261642,-0.043521684,0.006023228,-0.37597644,-0.08039849,0.01446116,-0.4638431,-0.102648236,0.023366868,-0.5405486,-0.11141008,0.038514137,-0.20782346,-0.0459699,0.039753616,-0.25973827,-0.095344156,0.0129264,-0.18922871,-0.09744636,-0.00053077936,-0.14434797,-0.08321754,0.07191557,-0.15840054,-0.052574527,0.060317695,-0.18365443,-0.0941921,0.036263883,-0.12960076,-0.0897053,0.026805103,-0.09524751,-0.07453788
-0.062949955,-0.04199946,-0.033548884,-0.070848584,-0.13121653,-0.046786733,-0.025115907,-0.20840025,-0.055540152,0.02379316,-0.25452018,-0.061153006,-0.06270915,-0.24572486,-0.024927016,-0.07271069,-0.37888926,-0.04417287,-0.074605346,-0.4680129,-0.05941137,-0.07503271,-0.53708947,-0.06970288,-0.0045261383,-0.24496615,-0.01982385,0.009129524,-0.37406883,-0.031993717,0.020389736,-0.4584049,-0.043014046,0.029460073,-0.52941763,-0.04867239,0.039626062,-0.208484,-0.017649068,0.042292178,-0.26160097,-0.03969334,0.017216325,-0.20937473,-0.037048396,0.0051721334,-0.16683471,-0.02663971,0.07263458,-0.16205513,-0.018505791,0.05958593,-0.1857838,-0.040805083,0.03938812,-0.14419109,-0.0347166,0.033735156,-0.11362493,-0.022514222
-0.055873334,-0.027801633,-0.047753107,-0.069097936,-0.1211319,-0.06927855,-0.027925849,-0.20269662,-0.08698092,0.020110667,-0.25274682,-0.10231279,-0.058507323,-0.2366826,-0.042114634,-0.071908,-0.3697263,-0.07677053,-0.07541412,-0.4596181,-0.09883565,-0.077922046,-0.53165674,-0.11223447,-0.004724622,-0.23542172,-0.040946476,0.010253847,-0.36885864,-0.076639384,0.022885382,-0.45862517,-0.09901514,0.032763302,-0.53084743,-0.10822255,0.039889216,-0.20114332,-0.044646055,0.0429312,-0.25974476,-0.10005855,0.018598318,-0.18875903,-0.10953382,0.004145384,-0.1333552,-0.09910048,0.07322103,-0.15413272,-0.05113042,0.061081707,-0.18178993,-0.102214456,0.03888005,-0.121905446,-0.1045246,0.028540373,-0.074400544,-0.092826396
-0.068357944,-0.049714625,-0.03642193,-0.067477345,-0.1357472,-0.048127078,-0.017216265,-0.20700824,-0.051050905,0.031733632,-0.25730872,-0.04994667,-0.06574386,-0.25351644,-0.035344977,-0.07166183,-0.3821844,-0.047811523,-0.0763399,-0.47137517,-0.057596046,-0.07593405,-0.53697836,-0.06424384,-0.008364081,-0.24344432,-0.021197274,0.00463742,-0.38310724,-0.026380382,0.013983965,-0.47164595,-0.035211515,0.022804081,-0.5457094,-0.041977007,0.03636694,-0.20480925,-0.00867696,0.042036295,-0.26013,-0.018268991,0.016428769,-0.19560492,-0.016178729,0.0038180351,-0.14658654,-0.010902438,0.07017404,-0.16935366,0.000740966,0.05345559,-0.17785913,-0.014126612,0.032679617,-0.121786594,-0.013807319,0.02582246,-0.0875299,-0.008988731
-0.068357944,-0.049714625,-0.03642193,-0.067477345,-0.1357472,-0.048127078,-0.017216265,-0.20700824,-0.051050905,0.031733632,-0.25730872,-0.04994667,-0.06574386,-0.25351644,-0.035344977,-0.07166183,-0.3821844,-0.047811523,-0.0763399,-0.47137517,-0.057596046,-0.07593405,-0.53697836,-0.06424384,-0.008364081,-0.24344432,-0.021197274,0.00463742,-0.38310724,-0.026380382,0.013983965,-0.47164595,-0.035211515,0.022804081,-0.5457094,-0.041977007,0.03636694,-0.20480925,-0.00867696,0.042036295,-0.26013,-0.018268991,0.016428769,-0.19560492,-0.016178729,0.0038180351,-0.14658654,-0.010902438,0.07017404,-0.16935366,0.000740966,0.05345559,-0.17785913,-0.014126612,0.032679617,-0.121786594,-0.013807319,0.02582246,-0.0875299,-0.008988731
-0.056941748,-0.03300214,-0.07249651,-0.064674675,-0.12156737,-0.10122041,-0.025122523,-0.20116055,-0.120644756,0.02494967,-0.260826,-0.13601209,-0.060753584,-0.2474491,-0.053754058,-0.06987655,-0.37764996,-0.09026382,-0.0727554,-0.468964,-0.1136354,-0.073969424,-0.54042536,-0.12690075,-0.006739378,-0.24225098,-0.038762055,0.006274879,-0.3804103,-0.07436645,0.019212723,-0.4732391,-0.09471015,0.027816713,-0.54624385,-0.10125391,0.03752595,-0.2044506,-0.032128543,0.041154444,-0.2541772,-0.089851275,0.019225061,-0.1785385,-0.10186106,0.0057097077,-0.12633449,-0.09129685,0.07005304,-0.16304266,-0.030539874,0.059714913,-0.17892796,-0.08424063,0.04009676,-0.11591023,-0.091843076,0.03171134,-0.07544011,-0.08329489
-0.062060356,-0.033724487,-0.052432477,-0.07076287,-0.13053519,-0.07814096,-0.025044382,-0.21358573,-0.09840802,0.024263144,-0.2598269,-0.115782864,-0.05703187,-0.2523811,-0.055291157,-0.06489134,-0.38960826,-0.09520123,-0.067215085,-0.47980714,-0.12017056,-0.068360746,-0.5527845,-0.13473053,0.00015991926,-0.24970591,-0.05093761,0.015534103,-0.39120412,-0.09280349,0.026785493,-0.48803875,-0.11617065,0.03573221,-0.56801474,-0.12494332,0.046255052,-0.21336377,-0.05092274,0.043857932,-0.2612741,-0.103334375,0.014536023,-0.18080872,-0.102836266,-0.0011608601,-0.123604715,-0.08559929,0.07973862,-0.1675384,-0.055001333,0.06239128,-0.18389213,-0.09771529,0.03655672,-0.12012571,-0.09229916,0.026785076,-0.07712698,-0.07567154
-0.058843195,-0.037304103,-0.06454266,-0.06761891,-0.13108242,-0.09313497,-0.023506999,-0.21093631,-0.11544708,0.026584685,-0.26264727,-0.13461299,-0.058541298,-0.25369382,-0.051048175,-0.06748557,-0.38626295,-0.09259387,-0.069820225,-0.47709128,-0.11828113,-0.070602715,-0.5495261,-0.13233171,-0.0033655167,-0.24843913,-0.04334955,0.011758089,-0.38729286,-0.086650185,0.02374047,-0.48370355,-0.10927661,0.03323853,-0.5625635,-0.11573535,0.041692495,-0.21039122,-0.04339883,0.043281734,-0.26025647,-0.107349075,0.016639054,-0.17738044,-0.115951926,0.0033082366,-0.11969602,-0.10107577,0.07532829,-0.1650117,-0.04796606,0.06384188,-0.18185645,-0.10412383,0.03963697,-0.1121881,-0.10732829,0.030436218,-0.06574738,-0.094228685
-0.064103305,-0.049126923,-0.07527853,-0.0725826,-0.13433433,-0.10639474,-0.028875172,-0.20452565,-0.129969,0.02093494,-0.26085615,-0.14960627,-0.062372267,-0.25833702,-0.043990854,-0.07030618,-0.386553,-0.08250573,-0.07235378,-0.47900373,-0.10460989,-0.0714764,-0.5493431,-0.11517012,-0.0064910054,-0.24695468,-0.030899467,0.00953269,-0.39058882,-0.070455804,0.02257359,-0.4887971,-0.088974774,0.03180796,-0.56625015,-0.09077598,0.038758814,-0.20682669,-0.02896325,0.035442293,-0.25257325,-0.09768386,0.0115097165,-0.17308944,-0.115921035,0.0008998513,-0.11978543,-0.10485201,0.07222551,-0.16892606,-0.032050867,0.056307077,-0.17924869,-0.095555656,0.03110379,-0.11145705,-0.1100423,0.021388113,-0.06776321,-0.103889644
-0.06023246,-0.04615414,-0.07109535,-0.06906444,-0.1322422,-0.10449606,-0.029168606,-0.20516467,-0.13152432,0.021033108,-0.2601536,-0.15523113,-0.05657649,-0.25542825,-0.044909246,-0.06370592,-0.38432813,-0.082416475,-0.068371356,-0.4756776,-0.104109004,-0.06853747,-0.54469097,-0.11454212,-0.00137043,-0.24403858,-0.033141922,0.013516784,-0.38473487,-0.07052418,0.026217043,-0.48021287,-0.08833803,0.035892904,-0.55517447,-0.09043968,0.044668436,-0.20380354,-0.031294443,0.039892793,-0.25307465,-0.09457288,0.013433754,-0.17179465,-0.11011228,0.0008226037,-0.11343616,-0.09895286,0.07804757,-0.16490752,-0.034247447,0.06075132,-0.17857814,-0.0911414,0.0351547,-0.111698866,-0.10214053,0.025496066,-0.06545192,-0.09476319
-0.06781882,-0.049715817,-0.061912518,-0.07744962,-0.13888669,-0.09021886,-0.030653298,-0.2130962,-0.11279049,0.0199489,-0.26463568,-0.13227062,-0.058730066,-0.25990927,-0.04764745,-0.066788256,-0.3938682,-0.08376011,-0.07043952,-0.4846837,-0.10535463,-0.0714224,-0.5556184,-0.116494805,-0.0019074678,-0.25100988,-0.039827205,0.014367461,-0.39830142,-0.07712496,0.025533915,-0.49645215,-0.09669614,0.034407258,-0.5687374,-0.101398945,0.04363197,-0.21169358,-0.03954957,0.035838544,-0.25826865,-0.09643439,0.006572962,-0.18163502,-0.106071144,-0.0063029528,-0.12641686,-0.09345782,0.07724959,-0.17106819,-0.043734673,0.054471135,-0.18505442,-0.09224888,0.026857555,-0.12106413,-0.09593198,0.017857492,-0.07708222,-0.08509686
-0.07308626,-0.051860392,-0.035349056,-0.07917875,-0.1415298,-0.054029305,-0.03172779,-0.21612757,-0.065994576,0.016928732,-0.26455963,-0.075044855,-0.06372422,-0.2597642,-0.050137714,-0.071153164,-0.3973016,-0.07147249,-0.07748145,-0.4867926,-0.08598259,-0.08002597,-0.5591471,-0.09559127,-0.0044332743,-0.25216562,-0.042302813,0.011292398,-0.39700806,-0.061539855,0.021521032,-0.49322242,-0.07594224,0.030126095,-0.5709386,-0.08434059,0.041026294,-0.21320122,-0.03460026,0.03361386,-0.25967437,-0.053829722,0.0036571026,-0.1902098,-0.04657696,-0.009014726,-0.14087874,-0.03503817,0.07615584,-0.17368197,-0.029931081,0.05480945,-0.1953361,-0.045041133,0.029422343,-0.13843316,-0.035187244,0.020595491,-0.10254288,-0.022648219
-0.07559347,-0.054612517,-0.020777158,-0.08621532,-0.14684033,-0.032812104,-0.036500633,-0.21924788,-0.04142192,0.0115458965,-0.25939918,-0.04806826,-0.06509328,-0.2660973,-0.037740868,-0.07272041,-0.40613937,-0.058249187,-0.0775041,-0.49527127,-0.07455046,-0.080257416,-0.5685271,-0.08633883,-0.0015567541,-0.26544678,-0.036990356,0.010268033,-0.40968114,-0.052680083,0.018555522,-0.5084572,-0.0674163,0.025794387,-0.58910036,-0.07770089,0.044811606,-0.23101258,-0.035209198,0.030753374,-0.26949847,-0.04634293,0.0025988221,-0.21253812,-0.036386225,-0.009864092,-0.16545492,-0.025536038,0.07916421,-0.189098,-0.03618727,0.052012622,-0.20411146,-0.04525428,0.027674973,-0.15581751,-0.0325016,0.01919949,-0.122255266,-0.018888958
-0.079428315,-0.053951144,-0.02053759,-0.09440696,-0.14618403,-0.026573017,-0.047879875,-0.22161704,-0.02809977,-0.0023689866,-0.26710457,-0.027236393,-0.07525879,-0.27248305,-0.017529573,-0.08446902,-0.41029513,-0.029012784,-0.08879167,-0.5008696,-0.042807285,-0.09054816,-0.57222295,-0.052924693,-0.0122279525,-0.27027202,-0.009327401,-0.0020302534,-0.412225,-0.0044623045,0.0057011247,-0.50487214,-0.008726076,0.012075245,-0.5831256,-0.0139865,0.03349787,-0.2360763,-0.0025061816,0.019082367,-0.2865926,0.0026471925,-0.005993545,-0.2349037,0.0095060505,-0.014174759,-0.18903673,0.015355051,0.06819081,-0.19669682,0.0013325288,0.0418095,-0.22267795,0.0014994778,0.019484699,-0.18059844,0.009196,0.016405106,-0.14748073,0.017490989
-0.07994342,-0.05846274,-0.019202888,-0.09329975,-0.1486578,-0.024329428,-0.048595786,-0.22096366,-0.02272633,-0.001826644,-0.2674964,-0.017571388,-0.07239342,-0.27642173,-0.022624737,-0.08140212,-0.41169733,-0.028526274,-0.0884769,-0.5026155,-0.03850056,-0.091019034,-0.5719956,-0.046292193,-0.01174438,-0.26747835,-0.009253905,0.00026875734,-0.41354614,-0.001457911,0.007196784,-0.5079766,-0.0067927274,0.013917446,-0.58611816,-0.014177757,0.03256923,-0.2295748,0.0047978098,0.020559192,-0.28349775,0.019134788,-0.0061116815,-0.22638923,0.027647253,-0.012912333,-0.17965502,0.031759348,0.06755787,-0.19402105,0.016206356,0.039967477,-0.21762997,0.025390366,0.01842624,-0.17169553,0.033670194,0.015816033,-0.13999218,0.040115036
-0.068948925,-0.040803075,-0.06786127,-0.08332574,-0.13246828,-0.09873679,-0.03990251,-0.20825452,-0.124280386,0.009542406,-0.2678272,-0.14614446,-0.062990844,-0.25704533,-0.043361034,-0.07479775,-0.39199173,-0.08299443,-0.079324484,-0.48529872,-0.105788454,-0.080479145,-0.55778337,-0.116852075,-0.0068210363,-0.2506706,-0.035975672,0.00769943,-0.39855874,-0.07706388,0.015289068,-0.5004902,-0.0972881,0.020732522,-0.57847786,-0.10054988,0.038661063,-0.21421027,-0.0385066,0.028840363,-0.2631446,-0.103530645,0.0032628775,-0.1842221,-0.11680163,-0.0052843094,-0.13061649,-0.103582926,0.07254207,-0.17586339,-0.045912765,0.05097878,-0.19244194,-0.100969106,0.025821865,-0.12689364,-0.1077893,0.019570768,-0.08385301,-0.09748194
-0.06727654,-0.045623243,-0.054061066,-0.080741405,-0.13887328,-0.080803335,-0.03157097,-0.21359634,-0.10415137,0.016602457,-0.26272148,-0.12481138,-0.059681892,-0.26279736,-0.048397977,-0.07062924,-0.39541054,-0.091351084,-0.074362636,-0.48735487,-0.11861174,-0.0769161,-0.55977666,-0.13397594,-0.0035612583,-0.25646847,-0.048778024,0.011114538,-0.40103465,-0.09585698,0.020514607,-0.5002835,-0.12253201,0.027947664,-0.57715285,-0.1318189,0.04254085,-0.21703678,-0.055492807,0.03686458,-0.25911105,-0.11882212,0.00812602,-0.18502456,-0.12711711,-0.0055572987,-0.13187402,-0.1129139,0.075887024,-0.16857594,-0.06616001,0.059536934,-0.1883049,-0.11766136,0.03164518,-0.12759048,-0.11708872,0.02009648,-0.084183216,-0.10257635
-0.07164806,-0.048071027,-0.04588544,-0.08054012,-0.13683844,-0.07282288,-0.03149396,-0.21048188,-0.09405684,0.01976049,-0.25826705,-0.11226032,-0.06273419,-0.2614426,-0.056693934,-0.07044315,-0.39728594,-0.0865119,-0.07584578,-0.4869613,-0.10555101,-0.07851797,-0.5583484,-0.11757603,-0.0024622083,-0.25439906,-0.051590886,0.010197163,-0.40129584,-0.084429555,0.018868983,-0.49949542,-0.10525828,0.02675581,-0.57459813,-0.11506937,0.04408896,-0.21300614,-0.04830954,0.0356974,-0.25545382,-0.08164418,0.0068517923,-0.18460327,-0.07587828,-0.0057629347,-0.1376186,-0.061298445,0.078852594,-0.17044562,-0.049089886,0.059277892,-0.19164276,-0.07305378,0.034023046,-0.13413519,-0.06193074,0.02457726,-0.097940445,-0.046168867
-0.06993222,-0.041000962,-0.04886269,-0.08345133,-0.13419223,-0.073833995,-0.036208093,-0.21322721,-0.09460023,0.014517605,-0.2614361,-0.11246983,-0.06157881,-0.2587667,-0.047507327,-0.0700897,-0.39415276,-0.08575911,-0.073215246,-0.48417372,-0.10936776,-0.075068235,-0.5557481,-0.12233841,-0.002841115,-0.25496608,-0.045340493,0.012509704,-0.39879942,-0.08354698,0.02223432,-0.49641612,-0.10481474,0.03017193,-0.5742682,-0.111918986,0.043860555,-0.21808904,-0.048045922,0.034164846,-0.2578358,-0.0975493,0.0059435964,-0.18733817,-0.09918434,-0.0054944754,-0.13537759,-0.08375019,0.07802051,-0.17153937,-0.054716554,0.05621946,-0.18576443,-0.09374598,0.030858338,-0.12708938,-0.0886335,0.02308327,-0.08522189,-0.07285188
-0.06771511,-0.041860223,-0.05953996,-0.07739204,-0.13312912,-0.09150967,-0.029240608,-0.2058016,-0.11861646,0.021589339,-0.2604475,-0.14317653,-0.056631804,-0.2580099,-0.056318432,-0.06452596,-0.3906325,-0.097556025,-0.06865603,-0.48179835,-0.12189959,-0.069337964,-0.5531739,-0.13473292,0.0006337166,-0.2502315,-0.05282118,0.015220702,-0.3950733,-0.09602866,0.02525723,-0.4932153,-0.11805529,0.03478962,-0.56867003,-0.124127515,0.04776728,-0.21073395,-0.05589426,0.037801683,-0.25417078,-0.11424038,0.008914292,-0.17604661,-0.12029312,-0.002089262,-0.12315512,-0.1059033,0.081864834,-0.1679681,-0.06342665,0.059030235,-0.18203509,-0.11094798,0.031398714,-0.116711915,-0.11025743,0.023690462,-0.07369369,-0.09668375
-0.0756951,-0.04789716,-0.047589175,-0.0883109,-0.13694775,-0.0706453,-0.04016298,-0.21107888,-0.08773444,0.0075330734,-0.25922596,-0.10209612,-0.06535399,-0.26555127,-0.05118594,-0.07234752,-0.40342116,-0.07965079,-0.07555294,-0.49223724,-0.09897259,-0.07662988,-0.563522,-0.1105638,-0.004940152,-0.2614544,-0.043455385,0.009103179,-0.40654093,-0.06961289,0.019711256,-0.5044657,-0.08651926,0.02890557,-0.57667375,-0.09398042,0.040858924,-0.22547954,-0.039149243,0.029087901,-0.26196766,-0.07048802,0.0013130307,-0.19691777,-0.069051996,-0.011030078,-0.14822412,-0.057171006,0.07373756,-0.18592769,-0.039234,0.05066377,-0.20142174,-0.06433996,0.024999142,-0.14789373,-0.057722908,0.016672432,-0.11030573,-0.044625606
-0.0634318,-0.04490012,-0.046995714,-0.0812003,-0.14206058,-0.07023306,-0.034252346,-0.21522951,-0.09122372,0.012252331,-0.26034623,-0.10998996,-0.057204306,-0.2670766,-0.04608224,-0.06680465,-0.39999288,-0.08696283,-0.06863505,-0.4920633,-0.11296996,-0.06986368,-0.56462824,-0.12784533,-0.0035211444,-0.26189733,-0.048457142,0.010483384,-0.40275383,-0.09207377,0.02112037,-0.49977785,-0.116766766,0.030982256,-0.5755011,-0.12567605,0.040468633,-0.22429836,-0.056201983,0.037851334,-0.26337957,-0.11439961,0.0097846985,-0.19043142,-0.12152309,-0.0050976276,-0.13597769,-0.107976645,0.07246274,-0.17290252,-0.06754532,0.058739185,-0.19035238,-0.115982175,0.031232655,-0.1328854,-0.115331195,0.017164052,-0.0902912,-0.10141004
-0.06390917,-0.04900539,-0.05655908,-0.079545856,-0.14202553,-0.082127914,-0.03271985,-0.21300387,-0.104309574,0.013521016,-0.26447874,-0.12379709,-0.057140827,-0.26417476,-0.044268712,-0.06627542,-0.39752066,-0.08347342,-0.068146944,-0.48929557,-0.108349636,-0.06847566,-0.5628065,-0.1223258,-0.0037532449,-0.25711596,-0.04261529,0.010647476,-0.39870793,-0.08658211,0.021802783,-0.49837506,-0.112126224,0.03138286,-0.5728909,-0.12109951,0.040235817,-0.21901989,-0.048323844,0.03678876,-0.25971997,-0.11260442,0.009740353,-0.1833756,-0.12634969,-0.0040528774,-0.12689734,-0.11542147,0.07260239,-0.17274481,-0.058015786,0.058235288,-0.19103909,-0.113192454,0.030950487,-0.12860847,-0.11872709,0.018081188,-0.08354837,-0.108393095
-0.062701225,-0.04770434,-0.057377137,-0.07648039,-0.1362651,-0.08652286,-0.0316903,-0.20412344,-0.11172098,0.015402436,-0.25694573,-0.13425958,-0.05673915,-0.26380068,-0.051639237,-0.06689918,-0.39683324,-0.09348801,-0.069613636,-0.488163,-0.12002906,-0.069493055,-0.5596523,-0.13464408,-0.0019869804,-0.25794786,-0.04951773,0.01171875,-0.4005888,-0.09281932,0.022250414,-0.49775222,-0.11874316,0.03183967,-0.57008827,-0.12826118,0.042859793,-0.21958494,-0.05412411,0.038930357,-0.25933063,-0.11376164,0.011714995,-0.18860888,-0.1266518,-0.0020062923,-0.13757646,-0.116686784,0.07472962,-0.1720438,-0.06284061,0.05913651,-0.18618023,-0.11155638,0.031345308,-0.13118124,-0.11455087,0.017879307,-0.09173018,-0.10348552
-0.062252223,-0.051187754,-0.06207035,-0.074798405,-0.14180648,-0.090524636,-0.027771056,-0.20966977,-0.11491923,0.021367729,-0.2584322,-0.13665909,-0.054681122,-0.26132005,-0.046319816,-0.063755155,-0.39227664,-0.08897432,-0.06644547,-0.48437846,-0.11708757,-0.06685388,-0.5582063,-0.13319762,-0.00028061867,-0.25233167,-0.043502487,0.011469424,-0.39371306,-0.09100857,0.022804797,-0.49489823,-0.119189665,0.03268504,-0.5710634,-0.12907237,0.04536259,-0.21194792,-0.048947822,0.038947046,-0.2508992,-0.11835304,0.01122582,-0.1707502,-0.13453226,-0.002595067,-0.11327821,-0.1235561,0.0778923,-0.16635573,-0.05872462,0.060276628,-0.18110502,-0.118929185,0.031767547,-0.11566001,-0.1265447,0.019088686,-0.070263565,-0.116470575
-0.0603202,-0.04822433,-0.051665176,-0.075169384,-0.14183384,-0.07764802,-0.028939128,-0.21668941,-0.101440035,0.01991117,-0.26494163,-0.12299412,-0.05449879,-0.2605418,-0.044847924,-0.0663147,-0.3951043,-0.085366875,-0.06902814,-0.4881699,-0.11058834,-0.06997079,-0.5624784,-0.12460002,-0.0006482005,-0.25368208,-0.04663614,0.012674272,-0.39752036,-0.092619985,0.023735106,-0.49908835,-0.11945223,0.034005523,-0.57551265,-0.128773,0.044647515,-0.21451116,-0.054496974,0.038283467,-0.25603324,-0.11939933,0.010488987,-0.1771183,-0.12968639,-0.0016096234,-0.117697,-0.11561097,0.07801038,-0.1655441,-0.06581843,0.060152292,-0.19152755,-0.119436376,0.034506083,-0.12794805,-0.11962124,0.024393022,-0.07855433,-0.10471039
-0.059137285,-0.04156494,-0.047549985,-0.074205995,-0.13844651,-0.07112778,-0.028562248,-0.21653694,-0.09285251,0.019760728,-0.2648974,-0.11275006,-0.052546084,-0.2610963,-0.041426655,-0.06466001,-0.39365602,-0.07981298,-0.06872481,-0.48617136,-0.103583165,-0.070302546,-0.5588824,-0.116741925,0.00065249205,-0.25566256,-0.04371724,0.013139367,-0.3991922,-0.086290784,0.024158955,-0.4972955,-0.111385636,0.035494745,-0.5705173,-0.119970925,0.0450539,-0.21716094,-0.05137743,0.039598346,-0.26075745,-0.1112071,0.011161327,-0.18198746,-0.11949182,-0.001722455,-0.122722685,-0.105543345,0.07692039,-0.16721922,-0.06232425,0.057563007,-0.18838632,-0.11281713,0.031894386,-0.12397301,-0.11213558,0.02203238,-0.074729025,-0.09712428
-0.058162272,-0.042985618,-0.04802416,-0.07116783,-0.14110374,-0.07212754,-0.023344874,-0.21900278,-0.094502926,0.02528727,-0.26695508,-0.11500694,-0.051545084,-0.25870544,-0.043844026,-0.061869502,-0.39219624,-0.084173374,-0.06607455,-0.4848648,-0.10934832,-0.067967296,-0.55972576,-0.12410875,0.0031062365,-0.25146693,-0.047932513,0.015840054,-0.3942443,-0.09591865,0.026103735,-0.4964735,-0.124007754,0.037213147,-0.5740638,-0.13437901,0.048475385,-0.21132058,-0.057275195,0.042208076,-0.255513,-0.12399019,0.011923432,-0.17012948,-0.1325499,-0.0020184517,-0.105505705,-0.11756529,0.080824375,-0.16119158,-0.069813155,0.0594185,-0.181862,-0.12807646,0.032779396,-0.110369325,-0.12894495,0.022754848,-0.05619639,-0.11386084
-0.05726409,-0.038347065,-0.044354226,-0.07331878,-0.13725257,-0.06899171,-0.027632177,-0.21991521,-0.091924995,0.02010107,-0.26784074,-0.112865716,-0.05192226,-0.25852442,-0.05001888,-0.06270242,-0.3926593,-0.09295086,-0.06602454,-0.48614866,-0.119705774,-0.0678671,-0.5612408,-0.13549843,0.0018330812,-0.2519282,-0.055246394,0.015090823,-0.39631104,-0.1052563,0.025869906,-0.4983949,-0.13467708,0.03753966,-0.5800626,-0.14641294,0.046883106,-0.21256864,-0.06396214,0.04269302,-0.25776273,-0.127494,0.011372149,-0.17417777,-0.12992501,-0.0043251514,-0.10958648,-0.11182194,0.07988554,-0.15942687,-0.07571597,0.061247468,-0.18401444,-0.12821181,0.035494983,-0.11689997,-0.12232983,0.024597406,-0.06394768,-0.10299823
-0.057751417,-0.045342505,-0.048319414,-0.071152985,-0.14184326,-0.07351519,-0.027409732,-0.22082269,-0.097447485,0.019816935,-0.27087688,-0.11942738,-0.051413417,-0.26214457,-0.041184794,-0.064247906,-0.39520264,-0.08085017,-0.068677485,-0.48750493,-0.105132654,-0.06966603,-0.5615009,-0.11850515,0.0017712712,-0.25437313,-0.044353534,0.013700366,-0.3974334,-0.09100913,0.024348676,-0.49800494,-0.11827311,0.036455512,-0.5720507,-0.1275797,0.046587348,-0.21464753,-0.053098056,0.03879738,-0.25857013,-0.11824008,0.009858668,-0.17514604,-0.12793347,-0.001695931,-0.11191541,-0.11326955,0.07888919,-0.1664648,-0.06495457,0.057174444,-0.18950903,-0.1189511,0.03187895,-0.12225574,-0.11922065,0.023662448,-0.07074869,-0.10402582
-0.05579096,-0.038959444,-0.04773378,-0.071446836,-0.13540524,-0.0719739,-0.029300869,-0.21718895,-0.09450129,0.018309355,-0.2676835,-0.11501972,-0.052046835,-0.26052803,-0.041646402,-0.066023946,-0.39384085,-0.08012905,-0.070956945,-0.4869925,-0.10405825,-0.07289404,-0.5620372,-0.117644526,0.00023680925,-0.2543233,-0.044261705,0.013009489,-0.39619333,-0.08926799,0.024622023,-0.49748823,-0.11677724,0.037263334,-0.57417345,-0.12676826,0.04478681,-0.21492618,-0.05178353,0.039248884,-0.2577324,-0.11503272,0.009934068,-0.17500287,-0.12429784,-0.0032758713,-0.11217922,-0.109959036,0.0767203,-0.16434473,-0.06232281,0.057377934,-0.18533927,-0.115879446,0.03240168,-0.11937547,-0.11564451,0.022616923,-0.0682233,-0.100030445
-0.05647701,-0.039913774,-0.046208765,-0.0723989,-0.13444358,-0.069335625,-0.029483378,-0.21394408,-0.09083652,0.017380893,-0.26334095,-0.110525586,-0.053034604,-0.26001626,-0.03947624,-0.06617004,-0.39102203,-0.07660061,-0.071184814,-0.4837647,-0.100272134,-0.07373965,-0.5590575,-0.11385326,-0.0013135076,-0.2541958,-0.042419046,0.012340665,-0.39510822,-0.08519342,0.024818838,-0.49666864,-0.11177254,0.038001716,-0.5749722,-0.12155427,0.042904735,-0.21587193,-0.05017808,0.03706062,-0.25558752,-0.11114303,0.009151518,-0.172867,-0.11979368,-0.0034235716,-0.11164558,-0.10570077,0.07506508,-0.16601443,-0.060945548,0.055292368,-0.18420649,-0.11265316,0.030597925,-0.1170966,-0.111405894,0.021596313,-0.067020535,-0.09557167
-0.057311952,-0.0388487,-0.043478664,-0.07414043,-0.13679975,-0.06474237,-0.028843284,-0.21773475,-0.08453342,0.017757952,-0.2662474,-0.102772705,-0.05395043,-0.2617764,-0.040648364,-0.0667671,-0.39302927,-0.077428214,-0.07113445,-0.48595363,-0.10075625,-0.073468804,-0.5606935,-0.11434098,-0.0020769835,-0.25540572,-0.04451312,0.01159513,-0.39841926,-0.08707,0.023344219,-0.49835905,-0.11356505,0.03640443,-0.57578075,-0.12362412,0.042125583,-0.2163443,-0.052479766,0.03691286,-0.25924468,-0.11168219,0.0078092813,-0.17776066,-0.11852005,-0.0054041743,-0.11731416,-0.10385602,0.074395716,-0.16453338,-0.063272186,0.05526054,-0.18866211,-0.113055855,0.03028214,-0.12374723,-0.1101836,0.020853281,-0.07468104,-0.093631774
-0.054714203,-0.034742832,-0.039364696,-0.07306272,-0.13541025,-0.058310784,-0.027502537,-0.22272629,-0.07568199,0.02201271,-0.26703483,-0.09176696,-0.05513823,-0.253388,-0.040218968,-0.0687657,-0.3884973,-0.076271884,-0.07352996,-0.48365498,-0.10011767,-0.07788628,-0.5609759,-0.11481061,-0.0021410584,-0.25040537,-0.044526182,0.0133315325,-0.39070213,-0.08512388,0.025934935,-0.4907102,-0.111412376,0.038010478,-0.5729577,-0.12220909,0.042513013,-0.21373206,-0.051743742,0.03984785,-0.25721693,-0.10782388,0.009282649,-0.1749475,-0.11164582,-0.006579578,-0.11239582,-0.09589537,0.075104594,-0.16111368,-0.061479334,0.056234658,-0.1857152,-0.11066309,0.031241357,-0.12033433,-0.105653174,0.021257281,-0.06863546,-0.08740847
-0.05503881,-0.036264062,-0.040021677,-0.07332933,-0.13472724,-0.060527176,-0.030073166,-0.2203914,-0.07990546,0.018939018,-0.2663095,-0.09775049,-0.054131567,-0.25221145,-0.038430817,-0.067733824,-0.38582277,-0.07526678,-0.072227776,-0.47895747,-0.09910288,-0.0757885,-0.5547453,-0.11356242,-0.0007535815,-0.24821132,-0.04308308,0.014160037,-0.38713062,-0.085276216,0.025326908,-0.48585814,-0.11128434,0.035997033,-0.5663743,-0.12152717,0.04346633,-0.21058667,-0.05129296,0.040836155,-0.25699753,-0.10911255,0.009345949,-0.17259407,-0.11314232,-0.007010281,-0.10926539,-0.09717367,0.07640219,-0.15802175,-0.062096927,0.059480667,-0.18217927,-0.11217087,0.033514977,-0.1151917,-0.108328804,0.02187413,-0.06375629,-0.09098779
-0.05553645,-0.0391953,-0.043858524,-0.071244836,-0.1339603,-0.06751914,-0.03037566,-0.2166444,-0.090188846,0.015378118,-0.26816714,-0.11110705,-0.052865565,-0.25358516,-0.04007689,-0.06654537,-0.3859812,-0.07936218,-0.07202649,-0.4782328,-0.10387983,-0.07440323,-0.5526631,-0.11800836,-0.00036036968,-0.2484557,-0.044645865,0.013822019,-0.38965547,-0.0913954,0.0251109,-0.48996618,-0.119620554,0.037401617,-0.56657267,-0.1300494,0.0437932,-0.21003622,-0.053491127,0.038415372,-0.25483847,-0.1162832,0.0076901317,-0.17059118,-0.123168595,-0.0065048337,-0.10732466,-0.107659884,0.075526714,-0.16021371,-0.065115176,0.056094766,-0.18087143,-0.11781168,0.03082639,-0.11338693,-0.115754224,0.020854712,-0.06247151,-0.09900564
-0.058144927,-0.038832366,-0.038999066,-0.076287866,-0.13665617,-0.059398808,-0.033695757,-0.22068131,-0.079181455,0.012865245,-0.26572382,-0.097292215,-0.054601252,-0.25528723,-0.040695127,-0.06830847,-0.38675475,-0.07878136,-0.07254648,-0.47899714,-0.102311164,-0.075148284,-0.5524089,-0.11608489,-0.0014878511,-0.25112224,-0.04684149,0.01084137,-0.39329737,-0.09202554,0.022077143,-0.49219638,-0.11998231,0.034347832,-0.56957024,-0.1309369,0.043158114,-0.21370041,-0.056102667,0.03505242,-0.25485623,-0.11575341,0.0044847727,-0.17425102,-0.12049826,-0.010546744,-0.11112672,-0.104313426,0.074860215,-0.16110706,-0.06784347,0.05295092,-0.18330616,-0.11668682,0.028280854,-0.12030941,-0.11184352,0.017814338,-0.06884545,-0.09374194
-0.060697317,-0.038852513,-0.040443093,-0.07822472,-0.13644755,-0.060073983,-0.034547687,-0.21251982,-0.07861135,0.0104346275,-0.25524598,-0.09556646,-0.054780185,-0.2536294,-0.038568918,-0.06953955,-0.38300788,-0.07495632,-0.07526302,-0.4746353,-0.09799326,-0.07806724,-0.54620063,-0.1115104,-0.00087863207,-0.25016963,-0.042818155,0.0117093325,-0.38893837,-0.084421664,0.021816969,-0.4865204,-0.11065684,0.033435643,-0.56109023,-0.12081505,0.043179512,-0.21279776,-0.05092891,0.033717215,-0.25590867,-0.10748082,0.006102085,-0.17780352,-0.114013836,-0.006088972,-0.116974294,-0.09990541,0.07483798,-0.16165376,-0.061767705,0.05071515,-0.1810652,-0.10992791,0.026392221,-0.11815679,-0.10781932,0.017681062,-0.06856066,-0.09216362
-0.061532855,-0.039842725,-0.041956477,-0.07867837,-0.13704622,-0.06117267,-0.032799304,-0.21415204,-0.07880939,0.012655497,-0.25778925,-0.09485706,-0.05719757,-0.2533853,-0.03796615,-0.07079005,-0.38395965,-0.073941275,-0.07582945,-0.47556317,-0.09660806,-0.07838875,-0.54802954,-0.10953588,-0.00270468,-0.25055903,-0.040562537,0.009344161,-0.38929516,-0.08099045,0.019799411,-0.48664123,-0.10583187,0.031628966,-0.56175166,-0.114850655,0.042044878,-0.21429384,-0.047432322,0.0326398,-0.2554087,-0.10475452,0.0046721697,-0.1764977,-0.11217414,-0.0075445175,-0.11431408,-0.09803018,0.07403916,-0.1641416,-0.057028126,0.050676763,-0.1833592,-0.10638967,0.026004672,-0.12015122,-0.10526355,0.017323136,-0.06974101,-0.08986038
-0.06463659,-0.038568377,-0.046602044,-0.08285284,-0.13786876,-0.06725763,-0.03635657,-0.21262497,-0.0851345,0.0096642375,-0.25604194,-0.101037465,-0.058850884,-0.25498915,-0.04375278,-0.0718866,-0.38526595,-0.08148976,-0.07671392,-0.47607505,-0.10551473,-0.07924503,-0.5470526,-0.119609706,-0.0047489405,-0.25091928,-0.04487474,0.0064139366,-0.3912902,-0.08660261,0.014663219,-0.48772484,-0.11156691,0.024629772,-0.56274474,-0.12101705,0.039099276,-0.2135483,-0.0508847,0.031985283,-0.25830793,-0.10773462,0.0041739345,-0.18281609,-0.11446576,-0.007946193,-0.12553006,-0.100921825,0.071130216,-0.16306162,-0.060334545,0.050345123,-0.18186384,-0.109708965,0.025267363,-0.119993925,-0.10931909,0.016391635,-0.074064374,-0.09529637
-0.06340873,-0.041247964,-0.047951065,-0.079016924,-0.14111382,-0.06950835,-0.034588993,-0.21598941,-0.088966794,0.010883987,-0.26476485,-0.10641752,-0.05619192,-0.25752795,-0.04018719,-0.069753766,-0.386953,-0.07747004,-0.075111926,-0.47754306,-0.10090876,-0.07752901,-0.5489515,-0.11461906,-0.002177894,-0.250804,-0.04286445,0.009601712,-0.3924641,-0.085959874,0.017185032,-0.49005997,-0.11188795,0.02705568,-0.5630221,-0.12148493,0.041781068,-0.21052647,-0.051338863,0.03168702,-0.25853443,-0.112828776,0.0019235611,-0.17867279,-0.122565605,-0.009992719,-0.12177962,-0.109808445,0.07336426,-0.1601764,-0.06308874,0.048801184,-0.18245208,-0.11643908,0.02097869,-0.11785644,-0.118510745,0.01121074,-0.072184086,-0.105862714
-0.06354427,-0.04330057,-0.043369338,-0.07895517,-0.13872486,-0.06517026,-0.03225577,-0.2105282,-0.08618299,0.013036668,-0.2553739,-0.105540514,-0.055318415,-0.25949776,-0.038633242,-0.06757933,-0.3864118,-0.07644224,-0.072907746,-0.47647366,-0.101397686,-0.07503712,-0.5467962,-0.11656755,-0.0011378527,-0.25335747,-0.043665197,0.008835137,-0.38939375,-0.08630882,0.016069412,-0.48773897,-0.11320501,0.025978923,-0.5619503,-0.12450153,0.043299735,-0.21404189,-0.05392657,0.030468762,-0.25783128,-0.11286338,0.00024211407,-0.18137342,-0.122192785,-0.011715293,-0.12221336,-0.11055138,0.07450402,-0.16310984,-0.06740033,0.04630369,-0.18287104,-0.119206235,0.016435921,-0.1213541,-0.12142662,0.0058265924,-0.07328749,-0.10947768
-0.06493807,-0.04318714,-0.0524787,-0.08263087,-0.13790411,-0.07588234,-0.041235447,-0.21348077,-0.09674288,0.0041189194,-0.26510286,-0.11508444,-0.058469534,-0.25780988,-0.035321094,-0.07387596,-0.38654232,-0.07045628,-0.08036822,-0.47607416,-0.09184045,-0.08276808,-0.5474956,-0.103628315,-0.0055253506,-0.25268835,-0.03511503,0.00462842,-0.39317042,-0.07560553,0.013415039,-0.49138325,-0.099754564,0.024058938,-0.5634638,-0.10760811,0.037536323,-0.2142868,-0.04203491,0.027798593,-0.2573043,-0.10426038,0.00017511845,-0.17437893,-0.11785371,-0.009808958,-0.11619061,-0.106629446,0.06884509,-0.16798025,-0.05249252,0.046418488,-0.18209976,-0.10724033,0.020157099,-0.11492431,-0.113487795,0.010655463,-0.06834924,-0.10332428
-0.06375706,-0.039910436,-0.04648142,-0.080596864,-0.13703668,-0.0682596,-0.037941754,-0.2143783,-0.088015735,0.0073578954,-0.26308823,-0.10562667,-0.056204557,-0.25442922,-0.038806662,-0.07109678,-0.3840167,-0.07442023,-0.077495694,-0.47482637,-0.096645705,-0.08026278,-0.54640675,-0.10961657,-0.0036144257,-0.25046968,-0.040880963,0.0075638294,-0.39062637,-0.0821142,0.016957343,-0.48906538,-0.10778383,0.028591812,-0.5622941,-0.11754863,0.04001522,-0.21365136,-0.04818461,0.030044377,-0.25954396,-0.10678899,0.0029355884,-0.18251002,-0.11664,-0.007501304,-0.12382889,-0.10457277,0.07202262,-0.16641134,-0.058720347,0.04794669,-0.18429881,-0.109913655,0.023383915,-0.12154168,-0.112263426,0.015770853,-0.074041724,-0.09987067
-0.06243825,-0.049541235,-0.04309704,-0.07857084,-0.14338773,-0.0665556,-0.038114607,-0.2210648,-0.08994378,0.006090641,-0.27469987,-0.11148762,-0.054580748,-0.263237,-0.03284783,-0.06826037,-0.3929525,-0.06941784,-0.074459314,-0.48319674,-0.09305385,-0.07632619,-0.5565997,-0.10715033,-0.0023474097,-0.2588827,-0.039303765,0.0083806515,-0.398758,-0.08264206,0.017228305,-0.49706885,-0.11084172,0.029101968,-0.5701901,-0.12235139,0.04204333,-0.22078413,-0.05109542,0.030169725,-0.26481843,-0.11252758,0.0018765926,-0.18506539,-0.123916514,-0.0072875023,-0.12483537,-0.112695344,0.073806405,-0.17214042,-0.06581399,0.04658985,-0.18895507,-0.11821299,0.021843493,-0.12430018,-0.12028378,0.016817093,-0.07597393,-0.10775782
-0.06265497,-0.05255395,-0.054595917,-0.07704085,-0.14295709,-0.08332336,-0.037916422,-0.21683186,-0.11032665,0.00803411,-0.27233195,-0.1348346,-0.05654317,-0.26235658,-0.03999271,-0.069002986,-0.3938148,-0.08069371,-0.07441592,-0.48453328,-0.106696054,-0.0754379,-0.55803555,-0.12157477,-0.0030929446,-0.25619012,-0.041868784,0.0055518746,-0.39648473,-0.088042825,0.0143095255,-0.4972069,-0.11616346,0.024754167,-0.57023865,-0.12683508,0.041898727,-0.21742988,-0.051230866,0.029680848,-0.259822,-0.11752363,0.0019895434,-0.17939311,-0.13248406,-0.0073217154,-0.11896831,-0.122295484,0.07466632,-0.17241907,-0.06447271,0.049620092,-0.18664813,-0.12110546,0.023054302,-0.12068492,-0.12762836,0.015558422,-0.07207888,-0.117855854
-0.058470726,-0.045909107,-0.038526215,-0.07648283,-0.14342642,-0.06139349,-0.034759223,-0.22415107,-0.08415637,0.0130649805,-0.2718016,-0.104952686,-0.052817762,-0.2629487,-0.040985305,-0.06580651,-0.39286703,-0.08047745,-0.07121444,-0.48415798,-0.10499759,-0.07388973,-0.55732536,-0.11918638,-0.0010342002,-0.25784445,-0.04880828,0.00996542,-0.40020865,-0.09413269,0.01872474,-0.49699795,-0.12143698,0.030525208,-0.5731564,-0.13211823,0.043599367,-0.21947342,-0.060035434,0.03567648,-0.2616303,-0.11757245,0.00634104,-0.18257499,-0.120138034,-0.0050151944,-0.1234228,-0.103352696,0.07577044,-0.16590506,-0.074087754,0.05547017,-0.19133401,-0.11840533,0.030912101,-0.13207883,-0.11084949,0.023058057,-0.08544892,-0.09193494
-0.058964908,-0.044962645,-0.04123618,-0.07618451,-0.14177054,-0.06459765,-0.034252524,-0.22068095,-0.08766268,0.013715386,-0.26787996,-0.10899204,-0.05183935,-0.26263362,-0.03938308,-0.064873755,-0.39165914,-0.07818103,-0.07064444,-0.4827755,-0.10282898,-0.07325667,-0.5562157,-0.1172307,-0.000718534,-0.25685507,-0.046255346,0.010625541,-0.39882874,-0.09033839,0.019241154,-0.4952555,-0.11719941,0.030860484,-0.5700408,-0.12759437,0.043699622,-0.2178545,-0.057377588,0.03539592,-0.26209927,-0.116125904,0.005443752,-0.18386263,-0.12176203,-0.0060806274,-0.125813,-0.10682462,0.075721145,-0.16481805,-0.07144736,0.05482489,-0.19191271,-0.118479185,0.028700769,-0.1315878,-0.113921866,0.020091116,-0.084409356,-0.09696686
-0.06402248,-0.043581545,-0.041484367,-0.08222562,-0.14015114,-0.0634211,-0.039294064,-0.21748793,-0.08490385,0.0043984056,-0.26712722,-0.104307815,-0.056780577,-0.26493067,-0.03676678,-0.06985551,-0.39426303,-0.07475315,-0.07469779,-0.4850052,-0.09872516,-0.07669294,-0.556949,-0.11253748,-0.0036984086,-0.26176178,-0.04255392,0.0066598654,-0.4016409,-0.086967595,0.014666438,-0.49833965,-0.11417039,0.025257468,-0.57103646,-0.124552734,0.040842056,-0.22507352,-0.0529024,0.03036505,-0.26193088,-0.11143838,0.0018942952,-0.18279302,-0.117457494,-0.008919716,-0.12411749,-0.102838196,0.072481096,-0.17463446,-0.06633969,0.048825502,-0.19107085,-0.11382008,0.022918344,-0.12707913,-0.11049677,0.014141917,-0.07929659,-0.09433815
-0.06131196,-0.042726576,-0.038667917,-0.078659594,-0.13988954,-0.060331605,-0.03756976,-0.21860182,-0.0822323,0.005782187,-0.26783276,-0.10230771,-0.053548396,-0.2665664,-0.036509834,-0.06694186,-0.3954953,-0.07496019,-0.07159239,-0.486366,-0.09944035,-0.07307547,-0.55852675,-0.1138218,-0.0005325079,-0.26209712,-0.044253785,0.01103586,-0.4031886,-0.08913708,0.020005107,-0.50018406,-0.11726492,0.031356156,-0.5741503,-0.12851444,0.043868244,-0.22413307,-0.056026038,0.033088326,-0.26259798,-0.11425917,0.0034220815,-0.18486333,-0.11971954,-0.008547008,-0.12684351,-0.10502143,0.07469624,-0.17202973,-0.0706583,0.05068928,-0.19100136,-0.11750135,0.024198294,-0.1281091,-0.11319356,0.01427722,-0.07963669,-0.096500844
-0.060035825,-0.043518662,-0.04599548,-0.07663685,-0.1383068,-0.07201554,-0.034954548,-0.21532047,-0.097383045,0.011879504,-0.26540238,-0.12074264,-0.051518142,-0.26046497,-0.042033345,-0.065927625,-0.39027888,-0.08202183,-0.072315454,-0.4811219,-0.106892996,-0.07446283,-0.5549952,-0.121383734,0.00076937675,-0.2537874,-0.04781976,0.012457907,-0.39474422,-0.09536167,0.022103488,-0.49399588,-0.12387588,0.034194887,-0.5677908,-0.13477825,0.045314908,-0.21416783,-0.0587044,0.034986377,-0.25638056,-0.12321382,0.0054309964,-0.17572123,-0.13272145,-0.005739093,-0.11494446,-0.119100824,0.0771935,-0.1638152,-0.07267643,0.05447203,-0.18612081,-0.12520461,0.027887046,-0.12222099,-0.12492772,0.018849373,-0.072441936,-0.11034732
-0.059743643,-0.042423368,-0.039017685,-0.077634156,-0.13801867,-0.06151997,-0.03686607,-0.21597993,-0.08409695,0.008267641,-0.26336974,-0.10478329,-0.053451777,-0.2594623,-0.039187495,-0.06694025,-0.38914633,-0.07671634,-0.072712064,-0.47963125,-0.099960275,-0.07537383,-0.55332536,-0.11339263,-0.0014718771,-0.25386828,-0.04671616,0.011274517,-0.39354402,-0.09118178,0.020942211,-0.49081135,-0.1183236,0.03194666,-0.5657215,-0.12878284,0.043094814,-0.21563262,-0.057846423,0.0330984,-0.2559185,-0.11669182,0.0046104193,-0.17690289,-0.12218266,-0.007566452,-0.11701417,-0.10708052,0.07557416,-0.1639852,-0.071620874,0.053638935,-0.18734413,-0.11797615,0.027844489,-0.12572616,-0.112799674,0.018283844,-0.07705712,-0.095435366
-0.062264204,-0.04554212,-0.04168301,-0.08119911,-0.13773537,-0.06580757,-0.04147196,-0.21379524,-0.08976608,0.0025966763,-0.26444077,-0.11160476,-0.054774225,-0.26341158,-0.038706604,-0.06919676,-0.39314312,-0.07715045,-0.07519299,-0.48336428,-0.10108481,-0.07717919,-0.5567328,-0.114653885,-0.002457261,-0.25883412,-0.04528312,0.009741008,-0.3990829,-0.08999802,0.019067109,-0.49559617,-0.11658319,0.030604362,-0.5685391,-0.12635855,0.041962564,-0.22063273,-0.05629444,0.032635033,-0.25863242,-0.11589455,0.003620565,-0.17848086,-0.12188688,-0.0075666904,-0.11898446,-0.106828995,0.07369894,-0.16929853,-0.07026953,0.052395582,-0.18863207,-0.11728815,0.025919974,-0.12606502,-0.11305022,0.016477883,-0.0786888,-0.09623901
-0.059609175,-0.0434981,-0.043279894,-0.07700294,-0.13938302,-0.06763738,-0.03428775,-0.21654803,-0.09156815,0.013009191,-0.26402736,-0.113510676,-0.05257082,-0.25964242,-0.041778438,-0.067177474,-0.38915002,-0.08136161,-0.0731318,-0.4804462,-0.105999544,-0.07555097,-0.5539239,-0.12039202,-0.00012475252,-0.25300258,-0.04839021,0.010519385,-0.39310414,-0.095379315,0.019519448,-0.49174643,-0.1237979,0.031145334,-0.5655429,-0.13482097,0.044712007,-0.21373153,-0.05949771,0.033923566,-0.25542068,-0.121411964,0.005486667,-0.1765747,-0.12852295,-0.005319774,-0.11701584,-0.11392138,0.07768482,-0.16325694,-0.07364961,0.054361165,-0.18504208,-0.12340573,0.029179394,-0.12226403,-0.12078348,0.02138561,-0.07359892,-0.10484715
-0.05964595,-0.045960486,-0.04102412,-0.07715368,-0.14154893,-0.06531052,-0.038026392,-0.21860659,-0.09006673,0.006816983,-0.2663458,-0.11280694,-0.052674472,-0.26375097,-0.03888865,-0.0668236,-0.3933854,-0.078380495,-0.07291806,-0.48395893,-0.10318433,-0.07486743,-0.55741334,-0.11765872,-0.00093466043,-0.25761044,-0.047272053,0.0096408725,-0.39693326,-0.09418173,0.017874837,-0.49529964,-0.122934826,0.029126406,-0.5696449,-0.13428314,0.04366672,-0.2181713,-0.0601193,0.032067657,-0.25779265,-0.12222788,0.0027037263,-0.17831784,-0.1305447,-0.008592248,-0.11815697,-0.11688895,0.07519466,-0.1661728,-0.07583887,0.05088526,-0.18670219,-0.1252252,0.023353398,-0.12504667,-0.123062685,0.013695478,-0.07636207,-0.10774321
-0.06108886,-0.044696867,-0.042157896,-0.079033315,-0.13986802,-0.0657245,-0.03760135,-0.21323496,-0.089141086,0.0054477453,-0.26097417,-0.11076571,-0.05411899,-0.26420784,-0.040039625,-0.068308115,-0.39358473,-0.078406096,-0.07355803,-0.48418605,-0.10304562,-0.074650526,-0.55732006,-0.11740636,-0.0018395782,-0.25715458,-0.047272153,0.009914398,-0.39654255,-0.092866935,0.017235398,-0.49422005,-0.12102459,0.02708888,-0.5677055,-0.13200651,0.04334545,-0.21705925,-0.059042856,0.031600773,-0.25813448,-0.12146418,0.0024127364,-0.17882234,-0.1313511,-0.008760273,-0.11931813,-0.11869781,0.07527959,-0.16425896,-0.07352463,0.05108863,-0.18565887,-0.12396096,0.023149371,-0.12322414,-0.122693345,0.014173567,-0.07531196,-0.10797939
-0.06060213,-0.044277787,-0.04007957,-0.079956055,-0.13937438,-0.06454337,-0.04131949,-0.21658832,-0.08950577,0.003289938,-0.2648995,-0.11263099,-0.0534451,-0.26399124,-0.04148993,-0.06857538,-0.3939917,-0.08188627,-0.07437146,-0.48471498,-0.10717477,-0.07627958,-0.5579772,-0.12186937,-0.0020865798,-0.25863534,-0.049996257,0.009852409,-0.39893115,-0.09724663,0.017677307,-0.49500388,-0.12563615,0.02807647,-0.56855303,-0.13680533,0.04203105,-0.22008991,-0.06250579,0.031401575,-0.26185513,-0.12333945,0.0013950467,-0.1833008,-0.12957703,-0.010264695,-0.12431604,-0.114951886,0.07361001,-0.16733378,-0.07784583,0.050568283,-0.19090158,-0.12491705,0.022714555,-0.13062292,-0.12037555,0.012537479,-0.08275938,-0.10367789
-0.060303986,-0.04366231,-0.039662395,-0.07960755,-0.14064205,-0.062229387,-0.03964615,-0.21719956,-0.085251234,0.003487289,-0.26479352,-0.106507756,-0.053237498,-0.26545674,-0.03731816,-0.06826323,-0.39629936,-0.075602666,-0.07371348,-0.48736316,-0.100124925,-0.07494581,-0.5606754,-0.114499226,-0.0015298128,-0.26096064,-0.045245934,0.010872245,-0.3996423,-0.09095264,0.01844412,-0.49752212,-0.11962603,0.02859813,-0.57207274,-0.13099368,0.042761266,-0.22331005,-0.05741226,0.03147894,-0.26320386,-0.118649505,0.002215147,-0.18334824,-0.12769037,-0.008896947,-0.122674346,-0.11473803,0.07434702,-0.17197001,-0.07225318,0.049666286,-0.19010746,-0.12169281,0.022460938,-0.12725413,-0.11997162,0.01397711,-0.078433335,-0.1048936
-0.06083244,-0.0435766,-0.04278963,-0.079728246,-0.14080125,-0.068007365,-0.04025352,-0.21771896,-0.09352426,0.0052517653,-0.2667182,-0.11716794,-0.052454054,-0.26459956,-0.040941615,-0.06688213,-0.39424717,-0.08133357,-0.07294756,-0.48480266,-0.1067614,-0.074504316,-0.5579736,-0.12179789,-0.0007829666,-0.25853598,-0.049141195,0.010624886,-0.39784586,-0.09752059,0.017526865,-0.49566185,-0.12684773,0.028052688,-0.5685806,-0.13851263,0.04326129,-0.21889287,-0.06211701,0.031960845,-0.26067096,-0.12524977,0.001995504,-0.17988384,-0.13379046,-0.008719444,-0.12087935,-0.12041968,0.07502109,-0.16767573,-0.07818267,0.05073452,-0.18805593,-0.12926766,0.02306211,-0.12468624,-0.12827745,0.014022529,-0.07710028,-0.11378894
-0.05992639,-0.044387937,-0.040790424,-0.07853049,-0.14128721,-0.06403596,-0.03914064,-0.22005588,-0.0877184,0.006400883,-0.269902,-0.109516226,-0.052272677,-0.2642895,-0.036995254,-0.06683236,-0.39436543,-0.07468453,-0.0729056,-0.48509878,-0.09816036,-0.07512778,-0.5587354,-0.111778684,-0.0016515851,-0.25860786,-0.044691015,0.010351181,-0.39932984,-0.08950972,0.018512428,-0.49740466,-0.116924495,0.029183567,-0.5713638,-0.12750614,0.04195392,-0.2205401,-0.0569751,0.03131956,-0.26086116,-0.11787815,0.0005891323,-0.181274,-0.126736,-0.011864781,-0.12135661,-0.11364964,0.073266864,-0.17056829,-0.0720865,0.049511135,-0.19091201,-0.1211411,0.02163893,-0.1282109,-0.11978746,0.011546552,-0.07920623,-0.10518277
-0.06048602,-0.043024957,-0.041986402,-0.07832605,-0.13936353,-0.0641485,-0.038556874,-0.21739465,-0.08608755,0.005112767,-0.26840472,-0.106179126,-0.054918587,-0.26424432,-0.0361164,-0.06865388,-0.39470834,-0.07265346,-0.07393211,-0.4852716,-0.09565193,-0.074929595,-0.5589419,-0.10878734,-0.0037822723,-0.25886345,-0.042028353,0.008948863,-0.3982758,-0.08561983,0.017237604,-0.4971025,-0.11244163,0.027716279,-0.5713889,-0.12241634,0.040265083,-0.22128385,-0.052811183,0.027668417,-0.25634098,-0.11410444,-0.0018049479,-0.17623699,-0.12533922,-0.0135881305,-0.11738777,-0.11362551,0.07145506,-0.17238462,-0.06633649,0.045085967,-0.18326604,-0.11677231,0.017091632,-0.11829382,-0.117675126,0.0077369213,-0.0710271,-0.104498416
-0.060748816,-0.041125596,-0.04015337,-0.08062023,-0.13869983,-0.062394794,-0.040600657,-0.22016323,-0.08445128,0.003755927,-0.26896447,-0.104434155,-0.052597046,-0.25976712,-0.03996714,-0.06729835,-0.39045703,-0.078047745,-0.0733242,-0.48196882,-0.101261824,-0.07639134,-0.55548215,-0.11465313,-0.00089871883,-0.25332534,-0.04714584,0.00965482,-0.39603966,-0.09242422,0.01724863,-0.49464262,-0.11962005,0.027422607,-0.5695329,-0.13013244,0.04313463,-0.21441323,-0.05825505,0.03320223,-0.25881654,-0.11825644,0.0027887821,-0.18104315,-0.12406379,-0.010156155,-0.12127638,-0.10897903,0.07559836,-0.16191155,-0.072081126,0.053464234,-0.18934548,-0.11972658,0.026727319,-0.12850535,-0.11551673,0.016161323,-0.079437494,-0.09881417
-0.060801983,-0.041869402,-0.04255257,-0.07963759,-0.13651025,-0.066091046,-0.0390504,-0.21623385,-0.08921428,0.0071997046,-0.26407176,-0.11017822,-0.053489804,-0.2570917,-0.040841896,-0.06811899,-0.3879004,-0.07959031,-0.07410842,-0.47935927,-0.10325183,-0.07691944,-0.5527681,-0.11688202,-0.0006274581,-0.25130635,-0.047051813,0.0098977685,-0.39120853,-0.09274563,0.018002093,-0.48940277,-0.11991904,0.028401613,-0.5637656,-0.13021715,0.043745816,-0.21247143,-0.057647694,0.032191753,-0.25221568,-0.117943026,0.0024078488,-0.17420876,-0.12398805,-0.009417534,-0.11534852,-0.10892981,0.07537252,-0.16087228,-0.07127194,0.051949978,-0.18303096,-0.11931455,0.025461614,-0.12248105,-0.11599907,0.015559316,-0.075151086,-0.099837944
-0.0614869,-0.03840053,-0.04391225,-0.07978243,-0.1346525,-0.0673244,-0.040168345,-0.2128495,-0.08994511,0.0036110282,-0.26484138,-0.11054228,-0.053641677,-0.25934374,-0.039452057,-0.06863302,-0.38824397,-0.07821808,-0.0748139,-0.4794441,-0.1016291,-0.077629924,-0.5513255,-0.11486479,-0.00037300587,-0.25561905,-0.044785097,0.0106137395,-0.39508295,-0.089807935,0.019015193,-0.49180472,-0.116438515,0.029450417,-0.56367904,-0.12597919,0.043894053,-0.21825612,-0.05517262,0.030764103,-0.25628835,-0.11667403,0.001812458,-0.17717195,-0.12599461,-0.008869171,-0.11828977,-0.11289887,0.075078726,-0.16930103,-0.06854108,0.04733795,-0.1802367,-0.11988499,0.020547748,-0.11651379,-0.12086233,0.012100279,-0.06944853,-0.10730924
-0.059958816,-0.038680315,-0.041016083,-0.07860553,-0.13846356,-0.06334681,-0.037185013,-0.21856642,-0.08538804,0.010019481,-0.26549613,-0.10555245,-0.053111315,-0.25879228,-0.039622445,-0.06776446,-0.38861185,-0.07857973,-0.07342088,-0.48078024,-0.10264135,-0.07640457,-0.5533409,-0.11665725,0.0001527071,-0.25430006,-0.04636674,0.010961056,-0.39517474,-0.091836944,0.019468248,-0.49332386,-0.11888307,0.02973485,-0.5668597,-0.12888223,0.045023084,-0.21692961,-0.057492062,0.032222867,-0.25782108,-0.11780149,0.0032206774,-0.17773867,-0.124104194,-0.008172989,-0.116292,-0.10907124,0.07747632,-0.16750598,-0.07154869,0.05060661,-0.18491566,-0.1212923,0.025144875,-0.120884776,-0.1193376,0.017154098,-0.07142806,-0.10368286
-0.070756674,-0.037333727,-0.041483406,-0.09082705,-0.13370615,-0.06045747,-0.049940467,-0.20870996,-0.076810606,-0.010484099,-0.25672126,-0.0907776,-0.061962068,-0.24835104,-0.04176997,-0.07887757,-0.3773594,-0.0772847,-0.08544052,-0.46669742,-0.09970005,-0.08911407,-0.53633714,-0.112847954,-0.007789731,-0.24775535,-0.04300255,6.4730644e-05,-0.3824721,-0.07850235,0.004126787,-0.4746985,-0.09999746,0.01158911,-0.5502381,-0.1085383,0.03635955,-0.21369839,-0.0485178,0.020416379,-0.25618207,-0.0962072,-0.006480992,-0.19100583,-0.10061133,-0.014628887,-0.1402821,-0.08824741,0.06883079,-0.16521442,-0.057357278,0.0420205,-0.18441266,-0.09799984,0.016730547,-0.13768321,-0.096505105,0.010668755,-0.10054314,-0.08364559
-0.075427115,-0.04151225,-0.033736855,-0.09720451,-0.13609487,-0.047647294,-0.0563128,-0.20858747,-0.05911391,-0.01702106,-0.25016952,-0.06856734,-0.06671953,-0.25014114,-0.035971787,-0.083269954,-0.3786524,-0.06628119,-0.09002203,-0.46751097,-0.08688779,-0.09558213,-0.5357954,-0.099190585,-0.011407912,-0.25063705,-0.0361109,-0.0068863034,-0.38816595,-0.06188748,-0.004309535,-0.48039034,-0.07936094,0.0013236403,-0.55463696,-0.087304994,0.03127849,-0.21822846,-0.03962113,0.020770371,-0.26913112,-0.073733754,-0.0009483695,-0.21835625,-0.076942,-0.0071756244,-0.1737076,-0.06737158,0.06351036,-0.17197078,-0.046133295,0.04406619,-0.19662863,-0.07446701,0.022021234,-0.16025001,-0.07151628,0.015974939,-0.12844485,-0.060296252
-0.07284397,-0.03956604,-0.02812567,-0.095104456,-0.12918055,-0.040194448,-0.059295654,-0.1953739,-0.051499378,-0.023755312,-0.23160362,-0.061222214,-0.065684676,-0.24868923,-0.029865714,-0.083393216,-0.3748114,-0.057184674,-0.08945763,-0.46125185,-0.07587992,-0.092677355,-0.5282049,-0.0873371,-0.011172593,-0.24878633,-0.033561267,-0.0035030842,-0.3838837,-0.059079807,0.0014308095,-0.47317636,-0.077608585,0.008722842,-0.54328954,-0.086371414,0.031450212,-0.21529734,-0.03999144,0.02022916,-0.26602042,-0.07454226,-0.0031126738,-0.2134977,-0.07856063,-0.009809673,-0.16953164,-0.06972536,0.06453091,-0.1678738,-0.04879542,0.04286486,-0.19272166,-0.075856864,0.018811762,-0.15529263,-0.071860455,0.012088656,-0.12435222,-0.06049918
-0.06640303,-0.041006207,-0.03611799,-0.09040904,-0.13240182,-0.05374585,-0.059347153,-0.20409101,-0.07159217,-0.026102602,-0.25391394,-0.08742848,-0.060417175,-0.25007272,-0.028824482,-0.07735276,-0.3731622,-0.06127352,-0.08367264,-0.45881742,-0.08141918,-0.087094545,-0.52560073,-0.092872456,-0.010061026,-0.24822086,-0.034660723,0.0010659099,-0.38327134,-0.06841398,0.005658865,-0.4699325,-0.08928467,0.012894094,-0.5393214,-0.09697176,0.03198749,-0.21372622,-0.04554132,0.020417511,-0.2669865,-0.09389198,-0.004057944,-0.20283979,-0.1017288,-0.009991109,-0.15762788,-0.09141438,0.06435871,-0.16484779,-0.059148062,0.043844283,-0.19201636,-0.096177384,0.017542183,-0.1485641,-0.09511945,0.010359049,-0.11749995,-0.08388876
-0.06299162,-0.039591253,-0.03253202,-0.08632785,-0.13416845,-0.05066917,-0.055665314,-0.20664912,-0.06923937,-0.022446632,-0.25370574,-0.085836686,-0.05548638,-0.25274092,-0.034027074,-0.07345873,-0.37484604,-0.068257496,-0.0808928,-0.46074718,-0.0890038,-0.085293174,-0.5267263,-0.10088908,-0.00539577,-0.25014752,-0.041946724,0.0044438243,-0.38651186,-0.07759906,0.008539259,-0.4732195,-0.0986731,0.016282856,-0.5428485,-0.10654322,0.0364843,-0.21439487,-0.05350951,0.02614814,-0.27405816,-0.10035306,-0.0022822618,-0.21030605,-0.10332557,-0.011572182,-0.16222584,-0.09038079,0.06869763,-0.16099864,-0.06760221,0.049605608,-0.19516724,-0.10332239,0.021377027,-0.15074342,-0.098140806,0.011387169,-0.114818335,-0.083818436
-0.06437498,-0.04116881,-0.033710703,-0.0873217,-0.13462287,-0.051247817,-0.05546987,-0.21223128,-0.069365956,-0.019508839,-0.25804257,-0.08554936,-0.05700642,-0.25214022,-0.030233083,-0.07364684,-0.37643808,-0.06385773,-0.079889774,-0.4613791,-0.08391535,-0.08309078,-0.52733314,-0.09501717,-0.0075371265,-0.24973464,-0.037150513,0.0014716387,-0.38434672,-0.07456731,0.0063788295,-0.47433954,-0.097337574,0.014089882,-0.54283607,-0.10571186,0.034283042,-0.21515352,-0.048103333,0.020991147,-0.26754022,-0.10049643,-0.00724411,-0.20205635,-0.10873971,-0.017377913,-0.14821738,-0.09755531,0.06585646,-0.16444033,-0.061226234,0.04041934,-0.1893692,-0.10364906,0.012427866,-0.13804728,-0.10316029,0.0031268,-0.09401518,-0.09066031
-0.063132465,-0.04204929,-0.034896735,-0.084044635,-0.13421834,-0.05469854,-0.051688254,-0.20883304,-0.07527249,-0.016371012,-0.25791442,-0.09422909,-0.055746496,-0.25291175,-0.03113887,-0.071626365,-0.3768158,-0.06681371,-0.07851869,-0.46325612,-0.0893717,-0.08185828,-0.5305081,-0.102631345,-0.0060791373,-0.25071037,-0.03951375,0.0028463602,-0.3850215,-0.079023756,0.008401513,-0.4765692,-0.104689665,0.016692996,-0.545714,-0.115565695,0.03588295,-0.2159726,-0.05219985,0.022929251,-0.27194756,-0.10729866,-0.0046110153,-0.20602131,-0.11786217,-0.014052331,-0.15116441,-0.10866561,0.0674631,-0.16661316,-0.067140214,0.040981293,-0.18923897,-0.11376134,0.013725102,-0.13433969,-0.11574229,0.0059388876,-0.088158965,-0.1049206
-0.065099716,-0.039171457,-0.024722803,-0.087350786,-0.12755823,-0.039953586,-0.05466914,-0.19376296,-0.055557363,-0.01770091,-0.2310847,-0.06997868,-0.05850476,-0.24868399,-0.035008445,-0.07247496,-0.37472916,-0.066933274,-0.07778454,-0.46078974,-0.08691445,-0.08130127,-0.5265103,-0.09835673,-0.005895257,-0.25069982,-0.042549435,0.0017742515,-0.3848121,-0.072834946,0.007836878,-0.47451,-0.09244702,0.015231073,-0.543144,-0.10098698,0.036554515,-0.21920061,-0.05186635,0.028325975,-0.2663164,-0.08817943,0.006387174,-0.2164799,-0.09064911,-0.0026230216,-0.16950732,-0.08056441,0.068072915,-0.16975409,-0.06327231,0.048628032,-0.1874491,-0.09061976,0.02707249,-0.14863783,-0.0847182,0.019548237,-0.11234844,-0.07143802
-0.062374473,-0.042198718,-0.022870217,-0.07762438,-0.14478707,-0.033497106,-0.037971914,-0.2150709,-0.045136575,4.6133995e-05,-0.2545625,-0.05599139,-0.05612248,-0.2518741,-0.0256376,-0.06811392,-0.37500376,-0.05323228,-0.07277459,-0.46136904,-0.0710216,-0.07504219,-0.52784735,-0.082011074,-0.00292027,-0.25254923,-0.03412064,0.0064017177,-0.38680607,-0.064028524,0.009762108,-0.4781307,-0.08611937,0.016021788,-0.5473646,-0.0965607,0.040408313,-0.2190054,-0.044540387,0.029739618,-0.2780769,-0.084924504,0.0040916204,-0.22134215,-0.09153773,-0.004921198,-0.17246974,-0.083396465,0.070807934,-0.16928607,-0.05634306,0.04383999,-0.18596435,-0.088952206,0.018867612,-0.13875353,-0.08670369,0.013203979,-0.1019029,-0.07570336
-0.06320518,-0.036432266,-0.031426292,-0.085564554,-0.13647091,-0.04716568,-0.059776485,-0.22059757,-0.06343371,-0.027892947,-0.27799714,-0.07800074,-0.057797134,-0.24185312,-0.027307916,-0.07402623,-0.36475372,-0.055105466,-0.079535544,-0.44851223,-0.07152573,-0.08176607,-0.51432884,-0.08177767,-0.00995779,-0.24092776,-0.03500031,-0.0007632375,-0.37662104,-0.06745933,0.0008609295,-0.46692646,-0.09002921,0.006368637,-0.5377354,-0.1007712,0.02992493,-0.20670748,-0.046389263,0.01945293,-0.28484488,-0.09535472,-0.011086941,-0.22981983,-0.10734605,-0.024544775,-0.18461597,-0.101406544,0.0599221,-0.15742236,-0.05929687,0.03793305,-0.20026255,-0.102122426,0.010850728,-0.1590423,-0.10633619,-0.000177145,-0.12142682,-0.09909352
-0.059426308,-0.040241957,-0.029204402,-0.08309692,-0.1346488,-0.046939142,-0.056867957,-0.21579814,-0.06614656,-0.020796359,-0.27343932,-0.084236026,-0.05545807,-0.2349903,-0.027537186,-0.07210213,-0.35511956,-0.057715148,-0.07809168,-0.43803924,-0.07595021,-0.08036649,-0.50409627,-0.08702627,-0.010201454,-0.23446232,-0.037341986,0.0011299849,-0.3670935,-0.07013585,0.004268825,-0.45332527,-0.090800956,0.011053979,-0.52447224,-0.099687874,0.028663814,-0.20071524,-0.050866254,0.019577026,-0.27168587,-0.09809242,-0.008456588,-0.20922154,-0.10552454,-0.018083692,-0.16387141,-0.09658236,0.059248984,-0.15096074,-0.06611895,0.03951174,-0.19251204,-0.10527639,0.012728214,-0.14941633,-0.10508935,0.0027118325,-0.11479813,-0.09509566
-0.059426308,-0.040241957,-0.029204402,-0.08309692,-0.1346488,-0.046939142,-0.056867957,-0.21579814,-0.06614656,-0.020796359,-0.27343932,-0.084236026,-0.05545807,-0.2349903,-0.027537186,-0.07210213,-0.35511956,-0.057715148,-0.07809168,-0.43803924,-0.07595021,-0.08036649,-0.50409627,-0.08702627,-0.010201454,-0.23446232,-0.037341986,0.0011299849,-0.3670935,-0.07013585,0.004268825,-0.45332527,-0.090800956,0.011053979,-0.52447224,-0.099687874,0.028663814,-0.20071524,-0.050866254,0.019577026,-0.27168587,-0.09809242,-0.008456588,-0.20922154,-0.10552454,-0.018083692,-0.16387141,-0.09658236,0.059248984,-0.15096074,-0.06611895,0.03951174,-0.19251204,-0.10527639,0.012728214,-0.14941633,-0.10508935,0.0027118325,-0.11479813,-0.09509566
-0.062662184,-0.040021777,-0.03505033,-0.08242333,-0.13881242,-0.05304727,-0.052556098,-0.22103268,-0.07221938,-0.015530705,-0.28121024,-0.09037018,-0.056092322,-0.24802643,-0.020083623,-0.070186734,-0.36893082,-0.04675274,-0.075737596,-0.4524535,-0.06378524,-0.07653177,-0.5173961,-0.07487233,-0.009570241,-0.24481648,-0.027344324,0.0017133951,-0.3770178,-0.060198996,0.0053201914,-0.4643525,-0.08393033,0.012347281,-0.53112215,-0.09541046,0.028840184,-0.211802,-0.039769318,0.018941402,-0.28704852,-0.09304776,-0.008742571,-0.22246796,-0.11033106,-0.019358993,-0.16877955,-0.10776044,0.057706416,-0.16778278,-0.05397375,0.0311504,-0.19243723,-0.10378528,0.00575155,-0.13590276,-0.11397226,-0.002470851,-0.09186423,-0.110628225
-0.06470585,-0.044653177,-0.03995267,-0.0834201,-0.14500773,-0.05915139,-0.0489738,-0.22367829,-0.07913068,-0.010335863,-0.2827957,-0.09785797,-0.055783033,-0.2548055,-0.01987442,-0.069123924,-0.37493187,-0.045814678,-0.0736109,-0.45812446,-0.062348876,-0.07368165,-0.5216441,-0.07250803,-0.0090972185,-0.2497614,-0.025485782,0.0034284592,-0.38333488,-0.056022882,0.007209718,-0.46981534,-0.07767579,0.014340818,-0.53453135,-0.087225355,0.02914381,-0.21400028,-0.037572846,0.0217157,-0.2836675,-0.090747,-0.0061274767,-0.21615356,-0.10870883,-0.016336083,-0.16394722,-0.10575465,0.05791664,-0.1687032,-0.051923953,0.036323905,-0.19796294,-0.100822195,0.010980606,-0.14120513,-0.110522576,0.0038547516,-0.0983699,-0.10680012
-0.06010866,-0.04964471,-0.026450733,-0.078376114,-0.15090841,-0.039378088,-0.044507086,-0.23120862,-0.053298287,-0.0072232485,-0.28443366,-0.065929785,-0.049648166,-0.25023043,-0.020088548,-0.057824314,-0.37132978,-0.04495805,-0.059094727,-0.450239,-0.061511565,-0.057849824,-0.5133793,-0.0720216,-0.0018798709,-0.246389,-0.027451886,0.014232159,-0.37499818,-0.057143528,0.022230625,-0.45740002,-0.07809217,0.033337653,-0.520453,-0.088059686,0.0357123,-0.21150881,-0.037803847,0.029078066,-0.27094263,-0.07955844,0.0016499162,-0.20581752,-0.083830595,-0.008960903,-0.15579957,-0.074238226,0.06278151,-0.16307503,-0.049924828,0.041898787,-0.19124901,-0.084836304,0.018451154,-0.13952231,-0.081257656,0.011662662,-0.101350546,-0.069399014
-0.056643963,-0.04895687,-0.024342418,-0.07800186,-0.15576378,-0.035932716,-0.049087882,-0.24115768,-0.048807845,-0.0065127015,-0.2914797,-0.060471922,-0.03827125,-0.245316,-0.018461872,-0.04545194,-0.3709438,-0.041174907,-0.046135485,-0.44941965,-0.053886686,-0.04417509,-0.51203674,-0.06205984,0.0066102147,-0.2413196,-0.026099594,0.024538279,-0.3748455,-0.055622466,0.03231275,-0.45864815,-0.0757368,0.041956246,-0.5207454,-0.08511009,0.041783392,-0.21164525,-0.036356546,0.029765785,-0.28099522,-0.08023288,-0.0024388433,-0.21640396,-0.08735568,-0.017327487,-0.16226804,-0.0793361,0.066756845,-0.16921374,-0.04780832,0.03401524,-0.1930981,-0.08530385,0.00697124,-0.13589185,-0.08559944,-0.0012566447,-0.09134102,-0.076545626
-0.057469428,-0.058253944,-0.021462835,-0.07359463,-0.16634649,-0.03121835,-0.042349577,-0.25328174,-0.042965375,0.0007581115,-0.30110428,-0.05320929,-0.032766104,-0.24896112,-0.012660282,-0.03609675,-0.37367845,-0.03356121,-0.035366356,-0.45004368,-0.044874102,-0.03266579,-0.5119941,-0.05208257,0.009639263,-0.2437329,-0.020827133,0.027409554,-0.37543854,-0.04823039,0.038605273,-0.4591028,-0.066296875,0.05184871,-0.52008486,-0.07447351,0.043524325,-0.2128824,-0.03173264,0.031106412,-0.2788936,-0.07339359,-0.0029899478,-0.21774027,-0.0784035,-0.018786192,-0.1629143,-0.069158435,0.06806028,-0.17045614,-0.044032056,0.036040485,-0.19745499,-0.080200784,0.008582234,-0.14332795,-0.08010324,-0.00042569637,-0.095317006,-0.07087177
-0.057193696,-0.06172943,-0.022070397,-0.07279903,-0.17169347,-0.03055607,-0.037701428,-0.26267177,-0.041442208,0.008069992,-0.31202114,-0.051157758,-0.030661166,-0.24936631,-0.009510871,-0.030964077,-0.37731722,-0.030785462,-0.0291332,-0.45274866,-0.04194913,-0.025448978,-0.51441073,-0.048720624,0.012154698,-0.24301958,-0.01725677,0.032886684,-0.37806076,-0.04642626,0.04458815,-0.4607473,-0.064773306,0.05727482,-0.5211085,-0.072310016,0.045612693,-0.21222407,-0.028239436,0.03800583,-0.28484,-0.07439855,0.0031439066,-0.21897304,-0.08059294,-0.013517618,-0.1602197,-0.0703711,0.06884593,-0.17033887,-0.04042626,0.039719105,-0.2027956,-0.0808365,0.0098000765,-0.14633971,-0.08223481,-0.001583457,-0.09589437,-0.072842136
-0.05925834,-0.055100262,-0.024613507,-0.07309115,-0.16831052,-0.03396332,-0.032603323,-0.2549091,-0.044823788,0.012310922,-0.29815912,-0.054363396,-0.02518183,-0.25750872,-0.014996608,-0.026245952,-0.38408107,-0.03629882,-0.022777438,-0.46232137,-0.048703257,-0.017819881,-0.5251801,-0.056884475,0.020018935,-0.24868357,-0.022390189,0.0430454,-0.38111365,-0.050888065,0.05776888,-0.46562064,-0.069675624,0.0742957,-0.5280632,-0.07806269,0.054504514,-0.21215841,-0.032896582,0.04859674,-0.2791813,-0.07800125,0.011777818,-0.21149632,-0.083490156,-0.0058781505,-0.15402594,-0.07336213,0.077708006,-0.16299042,-0.044828784,0.049928665,-0.1960552,-0.08563029,0.01761496,-0.13932675,-0.08580561,0.004350662,-0.090378165,-0.075627334
-0.059732556,-0.05530107,-0.022065341,-0.07215977,-0.16928405,-0.028983973,-0.03104806,-0.24864942,-0.036977716,0.006693363,-0.28877097,-0.044844754,-0.024471581,-0.26631886,-0.01826453,-0.023123324,-0.3882355,-0.039253317,-0.020053506,-0.46826255,-0.05309288,-0.016420662,-0.53292537,-0.063327,0.02352935,-0.25581536,-0.027142832,0.04719591,-0.38771355,-0.05419927,0.061278284,-0.4737848,-0.07520438,0.07532889,-0.53766006,-0.086648904,0.061323166,-0.2164481,-0.03823761,0.055621684,-0.29580334,-0.08223307,0.018870652,-0.24267459,-0.09293118,-0.002342701,-0.19233227,-0.08875831,0.08590454,-0.1628181,-0.05013817,0.055936158,-0.19723839,-0.09225176,0.020968616,-0.14229593,-0.09546041,0.0043539405,-0.09301573,-0.088665135
-0.057401,-0.05173576,-0.03324689,-0.069948256,-0.16609383,-0.04886149,-0.02787155,-0.2511394,-0.06438988,0.015301943,-0.30348587,-0.07865395,-0.029451668,-0.28033948,-0.027984887,-0.027166009,-0.41511095,-0.057582494,-0.02217096,-0.50398135,-0.07560127,-0.016104221,-0.5751536,-0.08671973,0.019481719,-0.27007905,-0.035114195,0.045187116,-0.4132576,-0.07054607,0.062383473,-0.50591564,-0.09403609,0.08017248,-0.5781864,-0.10450366,0.05762583,-0.22837478,-0.045822795,0.056539237,-0.30027628,-0.0993962,0.018562555,-0.22970083,-0.108562514,-0.001975119,-0.17316228,-0.09911997,0.08267444,-0.17176932,-0.058223467,0.058159888,-0.2041583,-0.106766224,0.024107039,-0.1415661,-0.1078795,0.008650422,-0.09130007,-0.096529394
-0.059327066,-0.05040145,-0.03831842,-0.072341084,-0.16388637,-0.056599293,-0.029252172,-0.24748415,-0.07451469,0.016500592,-0.29703987,-0.09087174,-0.028815925,-0.2787498,-0.030105192,-0.02852416,-0.4145999,-0.062080137,-0.024028242,-0.5063316,-0.08279897,-0.017477036,-0.5797389,-0.09634711,0.021691024,-0.26692274,-0.037444558,0.047546923,-0.4113661,-0.077040985,0.06364298,-0.5093746,-0.10497221,0.08152223,-0.58428395,-0.11834071,0.061190486,-0.2215792,-0.049256913,0.05820161,-0.29320088,-0.108725265,0.017819881,-0.22471339,-0.1226117,-0.0035945177,-0.1698302,-0.115257755,0.08705884,-0.16254532,-0.06304671,0.063420236,-0.1972822,-0.11757727,0.028010786,-0.13681751,-0.12257519,0.011501253,-0.08665955,-0.1132936
-0.062051833,-0.052341163,-0.04142343,-0.07247925,-0.1706512,-0.059509818,-0.027526498,-0.2567845,-0.07756656,0.019410789,-0.2995585,-0.09412353,-0.031029284,-0.28106913,-0.028969556,-0.03546518,-0.4198454,-0.060847696,-0.033613622,-0.51241946,-0.08173541,-0.030085266,-0.58633184,-0.0957591,0.019937813,-0.27000326,-0.035536025,0.04213065,-0.4149542,-0.07493197,0.05528456,-0.5143131,-0.10307183,0.0707078,-0.5908739,-0.116859615,0.05949694,-0.22370839,-0.04738581,0.058128715,-0.30239868,-0.1067416,0.019450903,-0.23647404,-0.12229347,4.0590763e-05,-0.18026942,-0.11622487,0.08623701,-0.16310084,-0.06177769,0.066431046,-0.20449209,-0.11685541,0.03150034,-0.14973176,-0.12427822,0.014846683,-0.09989482,-0.11698805
-0.06770915,-0.03803754,-0.051688306,-0.081796646,-0.13978338,-0.07478205,-0.035130262,-0.21696115,-0.0928254,0.017861128,-0.25831246,-0.1087588,-0.043890715,-0.25388005,-0.049089324,-0.051122904,-0.38958174,-0.079421066,-0.052297294,-0.4836023,-0.09880043,-0.050533473,-0.5562704,-0.11113664,0.010639727,-0.24692982,-0.044762306,0.030014634,-0.3899203,-0.07771263,0.040945888,-0.4878041,-0.09991214,0.052978992,-0.56225157,-0.10964161,0.05177194,-0.2045883,-0.044864252,0.049765706,-0.27346712,-0.09331898,0.0188784,-0.21148098,-0.103126556,0.005377531,-0.16021842,-0.09446045,0.08066934,-0.15182424,-0.0483592,0.06235969,-0.18595737,-0.09205439,0.03443128,-0.13863009,-0.09490177,0.02424115,-0.09854144,-0.085283384
-0.07582313,-0.04319322,-0.026718061,-0.09395915,-0.14313066,-0.039983165,-0.048881233,-0.21727186,-0.04944569,-0.0042983294,-0.25210464,-0.057338372,-0.05460447,-0.2507434,-0.04561285,-0.06286645,-0.39184546,-0.066918395,-0.06457865,-0.4863677,-0.078764476,-0.06471664,-0.5577975,-0.085962184,0.004467368,-0.24890423,-0.045645285,0.020874858,-0.3968971,-0.06747055,0.029373705,-0.49396437,-0.0808336,0.039887607,-0.56894296,-0.0863549,0.046907604,-0.21212405,-0.045215473,0.04286796,-0.27755937,-0.07021187,0.013734043,-0.23898989,-0.0669148,0.00225991,-0.19761443,-0.05503447,0.07654196,-0.16025543,-0.0466478,0.05752164,-0.19942617,-0.06479301,0.03347957,-0.17040068,-0.05389181,0.025097609,-0.13932371,-0.03840058
-0.066780925,-0.04089588,-0.04596681,-0.08846378,-0.14171404,-0.069351375,-0.053848743,-0.22725135,-0.0921097,-0.011848152,-0.28217435,-0.11286436,-0.056856334,-0.2703786,-0.037358426,-0.07226962,-0.40707302,-0.073505044,-0.07840538,-0.5022031,-0.097264245,-0.07987344,-0.57824886,-0.1126045,-0.003889382,-0.26425332,-0.043335084,0.0075392127,-0.41326612,-0.086414166,0.012501001,-0.51521623,-0.11631873,0.02145344,-0.59268904,-0.13065028,0.041757762,-0.22169799,-0.05464847,0.030578554,-0.2960141,-0.11664376,-0.0036643147,-0.22599882,-0.13206038,-0.018366635,-0.16760164,-0.12505911,0.07697731,-0.16529185,-0.068796225,0.049698055,-0.20452768,-0.1236004,0.019157946,-0.15011537,-0.12982842,0.008220792,-0.10261357,-0.12136245
-0.061616957,-0.03777963,-0.03633818,-0.08440536,-0.14012206,-0.057795115,-0.049435437,-0.2246989,-0.07946912,-0.009492457,-0.27644306,-0.09975796,-0.050350726,-0.26509506,-0.042815547,-0.06139058,-0.4004599,-0.08019862,-0.06606835,-0.49606657,-0.10395294,-0.06828928,-0.57378995,-0.1190313,0.0017032623,-0.25836986,-0.052135967,0.014228702,-0.40830055,-0.09634906,0.021855414,-0.50978786,-0.12408338,0.031879544,-0.5888285,-0.13687429,0.04701388,-0.21714908,-0.064239874,0.03538716,-0.28635103,-0.122987024,0.0037153363,-0.21011233,-0.12824655,-0.01060015,-0.14622974,-0.114721164,0.081861496,-0.16018844,-0.07846777,0.054779768,-0.2026853,-0.12719227,0.026004136,-0.14425457,-0.123385526,0.014725149,-0.09302199,-0.108025916
-0.06396508,-0.033836663,-0.03461589,-0.0893749,-0.13352424,-0.054175124,-0.05879581,-0.22013587,-0.07415721,-0.021447957,-0.2746449,-0.0922647,-0.05684483,-0.26201367,-0.037271038,-0.069666505,-0.40118074,-0.07209738,-0.07342696,-0.49566633,-0.092862025,-0.07454419,-0.57246804,-0.104861215,-0.004356444,-0.25719625,-0.045674648,0.009052575,-0.40649503,-0.08749139,0.01737237,-0.5088208,-0.11326598,0.026779532,-0.58760357,-0.123837896,0.04051268,-0.21948248,-0.05691832,0.02967006,-0.28187913,-0.11343432,0.0021748543,-0.20596844,-0.11849004,-0.009891033,-0.14284879,-0.10425496,0.07617986,-0.16749543,-0.07010972,0.05190307,-0.20524144,-0.11550017,0.027393103,-0.14548415,-0.11059598,0.018630862,-0.09441513,-0.094225354
-0.062050104,-0.031431377,-0.035881426,-0.085434556,-0.13058007,-0.057130367,-0.051976442,-0.21323675,-0.07864508,-0.013989925,-0.2671436,-0.09873142,-0.051524162,-0.25795949,-0.041858025,-0.06376934,-0.39451748,-0.07802736,-0.06814265,-0.4909923,-0.10050286,-0.07008535,-0.5683962,-0.11425474,0.0004941225,-0.25328332,-0.051177423,0.013584375,-0.40113887,-0.092971176,0.021054983,-0.5026539,-0.118508704,0.029126823,-0.5806532,-0.12945732,0.045504093,-0.21429694,-0.063506134,0.033984423,-0.27745706,-0.121434316,0.004131913,-0.20355093,-0.12731883,-0.009887993,-0.14223742,-0.11398329,0.07999468,-0.15981835,-0.07783519,0.05701995,-0.20157194,-0.12601338,0.029649675,-0.14446038,-0.12244183,0.018003583,-0.0937466,-0.107126966
-0.061878264,-0.03292632,-0.034641493,-0.0838629,-0.13487983,-0.05434556,-0.049448133,-0.21467388,-0.07465077,-0.015593529,-0.26728296,-0.09372424,-0.047475338,-0.26089776,-0.039203297,-0.060136855,-0.39585602,-0.07385795,-0.063679814,-0.49120396,-0.09590485,-0.064269066,-0.5675256,-0.11000025,0.004763782,-0.25474793,-0.049246233,0.019437551,-0.40191478,-0.09086254,0.026499629,-0.5041898,-0.11779731,0.03502786,-0.58139205,-0.12999858,0.049430966,-0.21424949,-0.06229976,0.037796736,-0.28110808,-0.1211074,0.0061252713,-0.20775163,-0.12970765,-0.008929729,-0.14604282,-0.11837789,0.08346021,-0.15892553,-0.0771568,0.05912453,-0.197047,-0.12860654,0.031133235,-0.13776302,-0.12835063,0.019895613,-0.086000025,-0.11512016
-0.06683469,-0.035829842,-0.040942658,-0.088793814,-0.14141059,-0.060821414,-0.045561492,-0.224226,-0.07984049,-0.004770398,-0.2735721,-0.097346686,-0.053598404,-0.26702708,-0.040379353,-0.065207064,-0.40164763,-0.07674503,-0.06747407,-0.49650335,-0.10070291,-0.06729567,-0.57138026,-0.11525273,-0.00053441525,-0.26164562,-0.04583769,0.012672067,-0.40734065,-0.08684931,0.018797338,-0.5067806,-0.11358872,0.027502,-0.5842223,-0.12525518,0.043523133,-0.22066051,-0.0553505,0.036634862,-0.28191203,-0.111401536,0.007167697,-0.20939845,-0.1190156,-0.005788386,-0.15343767,-0.10681702,0.07668418,-0.16403407,-0.06753541,0.0581159,-0.20360142,-0.11317213,0.030221164,-0.14976585,-0.110414274,0.01843834,-0.1055913,-0.09592737
-0.067192316,-0.040475428,-0.036148384,-0.086083114,-0.15272605,-0.05147801,-0.037696958,-0.23205799,-0.066298515,0.0063355565,-0.2761268,-0.0801834,-0.053514063,-0.27299017,-0.03349337,-0.06545538,-0.40733615,-0.06544333,-0.06881547,-0.50412494,-0.08753848,-0.069196045,-0.57957333,-0.1018379,0.0018282533,-0.2676263,-0.039618757,0.013595045,-0.4141742,-0.076244734,0.018952668,-0.51489234,-0.10248209,0.02796799,-0.5911913,-0.11484058,0.04704517,-0.22602153,-0.04938913,0.03870964,-0.2935322,-0.102885835,0.007078767,-0.22370237,-0.11309416,-0.0061668158,-0.16479415,-0.103720635,0.08042836,-0.16911554,-0.06123059,0.055632472,-0.20612484,-0.10847118,0.027745247,-0.14958256,-0.10904815,0.019307435,-0.10192722,-0.0970723
-0.06496006,-0.04099351,-0.040982574,-0.08577782,-0.15073866,-0.0603047,-0.039393187,-0.23329282,-0.07884167,0.0069111586,-0.27948827,-0.09631147,-0.054148674,-0.27542895,-0.038513444,-0.06535965,-0.41159445,-0.07427819,-0.06934589,-0.50883234,-0.09868655,-0.070464075,-0.5860287,-0.114289954,-0.0007227659,-0.26853,-0.044622198,0.011226475,-0.41893274,-0.0856037,0.017967463,-0.52204335,-0.113977015,0.028182864,-0.60174227,-0.1272888,0.044727862,-0.226556,-0.054796956,0.038660586,-0.2961849,-0.11343909,0.00670743,-0.22262192,-0.124609694,-0.008252144,-0.16148156,-0.11481565,0.07896483,-0.16862053,-0.067408785,0.0580011,-0.20866883,-0.11851076,0.030514657,-0.14936602,-0.11916031,0.020421445,-0.098737955,-0.106562085
-0.06546652,-0.040599942,-0.03791379,-0.08643687,-0.15073174,-0.05503181,-0.03972608,-0.23026162,-0.07137721,0.0051540136,-0.2755366,-0.08669605,-0.054710925,-0.27386028,-0.036366194,-0.06588489,-0.4091231,-0.07029361,-0.07102221,-0.50627464,-0.09329711,-0.073595226,-0.582888,-0.10790224,-0.0011906624,-0.26913196,-0.04244996,0.011323333,-0.41642264,-0.08058392,0.018759787,-0.51804566,-0.106987394,0.028852642,-0.5968435,-0.119131304,0.043837905,-0.22825217,-0.05228252,0.037641943,-0.29145366,-0.106692545,0.006999612,-0.2210254,-0.11681656,-0.007019162,-0.16242361,-0.107383214,0.07804209,-0.17119461,-0.06447147,0.05614251,-0.20402563,-0.112092026,0.028749168,-0.14510697,-0.11219547,0.019412935,-0.09637505,-0.099872865
-0.06544554,-0.04152578,-0.039617963,-0.08602315,-0.15039271,-0.05818198,-0.041506648,-0.2339136,-0.076216035,0.0041267276,-0.28189284,-0.092923544,-0.05448979,-0.2722726,-0.034854863,-0.06647152,-0.4080979,-0.069259994,-0.07092625,-0.5055121,-0.09244568,-0.07205814,-0.58346426,-0.107098214,-0.0012331605,-0.2668773,-0.041239593,0.010198116,-0.41583607,-0.08188912,0.017360926,-0.5193228,-0.10967064,0.028118134,-0.5979078,-0.12206206,0.0442968,-0.22614402,-0.05169452,0.03490913,-0.29047346,-0.11084814,0.0056681633,-0.2131365,-0.121238746,-0.0058285594,-0.14916396,-0.1101008,0.078899145,-0.170412,-0.06448334,0.053579032,-0.20513266,-0.11635901,0.02765876,-0.1420477,-0.11699445,0.020163834,-0.08964658,-0.103740044
-0.06623167,-0.03730625,-0.04315097,-0.08629984,-0.14381582,-0.062200777,-0.043883145,-0.22547925,-0.08071307,-0.0009918809,-0.2756241,-0.097818516,-0.053021073,-0.26770765,-0.0336364,-0.06706864,-0.40226462,-0.06630397,-0.07174975,-0.49812943,-0.087694705,-0.07211298,-0.5746348,-0.10095789,0.0009886622,-0.2625366,-0.03898275,0.013081431,-0.407529,-0.07906355,0.019017696,-0.51293665,-0.105287045,0.028558135,-0.589596,-0.11599124,0.046125352,-0.22245753,-0.04966688,0.035079002,-0.2858833,-0.11267226,0.0069963336,-0.20536906,-0.12698287,-0.0031278133,-0.14003068,-0.11710069,0.07933837,-0.17039984,-0.06279065,0.05266887,-0.19827944,-0.1198491,0.025588572,-0.13275743,-0.12588803,0.017988205,-0.080280185,-0.11569817
-0.06598216,-0.039784253,-0.04474684,-0.08573866,-0.14444536,-0.06436201,-0.042520225,-0.22439319,-0.083133146,0.0034091473,-0.27257377,-0.10029767,-0.0530957,-0.26769435,-0.03327378,-0.06700778,-0.40205652,-0.06555012,-0.07144964,-0.49789348,-0.08681881,-0.07171017,-0.574193,-0.09992223,1.23381615e-05,-0.26176423,-0.037806276,0.0111451745,-0.40774128,-0.07723057,0.016979933,-0.5129894,-0.10339578,0.026347995,-0.5888276,-0.1139645,0.04507518,-0.2215547,-0.04797119,0.03361243,-0.28213716,-0.1110684,0.005209744,-0.2026053,-0.12691307,-0.00536108,-0.13864523,-0.11785368,0.07823908,-0.17034924,-0.060668625,0.052729964,-0.19795078,-0.11763848,0.025751412,-0.1333524,-0.12468421,0.017912924,-0.08219725,-0.11529783
-0.064843595,-0.039021134,-0.03668071,-0.086286664,-0.14510381,-0.05467455,-0.045297623,-0.22831869,-0.07252686,-0.0014486313,-0.27566975,-0.08896321,-0.05216515,-0.2670294,-0.036009777,-0.06563938,-0.40131605,-0.06896573,-0.070592046,-0.49756223,-0.09069287,-0.07248634,-0.57373846,-0.10435899,0.0011616945,-0.26356483,-0.043033034,0.012236178,-0.40937722,-0.08094042,0.017608702,-0.5114776,-0.106068954,0.025963962,-0.5882492,-0.11689863,0.046387374,-0.22451377,-0.053644802,0.035516918,-0.28353,-0.10850332,0.0054441094,-0.20891303,-0.11700245,-0.0071272254,-0.14696449,-0.105448246,0.08027911,-0.16983163,-0.06651169,0.055840433,-0.20146787,-0.1138007,0.02762562,-0.14379334,-0.11334414,0.017424941,-0.094206214,-0.100091696
-0.06358206,-0.034912467,-0.038004357,-0.08586633,-0.14359754,-0.05676776,-0.04655677,-0.23278171,-0.075475514,-0.0042436123,-0.28475505,-0.09265535,-0.052245855,-0.26673168,-0.03724916,-0.06794387,-0.40294987,-0.07223761,-0.07274771,-0.4994411,-0.0948453,-0.07426375,-0.5769073,-0.109028555,0.00039094687,-0.26198542,-0.04492219,0.01146239,-0.41039306,-0.08699196,0.01762098,-0.5141142,-0.11399077,0.026847005,-0.5940734,-0.12563594,0.044922173,-0.22230536,-0.056251418,0.034482837,-0.28614843,-0.11624124,0.0046049953,-0.20431376,-0.12300157,-0.008157015,-0.1394729,-0.1089379,0.078656256,-0.166736,-0.069833815,0.055165112,-0.20632088,-0.120717056,0.028068542,-0.14375794,-0.11835552,0.017696083,-0.09142834,-0.10293624
-0.06350756,-0.041118443,-0.03906715,-0.0855152,-0.14458847,-0.060521632,-0.048164845,-0.23153824,-0.08265197,-0.005260527,-0.28379637,-0.103008196,-0.052744806,-0.2684133,-0.0362617,-0.0680722,-0.40381384,-0.07299659,-0.07326323,-0.4992827,-0.0971057,-0.07459438,-0.57671773,-0.11210575,-0.00067681074,-0.26150692,-0.045278516,0.010050297,-0.41007066,-0.0899069,0.016462624,-0.5143992,-0.11801666,0.026002228,-0.5937898,-0.12992209,0.04479605,-0.2198993,-0.058429353,0.033324838,-0.2842945,-0.12172965,0.0045823455,-0.20052445,-0.12881435,-0.0066896677,-0.13432038,-0.11394429,0.07942939,-0.16349936,-0.07394841,0.05803418,-0.2090671,-0.12634788,0.030803263,-0.14667004,-0.123533785,0.020238101,-0.09306872,-0.10739839
-0.06418896,-0.040466785,-0.04732683,-0.08469379,-0.14377332,-0.07039225,-0.04645109,-0.22818154,-0.09249825,-0.00091439486,-0.2857439,-0.11249193,-0.05538696,-0.26767707,-0.03649474,-0.07052505,-0.40380257,-0.072504655,-0.07566911,-0.49956018,-0.09590957,-0.07662135,-0.5759659,-0.11005328,-0.0030184388,-0.26086247,-0.041717142,0.008238137,-0.40733987,-0.08496941,0.015719056,-0.51238227,-0.11271457,0.025586426,-0.58856386,-0.12402951,0.042557895,-0.22006077,-0.0529839,0.03161657,-0.278207,-0.11914658,0.0034689903,-0.19822413,-0.13450468,-0.007576227,-0.13667059,-0.12480998,0.07706487,-0.16938972,-0.06700704,0.05387461,-0.19994009,-0.12480264,0.026373923,-0.13589585,-0.13051592,0.01703471,-0.0857209,-0.12022927
-0.06417334,-0.040263593,-0.049679324,-0.083512545,-0.14318621,-0.074588984,-0.04397744,-0.22287327,-0.09834369,-0.00073581934,-0.2776481,-0.120471254,-0.0532344,-0.26621056,-0.04126641,-0.068807304,-0.40035647,-0.078574985,-0.07543874,-0.496117,-0.10331916,-0.077132285,-0.57344323,-0.11893363,-0.0017342567,-0.2575341,-0.046339616,0.009378791,-0.40265828,-0.09130916,0.016306221,-0.5084169,-0.12068107,0.026884735,-0.5873795,-0.133489,0.04364109,-0.21573049,-0.05745165,0.031939685,-0.28057218,-0.1257351,0.0023458004,-0.20092887,-0.14247733,-0.008870721,-0.13739777,-0.13382253,0.078618765,-0.1646685,-0.07144668,0.055416882,-0.20274973,-0.13228159,0.027560294,-0.13985741,-0.13964626,0.018625855,-0.08830035,-0.1304392
-0.06573874,-0.042203903,-0.03838263,-0.087726176,-0.14588338,-0.05852165,-0.04723996,-0.22737432,-0.07887399,-0.005169928,-0.27562964,-0.09763266,-0.055919886,-0.26967198,-0.037479438,-0.06993735,-0.40355512,-0.0736084,-0.074791014,-0.49897873,-0.097058214,-0.07658774,-0.575616,-0.11133128,-0.0027775168,-0.26381344,-0.045505613,0.008621335,-0.41034502,-0.08819058,0.016404927,-0.5133195,-0.11512439,0.026318192,-0.5915401,-0.12626795,0.043339193,-0.22366482,-0.05742335,0.0318681,-0.28049588,-0.11802948,0.0033082962,-0.20144528,-0.12607138,-0.008854151,-0.1370191,-0.11257586,0.077696264,-0.16809726,-0.07168071,0.055206,-0.20456636,-0.12182396,0.027717233,-0.14385384,-0.11959446,0.017009318,-0.09148687,-0.10430821
-0.06543708,-0.0401392,-0.040639102,-0.08619362,-0.14449286,-0.061738793,-0.046626687,-0.22726703,-0.08265839,-0.004682541,-0.27783483,-0.101931445,-0.054310083,-0.26774597,-0.039563246,-0.06793833,-0.40237573,-0.075797215,-0.07299197,-0.49830288,-0.099393286,-0.074688375,-0.57497245,-0.11409461,-0.002047062,-0.2611487,-0.047028758,0.009314895,-0.409026,-0.08989834,0.016797006,-0.5133028,-0.11718198,0.027362823,-0.59209174,-0.12891713,0.04353106,-0.22011644,-0.05864617,0.03259754,-0.2809136,-0.11978104,0.0023992062,-0.20240045,-0.12839961,-0.010701537,-0.13889623,-0.11561572,0.07737076,-0.16469806,-0.07281659,0.055043995,-0.20315635,-0.12502766,0.026428163,-0.14258069,-0.12447124,0.014725447,-0.09055734,-0.110390745
-0.06538761,-0.044504285,-0.04957401,-0.08379489,-0.14633942,-0.07553623,-0.044774234,-0.2261802,-0.10060449,-0.0014358759,-0.28573585,-0.12396539,-0.055059433,-0.27118123,-0.040556893,-0.06984419,-0.40626186,-0.07783823,-0.07583815,-0.502041,-0.10150481,-0.07682949,-0.57976615,-0.115818046,-0.0023403168,-0.26425797,-0.046318755,0.008733928,-0.41298416,-0.09068794,0.016164303,-0.51915765,-0.118781656,0.026019037,-0.5959132,-0.13026309,0.04390949,-0.22331262,-0.058406092,0.03106606,-0.2816975,-0.12694745,0.0006799102,-0.20038617,-0.14495085,-0.011113703,-0.13604438,-0.13696794,0.078276694,-0.17300105,-0.07334063,0.052403033,-0.19923735,-0.13396917,0.023496091,-0.13340247,-0.14257915,0.013900399,-0.08119416,-0.1343309
-0.066248536,-0.03996706,-0.044489216,-0.086878955,-0.1469484,-0.06563791,-0.045315564,-0.23012382,-0.08619616,-0.0006531477,-0.28110653,-0.10517389,-0.05668223,-0.27240795,-0.037066747,-0.07143366,-0.40806824,-0.07245423,-0.07709706,-0.5036748,-0.0948827,-0.07856017,-0.579625,-0.10848373,-0.0026224256,-0.2675317,-0.042851675,0.008138359,-0.4153708,-0.08592646,0.013751566,-0.5198741,-0.11330927,0.022574604,-0.59611917,-0.12426662,0.04409957,-0.22827947,-0.05398472,0.030225635,-0.28501332,-0.11896808,-8.1539154e-05,-0.20449334,-0.13357225,-0.011717975,-0.14029527,-0.12365698,0.07834566,-0.17713279,-0.06771193,0.048849642,-0.20021296,-0.12530376,0.019772708,-0.1345576,-0.13116202,0.010891378,-0.08262718,-0.120819025
-0.06646484,-0.0465042,-0.05666941,-0.08435547,-0.14715493,-0.08319206,-0.04588741,-0.22593081,-0.10806865,-0.0023901463,-0.28522462,-0.13104922,-0.058231115,-0.27083516,-0.036289778,-0.07387793,-0.40673882,-0.072082885,-0.07983303,-0.503134,-0.09551149,-0.080438375,-0.5806552,-0.10959434,-0.005769849,-0.26232833,-0.03848829,0.004309714,-0.41060752,-0.08274689,0.010960102,-0.5193267,-0.11242904,0.019779325,-0.59584,-0.12451779,0.04074526,-0.22074008,-0.048783034,0.028852344,-0.2791654,-0.12104948,0.00044620037,-0.19816,-0.14666896,-0.010463178,-0.13508749,-0.14245382,0.07590747,-0.17473155,-0.06224393,0.05084324,-0.19909763,-0.12723206,0.022777379,-0.13271677,-0.1425712,0.01341629,-0.08201516,-0.13867727
-0.065825224,-0.04997337,-0.0589985,-0.08280176,-0.14688206,-0.088786446,-0.044232666,-0.22343439,-0.11713357,-0.0008997917,-0.28448534,-0.14390956,-0.058622777,-0.27041525,-0.037138123,-0.07449812,-0.40564367,-0.07362222,-0.08071655,-0.5021398,-0.09694901,-0.08068466,-0.57986397,-0.110693954,-0.005887687,-0.26019597,-0.039438535,0.004959464,-0.40988216,-0.084279254,0.013116598,-0.5189928,-0.1134726,0.0229761,-0.59605676,-0.12489795,0.040943384,-0.21810383,-0.0504127,0.029445827,-0.2790193,-0.12532471,0.0016312003,-0.19668704,-0.15307052,-0.008713424,-0.1315496,-0.14979802,0.07637584,-0.1739229,-0.06459762,0.052886844,-0.19907612,-0.1328256,0.026078343,-0.12876779,-0.15040253,0.017799914,-0.07428479,-0.14779672
-0.06706166,-0.047676086,-0.053988107,-0.08701205,-0.14748234,-0.079264954,-0.04783821,-0.2249167,-0.10343657,-0.003319323,-0.28464878,-0.12580156,-0.059886277,-0.2718283,-0.034159083,-0.07625723,-0.40825057,-0.06896652,-0.08223921,-0.50449884,-0.09152122,-0.08221519,-0.58136934,-0.10478826,-0.0065021515,-0.26347363,-0.03750814,0.0031285286,-0.4115405,-0.080510356,0.0093201995,-0.5192671,-0.1088671,0.017563164,-0.59365374,-0.12002469,0.04039818,-0.22223765,-0.04890005,0.025632322,-0.27593958,-0.12073527,-0.00048553944,-0.19395953,-0.14667219,-0.009198487,-0.13122296,-0.14268507,0.075601935,-0.17739177,-0.06321253,0.04863149,-0.19807464,-0.12816086,0.02091515,-0.1294316,-0.14405042,0.012507677,-0.078442395,-0.14068791
-0.06620169,-0.0435372,-0.042376105,-0.087845266,-0.14897507,-0.06295841,-0.04701972,-0.23460865,-0.08346696,-0.0015963912,-0.28651434,-0.10219731,-0.056786597,-0.27492285,-0.033685535,-0.07232326,-0.41113937,-0.06854877,-0.07789546,-0.5079169,-0.09163029,-0.07905954,-0.585549,-0.10614317,-0.0031222105,-0.26858574,-0.040304862,0.008052766,-0.41687837,-0.08298071,0.013130069,-0.5229598,-0.111875124,0.022369325,-0.60199296,-0.12466948,0.042800426,-0.22692889,-0.0519768,0.029106379,-0.28741902,-0.11564126,-0.002970755,-0.20866698,-0.12976487,-0.015517056,-0.14567941,-0.12003521,0.07720637,-0.17231941,-0.066074505,0.049260557,-0.20699632,-0.12136717,0.019647002,-0.14385468,-0.12550078,0.009549022,-0.0919314,-0.1145152
-0.066156685,-0.046345353,-0.040907115,-0.08652598,-0.15173179,-0.06189051,-0.045072258,-0.2372607,-0.08321067,-0.00039845705,-0.28943777,-0.10297576,-0.056012273,-0.27704585,-0.0340306,-0.07063991,-0.41444862,-0.0700753,-0.076143324,-0.51045686,-0.09367387,-0.07726216,-0.58764136,-0.10814814,-0.0025274158,-0.2715016,-0.04158028,0.007968307,-0.42147267,-0.08538264,0.013685346,-0.5266447,-0.1149352,0.02333343,-0.6050705,-0.12791169,0.043657422,-0.2309621,-0.05385258,0.029591978,-0.2885216,-0.117628455,-0.002185285,-0.20973474,-0.13159122,-0.014526844,-0.1449464,-0.12177683,0.077620625,-0.17712545,-0.06846817,0.049733162,-0.20920461,-0.12295485,0.020027637,-0.14607704,-0.12613082,0.009952128,-0.09251374,-0.114425875
-0.06428659,-0.044429004,-0.047205273,-0.08348513,-0.14749438,-0.07172862,-0.042821825,-0.23100394,-0.09593501,0.0036948323,-0.28697032,-0.11831277,-0.055743575,-0.27267122,-0.036376886,-0.07122815,-0.40876865,-0.07386385,-0.07671231,-0.5047335,-0.098322146,-0.077105284,-0.58205086,-0.11301397,-0.0021634102,-0.26626724,-0.042370453,0.008246481,-0.41390705,-0.087790295,0.014144421,-0.5207781,-0.11728381,0.023526013,-0.5978755,-0.12948614,0.04416585,-0.22549206,-0.054383993,0.03017968,-0.282014,-0.12243178,-0.00047922134,-0.19989103,-0.13893864,-0.011950076,-0.13485825,-0.12950976,0.07831073,-0.17426842,-0.06913436,0.051638424,-0.20418721,-0.1283574,0.023261607,-0.13687229,-0.1345622,0.013932228,-0.08239347,-0.12417788
-0.06616998,-0.04257506,-0.04869684,-0.0860042,-0.1459446,-0.073216975,-0.046032906,-0.23028517,-0.09703745,-0.00043421984,-0.2882588,-0.11916812,-0.05753821,-0.27093327,-0.03687584,-0.072650075,-0.40858436,-0.0737036,-0.07840371,-0.50444716,-0.09720877,-0.079396605,-0.5821903,-0.11135402,-0.0038746595,-0.26483572,-0.042205755,0.005905211,-0.4143951,-0.08725984,0.012271166,-0.5209347,-0.1163327,0.02148366,-0.5971274,-0.12826063,0.04278171,-0.22468746,-0.053830914,0.028636098,-0.28361636,-0.1233732,-0.0015346408,-0.20161772,-0.14245601,-0.013134956,-0.13609165,-0.13474779,0.07742214,-0.17526007,-0.06810593,0.049106956,-0.20084703,-0.13035959,0.020848155,-0.13225675,-0.1398815,0.011812508,-0.077614486,-0.13174155
-0.06560171,-0.044024408,-0.04497065,-0.08546835,-0.14921033,-0.06612514,-0.04471636,-0.236072,-0.086765595,0.0024644136,-0.28845125,-0.1054949,-0.05821377,-0.2749949,-0.03265665,-0.0719077,-0.41347185,-0.067456916,-0.077162206,-0.5097132,-0.089562155,-0.07894015,-0.5866972,-0.10264837,-0.0042619705,-0.26973057,-0.03754967,0.0069985986,-0.41860628,-0.07984301,0.013917029,-0.5241168,-0.10730154,0.023273945,-0.60175043,-0.11815625,0.042451322,-0.22974491,-0.04805129,0.028506994,-0.28362638,-0.112426765,-0.0013921261,-0.20188957,-0.12728882,-0.012668431,-0.13737857,-0.11713836,0.07663661,-0.17810994,-0.061205402,0.04668051,-0.20185292,-0.11756487,0.018107593,-0.13559449,-0.12276724,0.009316862,-0.082928896,-0.11178839
-0.06346744,-0.043388605,-0.04717033,-0.08142096,-0.1487323,-0.071612924,-0.042665362,-0.23456687,-0.09555628,0.0035573244,-0.29090297,-0.11764812,-0.055841744,-0.27215904,-0.036302295,-0.070322275,-0.41004798,-0.07443582,-0.07638246,-0.50659883,-0.09864823,-0.07713306,-0.5837079,-0.1131106,-0.0021256208,-0.26688206,-0.04232149,0.0072287917,-0.41500497,-0.08839944,0.012787819,-0.52169913,-0.11802901,0.022335887,-0.5987029,-0.13012597,0.04473406,-0.22693801,-0.05436374,0.030391812,-0.2818069,-0.122114524,-0.00036907196,-0.19981235,-0.13835874,-0.01173234,-0.13651782,-0.12904342,0.078700125,-0.17725432,-0.069226645,0.047131956,-0.19704545,-0.12894772,0.018707454,-0.12929916,-0.13600396,0.010958791,-0.07770175,-0.12616575
-0.06498873,-0.04220891,-0.051306263,-0.08363795,-0.1455484,-0.07695428,-0.04505092,-0.22996497,-0.10130708,-0.0002452135,-0.2880987,-0.12373081,-0.057724476,-0.27159452,-0.03955947,-0.0726136,-0.4085291,-0.07887396,-0.07852095,-0.5049286,-0.104289524,-0.079313934,-0.5822631,-0.119418785,-0.0047129393,-0.26625764,-0.043664,0.005365789,-0.41336143,-0.09080796,0.011647224,-0.52012575,-0.12107533,0.021214128,-0.5967549,-0.133469,0.041861236,-0.22648555,-0.05434552,0.02877134,-0.28003168,-0.12433773,-0.00080156326,-0.19952065,-0.14313135,-0.012004197,-0.13677377,-0.13509278,0.07637489,-0.17708868,-0.06803624,0.04819858,-0.1984067,-0.12968047,0.019366384,-0.13153076,-0.13863876,0.009957552,-0.07997942,-0.13001806
-0.06539905,-0.04181111,-0.04918421,-0.08458018,-0.14533818,-0.07336864,-0.045898676,-0.2281602,-0.09693235,-0.0014137626,-0.28483844,-0.1187017,-0.057320237,-0.2723227,-0.034892183,-0.07244617,-0.40788662,-0.07099128,-0.078445375,-0.5037457,-0.094274744,-0.07901555,-0.5804992,-0.1080725,-0.0037941933,-0.26614702,-0.0401333,0.005856514,-0.41397786,-0.08341962,0.0108962655,-0.5212633,-0.110877566,0.019425213,-0.5970653,-0.1215473,0.042871773,-0.22501385,-0.05221963,0.028276026,-0.2811064,-0.12007667,-0.0012648702,-0.19896513,-0.13800244,-0.011404753,-0.13550627,-0.12946683,0.0771721,-0.17488402,-0.06724768,0.0493477,-0.20185935,-0.12773587,0.020779788,-0.13442796,-0.13647376,0.012041092,-0.081875026,-0.12797405
-0.06652844,-0.04294765,-0.04532784,-0.086902976,-0.14625496,-0.06852541,-0.04849118,-0.23248506,-0.09157271,-0.004617691,-0.28842187,-0.11265945,-0.0593642,-0.2746089,-0.03532795,-0.07484543,-0.41227376,-0.07256939,-0.08048236,-0.50853527,-0.09651028,-0.081685424,-0.5851513,-0.110713586,-0.0050177574,-0.27015084,-0.041650765,0.004781842,-0.41839832,-0.08653533,0.010145366,-0.5241835,-0.115168996,0.018350959,-0.6002649,-0.12661745,0.042020082,-0.23038161,-0.05367494,0.026164055,-0.28474212,-0.119753525,-0.0023363233,-0.20073211,-0.13362338,-0.011800706,-0.13475448,-0.12259566,0.07637644,-0.17923152,-0.06848047,0.045847356,-0.20250225,-0.12533467,0.01813811,-0.13620639,-0.12982503,0.010819674,-0.08417696,-0.11826565
-0.06524342,-0.0487864,-0.0429584,-0.084842026,-0.15250576,-0.06550841,-0.044333696,-0.23731971,-0.088589475,0.0011570454,-0.28978616,-0.11000135,-0.055110753,-0.27789462,-0.03322766,-0.06970948,-0.4161691,-0.07023202,-0.07565683,-0.5120219,-0.09450749,-0.077162206,-0.58939743,-0.10926804,-0.0020215511,-0.27195078,-0.04083677,0.007538736,-0.42112222,-0.08585412,0.012681484,-0.5268015,-0.1162715,0.021237016,-0.60559785,-0.1295079,0.044409335,-0.23167306,-0.05373822,0.029559612,-0.2883684,-0.11966609,-0.002614081,-0.2080692,-0.13535577,-0.015389502,-0.14224124,-0.1260976,0.078291595,-0.1795854,-0.06917245,0.047221184,-0.207174,-0.12578999,0.017003715,-0.14258075,-0.13048509,0.007372558,-0.08848083,-0.11941017
-0.06489527,-0.04653436,-0.044954207,-0.08426446,-0.1490503,-0.07002273,-0.046904385,-0.23229158,-0.09541801,-0.0033264756,-0.28978175,-0.11922782,-0.05615908,-0.27423364,-0.035247795,-0.07103479,-0.41284823,-0.0729867,-0.076808214,-0.5084579,-0.097322196,-0.07770842,-0.58583987,-0.112053685,-0.0028136969,-0.26823717,-0.04317673,0.0072030425,-0.4159667,-0.08920879,0.011976063,-0.52182585,-0.119766876,0.018726587,-0.5978311,-0.13297981,0.043846488,-0.22871453,-0.05689809,0.028419673,-0.28871733,-0.12543318,-0.002064705,-0.209477,-0.14427006,-0.013760686,-0.14405328,-0.13721627,0.079125404,-0.17976922,-0.07305926,0.04801911,-0.20439702,-0.13326684,0.019854665,-0.13695103,-0.1416376,0.01218152,-0.08199835,-0.13321008
-0.06573933,-0.044149756,-0.048969157,-0.08501989,-0.14788759,-0.07292844,-0.047602832,-0.23126513,-0.096231274,-0.0032212138,-0.28904206,-0.11783434,-0.057754397,-0.27188832,-0.034231544,-0.07230067,-0.4105068,-0.07039678,-0.07837522,-0.5069792,-0.093678944,-0.07931322,-0.5848872,-0.10759858,-0.004946351,-0.26623195,-0.039488193,0.0042160153,-0.4149549,-0.083330125,0.010656059,-0.5228591,-0.11194616,0.019476354,-0.5986289,-0.12360175,0.04173696,-0.227063,-0.051526368,0.028630674,-0.2852059,-0.12077124,-0.00013232231,-0.20403022,-0.14187813,-0.011232495,-0.1386531,-0.13570681,0.07692742,-0.18039489,-0.06632564,0.048624814,-0.20065922,-0.12940449,0.020769775,-0.13073087,-0.1413647,0.012575984,-0.07647151,-0.13509242
-0.06684059,-0.047079325,-0.054999698,-0.084795535,-0.14824855,-0.08235984,-0.044733107,-0.22431213,-0.108667426,-0.0010728836,-0.28136736,-0.13319695,-0.057736993,-0.27549338,-0.03593665,-0.07233125,-0.41002113,-0.07280933,-0.078822315,-0.50639987,-0.09680819,-0.079390764,-0.58205694,-0.11096122,-0.0037629008,-0.26687044,-0.03976636,0.0053356886,-0.41457152,-0.08411016,0.009589016,-0.52115214,-0.113104686,0.01670909,-0.5954286,-0.12463845,0.043678343,-0.22471702,-0.051711872,0.026132941,-0.28222024,-0.1231975,-0.0017656684,-0.20070511,-0.14747337,-0.010224819,-0.13890314,-0.14270416,0.07850385,-0.17776084,-0.06684336,0.047380447,-0.19922829,-0.13095711,0.019331753,-0.13068104,-0.14537068,0.013092041,-0.08059752,-0.14103702
-0.06555694,-0.048449993,-0.052228935,-0.08419949,-0.14894706,-0.08088194,-0.046386838,-0.22698021,-0.1096596,-0.0024538636,-0.28468847,-0.13663132,-0.056319594,-0.27376068,-0.038140368,-0.07148188,-0.4091421,-0.07697441,-0.077540874,-0.5048287,-0.101991914,-0.07775855,-0.5815625,-0.11708373,-0.0033085942,-0.26454264,-0.04504418,0.0059713125,-0.41252407,-0.09238457,0.010456502,-0.51972663,-0.122627616,0.018116951,-0.59562427,-0.13523276,0.043456614,-0.2217049,-0.059462737,0.027987659,-0.28116733,-0.132039,-0.0006059408,-0.19732833,-0.15332764,-0.009575248,-0.13251632,-0.14658257,0.07897532,-0.17263752,-0.0769936,0.05233538,-0.2034185,-0.14006019,0.023774207,-0.13665098,-0.15131906,0.015450776,-0.08414227,-0.1449783
-0.06483203,-0.040469944,-0.04279495,-0.08504951,-0.14340734,-0.06499469,-0.04354459,-0.22406805,-0.08687959,-0.0012331009,-0.27591425,-0.10721711,-0.05424404,-0.2704029,-0.038374804,-0.068421185,-0.40532678,-0.075601794,-0.07379937,-0.50164396,-0.09968274,-0.07502401,-0.57813394,-0.114045225,-0.0016710758,-0.2661379,-0.04487608,0.008761764,-0.41169596,-0.08783629,0.014006734,-0.515005,-0.115044944,0.022052884,-0.59149855,-0.1260664,0.044086874,-0.22741342,-0.05643555,0.032520115,-0.281327,-0.11947651,0.0028036833,-0.20354086,-0.13248608,-0.008761942,-0.14087218,-0.12201684,0.0778386,-0.17480403,-0.07056558,0.053070724,-0.20215803,-0.12485303,0.0241158,-0.13900203,-0.12804137,0.014310539,-0.087221384,-0.116246104
-0.0645808,-0.04227394,-0.04788188,-0.08192563,-0.142492,-0.07243118,-0.039992988,-0.22236443,-0.0963985,0.0056610703,-0.27525192,-0.11873929,-0.05343777,-0.26551586,-0.038703296,-0.0683983,-0.4006432,-0.07648723,-0.074421465,-0.496926,-0.1011555,-0.07511091,-0.57357883,-0.11600468,-0.0016226768,-0.2595827,-0.044464283,0.0079340935,-0.40562958,-0.08871419,0.012929797,-0.5111232,-0.11733528,0.02182126,-0.5876019,-0.12923548,0.044103563,-0.21935761,-0.05634467,0.03332007,-0.27618378,-0.12276412,0.0029375553,-0.19851744,-0.13939321,-0.008344352,-0.13649338,-0.13078085,0.07804072,-0.16792583,-0.071124285,0.053952694,-0.1982472,-0.12908944,0.024898231,-0.13673425,-0.13567364,0.015175343,-0.08589941,-0.12612091
-0.062541425,-0.03906268,-0.04166039,-0.0824281,-0.1468423,-0.062384427,-0.04021412,-0.23221743,-0.08229163,0.003554523,-0.2844649,-0.10055318,-0.05437237,-0.2686556,-0.04000702,-0.06911373,-0.40480405,-0.07659382,-0.075414,-0.50131077,-0.10002223,-0.07783115,-0.57707995,-0.114401944,-0.0017281175,-0.26363868,-0.046308186,0.007971883,-0.412138,-0.089108825,0.012018621,-0.51414454,-0.11647396,0.020710528,-0.59109133,-0.12805933,0.04423225,-0.22336012,-0.056870207,0.031781077,-0.2820046,-0.117117606,0.00058573484,-0.20442915,-0.126305,-0.011022747,-0.14369255,-0.11420408,0.07835442,-0.16839027,-0.07003108,0.05123794,-0.19967192,-0.12182672,0.023023248,-0.1388095,-0.1219277,0.015178204,-0.09028286,-0.10834438
-0.06510556,-0.040696383,-0.04474086,-0.0854727,-0.14461845,-0.06568536,-0.044228792,-0.2263174,-0.086046584,0.0011193752,-0.27968705,-0.10479906,-0.054732025,-0.2666661,-0.03555494,-0.07033646,-0.40094152,-0.070127964,-0.07580626,-0.49691343,-0.09301246,-0.07734126,-0.5735424,-0.1072095,-0.0026578903,-0.26015896,-0.041574746,0.007345259,-0.40576926,-0.083602905,0.0130134225,-0.51113397,-0.11125771,0.021422267,-0.5874468,-0.12293591,0.042476416,-0.2195332,-0.05327673,0.031294227,-0.27514142,-0.11856173,0.003063321,-0.19637531,-0.1349713,-0.007835746,-0.13448381,-0.12637867,0.07621133,-0.16848254,-0.06750771,0.052946568,-0.19790184,-0.12577692,0.026622117,-0.13396776,-0.13285588,0.018966794,-0.08346838,-0.12373503
-0.06510556,-0.040696383,-0.04474086,-0.0854727,-0.14461845,-0.06568536,-0.044228792,-0.2263174,-0.086046584,0.0011193752,-0.27968705,-0.10479906,-0.054732025,-0.2666661,-0.03555494,-0.07033646,-0.40094152,-0.070127964,-0.07580626,-0.49691343,-0.09301246,-0.07734126,-0.5735424,-0.1072095,-0.0026578903,-0.26015896,-0.041574746,0.007345259,-0.40576926,-0.083602905,0.0130134225,-0.51113397,-0.11125771,0.021422267,-0.5874468,-0.12293591,0.042476416,-0.2195332,-0.05327673,0.031294227,-0.27514142,-0.11856173,0.003063321,-0.19637531,-0.1349713,-0.007835746,-0.13448381,-0.12637867,0.07621133,-0.16848254,-0.06750771,0.052946568,-0.19790184,-0.12577692,0.026622117,-0.13396776,-0.13285588,0.018966794,-0.08346838,-0.12373503
-0.0660947,-0.04180497,-0.05014609,-0.08580935,-0.14523381,-0.0731131,-0.045250237,-0.22555995,-0.09476648,-0.0028095245,-0.28266382,-0.11477538,-0.05592084,-0.26613212,-0.03556933,-0.07082152,-0.40162498,-0.06992376,-0.07642108,-0.49806756,-0.09282598,-0.077700615,-0.57485795,-0.107084416,-0.0045009255,-0.2585743,-0.03964735,0.0046272874,-0.40556422,-0.08136825,0.009551644,-0.5112908,-0.10965994,0.017995,-0.58790374,-0.12189474,0.040586352,-0.21741468,-0.050434627,0.030276775,-0.28257453,-0.11783124,0.0021454096,-0.20336157,-0.13773423,-0.008166015,-0.14068902,-0.1313048,0.075487435,-0.16729236,-0.06398804,0.052125573,-0.20148402,-0.1258167,0.025791466,-0.1363129,-0.13629119,0.018328428,-0.08439803,-0.12935534
-0.0660947,-0.04180497,-0.05014609,-0.08580935,-0.14523381,-0.0731131,-0.045250237,-0.22555995,-0.09476648,-0.0028095245,-0.28266382,-0.11477538,-0.05592084,-0.26613212,-0.03556933,-0.07082152,-0.40162498,-0.06992376,-0.07642108,-0.49806756,-0.09282598,-0.077700615,-0.57485795,-0.107084416,-0.0045009255,-0.2585743,-0.03964735,0.0046272874,-0.40556422,-0.08136825,0.009551644,-0.5112908,-0.10965994,0.017995,-0.58790374,-0.12189474,0.040586352,-0.21741468,-0.050434627,0.030276775,-0.28257453,-0.11783124,0.0021454096,-0.20336157,-0.13773423,-0.008166015,-0.14068902,-0.1313048,0.075487435,-0.16729236,-0.06398804,0.052125573,-0.20148402,-0.1258167,0.025791466,-0.1363129,-0.13629119,0.018328428,-0.08439803,-0.12935534
-0.06352419,-0.03807926,-0.04739631,-0.082901895,-0.14634621,-0.069481626,-0.04209578,-0.2319178,-0.08993545,0.0021233559,-0.2875026,-0.10899874,-0.053476572,-0.26532137,-0.03725339,-0.0676083,-0.401603,-0.07242407,-0.07357079,-0.49797773,-0.09525035,-0.07512802,-0.5747646,-0.10953347,-0.0020420551,-0.2599197,-0.041525982,0.0069772005,-0.40629148,-0.08454641,0.012287736,-0.5112034,-0.11320494,0.021594346,-0.58777463,-0.12571885,0.04333085,-0.22087818,-0.05149869,0.031178355,-0.28731006,-0.11831801,0.0022819042,-0.21000147,-0.13614394,-0.008294702,-0.14671898,-0.12888922,0.07812357,-0.17112446,-0.063918754,0.048799396,-0.19989318,-0.12629962,0.023507237,-0.13191336,-0.1354872,0.018190503,-0.07763469,-0.12731104
-0.06474155,-0.044757843,-0.042847924,-0.08368945,-0.15160954,-0.06357321,-0.04248607,-0.23634833,-0.08370625,0.0028542876,-0.28899044,-0.10228484,-0.054496586,-0.2700714,-0.033226516,-0.06981629,-0.40772724,-0.06791343,-0.07579327,-0.5038583,-0.09058922,-0.07695335,-0.5809527,-0.10469328,-0.0019744039,-0.264625,-0.039604448,0.007045269,-0.41078496,-0.08186189,0.012958407,-0.51516145,-0.11071921,0.023310125,-0.59323835,-0.123457685,0.04380417,-0.22522086,-0.050968125,0.034460902,-0.28896707,-0.11463869,0.003493607,-0.2107867,-0.12915479,-0.009407818,-0.14699489,-0.120152056,0.07833958,-0.17321587,-0.06475659,0.05091983,-0.20028484,-0.122613944,0.024678826,-0.13333976,-0.12784196,0.017775238,-0.079419196,-0.11714587
-0.06474155,-0.044757843,-0.042847924,-0.08368945,-0.15160954,-0.06357321,-0.04248607,-0.23634833,-0.08370625,0.0028542876,-0.28899044,-0.10228484,-0.054496586,-0.2700714,-0.033226516,-0.06981629,-0.40772724,-0.06791343,-0.07579327,-0.5038583,-0.09058922,-0.07695335,-0.5809527,-0.10469328,-0.0019744039,-0.264625,-0.039604448,0.007045269,-0.41078496,-0.08186189,0.012958407,-0.51516145,-0.11071921,0.023310125,-0.59323835,-0.123457685,0.04380417,-0.22522086,-0.050968125,0.034460902,-0.28896707,-0.11463869,0.003493607,-0.2107867,-0.12915479,-0.009407818,-0.14699489,-0.120152056,0.07833958,-0.17321587,-0.06475659,0.05091983,-0.20028484,-0.122613944,0.024678826,-0.13333976,-0.12784196,0.017775238,-0.079419196,-0.11714587
-0.0661006,-0.04252547,-0.049484126,-0.08480352,-0.14746535,-0.070888914,-0.042960286,-0.2268917,-0.090183206,0.0006271601,-0.2804907,-0.10809146,-0.05663675,-0.26829243,-0.035725985,-0.07115579,-0.4025914,-0.06885254,-0.07727063,-0.49741343,-0.09069168,-0.0790723,-0.5738205,-0.10456799,-0.004233539,-0.2626112,-0.038615152,0.0058680773,-0.40892467,-0.07903385,0.012747765,-0.5130403,-0.10693679,0.022820592,-0.5893003,-0.11917138,0.04160875,-0.22255647,-0.047698773,0.030798435,-0.28750312,-0.114108466,0.0011445284,-0.21029824,-0.1349246,-0.010857701,-0.14786452,-0.1298151,0.075810194,-0.17238313,-0.059346575,0.04867071,-0.19575113,-0.12274132,0.023414373,-0.12795132,-0.13504617,0.017946482,-0.07549018,-0.1292419
-0.06426185,-0.038749814,-0.04573183,-0.083914876,-0.1448245,-0.06583754,-0.04430777,-0.22949934,-0.08431826,-0.000857532,-0.28266275,-0.101167545,-0.056247354,-0.26610488,-0.034191772,-0.07018709,-0.4023076,-0.067421325,-0.07589543,-0.49837133,-0.08885902,-0.07716864,-0.57459974,-0.10208932,-0.004272163,-0.2614373,-0.037619084,0.0059340596,-0.40707162,-0.0780659,0.012951791,-0.5119871,-0.105166085,0.0238626,-0.5887923,-0.11664956,0.041513324,-0.22324777,-0.046533182,0.031591773,-0.28539056,-0.11004274,0.0020473003,-0.20847988,-0.12697418,-0.010114312,-0.1447941,-0.11944203,0.076307595,-0.17415547,-0.057951987,0.047386527,-0.19739974,-0.117889605,0.022009969,-0.13093513,-0.12704718,0.015849113,-0.078107834,-0.118942164
-0.06673837,-0.043808997,-0.05491493,-0.08559352,-0.14446735,-0.07859501,-0.044965982,-0.22337496,-0.09987979,-0.00016987324,-0.27997255,-0.11920013,-0.059173465,-0.2662384,-0.0356907,-0.073082685,-0.40180808,-0.07037142,-0.07851082,-0.49717635,-0.09337322,-0.07945597,-0.5738484,-0.10744981,-0.006983578,-0.259718,-0.036633234,0.003281474,-0.4049011,-0.07940247,0.0103673935,-0.51122093,-0.1086127,0.020121753,-0.58686984,-0.12093741,0.039155424,-0.21994126,-0.04505059,0.028015614,-0.277588,-0.114695996,0.00010377169,-0.19940603,-0.13888693,-0.010811329,-0.13878167,-0.13469692,0.07393342,-0.17335337,-0.056481242,0.046496868,-0.1925726,-0.1211752,0.020512998,-0.12547278,-0.13609271,0.01402092,-0.07641661,-0.13188829
-0.06409061,-0.043050587,-0.047213946,-0.08331877,-0.14773339,-0.06864984,-0.042070866,-0.22970921,-0.08877403,0.0035259128,-0.28027558,-0.107192524,-0.055041075,-0.26848406,-0.03451348,-0.06866521,-0.40366673,-0.068575464,-0.074851334,-0.49953228,-0.091127515,-0.07656276,-0.5756884,-0.10509828,-0.0028541684,-0.26234376,-0.038243644,0.007222712,-0.40795785,-0.07961269,0.01327014,-0.5128978,-0.10745883,0.023623168,-0.5891868,-0.11919838,0.04375267,-0.22199595,-0.047819726,0.031891823,-0.28365135,-0.11204203,0.0028701425,-0.20563316,-0.12898959,-0.0076542497,-0.14205116,-0.12094008,0.07884401,-0.17109078,-0.060150556,0.04950124,-0.19745976,-0.1190891,0.023223996,-0.13364857,-0.12739022,0.017285585,-0.08277595,-0.1187112
-0.06496996,-0.04222721,-0.045207627,-0.08473539,-0.1476717,-0.06460373,-0.04296577,-0.23017853,-0.08266678,0.0023245811,-0.28046894,-0.09905007,-0.05612713,-0.26933604,-0.03247534,-0.06969869,-0.40489495,-0.065340556,-0.07549387,-0.50022256,-0.08691524,-0.07770538,-0.57628906,-0.10024811,-0.004239559,-0.26392883,-0.036155045,0.0063878894,-0.4096629,-0.07617123,0.0124845505,-0.5130447,-0.10334544,0.022002637,-0.5892426,-0.114723794,0.041591704,-0.22436994,-0.04539891,0.030448437,-0.28334606,-0.10830809,0.0010071993,-0.20685637,-0.1254115,-0.010159552,-0.1446681,-0.11776361,0.075783074,-0.17336643,-0.057181384,0.046780407,-0.1966052,-0.11502449,0.020514786,-0.13324273,-0.12325151,0.014788032,-0.08348161,-0.11470632
-0.06434989,-0.045117795,-0.050053738,-0.08280206,-0.14647448,-0.075443015,-0.045445383,-0.22795081,-0.09977859,-0.003980994,-0.28712803,-0.12280022,-0.055270135,-0.2687751,-0.035507202,-0.069817185,-0.40403628,-0.072044104,-0.076336384,-0.49935532,-0.09603846,-0.077857554,-0.57606137,-0.11111816,-0.0037756562,-0.26272488,-0.040611964,0.00509423,-0.4082192,-0.08545848,0.01128161,-0.5130583,-0.11635708,0.020405114,-0.58920085,-0.1303959,0.04181981,-0.22314584,-0.05238795,0.02956009,-0.28787112,-0.123135984,-0.00040709972,-0.21280682,-0.14758468,-0.012861311,-0.15055525,-0.14473617,0.07647097,-0.17455351,-0.066624,0.04679793,-0.19542325,-0.13290887,0.020164311,-0.12718737,-0.14762102,0.013096273,-0.07331306,-0.1436219
-0.06374067,-0.04409939,-0.04821512,-0.08092898,-0.1504522,-0.069681875,-0.039528966,-0.23233569,-0.08942625,0.0058968067,-0.28369808,-0.107690156,-0.054620743,-0.26887453,-0.034399964,-0.06880039,-0.40410882,-0.0674794,-0.07522535,-0.50010324,-0.08926006,-0.07712978,-0.5761465,-0.10299614,-0.003051579,-0.26231807,-0.03774702,0.0073620677,-0.40803447,-0.07805045,0.0132856965,-0.5125951,-0.10609975,0.02312702,-0.5885628,-0.11857645,0.042950153,-0.22169518,-0.04720066,0.031968832,-0.28659755,-0.11187196,0.0017322898,-0.2146768,-0.13320325,-0.010352194,-0.15513563,-0.12900865,0.077916086,-0.1714549,-0.059221078,0.04979998,-0.19640267,-0.1204398,0.023380816,-0.13229853,-0.13282737,0.017403305,-0.08151907,-0.12762238
-0.06365442,-0.040582776,-0.04561593,-0.0810855,-0.14740944,-0.06668874,-0.040849984,-0.23029417,-0.08637311,0.0019227266,-0.2865703,-0.10474379,-0.05438137,-0.26739007,-0.033448733,-0.06794578,-0.40165806,-0.06626313,-0.074347556,-0.49676105,-0.08763683,-0.07622117,-0.5724412,-0.10117114,-0.0027706027,-0.26090336,-0.037953824,0.007257819,-0.40755877,-0.07806906,0.013405144,-0.511996,-0.1058991,0.023486316,-0.5885134,-0.11837429,0.042968214,-0.22099626,-0.04814413,0.031658232,-0.29023343,-0.11280595,0.00021487474,-0.21837181,-0.13317476,-0.013440192,-0.1579256,-0.128581,0.07760334,-0.17075157,-0.060539573,0.04781747,-0.19837445,-0.121916,0.02037865,-0.13355917,-0.13337085,0.012562513,-0.08120853,-0.12749828
-0.064712465,-0.041873038,-0.038936466,-0.08345878,-0.14884251,-0.057524104,-0.042835057,-0.23227358,-0.07589445,-0.0017212033,-0.28465962,-0.09287981,-0.0533064,-0.26624298,-0.033579577,-0.06648564,-0.40142924,-0.06770617,-0.07150954,-0.49672458,-0.090367004,-0.07265872,-0.57310903,-0.1049085,-0.00095534325,-0.26037133,-0.040586725,0.009180605,-0.40684342,-0.08235854,0.015033424,-0.5098066,-0.111089006,0.025100052,-0.5870186,-0.12442753,0.044257343,-0.2207619,-0.051852312,0.033293486,-0.28731763,-0.11409662,0.0022826195,-0.21170658,-0.12777227,-0.011664331,-0.14886278,-0.11893149,0.07762641,-0.16715729,-0.06510725,0.051409423,-0.20055729,-0.12149243,0.02285546,-0.13660496,-0.12611158,0.011991322,-0.082906604,-0.11561607
-0.06401396,-0.042393327,-0.03930858,-0.082121074,-0.1503998,-0.057665214,-0.041241586,-0.23556471,-0.075893484,0.00020259619,-0.28879595,-0.093029514,-0.054020345,-0.27033716,-0.031250216,-0.06851882,-0.40529954,-0.06487364,-0.075306654,-0.49930847,-0.08697767,-0.07816714,-0.5754721,-0.101274796,-0.0018182993,-0.26465923,-0.0386033,0.008782685,-0.41061944,-0.08051402,0.015908659,-0.51380086,-0.11013812,0.02630943,-0.592137,-0.124109335,0.043417037,-0.22555876,-0.050502434,0.033709466,-0.2913975,-0.114386685,0.0029165149,-0.21757096,-0.13151997,-0.01112783,-0.15493327,-0.12503366,0.077216566,-0.1732921,-0.06424859,0.049200714,-0.20106637,-0.12300305,0.021621704,-0.13581914,-0.1303876,0.0126543045,-0.081725955,-0.12181852
-0.064662695,-0.04840237,-0.04209376,-0.08069658,-0.15497112,-0.060971595,-0.037006795,-0.23754704,-0.079603754,0.007284403,-0.28984016,-0.09686795,-0.05412543,-0.27139133,-0.029429303,-0.07120782,-0.4058895,-0.06119636,-0.07875997,-0.49906325,-0.08207096,-0.08137202,-0.5752772,-0.0953586,-0.0014173388,-0.2639631,-0.03570857,0.008910894,-0.4096908,-0.075371616,0.015586793,-0.5134827,-0.1035328,0.02650565,-0.5903565,-0.116356686,0.044246435,-0.2227996,-0.047375936,0.03490317,-0.28595102,-0.11134124,0.0034056306,-0.20971215,-0.13025486,-0.009693325,-0.14640284,-0.12432626,0.077800214,-0.17071027,-0.061180633,0.052606404,-0.19993854,-0.12012866,0.02376163,-0.13489652,-0.12919135,0.014444113,-0.08104801,-0.12176507
-0.06372523,-0.047309995,-0.04224438,-0.08320671,-0.15176344,-0.06339261,-0.0424999,-0.23769796,-0.08472221,0.0030741096,-0.29064792,-0.10433567,-0.055634677,-0.2721445,-0.03220635,-0.07354623,-0.40921366,-0.06717777,-0.080078185,-0.5036413,-0.08992608,-0.08160484,-0.58034056,-0.103993505,-0.0033923984,-0.2651266,-0.03942676,0.008056581,-0.4115135,-0.08264911,0.015948653,-0.5156094,-0.111955725,0.027331233,-0.5938195,-0.12485457,0.04205805,-0.2244091,-0.05177681,0.034846783,-0.28677434,-0.11728111,0.0040919185,-0.208651,-0.13298821,-0.008751094,-0.14423317,-0.124009565,0.076292634,-0.17153454,-0.066416726,0.054047942,-0.20666802,-0.12438776,0.0268448,-0.14240569,-0.12955981,0.017909884,-0.08721906,-0.11873473
-0.064988196,-0.04483688,-0.049671818,-0.08433199,-0.14937222,-0.07327272,-0.04458803,-0.23421991,-0.09590296,0.0008968115,-0.2907756,-0.11675805,-0.05839485,-0.2722941,-0.03458419,-0.076508105,-0.40972698,-0.06979726,-0.08361226,-0.50460744,-0.0929065,-0.08489466,-0.58176666,-0.107284576,-0.005714476,-0.26590234,-0.038663175,0.0058147907,-0.41236103,-0.08207838,0.013351023,-0.5178132,-0.11203046,0.024591327,-0.5950866,-0.1253673,0.039655328,-0.22577405,-0.04919889,0.03200257,-0.28926015,-0.11731047,0.0019157529,-0.21003485,-0.13845715,-0.00979799,-0.14546293,-0.13296913,0.073979676,-0.17622304,-0.062456496,0.050125957,-0.20367539,-0.12459839,0.024156928,-0.13650542,-0.13585196,0.017502546,-0.08229256,-0.12936017
-0.06730807,-0.040801704,-0.04661138,-0.08735901,-0.14456862,-0.068388484,-0.047222495,-0.23182708,-0.08895177,0.00053435564,-0.2885905,-0.10766287,-0.05994153,-0.26549685,-0.033284333,-0.077906966,-0.4042078,-0.06607226,-0.0859161,-0.498525,-0.086753875,-0.08872694,-0.5744587,-0.09929278,-0.006924212,-0.26255244,-0.03676943,0.004402578,-0.41032153,-0.07626978,0.012927949,-0.51382124,-0.1028087,0.024032652,-0.59029186,-0.113807686,0.037843466,-0.22493571,-0.045959134,0.030904591,-0.28399783,-0.10813641,0.0029597878,-0.20349169,-0.12418817,-0.007809043,-0.1390037,-0.11603334,0.07132757,-0.17716575,-0.05784972,0.048435807,-0.20087159,-0.114775226,0.023564339,-0.1345663,-0.1223499,0.016709208,-0.08205551,-0.11347596
-0.06692338,-0.03984487,-0.048120502,-0.085170984,-0.14363891,-0.06849185,-0.043206096,-0.22428781,-0.08686856,0.0036926866,-0.27900666,-0.10334113,-0.057981253,-0.26427943,-0.032458454,-0.07630682,-0.39933088,-0.062152207,-0.084543586,-0.493222,-0.081310816,-0.08757436,-0.56863844,-0.09312419,-0.0042281747,-0.25896347,-0.034601063,0.008221209,-0.4055764,-0.06945271,0.016329288,-0.5098121,-0.09356405,0.026718557,-0.5855683,-0.103182726,0.04071802,-0.2185393,-0.043032054,0.030290842,-0.27888894,-0.10253469,0.002348423,-0.20066416,-0.11999872,-0.008352995,-0.14105302,-0.11304832,0.074443996,-0.17052943,-0.054290183,0.050069988,-0.19693935,-0.10995886,0.023895025,-0.13362241,-0.119280726,0.016477466,-0.08593857,-0.11213558
-0.0625478,-0.03837973,-0.040757876,-0.07983875,-0.14602053,-0.059920087,-0.037953317,-0.23167598,-0.07826673,0.00763911,-0.28393686,-0.095332354,-0.0528419,-0.2626778,-0.036102142,-0.06904745,-0.39831668,-0.06893736,-0.07625878,-0.49354577,-0.08956373,-0.07947075,-0.5691324,-0.102426946,-0.00029540062,-0.2574734,-0.04178601,0.011702299,-0.40381587,-0.0814448,0.018757522,-0.5078916,-0.10771972,0.029403389,-0.5858966,-0.11902681,0.044652164,-0.2174555,-0.05188048,0.03507358,-0.27908492,-0.111983255,0.002557516,-0.20589852,-0.12558378,-0.011534333,-0.14668435,-0.1167208,0.07764244,-0.1654442,-0.0640639,0.051714778,-0.19761759,-0.118427716,0.02227974,-0.13832611,-0.12305082,0.011682212,-0.08956605,-0.11274827
-0.061658323,-0.03683275,-0.037686203,-0.080572665,-0.14584929,-0.055816963,-0.037733376,-0.2309289,-0.07322623,0.0068386793,-0.27978653,-0.08934721,-0.05466813,-0.265473,-0.037312478,-0.06890315,-0.39883822,-0.071016185,-0.07558298,-0.49443698,-0.092965245,-0.07943046,-0.56914186,-0.10707771,-0.0014378428,-0.26157826,-0.04391426,0.011574209,-0.4056595,-0.08270396,0.018369436,-0.50579274,-0.10879726,0.027882457,-0.58354354,-0.120673984,0.044228494,-0.22143388,-0.054067206,0.036281824,-0.28398025,-0.10958489,0.0038129091,-0.21399128,-0.11910528,-0.0113245845,-0.1570946,-0.10904603,0.0780403,-0.164339,-0.066422164,0.05331242,-0.19633073,-0.1161449,0.023919582,-0.13968188,-0.11704953,0.012256384,-0.09192842,-0.10484934
-0.06399149,-0.041029334,-0.045748517,-0.08129525,-0.14777249,-0.06669169,-0.03814268,-0.23082882,-0.08599105,0.007387519,-0.2842977,-0.103848144,-0.05554861,-0.26804972,-0.03694561,-0.070880175,-0.4007837,-0.07087891,-0.07785809,-0.4962526,-0.0931462,-0.08087844,-0.57149327,-0.10708548,-0.0027230382,-0.26285487,-0.040910363,0.009909034,-0.4074439,-0.08021955,0.016021073,-0.5094941,-0.10668008,0.025412858,-0.58539325,-0.11809199,0.04287094,-0.22193533,-0.05032217,0.032962322,-0.28461373,-0.111096114,0.00092947483,-0.21467721,-0.12734555,-0.012093067,-0.1585989,-0.120388724,0.0764305,-0.16838354,-0.062337678,0.04998195,-0.19679224,-0.118517146,0.02129203,-0.13711458,-0.12599981,0.0126184225,-0.08922714,-0.11764715
-0.064971805,-0.046462297,-0.05787871,-0.07992244,-0.1496402,-0.08361566,-0.03630191,-0.22806817,-0.10685509,0.0072085857,-0.28744107,-0.12877755,-0.05791557,-0.27063382,-0.034974962,-0.07349026,-0.40246016,-0.06844831,-0.08011097,-0.4995872,-0.09032273,-0.08162594,-0.574759,-0.10360481,-0.006138563,-0.26146555,-0.03530456,0.0054118633,-0.4074539,-0.07569879,0.012225032,-0.5124742,-0.10359577,0.021285474,-0.5881633,-0.11517232,0.039704084,-0.2192378,-0.04406152,0.030247629,-0.28588694,-0.11499473,0.002022028,-0.21401578,-0.14422694,-0.009897947,-0.15818572,-0.14373437,0.07443249,-0.17121047,-0.05566231,0.052725732,-0.20151061,-0.123586975,0.026502848,-0.13391262,-0.14268644,0.018419683,-0.082825184,-0.14175515
-0.06363219,-0.03896272,-0.043236464,-0.08032125,-0.14628196,-0.060820583,-0.032608747,-0.22438121,-0.07609369,0.011858106,-0.27471936,-0.0902795,-0.056840956,-0.26778662,-0.035679296,-0.070746064,-0.3994432,-0.06755016,-0.07669407,-0.49490353,-0.08863013,-0.080272436,-0.569201,-0.101615615,-0.003975272,-0.26314485,-0.038289905,0.009744048,-0.40745217,-0.074322104,0.01643467,-0.50790894,-0.099566646,0.024879038,-0.5839619,-0.11040185,0.040822744,-0.22267193,-0.045788635,0.035312712,-0.28507507,-0.10289042,0.006836474,-0.22470844,-0.12030552,-0.0056642294,-0.1756174,-0.11504658,0.07414383,-0.16794914,-0.055423994,0.054311037,-0.19631469,-0.10800377,0.026845336,-0.13822472,-0.11491023,0.016842842,-0.092043936,-0.1068595
-0.064219475,-0.041812956,-0.041066553,-0.08181971,-0.15023863,-0.059444726,-0.0368973,-0.23376614,-0.07664693,0.008123517,-0.284216,-0.092472605,-0.056229472,-0.27116656,-0.03430967,-0.0720765,-0.40679303,-0.06746577,-0.07817507,-0.50200397,-0.08934936,-0.080648065,-0.57778126,-0.10333311,-0.0033054948,-0.26534736,-0.039315585,0.009096146,-0.4117668,-0.07889574,0.016097128,-0.5136543,-0.10705115,0.026717424,-0.5917779,-0.1201179,0.041944742,-0.22439712,-0.04860999,0.03471309,-0.29218352,-0.108229555,0.0019468665,-0.22294033,-0.122763894,-0.01309222,-0.16550285,-0.115109466,0.07610941,-0.16837484,-0.060040478,0.0533427,-0.20327055,-0.11455319,0.025596201,-0.14264792,-0.11911732,0.016029596,-0.091489255,-0.10877612
-0.06278461,-0.03867209,-0.03789692,-0.082024455,-0.14947176,-0.054684263,-0.038646877,-0.23325807,-0.07058544,0.005995512,-0.28353238,-0.08528483,-0.055104733,-0.26931286,-0.032951076,-0.069794476,-0.40326732,-0.0644097,-0.075748324,-0.49813914,-0.084854305,-0.07830405,-0.5735916,-0.097939976,-0.0019459128,-0.26547277,-0.038962506,0.010394871,-0.41038758,-0.07642346,0.018179715,-0.51151633,-0.10257849,0.02868259,-0.5887417,-0.114347264,0.043433726,-0.22643423,-0.048829623,0.03652519,-0.29021406,-0.106205374,0.0048949122,-0.2179079,-0.11874298,-0.010141969,-0.15815294,-0.110113904,0.07688892,-0.17183006,-0.060643885,0.053868473,-0.20121205,-0.11349022,0.027347326,-0.13800156,-0.11685032,0.018517077,-0.086119294,-0.10585522
-0.06541157,-0.041559756,-0.046065032,-0.08363533,-0.15032387,-0.06570564,-0.03993976,-0.23499393,-0.08369397,0.0043474436,-0.2903322,-0.10008686,-0.056717396,-0.27233958,-0.032774348,-0.07206994,-0.40716153,-0.06455899,-0.0787524,-0.5020609,-0.0853698,-0.081184745,-0.5777981,-0.098392285,-0.0037288666,-0.2666291,-0.036363415,0.008108735,-0.41334063,-0.07480385,0.014875472,-0.51723444,-0.101484716,0.025237918,-0.5937349,-0.11306388,0.041931152,-0.2261011,-0.04568447,0.032733798,-0.2914521,-0.10837832,0.0016970634,-0.21700335,-0.12605534,-0.011224508,-0.1574344,-0.11941426,0.07604265,-0.17347473,-0.05746832,0.0520615,-0.2042368,-0.11592272,0.025349677,-0.13882881,-0.1241436,0.017697036,-0.086882055,-0.1159412
-0.06580061,-0.03954655,-0.0412295,-0.085279286,-0.14689833,-0.060205765,-0.042034626,-0.23115468,-0.07828956,0.0023917556,-0.28142643,-0.09474476,-0.056632698,-0.26828653,-0.034228466,-0.07390416,-0.40473115,-0.06684815,-0.081020474,-0.50012535,-0.087948054,-0.08368021,-0.57630515,-0.10136733,-0.0032804012,-0.2637338,-0.039615925,0.008273661,-0.4101969,-0.07965789,0.015850723,-0.5141518,-0.106797025,0.027324319,-0.59198916,-0.11858426,0.042244732,-0.22455925,-0.04935182,0.033370554,-0.28845656,-0.11008833,0.0031936765,-0.2091822,-0.12196998,-0.009123921,-0.14356893,-0.111481555,0.07631874,-0.17192048,-0.06143223,0.051664293,-0.20170242,-0.11706558,0.026072562,-0.13623488,-0.1206234,0.018967748,-0.08213347,-0.108778864
-0.06744915,-0.0399487,-0.046583634,-0.08505255,-0.1480977,-0.06665267,-0.0416162,-0.23308176,-0.08501947,0.0012199879,-0.2877953,-0.10165079,-0.057103693,-0.2688266,-0.033014636,-0.07441968,-0.40567723,-0.0645459,-0.0811522,-0.5001967,-0.085087515,-0.0832752,-0.5760411,-0.098145135,-0.003956318,-0.26395494,-0.03612402,0.0074805617,-0.41081724,-0.075396426,0.015126228,-0.5151969,-0.102922104,0.026221454,-0.59129024,-0.11505835,0.04137647,-0.22412169,-0.04484134,0.032613635,-0.29261762,-0.10822237,0.002654016,-0.2161923,-0.12630798,-0.009699762,-0.15248817,-0.11974906,0.07592344,-0.17325604,-0.05603807,0.0521093,-0.20333791,-0.11603693,0.026591599,-0.13738066,-0.12559329,0.019649208,-0.08339423,-0.11794689
-0.067044854,-0.04235971,-0.039144598,-0.086048424,-0.15301728,-0.05537818,-0.0410825,-0.23482907,-0.070759535,0.0009741187,-0.28479832,-0.08477194,-0.05846089,-0.27473485,-0.030645955,-0.07374418,-0.40917754,-0.06131606,-0.08085084,-0.5033075,-0.08159606,-0.084436774,-0.5788029,-0.09443462,-0.004683554,-0.27058655,-0.035774637,0.0068190694,-0.41593322,-0.0723242,0.013913095,-0.51866996,-0.09837699,0.024456024,-0.59568673,-0.109946944,0.04094726,-0.23080933,-0.045347106,0.030355811,-0.2914372,-0.1023229,0.00067287683,-0.21923059,-0.11642621,-0.010896742,-0.15925205,-0.108518116,0.07481176,-0.17718786,-0.057089694,0.049050033,-0.20445025,-0.109213755,0.023025274,-0.14192331,-0.11381842,0.016508937,-0.09071201,-0.10374688
-0.067044854,-0.04235971,-0.039144598,-0.086048424,-0.15301728,-0.05537818,-0.0410825,-0.23482907,-0.070759535,0.0009741187,-0.28479832,-0.08477194,-0.05846089,-0.27473485,-0.030645955,-0.07374418,-0.40917754,-0.06131606,-0.08085084,-0.5033075,-0.08159606,-0.084436774,-0.5788029,-0.09443462,-0.004683554,-0.27058655,-0.035774637,0.0068190694,-0.41593322,-0.0723242,0.013913095,-0.51866996,-0.09837699,0.024456024,-0.59568673,-0.109946944,0.04094726,-0.23080933,-0.045347106,0.030355811,-0.2914372,-0.1023229,0.00067287683,-0.21923059,-0.11642621,-0.010896742,-0.15925205,-0.108518116,0.07481176,-0.17718786,-0.057089694,0.049050033,-0.20445025,-0.109213755,0.023025274,-0.14192331,-0.11381842,0.016508937,-0.09071201,-0.10374688
-0.06601703,-0.0410766,-0.042420465,-0.08550453,-0.1464858,-0.06229441,-0.04419589,-0.23374522,-0.08162137,-0.0012651682,-0.28886527,-0.09918962,-0.05770594,-0.26815653,-0.033376172,-0.0759204,-0.4052562,-0.0662123,-0.08287972,-0.49967185,-0.087167755,-0.08573806,-0.57626027,-0.10018105,-0.0048080683,-0.26324105,-0.039126262,0.0059477687,-0.41060954,-0.080144435,0.013150215,-0.5142723,-0.10753483,0.023213565,-0.5907568,-0.11926501,0.040674508,-0.22376353,-0.04973574,0.031752646,-0.28753942,-0.11294933,0.0029243827,-0.20911717,-0.12726174,-0.0086990595,-0.14417273,-0.11775893,0.07568169,-0.1719442,-0.06260557,0.053454697,-0.20736188,-0.119579785,0.028369367,-0.14328468,-0.12465975,0.020596325,-0.08894414,-0.11387899
-0.06406671,-0.040647507,-0.03963497,-0.085181,-0.1481741,-0.05861923,-0.045886397,-0.23934329,-0.077351175,-0.00090771914,-0.29176098,-0.09429952,-0.058650315,-0.2696178,-0.032226164,-0.075861394,-0.40667653,-0.0658144,-0.081846595,-0.50154227,-0.08728136,-0.084082186,-0.57731986,-0.10058348,-0.005682349,-0.265737,-0.038582586,0.006611109,-0.4131636,-0.07963035,0.014517903,-0.51601475,-0.107154705,0.024986207,-0.59408295,-0.11904231,0.03969562,-0.22704476,-0.04915577,0.03225994,-0.2903937,-0.10964685,0.0025555491,-0.21163446,-0.12053199,-0.010621667,-0.14670455,-0.109280884,0.073871315,-0.17352402,-0.061962504,0.051091254,-0.20616025,-0.11516673,0.025602221,-0.14295202,-0.11668349,0.016798675,-0.08954942,-0.10363931
-0.06457418,-0.040591955,-0.041812193,-0.08453816,-0.14742762,-0.061149046,-0.046217203,-0.23818785,-0.080238454,-0.0020242333,-0.29346073,-0.09754738,-0.057569027,-0.26695353,-0.02969926,-0.07506859,-0.40417045,-0.06241281,-0.08139086,-0.4993704,-0.0831445,-0.08327007,-0.57574576,-0.09595949,-0.00506562,-0.26313013,-0.03566861,0.0058088303,-0.41041282,-0.0765943,0.013276577,-0.5155444,-0.10430075,0.023889184,-0.59313476,-0.11619746,0.040135324,-0.22422677,-0.046775546,0.032329857,-0.28918225,-0.1102375,0.0023990273,-0.21023315,-0.12569337,-0.010314167,-0.14460325,-0.11692853,0.07412052,-0.1731053,-0.060091186,0.04985261,-0.20376778,-0.11777852,0.02361399,-0.13970488,-0.12443188,0.01470083,-0.08595586,-0.11474415
-0.06625992,-0.037956536,-0.040780835,-0.08541429,-0.14436972,-0.058191534,-0.04575181,-0.23292208,-0.07504802,-0.0041139126,-0.2876392,-0.090407714,-0.05925435,-0.26854813,-0.027427157,-0.07580274,-0.4047629,-0.05783288,-0.082501054,-0.49852976,-0.07746937,-0.08547461,-0.57341063,-0.08978255,-0.0055440664,-0.2657215,-0.032601513,0.0045051575,-0.41147184,-0.07033071,0.011939704,-0.5134995,-0.097033374,0.021723926,-0.5886564,-0.10879459,0.039942086,-0.22809988,-0.04280146,0.03151089,-0.29164827,-0.10377277,0.0022377968,-0.21612138,-0.12076488,-0.010752261,-0.15189064,-0.114118695,0.0734663,-0.17785865,-0.055056624,0.048143804,-0.20267677,-0.112553805,0.022076786,-0.13720071,-0.12098193,0.013992965,-0.08285189,-0.11293578
-0.06431615,-0.041517675,-0.04565237,-0.08301848,-0.1466496,-0.06661431,-0.041523635,-0.23099631,-0.086634316,0.0010227561,-0.28668135,-0.10531156,-0.0556162,-0.26778066,-0.03339545,-0.07136333,-0.40076396,-0.06665669,-0.07842231,-0.49522883,-0.08866238,-0.08132982,-0.57181364,-0.102808185,-0.0036076307,-0.26078117,-0.038905025,0.006272018,-0.4053645,-0.08092942,0.013023257,-0.51067877,-0.109433606,0.022861063,-0.58704424,-0.12205519,0.042497873,-0.22018236,-0.050220486,0.034406424,-0.28479594,-0.11783745,0.0057024956,-0.20599413,-0.13709086,-0.0066212416,-0.14131081,-0.13055705,0.077783406,-0.16967243,-0.06379874,0.054787874,-0.20315605,-0.12735422,0.02911061,-0.13457274,-0.1375627,0.020882249,-0.078443706,-0.13012479
-0.06477815,-0.04197806,-0.04373424,-0.0828675,-0.14738452,-0.062345482,-0.041959822,-0.2344799,-0.07970763,0.0019592047,-0.28932452,-0.095362686,-0.057787955,-0.26719803,-0.029583914,-0.07456505,-0.40351856,-0.060549024,-0.08068895,-0.49791676,-0.08030389,-0.08291954,-0.5740246,-0.09229474,-0.004585266,-0.2631384,-0.033133723,0.006468296,-0.40923226,-0.07161048,0.014624238,-0.51366913,-0.09836377,0.025034308,-0.59100765,-0.109517194,0.04122889,-0.22474003,-0.041914344,0.03395796,-0.28607905,-0.10433233,0.005134821,-0.2077719,-0.121477544,-0.0077993274,-0.14319682,-0.11376057,0.075555384,-0.17453986,-0.052855894,0.05316913,-0.20122397,-0.11058596,0.02795595,-0.13446718,-0.118241765,0.019336998,-0.08026773,-0.109049484
-0.06411278,-0.04526615,-0.0455872,-0.08253658,-0.15129417,-0.06663977,-0.041630924,-0.23754853,-0.08721082,0.0034104586,-0.29233313,-0.10651635,-0.056646764,-0.2696978,-0.031653162,-0.07358122,-0.4064637,-0.06606495,-0.07987493,-0.5011234,-0.088333815,-0.08188081,-0.5775334,-0.10214607,-0.004628837,-0.2643361,-0.03744455,0.0059815645,-0.41154036,-0.08070349,0.013536453,-0.51714456,-0.11049835,0.023326933,-0.59406126,-0.12354008,0.040836453,-0.22467583,-0.04927906,0.035143256,-0.28897417,-0.11828759,0.00581491,-0.21111429,-0.1405264,-0.0071901083,-0.14629674,-0.13549665,0.07538426,-0.17449391,-0.06323408,0.05317557,-0.20395154,-0.1271489,0.0261693,-0.13676,-0.1391496,0.016580641,-0.081065536,-0.13281746
-0.062862694,-0.04320085,-0.04216397,-0.08265674,-0.14898205,-0.061425947,-0.041963935,-0.23592943,-0.08034188,0.0038163066,-0.2897815,-0.09787848,-0.05658418,-0.2701447,-0.028472805,-0.07261479,-0.40578327,-0.061009977,-0.078609586,-0.50038683,-0.0825388,-0.08109397,-0.57632685,-0.09590645,-0.004360318,-0.26627952,-0.03449974,0.0068311095,-0.41303492,-0.07444781,0.014401257,-0.51634324,-0.102669,0.02383399,-0.5924641,-0.11496368,0.041015506,-0.22776526,-0.045870338,0.034508824,-0.28853816,-0.10948734,0.006200671,-0.2111423,-0.12764874,-0.006151378,-0.14772594,-0.12085141,0.07528955,-0.17659807,-0.059336897,0.053494215,-0.204009,-0.11775551,0.028199673,-0.13715458,-0.12552755,0.020112634,-0.08271843,-0.116677314
-0.06420219,-0.040083528,-0.04336791,-0.0828169,-0.1452229,-0.064326786,-0.042877138,-0.230964,-0.08449428,0.00081181526,-0.28496963,-0.10311459,-0.055062234,-0.26534456,-0.034322243,-0.072381675,-0.39966047,-0.06809347,-0.07924765,-0.4946489,-0.09012444,-0.081695676,-0.57092917,-0.10397037,-0.0026038885,-0.26047045,-0.040400762,0.0076292157,-0.40784043,-0.08140964,0.014844,-0.51350415,-0.10947617,0.025659323,-0.5919928,-0.12173264,0.04316485,-0.22009897,-0.051497925,0.03537023,-0.28383857,-0.11493658,0.0042548776,-0.20666647,-0.13044848,-0.009146333,-0.14321965,-0.12192491,0.07807666,-0.16733593,-0.064886935,0.056099176,-0.20183957,-0.123083055,0.029398441,-0.13821113,-0.12912984,0.02023822,-0.08427453,-0.11897069
-0.06420219,-0.040083528,-0.04336791,-0.0828169,-0.1452229,-0.064326786,-0.042877138,-0.230964,-0.08449428,0.00081181526,-0.28496963,-0.10311459,-0.055062234,-0.26534456,-0.034322243,-0.072381675,-0.39966047,-0.06809347,-0.07924765,-0.4946489,-0.09012444,-0.081695676,-0.57092917,-0.10397037,-0.0026038885,-0.26047045,-0.040400762,0.0076292157,-0.40784043,-0.08140964,0.014844,-0.51350415,-0.10947617,0.025659323,-0.5919928,-0.12173264,0.04316485,-0.22009897,-0.051497925,0.03537023,-0.28383857,-0.11493658,0.0042548776,-0.20666647,-0.13044848,-0.009146333,-0.14321965,-0.12192491,0.07807666,-0.16733593,-0.064886935,0.056099176,-0.20183957,-0.123083055,0.029398441,-0.13821113,-0.12912984,0.02023822,-0.08427453,-0.11897069
-0.06434184,-0.043447316,-0.048047572,-0.082105875,-0.14835232,-0.07111989,-0.042416573,-0.2324931,-0.09338917,0.00013542175,-0.29178506,-0.11430104,-0.05431509,-0.266312,-0.03537371,-0.07148665,-0.401314,-0.06956526,-0.07959676,-0.49682444,-0.0921152,-0.082576394,-0.57401013,-0.10666539,-0.0029773116,-0.25867087,-0.041094545,0.0071949363,-0.4055428,-0.083960585,0.012773454,-0.5117192,-0.1135201,0.022095919,-0.5883517,-0.12706892,0.042542696,-0.2174111,-0.05308418,0.034694254,-0.28620845,-0.12118702,0.003408134,-0.20915484,-0.14258339,-0.010084689,-0.14596224,-0.13787772,0.07790822,-0.16746742,-0.067595996,0.05576551,-0.20357567,-0.13095446,0.028099895,-0.1386447,-0.14309742,0.018519223,-0.084739506,-0.13767008
-0.064505875,-0.043152332,-0.048587237,-0.08183652,-0.14863163,-0.068909496,-0.040721178,-0.23345226,-0.087722205,0.0032799244,-0.2882493,-0.10487321,-0.057099104,-0.26760578,-0.03038171,-0.073529124,-0.4032191,-0.06168812,-0.08048195,-0.4981262,-0.08252105,-0.08313125,-0.5741694,-0.095546074,-0.0049140453,-0.26136225,-0.032899994,0.005610347,-0.4076759,-0.07211755,0.011776388,-0.5130422,-0.10021292,0.020869374,-0.58879834,-0.11246071,0.040970743,-0.22099811,-0.04178803,0.032562077,-0.28479052,-0.106698506,0.0031588674,-0.20811641,-0.12821099,-0.009417534,-0.14507276,-0.12322076,0.07562572,-0.17141515,-0.053190343,0.052135408,-0.20180935,-0.113705106,0.025491357,-0.1367681,-0.12541571,0.016651332,-0.08382809,-0.11939091
-0.06369388,-0.04218489,-0.045251153,-0.08174485,-0.14808363,-0.064491645,-0.039403558,-0.233922,-0.08231038,0.0055978894,-0.2863844,-0.09830888,-0.058062196,-0.26939517,-0.031736687,-0.07461339,-0.4052884,-0.06462948,-0.080322266,-0.5004805,-0.08630796,-0.08217049,-0.5765948,-0.09957619,-0.0049679875,-0.26452774,-0.03529639,0.0050552487,-0.4103748,-0.075461775,0.012299538,-0.5147745,-0.10332483,0.022144496,-0.59156305,-0.11514432,0.041299284,-0.22520131,-0.044225562,0.034262776,-0.2849443,-0.10710044,0.005745828,-0.20726043,-0.12295937,-0.0070539117,-0.14405787,-0.11435077,0.075871825,-0.17348462,-0.055674043,0.053682566,-0.19988018,-0.11317913,0.02813512,-0.13254052,-0.11936877,0.019314885,-0.078409255,-0.109115526
-0.0649457,-0.050549746,-0.05455001,-0.081890225,-0.15108323,-0.0803178,-0.04198593,-0.22974479,-0.105229,0.0035786033,-0.2879821,-0.1283846,-0.059079528,-0.27359283,-0.030703131,-0.07687026,-0.4089142,-0.06533838,-0.083942175,-0.50430876,-0.0885448,-0.08492148,-0.58030474,-0.10259593,-0.0057585835,-0.26591998,-0.033934157,0.003863752,-0.41081935,-0.07643386,0.009710908,-0.5179117,-0.10650474,0.018313706,-0.59381646,-0.11930329,0.040685296,-0.22450864,-0.04538707,0.030875742,-0.28185862,-0.11523845,0.0023552775,-0.20130956,-0.14143099,-0.008858323,-0.13930303,-0.1385001,0.075452566,-0.17836136,-0.05997549,0.05216551,-0.2024408,-0.12360004,0.024456978,-0.13457143,-0.13906892,0.015362442,-0.08306897,-0.13570583
-0.06518251,-0.04735297,-0.052643016,-0.0829801,-0.14801341,-0.07807012,-0.042880654,-0.22690868,-0.102496706,0.0005643368,-0.28521842,-0.12529117,-0.058057368,-0.2731039,-0.033849835,-0.07526928,-0.4070559,-0.06869011,-0.08245736,-0.5011447,-0.09196739,-0.08428699,-0.5773047,-0.10633474,-0.0052571297,-0.26519144,-0.038093697,0.0045912266,-0.41085607,-0.08115246,0.010275006,-0.5171223,-0.111272335,0.01865977,-0.5924182,-0.12446219,0.04082036,-0.2232576,-0.04973518,0.029107273,-0.284863,-0.12010645,0.0003760457,-0.20459372,-0.14474583,-0.010825157,-0.14040339,-0.14107728,0.075481534,-0.17418373,-0.06420878,0.0505597,-0.20183438,-0.12898833,0.02330631,-0.13270652,-0.14313062,0.014601946,-0.07772559,-0.13864246
-0.06356847,-0.051192105,-0.05532403,-0.080172,-0.14733511,-0.08517207,-0.04309261,-0.22247076,-0.1145887,-0.0008044839,-0.2871489,-0.14259827,-0.05731684,-0.27111137,-0.034748174,-0.075387955,-0.40469968,-0.07173192,-0.08287364,-0.4994048,-0.09552704,-0.08386797,-0.5756486,-0.10964194,-0.004530847,-0.26203638,-0.039780684,0.0049152374,-0.407815,-0.08458175,0.011272907,-0.5140265,-0.11447038,0.019195497,-0.58843076,-0.12676616,0.041744173,-0.22027946,-0.053291194,0.029883862,-0.2790476,-0.12708946,0.0009881258,-0.19737041,-0.15529342,-0.010493696,-0.13421315,-0.15335394,0.07677758,-0.17528081,-0.06971127,0.052709103,-0.1986736,-0.13678451,0.025343418,-0.12813282,-0.15426445,0.016088605,-0.07449925,-0.1522434
-0.06481236,-0.043474853,-0.050694775,-0.081888616,-0.14629322,-0.075270064,-0.042200148,-0.22901851,-0.098537415,0.002267778,-0.289155,-0.12014911,-0.057331562,-0.26736426,-0.034170866,-0.074175,-0.4028434,-0.06806498,-0.08172393,-0.49691936,-0.08984843,-0.08324814,-0.5734074,-0.103283055,-0.004858196,-0.261119,-0.037901174,0.0045211315,-0.40825903,-0.07967794,0.011412263,-0.514762,-0.10830144,0.022076964,-0.59073484,-0.120574124,0.041311324,-0.22047406,-0.048390456,0.031173468,-0.28664708,-0.116400465,0.0013517737,-0.207591,-0.13838178,-0.009938955,-0.14413661,-0.13341905,0.07636684,-0.1720205,-0.06150441,0.052565753,-0.20252812,-0.124769226,0.02638495,-0.13489759,-0.13734423,0.019056022,-0.0810051,-0.1317092
-0.0651322,-0.04571581,-0.051204383,-0.08199495,-0.14884263,-0.07557275,-0.041888654,-0.23018938,-0.09886429,0.003058076,-0.29120028,-0.12034941,-0.057796538,-0.27083552,-0.03148309,-0.07538855,-0.40631372,-0.06563335,-0.08304918,-0.5009398,-0.08831793,-0.08449817,-0.57732403,-0.102303624,-0.0052453876,-0.26389253,-0.035461273,0.0031497478,-0.40909463,-0.0778889,0.00888294,-0.5158416,-0.1078005,0.01842022,-0.5918412,-0.1208493,0.040650547,-0.22296745,-0.04661031,0.0318622,-0.28415275,-0.11507632,0.0022861958,-0.20334327,-0.13785286,-0.0093019605,-0.14035863,-0.1332986,0.075155616,-0.17574644,-0.06059276,0.051484883,-0.20017672,-0.1240667,0.024941027,-0.13007534,-0.13714583,0.016934216,-0.07669878,-0.1318498
-0.0651384,-0.046933293,-0.048588376,-0.082113326,-0.14990044,-0.07136906,-0.04020834,-0.22837323,-0.0934816,0.00398618,-0.283049,-0.114144474,-0.05688095,-0.27208793,-0.03263147,-0.07447469,-0.4051299,-0.06629639,-0.08157265,-0.4991436,-0.088762626,-0.08297956,-0.5745806,-0.1026899,-0.003739059,-0.26508176,-0.037595376,0.0068763494,-0.40808478,-0.07905721,0.012650788,-0.5133985,-0.10822795,0.021613061,-0.58896947,-0.12093391,0.04247284,-0.22324598,-0.04927507,0.033070862,-0.28156227,-0.116259634,0.0024847388,-0.20390576,-0.13909657,-0.010245085,-0.14269316,-0.13491394,0.07710326,-0.17248225,-0.0635896,0.054258645,-0.19888902,-0.12490229,0.02548778,-0.1332671,-0.13740015,0.015171051,-0.08157712,-0.13216646
-0.06358838,-0.04243934,-0.047106672,-0.08232397,-0.14617133,-0.06885754,-0.040596664,-0.22855878,-0.089632966,0.0061464906,-0.28317052,-0.109016255,-0.05635041,-0.2701571,-0.03218811,-0.072923124,-0.40328377,-0.064905316,-0.08022356,-0.49744016,-0.08666298,-0.08251995,-0.57302487,-0.10022454,-0.0037862062,-0.26364768,-0.036827393,0.0072684884,-0.4085592,-0.07661079,0.013327599,-0.5131351,-0.10435831,0.022534966,-0.58864087,-0.11623353,0.042026103,-0.22205561,-0.047678374,0.0337497,-0.28188866,-0.11262876,0.003230393,-0.20394433,-0.1329032,-0.00987947,-0.142546,-0.12728336,0.07643944,-0.17031807,-0.061040036,0.05417013,-0.19843686,-0.12155933,0.025641322,-0.13150048,-0.1321281,0.014804482,-0.07834518,-0.12531315
-0.06442028,-0.044545114,-0.04492288,-0.08267623,-0.14818877,-0.066390656,-0.04253167,-0.232032,-0.087490276,0.0018686652,-0.28770512,-0.107192524,-0.05719763,-0.26989794,-0.03164201,-0.07396364,-0.40608913,-0.06608794,-0.08094233,-0.5007491,-0.08920566,-0.08314836,-0.57695603,-0.103662886,-0.0045202374,-0.26485294,-0.037838127,0.005131662,-0.41036522,-0.080267295,0.011764169,-0.5152248,-0.110310964,0.021675467,-0.59120667,-0.123740695,0.041629016,-0.22527087,-0.04983887,0.03228283,-0.283782,-0.1158632,0.0027157664,-0.20580447,-0.1358562,-0.008934617,-0.14260757,-0.13010582,0.076233506,-0.17564166,-0.06425783,0.051635683,-0.20082062,-0.1249354,0.023845255,-0.13410938,-0.13493627,0.015180945,-0.080503106,-0.12766463
-0.0662179,-0.049688518,-0.049030606,-0.08429223,-0.15136331,-0.07084846,-0.045149684,-0.2333569,-0.09211925,-0.00051021576,-0.28882414,-0.11140007,-0.06036222,-0.27347463,-0.027440175,-0.07759744,-0.41007623,-0.06098971,-0.08398825,-0.50445485,-0.08353439,-0.08506596,-0.5811211,-0.09731518,-0.0072126985,-0.2682798,-0.031473156,0.0020774007,-0.41253263,-0.07372281,0.008353472,-0.51911086,-0.104147494,0.01797551,-0.5952065,-0.1173495,0.039027095,-0.22844195,-0.042549387,0.027105391,-0.28264827,-0.110394366,-0.0010049939,-0.20244241,-0.13393147,-0.010783613,-0.13915318,-0.12940647,0.0738132,-0.18054062,-0.05634497,0.047608137,-0.20113033,-0.1176494,0.020951748,-0.13337582,-0.13053979,0.014043808,-0.08150631,-0.12518968
-0.06648177,-0.049520254,-0.048345022,-0.08376652,-0.1514051,-0.06912439,-0.04205048,-0.23288691,-0.08922876,0.0044498444,-0.28566498,-0.107458614,-0.059407532,-0.2737127,-0.027769838,-0.0775218,-0.41009516,-0.061285947,-0.08448064,-0.50477505,-0.08421377,-0.086361945,-0.5808697,-0.09835802,-0.006545007,-0.26828283,-0.03162025,0.002628386,-0.4129684,-0.072637156,0.008446991,-0.5182468,-0.10294882,0.017929792,-0.5940275,-0.116397284,0.039396763,-0.22761309,-0.042254325,0.028754115,-0.2847455,-0.107504286,-0.0005699992,-0.20845765,-0.13000278,-0.0111081,-0.1479029,-0.1255388,0.073704064,-0.17748296,-0.05570821,0.048738062,-0.20141411,-0.11489957,0.020904481,-0.13710427,-0.12666693,0.013291478,-0.087065995,-0.1208344
-0.06573266,-0.049301922,-0.054303724,-0.08203232,-0.1484229,-0.079070225,-0.043483257,-0.2298348,-0.10255836,0.0012077093,-0.29193354,-0.12398432,-0.06061542,-0.2695104,-0.029107649,-0.07731187,-0.40652588,-0.06329216,-0.08477193,-0.5012256,-0.08600692,-0.08630043,-0.57821286,-0.09963138,-0.0075749755,-0.26367438,-0.03119501,0.0009847283,-0.4092198,-0.07296193,0.007284701,-0.5156847,-0.10250436,0.016203284,-0.59118485,-0.11488603,0.038804293,-0.22381693,-0.041357584,0.028356612,-0.28049558,-0.11029796,0.000564754,-0.19809371,-0.1355307,-0.009809792,-0.13540703,-0.13198517,0.07313371,-0.17903358,-0.054645393,0.048787177,-0.19908053,-0.117991805,0.021637917,-0.128393,-0.13329104,0.013509214,-0.07688242,-0.12959126
-0.06573266,-0.049301922,-0.054303724,-0.08203232,-0.1484229,-0.079070225,-0.043483257,-0.2298348,-0.10255836,0.0012077093,-0.29193354,-0.12398432,-0.06061542,-0.2695104,-0.029107649,-0.07731187,-0.40652588,-0.06329216,-0.08477193,-0.5012256,-0.08600692,-0.08630043,-0.57821286,-0.09963138,-0.0075749755,-0.26367438,-0.03119501,0.0009847283,-0.4092198,-0.07296193,0.007284701,-0.5156847,-0.10250436,0.016203284,-0.59118485,-0.11488603,0.038804293,-0.22381693,-0.041357584,0.028356612,-0.28049558,-0.11029796,0.000564754,-0.19809371,-0.1355307,-0.009809792,-0.13540703,-0.13198517,0.07313371,-0.17903358,-0.054645393,0.048787177,-0.19908053,-0.117991805,0.021637917,-0.128393,-0.13329104,0.013509214,-0.07688242,-0.12959126
-0.065794885,-0.04567617,-0.053802196,-0.08365935,-0.14552975,-0.07812569,-0.045524716,-0.22736996,-0.100784466,-0.0024957657,-0.29031432,-0.12139496,-0.060702145,-0.27030855,-0.03197815,-0.076551974,-0.40620923,-0.06560545,-0.08305031,-0.49980024,-0.08759198,-0.08492422,-0.57623017,-0.10094976,-0.0074316263,-0.26423746,-0.034126244,0.002701819,-0.41033876,-0.075878136,0.010051072,-0.51604116,-0.10503501,0.019102275,-0.58974564,-0.11741764,0.038873136,-0.22442389,-0.043951683,0.027431011,-0.2829064,-0.113714606,-0.0005649924,-0.2033459,-0.13920286,-0.011549473,-0.14088446,-0.13595971,0.07367307,-0.17827111,-0.05659101,0.04712218,-0.1994294,-0.12081728,0.019938111,-0.13094264,-0.13620894,0.011484623,-0.07897401,-0.13262536
-0.0637874,-0.04159552,-0.047251336,-0.082733095,-0.14586419,-0.0686998,-0.042279124,-0.23039109,-0.08890073,0.0046684146,-0.28758395,-0.10745269,-0.057268918,-0.26717556,-0.032580405,-0.07346499,-0.40203112,-0.065207355,-0.08014107,-0.49653316,-0.08598675,-0.08216077,-0.5726565,-0.09867207,-0.004484415,-0.26207364,-0.036773857,0.005693257,-0.40868258,-0.07684245,0.0124409795,-0.513955,-0.103622966,0.022167087,-0.58919,-0.1145563,0.04180497,-0.22250581,-0.047183532,0.031618953,-0.2824375,-0.11311013,0.0025216937,-0.20265496,-0.13244815,-0.008737385,-0.13977253,-0.12569988,0.07656115,-0.17369097,-0.060033713,0.05053228,-0.19795203,-0.1216987,0.02389568,-0.12898731,-0.13232441,0.016424298,-0.07552534,-0.12514484
-0.06394011,-0.044249892,-0.053624596,-0.080450416,-0.14492744,-0.078645274,-0.04074329,-0.22410506,-0.10200818,0.0052095056,-0.28513646,-0.12361233,-0.05752951,-0.2660184,-0.031738214,-0.07431227,-0.40091705,-0.0646279,-0.08152002,-0.49492934,-0.085631736,-0.082927585,-0.57093203,-0.098289505,-0.004683554,-0.2594667,-0.034208346,0.0050988197,-0.4063137,-0.074991725,0.012905061,-0.51280546,-0.10321829,0.022797763,-0.5866473,-0.11471326,0.041502,-0.21931434,-0.044401046,0.02976656,-0.27782416,-0.11413643,0.002659738,-0.19798267,-0.14042614,-0.007526338,-0.13620257,-0.13756487,0.076238155,-0.17475402,-0.05731194,0.050551534,-0.19466347,-0.123023674,0.025272429,-0.12336612,-0.13977265,0.018812597,-0.07036126,-0.13687678
-0.06373441,-0.0457291,-0.05576858,-0.0799067,-0.14585799,-0.08148583,-0.042219877,-0.22562641,-0.10522426,0.0028420687,-0.2862575,-0.12696107,-0.059103608,-0.26676303,-0.031894166,-0.07639861,-0.40198123,-0.066136524,-0.0830487,-0.496678,-0.08818996,-0.084071755,-0.5725319,-0.10125597,-0.0056135654,-0.2607991,-0.033253327,0.0039440393,-0.40714788,-0.07563812,0.012202382,-0.5140362,-0.10473753,0.021728873,-0.58770484,-0.116342194,0.041077435,-0.22091848,-0.042744383,0.028879821,-0.27722543,-0.11374469,0.0036527514,-0.1968078,-0.1405885,-0.0053883195,-0.13586414,-0.13751315,0.07633424,-0.17742014,-0.05511944,0.05110842,-0.19437331,-0.12085793,0.02683872,-0.12293136,-0.1377964,0.020954132,-0.071802795,-0.13485493
-0.06373441,-0.0457291,-0.05576858,-0.0799067,-0.14585799,-0.08148583,-0.042219877,-0.22562641,-0.10522426,0.0028420687,-0.2862575,-0.12696107,-0.059103608,-0.26676303,-0.031894166,-0.07639861,-0.40198123,-0.066136524,-0.0830487,-0.496678,-0.08818996,-0.084071755,-0.5725319,-0.10125597,-0.0056135654,-0.2607991,-0.033253327,0.0039440393,-0.40714788,-0.07563812,0.012202382,-0.5140362,-0.10473753,0.021728873,-0.58770484,-0.116342194,0.041077435,-0.22091848,-0.042744383,0.028879821,-0.27722543,-0.11374469,0.0036527514,-0.1968078,-0.1405885,-0.0053883195,-0.13586414,-0.13751315,0.07633424,-0.17742014,-0.05511944,0.05110842,-0.19437331,-0.12085793,0.02683872,-0.12293136,-0.1377964,0.020954132,-0.071802795,-0.13485493
-0.06432521,-0.05011666,-0.05575801,-0.0797438,-0.1476078,-0.08267108,-0.041045368,-0.22388953,-0.10847621,0.0035728812,-0.28539544,-0.13256879,-0.058343053,-0.2679959,-0.029858917,-0.075728536,-0.4020387,-0.06369789,-0.082909524,-0.49674088,-0.0858949,-0.084118366,-0.5727943,-0.09917966,-0.0051110983,-0.26042473,-0.03258495,0.004590571,-0.4061346,-0.07421353,0.012057602,-0.51407313,-0.10353348,0.020882547,-0.58872736,-0.11554406,0.041446745,-0.21947992,-0.04396167,0.029130697,-0.27841622,-0.1154701,0.0029869676,-0.19825518,-0.14473163,-0.00629133,-0.1365419,-0.14332132,0.07670295,-0.1762659,-0.058269385,0.052609026,-0.19888186,-0.12461471,0.027435243,-0.12880659,-0.1434731,0.020821333,-0.076946855,-0.14219816
-0.063518345,-0.042685747,-0.053605217,-0.08073735,-0.14518183,-0.080740325,-0.042493403,-0.22364539,-0.1064701,0.0010709763,-0.28444308,-0.13074288,-0.056429803,-0.26885474,-0.036276124,-0.07314688,-0.40259206,-0.071880266,-0.08060968,-0.49745935,-0.09450035,-0.08160424,-0.57308984,-0.108037874,-0.0033093095,-0.26191932,-0.039845824,0.007350445,-0.40763825,-0.082813896,0.013492405,-0.5135044,-0.110799775,0.02238673,-0.5879835,-0.12183422,0.043341994,-0.22092736,-0.05099642,0.030546665,-0.28377116,-0.12121667,0.0014358163,-0.20191705,-0.14492293,-0.009188116,-0.13892412,-0.14043516,0.078474164,-0.17408925,-0.06498812,0.050122082,-0.19578809,-0.13032427,0.023186088,-0.12516391,-0.14522648,0.016599834,-0.073123455,-0.14099868
-0.0628466,-0.04389012,-0.044981148,-0.08037925,-0.14669597,-0.06856366,-0.042422295,-0.22914797,-0.09193727,0.00035738945,-0.28891122,-0.11392836,-0.05652064,-0.2697186,-0.034511495,-0.07305318,-0.4055695,-0.07078352,-0.07997471,-0.5001689,-0.093865715,-0.08168137,-0.5762346,-0.10781659,-0.0030905008,-0.26437956,-0.04157224,0.0074692965,-0.41208982,-0.085489556,0.014671028,-0.51691973,-0.11479847,0.024722457,-0.5930397,-0.12712781,0.043889225,-0.22405821,-0.054425824,0.032971203,-0.28401178,-0.12178164,0.002203703,-0.20392686,-0.14070083,-0.010301173,-0.14094901,-0.13382354,0.07909697,-0.1733836,-0.06954298,0.051759362,-0.19691116,-0.13035083,0.022446156,-0.12952614,-0.13936885,0.01245755,-0.07734203,-0.13125364
-0.06363064,-0.046017528,-0.051001575,-0.08054143,-0.14587545,-0.07897188,-0.04259628,-0.22508055,-0.10656648,0.0013320446,-0.28823662,-0.13296813,-0.057548165,-0.26956916,-0.037793007,-0.074904025,-0.40629917,-0.076294936,-0.082699,-0.5020964,-0.100833334,-0.083895564,-0.5790051,-0.11570576,-0.0037562847,-0.26234543,-0.0441683,0.0069630146,-0.4108801,-0.0909455,0.014419258,-0.5177809,-0.1217896,0.024100423,-0.59363604,-0.13476822,0.043455064,-0.22172773,-0.05762012,0.03217411,-0.28237742,-0.13072065,0.0013209581,-0.20053512,-0.15534419,-0.011562407,-0.13612342,-0.15140812,0.07885808,-0.17535031,-0.07364217,0.051196396,-0.19476134,-0.1406881,0.021899045,-0.12399745,-0.1555687,0.012068331,-0.07039857,-0.15124235
-0.06362176,-0.044224977,-0.05187499,-0.081358194,-0.14602286,-0.07711094,-0.04250145,-0.22737789,-0.10120167,0.0013687015,-0.28757584,-0.12361612,-0.057285845,-0.26905572,-0.0373688,-0.07464337,-0.40464994,-0.07413679,-0.08135939,-0.4994678,-0.09756989,-0.08259481,-0.5765276,-0.11170516,-0.004106581,-0.26212943,-0.041868985,0.0058383346,-0.40962818,-0.08765206,0.013148487,-0.5170493,-0.11739601,0.02323383,-0.59241366,-0.12948264,0.04278469,-0.22104502,-0.05331962,0.03176284,-0.2803868,-0.12541765,0.002946794,-0.19678527,-0.14686431,-0.00796634,-0.13167351,-0.14012907,0.078143716,-0.17269093,-0.067540325,0.052076638,-0.19607043,-0.13272178,0.024730861,-0.12612939,-0.14466508,0.016675472,-0.07298291,-0.13794978
-0.06427717,-0.043935478,-0.045658093,-0.08228862,-0.14615619,-0.07004316,-0.04315698,-0.22830844,-0.09419712,0.000338912,-0.2862062,-0.11685008,-0.05654919,-0.26875722,-0.038073882,-0.07420963,-0.40573022,-0.07512556,-0.080842495,-0.5006075,-0.098660626,-0.082312465,-0.57747304,-0.112965204,-0.0029180646,-0.26216632,-0.045473136,0.007826686,-0.41130692,-0.090982445,0.015214503,-0.5171752,-0.12050146,0.024912834,-0.5938745,-0.1328161,0.044102073,-0.221475,-0.058434345,0.03282821,-0.28342825,-0.12737706,0.002815485,-0.20067614,-0.14442673,-0.009328008,-0.13466942,-0.13564508,0.08005971,-0.1706686,-0.07376396,0.05428016,-0.1992594,-0.13499069,0.026295602,-0.1311996,-0.14206101,0.017145276,-0.07681996,-0.13220775
-0.06329614,-0.047062516,-0.051670246,-0.08240378,-0.14927793,-0.075100586,-0.042353272,-0.23258299,-0.0977656,0.004766643,-0.2882343,-0.11859609,-0.057217598,-0.27039957,-0.03104272,-0.074121654,-0.40707397,-0.064747274,-0.08083576,-0.5022183,-0.08668343,-0.08282542,-0.5795834,-0.0998566,-0.004999995,-0.2627697,-0.03440948,0.00541085,-0.411166,-0.07666035,0.012328148,-0.519043,-0.10463056,0.021292686,-0.59464777,-0.115602255,0.04134941,-0.2218762,-0.045275006,0.031702816,-0.2808444,-0.11471752,0.002741456,-0.1964702,-0.1367596,-0.009017587,-0.13074571,-0.13017975,0.07693219,-0.17518818,-0.059063077,0.053646445,-0.20467734,-0.12168008,0.026338577,-0.13609904,-0.13382556,0.017271757,-0.08267784,-0.12748061
-0.064466715,-0.044753373,-0.050477996,-0.08256388,-0.14748526,-0.075076066,-0.042992353,-0.2300641,-0.09904648,0.0031127334,-0.28595078,-0.12141064,-0.059021592,-0.26969916,-0.03351743,-0.07611507,-0.4071292,-0.06931904,-0.082811296,-0.5022751,-0.09242183,-0.08412868,-0.57855606,-0.10629133,-0.0057616234,-0.2634402,-0.03793637,0.0055663586,-0.41210496,-0.08242103,0.013161123,-0.51953083,-0.11175175,0.022740066,-0.5943757,-0.12349563,0.041070938,-0.22320741,-0.049431197,0.028963685,-0.28228366,-0.11980205,1.1026859e-05,-0.19833499,-0.14208245,-0.011239469,-0.13231778,-0.13600771,0.0766474,-0.17705035,-0.063640855,0.048989475,-0.1999855,-0.12744722,0.021218002,-0.12959146,-0.13998458,0.012759268,-0.075638294,-0.13378058
-0.065015316,-0.044403195,-0.05227856,-0.082218885,-0.14732057,-0.077965796,-0.042072356,-0.22816384,-0.10232028,0.002103448,-0.28841907,-0.12495177,-0.05822128,-0.2706883,-0.03798286,-0.075710475,-0.40775725,-0.07403648,-0.082626164,-0.50260913,-0.096931614,-0.08388162,-0.57887805,-0.110681646,-0.004447639,-0.26432365,-0.041929476,0.006815076,-0.4119289,-0.08612771,0.013535738,-0.5180702,-0.114833914,0.022917569,-0.59186184,-0.12639289,0.04269713,-0.22354811,-0.052963484,0.02930957,-0.28176463,-0.12273739,-0.00039833784,-0.20010698,-0.14469421,-0.011140525,-0.13640189,-0.13908744,0.078439295,-0.1764524,-0.0669048,0.049751937,-0.19823426,-0.13062711,0.022010386,-0.12854981,-0.14332382,0.0150517225,-0.07607949,-0.1376167
-0.06424916,-0.037513077,-0.044868484,-0.08375704,-0.14215112,-0.065455474,-0.043052852,-0.22907823,-0.084927775,0.0013231039,-0.28620458,-0.10263473,-0.05729693,-0.26425666,-0.035427816,-0.07474446,-0.4024139,-0.06879655,-0.082080126,-0.49864334,-0.09011456,-0.08490604,-0.57638973,-0.10327872,-0.0047545433,-0.25860482,-0.04010765,0.0073640347,-0.40674013,-0.081201255,0.015512466,-0.5139289,-0.1081248,0.026768923,-0.5924537,-0.119084306,0.041021526,-0.21923482,-0.050000157,0.030743897,-0.2759772,-0.113652185,0.00091570616,-0.19383997,-0.12724032,-0.011028647,-0.12949163,-0.11675638,0.07586563,-0.17056227,-0.06248107,0.05044526,-0.19732666,-0.12066568,0.023712158,-0.12981123,-0.12598875,0.015945435,-0.07728124,-0.114925325
-0.06331086,-0.039697528,-0.040270634,-0.08353311,-0.14533788,-0.06005966,-0.042024076,-0.23155153,-0.07966712,0.0023369193,-0.28586024,-0.097792186,-0.056194067,-0.2668715,-0.034477286,-0.07219303,-0.40227258,-0.068253845,-0.07896632,-0.4977035,-0.089685075,-0.08176488,-0.57419163,-0.10281706,-0.0034510493,-0.26185572,-0.04164858,0.00854373,-0.40899414,-0.08246756,0.015953302,-0.51308525,-0.108474545,0.026209176,-0.5905014,-0.1189427,0.042772174,-0.22234076,-0.053414777,0.032527864,-0.27973288,-0.11534626,0.0027962923,-0.19912237,-0.12655278,-0.009057403,-0.1347996,-0.11495516,0.077838,-0.17002481,-0.067479104,0.052895248,-0.20096749,-0.12284618,0.025883138,-0.13588798,-0.12536979,0.01721716,-0.08265531,-0.11273012
-0.06363332,-0.040193796,-0.04485547,-0.08339268,-0.14550376,-0.065491766,-0.042797387,-0.23139668,-0.084918775,0.0005672574,-0.2865731,-0.10251147,-0.058229387,-0.26930755,-0.035943646,-0.07457,-0.4053049,-0.06912155,-0.081358254,-0.5007873,-0.09025702,-0.08433515,-0.5775516,-0.10324231,-0.005000353,-0.26301348,-0.0406621,0.0067549944,-0.41067135,-0.08143003,0.014270246,-0.51515055,-0.107753165,0.024487674,-0.59128386,-0.11838384,0.041805148,-0.22267401,-0.05055904,0.030836344,-0.2812525,-0.11332028,0.0016794205,-0.20165199,-0.12669097,-0.0102007985,-0.1383273,-0.11646437,0.077332616,-0.17172563,-0.06307098,0.052045465,-0.20053703,-0.11970692,0.026548326,-0.13463897,-0.1243313,0.019702852,-0.08245444,-0.11319423
-0.064514756,-0.042091846,-0.04657343,-0.08290094,-0.14340842,-0.070008904,-0.043100476,-0.2251414,-0.09259663,0.00074499846,-0.28338754,-0.11342776,-0.057804346,-0.26632774,-0.035216343,-0.07552695,-0.40301442,-0.06880792,-0.08302379,-0.4975822,-0.090040535,-0.0853433,-0.574808,-0.10310979,-0.0034413934,-0.26074976,-0.040718228,0.008168578,-0.4073851,-0.08297576,0.015538037,-0.51324844,-0.11107513,0.02544874,-0.58867264,-0.12270798,0.04374188,-0.22085655,-0.05196372,0.029466867,-0.27788776,-0.118531905,-0.00026655197,-0.19496119,-0.13665788,-0.011599481,-0.12921715,-0.12901948,0.07926017,-0.17317015,-0.06566134,0.05034876,-0.19624078,-0.12686023,0.024565637,-0.1262098,-0.13597085,0.018541574,-0.071715176,-0.127607
-0.06374067,-0.0399819,-0.045107547,-0.08442032,-0.1429072,-0.066259496,-0.045961976,-0.22934473,-0.08643767,-0.0019457936,-0.28528166,-0.104594454,-0.058138847,-0.26889288,-0.03415428,-0.074300885,-0.40442482,-0.06759253,-0.0809288,-0.49918604,-0.088730976,-0.083825946,-0.5759312,-0.101467,-0.0050340295,-0.26356882,-0.038791116,0.006611645,-0.41061157,-0.07999468,0.014375687,-0.5146822,-0.10648573,0.024150372,-0.5911251,-0.11685626,0.04166138,-0.22406083,-0.048805345,0.031054258,-0.2801165,-0.11251155,0.0025735497,-0.19687754,-0.12617555,-0.009235859,-0.13207787,-0.11544614,0.07721847,-0.17355591,-0.06139292,0.051511705,-0.19902855,-0.117853574,0.025213182,-0.13247734,-0.122508444,0.01687795,-0.08081615,-0.11115021
-0.062607646,-0.041077197,-0.042571813,-0.08250123,-0.14419681,-0.0638396,-0.04308051,-0.22882044,-0.08454339,0.0004903674,-0.2843598,-0.103479214,-0.05690813,-0.26842564,-0.034931928,-0.07277173,-0.4036064,-0.0689042,-0.079851806,-0.49915558,-0.09042376,-0.08297497,-0.5760282,-0.103308424,-0.0036535263,-0.26316416,-0.04096468,0.008382618,-0.4099698,-0.082109325,0.015825093,-0.51426697,-0.108493514,0.025541723,-0.59132123,-0.11880789,0.043284655,-0.22368634,-0.051828746,0.03194189,-0.27965397,-0.11428275,0.0030768514,-0.19725996,-0.12639889,-0.008651972,-0.13232571,-0.114962086,0.07880813,-0.1722452,-0.065105796,0.052782774,-0.19969755,-0.120002985,0.026860654,-0.1330136,-0.12255932,0.019133687,-0.08020711,-0.10977837
-0.062430203,-0.04154545,-0.044807654,-0.08190119,-0.14531028,-0.06810335,-0.041493237,-0.22914499,-0.0908356,0.0039067864,-0.28501666,-0.11198486,-0.056416452,-0.26824546,-0.03745244,-0.07325637,-0.40365654,-0.073145695,-0.08084649,-0.4988842,-0.09587514,-0.08340764,-0.57591164,-0.10967677,-0.0030366778,-0.2624194,-0.04399811,0.008313298,-0.409924,-0.087412,0.015187144,-0.51542103,-0.1149532,0.025122523,-0.59227496,-0.12592682,0.043954134,-0.22202617,-0.05583855,0.031736553,-0.28054523,-0.121509634,0.002262354,-0.19706672,-0.13558185,-0.009014666,-0.13124663,-0.12514448,0.07921916,-0.1710158,-0.07020306,0.05275625,-0.19980675,-0.12891816,0.026350915,-0.13113189,-0.13376895,0.019122481,-0.07661331,-0.122345135
-0.0623644,-0.036334634,-0.041839615,-0.08329332,-0.14173126,-0.0630701,-0.04535061,-0.22935718,-0.08394797,-0.003133893,-0.28690267,-0.10313257,-0.05548024,-0.26703924,-0.03519487,-0.07125372,-0.40207267,-0.06888507,-0.078847885,-0.49733555,-0.090248056,-0.08245623,-0.5741998,-0.10356426,-0.0027057528,-0.2616971,-0.042282365,0.008159339,-0.40995958,-0.08325611,0.014589906,-0.51474446,-0.10981498,0.024098754,-0.59267396,-0.12090541,0.04385215,-0.22215086,-0.054101113,0.030190647,-0.28282982,-0.11663934,0.00044548512,-0.20068908,-0.12810792,-0.011209369,-0.13529682,-0.11681046,0.07891196,-0.17068392,-0.06828949,0.05023384,-0.20105088,-0.124089725,0.024195373,-0.13424212,-0.12675436,0.017382026,-0.08031446,-0.11436627
-0.06357396,-0.043768883,-0.04243768,-0.08304399,-0.14717358,-0.06473356,-0.043683708,-0.23319542,-0.086966045,-0.0015470982,-0.29050654,-0.10745059,-0.057195783,-0.2702127,-0.036587954,-0.074493885,-0.406076,-0.073084556,-0.08079356,-0.5009094,-0.09652928,-0.08330244,-0.5776036,-0.11081475,-0.0038858056,-0.26382875,-0.04425001,0.008274019,-0.41248,-0.0891252,0.015888333,-0.51674175,-0.117951356,0.02551192,-0.5939777,-0.12993322,0.043041408,-0.22391999,-0.056744006,0.031971812,-0.2824306,-0.122021265,0.002516508,-0.20127761,-0.13422051,-0.009817123,-0.13645786,-0.12273323,0.07896304,-0.17278528,-0.07168798,0.05420959,-0.20452964,-0.12769982,0.027884841,-0.13895428,-0.12957054,0.019927382,-0.08552861,-0.116410665
-0.064160764,-0.04223275,-0.046410315,-0.08315867,-0.14588642,-0.06897643,-0.04386723,-0.23032731,-0.09090129,-0.00067299604,-0.2881974,-0.11092609,-0.058476686,-0.26973712,-0.034294467,-0.0764935,-0.40586138,-0.06917436,-0.083661914,-0.500918,-0.09125962,-0.086250305,-0.57751805,-0.1045194,-0.004801929,-0.26438725,-0.039936714,0.006634176,-0.4114557,-0.083624795,0.013552189,-0.51799417,-0.11157914,0.022709846,-0.5941297,-0.122461766,0.04203731,-0.22463566,-0.051563073,0.029814959,-0.27909273,-0.11850651,0.0015102029,-0.1947912,-0.1343884,-0.0092749,-0.12983757,-0.124529995,0.0774371,-0.17647153,-0.065855525,0.050092697,-0.19971812,-0.12532526,0.024550319,-0.13020647,-0.13187484,0.018237948,-0.07748282,-0.12151079
-0.06539369,-0.048648357,-0.053441864,-0.08207059,-0.1491229,-0.079820506,-0.042407036,-0.22570658,-0.10504406,-0.0007647872,-0.28664404,-0.12859416,-0.058787644,-0.27307785,-0.03630674,-0.07614356,-0.40706897,-0.071364485,-0.084144056,-0.50126946,-0.09404671,-0.08671528,-0.5775778,-0.10768394,-0.005398035,-0.26391387,-0.04053593,0.0049403906,-0.4123628,-0.08365213,0.011229694,-0.5184027,-0.112480514,0.019735217,-0.59312415,-0.124230154,0.041924,-0.22194463,-0.052326314,0.026395202,-0.2787153,-0.1227385,-0.0017205477,-0.19800538,-0.14698309,-0.011630654,-0.13663328,-0.14269033,0.07768071,-0.17575204,-0.06703597,0.04868251,-0.20036352,-0.13013501,0.021565855,-0.13144535,-0.14338702,0.015086234,-0.080459,-0.13853575
-0.064172864,-0.04600054,-0.04456694,-0.08321875,-0.14896113,-0.06693476,-0.0434103,-0.23149669,-0.08907372,-0.00075519085,-0.2886327,-0.10972664,-0.05634892,-0.27180654,-0.03320283,-0.07393479,-0.40591154,-0.06728307,-0.081555426,-0.50017345,-0.08964698,-0.08494103,-0.5768818,-0.10363919,-0.0035073757,-0.2649442,-0.04025525,0.0074508786,-0.4120266,-0.08250852,0.013975024,-0.51722765,-0.11102705,0.022507131,-0.5929095,-0.123201974,0.04303962,-0.22357774,-0.053074617,0.030988336,-0.28425682,-0.11957684,0.0014666319,-0.20562154,-0.13796183,-0.010700285,-0.14284873,-0.13078415,0.078739464,-0.17247021,-0.06821007,0.05394405,-0.20329201,-0.12809592,0.02752322,-0.13676476,-0.13601892,0.019598305,-0.08358395,-0.12731579
-0.06445092,-0.044126272,-0.045281924,-0.08484942,-0.14677048,-0.06807199,-0.04429716,-0.22995448,-0.09075259,-0.000988543,-0.28611988,-0.111826606,-0.05775547,-0.26993084,-0.03502105,-0.076066494,-0.40448183,-0.071333446,-0.08362597,-0.49940115,-0.09501671,-0.08634287,-0.57695174,-0.10955751,-0.0042849183,-0.26425797,-0.042175077,0.005799055,-0.41081163,-0.08791699,0.012426555,-0.5179614,-0.11753684,0.021798253,-0.5958066,-0.12962455,0.042406082,-0.22431135,-0.05501104,0.03132844,-0.28123474,-0.12382653,0.0040864944,-0.19608212,-0.13905436,-0.005967796,-0.12993276,-0.12845981,0.07842201,-0.17412579,-0.07039426,0.05477804,-0.20430672,-0.13063255,0.029823363,-0.1345182,-0.13563997,0.02306819,-0.0800336,-0.12404344
-0.06324136,-0.045618594,-0.052043837,-0.08365369,-0.14428478,-0.07903931,-0.046939015,-0.22518027,-0.10514589,-0.0033349395,-0.2859857,-0.1295493,-0.05878657,-0.26908076,-0.03833482,-0.0774737,-0.4046365,-0.07636697,-0.08478469,-0.49936903,-0.100826174,-0.086984694,-0.5767219,-0.115368195,-0.0055001974,-0.26223958,-0.043582253,0.004888952,-0.41068062,-0.090055235,0.012002647,-0.5173259,-0.11982118,0.020313203,-0.59330845,-0.13166209,0.041072965,-0.22158378,-0.0558674,0.030343235,-0.27908337,-0.12804268,0.0031051636,-0.19555694,-0.1489841,-0.007658839,-0.13172567,-0.141773,0.077052295,-0.1732719,-0.07094987,0.054910183,-0.20058727,-0.13428405,0.028648496,-0.13067603,-0.14408888,0.019888818,-0.07685238,-0.13603656
-0.06541407,-0.042292655,-0.04815158,-0.08463383,-0.14376199,-0.07124357,-0.046892703,-0.22652876,-0.09338248,-0.005035758,-0.28531247,-0.11379251,-0.059928775,-0.26621878,-0.036057763,-0.079268694,-0.4031248,-0.071186945,-0.08721936,-0.49820197,-0.093361095,-0.09035617,-0.57511234,-0.106507905,-0.006477356,-0.26105833,-0.041040532,0.0030854344,-0.40981597,-0.08383431,0.008269846,-0.51610506,-0.111206174,0.015846372,-0.5924632,-0.121904895,0.040198267,-0.22095102,-0.052342046,0.02748692,-0.27938324,-0.11941989,-0.00035732985,-0.19990611,-0.13752666,-0.010288894,-0.13863397,-0.12949722,0.07579237,-0.1715247,-0.066308185,0.05125922,-0.19919813,-0.12598927,0.02433002,-0.13298917,-0.13427348,0.016492784,-0.08189738,-0.1256302
-0.06541407,-0.042292655,-0.04815158,-0.08463383,-0.14376199,-0.07124357,-0.046892703,-0.22652876,-0.09338248,-0.005035758,-0.28531247,-0.11379251,-0.059928775,-0.26621878,-0.036057763,-0.079268694,-0.4031248,-0.071186945,-0.08721936,-0.49820197,-0.093361095,-0.09035617,-0.57511234,-0.106507905,-0.006477356,-0.26105833,-0.041040532,0.0030854344,-0.40981597,-0.08383431,0.008269846,-0.51610506,-0.111206174,0.015846372,-0.5924632,-0.121904895,0.040198267,-0.22095102,-0.052342046,0.02748692,-0.27938324,-0.11941989,-0.00035732985,-0.19990611,-0.13752666,-0.010288894,-0.13863397,-0.12949722,0.07579237,-0.1715247,-0.066308185,0.05125922,-0.19919813,-0.12598927,0.02433002,-0.13298917,-0.13427348,0.016492784,-0.08189738,-0.1256302
-0.06393349,-0.039429426,-0.04116426,-0.08639175,-0.14432788,-0.06265175,-0.048113227,-0.22776538,-0.0843188,-0.005904317,-0.27981567,-0.104397215,-0.05750543,-0.26772732,-0.03808468,-0.07591176,-0.40143424,-0.07548756,-0.08388507,-0.49655873,-0.099451706,-0.08752823,-0.571944,-0.113881946,-0.0052090883,-0.26369047,-0.046349414,-0.0007519126,-0.41083646,-0.090253115,8.08239e-05,-0.51391256,-0.11738558,0.0050725937,-0.59161276,-0.12831134,0.04160458,-0.22498178,-0.059434626,0.025849223,-0.2803862,-0.12225109,-0.0019534826,-0.19947559,-0.13184227,-0.011177778,-0.13670528,-0.1191622,0.07720178,-0.17151195,-0.07519128,0.050572515,-0.20279956,-0.12785196,0.02306819,-0.13965261,-0.12783606,0.015017509,-0.08880299,-0.1140832
-0.06475061,-0.037866235,-0.04431022,-0.08720535,-0.14093453,-0.0664741,-0.048880756,-0.22303194,-0.088032216,-0.0077515244,-0.2797218,-0.108155504,-0.059670568,-0.2650298,-0.03764868,-0.0773049,-0.3989697,-0.07361178,-0.08583546,-0.49371687,-0.09678436,-0.08977002,-0.57004184,-0.11091325,-0.0070237517,-0.26052046,-0.04463355,-0.003154397,-0.4089302,-0.08732924,-0.0019679666,-0.51271117,-0.114140496,0.0034187436,-0.588845,-0.12505022,0.04040718,-0.22177798,-0.057042297,0.024148822,-0.2790481,-0.12176921,-0.0044202805,-0.19748223,-0.13521229,-0.014778256,-0.1348651,-0.12516886,0.076447725,-0.17087471,-0.072085656,0.0476225,-0.19715828,-0.12988979,0.020772934,-0.12923628,-0.13448682,0.01338774,-0.077308774,-0.12365681
-0.06573635,-0.04162711,-0.044646755,-0.0886631,-0.14458627,-0.065660104,-0.04965228,-0.22757447,-0.08645052,-0.0046458244,-0.2795633,-0.105420485,-0.061520934,-0.27007276,-0.032345228,-0.08114135,-0.40432793,-0.06599901,-0.090017736,-0.49887455,-0.087954,-0.09411442,-0.5748461,-0.10122035,-0.008839905,-0.26465052,-0.038960256,-0.005508125,-0.41324627,-0.07952218,-0.0048590302,-0.5188371,-0.105544694,-2.9146671e-05,-0.5953631,-0.115798265,0.038577557,-0.22465724,-0.05159822,0.022570848,-0.28084916,-0.11580366,-0.004450381,-0.19908786,-0.13059294,-0.013614655,-0.13686728,-0.1208066,0.074403346,-0.173208,-0.06698873,0.04822111,-0.20324212,-0.1234189,0.021305442,-0.13622415,-0.12839015,0.013226569,-0.08411634,-0.11790736
-0.06314707,-0.040866792,-0.03788912,-0.08666974,-0.1460554,-0.058459062,-0.047861576,-0.22982246,-0.07989164,-0.0031460524,-0.2775985,-0.09967594,-0.05810392,-0.27231497,-0.035900213,-0.07733601,-0.4059114,-0.07260417,-0.086126685,-0.5014397,-0.09628272,-0.0904277,-0.5768343,-0.110886835,-0.004246354,-0.2680279,-0.045671266,0.0013255477,-0.41569644,-0.09003384,0.0021187663,-0.51873577,-0.1183974,0.007573843,-0.59652674,-0.13025977,0.04339987,-0.22829008,-0.0595135,0.026597023,-0.28207874,-0.12089754,-0.002465248,-0.19861084,-0.12869161,-0.012849212,-0.13499427,-0.115031876,0.079190195,-0.17326105,-0.07586333,0.050009727,-0.20361686,-0.12665848,0.023019552,-0.13846463,-0.124482304,0.015187204,-0.08714485,-0.10927503
-0.063720584,-0.043572187,-0.04033933,-0.08565742,-0.14658046,-0.062988155,-0.0466702,-0.23148823,-0.08650973,-0.0040568113,-0.2841882,-0.10832591,-0.058326244,-0.2696693,-0.037164696,-0.07802814,-0.40354252,-0.075738765,-0.08698177,-0.4982491,-0.100547306,-0.09124726,-0.5745267,-0.115588024,-0.0057415366,-0.2644847,-0.046965547,-0.00064677,-0.41299272,-0.09401933,0.0009860396,-0.51771563,-0.12302512,0.0070790052,-0.5958815,-0.1347123,0.04169017,-0.22519034,-0.06146712,0.025054395,-0.27744806,-0.12713751,-0.0034123063,-0.19143224,-0.1358696,-0.013223767,-0.12600845,-0.1215948,0.0780558,-0.17302293,-0.07859501,0.0507645,-0.2046985,-0.13257849,0.02412659,-0.13814962,-0.13109092,0.016857505,-0.08584416,-0.11568895
-0.06292713,-0.043700874,-0.03767567,-0.08516359,-0.1469456,-0.059120454,-0.046976388,-0.23345798,-0.08145684,-0.0065632463,-0.2876739,-0.10225693,-0.058275998,-0.271348,-0.036679115,-0.076981366,-0.40605253,-0.0745045,-0.08618969,-0.5003162,-0.09917683,-0.09165716,-0.57640827,-0.11446049,-0.0049354434,-0.266486,-0.047086526,-0.00021898746,-0.4158402,-0.09268442,0.0015244484,-0.5192757,-0.12205935,0.006779313,-0.59776956,-0.13473044,0.042753518,-0.22708625,-0.061438613,0.025583267,-0.28040993,-0.12432936,-0.0037067533,-0.19711035,-0.13217336,-0.0152208805,-0.13251078,-0.11855311,0.07861352,-0.172966,-0.07817808,0.049215198,-0.20347518,-0.13019074,0.022408128,-0.13714099,-0.12736218,0.014406145,-0.08400893,-0.11154029
-0.062910795,-0.041098833,-0.03445752,-0.08698255,-0.1467002,-0.053973414,-0.047267616,-0.23080856,-0.07429883,-0.0068267584,-0.28030962,-0.09338566,-0.05880469,-0.2730813,-0.03797805,-0.077394426,-0.40639514,-0.07444458,-0.08616394,-0.5008038,-0.098058976,-0.091507256,-0.576303,-0.11254335,-0.005741596,-0.2688864,-0.048250552,-0.00020259619,-0.41679287,-0.09053836,0.0012900233,-0.5176177,-0.117656685,0.0066047907,-0.5967719,-0.12927347,0.041638076,-0.22962064,-0.06153126,0.026494384,-0.28129345,-0.11812796,-0.0030302405,-0.1997279,-0.122426786,-0.014401436,-0.13664007,-0.1078531,0.07769871,-0.17275506,-0.077171706,0.05207807,-0.20771116,-0.122731864,0.026261747,-0.14413548,-0.11611744,0.019052446,-0.09186208,-0.09858279
-0.06587559,-0.042322278,-0.03907973,-0.08918816,-0.1450752,-0.059898727,-0.048882604,-0.22808027,-0.081230626,-0.009230375,-0.28146523,-0.10106419,-0.06119877,-0.27171266,-0.03691124,-0.080958724,-0.40497312,-0.07332698,-0.090346575,-0.49920195,-0.09716493,-0.095550835,-0.5751946,-0.111953035,-0.008082211,-0.26674682,-0.04621921,-0.0029744506,-0.4148904,-0.09027291,-0.002184093,-0.5185746,-0.11853771,0.0030303001,-0.59627175,-0.13058947,0.039203227,-0.22707099,-0.05989114,0.022111595,-0.27983558,-0.12216206,-0.0068610907,-0.19858164,-0.13166802,-0.016576648,-0.13644081,-0.11939347,0.07553923,-0.17326379,-0.07604856,0.048535883,-0.2069912,-0.1282559,0.021285832,-0.1413207,-0.12729263,0.013936162,-0.08914155,-0.11311574
-0.06504333,-0.03939587,-0.036122095,-0.08857262,-0.14306974,-0.056081183,-0.051306427,-0.22756481,-0.07690044,-0.010616064,-0.279648,-0.096373364,-0.060732245,-0.26816088,-0.036864467,-0.08011085,-0.40222663,-0.07361982,-0.08943194,-0.49792546,-0.09711779,-0.09456843,-0.573575,-0.11138869,-0.007587433,-0.2650805,-0.046628043,-0.0015208125,-0.41275394,-0.08965427,2.682209e-06,-0.51548326,-0.11700847,0.0056120753,-0.5935218,-0.12846918,0.03974104,-0.22708791,-0.060154412,0.023556054,-0.27628696,-0.11905978,-0.006914556,-0.19745153,-0.12688573,-0.018670797,-0.13661104,-0.11421746,0.07575476,-0.17321116,-0.076069,0.04715991,-0.20173943,-0.12441377,0.018139303,-0.13911933,-0.12192699,0.008102536,-0.0886541,-0.10716209
-0.064447105,-0.036961794,-0.04338445,-0.08841288,-0.13962889,-0.06675621,-0.049711227,-0.22325575,-0.08986639,-0.0060893297,-0.27701598,-0.11126617,-0.06204152,-0.26651168,-0.040752422,-0.08168584,-0.4000391,-0.07959784,-0.09066731,-0.4951446,-0.104347035,-0.09513599,-0.5704471,-0.11920197,-0.00953871,-0.262648,-0.048629787,-0.0041854978,-0.41150314,-0.094714954,-0.0019863248,-0.51455563,-0.12286813,0.0036289692,-0.5901203,-0.13397738,0.038000107,-0.22474796,-0.06147945,0.022776484,-0.27785724,-0.12636079,-0.006257236,-0.19657326,-0.13710664,-0.017594218,-0.1350339,-0.12488522,0.07502192,-0.1738103,-0.07706373,0.047592998,-0.20132053,-0.13152765,0.020038903,-0.13517118,-0.1321772,0.011120081,-0.08463949,-0.1186168
-0.061700165,-0.03387469,-0.036779124,-0.08622098,-0.13828701,-0.05752718,-0.049150527,-0.22517562,-0.07897238,-0.007948339,-0.2781105,-0.098972544,-0.058876097,-0.26554912,-0.0391955,-0.07865703,-0.39797986,-0.0763178,-0.08811921,-0.4928159,-0.10022468,-0.09364778,-0.56841433,-0.11512704,-0.0055676103,-0.26205325,-0.049253557,-0.00031381845,-0.41069978,-0.0929849,0.0011738539,-0.51306945,-0.1202661,0.0063622,-0.5910393,-0.13185345,0.04183948,-0.22331166,-0.06285541,0.025616348,-0.27929026,-0.122893855,-0.0052629113,-0.19713813,-0.12841462,-0.018450022,-0.13355863,-0.11397211,0.077858806,-0.16814053,-0.07883614,0.05107093,-0.20418441,-0.12859435,0.022070765,-0.13984758,-0.124392636,0.010243893,-0.08650303,-0.108081646
-0.06704062,-0.042579412,-0.04149387,-0.089957476,-0.14257056,-0.0636156,-0.048149228,-0.22001809,-0.08564006,-0.0073794723,-0.27291876,-0.10622249,-0.06337464,-0.27050185,-0.038722463,-0.081955075,-0.4020954,-0.07638785,-0.09101683,-0.4963614,-0.1012643,-0.09620243,-0.5715695,-0.11642052,-0.009073079,-0.26679826,-0.04698487,-0.0029126406,-0.41342905,-0.09064346,-0.0005238652,-0.5161028,-0.11862312,0.0048235655,-0.59251136,-0.13028179,0.039070964,-0.22764361,-0.060140092,0.022991955,-0.2761817,-0.12188124,-0.0052051544,-0.20020074,-0.13385683,-0.015428364,-0.14295316,-0.123561494,0.07608312,-0.17490101,-0.07595663,0.050130486,-0.2014625,-0.12716253,0.022118926,-0.13931346,-0.12792373,0.013563275,-0.092080295,-0.11543468
-0.066253364,-0.0400573,-0.039229497,-0.09092063,-0.14491701,-0.059057362,-0.049304426,-0.22854626,-0.07879429,-0.004416883,-0.2771898,-0.09703794,-0.06363648,-0.27129424,-0.037170883,-0.082314014,-0.4053514,-0.07273147,-0.091587424,-0.4997859,-0.09571694,-0.09718686,-0.57512414,-0.10972004,-0.009617031,-0.2688855,-0.044575516,-0.004203856,-0.41668704,-0.086059675,-0.0019335151,-0.5190939,-0.11237419,0.003930688,-0.59684753,-0.12304437,0.03824389,-0.23118097,-0.056172606,0.022087634,-0.27915078,-0.11411812,-0.0061662793,-0.19946796,-0.12253098,-0.016346872,-0.13834584,-0.11016266,0.07489258,-0.17889172,-0.07045918,0.04684794,-0.2038269,-0.11845889,0.020177126,-0.1401307,-0.11675247,0.012908697,-0.09100491,-0.102516085
-0.06540847,-0.04264331,-0.03963357,-0.089437306,-0.14549506,-0.061493162,-0.047727585,-0.22698414,-0.083854415,-0.0035212636,-0.27674955,-0.10472729,-0.061294436,-0.27024585,-0.03892797,-0.08142924,-0.40331274,-0.07696564,-0.09091747,-0.4985087,-0.10181438,-0.096013546,-0.5740783,-0.117059276,-0.00795269,-0.2660874,-0.048311386,-0.0029985905,-0.4146147,-0.0929325,-0.001180768,-0.51823723,-0.12112239,0.0049309134,-0.59668136,-0.13286051,0.03976947,-0.22653985,-0.06206743,0.024574041,-0.27746803,-0.124049045,-0.005120814,-0.19631582,-0.1328743,-0.016299486,-0.13450003,-0.11997695,0.07610309,-0.17195034,-0.0784711,0.051062465,-0.20301175,-0.1295941,0.022809446,-0.13984758,-0.12776893,0.013543904,-0.08938098,-0.11294166
-0.066025436,-0.040675044,-0.03922672,-0.09131557,-0.14272529,-0.06032938,-0.051134408,-0.22623539,-0.08205264,-0.00783354,-0.27710575,-0.10240628,-0.062400818,-0.26822877,-0.037476685,-0.08242792,-0.40148467,-0.07461083,-0.092172444,-0.49667096,-0.09871894,-0.09790182,-0.57305384,-0.11346414,-0.009146929,-0.2641312,-0.046619896,-0.0038865209,-0.41233343,-0.090611145,-0.0019256473,-0.5163063,-0.118020706,0.0039581656,-0.5956844,-0.12917882,0.03837937,-0.22557807,-0.060162563,0.022509873,-0.27602983,-0.12287554,-0.0061312914,-0.19271958,-0.13173705,-0.01638776,-0.12867063,-0.11842983,0.07444221,-0.17243934,-0.076211244,0.048051357,-0.20393264,-0.12832594,0.020944834,-0.13869876,-0.12670898,0.012766838,-0.086197674,-0.11174111
-0.06704998,-0.044883788,-0.037196077,-0.09193522,-0.14450777,-0.056982078,-0.05197954,-0.22721356,-0.07751408,-0.009472072,-0.27790046,-0.09643233,-0.06546199,-0.2714225,-0.033413507,-0.08486849,-0.40469652,-0.06911247,-0.09451145,-0.49909514,-0.09229406,-0.10057485,-0.57551754,-0.10599782,-0.011808991,-0.26880312,-0.04179491,-0.005814016,-0.4151917,-0.083977036,-0.0032632947,-0.51880455,-0.111252554,0.0019882917,-0.59824216,-0.122190505,0.03600967,-0.23205757,-0.05428423,0.019616961,-0.2736171,-0.11352191,-0.007907689,-0.19235295,-0.12264131,-0.01856637,-0.12953383,-0.10981897,0.07231653,-0.18032461,-0.06917255,0.0448789,-0.20472622,-0.11591297,0.017995894,-0.14025122,-0.11271486,0.00926733,-0.08888197,-0.09715962
-0.06384766,-0.0389238,-0.04015081,-0.08816177,-0.14120543,-0.062767394,-0.048711896,-0.22556949,-0.085984394,-0.004276037,-0.27866435,-0.1075316,-0.061709046,-0.26702338,-0.039489046,-0.08231497,-0.40073535,-0.07751312,-0.09251881,-0.49613798,-0.10170873,-0.098148584,-0.57301,-0.116248526,-0.008556902,-0.2629987,-0.048636224,-0.0038119555,-0.41102886,-0.0940146,-0.0025877357,-0.5155986,-0.12145137,0.0029664636,-0.5948944,-0.13227634,0.038692534,-0.2247299,-0.062097117,0.022948802,-0.27423954,-0.12530531,-0.004789412,-0.18685383,-0.13180865,-0.014493942,-0.12148142,-0.11649518,0.07429665,-0.17182219,-0.07824071,0.049292684,-0.20429921,-0.1297942,0.023189187,-0.13587189,-0.12606886,0.014741123,-0.08129376,-0.10934544
-0.063999414,-0.036976933,-0.039372016,-0.0882287,-0.13991004,-0.0621115,-0.04886186,-0.22525191,-0.085612096,-0.0051910877,-0.27810246,-0.1075312,-0.061312556,-0.2650653,-0.04123362,-0.08138412,-0.39874917,-0.079717316,-0.09171867,-0.49394476,-0.104078606,-0.097578585,-0.5709075,-0.11897004,-0.007922471,-0.26146632,-0.050955802,-0.0035538673,-0.41030115,-0.09654293,-0.0019672513,-0.51436853,-0.1236769,0.0041260123,-0.5943968,-0.13450149,0.039747536,-0.22335792,-0.06465525,0.02368468,-0.2747959,-0.12684499,-0.0050299764,-0.1856246,-0.13074377,-0.015681446,-0.11864632,-0.114043504,0.075939715,-0.16984904,-0.08113168,0.050139666,-0.20481879,-0.13152833,0.023569822,-0.13767666,-0.1259524,0.014614701,-0.083586514,-0.10810415
-0.0642063,-0.03601408,-0.03892186,-0.088493586,-0.13840753,-0.060478438,-0.04933554,-0.22319621,-0.08212748,-0.007681191,-0.27538592,-0.102351174,-0.064055145,-0.2651685,-0.042243086,-0.08466184,-0.40055236,-0.0812855,-0.09485853,-0.49624074,-0.106084354,-0.100883484,-0.5734504,-0.12083473,-0.010159135,-0.2625398,-0.050943267,-0.004569888,-0.41089475,-0.096481375,-0.0014070272,-0.5146259,-0.12395012,0.0047563314,-0.59486544,-0.13464074,0.03806734,-0.22636831,-0.06324961,0.023152113,-0.2719159,-0.1252841,-0.0042716265,-0.18729419,-0.1308882,-0.01491493,-0.12163991,-0.115311034,0.07417101,-0.17447478,-0.07812068,0.048039913,-0.20121306,-0.1286853,0.022967458,-0.13285393,-0.12359752,0.015498459,-0.07788986,-0.10573896
-0.06283271,-0.037019134,-0.039790165,-0.087132394,-0.13929212,-0.062015828,-0.04747981,-0.22391236,-0.08441372,-0.003602624,-0.27645743,-0.10533801,-0.061481893,-0.26379967,-0.040760867,-0.08212954,-0.3983168,-0.07920249,-0.09291226,-0.49407977,-0.104061484,-0.09897488,-0.57196236,-0.119315855,-0.008348465,-0.26086652,-0.04976051,-0.0025200844,-0.41027296,-0.09482094,0.00025510788,-0.5163422,-0.122622214,0.0071923733,-0.5984816,-0.13392805,0.039322197,-0.22370744,-0.062700406,0.026073635,-0.27364248,-0.12525477,-0.0032804608,-0.18765467,-0.1318114,-0.015027761,-0.12111461,-0.116959654,0.07538581,-0.1713885,-0.07831978,0.05049789,-0.20102584,-0.13095257,0.024463534,-0.1325919,-0.1276329,0.016026676,-0.077438116,-0.11096694
-0.06382245,-0.03981948,-0.04201776,-0.08690965,-0.1408611,-0.06517197,-0.04674107,-0.22272676,-0.08829667,-0.0021312237,-0.2751658,-0.10988722,-0.06272334,-0.26492548,-0.041068215,-0.08376348,-0.3975559,-0.07957067,-0.09459782,-0.49266273,-0.10432601,-0.1002537,-0.56915486,-0.11933184,-0.009445906,-0.26156032,-0.049629875,-0.0043829083,-0.41016686,-0.09454466,-0.0016948581,-0.51632726,-0.12202692,0.0054028034,-0.5961944,-0.13293041,0.038710535,-0.22378778,-0.062900655,0.024014473,-0.27218032,-0.12687804,-0.0031818151,-0.18968743,-0.1367716,-0.0122766495,-0.12607682,-0.12400138,0.07490766,-0.17287505,-0.0789607,0.04917389,-0.19873244,-0.13327672,0.0228858,-0.13148254,-0.13333005,0.015239656,-0.078042924,-0.11922776
-0.06457418,-0.041929603,-0.03969708,-0.087746024,-0.14509892,-0.061184864,-0.047176898,-0.22758228,-0.083233126,-0.0047729015,-0.28073865,-0.10384452,-0.0636183,-0.26945382,-0.03664065,-0.08513218,-0.4022174,-0.07432881,-0.096061766,-0.49719554,-0.098677374,-0.10203689,-0.5734993,-0.113409095,-0.010045528,-0.26723665,-0.046072245,-0.005110562,-0.414042,-0.091203086,-0.002937317,-0.5196584,-0.11961286,0.0033451319,-0.5996051,-0.13102536,0.038074434,-0.2298817,-0.060154185,0.023813605,-0.2753796,-0.12424963,-0.00378263,-0.1915738,-0.13477352,-0.013429046,-0.12789685,-0.122299805,0.07442552,-0.17857212,-0.07679156,0.047716618,-0.20237923,-0.13072984,0.021610022,-0.13403803,-0.13062261,0.014422774,-0.081214845,-0.11636072
-0.06424862,-0.04051882,-0.039193153,-0.08900201,-0.14440793,-0.059724078,-0.0489617,-0.229927,-0.08068553,-0.0051859617,-0.28213644,-0.10009219,-0.06576371,-0.27129185,-0.036551833,-0.08766979,-0.4058783,-0.07382359,-0.09846467,-0.501103,-0.09766314,-0.10517508,-0.5775993,-0.1119003,-0.011947572,-0.26855588,-0.04511936,-0.00768739,-0.4166929,-0.089766875,-0.0062431693,-0.52098393,-0.117710635,-0.0011641383,-0.6012254,-0.1287403,0.036567986,-0.23146981,-0.057977233,0.02148205,-0.27537453,-0.120368615,-0.0055232644,-0.18896073,-0.12897205,-0.015414119,-0.123841345,-0.11513036,0.07328087,-0.17968267,-0.073394306,0.04459524,-0.20205772,-0.124476574,0.019135296,-0.13387948,-0.122248635,0.012111545,-0.08186394,-0.10659464
-0.06555897,-0.04034996,-0.04123273,-0.088789225,-0.14274251,-0.06421365,-0.04774058,-0.22366625,-0.087702684,-0.0059040785,-0.2789408,-0.10984001,-0.06349051,-0.2687961,-0.039201934,-0.08598298,-0.39988998,-0.077557944,-0.09809369,-0.4944973,-0.10256371,-0.10456318,-0.5704626,-0.118043125,-0.009752035,-0.26572108,-0.048937526,-0.006409228,-0.4121826,-0.0945961,-0.0061870813,-0.51744425,-0.123148546,-0.00060749054,-0.5959667,-0.13499826,0.038337946,-0.22746915,-0.06359827,0.021422803,-0.27685457,-0.12831663,-0.00662899,-0.19216466,-0.13867511,-0.015222311,-0.12840635,-0.12645088,0.07531452,-0.17631686,-0.08099617,0.045652807,-0.20243329,-0.13632631,0.019114316,-0.13419592,-0.13715865,0.012684643,-0.08202994,-0.12379141
-0.061528325,-0.034107327,-0.034540836,-0.08661461,-0.13949162,-0.05383044,-0.044617176,-0.22130662,-0.07345621,-0.0014267564,-0.271671,-0.09226823,-0.06348938,-0.26495218,-0.040870942,-0.08381605,-0.39710188,-0.07783956,-0.09485054,-0.49306977,-0.10180494,-0.102056265,-0.56915987,-0.116746664,-0.009410024,-0.263928,-0.050788023,-0.004360497,-0.41255894,-0.092668496,-0.0016694665,-0.51501155,-0.11943124,0.0044924617,-0.5960301,-0.13083524,0.038894832,-0.22740388,-0.06352183,0.024475396,-0.2754768,-0.120219,-0.004831195,-0.19394147,-0.12556233,-0.01707083,-0.13126916,-0.111903064,0.075660765,-0.1733017,-0.07850657,0.04788381,-0.19725698,-0.1259306,0.021879673,-0.13156241,-0.12117028,0.013799965,-0.080153346,-0.104778506
-0.061528325,-0.034107327,-0.034540836,-0.08661461,-0.13949162,-0.05383044,-0.044617176,-0.22130662,-0.07345621,-0.0014267564,-0.271671,-0.09226823,-0.06348938,-0.26495218,-0.040870942,-0.08381605,-0.39710188,-0.07783956,-0.09485054,-0.49306977,-0.10180494,-0.102056265,-0.56915987,-0.116746664,-0.009410024,-0.263928,-0.050788023,-0.004360497,-0.41255894,-0.092668496,-0.0016694665,-0.51501155,-0.11943124,0.0044924617,-0.5960301,-0.13083524,0.038894832,-0.22740388,-0.06352183,0.024475396,-0.2754768,-0.120219,-0.004831195,-0.19394147,-0.12556233,-0.01707083,-0.13126916,-0.111903064,0.075660765,-0.1733017,-0.07850657,0.04788381,-0.19725698,-0.1259306,0.021879673,-0.13156241,-0.12117028,0.013799965,-0.080153346,-0.104778506
-0.065556705,-0.04027891,-0.043845814,-0.08852184,-0.14202416,-0.066229746,-0.04511577,-0.2229299,-0.08815445,-0.0022153258,-0.2779709,-0.1083997,-0.066357076,-0.270988,-0.04071017,-0.08843422,-0.4043833,-0.07923406,-0.09919411,-0.4995866,-0.10418674,-0.10550445,-0.5763488,-0.118993014,-0.012577295,-0.2672134,-0.047651272,-0.008356333,-0.41347498,-0.093092844,-0.007469237,-0.5175039,-0.12074348,-0.002473414,-0.59646595,-0.13134201,0.035863936,-0.22912371,-0.05966413,0.02133292,-0.2728107,-0.12329296,-0.0043224692,-0.18746793,-0.13232452,-0.012387693,-0.1262033,-0.11869397,0.07293737,-0.1781944,-0.07468613,0.047454953,-0.2030279,-0.12654586,0.02202475,-0.13514775,-0.12483223,0.01549381,-0.086123824,-0.10972903
-0.0675714,-0.04101491,-0.04840016,-0.09034753,-0.1404016,-0.0724709,-0.047714114,-0.2185868,-0.09522241,-0.0053605437,-0.27548504,-0.11595603,-0.06740779,-0.2707348,-0.041762892,-0.09064627,-0.40314603,-0.07987669,-0.10261619,-0.49716836,-0.10458908,-0.10909134,-0.5733321,-0.11902116,-0.013551831,-0.2668956,-0.04656721,-0.009952903,-0.4122493,-0.091107525,-0.009235442,-0.516428,-0.11836866,-0.004020393,-0.5939102,-0.12856935,0.035019696,-0.22914666,-0.057289932,0.018628716,-0.27198124,-0.12169993,-0.006975472,-0.18796241,-0.13376856,-0.01448971,-0.12830347,-0.12193549,0.072546184,-0.18062127,-0.071316235,0.045951784,-0.20201832,-0.12444991,0.020343125,-0.13431299,-0.12563448,0.014544904,-0.086756825,-0.11255243
-0.06550962,-0.04171431,-0.038724672,-0.0891304,-0.14531296,-0.059086654,-0.047025263,-0.22944605,-0.07991293,-0.0032362938,-0.28324294,-0.099172406,-0.0659945,-0.2711066,-0.035993367,-0.0873521,-0.40425813,-0.072376795,-0.098884284,-0.4991973,-0.09611318,-0.10618031,-0.5755723,-0.11045766,-0.012255549,-0.26872587,-0.044752136,-0.008607507,-0.416296,-0.08744894,-0.008167386,-0.5209006,-0.11459327,-0.0032050014,-0.60120785,-0.125632,0.036009848,-0.23153603,-0.057842664,0.020838082,-0.27562714,-0.11807097,-0.007908285,-0.19222367,-0.12627198,-0.018617332,-0.12954336,-0.11301141,0.07279259,-0.17925131,-0.073622,0.046854377,-0.20590949,-0.123249434,0.019883752,-0.13961595,-0.12060043,0.011092007,-0.08774334,-0.10521888
-0.0626294,-0.033453763,-0.040058233,-0.08618641,-0.1384803,-0.061327994,-0.042382002,-0.21929449,-0.08247912,0.004664421,-0.2677452,-0.10254904,-0.06422889,-0.2632544,-0.0414925,-0.085719585,-0.3961206,-0.08059271,-0.09768784,-0.4924671,-0.10609764,-0.104774,-0.5690429,-0.121669255,-0.010621667,-0.26191598,-0.049889226,-0.0049765706,-0.40892494,-0.09486568,-0.003471315,-0.5142048,-0.123101644,0.0022146106,-0.5964935,-0.13445118,0.037811935,-0.22551745,-0.062252704,0.024017632,-0.2723081,-0.12419876,-0.004369259,-0.18804061,-0.13184752,-0.014671266,-0.12398672,-0.117803715,0.074652255,-0.17420495,-0.07731893,0.0465132,-0.19681293,-0.12993793,0.021246016,-0.12856585,-0.12765124,0.015286565,-0.076696694,-0.111646086
-0.06525791,-0.033880174,-0.03901808,-0.09106547,-0.13817811,-0.05827302,-0.046575963,-0.21919024,-0.07736376,0.00012922287,-0.2679386,-0.0953042,-0.06697655,-0.2668525,-0.037850156,-0.08871055,-0.39937553,-0.074178584,-0.09965485,-0.4948514,-0.09789006,-0.10663432,-0.5700582,-0.112346776,-0.01291436,-0.26732707,-0.045162167,-0.007916391,-0.41195548,-0.08662468,-0.0063226223,-0.5143341,-0.1129686,-0.0014698505,-0.59260654,-0.12338044,0.03527844,-0.2320227,-0.056679852,0.020984888,-0.27297062,-0.114501,-0.005878806,-0.19258267,-0.12326167,-0.015527368,-0.13183165,-0.11105123,0.07245219,-0.18150616,-0.0709416,0.0435763,-0.19726068,-0.12003568,0.01803571,-0.13112831,-0.119138554,0.011386514,-0.081882834,-0.10508272
-0.06576669,-0.03828025,-0.039726276,-0.09040767,-0.14060026,-0.059849475,-0.04624802,-0.22108269,-0.07999718,-0.0011246204,-0.2704262,-0.09894086,-0.0677349,-0.2688219,-0.037919868,-0.089019835,-0.40092957,-0.074530885,-0.1002236,-0.49604452,-0.098550245,-0.107168496,-0.5722657,-0.11304007,-0.01376307,-0.26706207,-0.04550251,-0.009839416,-0.4122654,-0.08762865,-0.008177936,-0.51542497,-0.11399224,-0.002751708,-0.5944725,-0.12432504,0.03472489,-0.23025894,-0.057432614,0.021099567,-0.27084863,-0.11677175,-0.0057905316,-0.18758357,-0.124920435,-0.015849888,-0.12595499,-0.11174499,0.07140666,-0.17820668,-0.07213904,0.046506524,-0.20068878,-0.12169813,0.02097863,-0.1331923,-0.11949073,0.013215363,-0.08239877,-0.1043654
-0.06556332,-0.04324782,-0.03878633,-0.08940971,-0.14624155,-0.05854882,-0.046537995,-0.22829759,-0.0788975,-0.0024323463,-0.27857363,-0.097793296,-0.06620115,-0.27370042,-0.03521958,-0.08787161,-0.40726537,-0.07186537,-0.099372566,-0.50223637,-0.0956367,-0.106849134,-0.57902926,-0.1097481,-0.012507319,-0.27060705,-0.04351996,-0.00876981,-0.41690078,-0.08676281,-0.0076610446,-0.520861,-0.11393955,-0.002729237,-0.60119885,-0.12451069,0.035666108,-0.23306149,-0.05629403,0.02216214,-0.27422965,-0.11758207,-0.005688548,-0.18958044,-0.12689933,-0.016646802,-0.12627757,-0.11367718,0.072055995,-0.18080896,-0.071658805,0.046884,-0.20519125,-0.12149441,0.02060771,-0.13825983,-0.1194309,0.012062609,-0.08658242,-0.10416103
-0.064480424,-0.039210558,-0.03910246,-0.08938426,-0.14304048,-0.059659395,-0.04720968,-0.22647154,-0.08084335,-0.0030515194,-0.27715415,-0.10056072,-0.0646888,-0.27035636,-0.03780507,-0.08701807,-0.4027128,-0.07509629,-0.09841353,-0.49756825,-0.09915946,-0.105276644,-0.5740622,-0.113695204,-0.011455774,-0.26705688,-0.046589438,-0.008006513,-0.4130143,-0.0908602,-0.0068746805,-0.51721466,-0.11806074,-0.0014374852,-0.59808946,-0.12875515,0.036578894,-0.2294659,-0.05968023,0.022639096,-0.2729612,-0.12142038,-0.0047621727,-0.18595147,-0.12852454,-0.0150616765,-0.12110591,-0.113840915,0.07338548,-0.1766249,-0.07551416,0.048747182,-0.20526898,-0.12584123,0.023101449,-0.13829565,-0.122476175,0.014695168,-0.086078346,-0.10622362
-0.06524885,-0.043017864,-0.042156816,-0.0886032,-0.1443587,-0.06470425,-0.0453732,-0.22521234,-0.08755175,-0.0022621155,-0.27790308,-0.108968705,-0.06604779,-0.27280998,-0.040593546,-0.08824664,-0.4065886,-0.08007546,-0.099983335,-0.5016644,-0.10542859,-0.10696459,-0.57867205,-0.12026748,-0.011982739,-0.26855588,-0.04892465,-0.007965028,-0.4147492,-0.09595198,-0.00658834,-0.52014065,-0.12455613,-0.0014650822,-0.60079694,-0.13547383,0.036991894,-0.23042995,-0.06203084,0.022742629,-0.27288622,-0.12768063,-0.0039250255,-0.18626893,-0.13761911,-0.013937831,-0.12259108,-0.12381396,0.07430577,-0.1786061,-0.07786899,0.050129354,-0.20651567,-0.13059686,0.024691343,-0.13867193,-0.12857506,0.017143905,-0.087224245,-0.112777665
-0.063064456,-0.038478017,-0.034848794,-0.08828986,-0.1443839,-0.053760845,-0.045566738,-0.22735447,-0.07384775,-0.0012874007,-0.2748149,-0.09287489,-0.0631966,-0.26871085,-0.03735603,-0.08531928,-0.40035966,-0.07389908,-0.096990764,-0.4954434,-0.097685374,-0.1047374,-0.57187986,-0.11240106,-0.009601176,-0.26609415,-0.047679342,-0.0056291223,-0.4116753,-0.09071892,-0.004705608,-0.5155656,-0.11777432,0.00029098988,-0.5978082,-0.12888119,0.03858185,-0.22862005,-0.061346274,0.023994625,-0.2709927,-0.119950585,-0.0046379566,-0.1841073,-0.124585845,-0.016005397,-0.11879432,-0.10913036,0.075544536,-0.17430949,-0.07751701,0.050590634,-0.20484424,-0.12513216,0.02406305,-0.1387502,-0.11934858,0.014682412,-0.085680425,-0.101811014
-0.06382477,-0.039016187,-0.034394175,-0.09030765,-0.14294952,-0.052965503,-0.048058927,-0.224599,-0.07258662,-0.004147887,-0.27059925,-0.09110633,-0.06476295,-0.27022904,-0.036432818,-0.08718985,-0.40265954,-0.073066935,-0.0981797,-0.49762988,-0.096837714,-0.10517967,-0.57353127,-0.1111422,-0.011171401,-0.26886874,-0.04629946,-0.007663965,-0.41363406,-0.08855707,-0.0062837005,-0.5155684,-0.11510558,-0.0013486147,-0.59584916,-0.1256264,0.037051916,-0.23267537,-0.059556678,0.022720873,-0.27212548,-0.117008924,-0.0045263767,-0.18911529,-0.122878954,-0.014979541,-0.12565207,-0.10849964,0.07401478,-0.17902815,-0.075242855,0.048521638,-0.20381063,-0.12134284,0.022989929,-0.13845932,-0.11599345,0.014925182,-0.08638537,-0.09895787
-0.06545663,-0.03793007,-0.038812615,-0.09323591,-0.14042348,-0.060041938,-0.052701235,-0.223284,-0.08176306,-0.008887172,-0.27178383,-0.10210505,-0.06817567,-0.27097553,-0.0410621,-0.091140926,-0.40552336,-0.07970863,-0.10324252,-0.49980742,-0.104210906,-0.1108194,-0.5764526,-0.11866501,-0.014674425,-0.26857597,-0.04954342,-0.012156785,-0.41548008,-0.095040075,-0.010309577,-0.51865053,-0.12218263,-0.004968643,-0.5982692,-0.13243285,0.033634424,-0.23291534,-0.061958604,0.019169927,-0.27506697,-0.1233093,-0.0059350133,-0.18961942,-0.13003184,-0.015423238,-0.12451625,-0.11515191,0.071429014,-0.18234998,-0.077019185,0.046826303,-0.20911223,-0.12574896,0.022179842,-0.14156055,-0.12144759,0.014497697,-0.08898568,-0.10461721
-0.06335592,-0.03699851,-0.036006674,-0.09151274,-0.13937563,-0.056642782,-0.05191946,-0.2225607,-0.07831424,-0.008737385,-0.27057713,-0.098777756,-0.06679702,-0.27082676,-0.040844988,-0.0890249,-0.40512478,-0.079714775,-0.10012263,-0.5004644,-0.10432664,-0.10714573,-0.5770097,-0.11888185,-0.013252556,-0.2683776,-0.05085351,-0.010206163,-0.41444194,-0.096453235,-0.008321583,-0.51726854,-0.12386573,-0.0036385655,-0.5976604,-0.13439913,0.0352574,-0.2321698,-0.064160824,0.021400452,-0.2729389,-0.124659754,-0.004050672,-0.18576312,-0.12931153,-0.014629066,-0.1196776,-0.113217235,0.07267374,-0.17897302,-0.07993286,0.04842341,-0.20612979,-0.12711799,0.023996353,-0.13894093,-0.12033931,0.015441179,-0.08582193,-0.101817474
-0.06546664,-0.036697805,-0.040836357,-0.091777444,-0.13710207,-0.063885935,-0.05086559,-0.21816391,-0.08671707,-0.0072671175,-0.26694447,-0.10813394,-0.06699568,-0.2627923,-0.046892036,-0.091848195,-0.39548832,-0.08845193,-0.10487199,-0.49068257,-0.11479331,-0.113012254,-0.56728166,-0.13043338,-0.013718307,-0.26087666,-0.054927643,-0.010960937,-0.40817183,-0.10295861,-0.0083884,-0.5116662,-0.13154092,-0.001842022,-0.592696,-0.14261654,0.03445506,-0.22596997,-0.066634655,0.019312322,-0.26487136,-0.12973388,-0.005361557,-0.18094873,-0.13557431,-0.01378423,-0.117308736,-0.11985398,0.071754634,-0.17562395,-0.08114258,0.04740882,-0.20050985,-0.13140303,0.024258673,-0.13297707,-0.12621075,0.018068194,-0.08023435,-0.10830702
-0.06709695,-0.035383046,-0.05335202,-0.0912891,-0.13154536,-0.080068596,-0.047866166,-0.20522225,-0.10456327,-0.0016909242,-0.2556882,-0.12719601,-0.06909168,-0.2561804,-0.04894088,-0.09335852,-0.38843486,-0.09128062,-0.106785774,-0.48356995,-0.118868314,-0.11423111,-0.56121504,-0.13546793,-0.015048504,-0.2546352,-0.05234338,-0.012006402,-0.39923447,-0.102419876,-0.0092712045,-0.5071214,-0.13287304,-0.0033119917,-0.58824897,-0.14431971,0.033983648,-0.22021967,-0.061970428,0.017504692,-0.25653946,-0.13326691,-0.004735887,-0.17025143,-0.14864957,-0.012198806,-0.10963565,-0.13731244,0.07150704,-0.17765349,-0.075097226,0.04582745,-0.18737376,-0.1363803,0.022121906,-0.11454135,-0.14192818,0.016230762,-0.06532824,-0.13036984
-0.065828204,-0.03256035,-0.052308355,-0.09000903,-0.12735856,-0.07934616,-0.048812747,-0.20299709,-0.10433598,-0.005172968,-0.25841504,-0.12777793,-0.06671035,-0.25718552,-0.047808304,-0.090840936,-0.38925725,-0.08911592,-0.10428226,-0.4841324,-0.116199106,-0.112583876,-0.5615381,-0.13251413,-0.013173759,-0.2554819,-0.051530957,-0.008828521,-0.40221575,-0.09908072,-0.0066815615,-0.50845635,-0.12845328,-0.0024194717,-0.5874223,-0.13964403,0.035668194,-0.22041416,-0.06141666,0.017011404,-0.26144266,-0.13051838,-0.008682787,-0.17831641,-0.14705457,-0.017780602,-0.11829376,-0.13739794,0.073450744,-0.17675996,-0.07456965,0.044005394,-0.18954027,-0.13419297,0.01787579,-0.12009865,-0.140421,0.011583805,-0.07174593,-0.12998171
-0.06489295,-0.034852028,-0.043983992,-0.089906216,-0.13158989,-0.06880786,-0.048424482,-0.20937353,-0.093357116,-0.0048146844,-0.2600159,-0.11671057,-0.06692386,-0.2603305,-0.048369676,-0.08947998,-0.39208877,-0.09126623,-0.101653695,-0.48759997,-0.11921581,-0.10900897,-0.56540096,-0.13613725,-0.0128727555,-0.25763434,-0.056786027,-0.00935328,-0.40525752,-0.106680304,-0.0068463683,-0.5109445,-0.13631514,-0.001067698,-0.591375,-0.1479321,0.03670013,-0.22170717,-0.069690384,0.020327091,-0.26012796,-0.13702929,-0.0053070784,-0.17453259,-0.1457899,-0.014993131,-0.11066806,-0.1313265,0.0743435,-0.17245477,-0.085542604,0.04900819,-0.19641864,-0.14048892,0.023601532,-0.12684995,-0.13826744,0.015146971,-0.07382852,-0.12214987
-0.06494433,-0.035461366,-0.039393492,-0.09055138,-0.1357261,-0.060043853,-0.048083782,-0.21280229,-0.08076781,-0.0048175454,-0.26167005,-0.10066992,-0.06744808,-0.2638123,-0.041500673,-0.088872075,-0.39545143,-0.08012368,-0.10088378,-0.4905148,-0.10485754,-0.10874063,-0.56685054,-0.11957101,-0.013052523,-0.2633692,-0.04986093,-0.009281337,-0.4078735,-0.09474738,-0.0069258213,-0.5105282,-0.12208802,-0.0019717813,-0.5891104,-0.1323851,0.036421537,-0.22832459,-0.06235175,0.018751025,-0.26195884,-0.1251467,-0.0062505007,-0.1776104,-0.13542017,-0.015304565,-0.11507326,-0.122808404,0.07363188,-0.17849654,-0.07729424,0.044751644,-0.19249916,-0.12905762,0.019159675,-0.12334263,-0.1282227,0.011860907,-0.07251507,-0.11365979
-0.06516796,-0.03330499,-0.03846496,-0.09237099,-0.13514906,-0.05971081,-0.05051291,-0.21783322,-0.08114314,-0.0060119033,-0.26655185,-0.10148866,-0.068650365,-0.2643302,-0.043532737,-0.09062195,-0.3975489,-0.08369801,-0.10213727,-0.4930042,-0.10968619,-0.109730124,-0.57023317,-0.12539308,-0.0143889785,-0.26408255,-0.052346576,-0.011541903,-0.41006768,-0.09831603,-0.008988678,-0.51289904,-0.12603585,-0.003388226,-0.5933392,-0.13708253,0.03430462,-0.22996831,-0.06466754,0.02096349,-0.26998544,-0.12527095,-0.004899919,-0.1851542,-0.13035563,-0.015642405,-0.12057042,-0.115030415,0.07186949,-0.17928481,-0.07973373,0.047813356,-0.20165622,-0.12887394,0.023174226,-0.13276172,-0.123656236,0.014665008,-0.079458654,-0.106180504
-0.065426886,-0.03515464,-0.039510775,-0.090195596,-0.13629973,-0.060168363,-0.047623515,-0.21519357,-0.0807732,-0.003334701,-0.26389253,-0.100352906,-0.06804341,-0.26278478,-0.042079076,-0.09005636,-0.3959438,-0.08085368,-0.10185355,-0.49148762,-0.10567435,-0.10936451,-0.5682761,-0.12035334,-0.013669968,-0.2634353,-0.049524233,-0.009380043,-0.40675268,-0.093893945,-0.00697124,-0.508773,-0.120834626,-0.0015120506,-0.5873395,-0.13100539,0.0354473,-0.22933638,-0.06089188,0.019240856,-0.26159394,-0.12088645,-0.0072286725,-0.17766607,-0.12894122,-0.017295301,-0.11554676,-0.1154676,0.072894216,-0.18000072,-0.074984215,0.045264423,-0.19327718,-0.12417179,0.019230247,-0.1254434,-0.121779,0.01160121,-0.0756197,-0.10632151
-0.06733441,-0.0332036,-0.044502523,-0.09455079,-0.13571131,-0.06810548,-0.050463617,-0.21924102,-0.09106144,-0.0042423606,-0.26926327,-0.11260989,-0.06858468,-0.26247358,-0.048472628,-0.092820704,-0.3970409,-0.0909172,-0.10530925,-0.49296468,-0.11793922,-0.11292213,-0.57045215,-0.134203,-0.014100134,-0.26136124,-0.055555705,-0.012555659,-0.41035676,-0.1053421,-0.010344386,-0.5145316,-0.13454169,-0.00370121,-0.5953065,-0.14593233,0.03473878,-0.2265467,-0.06695877,0.02276671,-0.2703774,-0.13283128,-0.0035113692,-0.18252379,-0.13894664,-0.014036417,-0.11725277,-0.122809745,0.0731166,-0.17684156,-0.08145951,0.050703645,-0.20564497,-0.13510929,0.026399553,-0.13620484,-0.13116755,0.018121243,-0.083232164,-0.11368744
-0.06509566,-0.037000716,-0.04244682,-0.08969784,-0.1388802,-0.06512403,-0.04674834,-0.22019893,-0.087653756,-0.001609385,-0.26997554,-0.1089791,-0.065933526,-0.26546806,-0.044150572,-0.08897424,-0.39915913,-0.08537377,-0.100856066,-0.4951703,-0.1122773,-0.10805917,-0.5725864,-0.12854637,-0.0115869045,-0.26346618,-0.052324664,-0.008153319,-0.41059482,-0.10015818,-0.0061493516,-0.5144491,-0.12931696,-0.00021958351,-0.5941117,-0.1409699,0.03718549,-0.2270379,-0.06484861,0.023622572,-0.2713188,-0.12940723,-0.0035665631,-0.18691736,-0.13724941,-0.014187932,-0.12351757,-0.1228665,0.074563324,-0.17538309,-0.08029031,0.050348043,-0.20195615,-0.13353048,0.02451396,-0.13297027,-0.1306203,0.016093254,-0.079895616,-0.11419733
-0.06469184,-0.03498292,-0.040824674,-0.09065199,-0.1374982,-0.06326012,-0.047346473,-0.22134334,-0.08544106,-0.0021193027,-0.27106357,-0.106383346,-0.067268014,-0.2652157,-0.04525144,-0.0897513,-0.39919928,-0.086045325,-0.101358056,-0.49519575,-0.11284897,-0.10860354,-0.57296216,-0.12930016,-0.013536096,-0.2630065,-0.053265493,-0.010462701,-0.41039765,-0.1001227,-0.00799942,-0.5143167,-0.1287631,-0.0017188191,-0.5959693,-0.14062425,0.034754395,-0.2272234,-0.065006524,0.023424149,-0.2743426,-0.12685245,-0.0030782819,-0.19062561,-0.1318764,-0.013912499,-0.12645179,-0.11641288,0.07255846,-0.17542386,-0.07961926,0.05095333,-0.20751631,-0.13000946,0.02648002,-0.13930726,-0.12443505,0.018127918,-0.08512586,-0.1065721
-0.066615164,-0.04025674,-0.05049916,-0.09002864,-0.13796824,-0.07688515,-0.046148837,-0.2147482,-0.10219142,-0.0015568733,-0.26967895,-0.12564355,-0.06848866,-0.2677412,-0.046101354,-0.0919413,-0.40126562,-0.08884207,-0.10400915,-0.49677867,-0.116802916,-0.11045593,-0.57447445,-0.13326828,-0.014065802,-0.26470828,-0.051840648,-0.011187673,-0.41025412,-0.102537215,-0.009461105,-0.5164127,-0.13289443,-0.0040490627,-0.5946297,-0.14426172,0.035519183,-0.22873193,-0.06372197,0.019091904,-0.2658183,-0.13431937,-0.0051956773,-0.17850703,-0.14729765,-0.013392329,-0.11674118,-0.13457225,0.073656976,-0.18300962,-0.079015456,0.047242284,-0.19922328,-0.13666366,0.021372557,-0.12658215,-0.13812186,0.014321864,-0.07652807,-0.124218665
-0.06692839,-0.042199016,-0.057934493,-0.088632286,-0.13706785,-0.08900994,-0.047600925,-0.20987177,-0.11847392,-0.0032924414,-0.26804602,-0.14579661,-0.06959617,-0.26540893,-0.049975898,-0.0942266,-0.39825836,-0.09651229,-0.10650617,-0.49301922,-0.12703368,-0.112272024,-0.5712464,-0.14513598,-0.014885724,-0.2603103,-0.055503827,-0.012640953,-0.40745097,-0.111911364,-0.010850191,-0.514495,-0.1453555,-0.005856395,-0.591671,-0.15788785,0.035258174,-0.22312868,-0.06872394,0.017623425,-0.2626142,-0.14763945,-0.0036087036,-0.17371368,-0.16571636,-0.009568989,-0.11488414,-0.15474288,0.07468301,-0.18110508,-0.08573253,0.048854172,-0.19744879,-0.15042336,0.02382952,-0.12214357,-0.15638243,0.017023504,-0.07387626,-0.14507838
-0.06578565,-0.04270965,-0.03993748,-0.0912624,-0.14378703,-0.06185212,-0.04942268,-0.22436124,-0.0843243,-0.005637884,-0.2739166,-0.105350174,-0.069411814,-0.27206784,-0.041333664,-0.09187347,-0.40735745,-0.08176444,-0.10324186,-0.5024579,-0.1075135,-0.1105085,-0.58041155,-0.12241482,-0.014843643,-0.26969433,-0.050252628,-0.012032747,-0.41641575,-0.09855326,-0.008943915,-0.5215734,-0.1276311,-0.0029972792,-0.6027921,-0.13847026,0.034558296,-0.23430973,-0.06331146,0.021007597,-0.2699325,-0.12785119,-0.002702415,-0.18145788,-0.13553703,-0.012018681,-0.11634064,-0.12014654,0.07291722,-0.18514341,-0.07906257,0.049276948,-0.2047103,-0.1290566,0.025168657,-0.13439602,-0.12440453,0.01762259,-0.08243257,-0.10676954
-0.06535208,-0.04059565,-0.041197203,-0.09122503,-0.14192188,-0.063839525,-0.048750103,-0.2226752,-0.086731404,-0.0045831203,-0.27346623,-0.108251594,-0.06853688,-0.27063805,-0.042476334,-0.09115571,-0.405015,-0.082475305,-0.10252893,-0.50007826,-0.10794497,-0.10979915,-0.5773999,-0.122845545,-0.014138937,-0.26821595,-0.05097287,-0.011227071,-0.41523057,-0.09828473,-0.008987725,-0.51986265,-0.12683327,-0.0042064786,-0.6008221,-0.13762917,0.035191,-0.23224902,-0.06381855,0.021408021,-0.27274734,-0.12849468,-0.002508521,-0.18620032,-0.1371863,-0.011971772,-0.12244719,-0.12273871,0.07337731,-0.18200243,-0.07931076,0.05064088,-0.20754802,-0.13015614,0.02618903,-0.13862765,-0.12644562,0.01818937,-0.08652514,-0.10966844
-0.0653947,-0.035844266,-0.045189895,-0.09045023,-0.13680172,-0.068380095,-0.0497005,-0.21769994,-0.09104899,-0.007361412,-0.2719298,-0.11217273,-0.06822944,-0.26429933,-0.04351735,-0.09157097,-0.39911598,-0.08294293,-0.10330522,-0.49513552,-0.10789387,-0.11019868,-0.57321167,-0.12264815,-0.014563799,-0.2619087,-0.05026507,-0.010609686,-0.40889302,-0.09776234,-0.008324087,-0.5147254,-0.12627603,-0.003302753,-0.5943622,-0.1369988,0.034382045,-0.22618985,-0.06203858,0.019966781,-0.26844448,-0.12916286,-0.003583908,-0.18166894,-0.14016274,-0.012579322,-0.117643535,-0.12689528,0.07234615,-0.1783889,-0.07668226,0.04768169,-0.20102191,-0.13194518,0.023337781,-0.13020176,-0.13186973,0.015800834,-0.07786137,-0.117248796
-0.06595105,-0.034897685,-0.044380795,-0.0904156,-0.13728356,-0.06621623,-0.04820025,-0.2170785,-0.08722558,-0.005940616,-0.27360904,-0.10684054,-0.06965113,-0.26590765,-0.042408347,-0.091285706,-0.39800948,-0.08015594,-0.10324168,-0.49300832,-0.103502855,-0.11085969,-0.56960607,-0.11706287,-0.0152160525,-0.26511443,-0.048560124,-0.0113758445,-0.4109151,-0.09289154,-0.009264946,-0.51535046,-0.11941234,-0.003880918,-0.59402764,-0.12902218,0.033943057,-0.22991675,-0.059772003,0.017932713,-0.26378852,-0.12341691,-0.0073602796,-0.17670363,-0.13448383,-0.016589463,-0.11514485,-0.12207439,0.07126105,-0.18236947,-0.07388135,0.04351479,-0.19281101,-0.12708493,0.018083036,-0.1212033,-0.12810044,0.0110016465,-0.07199609,-0.11476956
-0.06530017,-0.034311295,-0.048944443,-0.089583755,-0.136985,-0.07223298,-0.04470831,-0.21732849,-0.09414257,-0.00026643276,-0.27429903,-0.11439961,-0.06910306,-0.26494205,-0.043281596,-0.09144604,-0.39878136,-0.0820997,-0.10294539,-0.49442434,-0.106784865,-0.10965687,-0.5725075,-0.12123849,-0.015505552,-0.26227707,-0.0479785,-0.012163103,-0.40938163,-0.09475967,-0.009757698,-0.5150829,-0.122346245,-0.0040653944,-0.5939472,-0.13215318,0.033439934,-0.2264865,-0.058514897,0.02070111,-0.26462793,-0.12626813,-0.0024402142,-0.17321914,-0.13744807,-0.011079311,-0.11029869,-0.12377478,0.071269274,-0.18088871,-0.072275475,0.04806018,-0.20035559,-0.12925518,0.024178684,-0.12574917,-0.13030952,0.01666975,-0.07542747,-0.116139084
-0.06624204,-0.033223927,-0.04417144,-0.092320085,-0.13613856,-0.065223046,-0.04897982,-0.22025216,-0.08554466,-0.0037127733,-0.27293766,-0.104375064,-0.071228266,-0.26338285,-0.040957496,-0.093058705,-0.39875925,-0.07842088,-0.1039446,-0.49502483,-0.102456614,-0.11068052,-0.5729083,-0.11687176,-0.017555952,-0.2613024,-0.046796393,-0.013311386,-0.4088459,-0.09193115,-0.010595024,-0.5148264,-0.11934726,-0.0048683286,-0.59571797,-0.12985794,0.030861437,-0.22583288,-0.05746833,0.02143979,-0.26881832,-0.121432476,-0.0027908683,-0.18136686,-0.13042493,-0.013258159,-0.11782849,-0.116453245,0.06858897,-0.17764765,-0.07109264,0.048612714,-0.20410055,-0.12493286,0.025357783,-0.1335581,-0.12396275,0.016458929,-0.08158296,-0.10888181
-0.066872954,-0.03686583,-0.042075913,-0.09235692,-0.13928515,-0.0635752,-0.0497272,-0.22031349,-0.084755555,-0.007383585,-0.27254426,-0.104613274,-0.06983447,-0.26878977,-0.042301055,-0.09243089,-0.40270287,-0.08089527,-0.10402161,-0.49775064,-0.10559986,-0.11115044,-0.57474303,-0.12013108,-0.0155463815,-0.26740867,-0.04935095,-0.011798263,-0.41375834,-0.09454112,-0.009714067,-0.51719564,-0.122038595,-0.004615307,-0.5962994,-0.13245998,0.03336996,-0.23201627,-0.06084137,0.019060075,-0.27152038,-0.123015046,-0.0055193305,-0.18681985,-0.1318157,-0.014829993,-0.12523997,-0.118296735,0.0714255,-0.18262994,-0.07517353,0.04843408,-0.20512205,-0.12535195,0.023780286,-0.13676602,-0.12291279,0.01629895,-0.08680236,-0.10740501
-0.06566018,-0.032120526,-0.041616954,-0.09110421,-0.13575655,-0.06290586,-0.04802704,-0.21700972,-0.0837397,-0.006145239,-0.2690429,-0.10348255,-0.068360865,-0.26447463,-0.04452609,-0.09160304,-0.39880162,-0.08421746,-0.10324901,-0.4950987,-0.10960679,-0.11006284,-0.5726609,-0.12479508,-0.013867557,-0.26351,-0.05185463,-0.009824991,-0.40907305,-0.09852537,-0.007777989,-0.5127982,-0.12679398,-0.0021198392,-0.5930842,-0.13781738,0.035029292,-0.22863191,-0.06326816,0.021561086,-0.2685293,-0.12690307,-0.0034469962,-0.18200195,-0.13528147,-0.012807667,-0.11826664,-0.12143343,0.07274312,-0.17927855,-0.07740102,0.047919214,-0.19826812,-0.13042118,0.024174392,-0.12728971,-0.12850182,0.017819405,-0.07534665,-0.11284607
-0.06622368,-0.033750296,-0.045633428,-0.09114587,-0.13571155,-0.068471,-0.046750247,-0.21462679,-0.09023746,-0.0014496446,-0.266514,-0.11080631,-0.06834948,-0.26228404,-0.046035763,-0.09253067,-0.3965407,-0.0868834,-0.10446566,-0.4927432,-0.11336524,-0.11092627,-0.5697969,-0.12929146,-0.0139609575,-0.26113176,-0.05204334,-0.010406733,-0.40711626,-0.09975288,-0.008428574,-0.5113504,-0.12883665,-0.002600193,-0.5905516,-0.1403052,0.034690738,-0.22607219,-0.063073486,0.020360053,-0.26789027,-0.12947756,-0.0040769577,-0.18508577,-0.14161871,-0.012494862,-0.1247403,-0.12992135,0.072351694,-0.17901915,-0.0770207,0.047334194,-0.1978091,-0.13388883,0.022328556,-0.12754267,-0.13606623,0.015333474,-0.07690787,-0.12311719
-0.06626898,-0.038467407,-0.04234759,-0.091834486,-0.13728875,-0.06427734,-0.04950589,-0.21441644,-0.08615187,-0.0053577423,-0.26438785,-0.106829084,-0.066471696,-0.26722372,-0.040438283,-0.08929372,-0.4008519,-0.079418674,-0.100901544,-0.49610126,-0.104369126,-0.10756123,-0.57283163,-0.1189063,-0.012372375,-0.26547515,-0.04784465,-0.00896579,-0.41100508,-0.09348708,-0.0064115524,-0.5143727,-0.121287785,-0.0007597804,-0.5914415,-0.13156271,0.036427677,-0.23013216,-0.060208403,0.020407796,-0.26763266,-0.12584202,-0.0038639903,-0.18415594,-0.13868038,-0.011861742,-0.12121749,-0.12695915,0.07372481,-0.18215787,-0.07515645,0.045780182,-0.19709313,-0.13024929,0.020222723,-0.12681377,-0.13198043,0.013488591,-0.074435115,-0.11861265
-0.06777972,-0.042027593,-0.0487175,-0.092199266,-0.13942236,-0.07257653,-0.05001819,-0.21681035,-0.09559476,-0.007647276,-0.27236766,-0.11672233,-0.06876755,-0.2706728,-0.03887787,-0.09160811,-0.40324757,-0.076792836,-0.102959216,-0.49773753,-0.101495534,-0.10967535,-0.57459235,-0.11576575,-0.015518546,-0.26598603,-0.044111,-0.012026966,-0.41256082,-0.08898787,-0.010580063,-0.51625717,-0.11634329,-0.0060409307,-0.59236336,-0.12614144,0.033181906,-0.22788614,-0.05578181,0.018694341,-0.2706763,-0.12271609,-0.0047736764,-0.18596762,-0.13714188,-0.012516975,-0.127074,-0.12588598,0.071780086,-0.1796785,-0.07056243,0.049710274,-0.20629263,-0.12522651,0.024388075,-0.13818675,-0.1274901,0.016807675,-0.09067953,-0.11490047
-0.06735808,-0.045374334,-0.049925227,-0.09099597,-0.14143205,-0.07586826,-0.049312294,-0.21871573,-0.10156523,-0.0054166317,-0.27430546,-0.12552531,-0.06599343,-0.270006,-0.041679874,-0.090030074,-0.40412715,-0.081240095,-0.10187107,-0.49915582,-0.10712745,-0.108341694,-0.5771706,-0.12233216,-0.012785852,-0.26297247,-0.04813749,-0.009623408,-0.4108172,-0.095364064,-0.009121418,-0.5175487,-0.124380074,-0.0046368837,-0.5966195,-0.13554339,0.035532653,-0.22311294,-0.061156016,0.022735655,-0.26989704,-0.1313734,-0.0040893555,-0.18323058,-0.1466485,-0.014122486,-0.12071711,-0.13540031,0.0734576,-0.17358351,-0.07734953,0.053173482,-0.20742965,-0.13493568,0.026229799,-0.13925779,-0.1378043,0.016573608,-0.087464154,-0.12530135
-0.06538159,-0.037383556,-0.04132744,-0.09071076,-0.13876653,-0.063142754,-0.048829913,-0.22152132,-0.085070476,-0.0045728683,-0.27356416,-0.105503514,-0.06706065,-0.2662645,-0.041511226,-0.08984733,-0.40093508,-0.0799975,-0.10167903,-0.49699533,-0.10471224,-0.10912365,-0.57484794,-0.11936994,-0.013852775,-0.26199323,-0.04886692,-0.009971499,-0.4091261,-0.09423807,-0.008524954,-0.51381344,-0.12156189,-0.0035315752,-0.5955068,-0.13215418,0.034030676,-0.22544366,-0.060544025,0.02272898,-0.2696374,-0.12298468,-0.00399673,-0.18351328,-0.12958181,-0.015557945,-0.11997461,-0.114305526,0.07140267,-0.17518955,-0.07503769,0.051080048,-0.20852625,-0.12464288,0.025672972,-0.14201492,-0.12008731,0.015298128,-0.09034479,-0.10304541
-0.069583416,-0.042349756,-0.057396393,-0.09217018,-0.13757586,-0.08412118,-0.047071815,-0.20973408,-0.108602405,-0.00096428394,-0.2636441,-0.13106991,-0.0705356,-0.26748312,-0.043305025,-0.09443313,-0.39981908,-0.0826792,-0.105879605,-0.4948264,-0.10904972,-0.11155784,-0.57257384,-0.1246182,-0.016897082,-0.2599973,-0.045996394,-0.014515638,-0.40806156,-0.09316161,-0.013260186,-0.5145205,-0.1221539,-0.008623898,-0.59175295,-0.13286339,0.031999707,-0.22034591,-0.05665288,0.017109334,-0.26657277,-0.12992722,-0.006347239,-0.18127155,-0.15033753,-0.014213562,-0.123108864,-0.14191625,0.07068342,-0.17489624,-0.07086264,0.04936552,-0.20198,-0.13388486,0.02380681,-0.13017392,-0.14256312,0.016245604,-0.08099449,-0.13378048
-0.0678944,-0.043501496,-0.050356273,-0.09284514,-0.1419878,-0.07276013,-0.048235,-0.22136158,-0.09375689,-0.002690494,-0.2749179,-0.11283599,-0.07015073,-0.27052343,-0.037495974,-0.09286332,-0.40477157,-0.07405619,-0.103937685,-0.5001259,-0.098506235,-0.110741675,-0.5782212,-0.11290179,-0.017291725,-0.26419365,-0.041094042,-0.015478492,-0.41305545,-0.08538466,-0.014449298,-0.52015615,-0.11302822,-0.009557903,-0.59996796,-0.123229474,0.031138718,-0.22539943,-0.051347263,0.019053161,-0.27105534,-0.11892548,-0.0040302277,-0.18493962,-0.13375568,-0.012251675,-0.1251939,-0.122371905,0.06959677,-0.1778304,-0.064822115,0.04932505,-0.20802212,-0.12141912,0.025526822,-0.13764137,-0.12439541,0.018559694,-0.08881688,-0.111949526
-0.06615102,-0.039390862,-0.047417797,-0.09045029,-0.13942075,-0.06976717,-0.046999812,-0.22069776,-0.09107522,-0.0028181672,-0.27530837,-0.110678725,-0.070040226,-0.26767552,-0.03928226,-0.091691375,-0.40209928,-0.07673638,-0.1032812,-0.49765158,-0.10118867,-0.110708475,-0.5754304,-0.11559015,-0.017149806,-0.2633735,-0.044256233,-0.014789045,-0.41153035,-0.08947335,-0.013391256,-0.5181189,-0.11745873,-0.008347988,-0.5980179,-0.12797964,0.031623006,-0.22630984,-0.055050015,0.018496454,-0.26839244,-0.12206321,-0.0037922263,-0.18328243,-0.13581972,-0.011173606,-0.12183064,-0.12419899,0.06989032,-0.17893136,-0.068817854,0.047231197,-0.20161766,-0.12507465,0.024459183,-0.13085407,-0.1274593,0.01873827,-0.08061403,-0.11461501
-0.068145216,-0.04251975,-0.047088698,-0.09294945,-0.14196903,-0.06835544,-0.049433768,-0.2213493,-0.08862888,-0.0052434206,-0.27453202,-0.106967255,-0.07008636,-0.26949567,-0.03634986,-0.09231353,-0.40340012,-0.072369955,-0.10339177,-0.49898422,-0.09616798,-0.11028695,-0.5767351,-0.11012796,-0.016840696,-0.26425093,-0.040896375,-0.014039159,-0.41273993,-0.084583946,-0.012725949,-0.51995265,-0.11211587,-0.007631302,-0.6001762,-0.12237671,0.03146243,-0.22653091,-0.051532347,0.018069744,-0.2680549,-0.11766866,-0.0043361783,-0.1840105,-0.13213213,-0.011644125,-0.12433696,-0.12088451,0.06952703,-0.17969531,-0.065113276,0.047932327,-0.20555562,-0.12013,0.024196982,-0.13538939,-0.122647725,0.01762551,-0.08585793,-0.11011469
-0.06599796,-0.04354,-0.041132282,-0.09116006,-0.14613503,-0.06157436,-0.048095644,-0.2268179,-0.081916586,-0.0047987103,-0.27759427,-0.100777686,-0.06727266,-0.27322555,-0.038223654,-0.08949202,-0.4070029,-0.07544565,-0.10057253,-0.50296855,-0.09989828,-0.107292295,-0.5806215,-0.114330605,-0.013426125,-0.26891142,-0.045380227,-0.010755956,-0.41699582,-0.08879268,-0.009061158,-0.52180195,-0.11609242,-0.0030612946,-0.60309774,-0.12666069,0.03504336,-0.23095912,-0.057116292,0.022533774,-0.27506822,-0.11889398,-0.0027332902,-0.19164336,-0.12809643,-0.011999786,-0.12964916,-0.11461185,0.07219672,-0.1789391,-0.07154836,0.050424457,-0.20968217,-0.12113861,0.025632858,-0.14300299,-0.11805705,0.018063009,-0.09162682,-0.10211433
-0.06441957,-0.038850307,-0.040716913,-0.089921355,-0.14153534,-0.06157224,-0.047608078,-0.22094566,-0.08233421,-0.0033750534,-0.2711305,-0.10183289,-0.065998495,-0.2686152,-0.040798545,-0.088386655,-0.4014362,-0.07846775,-0.09925985,-0.4971863,-0.10270648,-0.10609645,-0.57425976,-0.11707159,-0.011938453,-0.26613808,-0.04834599,-0.008572578,-0.4119158,-0.09265244,-0.0072529316,-0.51646376,-0.1198844,-0.002752483,-0.5964651,-0.13021742,0.03673333,-0.23019415,-0.06026183,0.02128625,-0.26929766,-0.1228643,-0.003335297,-0.18421555,-0.1323392,-0.012309611,-0.12090093,-0.11897603,0.074059606,-0.18043828,-0.0747939,0.048065424,-0.20077032,-0.1261482,0.023913324,-0.13078558,-0.12444837,0.017468214,-0.078507185,-0.10921317
-0.06708294,-0.039035678,-0.048528958,-0.09087217,-0.13622963,-0.07381165,-0.04864037,-0.21167332,-0.098418385,-0.006660402,-0.26671654,-0.12158639,-0.06660521,-0.26464897,-0.045079816,-0.08958399,-0.3968668,-0.08481604,-0.100779235,-0.49218428,-0.11037831,-0.1068089,-0.5696151,-0.12552668,-0.012964249,-0.26028425,-0.051709313,-0.009559751,-0.40654993,-0.099302195,-0.008262813,-0.51258266,-0.12761071,-0.0036283135,-0.59046006,-0.13819917,0.03556174,-0.2229296,-0.064307764,0.020281851,-0.26654464,-0.13418743,-0.0044897795,-0.18031847,-0.14853595,-0.013422012,-0.11776918,-0.13715598,0.073494375,-0.17524338,-0.07992478,0.049796343,-0.1997785,-0.13886781,0.024380386,-0.12878555,-0.14229469,0.01652044,-0.076775074,-0.1300635
-0.06667286,-0.03604424,-0.03891924,-0.09306747,-0.13922554,-0.05801567,-0.050649345,-0.21969396,-0.07714031,-0.007963657,-0.2694599,-0.095172875,-0.06769681,-0.26788992,-0.038569402,-0.09016949,-0.40130705,-0.07478054,-0.10080242,-0.49682248,-0.0978305,-0.10735583,-0.57360995,-0.11144389,-0.013511419,-0.26722473,-0.045952115,-0.010442257,-0.41244826,-0.088445365,-0.008705795,-0.5152197,-0.11450874,-0.0036711693,-0.5940721,-0.12430859,0.03480178,-0.23245984,-0.057465754,0.020819664,-0.2719255,-0.117697224,-0.004177332,-0.18696314,-0.12649707,-0.013360739,-0.12281513,-0.11335024,0.072054625,-0.18289602,-0.07152845,0.04619521,-0.20134062,-0.12153485,0.022129774,-0.13230914,-0.11993996,0.01564914,-0.08039981,-0.105046205
-0.06453252,-0.040515125,-0.0391331,-0.09103346,-0.14327383,-0.060811087,-0.0504812,-0.22574574,-0.08310647,-0.007245064,-0.27711612,-0.104122534,-0.066989124,-0.2711997,-0.041631285,-0.0891099,-0.40579793,-0.0811598,-0.10023409,-0.5019605,-0.10645068,-0.107216835,-0.57983565,-0.12114786,-0.012908101,-0.26766425,-0.05071843,-0.009874344,-0.41628987,-0.0970117,-0.008741856,-0.52131903,-0.12468182,-0.0044050813,-0.60230637,-0.13506182,0.035688937,-0.23180795,-0.063845105,0.021418095,-0.2726248,-0.1271855,-0.002880156,-0.18601537,-0.13418426,-0.011923492,-0.12121874,-0.11881756,0.0727939,-0.18143022,-0.079559855,0.049740314,-0.20861816,-0.12938775,0.025568128,-0.13855892,-0.12434626,0.017832935,-0.08430952,-0.10668208
-0.06584537,-0.042844057,-0.04078108,-0.091906786,-0.1435659,-0.062457826,-0.049843848,-0.22369516,-0.08441799,-0.006675601,-0.27436405,-0.10499563,-0.067810655,-0.27040356,-0.040697984,-0.089618266,-0.40467942,-0.07988879,-0.10029149,-0.5002824,-0.10516412,-0.10665923,-0.5780471,-0.1197228,-0.0139065385,-0.266945,-0.04863993,-0.010953665,-0.41450027,-0.094681405,-0.009362698,-0.51963353,-0.12239271,-0.004306078,-0.600296,-0.13266902,0.03472179,-0.23101336,-0.061077226,0.020724177,-0.27059764,-0.12560692,-0.0026302934,-0.18507445,-0.13475621,-0.010306358,-0.12054682,-0.1203465,0.07166147,-0.18107164,-0.07612415,0.04916805,-0.20747852,-0.12725413,0.025263965,-0.13819802,-0.12407951,0.018567204,-0.08444196,-0.10753178
-0.06714159,-0.047784746,-0.0434319,-0.09157127,-0.14572978,-0.06613997,-0.04962015,-0.22437185,-0.08913632,-0.0069056153,-0.2771365,-0.110562764,-0.0687235,-0.27253026,-0.038684435,-0.09025836,-0.4065581,-0.07815697,-0.100955546,-0.50191665,-0.10407628,-0.10753518,-0.5806291,-0.119036,-0.015167534,-0.2678634,-0.046350997,-0.012506485,-0.4151139,-0.09344009,-0.010963857,-0.52115977,-0.12230469,-0.006379962,-0.60165787,-0.13310635,0.033840775,-0.2309646,-0.059411645,0.019944012,-0.27061492,-0.12729411,-0.0028088093,-0.18493026,-0.14039952,-0.010152757,-0.12140614,-0.12781315,0.07186401,-0.18271601,-0.075136036,0.05012518,-0.20904183,-0.12917589,0.02538383,-0.13911182,-0.12920624,0.018555403,-0.08636016,-0.1147104
-0.06705207,-0.04448694,-0.043786198,-0.090966225,-0.14139378,-0.066939406,-0.04863888,-0.21693832,-0.09027144,-0.0062407255,-0.26925385,-0.11224887,-0.067557275,-0.26883388,-0.040618274,-0.08969855,-0.4013667,-0.079331875,-0.100838125,-0.49616075,-0.104267605,-0.10722196,-0.57323456,-0.11875308,-0.01378721,-0.26431072,-0.04839402,-0.010675132,-0.41092855,-0.094280414,-0.010106087,-0.51539695,-0.122054346,-0.005809605,-0.59375226,-0.13233715,0.035057485,-0.2268694,-0.06158695,0.020512044,-0.26751333,-0.12844796,-0.004674375,-0.18347299,-0.14161818,-0.013128817,-0.12231088,-0.1297217,0.07268047,-0.17764997,-0.07747505,0.05003518,-0.20422763,-0.1318167,0.023638904,-0.1365847,-0.13283762,0.0157516,-0.08589786,-0.119359426
-0.06705207,-0.04448694,-0.043786198,-0.090966225,-0.14139378,-0.066939406,-0.04863888,-0.21693832,-0.09027144,-0.0062407255,-0.26925385,-0.11224887,-0.067557275,-0.26883388,-0.040618274,-0.08969855,-0.4013667,-0.079331875,-0.100838125,-0.49616075,-0.104267605,-0.10722196,-0.57323456,-0.11875308,-0.01378721,-0.26431072,-0.04839402,-0.010675132,-0.41092855,-0.094280414,-0.010106087,-0.51539695,-0.122054346,-0.005809605,-0.59375226,-0.13233715,0.035057485,-0.2268694,-0.06158695,0.020512044,-0.26751333,-0.12844796,-0.004674375,-0.18347299,-0.14161818,-0.013128817,-0.12231088,-0.1297217,0.07268047,-0.17764997,-0.07747505,0.05003518,-0.20422763,-0.1318167,0.023638904,-0.1365847,-0.13283762,0.0157516,-0.08589786,-0.119359426
-0.069322586,-0.04056734,-0.048217043,-0.09338975,-0.1411289,-0.0702037,-0.049496412,-0.2189812,-0.090866655,-0.0078575015,-0.27133286,-0.10976608,-0.072155535,-0.26921117,-0.041378956,-0.09417081,-0.40404934,-0.080940045,-0.10519779,-0.49914372,-0.10679656,-0.112169445,-0.5770534,-0.12190626,-0.017631054,-0.2653122,-0.04615886,-0.015653312,-0.4124028,-0.09408917,-0.013067722,-0.51868075,-0.12347075,-0.007372856,-0.59842885,-0.13435674,0.031477213,-0.22861838,-0.056877237,0.017798066,-0.26523447,-0.12573226,-0.0031183362,-0.17868161,-0.13988242,-0.010227382,-0.11762071,-0.12790707,0.069256306,-0.18195283,-0.07064315,0.046078682,-0.19930375,-0.12738809,0.023142457,-0.12769443,-0.12981601,0.017311335,-0.07860559,-0.11672451
-0.06760073,-0.035678506,-0.045016274,-0.0926308,-0.13710427,-0.067815736,-0.04944855,-0.21711928,-0.08986029,-0.0073115826,-0.26902133,-0.11049583,-0.06987578,-0.266236,-0.045427293,-0.09286189,-0.40197083,-0.085874446,-0.10439092,-0.49854586,-0.111720495,-0.11118668,-0.5767702,-0.12688872,-0.015606463,-0.2634191,-0.05178991,-0.01224345,-0.41053522,-0.09978179,-0.00991869,-0.5159817,-0.12835492,-0.0038797855,-0.59659266,-0.13909969,0.03297603,-0.2275114,-0.06296956,0.021142602,-0.26799023,-0.12911482,-0.0030668378,-0.18165058,-0.13890252,-0.0121174455,-0.11887014,-0.12503064,0.07066488,-0.17889893,-0.07709265,0.048026025,-0.20107073,-0.1309291,0.02436769,-0.13139796,-0.12963307,0.017804563,-0.08119094,-0.11424248
-0.068897724,-0.037935972,-0.05017931,-0.09273398,-0.13596356,-0.07431473,-0.049223423,-0.21160793,-0.09692093,-0.005589366,-0.2647966,-0.11787855,-0.070662916,-0.2658112,-0.044925395,-0.09386939,-0.40029824,-0.0855922,-0.10474175,-0.4959181,-0.11166102,-0.11000097,-0.573632,-0.12668094,-0.016160905,-0.2622903,-0.049444947,-0.012988985,-0.4087071,-0.09831416,-0.010912418,-0.5140208,-0.12747818,-0.005366802,-0.5922115,-0.13791586,0.03315407,-0.22630525,-0.060119387,0.017739475,-0.26375884,-0.13107023,-0.005110681,-0.17772329,-0.14698334,-0.012590706,-0.117816985,-0.13596569,0.071154356,-0.18120354,-0.07383317,0.045654595,-0.1961261,-0.13343677,0.021542013,-0.12370628,-0.13809553,0.016158104,-0.0749324,-0.12626474
-0.069990516,-0.039176583,-0.047913972,-0.09620154,-0.13480484,-0.07224133,-0.05474925,-0.2111699,-0.095458604,-0.014047861,-0.2669738,-0.11690349,-0.07257545,-0.27160776,-0.043543242,-0.09352714,-0.4054583,-0.08335938,-0.10394037,-0.50052315,-0.10932991,-0.10968554,-0.5781983,-0.12438695,-0.017938197,-0.26878715,-0.048749365,-0.014448404,-0.4142912,-0.09535328,-0.012378275,-0.5194292,-0.12370248,-0.0073664784,-0.597463,-0.13426621,0.031392634,-0.23254162,-0.05973387,0.015429735,-0.2661736,-0.1255713,-0.008124113,-0.18174458,-0.139009,-0.016474903,-0.12290597,-0.1277308,0.06932849,-0.18567628,-0.07389378,0.04275012,-0.1994496,-0.12739684,0.017189741,-0.13022715,-0.12919186,0.01012516,-0.08374113,-0.11645127
-0.06565881,-0.033363283,-0.051711,-0.09048438,-0.13400596,-0.077881284,-0.04749477,-0.20956641,-0.10246129,0.00010472536,-0.2623633,-0.12536833,-0.06692839,-0.26346254,-0.04779453,-0.08960509,-0.39549327,-0.08937876,-0.10184693,-0.49207082,-0.11622516,-0.10806161,-0.56989765,-0.13225625,-0.012753665,-0.26068825,-0.05277786,-0.008325398,-0.40684563,-0.101238646,-0.005713165,-0.5131575,-0.12979533,0.0003671646,-0.5930057,-0.14011005,0.036317825,-0.22404891,-0.0639771,0.021459222,-0.26303393,-0.13278705,-0.003333509,-0.17597383,-0.14542346,-0.012914896,-0.116411984,-0.13287432,0.073708415,-0.1772762,-0.07877012,0.049193263,-0.19569552,-0.13683861,0.023567379,-0.12425995,-0.13947366,0.014923632,-0.07570565,-0.12652278
-0.06739879,-0.0373075,-0.049749132,-0.09251714,-0.13436186,-0.076273225,-0.050967813,-0.21136123,-0.10177384,-0.0054540634,-0.2644732,-0.12565023,-0.06861347,-0.26364028,-0.046590988,-0.09206939,-0.39780188,-0.08828902,-0.10441142,-0.49426112,-0.11571886,-0.110590935,-0.5726501,-0.13240641,-0.014819384,-0.25990593,-0.0527769,-0.010306895,-0.4066391,-0.10209221,-0.0076822042,-0.5132249,-0.13233015,-0.0012919307,-0.59348166,-0.14432362,0.034228444,-0.2229147,-0.06475587,0.019133925,-0.26673615,-0.13441701,-0.006599009,-0.18286335,-0.14839962,-0.01570952,-0.121607244,-0.13713542,0.072149634,-0.1756767,-0.08004274,0.047476828,-0.19696468,-0.13926731,0.021611273,-0.1275152,-0.14273414,0.014113963,-0.07702923,-0.13038936
-0.06609732,-0.03417647,-0.041964777,-0.090688765,-0.13693541,-0.063314095,-0.0477674,-0.21467245,-0.08427797,-0.0043569803,-0.26465613,-0.10410868,-0.066860676,-0.26372707,-0.0428279,-0.08682215,-0.39655045,-0.081267096,-0.096732676,-0.49225175,-0.10582981,-0.10244572,-0.5688739,-0.12033513,-0.012607217,-0.26197076,-0.049896993,-0.0087913275,-0.40769464,-0.09469723,-0.0066930056,-0.51074773,-0.12162913,-0.0016156435,-0.5892214,-0.13168181,0.036931455,-0.22661865,-0.06145375,0.020110726,-0.2658381,-0.12450577,-0.004698336,-0.18109816,-0.13444692,-0.0135112405,-0.11817658,-0.121504754,0.074542165,-0.17809951,-0.07570541,0.045679092,-0.19684243,-0.1279158,0.020249844,-0.12855971,-0.12738472,0.013460934,-0.07795477,-0.113021515
-0.06664634,-0.040433705,-0.051977385,-0.09017897,-0.13643926,-0.07928678,-0.04802221,-0.2097758,-0.10583949,-0.004027128,-0.26588595,-0.13075727,-0.066399634,-0.2650512,-0.04395297,-0.08725953,-0.39671463,-0.08538148,-0.09729308,-0.49233288,-0.112480246,-0.101454675,-0.570175,-0.12853143,-0.012451172,-0.25981885,-0.050243672,-0.009894013,-0.4059282,-0.10026846,-0.008099675,-0.51276964,-0.13009709,-0.0026774406,-0.5897341,-0.14096667,0.03687626,-0.2215671,-0.063444406,0.020580292,-0.26187074,-0.13671255,-0.0033762455,-0.17239463,-0.15287903,-0.01106143,-0.10945839,-0.14153731,0.074346304,-0.17575943,-0.079994425,0.046639085,-0.1930247,-0.14171915,0.020956516,-0.120143354,-0.14718057,0.0141329765,-0.06968653,-0.13576607
-0.06606144,-0.038585365,-0.04194028,-0.09159863,-0.14022404,-0.064697914,-0.049927413,-0.22110593,-0.08787418,-0.006040871,-0.27270228,-0.10982914,-0.067112386,-0.26528287,-0.043118432,-0.08810794,-0.39980477,-0.08389608,-0.09807366,-0.49557054,-0.10978264,-0.10388762,-0.5731288,-0.12490187,-0.013780713,-0.26229596,-0.052026838,-0.011644661,-0.4105672,-0.10062978,-0.009837091,-0.51551986,-0.12907955,-0.0045116544,-0.5944079,-0.13957195,0.035112023,-0.22663307,-0.06563178,0.020171523,-0.26912236,-0.13283737,-0.0036247969,-0.18154413,-0.1417902,-0.011584997,-0.11609292,-0.12697236,0.07318258,-0.17827547,-0.0819312,0.048773825,-0.20615047,-0.13588129,0.023788214,-0.13619214,-0.13353,0.016306221,-0.082376,-0.11734543
-0.065561235,-0.03738773,-0.04654367,-0.09152478,-0.1381383,-0.07073622,-0.05071801,-0.21898007,-0.09452654,-0.0055742264,-0.270882,-0.11676563,-0.066834986,-0.26682186,-0.043792937,-0.087552845,-0.4009816,-0.0839364,-0.097735405,-0.49751866,-0.10996227,-0.10349101,-0.5749148,-0.12532496,-0.013355315,-0.2626744,-0.0504263,-0.010099351,-0.41041112,-0.09761311,-0.008940399,-0.5168514,-0.1256272,-0.004033029,-0.5953312,-0.13610305,0.035538197,-0.22538662,-0.06253804,0.020124376,-0.26989508,-0.12956028,-0.0040487647,-0.18266463,-0.14000879,-0.012144685,-0.11785507,-0.1262345,0.0731588,-0.17593229,-0.07778777,0.04787308,-0.20194244,-0.1333423,0.023029506,-0.13217586,-0.13333282,0.0156235695,-0.07943761,-0.11867948
-0.06462902,-0.036136806,-0.04131723,-0.090682805,-0.13631886,-0.06374683,-0.048819244,-0.21733677,-0.08634512,-0.005256772,-0.2678395,-0.10782819,-0.06657165,-0.26393437,-0.042842504,-0.085873306,-0.39770746,-0.082646705,-0.09604645,-0.49406654,-0.108553685,-0.10256195,-0.5713734,-0.1239525,-0.013324201,-0.2607559,-0.05118373,-0.010179579,-0.40967542,-0.09739593,-0.008086741,-0.51448905,-0.12516078,-0.003125012,-0.59418595,-0.1358586,0.03564948,-0.22444433,-0.063863136,0.021200657,-0.2706859,-0.12752046,-0.0038824081,-0.18527007,-0.13529122,-0.013783038,-0.120167136,-0.12076747,0.073774815,-0.17409337,-0.07929473,0.049654722,-0.20334405,-0.13082477,0.024034142,-0.13588244,-0.12746057,0.01498276,-0.0829708,-0.11105328
-0.06388152,-0.03485173,-0.03917991,-0.089098155,-0.1392228,-0.06000587,-0.04633057,-0.22324938,-0.08108616,-0.0013025403,-0.27274638,-0.10109205,-0.066756904,-0.26486355,-0.040927812,-0.08568555,-0.3993183,-0.07930163,-0.09577501,-0.49584186,-0.10415256,-0.10236865,-0.5735467,-0.11903505,-0.013382077,-0.26259696,-0.049542464,-0.009872496,-0.4115034,-0.09418661,-0.007842839,-0.5161461,-0.12124947,-0.0030941367,-0.5974375,-0.13180625,0.035518527,-0.2267189,-0.061978437,0.023746312,-0.27281386,-0.12279801,-0.002215147,-0.18598175,-0.12815484,-0.013917506,-0.12071359,-0.11264596,0.07334417,-0.175327,-0.0771157,0.051071405,-0.2062568,-0.12589769,0.026172638,-0.13823277,-0.12007371,0.016806662,-0.08534497,-0.10228115
-0.064968884,-0.0370512,-0.039406564,-0.09017432,-0.13923556,-0.060617816,-0.047221005,-0.22129321,-0.08217279,-0.003966093,-0.27269047,-0.102682054,-0.067795336,-0.2658971,-0.040661,-0.087295234,-0.4003264,-0.07975313,-0.09770441,-0.49617195,-0.10478464,-0.10457438,-0.57372713,-0.119429484,-0.014000952,-0.26414645,-0.04928589,-0.010955095,-0.41257298,-0.094991855,-0.008888245,-0.5170673,-0.12256097,-0.0043780804,-0.59809864,-0.13302046,0.03537208,-0.22914177,-0.06198145,0.021557152,-0.2705053,-0.12473855,-0.0038396716,-0.18369621,-0.13237162,-0.014448166,-0.11892551,-0.11779949,0.07353222,-0.17925364,-0.07723244,0.048390508,-0.20376748,-0.12714538,0.022945702,-0.1350717,-0.12302145,0.0144075155,-0.083158255,-0.106231086
-0.06572014,-0.038940728,-0.03532616,-0.09225547,-0.14016438,-0.055066276,-0.051422298,-0.2195195,-0.075407095,-0.008348703,-0.2675274,-0.09477108,-0.06684971,-0.2677604,-0.040140357,-0.087037385,-0.4020581,-0.07793929,-0.09752631,-0.49775726,-0.10192991,-0.10452813,-0.5743803,-0.11583233,-0.012433171,-0.2673549,-0.049211506,-0.0091664195,-0.41470993,-0.09174363,-0.007872403,-0.5165603,-0.11795457,-0.0041994452,-0.5961132,-0.12798789,0.036500454,-0.23322135,-0.061520107,0.02026254,-0.2721532,-0.11889223,-0.0051033497,-0.19130057,-0.12579742,-0.014770806,-0.12855327,-0.112183124,0.07424581,-0.18274099,-0.07616848,0.046720684,-0.19984877,-0.12115407,0.021575868,-0.13434911,-0.116322085,0.014402568,-0.08331847,-0.099857695
-0.06496447,-0.034461915,-0.039134044,-0.090957284,-0.13732249,-0.059664745,-0.04966408,-0.22100657,-0.080414705,-0.0060151815,-0.2711714,-0.10012403,-0.0675146,-0.26200694,-0.041291147,-0.08774012,-0.39766777,-0.079954885,-0.0976482,-0.4940269,-0.10417941,-0.10437125,-0.5719968,-0.11821229,-0.013912797,-0.26080507,-0.04967329,-0.010190129,-0.4094702,-0.09557417,-0.007576585,-0.51428574,-0.122978784,-0.003026247,-0.59565973,-0.13309892,0.034981966,-0.22652346,-0.06187808,0.022708952,-0.26862442,-0.12600616,-0.0015498996,-0.18131524,-0.13420229,-0.012148857,-0.11479968,-0.11940167,0.07263106,-0.17664427,-0.076373436,0.049040735,-0.201617,-0.12798502,0.025680542,-0.13116592,-0.124229,0.017882526,-0.076325834,-0.10713642
-0.0663026,-0.03661406,-0.039502688,-0.09219396,-0.1387552,-0.059652843,-0.049968958,-0.21933645,-0.07997944,-0.007293105,-0.26924437,-0.099281035,-0.066382885,-0.26457697,-0.040427998,-0.08751947,-0.39934534,-0.07858296,-0.0983358,-0.49510652,-0.10243589,-0.10574478,-0.5724362,-0.1160744,-0.012418747,-0.26330006,-0.048264485,-0.009119272,-0.4117359,-0.0935889,-0.007281184,-0.51611465,-0.12088739,-0.00318861,-0.5964011,-0.13078983,0.036242485,-0.22893745,-0.06023852,0.021693945,-0.26813334,-0.12421515,-0.0017267466,-0.18215811,-0.13437359,-0.010652721,-0.11717749,-0.12080697,0.0736838,-0.18039554,-0.07450811,0.04722911,-0.19962692,-0.12571076,0.02292794,-0.13013619,-0.1237656,0.015741289,-0.07775605,-0.10814179
-0.0663026,-0.03661406,-0.039502688,-0.09219396,-0.1387552,-0.059652843,-0.049968958,-0.21933645,-0.07997944,-0.007293105,-0.26924437,-0.099281035,-0.066382885,-0.26457697,-0.040427998,-0.08751947,-0.39934534,-0.07858296,-0.0983358,-0.49510652,-0.10243589,-0.10574478,-0.5724362,-0.1160744,-0.012418747,-0.26330006,-0.048264485,-0.009119272,-0.4117359,-0.0935889,-0.007281184,-0.51611465,-0.12088739,-0.00318861,-0.5964011,-0.13078983,0.036242485,-0.22893745,-0.06023852,0.021693945,-0.26813334,-0.12421515,-0.0017267466,-0.18215811,-0.13437359,-0.010652721,-0.11717749,-0.12080697,0.0736838,-0.18039554,-0.07450811,0.04722911,-0.19962692,-0.12571076,0.02292794,-0.13013619,-0.1237656,0.015741289,-0.07775605,-0.10814179
-0.06535572,-0.03555906,-0.04561048,-0.08986837,-0.13717335,-0.068967745,-0.045949697,-0.21424508,-0.0916462,-0.0012330413,-0.2662869,-0.113294445,-0.06646961,-0.2616188,-0.045233563,-0.08636272,-0.39381427,-0.08537515,-0.09812671,-0.4900205,-0.111472905,-0.10505068,-0.5677522,-0.12737489,-0.012473762,-0.26020455,-0.05243931,-0.008634746,-0.4062184,-0.100157045,-0.005554378,-0.51217115,-0.12910962,0.0011098385,-0.5917122,-0.14035389,0.03668052,-0.22514254,-0.06482174,0.020109832,-0.26234657,-0.13258377,-0.004640758,-0.17662442,-0.14532383,-0.013551474,-0.113904715,-0.13361385,0.07353163,-0.17826784,-0.08014814,0.04528922,-0.19256186,-0.13781607,0.019839764,-0.121077836,-0.14026703,0.012722611,-0.070138454,-0.12750411
-0.0652374,-0.037861943,-0.04521758,-0.08837485,-0.13960844,-0.067958586,-0.04381287,-0.21866721,-0.09022753,0.0012376308,-0.2681083,-0.11115636,-0.06643587,-0.2646646,-0.042754345,-0.08664912,-0.39780128,-0.08305589,-0.09711218,-0.49418953,-0.1093008,-0.10319668,-0.57146585,-0.12495449,-0.012395382,-0.2614817,-0.049624875,-0.00971961,-0.40708542,-0.097827315,-0.0077492595,-0.51228774,-0.12703907,-0.0019520521,-0.5915165,-0.13823389,0.037007034,-0.22485167,-0.061659228,0.022825122,-0.26554167,-0.12926608,-0.0028819442,-0.1788258,-0.14083068,-0.012487352,-0.11446351,-0.12780146,0.07433748,-0.17565727,-0.07663894,0.047421813,-0.19546682,-0.13261244,0.021372795,-0.12607878,-0.13332663,0.01355505,-0.07493645,-0.11912638
-0.06734991,-0.03640282,-0.050590064,-0.0916937,-0.13576579,-0.07536989,-0.047558308,-0.21123588,-0.09868193,-0.0018675327,-0.25984216,-0.12042165,-0.06658709,-0.26181978,-0.045289803,-0.08811408,-0.3954027,-0.08455635,-0.098796725,-0.4913595,-0.11027759,-0.104269266,-0.56851554,-0.1255629,-0.012481153,-0.25801277,-0.049908552,-0.009937882,-0.40621185,-0.09617289,-0.00936234,-0.5113038,-0.12405076,-0.0046524405,-0.5888741,-0.13426396,0.03713858,-0.22018963,-0.06059854,0.02042985,-0.26593697,-0.12832822,-0.0053467155,-0.18120646,-0.14217256,-0.014148116,-0.11933613,-0.13045983,0.07497716,-0.17192322,-0.07458922,0.04860109,-0.19801503,-0.13173002,0.021936595,-0.13090777,-0.1348266,0.0144972205,-0.081918,-0.12232286
-0.06530142,-0.032501817,-0.051015787,-0.08988392,-0.1329853,-0.07663138,-0.04441142,-0.20841217,-0.10043159,0.004587829,-0.25760853,-0.122874275,-0.06729102,-0.26038116,-0.049058724,-0.08766347,-0.39218044,-0.08986892,-0.098737895,-0.4884561,-0.116335005,-0.104712486,-0.56503546,-0.13197115,-0.013694942,-0.25749165,-0.05335112,-0.010683775,-0.40523002,-0.09953339,-0.009297967,-0.5096943,-0.12640044,-0.0042042136,-0.5882378,-0.13601233,0.03562975,-0.22110558,-0.0635353,0.021334648,-0.2649662,-0.12984464,-0.0040712357,-0.18020386,-0.14162429,-0.013731003,-0.120000064,-0.12910318,0.072788,-0.17272139,-0.07719369,0.047228932,-0.1951853,-0.13325337,0.021106124,-0.12729937,-0.13499494,0.012610078,-0.07887238,-0.12177654
-0.065607846,-0.037174642,-0.045229882,-0.09148401,-0.13745713,-0.06911974,-0.047308445,-0.21680367,-0.092555426,-0.0027386546,-0.26776135,-0.11481218,-0.06672722,-0.26607424,-0.045465596,-0.08679366,-0.39992923,-0.086337924,-0.09735757,-0.49618396,-0.11309113,-0.103803575,-0.57341194,-0.12905812,-0.013605952,-0.26199788,-0.05267451,-0.0103622675,-0.41087303,-0.10030201,-0.009002268,-0.51595294,-0.12874648,-0.004334271,-0.59502226,-0.13969758,0.035414696,-0.22471935,-0.06495902,0.021586,-0.26946563,-0.13172948,-0.004081726,-0.18475705,-0.14256917,-0.013983488,-0.12148005,-0.12949389,0.073376775,-0.1739868,-0.08017965,0.049927175,-0.20231038,-0.13531154,0.023891032,-0.13500905,-0.13494453,0.014743984,-0.0834856,-0.120300576
-0.065607846,-0.037174642,-0.045229882,-0.09148401,-0.13745713,-0.06911974,-0.047308445,-0.21680367,-0.092555426,-0.0027386546,-0.26776135,-0.11481218,-0.06672722,-0.26607424,-0.045465596,-0.08679366,-0.39992923,-0.086337924,-0.09735757,-0.49618396,-0.11309113,-0.103803575,-0.57341194,-0.12905812,-0.013605952,-0.26199788,-0.05267451,-0.0103622675,-0.41087303,-0.10030201,-0.009002268,-0.51595294,-0.12874648,-0.004334271,-0.59502226,-0.13969758,0.035414696,-0.22471935,-0.06495902,0.021586,-0.26946563,-0.13172948,-0.004081726,-0.18475705,-0.14256917,-0.013983488,-0.12148005,-0.12949389,0.073376775,-0.1739868,-0.08017965,0.049927175,-0.20231038,-0.13531154,0.023891032,-0.13500905,-0.13494453,0.014743984,-0.0834856,-0.120300576
-0.065642536,-0.033749104,-0.04482442,-0.09073305,-0.13520992,-0.068183504,-0.049536467,-0.2163459,-0.090951614,-0.0074600577,-0.2709694,-0.11229715,-0.06792313,-0.263399,-0.04464962,-0.08831328,-0.39775372,-0.08518687,-0.09874773,-0.49420205,-0.111204185,-0.1047287,-0.5716807,-0.12676804,-0.014104307,-0.2609321,-0.051731154,-0.010722578,-0.40841758,-0.10009315,-0.008440375,-0.51439035,-0.12931293,-0.0026664734,-0.59351957,-0.14067946,0.0349766,-0.22504324,-0.06374751,0.019606113,-0.268013,-0.13161363,-0.0056393743,-0.18092418,-0.14283024,-0.01504463,-0.115722954,-0.12983797,0.072750926,-0.17670327,-0.07855843,0.044714272,-0.19515091,-0.13572271,0.019013524,-0.124476194,-0.13685063,0.010870874,-0.07223719,-0.122863926
-0.06327677,-0.034991562,-0.03481999,-0.0886296,-0.13818699,-0.05368332,-0.045715094,-0.2208476,-0.073201105,-0.0016570687,-0.26919287,-0.091966555,-0.067352295,-0.26374942,-0.039792772,-0.08643353,-0.3987791,-0.07752403,-0.09597236,-0.49477965,-0.10148924,-0.10277003,-0.5723535,-0.11568475,-0.013835728,-0.263151,-0.048903096,-0.010382235,-0.40798604,-0.092742994,-0.006986022,-0.5100472,-0.11973244,-0.0017534494,-0.5905677,-0.13037212,0.03511101,-0.22910386,-0.060971104,0.022643983,-0.26550484,-0.11965693,-0.0032123327,-0.18014538,-0.12531887,-0.015180409,-0.114884734,-0.110555165,0.07280648,-0.1784727,-0.0752799,0.04791665,-0.19791585,-0.12204574,0.022925496,-0.12987715,-0.11636344,0.013733387,-0.077065885,-0.09886463
-0.06575686,-0.031199634,-0.044934675,-0.09071016,-0.1335268,-0.066283286,-0.044754088,-0.2131759,-0.0862456,0.0023984313,-0.26168394,-0.10492621,-0.06820959,-0.25904542,-0.044057425,-0.0887599,-0.39334863,-0.08290182,-0.0988332,-0.49026674,-0.10839165,-0.10562074,-0.5676575,-0.12385246,-0.01479733,-0.25805098,-0.049402896,-0.010546744,-0.40717447,-0.09404447,-0.00862211,-0.51189065,-0.1216242,-0.0043908358,-0.59305257,-0.13220729,0.033299625,-0.22250503,-0.059418324,0.02276069,-0.26576155,-0.12188071,-0.0029038787,-0.18263239,-0.1311082,-0.013989985,-0.122621655,-0.11783223,0.070963025,-0.17339998,-0.072493024,0.049144983,-0.19522399,-0.12551695,0.0242576,-0.12781125,-0.12479439,0.015198529,-0.07960242,-0.11005027
-0.067622304,-0.032590687,-0.047115244,-0.09140396,-0.13369817,-0.07044962,-0.049692452,-0.21681017,-0.09268,-0.005547583,-0.27009958,-0.11312307,-0.06909138,-0.25943393,-0.044188213,-0.09078586,-0.39601213,-0.08380946,-0.10202354,-0.4927501,-0.10907314,-0.10817224,-0.5714803,-0.12408363,-0.015138388,-0.2579494,-0.049449526,-0.013675511,-0.40560275,-0.09688523,-0.011438549,-0.51273096,-0.12540768,-0.005332887,-0.5939119,-0.13634321,0.03387463,-0.22395176,-0.059849866,0.019880593,-0.2672519,-0.1265967,-0.0041493177,-0.17986941,-0.13654591,-0.0134601,-0.114500225,-0.12259498,0.07190126,-0.17866272,-0.07340947,0.046627223,-0.20187724,-0.1296674,0.023123085,-0.13075274,-0.12991823,0.01596713,-0.07780373,-0.115157396
-0.067622304,-0.032590687,-0.047115244,-0.09140396,-0.13369817,-0.07044962,-0.049692452,-0.21681017,-0.09268,-0.005547583,-0.27009958,-0.11312307,-0.06909138,-0.25943393,-0.044188213,-0.09078586,-0.39601213,-0.08380946,-0.10202354,-0.4927501,-0.10907314,-0.10817224,-0.5714803,-0.12408363,-0.015138388,-0.2579494,-0.049449526,-0.013675511,-0.40560275,-0.09688523,-0.011438549,-0.51273096,-0.12540768,-0.005332887,-0.5939119,-0.13634321,0.03387463,-0.22395176,-0.059849866,0.019880593,-0.2672519,-0.1265967,-0.0041493177,-0.17986941,-0.13654591,-0.0134601,-0.114500225,-0.12259498,0.07190126,-0.17866272,-0.07340947,0.046627223,-0.20187724,-0.1296674,0.023123085,-0.13075274,-0.12991823,0.01596713,-0.07780373,-0.115157396
-0.0667994,-0.033524692,-0.049541704,-0.0924108,-0.13322979,-0.07488552,-0.05017197,-0.2127313,-0.09916428,-0.0051166415,-0.26471,-0.121824086,-0.067641914,-0.2618289,-0.04750533,-0.09017378,-0.3965869,-0.09054299,-0.10165316,-0.49299935,-0.118424214,-0.107712686,-0.5707191,-0.13518187,-0.013917506,-0.26038122,-0.05363495,-0.01160872,-0.40649176,-0.10529764,-0.009518623,-0.51272345,-0.13590841,-0.0039585233,-0.5912255,-0.14764822,0.035395026,-0.22532421,-0.065489426,0.021058142,-0.26614594,-0.13598345,-0.003287673,-0.17866892,-0.14790803,-0.012745619,-0.11557704,-0.13483256,0.07372671,-0.17894804,-0.08070813,0.048480153,-0.19858694,-0.13926217,0.023581088,-0.12725842,-0.14081568,0.016047955,-0.07719034,-0.12699282
-0.06659371,-0.030525684,-0.048558045,-0.09384018,-0.13387066,-0.07327537,-0.053609073,-0.22166091,-0.09707073,-0.00851649,-0.27337962,-0.11911424,-0.06900543,-0.2609533,-0.04881942,-0.09182054,-0.3990738,-0.09237981,-0.10265607,-0.49599493,-0.11986748,-0.108673096,-0.57403374,-0.13613898,-0.015440643,-0.2589031,-0.05481048,-0.014510453,-0.40847236,-0.107337944,-0.012543201,-0.51396525,-0.13739134,-0.0064323545,-0.5935921,-0.1487287,0.03342372,-0.2237047,-0.06592802,0.022952318,-0.27117574,-0.13553579,-0.0016978383,-0.18034637,-0.14291687,-0.0119977,-0.11352134,-0.12664838,0.07183713,-0.17550057,-0.08044173,0.049615085,-0.20386839,-0.1371469,0.02577883,-0.13352406,-0.13496296,0.01698947,-0.081582546,-0.118259326
-0.06579369,-0.03200245,-0.044131774,-0.092818975,-0.13474888,-0.06788491,-0.05122131,-0.2192905,-0.091352545,-0.0072292686,-0.26986313,-0.113438904,-0.06799084,-0.26367122,-0.047777724,-0.08973223,-0.39995956,-0.090638906,-0.10042,-0.49651992,-0.11794967,-0.106672466,-0.57465434,-0.13412799,-0.01439774,-0.26128894,-0.05551306,-0.013551176,-0.40962392,-0.10636069,-0.011779845,-0.5145845,-0.13573277,-0.006129682,-0.5951536,-0.14699309,0.034422457,-0.22603577,-0.06759054,0.023152113,-0.2727201,-0.13461699,-0.0013985038,-0.18250662,-0.14020275,-0.011689842,-0.11503565,-0.1233875,0.072657645,-0.17607576,-0.08271913,0.051075757,-0.20637077,-0.13641024,0.02761668,-0.13569921,-0.13157627,0.019296229,-0.081927836,-0.11341646
-0.067620635,-0.03356725,-0.04964653,-0.09325379,-0.13383329,-0.0735842,-0.04926306,-0.21681422,-0.09616024,-0.003332436,-0.26944202,-0.11695328,-0.07177323,-0.262807,-0.044339515,-0.09300876,-0.3984843,-0.08544057,-0.10291755,-0.49495786,-0.112503685,-0.10820627,-0.57345635,-0.12877321,-0.018320024,-0.2606743,-0.049293358,-0.016713738,-0.40647775,-0.09933734,-0.014066577,-0.51303685,-0.12955442,-0.008037448,-0.59273815,-0.14125499,0.030653,-0.22591954,-0.059983447,0.021650791,-0.26756167,-0.1301727,-0.0017336011,-0.1778006,-0.14200999,-0.011967897,-0.11213362,-0.12862499,0.06924999,-0.1803211,-0.07399009,0.048381805,-0.20106357,-0.13327567,0.025286198,-0.12732404,-0.13484581,0.017418742,-0.07470274,-0.12063886
-0.06625509,-0.033818483,-0.04045707,-0.09283507,-0.13726813,-0.060778905,-0.049079895,-0.2204727,-0.08084366,-0.0058586,-0.270248,-0.09980822,-0.06976515,-0.26425868,-0.04185336,-0.090422034,-0.39838198,-0.08105549,-0.10061896,-0.49399143,-0.10607217,-0.10737789,-0.5711572,-0.1209015,-0.016604483,-0.26422137,-0.049363997,-0.015838802,-0.41133207,-0.09613705,-0.013914585,-0.5150406,-0.124502316,-0.0087301135,-0.596395,-0.13535456,0.03181249,-0.23062497,-0.06085768,0.022265255,-0.27025753,-0.124465875,-0.0017510653,-0.18120348,-0.13218047,-0.0124643445,-0.11532438,-0.11740772,0.06963229,-0.18168724,-0.07496616,0.04714006,-0.20127016,-0.12668905,0.024409711,-0.13089526,-0.123615496,0.016935587,-0.07949346,-0.1070974
-0.06539798,-0.033316195,-0.04253252,-0.09175426,-0.13681293,-0.06459122,-0.048470974,-0.21937054,-0.0862381,-0.004502356,-0.27039075,-0.10667199,-0.06746346,-0.264062,-0.043960236,-0.08830547,-0.39772987,-0.08408056,-0.09854257,-0.49390167,-0.10989612,-0.10481107,-0.570603,-0.12519115,-0.013893962,-0.26169407,-0.051514197,-0.013018072,-0.40935653,-0.09833532,-0.0135115385,-0.512182,-0.1261576,-0.010062039,-0.5921038,-0.13677453,0.034538627,-0.22535312,-0.06339888,0.022740364,-0.27287394,-0.12696666,-0.0024359226,-0.18450665,-0.13294566,-0.0126696825,-0.119773805,-0.117204845,0.07236487,-0.17365742,-0.078185216,0.04958892,-0.20189387,-0.12962972,0.025037467,-0.13274282,-0.1251122,0.016626537,-0.08144522,-0.10776522
-0.06539798,-0.033316195,-0.04253252,-0.09175426,-0.13681293,-0.06459122,-0.048470974,-0.21937054,-0.0862381,-0.004502356,-0.27039075,-0.10667199,-0.06746346,-0.264062,-0.043960236,-0.08830547,-0.39772987,-0.08408056,-0.09854257,-0.49390167,-0.10989612,-0.10481107,-0.570603,-0.12519115,-0.013893962,-0.26169407,-0.051514197,-0.013018072,-0.40935653,-0.09833532,-0.0135115385,-0.512182,-0.1261576,-0.010062039,-0.5921038,-0.13677453,0.034538627,-0.22535312,-0.06339888,0.022740364,-0.27287394,-0.12696666,-0.0024359226,-0.18450665,-0.13294566,-0.0126696825,-0.119773805,-0.117204845,0.07236487,-0.17365742,-0.078185216,0.04958892,-0.20189387,-0.12962972,0.025037467,-0.13274282,-0.1251122,0.016626537,-0.08144522,-0.10776522
-0.06445682,-0.03800261,-0.03797466,-0.09168124,-0.14184093,-0.059148714,-0.048752546,-0.22788894,-0.080958426,-0.0030497909,-0.27659833,-0.101538904,-0.068790495,-0.2680726,-0.041297663,-0.08852029,-0.40472302,-0.08123364,-0.09811407,-0.50146663,-0.10690286,-0.103935,-0.57922024,-0.12193153,-0.015471876,-0.2658519,-0.050439093,-0.014846146,-0.41515857,-0.09694116,-0.013783038,-0.5201967,-0.12504484,-0.008976579,-0.60332847,-0.13602364,0.033552587,-0.23052186,-0.06308232,0.022769868,-0.2763455,-0.12416056,-0.0037295222,-0.1887191,-0.12836963,-0.015939355,-0.122258544,-0.11177422,0.072044015,-0.17846864,-0.078396045,0.050390005,-0.20949727,-0.1257356,0.02485025,-0.14266038,-0.118310325,0.014343739,-0.08989102,-0.09924443
-0.06816834,-0.036640346,-0.047240317,-0.09407002,-0.1378519,-0.07071442,-0.049978256,-0.22073424,-0.09354939,-0.005012691,-0.27320123,-0.11493785,-0.070925295,-0.26473343,-0.04319863,-0.093046665,-0.40089893,-0.08532898,-0.10308415,-0.4973311,-0.11330264,-0.10807127,-0.5761566,-0.13006839,-0.016932368,-0.2626465,-0.05002646,-0.017944276,-0.4112311,-0.10092883,-0.016343832,-0.51849616,-0.13186286,-0.01059258,-0.5990883,-0.14399832,0.03262937,-0.2276088,-0.062398363,0.019695759,-0.27289927,-0.13367869,-0.0029186606,-0.18351978,-0.14564095,-0.0111249685,-0.11705464,-0.13210595,0.071089566,-0.18050653,-0.07782069,0.046305,-0.20384794,-0.137451,0.023034275,-0.13047475,-0.13843964,0.016532898,-0.07680613,-0.12374474
-0.066303074,-0.0365932,-0.041120037,-0.09239364,-0.14019668,-0.06311567,-0.049047947,-0.22478461,-0.085220255,-0.0043649673,-0.2744704,-0.10613857,-0.069034874,-0.2665695,-0.042273432,-0.089574456,-0.40124044,-0.08303972,-0.099838495,-0.49708283,-0.11003431,-0.105977,-0.5746366,-0.12639076,-0.015045941,-0.26483434,-0.050948694,-0.014820874,-0.41219616,-0.099050716,-0.013376117,-0.5166732,-0.12854806,-0.007862866,-0.59816253,-0.14053755,0.034274936,-0.22925466,-0.06373402,0.022364497,-0.2766338,-0.12819108,-0.002545178,-0.18817931,-0.1346734,-0.012943387,-0.12140286,-0.119326375,0.07260615,-0.17785788,-0.07936029,0.04890728,-0.20554304,-0.13166532,0.024977505,-0.13531226,-0.12717561,0.017141998,-0.08163011,-0.10971102
-0.06672412,-0.0375005,-0.04262826,-0.093203664,-0.14015085,-0.065760806,-0.05170828,-0.2272178,-0.0890587,-0.007041812,-0.27771282,-0.110891424,-0.06986487,-0.26727325,-0.042896166,-0.09080082,-0.40363264,-0.0847536,-0.101113796,-0.49937275,-0.11232376,-0.10703051,-0.57742774,-0.12891726,-0.016380012,-0.2645738,-0.051077463,-0.01625228,-0.41383052,-0.101327926,-0.014985621,-0.5197472,-0.13192767,-0.009432256,-0.6023908,-0.1443678,0.03314638,-0.22913253,-0.06355081,0.020352483,-0.27788132,-0.12955537,-0.004676521,-0.18799508,-0.13587642,-0.014824331,-0.120167255,-0.11981346,0.07219094,-0.17965555,-0.07902702,0.048078895,-0.21143192,-0.13151449,0.023955166,-0.14194423,-0.12669703,0.016052067,-0.08845341,-0.1088139
-0.06685543,-0.039235234,-0.04904512,-0.09069592,-0.14014488,-0.07430009,-0.047212064,-0.22132438,-0.09847913,-0.003109455,-0.27476937,-0.120956674,-0.06969106,-0.26829553,-0.04551047,-0.09062779,-0.4021256,-0.08804166,-0.101408005,-0.49802,-0.11626944,-0.10765952,-0.57560223,-0.13319509,-0.016307354,-0.26421386,-0.05168253,-0.016163826,-0.4124443,-0.10210999,-0.015376508,-0.5188863,-0.13283229,-0.010466635,-0.5992684,-0.14503333,0.03324431,-0.22686666,-0.06346291,0.020047903,-0.27392554,-0.13230374,-0.0048109293,-0.18616372,-0.14292066,-0.014691532,-0.12257433,-0.12925363,0.072052,-0.17773688,-0.07860565,0.04803264,-0.20435226,-0.1346869,0.022985816,-0.13457006,-0.13401586,0.015154898,-0.084475994,-0.11892423
-0.06655079,-0.038381338,-0.046990115,-0.09090978,-0.13871723,-0.071696386,-0.049256444,-0.22151881,-0.09590527,-0.0057751536,-0.2757933,-0.11841141,-0.069011986,-0.266344,-0.04317108,-0.0897581,-0.40027183,-0.08497977,-0.100245774,-0.4965461,-0.112930655,-0.105757296,-0.5745957,-0.1300819,-0.015444636,-0.26306498,-0.050744224,-0.015019834,-0.40933597,-0.10118352,-0.013967395,-0.51654226,-0.13232264,-0.008331656,-0.59727365,-0.14507341,0.034027755,-0.22658831,-0.06377854,0.021164477,-0.2729705,-0.13312343,-0.0042285323,-0.18481678,-0.14383332,-0.0139911175,-0.11953068,-0.13036928,0.07280213,-0.17850626,-0.08007637,0.048017204,-0.202833,-0.13812447,0.022856712,-0.13200027,-0.13858293,0.015087664,-0.07992345,-0.12404346
-0.06683093,-0.035700023,-0.04362327,-0.09351927,-0.13758028,-0.06617146,-0.052259803,-0.22167486,-0.08844034,-0.009039044,-0.2726369,-0.10925531,-0.0698539,-0.2651245,-0.04316028,-0.090942144,-0.40161037,-0.08439283,-0.100898325,-0.49822593,-0.11125918,-0.106393695,-0.57645476,-0.12729819,-0.016216815,-0.26384884,-0.050749373,-0.015922248,-0.41159552,-0.10008566,-0.014057994,-0.5176766,-0.12991212,-0.008528233,-0.59870505,-0.14159787,0.03328216,-0.2292819,-0.06299509,0.020355582,-0.27399957,-0.1301819,-0.002592206,-0.18647164,-0.13926345,-0.011207402,-0.1200757,-0.12477123,0.07192141,-0.18070298,-0.07814767,0.04741621,-0.20570803,-0.13326421,0.02407533,-0.13575637,-0.13153793,0.017244875,-0.08281243,-0.11550858
-0.06587309,-0.03674662,-0.04802097,-0.09070486,-0.13631666,-0.072636135,-0.0494923,-0.21895248,-0.0966079,-0.007341087,-0.27282906,-0.11904394,-0.06815225,-0.26397026,-0.045467515,-0.08871335,-0.399173,-0.087801196,-0.098918736,-0.4957486,-0.11518699,-0.10476875,-0.57399094,-0.131389,-0.015429318,-0.26067257,-0.05199069,-0.0142425895,-0.40832466,-0.10314471,-0.013697088,-0.5146161,-0.133248,-0.009564459,-0.5947732,-0.14461806,0.033774436,-0.22542739,-0.06408167,0.021887064,-0.2699188,-0.13484348,-0.0014422536,-0.18050969,-0.1457538,-0.010306656,-0.11460996,-0.13151665,0.07219726,-0.17838979,-0.07935971,0.048891127,-0.20373696,-0.13716331,0.024721026,-0.13378203,-0.13728327,0.017122567,-0.082402706,-0.12228557
-0.06565416,-0.0342772,-0.041895032,-0.091995776,-0.13546026,-0.06395661,-0.0502674,-0.21852094,-0.08589322,-0.0075194836,-0.2703349,-0.10671154,-0.06856489,-0.26279777,-0.04304881,-0.08892053,-0.39739007,-0.08338823,-0.09948981,-0.49378437,-0.10948633,-0.106043756,-0.57151556,-0.12506755,-0.015573382,-0.26187003,-0.05075641,-0.014305949,-0.4089734,-0.09845139,-0.012970448,-0.5130472,-0.12735125,-0.008336484,-0.5932251,-0.13862494,0.033570588,-0.22794038,-0.062728874,0.01984334,-0.26992953,-0.12753272,-0.0047422647,-0.18183619,-0.13573089,-0.014646351,-0.115357876,-0.12122034,0.07200533,-0.17969608,-0.077468246,0.045593858,-0.20204139,-0.13034545,0.0215801,-0.13234037,-0.12767698,0.014452577,-0.07972723,-0.11137084
-0.06612921,-0.031663656,-0.0552865,-0.09105408,-0.13082099,-0.082003735,-0.05186826,-0.21235383,-0.10632226,-0.008436382,-0.27136773,-0.1286694,-0.07022464,-0.25778925,-0.048338257,-0.091552556,-0.39446583,-0.09025409,-0.10260576,-0.4913183,-0.11724884,-0.1083594,-0.5704348,-0.1333409,-0.017285943,-0.25617278,-0.051313363,-0.015847802,-0.40389585,-0.10175994,-0.014066219,-0.51136535,-0.13178961,-0.008785725,-0.5895556,-0.14300892,0.031906605,-0.22165126,-0.060892526,0.019254506,-0.2644499,-0.13383009,-0.0030571222,-0.17413819,-0.14886056,-0.011544764,-0.109061,-0.13703384,0.06975722,-0.17895055,-0.074021906,0.04439646,-0.19278312,-0.13738494,0.02147597,-0.118659675,-0.14315471,0.015265703,-0.068045795,-0.13150534
-0.06656909,-0.036529183,-0.05992509,-0.090438545,-0.1321652,-0.08946333,-0.051935613,-0.20858717,-0.1166997,-0.007428825,-0.26912558,-0.14183156,-0.070050836,-0.26062584,-0.045532096,-0.091486156,-0.39562142,-0.08780535,-0.102590024,-0.49236655,-0.11500339,-0.10732114,-0.57172513,-0.13082084,-0.016508102,-0.25708133,-0.04793293,-0.015931785,-0.4037161,-0.0990278,-0.014529705,-0.51230264,-0.12890886,-0.009853184,-0.588691,-0.13919847,0.0330835,-0.22078252,-0.058619604,0.018168569,-0.2625985,-0.13560244,-0.0022890568,-0.17119777,-0.15561655,-0.008947551,-0.10811621,-0.14580336,0.071437895,-0.18066925,-0.073082976,0.045466542,-0.19252586,-0.13987973,0.022167265,-0.116472244,-0.15009806,0.015776455,-0.06698942,-0.14133328
-0.06672537,-0.036889076,-0.05325345,-0.0903213,-0.13401759,-0.08069822,-0.047754228,-0.2106297,-0.106730476,-0.0028618574,-0.26247197,-0.13107428,-0.068036795,-0.2619208,-0.048804026,-0.089271426,-0.3962729,-0.093165666,-0.099594414,-0.4915039,-0.122072846,-0.10425806,-0.56978214,-0.13922997,-0.013597906,-0.25934255,-0.05412408,-0.013819933,-0.40414822,-0.10768112,-0.011500239,-0.510659,-0.13916433,-0.0054216385,-0.58800226,-0.15094838,0.036688507,-0.22395158,-0.06599026,0.020586312,-0.2607633,-0.14117903,-0.002338171,-0.17152292,-0.15666384,-0.01049304,-0.1068244,-0.14463848,0.07509786,-0.1799612,-0.08129512,0.048695683,-0.19510889,-0.14450322,0.023774207,-0.12092596,-0.14929384,0.01671958,-0.06886923,-0.13698171
-0.06648314,-0.03937936,-0.049265172,-0.09029478,-0.13704824,-0.07542026,-0.048024178,-0.21494007,-0.10075953,-0.0045502186,-0.2675959,-0.124564655,-0.06855583,-0.26636934,-0.04671556,-0.08900511,-0.4007178,-0.09028338,-0.098893404,-0.4965796,-0.11900009,-0.103895724,-0.57460356,-0.13594794,-0.014770508,-0.26302493,-0.053453866,-0.014159858,-0.40927404,-0.10506743,-0.012262762,-0.515949,-0.13622744,-0.006883979,-0.59486884,-0.14836068,0.03518617,-0.22686154,-0.06605531,0.021494031,-0.2671277,-0.13727124,-0.0022666454,-0.18091273,-0.15087427,-0.011724472,-0.11857188,-0.13870062,0.07386488,-0.17981786,-0.08188686,0.050755024,-0.20191574,-0.13990682,0.025607347,-0.13184607,-0.14155667,0.017475069,-0.08187568,-0.12794606
-0.06680304,-0.037320137,-0.051530678,-0.09116274,-0.13586879,-0.07725351,-0.048877418,-0.21674341,-0.10149606,-0.004883945,-0.27055258,-0.1239993,-0.070112646,-0.26453012,-0.04772158,-0.09072429,-0.3986858,-0.09053427,-0.10075086,-0.49445334,-0.11851707,-0.106001794,-0.57253194,-0.13500285,-0.016570091,-0.26084304,-0.052522074,-0.01626271,-0.4072344,-0.10410974,-0.014637232,-0.51438177,-0.13469064,-0.008938789,-0.59377635,-0.14629659,0.033070385,-0.22472256,-0.06333436,0.020239055,-0.26596093,-0.1349671,-0.0027291775,-0.1768341,-0.14743122,-0.011615455,-0.113379,-0.13405165,0.07147658,-0.17866898,-0.07754389,0.048772514,-0.20304239,-0.13636175,0.024303377,-0.13136488,-0.13777132,0.016175628,-0.08095425,-0.12365862
-0.06727904,-0.03448385,-0.046628635,-0.09262478,-0.13672626,-0.06954886,-0.048626125,-0.21667308,-0.09128869,-0.0049146414,-0.26822096,-0.1116181,-0.06944984,-0.2652161,-0.045424726,-0.09054375,-0.3996432,-0.08653531,-0.10077816,-0.4961272,-0.11326575,-0.10655439,-0.5734256,-0.12889409,-0.015606225,-0.26315016,-0.05101157,-0.015321851,-0.40986845,-0.0986361,-0.014569819,-0.5139462,-0.12732112,-0.009714127,-0.5935247,-0.13818704,0.033480763,-0.22732979,-0.061746392,0.021280527,-0.27209848,-0.12733799,-0.0023727417,-0.18668228,-0.13740024,-0.011217773,-0.12527657,-0.12390435,0.071702,-0.17808723,-0.07557546,0.048485816,-0.20218593,-0.12871073,0.02396357,-0.13456345,-0.12748753,0.016679347,-0.086672425,-0.11235204
-0.06775677,-0.03565842,-0.045833986,-0.09390241,-0.13596708,-0.0692262,-0.052083313,-0.21719104,-0.09196611,-0.009238541,-0.2696091,-0.113231465,-0.07079744,-0.26457357,-0.044244967,-0.09262681,-0.40010947,-0.08624878,-0.102502406,-0.4966488,-0.11363984,-0.10762453,-0.57456183,-0.12979983,-0.017014146,-0.2624902,-0.051202264,-0.016503453,-0.41007525,-0.10114034,-0.015030086,-0.51530343,-0.13123673,-0.00985831,-0.5949513,-0.14285116,0.032431483,-0.22689527,-0.0632872,0.01947081,-0.27084005,-0.13151406,-0.0038878918,-0.18421131,-0.14219582,-0.012501776,-0.1211288,-0.12860325,0.071134806,-0.17848164,-0.078390814,0.04679787,-0.2007848,-0.13430743,0.023108363,-0.13110244,-0.13395031,0.016722798,-0.08157951,-0.118925266
-0.06652981,-0.034073174,-0.047423728,-0.09262365,-0.13473189,-0.07187667,-0.051502883,-0.21661764,-0.09543277,-0.007557094,-0.27061343,-0.11735206,-0.06934208,-0.2625121,-0.046193596,-0.09161246,-0.39797407,-0.08847852,-0.1022408,-0.4943166,-0.11571043,-0.10798681,-0.572214,-0.13180809,-0.015297234,-0.26053208,-0.052873634,-0.01502496,-0.40778816,-0.10307662,-0.013993263,-0.51260495,-0.13285923,-0.009205639,-0.5919379,-0.14432418,0.034444332,-0.22485363,-0.06482642,0.01979363,-0.26881903,-0.13348025,-0.0038118958,-0.1808303,-0.14329615,-0.012405336,-0.1176312,-0.12911674,0.07348549,-0.17663199,-0.07994493,0.048537135,-0.20052844,-0.1361274,0.024584532,-0.13008511,-0.13523754,0.017887592,-0.07999796,-0.11989047
-0.06801838,-0.03992629,-0.05342029,-0.09203088,-0.13668954,-0.080252044,-0.050123513,-0.21461296,-0.1054352,-0.006040275,-0.27009422,-0.12864575,-0.07059497,-0.26484978,-0.047180835,-0.092463195,-0.40075403,-0.090853445,-0.102689624,-0.49654233,-0.11930182,-0.10787052,-0.5747928,-0.1357723,-0.016533911,-0.26109964,-0.05176151,-0.016947925,-0.40932027,-0.10444576,-0.015544772,-0.5167309,-0.13601057,-0.010734081,-0.5956497,-0.14776978,0.033703566,-0.22492653,-0.06291215,0.018198669,-0.26408637,-0.13697946,-0.004023552,-0.17591459,-0.152991,-0.012411177,-0.113921404,-0.14135218,0.0726431,-0.18056935,-0.077428944,0.04672581,-0.1962009,-0.13811633,0.02169329,-0.12372726,-0.14215693,0.01435709,-0.074821234,-0.12967524
-0.06625664,-0.03791994,-0.04728207,-0.090563595,-0.13675255,-0.07120763,-0.047849894,-0.21632266,-0.094499834,-0.004353106,-0.27205288,-0.11642519,-0.06811452,-0.26473576,-0.043236334,-0.08934784,-0.3982266,-0.083968595,-0.10015941,-0.4950235,-0.11062457,-0.10678983,-0.5736347,-0.12651587,-0.015233219,-0.26090407,-0.05024028,-0.013714254,-0.4078732,-0.099478334,-0.012966156,-0.51455665,-0.12968662,-0.009102881,-0.59468365,-0.14148423,0.033401012,-0.22446549,-0.06294926,0.02104956,-0.26521343,-0.13339742,-0.0039286017,-0.1785453,-0.14754161,-0.014434874,-0.116573036,-0.13584869,0.0716756,-0.17758143,-0.07855707,0.04857993,-0.20048875,-0.13671298,0.022946179,-0.12928122,-0.13890447,0.013914585,-0.07853925,-0.12581964
-0.06764257,-0.036785007,-0.05809567,-0.0906896,-0.13304108,-0.08578102,-0.05026084,-0.20781523,-0.111246616,-0.0074470043,-0.26587683,-0.13470177,-0.069379985,-0.26277494,-0.04620513,-0.09139371,-0.39599758,-0.08929857,-0.102227926,-0.492131,-0.11744818,-0.10690886,-0.57046765,-0.13408011,-0.015742302,-0.25771827,-0.049720664,-0.015015483,-0.4037056,-0.10246484,-0.014053166,-0.51079345,-0.13419995,-0.009643376,-0.58795875,-0.14602073,0.033700287,-0.22107095,-0.061195236,0.01898861,-0.26111966,-0.13961817,-0.00484097,-0.17309362,-0.161046,-0.014104903,-0.11301613,-0.15239517,0.07253742,-0.17920846,-0.076171085,0.046456456,-0.19302845,-0.14348865,0.02058202,-0.11870438,-0.15393876,0.012429893,-0.07035577,-0.145665
-0.06597841,-0.033292532,-0.04850188,-0.09135139,-0.13379848,-0.07380099,-0.04937917,-0.21416843,-0.098101884,-0.0056254864,-0.26877737,-0.12080409,-0.06751078,-0.2630998,-0.04745241,-0.08814466,-0.39599818,-0.08951651,-0.098445535,-0.4912797,-0.11673677,-0.10402298,-0.56856704,-0.13300149,-0.013745964,-0.25964355,-0.05414662,-0.013370156,-0.40645698,-0.10419088,-0.012368679,-0.51171255,-0.13343486,-0.0074498653,-0.59070927,-0.14465462,0.035682023,-0.22322851,-0.0663466,0.022040606,-0.26704448,-0.13554026,-0.0019791722,-0.17711985,-0.1450532,-0.011623263,-0.112443924,-0.13064423,0.07361847,-0.17512637,-0.08186637,0.049918234,-0.19935274,-0.13900442,0.024655223,-0.1276238,-0.13847479,0.015436351,-0.07597226,-0.12346358
-0.0658291,-0.034778833,-0.054276504,-0.09142363,-0.13349003,-0.08225918,-0.051263213,-0.21325517,-0.108325675,-0.00781846,-0.26971328,-0.13246559,-0.06859928,-0.26336443,-0.05172076,-0.0900054,-0.3980379,-0.09634238,-0.10030115,-0.49445516,-0.12540045,-0.105674684,-0.5728468,-0.14273597,-0.015442729,-0.25937223,-0.05638381,-0.014817357,-0.40580255,-0.10966987,-0.013477087,-0.51260436,-0.14091964,-0.008551419,-0.5923355,-0.15308031,0.033825457,-0.22328758,-0.067270525,0.021200001,-0.2693696,-0.14011328,-0.0018618107,-0.18050265,-0.15196557,-0.011486471,-0.11674535,-0.13846236,0.07225859,-0.17726463,-0.0818692,0.049826026,-0.20098466,-0.14195336,0.026225328,-0.12947744,-0.14328878,0.018424392,-0.07913542,-0.12917149
-0.066474974,-0.03804201,-0.043855097,-0.09208804,-0.13857067,-0.066561006,-0.04955703,-0.21733147,-0.08871325,-0.0054371953,-0.26890188,-0.10979565,-0.067768574,-0.26605403,-0.043898515,-0.08842015,-0.40043163,-0.08387696,-0.09900504,-0.49637145,-0.1096414,-0.10539508,-0.5736084,-0.12468711,-0.013640821,-0.26376718,-0.05079057,-0.012186527,-0.41098017,-0.096844025,-0.011792839,-0.5143957,-0.12471247,-0.008180082,-0.5933057,-0.13535614,0.03556466,-0.22766393,-0.06252235,0.021638453,-0.27231085,-0.12748459,-0.004207492,-0.18946785,-0.1392047,-0.015183568,-0.12754184,-0.12732688,0.07324755,-0.17742556,-0.076956086,0.048725367,-0.19929224,-0.13044742,0.02252084,-0.13135153,-0.13057734,0.013443351,-0.0806008,-0.11666823
-0.067332864,-0.035446525,-0.04370496,-0.09331715,-0.13818264,-0.06432632,-0.049483,-0.21912748,-0.0843064,-0.005188346,-0.2692294,-0.10308099,-0.07085794,-0.26461035,-0.04040631,-0.09104031,-0.39911658,-0.07856392,-0.10170263,-0.4948775,-0.10334191,-0.10851359,-0.5725519,-0.11812518,-0.017301619,-0.26350868,-0.04658281,-0.016160667,-0.4094991,-0.09233887,-0.014808595,-0.51448786,-0.120517194,-0.01009196,-0.594506,-0.13133106,0.03162843,-0.22926754,-0.05766537,0.019852221,-0.2697779,-0.12275059,-0.003671348,-0.18345386,-0.13416497,-0.013679266,-0.11921638,-0.12171949,0.069568515,-0.18203944,-0.071569644,0.045920074,-0.1988942,-0.12615174,0.022140741,-0.1276046,-0.12694855,0.014393568,-0.07599872,-0.113164835
-0.06735033,-0.033255458,-0.050138354,-0.0923779,-0.13531005,-0.07266388,-0.049054086,-0.21505511,-0.09343605,-0.003731966,-0.2674228,-0.11267743,-0.06909585,-0.26243627,-0.041772753,-0.09016526,-0.3955664,-0.07995672,-0.10112375,-0.49191445,-0.10512387,-0.10764271,-0.5694126,-0.12028534,-0.01567328,-0.26025105,-0.045656316,-0.014457285,-0.4054765,-0.091591574,-0.013591468,-0.511141,-0.11988791,-0.009545326,-0.58922154,-0.13060734,0.033226013,-0.22449696,-0.05576042,0.019557655,-0.26743346,-0.12406217,-0.0036727786,-0.18177915,-0.13929889,-0.013144076,-0.11904937,-0.1287459,0.0712347,-0.17870772,-0.06906044,0.045737565,-0.19562107,-0.12819888,0.021573365,-0.123518646,-0.13333711,0.013916671,-0.07295096,-0.12228575
-0.065359175,-0.029311478,-0.051904097,-0.091002345,-0.13078672,-0.07669155,-0.050295115,-0.21170473,-0.09952274,-0.007722974,-0.2672072,-0.12060493,-0.06791383,-0.2587176,-0.047809932,-0.08836728,-0.39244133,-0.08930392,-0.098701715,-0.4893591,-0.11646585,-0.10426849,-0.56825626,-0.1330881,-0.015430272,-0.25559938,-0.05249816,-0.014370561,-0.401959,-0.10249245,-0.012462974,-0.5091474,-0.1323979,-0.0071749687,-0.5889151,-0.14394124,0.033087075,-0.22021902,-0.06317788,0.02142185,-0.2625391,-0.13452472,-0.0015416741,-0.17224115,-0.14688015,-0.0113809705,-0.10697335,-0.13383046,0.07079941,-0.17506665,-0.077356406,0.047578633,-0.19193333,-0.13905053,0.02462548,-0.117326856,-0.1423547,0.016886055,-0.06516665,-0.12932941
-0.067907214,-0.037663758,-0.0505251,-0.0908373,-0.13484848,-0.07525145,-0.04724139,-0.21041548,-0.0988112,-0.0034536123,-0.26557207,-0.12083284,-0.06874454,-0.26216066,-0.042959217,-0.090188265,-0.39482486,-0.08350419,-0.10089481,-0.49059105,-0.11014808,-0.10623217,-0.56866765,-0.12605007,-0.015318334,-0.25876617,-0.048667528,-0.01461935,-0.40356496,-0.09784239,-0.013456881,-0.50910205,-0.12766805,-0.008978784,-0.58561504,-0.13892494,0.03411603,-0.2227236,-0.060930904,0.01900047,-0.26178616,-0.13358852,-0.0046551824,-0.1749267,-0.15054774,-0.013708949,-0.11269659,-0.14026213,0.07223022,-0.17847121,-0.07628072,0.045902014,-0.19541377,-0.1385314,0.020272434,-0.12205535,-0.14461821,0.012627244,-0.071142316,-0.1337987
-0.06653482,-0.034951866,-0.05540105,-0.089260936,-0.13360101,-0.080003284,-0.046185672,-0.20966858,-0.10249686,-8.5771084e-05,-0.2664035,-0.123119794,-0.06857073,-0.26102483,-0.041838057,-0.08936924,-0.39360577,-0.081564255,-0.10016805,-0.49033803,-0.10724996,-0.10515267,-0.5688114,-0.122448474,-0.01520431,-0.25687516,-0.04520045,-0.013955712,-0.40179417,-0.09390746,-0.01212281,-0.509754,-0.122744866,-0.00742203,-0.58542496,-0.13277404,0.034009874,-0.22087222,-0.056377806,0.020745039,-0.26287633,-0.13281967,-0.0010039806,-0.17228395,-0.15349415,-0.009921908,-0.10761678,-0.14432773,0.07224095,-0.17989755,-0.070875585,0.0477764,-0.19073045,-0.14015229,0.023724616,-0.1128242,-0.15229589,0.01527679,-0.05986917,-0.14459084
-0.06601244,-0.028210282,-0.04213025,-0.093038976,-0.13165367,-0.062157813,-0.050872922,-0.21647507,-0.08105439,-0.008291721,-0.26696157,-0.0987261,-0.070340395,-0.25943375,-0.043614853,-0.09032631,-0.39422706,-0.0820649,-0.100124836,-0.49050063,-0.10693991,-0.10684204,-0.5684704,-0.12204331,-0.017308474,-0.25946093,-0.049793705,-0.016188622,-0.40669578,-0.09424997,-0.013402998,-0.50959146,-0.1209766,-0.008066177,-0.5906273,-0.1314519,0.030728817,-0.22561646,-0.060060333,0.023852766,-0.27286345,-0.12192276,0.001906693,-0.18690264,-0.12861937,-0.0081323385,-0.12239814,-0.11404952,0.068743825,-0.1761589,-0.073134325,0.051003933,-0.2010364,-0.1251822,0.02944678,-0.13149619,-0.12243351,0.021395802,-0.07988727,-0.106466115
-0.06661427,-0.0345816,-0.046384685,-0.09032649,-0.13548183,-0.06878663,-0.0486992,-0.21571779,-0.09025078,-0.0068519115,-0.2701171,-0.11028092,-0.06782025,-0.26199096,-0.041408196,-0.08821148,-0.39499986,-0.08019737,-0.09881669,-0.49069983,-0.10545897,-0.10497093,-0.5683832,-0.12066763,-0.014552414,-0.2594692,-0.047679365,-0.014126897,-0.4058406,-0.09368533,-0.013615429,-0.51054704,-0.12178963,-0.009130359,-0.5891061,-0.13266417,0.034632087,-0.2235415,-0.059539072,0.020195782,-0.2689157,-0.12658696,-0.0037098527,-0.18360364,-0.13900845,-0.012310386,-0.12095213,-0.12710428,0.07283974,-0.17595303,-0.074370116,0.046458423,-0.19748133,-0.13159302,0.02127415,-0.12730908,-0.13400446,0.01386565,-0.07693148,-0.12129523
-0.06616324,-0.036619425,-0.044908624,-0.0902679,-0.13843393,-0.06722614,-0.047684073,-0.21986419,-0.08905953,-0.0047419667,-0.27369833,-0.10941987,-0.06810379,-0.26466453,-0.041110512,-0.08849883,-0.39849037,-0.08092523,-0.098786116,-0.49479896,-0.10720224,-0.10478926,-0.57301784,-0.12308871,-0.01486975,-0.26196563,-0.048142444,-0.014102399,-0.40769982,-0.09600945,-0.012820363,-0.51404023,-0.12561138,-0.0075133443,-0.5945538,-0.13740323,0.03402227,-0.22605371,-0.060391314,0.021517694,-0.26905406,-0.12769216,-0.0034698248,-0.18127102,-0.13887604,-0.013792515,-0.1168133,-0.12594177,0.07230407,-0.17841572,-0.075579174,0.047508895,-0.20038635,-0.13194966,0.022366762,-0.1295085,-0.1325871,0.014038205,-0.07836133,-0.11844607
-0.067031145,-0.038457513,-0.04464293,-0.0908736,-0.1385861,-0.067888044,-0.049162626,-0.21852076,-0.09094599,-0.006367862,-0.27319664,-0.11250945,-0.06749523,-0.26485485,-0.04092662,-0.088656604,-0.39814728,-0.08097783,-0.099567294,-0.494054,-0.10727848,-0.10515225,-0.5716908,-0.12310059,-0.013838947,-0.2623213,-0.04865189,-0.013890684,-0.40726906,-0.09658988,-0.013720453,-0.5130788,-0.12625895,-0.008440435,-0.59243894,-0.13811447,0.03515905,-0.22645128,-0.06164167,0.019737244,-0.26904565,-0.129104,-0.006323576,-0.18129694,-0.14044178,-0.015889049,-0.116229475,-0.12773637,0.07297039,-0.17909598,-0.07759018,0.0439353,-0.1971283,-0.13440932,0.017659843,-0.12519753,-0.13552508,0.01024282,-0.07309431,-0.121700674
-0.06603706,-0.038599014,-0.04299518,-0.09076637,-0.14056629,-0.0649169,-0.050465524,-0.22518343,-0.08668141,-0.008930504,-0.27952588,-0.10681601,-0.06937659,-0.26614296,-0.039005507,-0.08948529,-0.39942312,-0.07800918,-0.10000551,-0.49497634,-0.10381766,-0.106895804,-0.57221603,-0.119393274,-0.016334593,-0.26361662,-0.046705615,-0.015503466,-0.4104715,-0.09290529,-0.01489079,-0.5150527,-0.121666946,-0.010346472,-0.59500307,-0.13323061,0.033022285,-0.22733843,-0.059305884,0.019973814,-0.27440536,-0.1235402,-0.004283488,-0.18852639,-0.13235496,-0.013363063,-0.12437105,-0.11856422,0.071798325,-0.17738527,-0.074868366,0.048590958,-0.20469266,-0.12759812,0.024690032,-0.13692993,-0.12569669,0.017635465,-0.08629316,-0.11029397
-0.06525749,-0.034648657,-0.0478291,-0.089923084,-0.13767111,-0.070844606,-0.04881704,-0.2195549,-0.09281263,-0.0035328865,-0.27373266,-0.113143876,-0.06727809,-0.26575965,-0.04155083,-0.08807218,-0.39844584,-0.07964139,-0.09885931,-0.4947296,-0.10442486,-0.10515642,-0.5718199,-0.11911932,-0.013553381,-0.2628138,-0.046931606,-0.012443423,-0.4081763,-0.09121944,-0.012885869,-0.51287425,-0.117918424,-0.0092843175,-0.5905036,-0.12782784,0.03541833,-0.22597164,-0.058170397,0.019483566,-0.27200806,-0.12372091,-0.005199909,-0.18486816,-0.13497727,-0.013786256,-0.12179971,-0.122204416,0.073271215,-0.17717278,-0.07265427,0.04772997,-0.20025516,-0.12885723,0.022966087,-0.12902701,-0.13053298,0.0157426,-0.07723737,-0.11715554
-0.06708628,-0.03626108,-0.04457235,-0.09419322,-0.13923192,-0.066196926,-0.052747726,-0.21992582,-0.08692573,-0.009263277,-0.2721004,-0.10631087,-0.0679875,-0.26878875,-0.04181624,-0.089567125,-0.40212986,-0.07986059,-0.10068822,-0.4978851,-0.104492284,-0.10790944,-0.57463884,-0.118962854,-0.01447624,-0.26656204,-0.04788201,-0.014037371,-0.41437584,-0.09120985,-0.015134275,-0.51626956,-0.11731326,-0.012602925,-0.59418166,-0.12692054,0.034362018,-0.23004496,-0.05912108,0.019372463,-0.27573848,-0.12157012,-0.0054576397,-0.1921441,-0.13159814,-0.014490724,-0.1323654,-0.118813194,0.07257962,-0.17960453,-0.073315375,0.04841256,-0.20582074,-0.12461676,0.022549212,-0.13847011,-0.12364502,0.0144351125,-0.08985978,-0.10930363
-0.065582514,-0.038132906,-0.046599,-0.091181815,-0.13807577,-0.07046013,-0.050783277,-0.21783084,-0.09390022,-0.0068216324,-0.27064455,-0.115963735,-0.06769389,-0.26570588,-0.042394053,-0.088914216,-0.3988611,-0.08244366,-0.09960371,-0.4949155,-0.10841298,-0.105672896,-0.57241726,-0.1236677,-0.014192581,-0.26297915,-0.049528144,-0.013603747,-0.40846467,-0.096926264,-0.0139478445,-0.51268625,-0.12506984,-0.01082021,-0.58914375,-0.1353197,0.035393953,-0.22688568,-0.06240741,0.019343376,-0.269036,-0.13055024,-0.004119277,-0.18222916,-0.14269195,-0.012175262,-0.11954796,-0.1299185,0.07400316,-0.1792013,-0.078324966,0.04824364,-0.20113468,-0.13465509,0.023040295,-0.1302653,-0.13577153,0.015908957,-0.07955718,-0.12198412
-0.06519717,-0.03585154,-0.044387847,-0.09059107,-0.13975054,-0.066882476,-0.0471915,-0.22222519,-0.08871928,-0.0020976067,-0.2744459,-0.109041005,-0.06883818,-0.2657882,-0.04282213,-0.08954054,-0.39900523,-0.08230591,-0.09994358,-0.49443072,-0.10783315,-0.10618234,-0.5714065,-0.12292571,-0.015504122,-0.26338315,-0.04958238,-0.015217483,-0.41068882,-0.095396675,-0.014875054,-0.51458395,-0.12259091,-0.010566533,-0.5948185,-0.1328091,0.03364718,-0.22771984,-0.06128155,0.021580398,-0.27282465,-0.12497902,-0.0024302006,-0.18505633,-0.13241525,-0.011787057,-0.12142092,-0.11754196,0.07220286,-0.17841768,-0.07610693,0.049752712,-0.20489645,-0.12783563,0.025638878,-0.13573986,-0.12484044,0.01781845,-0.08528018,-0.108721375
-0.06655425,-0.041492283,-0.05411609,-0.08933699,-0.13875258,-0.08106776,-0.0465222,-0.21722633,-0.106335774,-0.0021814108,-0.27529472,-0.12960744,-0.06983352,-0.26721758,-0.04440857,-0.0913254,-0.4001869,-0.08556379,-0.10214186,-0.49564415,-0.112859145,-0.107949436,-0.57369673,-0.12902799,-0.016383767,-0.2624038,-0.04885897,-0.016906679,-0.40891373,-0.09756533,-0.016512275,-0.51604927,-0.1270308,-0.0118582845,-0.5945208,-0.13829882,0.033366323,-0.22439253,-0.06039021,0.019183159,-0.26754808,-0.13134988,-0.0037927628,-0.1804266,-0.14611551,-0.011390328,-0.12032753,-0.13469727,0.07231617,-0.17844272,-0.07557912,0.048056066,-0.20165932,-0.13487424,0.023339808,-0.13049698,-0.13862528,0.016679049,-0.08230209,-0.12665756
-0.06620437,-0.040996432,-0.04662711,-0.09126043,-0.13846183,-0.07125096,-0.05117923,-0.22487116,-0.095360756,-0.008139312,-0.28251815,-0.11731177,-0.07148713,-0.2671771,-0.041245654,-0.09201813,-0.40308487,-0.082059175,-0.10280907,-0.49845412,-0.10868539,-0.10942465,-0.57701695,-0.124290995,-0.01809442,-0.2650442,-0.047753412,-0.01851046,-0.4125109,-0.09630023,-0.01749295,-0.5179306,-0.12543604,-0.012445331,-0.5983143,-0.13666116,0.031800866,-0.229743,-0.059655942,0.017944515,-0.27191925,-0.12685712,-0.004398167,-0.18220401,-0.13533328,-0.011626184,-0.11619812,-0.12015359,0.07063967,-0.18161637,-0.07481441,0.04667139,-0.20598876,-0.12863651,0.023328006,-0.13579899,-0.12601118,0.01675725,-0.08376205,-0.10952616
-0.06649357,-0.03741753,-0.0422808,-0.09268844,-0.13950086,-0.06492943,-0.049958944,-0.22305954,-0.08751325,-0.0067442656,-0.2751522,-0.10869133,-0.06873965,-0.26715022,-0.043726537,-0.09000343,-0.402316,-0.08463563,-0.100509405,-0.4979102,-0.1107771,-0.106571615,-0.57586294,-0.12602568,-0.015120506,-0.265342,-0.05147225,-0.01625669,-0.41281837,-0.09973672,-0.015422285,-0.51705056,-0.12824364,-0.010108292,-0.5977235,-0.13905467,0.034425855,-0.23043251,-0.063572526,0.019599378,-0.27187926,-0.1290651,-0.0036495328,-0.18178165,-0.13603663,-0.011286795,-0.114239156,-0.12024783,0.07284945,-0.18113416,-0.07851627,0.047184527,-0.20442963,-0.131118,0.023703337,-0.1334936,-0.12733795,0.017591894,-0.07972705,-0.110102095
-0.065610945,-0.029995799,-0.04752518,-0.09180844,-0.13400012,-0.07013322,-0.050315857,-0.22052574,-0.091775805,-0.0061380267,-0.2754289,-0.11184911,-0.06905222,-0.26130813,-0.043096934,-0.089683354,-0.39641035,-0.082178056,-0.10042244,-0.4931538,-0.10748996,-0.106373906,-0.571576,-0.12287339,-0.015530646,-0.2587809,-0.048660252,-0.015453339,-0.40513474,-0.09622312,-0.014662206,-0.5113942,-0.12451173,-0.009881496,-0.5897255,-0.13537738,0.03376609,-0.22321534,-0.059669733,0.018372238,-0.26985615,-0.12846053,-0.004944384,-0.17812788,-0.13877884,-0.013742685,-0.108745635,-0.124683425,0.0720309,-0.17620653,-0.07381747,0.04543692,-0.1986984,-0.13335462,0.02201134,-0.1247617,-0.13503994,0.014397681,-0.06934041,-0.120951965
-0.06732899,-0.038799226,-0.06060823,-0.08958858,-0.1369856,-0.08695438,-0.04643452,-0.21264273,-0.11027955,-0.0005868077,-0.26938128,-0.1314346,-0.071038544,-0.26489246,-0.041997395,-0.09296751,-0.3969974,-0.082180075,-0.10425305,-0.49391937,-0.10834411,-0.10927063,-0.57146597,-0.12322137,-0.017763257,-0.25916368,-0.042540934,-0.01762706,-0.4049893,-0.08985342,-0.017466187,-0.5116458,-0.117016025,-0.013989687,-0.5873286,-0.12543385,0.031956792,-0.22204643,-0.052033376,0.018777668,-0.26653588,-0.1273033,-0.0016239285,-0.1773482,-0.14761718,-0.008086622,-0.11705452,-0.13783738,0.07020402,-0.18044907,-0.06543625,0.046983123,-0.19559371,-0.13221005,0.023349702,-0.12155068,-0.14349379,0.016572475,-0.07385284,-0.1353813
-0.066307604,-0.037849784,-0.044206254,-0.09155208,-0.14132923,-0.064507976,-0.048666894,-0.22450083,-0.08427374,-0.0051478744,-0.27424002,-0.102723755,-0.06990558,-0.26773602,-0.038519382,-0.0911091,-0.40220466,-0.07615639,-0.101829946,-0.49833596,-0.10073809,-0.108971,-0.5758014,-0.1151395,-0.016363204,-0.26523173,-0.04459483,-0.015442848,-0.4119243,-0.08930324,-0.015303671,-0.5165475,-0.11674947,-0.011738896,-0.59581584,-0.12693654,0.032689035,-0.22941244,-0.055886336,0.020247221,-0.2729076,-0.121038824,-0.002439618,-0.18548042,-0.13217652,-0.011103928,-0.120815456,-0.118990764,0.070662975,-0.18021584,-0.07004123,0.047916055,-0.20372933,-0.12420517,0.024768949,-0.13313949,-0.12417115,0.01738894,-0.08126372,-0.109584026
-0.066628695,-0.03181249,-0.05193769,-0.09121835,-0.13229132,-0.07556899,-0.04790342,-0.21376497,-0.09705108,-0.0052312613,-0.27002484,-0.116926394,-0.07142931,-0.26183265,-0.044855442,-0.09280151,-0.3950761,-0.084637314,-0.103673935,-0.49086538,-0.11073057,-0.11010158,-0.56865263,-0.1263623,-0.01823008,-0.25981343,-0.048384577,-0.018266022,-0.40535745,-0.095959544,-0.017749488,-0.5108975,-0.124711275,-0.013663769,-0.5890745,-0.13565797,0.030911863,-0.22462535,-0.058189612,0.019001305,-0.26735651,-0.12786281,-0.002458036,-0.17913091,-0.14161424,-0.0101287365,-0.11548555,-0.12977807,0.068890035,-0.17913252,-0.07137958,0.044745862,-0.19747931,-0.13158652,0.022261977,-0.12478876,-0.1356917,0.016443133,-0.074243605,-0.12357124
-0.066145,-0.03324455,-0.043795705,-0.09199333,-0.13591897,-0.06535951,-0.049161553,-0.22189343,-0.0862525,-0.0059318542,-0.27544862,-0.10587292,-0.07186979,-0.2628706,-0.042267647,-0.092311025,-0.3974632,-0.08123271,-0.103143215,-0.49336743,-0.10656361,-0.11004686,-0.5711012,-0.121974535,-0.01885879,-0.26160133,-0.04879289,-0.018510997,-0.4089206,-0.09538941,-0.017469585,-0.51364183,-0.123737365,-0.012393177,-0.59453726,-0.13513282,0.030005634,-0.22717524,-0.05992937,0.019653797,-0.2728951,-0.12419963,-0.00414443,-0.185107,-0.13215287,-0.013735175,-0.11998081,-0.11794804,0.068066835,-0.17875648,-0.07407091,0.044505656,-0.20422101,-0.12779419,0.021884263,-0.13484329,-0.12608984,0.014984727,-0.08360511,-0.11073203
-0.06804377,-0.03464842,-0.046900712,-0.09333134,-0.13564962,-0.06909643,-0.051761627,-0.21940571,-0.09028661,-0.0083351135,-0.27347594,-0.109905556,-0.07127625,-0.26255053,-0.04130918,-0.09246367,-0.39755726,-0.0801945,-0.103232086,-0.4934595,-0.10558703,-0.10952628,-0.57122135,-0.12074286,-0.018370092,-0.26093084,-0.046296746,-0.019127786,-0.40751302,-0.092682086,-0.018116593,-0.512923,-0.12111482,-0.012630761,-0.59186435,-0.13217282,0.030800164,-0.22643542,-0.05673691,0.017810643,-0.2706043,-0.122919545,-0.0057379603,-0.1832177,-0.1342289,-0.014532387,-0.11764073,-0.12139255,0.069192946,-0.18018275,-0.07031374,0.042196453,-0.20083493,-0.1263082,0.018051982,-0.13161397,-0.12789887,0.0112525225,-0.080735624,-0.11437836
-0.067789316,-0.03845346,-0.045422304,-0.09282035,-0.14100575,-0.06698215,-0.04935956,-0.22066325,-0.08809701,-0.0041012764,-0.27052343,-0.10790579,-0.068731844,-0.2652406,-0.039928436,-0.0903008,-0.39911962,-0.07775819,-0.10220808,-0.4947344,-0.1023897,-0.10948944,-0.5718464,-0.11698443,-0.015199304,-0.26376188,-0.04603931,-0.014942825,-0.4090767,-0.09112044,-0.015484512,-0.5140059,-0.11838834,-0.0121786,-0.5915605,-0.12843786,0.03412801,-0.22899991,-0.057824206,0.01809907,-0.26791245,-0.12359401,-0.006519079,-0.18193293,-0.1365581,-0.015348434,-0.11772877,-0.124788575,0.07199705,-0.18277007,-0.07264191,0.04413116,-0.20147365,-0.12778191,0.017551124,-0.13165462,-0.13023467,0.0094662905,-0.0803234,-0.11768006
-0.066933036,-0.035138607,-0.039999615,-0.09314954,-0.14019787,-0.05927127,-0.049200654,-0.22257721,-0.07840246,-0.005324781,-0.27168077,-0.09643208,-0.06923902,-0.2655236,-0.039324135,-0.08984101,-0.39861658,-0.07680756,-0.100875616,-0.49459207,-0.10119856,-0.10801232,-0.5711535,-0.11587207,-0.015842438,-0.26475507,-0.04661073,-0.015884697,-0.41094446,-0.090295695,-0.015981972,-0.51409614,-0.117509976,-0.012024939,-0.59446216,-0.12825492,0.032838225,-0.22980756,-0.058107555,0.01979202,-0.27226472,-0.11837346,-0.006440282,-0.18769687,-0.12612927,-0.017444015,-0.124522686,-0.112431966,0.070559025,-0.17932993,-0.072392136,0.045753777,-0.2031321,-0.12160443,0.01941657,-0.1373918,-0.118917204,0.009714425,-0.087876976,-0.10350999
-0.067537546,-0.041822433,-0.039659005,-0.093328714,-0.14448982,-0.05964988,-0.04886818,-0.22699839,-0.07991068,-0.0047243237,-0.27658093,-0.098941915,-0.07008958,-0.27125812,-0.038038854,-0.09093225,-0.406233,-0.075701445,-0.10187638,-0.5023445,-0.10032391,-0.109265566,-0.58052886,-0.11471749,-0.016597927,-0.26916713,-0.045668334,-0.016948104,-0.41681904,-0.08938941,-0.016344845,-0.5216894,-0.1165545,-0.012191772,-0.6034123,-0.12698193,0.032218516,-0.23377985,-0.057609525,0.019820333,-0.27563316,-0.11889273,-0.0045005083,-0.19049168,-0.1271662,-0.014437258,-0.1261496,-0.11297928,0.07014781,-0.18300068,-0.07219076,0.047926426,-0.21114457,-0.120394036,0.023483515,-0.14454645,-0.11626848,0.015053749,-0.09264922,-0.099610396
-0.067537546,-0.041822433,-0.039659005,-0.093328714,-0.14448982,-0.05964988,-0.04886818,-0.22699839,-0.07991068,-0.0047243237,-0.27658093,-0.098941915,-0.07008958,-0.27125812,-0.038038854,-0.09093225,-0.406233,-0.075701445,-0.10187638,-0.5023445,-0.10032391,-0.109265566,-0.58052886,-0.11471749,-0.016597927,-0.26916713,-0.045668334,-0.016948104,-0.41681904,-0.08938941,-0.016344845,-0.5216894,-0.1165545,-0.012191772,-0.6034123,-0.12698193,0.032218516,-0.23377985,-0.057609525,0.019820333,-0.27563316,-0.11889273,-0.0045005083,-0.19049168,-0.1271662,-0.014437258,-0.1261496,-0.11297928,0.07014781,-0.18300068,-0.07219076,0.047926426,-0.21114457,-0.120394036,0.023483515,-0.14454645,-0.11626848,0.015053749,-0.09264922,-0.099610396
-0.067156136,-0.0405398,-0.040493105,-0.09242791,-0.14107227,-0.061990846,-0.048477948,-0.2217769,-0.08367313,-0.0052660108,-0.27201587,-0.104101636,-0.069473445,-0.26956624,-0.039879218,-0.09019947,-0.40402007,-0.07906549,-0.10063553,-0.49951017,-0.105142884,-0.10686594,-0.5767514,-0.12074818,-0.015906632,-0.2667091,-0.04800973,-0.015511036,-0.41322708,-0.09387407,-0.015023291,-0.5184049,-0.12295722,-0.010199487,-0.5997876,-0.13502854,0.033000052,-0.23047513,-0.060460195,0.020467281,-0.27486104,-0.12318034,-0.0048787594,-0.19190669,-0.13224463,-0.014890432,-0.12879282,-0.11908831,0.07077885,-0.1794172,-0.0756179,0.047428966,-0.20735413,-0.12592517,0.022408307,-0.1414941,-0.12298703,0.014189601,-0.09019339,-0.10728808
-0.06631535,-0.038938403,-0.044356607,-0.09255117,-0.13953161,-0.067122124,-0.04926467,-0.22197032,-0.08929739,-0.005380869,-0.27556205,-0.11007811,-0.07078868,-0.26798707,-0.0414896,-0.09159744,-0.4030698,-0.081189334,-0.10241425,-0.49965897,-0.10765959,-0.109242916,-0.5770695,-0.12346038,-0.017794907,-0.26515573,-0.04818273,-0.01663065,-0.41331595,-0.09436486,-0.016893864,-0.5180446,-0.12347734,-0.013310492,-0.5980333,-0.135327,0.031332433,-0.22894233,-0.059821937,0.018885791,-0.27762377,-0.12444172,-0.006364405,-0.19540906,-0.13559115,-0.01616311,-0.13322175,-0.12343503,0.070117116,-0.1784817,-0.07432516,0.047947943,-0.20834106,-0.12706628,0.023688734,-0.14269799,-0.12613863,0.016419113,-0.092421055,-0.111563124
-0.06690985,-0.038175225,-0.043161895,-0.092369795,-0.13930827,-0.0654935,-0.049546897,-0.22195786,-0.087671705,-0.006629646,-0.27429223,-0.10848177,-0.06960195,-0.26677674,-0.040701363,-0.09031737,-0.40161788,-0.08040383,-0.10087395,-0.49789232,-0.106785476,-0.10711664,-0.57523644,-0.12267259,-0.016473472,-0.26403004,-0.048252083,-0.014795005,-0.41029477,-0.095388636,-0.014961898,-0.51503646,-0.12466818,-0.011060715,-0.59467626,-0.13652046,0.03261751,-0.22800368,-0.060679376,0.019301355,-0.27379996,-0.12609997,-0.0063958764,-0.18989795,-0.13644831,-0.016055703,-0.12631816,-0.123577945,0.07102865,-0.17819208,-0.07599834,0.047273993,-0.20520306,-0.12994629,0.022036672,-0.13811809,-0.12919474,0.014066339,-0.08674443,-0.11449691
-0.0665859,-0.04080099,-0.03898976,-0.091516435,-0.14161581,-0.059576727,-0.047295988,-0.22175032,-0.080458246,-0.003692925,-0.27085412,-0.100149766,-0.06792432,-0.26831132,-0.038257625,-0.08749682,-0.40103245,-0.076890856,-0.0976249,-0.49600342,-0.10262845,-0.10377258,-0.5722959,-0.11821014,-0.014622986,-0.26673585,-0.04660598,-0.013769448,-0.41136503,-0.091363125,-0.013642371,-0.5143648,-0.12023877,-0.008929133,-0.5944185,-0.13240129,0.034154773,-0.23087841,-0.059081208,0.020859778,-0.27445096,-0.119922906,-0.0062385798,-0.19381142,-0.12914337,-0.016764522,-0.13178897,-0.11683529,0.072265506,-0.17929941,-0.07422267,0.047148347,-0.20308805,-0.12394983,0.020736873,-0.13839048,-0.12185673,0.012268841,-0.087815225,-0.10696643
-0.06465846,-0.037522852,-0.037262056,-0.09051919,-0.14024222,-0.0573758,-0.045839548,-0.22107863,-0.077920765,-0.0012725592,-0.26815695,-0.09762159,-0.068671644,-0.2675045,-0.040562395,-0.08834016,-0.400528,-0.07925432,-0.09857756,-0.4957862,-0.10471972,-0.1053555,-0.57241035,-0.12007059,-0.0147483945,-0.26585096,-0.04963973,-0.01367569,-0.41108048,-0.09425271,-0.01269418,-0.51325935,-0.122044615,-0.008329153,-0.59364045,-0.13331108,0.034427404,-0.23016465,-0.062213223,0.022443771,-0.27187514,-0.122448504,-0.0035503507,-0.18664038,-0.12881532,-0.014776766,-0.12173176,-0.114355415,0.07209355,-0.17737478,-0.07727205,0.048559904,-0.2026298,-0.12577665,0.023468316,-0.13550341,-0.12068902,0.014682472,-0.08301669,-0.103499964
-0.06575054,-0.039795876,-0.034696322,-0.092346966,-0.1421014,-0.054155458,-0.0512532,-0.22646606,-0.07438191,-0.009752154,-0.27760154,-0.09344823,-0.07012057,-0.27185482,-0.03857157,-0.089279056,-0.40594733,-0.07599097,-0.09940964,-0.5014001,-0.10016746,-0.10641974,-0.579058,-0.11444386,-0.016208291,-0.27077013,-0.048057158,-0.01540482,-0.41689155,-0.09050567,-0.014598131,-0.5194818,-0.11703762,-0.011030912,-0.6011514,-0.12777439,0.03284657,-0.23603868,-0.06065232,0.019975245,-0.27609712,-0.117312886,-0.005686283,-0.19151825,-0.121995024,-0.017449677,-0.12668663,-0.10709975,0.07092458,-0.18410194,-0.07566493,0.04741013,-0.20748085,-0.11952458,0.022363424,-0.14103591,-0.1124777,0.012951076,-0.08883852,-0.09460158
-0.06590778,-0.038785815,-0.04113789,-0.09066141,-0.14164913,-0.06300158,-0.047059238,-0.22466719,-0.084970914,-0.003944814,-0.27456897,-0.10567709,-0.06909835,-0.26784337,-0.042032633,-0.089073956,-0.40281647,-0.08299037,-0.09872395,-0.4988289,-0.1099958,-0.10442668,-0.5765424,-0.12608731,-0.015687644,-0.26523572,-0.050320566,-0.015291035,-0.4117422,-0.098689705,-0.013554931,-0.51620805,-0.12844616,-0.007879555,-0.596961,-0.140416,0.03371173,-0.22956717,-0.06276117,0.021863997,-0.27368003,-0.1272371,-0.0033129454,-0.18695152,-0.1348599,-0.01374656,-0.1207121,-0.12008885,0.072152674,-0.17913026,-0.07800415,0.048780322,-0.20553523,-0.12966083,0.0241251,-0.13735026,-0.12576264,0.016059399,-0.08479357,-0.108710036
-0.06620711,-0.03892255,-0.045576822,-0.08974975,-0.14049065,-0.06756596,-0.0472399,-0.22303754,-0.088700995,-0.0037741065,-0.27502698,-0.10812781,-0.069583714,-0.26612538,-0.0396658,-0.08950478,-0.40031576,-0.079126656,-0.099211335,-0.49589723,-0.10545401,-0.10497165,-0.57293504,-0.12114261,-0.016395926,-0.26390368,-0.04541844,-0.015700579,-0.4092934,-0.09187655,-0.013976157,-0.51352644,-0.120958716,-0.008470595,-0.5925936,-0.13239913,0.032984912,-0.22833878,-0.056448177,0.020713866,-0.27064842,-0.12118867,-0.0032845736,-0.18614781,-0.13156621,-0.012187421,-0.12357253,-0.11842232,0.07137871,-0.18004042,-0.070657834,0.048541248,-0.20246828,-0.124336876,0.024665534,-0.13435376,-0.124031655,0.018154621,-0.084563255,-0.1093728
-0.06653994,-0.039278507,-0.03902947,-0.092686296,-0.14170635,-0.059222948,-0.050489306,-0.22663736,-0.07977408,-0.007202089,-0.27637285,-0.099036865,-0.06962472,-0.26892537,-0.038934413,-0.090050876,-0.40400025,-0.07704477,-0.100480616,-0.49945068,-0.101541154,-0.10707885,-0.57677436,-0.11589794,-0.016466975,-0.26696432,-0.046815492,-0.016936779,-0.41383046,-0.09187369,-0.01615119,-0.5175204,-0.11951492,-0.011395991,-0.5978918,-0.1302543,0.0321306,-0.23224062,-0.05869671,0.019532382,-0.27177435,-0.11990248,-0.005981624,-0.18517423,-0.12703128,-0.01682651,-0.1197446,-0.11238924,0.06974763,-0.18251991,-0.07324816,0.044715762,-0.20590621,-0.12179654,0.0197168,-0.13805264,-0.11762629,0.010933161,-0.086105466,-0.10091707
-0.06790292,-0.039460182,-0.046944916,-0.092595994,-0.13716018,-0.07178686,-0.04991412,-0.21671945,-0.09577878,-0.0074597597,-0.26944304,-0.11815754,-0.07048553,-0.2667793,-0.04637772,-0.091222584,-0.40234974,-0.08896238,-0.101308465,-0.49787843,-0.11649714,-0.10699499,-0.5755367,-0.1323647,-0.017089605,-0.26413083,-0.052363683,-0.016320646,-0.41229606,-0.10237552,-0.014793873,-0.51770425,-0.13214988,-0.009429038,-0.5974395,-0.14335294,0.03232783,-0.22910255,-0.06352505,0.018139005,-0.26925558,-0.13089354,-0.0053976774,-0.18400645,-0.14149743,-0.0135246515,-0.12157482,-0.12778538,0.0707255,-0.18182182,-0.07782426,0.04614544,-0.20473278,-0.13089329,0.021885037,-0.13725781,-0.12944064,0.015593469,-0.08830637,-0.11400973
-0.06523156,-0.040311337,-0.03809145,-0.090084195,-0.14156336,-0.05915162,-0.04818046,-0.22262698,-0.080898486,-0.005161643,-0.27222484,-0.10157775,-0.069262624,-0.2681262,-0.040158954,-0.088822424,-0.40267152,-0.08007082,-0.09923452,-0.49868274,-0.10598379,-0.10565013,-0.57689416,-0.121185996,-0.015586257,-0.26527888,-0.049279038,-0.014832318,-0.4128137,-0.09619968,-0.013228416,-0.5182195,-0.12519303,-0.008083761,-0.6002413,-0.13673958,0.03349203,-0.2300871,-0.062182922,0.01926887,-0.27116656,-0.12512034,-0.0058583617,-0.18634784,-0.13311753,-0.01648742,-0.121207476,-0.11889602,0.071201265,-0.18058085,-0.07755497,0.046098292,-0.20414138,-0.12702428,0.021542788,-0.1349383,-0.12272941,0.013509929,-0.08121401,-0.105870925
-0.06583619,-0.034534812,-0.041424096,-0.091599405,-0.13973033,-0.061922565,-0.048105896,-0.2220465,-0.08225404,-0.0044139028,-0.27198935,-0.10160423,-0.06803894,-0.2640543,-0.042214114,-0.08833611,-0.39814562,-0.08087136,-0.09898704,-0.49440488,-0.10589953,-0.105677724,-0.572446,-0.12082932,-0.014524102,-0.26165223,-0.04946126,-0.013480008,-0.4072344,-0.09549561,-0.012871206,-0.51211166,-0.12308878,-0.00851047,-0.59245193,-0.1337283,0.03409183,-0.22677529,-0.06106177,0.020456672,-0.27010047,-0.12574793,-0.003491044,-0.18037826,-0.13391794,-0.012846172,-0.11210066,-0.11923926,0.07147205,-0.17803848,-0.07536257,0.047003746,-0.20345074,-0.12903777,0.023299277,-0.1314128,-0.12697959,0.0155700445,-0.07614082,-0.11106164
-0.06501585,-0.04016483,-0.040013995,-0.088953435,-0.14399683,-0.060386967,-0.044553936,-0.22484744,-0.081183665,-0.00018924475,-0.27332383,-0.10105637,-0.06631011,-0.26571178,-0.039180342,-0.08690727,-0.3993618,-0.07781253,-0.097714245,-0.4949945,-0.102941565,-0.10470587,-0.57253104,-0.117792144,-0.013137758,-0.2622257,-0.047569524,-0.012320876,-0.40912747,-0.09356866,-0.011304736,-0.5136191,-0.12161556,-0.0065045953,-0.59463024,-0.13241449,0.035664856,-0.22592765,-0.060361356,0.022738218,-0.27099675,-0.12540326,-0.0020045638,-0.18362457,-0.1347538,-0.011686981,-0.11723167,-0.12067112,0.07318932,-0.17551708,-0.07562831,0.050388277,-0.20591575,-0.1286707,0.025408208,-0.13661057,-0.12636001,0.017124891,-0.082420886,-0.11037372
-0.06624228,-0.03680688,-0.039872363,-0.09204489,-0.13948381,-0.06166579,-0.05146873,-0.22283506,-0.0838938,-0.009363174,-0.27348977,-0.10481904,-0.06822473,-0.2674684,-0.04099098,-0.08851224,-0.4011867,-0.08104129,-0.09856266,-0.4960131,-0.107199036,-0.1045534,-0.5728359,-0.12267748,-0.014544487,-0.26651525,-0.049786635,-0.01414597,-0.41293547,-0.09619595,-0.013278842,-0.5164162,-0.12429363,-0.008609235,-0.5957031,-0.13523677,0.034712136,-0.23189652,-0.06275737,0.020013988,-0.27482253,-0.12456921,-0.005221665,-0.18849427,-0.13073146,-0.014848828,-0.12336719,-0.11556156,0.07297021,-0.18212426,-0.07861192,0.04732001,-0.20836097,-0.12770489,0.022318542,-0.14053148,-0.12287529,0.014808238,-0.08867955,-0.10565075
-0.06656271,-0.034781992,-0.045997817,-0.092151105,-0.13597369,-0.06878149,-0.05115044,-0.21815807,-0.09071451,-0.008656502,-0.2712543,-0.11114658,-0.06758833,-0.2620136,-0.042752396,-0.08832985,-0.3952996,-0.0828044,-0.09850776,-0.49076888,-0.10879672,-0.104242325,-0.56802475,-0.1242586,-0.01453656,-0.2601868,-0.048979644,-0.014179885,-0.40494698,-0.096621454,-0.012547731,-0.50933504,-0.12516016,-0.0070241094,-0.58846444,-0.13602173,0.034222126,-0.22485232,-0.06052747,0.021098554,-0.26640135,-0.12765656,-0.0031716228,-0.17893279,-0.13855208,-0.012578487,-0.11459756,-0.12538232,0.07217324,-0.17695242,-0.075079866,0.04758787,-0.19864833,-0.1309621,0.022783577,-0.1278212,-0.13132028,0.015150964,-0.07674873,-0.117026225
-0.06606895,-0.037333906,-0.038825266,-0.09158164,-0.14089572,-0.05867597,-0.048787177,-0.2235316,-0.07876464,-0.0050190687,-0.27169478,-0.097843885,-0.067476094,-0.26598227,-0.039273188,-0.087307215,-0.3996165,-0.07741851,-0.097592175,-0.4945088,-0.10232157,-0.10434562,-0.57148266,-0.1171776,-0.014196157,-0.26381242,-0.047461588,-0.013387382,-0.4102206,-0.09267452,-0.011984885,-0.5137687,-0.12049594,-0.0071070194,-0.59428626,-0.13140577,0.034504592,-0.22897696,-0.059606023,0.022062838,-0.27099663,-0.121697545,-0.0026878119,-0.18563008,-0.12942627,-0.01306957,-0.12043017,-0.11523601,0.07218522,-0.17952222,-0.074304,0.048071504,-0.20480263,-0.12456278,0.023862958,-0.13559455,-0.12092502,0.01598823,-0.082227886,-0.104490854
-0.06491983,-0.03521973,-0.037900396,-0.0913071,-0.1400196,-0.05787549,-0.048386037,-0.2227068,-0.07823757,-0.004085183,-0.27253574,-0.09773997,-0.066957474,-0.2652532,-0.04086803,-0.08761263,-0.39997667,-0.07953885,-0.0980615,-0.49644423,-0.10420781,-0.10471767,-0.5742909,-0.11872154,-0.013756275,-0.26326478,-0.049693085,-0.012804151,-0.40993464,-0.09510709,-0.011942148,-0.5138451,-0.122407734,-0.007877469,-0.5953338,-0.1328693,0.034613073,-0.22834313,-0.06222547,0.02136898,-0.26984817,-0.12480177,-0.0032852888,-0.18283862,-0.13182111,-0.013635576,-0.11672336,-0.11697888,0.071940005,-0.17753589,-0.07714377,0.04725617,-0.2022757,-0.12789248,0.02282989,-0.13141036,-0.12365133,0.014280617,-0.07637912,-0.10659113
-0.06405771,-0.032624483,-0.035646327,-0.0915032,-0.13704157,-0.054712713,-0.051094115,-0.22313005,-0.07426427,-0.0068711042,-0.27370673,-0.09286521,-0.06803489,-0.26353765,-0.04013756,-0.08825421,-0.39871722,-0.07745917,-0.0982945,-0.49533445,-0.10094053,-0.10505122,-0.5728023,-0.1147787,-0.01496774,-0.26256102,-0.049023487,-0.014082253,-0.4096475,-0.092359066,-0.012857914,-0.51363486,-0.118513756,-0.0088559985,-0.59521914,-0.12867403,0.033324182,-0.22870314,-0.061106447,0.019622922,-0.2693491,-0.11989891,-0.0054709315,-0.18358278,-0.1251115,-0.01668638,-0.11764622,-0.11001105,0.070997536,-0.17858028,-0.07553437,0.045353353,-0.20153677,-0.12288986,0.021191955,-0.13233852,-0.117535725,0.012176394,-0.07790834,-0.100281835
-0.06500769,-0.03195864,-0.040427737,-0.091618896,-0.13819283,-0.060988665,-0.04988712,-0.22316045,-0.08136247,-0.005555451,-0.27427024,-0.10068642,-0.06750113,-0.26379246,-0.042340364,-0.08709812,-0.398313,-0.081566,-0.09702891,-0.49473074,-0.10676998,-0.10343242,-0.5721909,-0.12187355,-0.01412493,-0.2626825,-0.05018221,-0.012976825,-0.4094084,-0.09659778,-0.011528611,-0.5135706,-0.12460198,-0.006745696,-0.5941967,-0.13554898,0.03454238,-0.22834998,-0.06204036,0.021999955,-0.27192986,-0.12531982,-0.0023365617,-0.18439025,-0.13267286,-0.012873292,-0.11822015,-0.11809518,0.0723542,-0.17935199,-0.07656741,0.047791183,-0.20230436,-0.12896861,0.023878753,-0.13072938,-0.12615345,0.01571709,-0.07668674,-0.10997019
-0.06500769,-0.03195864,-0.040427737,-0.091618896,-0.13819283,-0.060988665,-0.04988712,-0.22316045,-0.08136247,-0.005555451,-0.27427024,-0.10068642,-0.06750113,-0.26379246,-0.042340364,-0.08709812,-0.398313,-0.081566,-0.09702891,-0.49473074,-0.10676998,-0.10343242,-0.5721909,-0.12187355,-0.01412493,-0.2626825,-0.05018221,-0.012976825,-0.4094084,-0.09659778,-0.011528611,-0.5135706,-0.12460198,-0.006745696,-0.5941967,-0.13554898,0.03454238,-0.22834998,-0.06204036,0.021999955,-0.27192986,-0.12531982,-0.0023365617,-0.18439025,-0.13267286,-0.012873292,-0.11822015,-0.11809518,0.0723542,-0.17935199,-0.07656741,0.047791183,-0.20230436,-0.12896861,0.023878753,-0.13072938,-0.12615345,0.01571709,-0.07668674,-0.10997019
-0.06423646,-0.033234537,-0.039896805,-0.091428995,-0.1370936,-0.06096392,-0.050947487,-0.22480309,-0.082129695,-0.0080317855,-0.27789086,-0.10198717,-0.06757134,-0.2637174,-0.041884962,-0.08719766,-0.39954212,-0.08145248,-0.09686053,-0.49540672,-0.10688588,-0.102675915,-0.5732004,-0.122152485,-0.014174283,-0.2621901,-0.0502492,-0.01313287,-0.40974998,-0.097201146,-0.011060119,-0.51444995,-0.12548715,-0.0054695606,-0.59599864,-0.13682623,0.034757912,-0.22811157,-0.06253108,0.02290994,-0.27218658,-0.12596813,-0.0017330647,-0.18462086,-0.1320411,-0.012399018,-0.11775744,-0.11668245,0.07289779,-0.17881292,-0.07753489,0.04982859,-0.2051993,-0.12951303,0.02589786,-0.13508236,-0.12542658,0.017071664,-0.08056128,-0.1083973
-0.070075095,-0.03614241,-0.04929959,-0.09517658,-0.133968,-0.073749654,-0.052185833,-0.2122125,-0.09642926,-0.009118438,-0.26482648,-0.11730557,-0.07116419,-0.2623374,-0.047211763,-0.09261948,-0.39720845,-0.08896261,-0.10318625,-0.49287328,-0.11603808,-0.10914987,-0.5698557,-0.1318606,-0.016660392,-0.25961494,-0.051853374,-0.016233444,-0.4102199,-0.100638345,-0.01489538,-0.5141299,-0.12952432,-0.00968051,-0.59229696,-0.14029819,0.032599986,-0.22432375,-0.062072404,0.016280293,-0.26668066,-0.12984201,-0.0074223876,-0.18371272,-0.14128356,-0.015378296,-0.124237776,-0.12829168,0.07049847,-0.17814386,-0.07554467,0.045124233,-0.20043093,-0.13104975,0.02041459,-0.13154423,-0.13155894,0.0134420395,-0.08266926,-0.1174078
-0.06902212,-0.040236473,-0.04771491,-0.09341216,-0.14085281,-0.06901844,-0.047852695,-0.21681887,-0.088674806,-0.0034427047,-0.26695144,-0.106739245,-0.06993508,-0.2646113,-0.042011,-0.091287196,-0.39735907,-0.079728104,-0.10191232,-0.49300563,-0.10446559,-0.10851431,-0.56987226,-0.118849106,-0.01649028,-0.26061684,-0.04636215,-0.016549587,-0.4097855,-0.089554586,-0.01666373,-0.51399994,-0.11584334,-0.012593031,-0.5934632,-0.12532327,0.032260597,-0.22371256,-0.056595862,0.01793331,-0.2666378,-0.12082921,-0.0064606667,-0.18423843,-0.13329569,-0.014841795,-0.12628472,-0.12135314,0.07025331,-0.17551452,-0.06998455,0.048161864,-0.20259708,-0.122870035,0.022818446,-0.13627392,-0.12374856,0.015024841,-0.08865863,-0.11047146
-0.06670815,-0.036096275,-0.042867586,-0.09184337,-0.13502192,-0.0653161,-0.048649132,-0.2115885,-0.08731562,-0.006070435,-0.26305234,-0.10814854,-0.06829554,-0.26175243,-0.04378598,-0.0884074,-0.39524692,-0.083411105,-0.09858072,-0.4918756,-0.109635115,-0.104067504,-0.5703783,-0.12541543,-0.014824271,-0.259663,-0.05138931,-0.012770891,-0.40599483,-0.09765647,-0.010628939,-0.5112553,-0.12614824,-0.0049695373,-0.5913621,-0.13741829,0.03411889,-0.22491723,-0.06357452,0.020272732,-0.26428992,-0.12835695,-0.003597796,-0.18075854,-0.1385585,-0.012682736,-0.11774492,-0.1256774,0.07164204,-0.17725062,-0.0785617,0.047686756,-0.19900024,-0.13198577,0.023838222,-0.12991434,-0.13080786,0.016707778,-0.07789141,-0.11588559
-0.06938827,-0.037603855,-0.04739841,-0.093865156,-0.13386905,-0.07159593,-0.052072346,-0.20890522,-0.09478523,-0.009939194,-0.263314,-0.116600685,-0.06974685,-0.26167035,-0.04383871,-0.09036857,-0.39453098,-0.08319721,-0.101439655,-0.49044377,-0.10899445,-0.107266486,-0.56801784,-0.12441117,-0.016136467,-0.25927532,-0.049925193,-0.014233291,-0.4053822,-0.09605545,-0.013048828,-0.51096344,-0.124701984,-0.007932067,-0.58963895,-0.13598184,0.03274882,-0.2238518,-0.06168968,0.01605773,-0.26413298,-0.12864259,-0.009007335,-0.18295127,-0.14386667,-0.017746687,-0.12288147,-0.1341962,0.07009798,-0.17781097,-0.0764409,0.04183948,-0.19327235,-0.13305433,0.016048789,-0.12516594,-0.13722654,0.009469867,-0.076310635,-0.12616141
-0.06684601,-0.04086709,-0.050543107,-0.089330375,-0.13534117,-0.0772786,-0.046726286,-0.20819181,-0.103034176,-0.0037001967,-0.26489437,-0.12736441,-0.065695286,-0.26063728,-0.047218047,-0.08719367,-0.3927228,-0.088688314,-0.098329544,-0.48906702,-0.11577555,-0.10402882,-0.5678476,-0.1320102,-0.012628198,-0.25420326,-0.054371558,-0.011256218,-0.40282398,-0.10403146,-0.011175036,-0.5093653,-0.1338598,-0.00717628,-0.5876035,-0.14525226,0.036676407,-0.21555668,-0.067864686,0.018543005,-0.25910574,-0.14082962,-0.006330371,-0.17517781,-0.15729636,-0.01451081,-0.116257966,-0.14684778,0.07517719,-0.16929734,-0.08444289,0.050373435,-0.19583929,-0.14552765,0.023739457,-0.1261661,-0.15034588,0.015906572,-0.07673395,-0.1391196
-0.06478095,-0.037240624,-0.041061893,-0.090370476,-0.13761842,-0.063759096,-0.04873383,-0.21521157,-0.08617032,-0.0061227083,-0.2665612,-0.107525565,-0.0650112,-0.26324993,-0.04692443,-0.08592057,-0.39604253,-0.08719288,-0.09705222,-0.4928065,-0.112874046,-0.10369784,-0.5699731,-0.1278638,-0.011297703,-0.25970322,-0.05489037,-0.01063484,-0.40829712,-0.100280784,-0.009920895,-0.51144266,-0.12695038,-0.0049905777,-0.5911368,-0.13695092,0.03800237,-0.22317171,-0.06682656,0.021668911,-0.2669862,-0.12868398,-0.0040305257,-0.18304789,-0.13544327,-0.013555229,-0.12090832,-0.12070774,0.07606763,-0.17251807,-0.081456535,0.050412178,-0.2000348,-0.13043195,0.024639606,-0.13480312,-0.12594739,0.016647518,-0.08532554,-0.10923877
-0.0668813,-0.03527701,-0.04630112,-0.09258622,-0.13597733,-0.06941186,-0.048974156,-0.21318841,-0.091178276,-0.004374385,-0.26454687,-0.11169409,-0.06761122,-0.26227003,-0.04773424,-0.08906728,-0.39567432,-0.08707551,-0.09995365,-0.4923563,-0.11240462,-0.10590452,-0.5700133,-0.12728435,-0.013949811,-0.25841677,-0.053062133,-0.013010263,-0.40626353,-0.09794067,-0.012370527,-0.5098586,-0.124208756,-0.006852448,-0.5888357,-0.13385971,0.035138488,-0.22124636,-0.06334631,0.02050668,-0.26493818,-0.12722543,-0.004962921,-0.18091911,-0.13694696,-0.013761044,-0.12004095,-0.12363276,0.07287556,-0.17164624,-0.0766572,0.048787177,-0.199206,-0.12932949,0.023384333,-0.13298798,-0.12847371,0.016128004,-0.08453667,-0.113926776
-0.06709188,-0.037593126,-0.042143498,-0.093083024,-0.13865048,-0.062108602,-0.05037433,-0.21795452,-0.08162025,-0.0057740808,-0.2669062,-0.09983678,-0.067474365,-0.26329958,-0.03928495,-0.08886361,-0.39751294,-0.07516787,-0.09944081,-0.4934531,-0.09822149,-0.10632485,-0.5700842,-0.11164524,-0.014714897,-0.25971854,-0.04532335,-0.013208032,-0.40861103,-0.087193176,-0.013166606,-0.51205397,-0.1128643,-0.009308636,-0.59105855,-0.122316904,0.03340119,-0.2229284,-0.056073174,0.019447505,-0.2695712,-0.117018886,-0.0057492256,-0.1880371,-0.12703615,-0.01490128,-0.1270526,-0.11416039,0.071217835,-0.1731168,-0.069527045,0.048499167,-0.20536464,-0.11936384,0.023288429,-0.1413688,-0.11805973,0.015314341,-0.09149158,-0.10345183
-0.06709188,-0.037593126,-0.042143498,-0.093083024,-0.13865048,-0.062108602,-0.05037433,-0.21795452,-0.08162025,-0.0057740808,-0.2669062,-0.09983678,-0.067474365,-0.26329958,-0.03928495,-0.08886361,-0.39751294,-0.07516787,-0.09944081,-0.4934531,-0.09822149,-0.10632485,-0.5700842,-0.11164524,-0.014714897,-0.25971854,-0.04532335,-0.013208032,-0.40861103,-0.087193176,-0.013166606,-0.51205397,-0.1128643,-0.009308636,-0.59105855,-0.122316904,0.03340119,-0.2229284,-0.056073174,0.019447505,-0.2695712,-0.117018886,-0.0057492256,-0.1880371,-0.12703615,-0.01490128,-0.1270526,-0.11416039,0.071217835,-0.1731168,-0.069527045,0.048499167,-0.20536464,-0.11936384,0.023288429,-0.1413688,-0.11805973,0.015314341,-0.09149158,-0.10345183
-0.06795567,-0.034653842,-0.042121343,-0.0951072,-0.13611364,-0.06223856,-0.05238378,-0.21538943,-0.08147713,-0.009188473,-0.26720154,-0.09947573,-0.07052529,-0.26518315,-0.04094185,-0.09109664,-0.3991838,-0.07719197,-0.10224664,-0.49581537,-0.10056183,-0.109767675,-0.5727796,-0.11417064,-0.017275572,-0.26325858,-0.04612086,-0.015891135,-0.41131496,-0.08677098,-0.016873002,-0.51389664,-0.11182275,-0.013819933,-0.5931272,-0.12120848,0.030825257,-0.22802919,-0.055810794,0.016908526,-0.27046144,-0.11385305,-0.008173466,-0.18933493,-0.12272674,-0.01698929,-0.12958449,-0.11006757,0.06817305,-0.17891335,-0.06832654,0.04335755,-0.20266098,-0.1156546,0.019197106,-0.13796556,-0.113652974,0.012908161,-0.09004748,-0.0990696
-0.06851047,-0.03777355,-0.04392689,-0.09337473,-0.1363622,-0.06595567,-0.051293075,-0.21369362,-0.08717396,-0.008511841,-0.26424938,-0.10685718,-0.07061249,-0.26529586,-0.041941762,-0.091214895,-0.39920694,-0.080788635,-0.101807415,-0.4951607,-0.106122285,-0.108243644,-0.5718456,-0.1208309,-0.016720295,-0.26266372,-0.047795966,-0.015037835,-0.41027158,-0.0921206,-0.013751209,-0.5135342,-0.11942696,-0.009266198,-0.5926175,-0.12969546,0.032194674,-0.22709829,-0.05844671,0.017600179,-0.26897842,-0.120152205,-0.007364571,-0.1875177,-0.12999266,-0.01739049,-0.1278761,-0.11710284,0.06994158,-0.17870378,-0.07204191,0.045213044,-0.20045626,-0.12130138,0.020403981,-0.13537222,-0.11931462,0.013154209,-0.087936044,-0.10424372
-0.067588925,-0.036375046,-0.03809976,-0.09486014,-0.13690704,-0.057634767,-0.052707374,-0.21641481,-0.07718697,-0.009722948,-0.26534897,-0.095628195,-0.07029015,-0.26590097,-0.03931062,-0.09028596,-0.39996976,-0.07656452,-0.100639045,-0.49702322,-0.10099514,-0.10725719,-0.5743005,-0.11541869,-0.016837358,-0.2651474,-0.046661794,-0.015625536,-0.4120088,-0.08875916,-0.014498055,-0.5151732,-0.11544784,-0.0098801255,-0.5960485,-0.12602521,0.031449974,-0.23076695,-0.0576951,0.018098652,-0.27376467,-0.11501275,-0.007067144,-0.19273496,-0.12264951,-0.017452061,-0.13054037,-0.10956193,0.06946236,-0.18103707,-0.07131782,0.04432565,-0.20261544,-0.11706073,0.019793212,-0.13824022,-0.11318206,0.012513697,-0.08869922,-0.097321026
-0.066333234,-0.036277354,-0.047597736,-0.09138864,-0.13618684,-0.07254863,-0.04960531,-0.21480697,-0.09618343,-0.005986452,-0.26789194,-0.118239984,-0.06621963,-0.2626559,-0.050265837,-0.08812773,-0.39738968,-0.09279997,-0.0992744,-0.49444956,-0.11997443,-0.10546368,-0.57187915,-0.13589962,-0.012220323,-0.25862288,-0.056018256,-0.011326373,-0.40758237,-0.10576972,-0.010464609,-0.5120591,-0.1349381,-0.004880786,-0.59127414,-0.1459291,0.036963105,-0.22185814,-0.06662563,0.020537317,-0.26440877,-0.13383882,-0.006548345,-0.17766482,-0.14274767,-0.0167256,-0.11521059,-0.12810948,0.07479489,-0.17318922,-0.0803496,0.047448277,-0.19723958,-0.13458899,0.021208644,-0.12866259,-0.13258372,0.0134167075,-0.079007745,-0.11659771
-0.066333234,-0.036277354,-0.047597736,-0.09138864,-0.13618684,-0.07254863,-0.04960531,-0.21480697,-0.09618343,-0.005986452,-0.26789194,-0.118239984,-0.06621963,-0.2626559,-0.050265837,-0.08812773,-0.39738968,-0.09279997,-0.0992744,-0.49444956,-0.11997443,-0.10546368,-0.57187915,-0.13589962,-0.012220323,-0.25862288,-0.056018256,-0.011326373,-0.40758237,-0.10576972,-0.010464609,-0.5120591,-0.1349381,-0.004880786,-0.59127414,-0.1459291,0.036963105,-0.22185814,-0.06662563,0.020537317,-0.26440877,-0.13383882,-0.006548345,-0.17766482,-0.14274767,-0.0167256,-0.11521059,-0.12810948,0.07479489,-0.17318922,-0.0803496,0.047448277,-0.19723958,-0.13458899,0.021208644,-0.12866259,-0.13258372,0.0134167075,-0.079007745,-0.11659771
-0.066402495,-0.033735573,-0.03888014,-0.09304184,-0.1348669,-0.059099827,-0.051160276,-0.21377605,-0.07911718,-0.0076478124,-0.26364744,-0.09828192,-0.066719174,-0.260679,-0.04316295,-0.08737779,-0.39409828,-0.080415525,-0.097880065,-0.49067104,-0.10406202,-0.104562044,-0.56797636,-0.118015245,-0.012979031,-0.25862825,-0.050813746,-0.010911167,-0.40558785,-0.09350628,-0.010485172,-0.5079567,-0.11947401,-0.0066353083,-0.5879417,-0.12938356,0.035732925,-0.2232784,-0.06212859,0.020661235,-0.26429856,-0.12197384,-0.0073012114,-0.18194103,-0.13024507,-0.019394755,-0.11990547,-0.116983965,0.073543906,-0.17277884,-0.07582197,0.04686123,-0.19746286,-0.12425349,0.020297766,-0.13240808,-0.12114633,0.01111573,-0.08183533,-0.105553664
-0.06741083,-0.039503813,-0.042194348,-0.09292412,-0.13975918,-0.0642819,-0.050604403,-0.21816218,-0.08615574,-0.007850409,-0.27055526,-0.10671172,-0.06686032,-0.26426595,-0.042514663,-0.08797079,-0.3978217,-0.08186207,-0.098554194,-0.49474525,-0.107441634,-0.10456121,-0.5728291,-0.122318745,-0.013277173,-0.26148456,-0.0495396,-0.012288272,-0.40727916,-0.09541099,-0.011752844,-0.511822,-0.123457715,-0.006779313,-0.5922221,-0.13409416,0.035504997,-0.226022,-0.060985662,0.019426405,-0.26531535,-0.12437532,-0.007293761,-0.17859429,-0.13349335,-0.01758498,-0.11411208,-0.11953732,0.073269844,-0.17783123,-0.07517429,0.04618603,-0.19993049,-0.12600295,0.020007014,-0.13148135,-0.12348492,0.012355745,-0.0802511,-0.1075206
-0.06590831,-0.03798437,-0.04005302,-0.09188378,-0.1390906,-0.061153363,-0.049203694,-0.21713758,-0.082015276,-0.0055448413,-0.26654696,-0.10187484,-0.06782603,-0.26289243,-0.043476254,-0.08763504,-0.39614415,-0.08229437,-0.09771401,-0.492918,-0.107399374,-0.10376215,-0.57011414,-0.122224376,-0.014386594,-0.2608807,-0.05108774,-0.013179243,-0.40761906,-0.09517037,-0.012531757,-0.510607,-0.12216568,-0.007770121,-0.5903729,-0.1326271,0.034840107,-0.2254079,-0.06262899,0.018850029,-0.26537585,-0.12304706,-0.008012295,-0.18303877,-0.13135666,-0.018461823,-0.12118852,-0.11801175,0.07280415,-0.1753059,-0.07682155,0.04606849,-0.19831645,-0.12582575,0.020057559,-0.13356256,-0.12302602,0.012102783,-0.08402616,-0.1074904
-0.065386295,-0.034939706,-0.042212855,-0.09041035,-0.13687813,-0.06377908,-0.047599494,-0.2141146,-0.084918454,-0.0047047734,-0.26389068,-0.10511202,-0.0657202,-0.26103717,-0.044039425,-0.084952354,-0.39414164,-0.08301393,-0.0958004,-0.49060804,-0.107882835,-0.102454126,-0.56758934,-0.12258931,-0.012385488,-0.2588625,-0.05121865,-0.010173678,-0.40599716,-0.096826695,-0.009842098,-0.5095849,-0.12453859,-0.005635977,-0.58814526,-0.13513796,0.036460996,-0.22354376,-0.062809184,0.019916654,-0.2642144,-0.1269667,-0.00781852,-0.17975295,-0.13782567,-0.01933527,-0.11653161,-0.12535945,0.073563874,-0.17492455,-0.076987,0.045010448,-0.19485193,-0.13040051,0.017694712,-0.1266452,-0.13041273,0.008674681,-0.07530296,-0.11628888
-0.06403929,-0.03728527,-0.03711386,-0.08912873,-0.13853407,-0.057334047,-0.047852635,-0.21657842,-0.07804249,-0.006495476,-0.2658934,-0.097893156,-0.064341664,-0.262563,-0.041673325,-0.0836544,-0.39478976,-0.07991101,-0.093740165,-0.49115232,-0.1045755,-0.100348234,-0.5683067,-0.119357586,-0.011227727,-0.2586574,-0.051092383,-0.008381963,-0.40591788,-0.09563761,-0.0075870156,-0.5085087,-0.12327604,-0.0032852888,-0.5890968,-0.13432795,0.037510335,-0.22164255,-0.063926294,0.023890853,-0.26528448,-0.12542358,-0.004623592,-0.1805566,-0.13288514,-0.017190754,-0.11635971,-0.118729405,0.07487029,-0.16929287,-0.07900109,0.050640583,-0.19684929,-0.1285639,0.0242818,-0.13127762,-0.1243907,0.015109599,-0.07943159,-0.10772023
-0.06584185,-0.037757576,-0.03841399,-0.091344,-0.13946587,-0.058426443,-0.050034642,-0.21842426,-0.07880387,-0.009716213,-0.26802313,-0.09818917,-0.0668003,-0.26433557,-0.041921053,-0.0866552,-0.39839643,-0.08030287,-0.09699249,-0.49555308,-0.10513624,-0.10417193,-0.57320356,-0.11981188,-0.012872398,-0.26159173,-0.050239157,-0.010389447,-0.40819553,-0.094968535,-0.010500014,-0.51194596,-0.12243021,-0.007607579,-0.59158635,-0.13307406,0.036113918,-0.22563457,-0.06232844,0.020774484,-0.26467347,-0.12359013,-0.0054955482,-0.17932415,-0.13141106,-0.0164572,-0.115135014,-0.11722705,0.07376343,-0.17533463,-0.076918885,0.04995984,-0.1990481,-0.12578627,0.023852706,-0.13269383,-0.122287475,0.014590263,-0.08148122,-0.106090434
-0.06520504,-0.037646472,-0.047552604,-0.090046346,-0.13654518,-0.072263665,-0.0490005,-0.21334374,-0.09607933,-0.0061950684,-0.2665009,-0.118490465,-0.065500975,-0.26531243,-0.046494793,-0.086309195,-0.3981565,-0.08720074,-0.09710753,-0.49509904,-0.11389698,-0.10293615,-0.572814,-0.1298876,-0.012056708,-0.26080233,-0.052863717,-0.009641886,-0.4079001,-0.10002746,-0.009832323,-0.5117691,-0.12845713,-0.0055951476,-0.5899091,-0.13927712,0.036852002,-0.22260022,-0.06455203,0.020858586,-0.2664857,-0.13041565,-0.0058193803,-0.17963904,-0.1402225,-0.015575647,-0.11779636,-0.12653778,0.07378197,-0.17192125,-0.079504274,0.04819441,-0.19619966,-0.13359676,0.022000015,-0.12904155,-0.1327524,0.0142938495,-0.08112049,-0.11785038
-0.065760314,-0.03448522,-0.0466687,-0.089854,-0.13633412,-0.069802985,-0.04656762,-0.21208292,-0.091706894,-0.0029913783,-0.2636841,-0.11238195,-0.065807104,-0.26059544,-0.047123194,-0.08646011,-0.39416254,-0.08688377,-0.09712613,-0.491939,-0.1126698,-0.102874875,-0.5695354,-0.1279499,-0.012203634,-0.25795746,-0.05255922,-0.009348512,-0.40439615,-0.09819765,-0.009507954,-0.50854075,-0.12504207,-0.0055737495,-0.5857154,-0.1348491,0.036732912,-0.22232354,-0.063181005,0.020623326,-0.26521516,-0.12776989,-0.0051844716,-0.17932898,-0.13767315,-0.014438212,-0.11707467,-0.124288075,0.07425624,-0.17521346,-0.07697477,0.048544466,-0.1970067,-0.13102049,0.022781849,-0.12801331,-0.13107133,0.015375316,-0.07848656,-0.11684795
-0.066776514,-0.035099626,-0.04400725,-0.093703985,-0.13305438,-0.06574199,-0.054122865,-0.21067339,-0.08691263,-0.012979329,-0.26279485,-0.10672461,-0.06817496,-0.2617687,-0.041911624,-0.088263094,-0.3941427,-0.080844395,-0.09880847,-0.49002773,-0.10598716,-0.10525578,-0.5669278,-0.120632045,-0.015034795,-0.2606274,-0.04804061,-0.012962103,-0.40511283,-0.093255565,-0.0122638345,-0.5081,-0.12044846,-0.008722901,-0.58572614,-0.13034935,0.033746123,-0.22618693,-0.059222754,0.019437015,-0.26342237,-0.123496816,-0.0048647523,-0.17744064,-0.13443033,-0.014256179,-0.1138286,-0.12148054,0.0712198,-0.17884457,-0.073282294,0.04620844,-0.1950658,-0.12624258,0.021476328,-0.12691736,-0.1266067,0.0141204,-0.07711142,-0.11250659
-0.066776514,-0.035099626,-0.04400725,-0.093703985,-0.13305438,-0.06574199,-0.054122865,-0.21067339,-0.08691263,-0.012979329,-0.26279485,-0.10672461,-0.06817496,-0.2617687,-0.041911624,-0.088263094,-0.3941427,-0.080844395,-0.09880847,-0.49002773,-0.10598716,-0.10525578,-0.5669278,-0.120632045,-0.015034795,-0.2606274,-0.04804061,-0.012962103,-0.40511283,-0.093255565,-0.0122638345,-0.5081,-0.12044846,-0.008722901,-0.58572614,-0.13034935,0.033746123,-0.22618693,-0.059222754,0.019437015,-0.26342237,-0.123496816,-0.0048647523,-0.17744064,-0.13443033,-0.014256179,-0.1138286,-0.12148054,0.0712198,-0.17884457,-0.073282294,0.04620844,-0.1950658,-0.12624258,0.021476328,-0.12691736,-0.1266067,0.0141204,-0.07711142,-0.11250659
-0.066927016,-0.039001405,-0.03630757,-0.094635904,-0.14042401,-0.05610293,-0.053258598,-0.2206778,-0.0762747,-0.010477543,-0.27075028,-0.09534467,-0.06857878,-0.26888508,-0.040091094,-0.08873063,-0.4027459,-0.07697627,-0.09965384,-0.49886823,-0.10071822,-0.1073907,-0.5758256,-0.11458799,-0.015204787,-0.26704305,-0.048394967,-0.012988865,-0.41517884,-0.08921611,-0.013359308,-0.5169101,-0.1146344,-0.010506511,-0.59804904,-0.12458659,0.03290379,-0.23130327,-0.060127772,0.020266175,-0.27415633,-0.115896426,-0.0072714686,-0.19358319,-0.12199512,-0.019053698,-0.13253903,-0.10809482,0.07061803,-0.1790191,-0.07431604,0.048963487,-0.2089631,-0.11773276,0.022451162,-0.14763117,-0.111996405,0.012346625,-0.09793913,-0.095179595
-0.066318095,-0.036417127,-0.047594562,-0.09128541,-0.1309619,-0.07366393,-0.052553356,-0.20816243,-0.09876139,-0.010938466,-0.26234573,-0.12234342,-0.067634284,-0.25991112,-0.04831409,-0.087864876,-0.39331603,-0.090883195,-0.098189,-0.48976582,-0.118105255,-0.10430515,-0.5677451,-0.13392174,-0.014163494,-0.2566533,-0.05457203,-0.012082696,-0.4035909,-0.10410168,-0.010354996,-0.508591,-0.13343874,-0.005807817,-0.5890868,-0.14453487,0.035133958,-0.22037268,-0.06601075,0.019897938,-0.26294303,-0.13540795,-0.0046336055,-0.17692512,-0.1476066,-0.01390934,-0.1130296,-0.13468066,0.07300025,-0.17223328,-0.08023402,0.046893895,-0.19467294,-0.13631321,0.02157563,-0.12670368,-0.13652045,0.014282942,-0.07578045,-0.12194629
-0.06533718,-0.03404081,-0.047225393,-0.090902686,-0.12798947,-0.07429221,-0.053525686,-0.20439655,-0.10053742,-0.013413131,-0.2606575,-0.1252982,-0.06671715,-0.26090795,-0.051231325,-0.08784807,-0.39472517,-0.094734855,-0.09852046,-0.49164838,-0.12255811,-0.103903055,-0.5700476,-0.13880076,-0.013220131,-0.25711495,-0.05852159,-0.010992408,-0.40365607,-0.1087244,-0.0097875595,-0.5093846,-0.13785332,-0.005386293,-0.5895801,-0.1489214,0.035939276,-0.2206369,-0.07079513,0.019995928,-0.26241893,-0.1398332,-0.0055934787,-0.1761586,-0.15022375,-0.015577316,-0.1125887,-0.13654812,0.07332039,-0.17198133,-0.08602385,0.046866,-0.19381112,-0.14209168,0.020714104,-0.12456483,-0.14127938,0.012164831,-0.072897196,-0.12611082
-0.06827408,-0.0387547,-0.05201483,-0.09300172,-0.12916768,-0.08221783,-0.054090142,-0.19946396,-0.11160426,-0.014971256,-0.25589824,-0.13961056,-0.06594509,-0.26131344,-0.05313036,-0.08781892,-0.39476833,-0.09879748,-0.099057734,-0.49045306,-0.12843458,-0.104580104,-0.56835455,-0.14582254,-0.012579918,-0.2561667,-0.060094316,-0.0113376975,-0.4032399,-0.11347836,-0.011042774,-0.5079071,-0.14512143,-0.008054554,-0.5850235,-0.15745732,0.037029088,-0.21932656,-0.07326286,0.016500413,-0.26282722,-0.14800413,-0.007691264,-0.1786663,-0.16511458,-0.016011655,-0.117224276,-0.15490803,0.07536811,-0.17371917,-0.08947513,0.045345128,-0.19678164,-0.15023768,0.017805398,-0.1290474,-0.1547621,0.009758949,-0.079294145,-0.14317748
-0.06744003,-0.035972238,-0.04509079,-0.09382194,-0.13174742,-0.070064954,-0.053140163,-0.2072568,-0.09485667,-0.012586713,-0.26045978,-0.11839108,-0.066896796,-0.2612852,-0.045232754,-0.08826172,-0.39549646,-0.086510904,-0.09905952,-0.4915776,-0.1137272,-0.104527235,-0.5695492,-0.13002142,-0.012892485,-0.2584715,-0.053165533,-0.011557579,-0.40583467,-0.10194549,-0.009808004,-0.5112206,-0.13160793,-0.004671037,-0.58937585,-0.14332165,0.036382556,-0.22275394,-0.066177994,0.017029881,-0.26775455,-0.13425854,-0.0073660016,-0.18212569,-0.1461105,-0.015622675,-0.11772007,-0.13360327,0.074213624,-0.17619431,-0.08201282,0.045036435,-0.20115197,-0.13847126,0.019455314,-0.13175207,-0.13918526,0.012811303,-0.07977563,-0.12510096
-0.068048954,-0.037647128,-0.046611264,-0.09352988,-0.13344574,-0.0716121,-0.053095162,-0.20750761,-0.09603015,-0.012740135,-0.261658,-0.11913157,-0.067901075,-0.26449984,-0.046347816,-0.090197384,-0.3977983,-0.08686749,-0.10158771,-0.4944752,-0.11272973,-0.108178794,-0.57169724,-0.12749538,-0.013997436,-0.26011145,-0.052689943,-0.011632204,-0.40765688,-0.09974467,-0.012312233,-0.51274407,-0.12782067,-0.009742379,-0.5908743,-0.13808934,0.035216093,-0.2233426,-0.064444415,0.016124666,-0.26568395,-0.13184847,-0.008574367,-0.18238288,-0.14557311,-0.016898096,-0.12112701,-0.13391422,0.0731684,-0.17565227,-0.078965716,0.04462421,-0.2003476,-0.13343312,0.01764214,-0.13382691,-0.13501582,0.009714544,-0.08399248,-0.12183177
-0.069076,-0.03946495,-0.045016084,-0.09461057,-0.13558084,-0.06776589,-0.054887652,-0.21169835,-0.09015303,-0.015212595,-0.26561886,-0.111174114,-0.07053912,-0.26655954,-0.04165939,-0.09186,-0.3999605,-0.08018355,-0.102856874,-0.49650878,-0.10500762,-0.109609365,-0.5738896,-0.11925122,-0.016660333,-0.26301324,-0.04798167,-0.013806462,-0.40962726,-0.09287898,-0.013642907,-0.5150432,-0.120215714,-0.0106678605,-0.59325886,-0.13030456,0.032250345,-0.22661734,-0.05984704,0.017712176,-0.2646957,-0.12530358,-0.0076474547,-0.1822524,-0.13946117,-0.017608643,-0.122020364,-0.12857662,0.06955832,-0.17881238,-0.074460804,0.04590577,-0.20021641,-0.12757339,0.01901561,-0.1340782,-0.12969051,0.009677947,-0.08520466,-0.11729232
-0.06728822,-0.03690529,-0.03785946,-0.09403747,-0.13675952,-0.058151614,-0.05343169,-0.2150755,-0.07889251,-0.011749089,-0.26372707,-0.0987192,-0.06904906,-0.26644015,-0.040911827,-0.08918071,-0.39944494,-0.07857831,-0.09959054,-0.49564993,-0.10264832,-0.106408,-0.5727219,-0.11659834,-0.015563488,-0.2640565,-0.04919184,-0.011890411,-0.41011745,-0.09241022,-0.010699093,-0.5130302,-0.11855757,-0.006985903,-0.59300125,-0.12836656,0.032723844,-0.22912633,-0.061356295,0.019743681,-0.2673065,-0.12125134,-0.0063985586,-0.185144,-0.12994578,-0.017605782,-0.12340051,-0.116784714,0.069772065,-0.17969155,-0.07592177,0.046408534,-0.20311898,-0.123079576,0.02021885,-0.13803762,-0.11985944,0.010689616,-0.08748639,-0.104352914
-0.06736934,-0.039254427,-0.036960345,-0.09406316,-0.1417743,-0.05563021,-0.05125338,-0.22100657,-0.07482414,-0.006989181,-0.26701522,-0.093086265,-0.06905657,-0.26762462,-0.038281552,-0.08973676,-0.40134978,-0.07492237,-0.10029656,-0.49725544,-0.098431796,-0.10754472,-0.57420385,-0.11208303,-0.015245318,-0.26611024,-0.046391137,-0.012475789,-0.41177619,-0.08867788,-0.011196673,-0.51471096,-0.114873834,-0.0074534416,-0.5946033,-0.12476949,0.03307736,-0.23135775,-0.058307603,0.02053696,-0.26897007,-0.117239505,-0.0039779544,-0.1871984,-0.12614083,-0.0142425895,-0.12501478,-0.113170065,0.07024115,-0.18120492,-0.07260772,0.04784566,-0.20265597,-0.11925128,0.02287203,-0.1371404,-0.11610261,0.014306307,-0.0862059,-0.100606434
-0.06829786,-0.038465798,-0.042014617,-0.095003545,-0.13795191,-0.06343758,-0.053277135,-0.21296102,-0.08464137,-0.0112146735,-0.26004487,-0.10478197,-0.06968963,-0.2667687,-0.04218102,-0.09064025,-0.39914006,-0.08098625,-0.10103452,-0.49477398,-0.10666801,-0.10690951,-0.5716586,-0.1218947,-0.016019166,-0.26446795,-0.049447086,-0.013334751,-0.40910774,-0.09419954,-0.011494577,-0.5126735,-0.12165625,-0.0066063404,-0.59117603,-0.13214451,0.032719254,-0.22935289,-0.061479688,0.017649949,-0.26730615,-0.12436067,-0.007037699,-0.18594557,-0.1362552,-0.01644206,-0.12548411,-0.124883056,0.07011616,-0.1819787,-0.07626628,0.04441446,-0.1992631,-0.12769076,0.018594384,-0.13213074,-0.12814967,0.011371195,-0.08299798,-0.1148984
-0.06853092,-0.03893864,-0.044971272,-0.09363991,-0.13574344,-0.06886771,-0.050687075,-0.21204633,-0.092223585,-0.007221341,-0.26252335,-0.11432776,-0.07001263,-0.2650934,-0.044955127,-0.09046036,-0.39892745,-0.08581631,-0.10048783,-0.49500847,-0.11236648,-0.10646212,-0.57263297,-0.12765297,-0.016009152,-0.26207715,-0.051472653,-0.01322794,-0.40836716,-0.09894726,-0.012098789,-0.51262045,-0.12721975,-0.008659661,-0.590855,-0.13763772,0.033094108,-0.22703594,-0.063098736,0.01869303,-0.2668078,-0.12965783,-0.0050517917,-0.18347675,-0.14214349,-0.014184475,-0.121580064,-0.12997293,0.07116425,-0.1804089,-0.077483326,0.04676503,-0.20235693,-0.1309174,0.021054208,-0.13362652,-0.13110605,0.013228357,-0.082338154,-0.117006116
-0.06774199,-0.042812824,-0.053840116,-0.090605915,-0.13480109,-0.08357088,-0.05132419,-0.20932955,-0.11232056,-0.01084131,-0.2683993,-0.1392284,-0.06989211,-0.2647733,-0.0506334,-0.091756344,-0.40038818,-0.09649512,-0.10200977,-0.49697465,-0.12650414,-0.10682064,-0.57567096,-0.14397627,-0.015991628,-0.2585832,-0.057197593,-0.015005767,-0.40672952,-0.11188009,-0.01395303,-0.5136802,-0.14427258,-0.009983778,-0.5911423,-0.15672043,0.03390819,-0.2211858,-0.07055562,0.016917706,-0.260163,-0.14692768,-0.0064490438,-0.17383498,-0.1638456,-0.0142591,-0.1121068,-0.15287371,0.07252908,-0.17683953,-0.08731373,0.045819104,-0.19586849,-0.14932089,0.019487739,-0.12459278,-0.15382758,0.0119434,-0.07429111,-0.14191604
-0.0701341,-0.041985393,-0.05579885,-0.09338319,-0.13505358,-0.08424678,-0.052369416,-0.20777386,-0.11092055,-0.01127708,-0.2660846,-0.13552235,-0.071240604,-0.2642151,-0.049976744,-0.093731105,-0.40038988,-0.09454887,-0.10475761,-0.49694413,-0.12393234,-0.10981619,-0.57564485,-0.14118035,-0.016939461,-0.2579679,-0.054960217,-0.01614803,-0.4084152,-0.108586155,-0.014899194,-0.51490915,-0.14064062,-0.010633886,-0.59183085,-0.15282142,0.03281188,-0.22130954,-0.06722867,0.014397204,-0.26117915,-0.14414509,-0.0072781444,-0.17664659,-0.16372113,-0.013739884,-0.11785275,-0.15432827,0.07123244,-0.17960835,-0.082943946,0.043866694,-0.19800282,-0.14639853,0.018231153,-0.12684864,-0.1536513,0.011455953,-0.07818848,-0.14372244
-0.06893933,-0.04080558,-0.04268636,-0.0948838,-0.14208484,-0.06472464,-0.05199492,-0.22178835,-0.086320795,-0.009514093,-0.27348328,-0.10660922,-0.07069594,-0.27198845,-0.04362159,-0.09196222,-0.40706497,-0.083457835,-0.102629066,-0.5034956,-0.10931508,-0.108913064,-0.58167934,-0.12423296,-0.016717613,-0.2684648,-0.05018064,-0.01618421,-0.4170285,-0.09574216,-0.015475571,-0.5217328,-0.123378776,-0.010601461,-0.602083,-0.13387735,0.03238386,-0.23238748,-0.061308797,0.016950607,-0.27430445,-0.12397053,-0.007673979,-0.19230783,-0.1337793,-0.01602006,-0.13047302,-0.120666325,0.07048339,-0.18320262,-0.07522823,0.044640303,-0.2099697,-0.12474831,0.01951915,-0.14382255,-0.12234001,0.013218105,-0.093301,-0.10688386
-0.06893933,-0.04080558,-0.04268636,-0.0948838,-0.14208484,-0.06472464,-0.05199492,-0.22178835,-0.086320795,-0.009514093,-0.27348328,-0.10660922,-0.07069594,-0.27198845,-0.04362159,-0.09196222,-0.40706497,-0.083457835,-0.102629066,-0.5034956,-0.10931508,-0.108913064,-0.58167934,-0.12423296,-0.016717613,-0.2684648,-0.05018064,-0.01618421,-0.4170285,-0.09574216,-0.015475571,-0.5217328,-0.123378776,-0.010601461,-0.602083,-0.13387735,0.03238386,-0.23238748,-0.061308797,0.016950607,-0.27430445,-0.12397053,-0.007673979,-0.19230783,-0.1337793,-0.01602006,-0.13047302,-0.120666325,0.07048339,-0.18320262,-0.07522823,0.044640303,-0.2099697,-0.12474831,0.01951915,-0.14382255,-0.12234001,0.013218105,-0.093301,-0.10688386
-0.067931056,-0.04212582,-0.0444909,-0.09328258,-0.14165199,-0.06817022,-0.050877392,-0.22232127,-0.09138171,-0.008626103,-0.2776988,-0.11298674,-0.07126933,-0.27143705,-0.044789523,-0.09170276,-0.4079579,-0.08597752,-0.10227096,-0.5049849,-0.112492815,-0.10859299,-0.5843564,-0.12765189,-0.017395496,-0.26694208,-0.05145879,-0.01625979,-0.4158481,-0.099665545,-0.015059471,-0.52240884,-0.12840202,-0.010140896,-0.6035023,-0.13924314,0.03180611,-0.23064947,-0.062951736,0.018394649,-0.2700798,-0.12825108,-0.005763948,-0.18354481,-0.137557,-0.0151360035,-0.11990523,-0.123381704,0.07010841,-0.18315852,-0.07739334,0.045834363,-0.2070809,-0.1283186,0.021315753,-0.13739169,-0.12532234,0.014116526,-0.086197734,-0.10911304
-0.06990749,-0.040877104,-0.05396335,-0.094982326,-0.13462406,-0.08235835,-0.054871023,-0.20853299,-0.10896499,-0.015471041,-0.2686895,-0.13360515,-0.07153928,-0.2661258,-0.05043939,-0.093396485,-0.40325597,-0.09518925,-0.10427183,-0.50002295,-0.124431185,-0.10937673,-0.5792959,-0.14119686,-0.017593801,-0.2599669,-0.055250373,-0.016318679,-0.41189834,-0.10821472,-0.015097082,-0.51833344,-0.13967164,-0.010887265,-0.5973314,-0.1514245,0.032150626,-0.22333682,-0.066637225,0.014917612,-0.26297367,-0.14051513,-0.009014964,-0.1771416,-0.15647024,-0.017719626,-0.11862445,-0.14506176,0.0706712,-0.18005955,-0.081388496,0.04414779,-0.20048636,-0.14056303,0.018357277,-0.12948835,-0.1435486,0.01110214,-0.081919074,-0.13077384
-0.0703516,-0.039179265,-0.04805915,-0.09601122,-0.13784575,-0.07209142,-0.054524064,-0.21695966,-0.09490598,-0.014704406,-0.2745722,-0.11598552,-0.07149595,-0.2678126,-0.04483014,-0.092885554,-0.40412974,-0.085662864,-0.103514254,-0.5006895,-0.112041146,-0.10958004,-0.57952857,-0.12710959,-0.017508507,-0.26311547,-0.050088793,-0.015671492,-0.41340536,-0.09873735,-0.015072048,-0.5191715,-0.12786391,-0.011163831,-0.5990608,-0.13861006,0.031428397,-0.22644323,-0.060857277,0.016081989,-0.26924193,-0.12862258,-0.007802129,-0.18316042,-0.14031251,-0.016486824,-0.12333143,-0.12711467,0.069895506,-0.17993885,-0.07465317,0.04434836,-0.20580542,-0.12836267,0.01934284,-0.13595712,-0.12761825,0.012569904,-0.08801079,-0.11271862
-0.0700801,-0.040615797,-0.046276428,-0.09460521,-0.13620794,-0.07003623,-0.054297864,-0.21170813,-0.09311128,-0.016189218,-0.26532435,-0.11464826,-0.07077199,-0.26754457,-0.04291394,-0.090997815,-0.40112352,-0.08333503,-0.10070872,-0.49682206,-0.11018692,-0.10593903,-0.5743017,-0.12570854,-0.017384708,-0.26246995,-0.04877326,-0.015142143,-0.40999186,-0.096105136,-0.014132202,-0.5151589,-0.12549044,-0.0101723075,-0.593207,-0.13684848,0.03188944,-0.22572333,-0.060156357,0.0147897005,-0.26826006,-0.12677437,-0.008287609,-0.18750793,-0.14122649,-0.01594311,-0.12787199,-0.13043766,0.070448995,-0.17945945,-0.07438941,0.04382801,-0.2034573,-0.12760966,0.01859194,-0.13738167,-0.12928222,0.01245451,-0.089263976,-0.11650932
-0.0700801,-0.040615797,-0.046276428,-0.09460521,-0.13620794,-0.07003623,-0.054297864,-0.21170813,-0.09311128,-0.016189218,-0.26532435,-0.11464826,-0.07077199,-0.26754457,-0.04291394,-0.090997815,-0.40112352,-0.08333503,-0.10070872,-0.49682206,-0.11018692,-0.10593903,-0.5743017,-0.12570854,-0.017384708,-0.26246995,-0.04877326,-0.015142143,-0.40999186,-0.096105136,-0.014132202,-0.5151589,-0.12549044,-0.0101723075,-0.593207,-0.13684848,0.03188944,-0.22572333,-0.060156357,0.0147897005,-0.26826006,-0.12677437,-0.008287609,-0.18750793,-0.14122649,-0.01594311,-0.12787199,-0.13043766,0.070448995,-0.17945945,-0.07438941,0.04382801,-0.2034573,-0.12760966,0.01859194,-0.13738167,-0.12928222,0.01245451,-0.089263976,-0.11650932
-0.068975866,-0.042334557,-0.04193953,-0.094011724,-0.1391995,-0.06492234,-0.053052127,-0.21609169,-0.08789634,-0.012770951,-0.26776057,-0.10956492,-0.06920582,-0.27041525,-0.042895928,-0.08876395,-0.40535596,-0.08355182,-0.099015415,-0.5011375,-0.11021306,-0.105162084,-0.5787971,-0.1256296,-0.015337646,-0.26695353,-0.050309215,-0.013981521,-0.41553366,-0.096841596,-0.012717426,-0.51969546,-0.12524427,-0.008050978,-0.5990906,-0.13623576,0.03376907,-0.23077768,-0.062274158,0.016562998,-0.27092224,-0.124859296,-0.008206904,-0.18886751,-0.1344117,-0.016973197,-0.12797225,-0.121351354,0.071627855,-0.18185002,-0.07704477,0.044521093,-0.20523262,-0.12568668,0.018027902,-0.13931024,-0.12281064,0.010443866,-0.09008896,-0.107285455
-0.070574164,-0.03956878,-0.048901763,-0.094216645,-0.1372087,-0.07215051,-0.051089466,-0.21220338,-0.09394693,-0.009961367,-0.26407814,-0.11410458,-0.071727455,-0.26472342,-0.04270679,-0.09287387,-0.3996785,-0.082578294,-0.10311788,-0.49606916,-0.109258935,-0.10850763,-0.57363915,-0.12481483,-0.017774165,-0.2609492,-0.047089327,-0.016211987,-0.40947777,-0.09382269,-0.014840364,-0.51393545,-0.12256538,-0.010553181,-0.59106004,-0.13328743,0.031588852,-0.22466123,-0.05747289,0.015160978,-0.26634997,-0.124314025,-0.007786751,-0.18447423,-0.13856365,-0.01590693,-0.12685484,-0.12748219,0.06996757,-0.17902279,-0.07099633,0.044554114,-0.20049125,-0.1253671,0.01935035,-0.13243836,-0.1274719,0.012716711,-0.0860824,-0.11485777
-0.07104486,-0.04277557,-0.053337097,-0.09346932,-0.13642228,-0.07767191,-0.050391793,-0.20853484,-0.09981291,-0.011043727,-0.26215374,-0.11993288,-0.07174969,-0.26528382,-0.043170877,-0.09293383,-0.39891857,-0.082791135,-0.1030578,-0.49482825,-0.109345555,-0.108493984,-0.5717634,-0.12450846,-0.01791352,-0.26013267,-0.045473874,-0.016834736,-0.40878794,-0.09161476,-0.015418947,-0.5135977,-0.12048326,-0.011258304,-0.5899335,-0.13103007,0.03138429,-0.22328115,-0.05477281,0.01400733,-0.26333308,-0.12339377,-0.007984638,-0.18219632,-0.14191537,-0.015476823,-0.12635964,-0.13288847,0.069582224,-0.17955917,-0.06736989,0.044180095,-0.2011643,-0.12327519,0.01802826,-0.13567406,-0.12895739,0.010331988,-0.09136492,-0.11875042
-0.06972104,-0.040851116,-0.04623712,-0.0956015,-0.13725269,-0.07091095,-0.054667115,-0.21354133,-0.09473297,-0.014361858,-0.26727504,-0.11705038,-0.0709461,-0.26914024,-0.046127968,-0.092574,-0.40487912,-0.08840393,-0.102924645,-0.50138277,-0.116166376,-0.10841304,-0.5791979,-0.1322428,-0.016967118,-0.2653337,-0.052546978,-0.01500684,-0.4154609,-0.10118527,-0.013656497,-0.5193421,-0.13073856,-0.009282589,-0.5971818,-0.14210314,0.032248855,-0.22879905,-0.0641621,0.016437054,-0.2717355,-0.13024613,-0.009244144,-0.19099867,-0.14230108,-0.019299626,-0.13278258,-0.13032128,0.07076359,-0.18092465,-0.07876255,0.04558611,-0.20451474,-0.13089044,0.019073606,-0.13835627,-0.13015993,0.010863006,-0.09081817,-0.11578444
-0.07011098,-0.041828096,-0.052856598,-0.09371078,-0.13474822,-0.07977132,-0.053957343,-0.20564955,-0.104997516,-0.015044451,-0.26128596,-0.1284774,-0.07029462,-0.26650852,-0.04627605,-0.090839386,-0.3995108,-0.08797396,-0.10100937,-0.49477392,-0.115889125,-0.10610694,-0.5717902,-0.13215671,-0.016620219,-0.26149672,-0.05083978,-0.014784396,-0.409171,-0.09915865,-0.014014721,-0.5141101,-0.1290844,-0.010676205,-0.59037966,-0.14062679,0.032987893,-0.2243923,-0.062258236,0.015514553,-0.2663771,-0.1327601,-0.008199751,-0.18574089,-0.15174763,-0.016911924,-0.13024682,-0.14360245,0.07134402,-0.17994761,-0.07691299,0.0458979,-0.1996305,-0.13506655,0.019204557,-0.13154608,-0.14139387,0.011704087,-0.085749865,-0.13181087
-0.06875867,-0.03884709,-0.03884736,-0.0951249,-0.13802809,-0.058615692,-0.05524999,-0.21559697,-0.07845291,-0.016878009,-0.26602793,-0.09715271,-0.07113379,-0.26818818,-0.038897797,-0.09049362,-0.40139583,-0.075543284,-0.100352466,-0.4966649,-0.0994523,-0.10666543,-0.5735285,-0.11322781,-0.01696086,-0.26593274,-0.046157677,-0.014324844,-0.41230828,-0.087900236,-0.013646603,-0.51457465,-0.11378681,-0.010079443,-0.5927447,-0.123527244,0.03211838,-0.23039699,-0.057574067,0.0167858,-0.2714575,-0.11610417,-0.006995976,-0.19078833,-0.12492001,-0.015561104,-0.13030791,-0.112043895,0.06997579,-0.18090492,-0.0715243,0.04617709,-0.20674461,-0.11767752,0.021384954,-0.14209735,-0.114422806,0.014246643,-0.09283167,-0.0990017
-0.06977612,-0.03915727,-0.057164565,-0.09410435,-0.13156879,-0.08519474,-0.051553786,-0.20403808,-0.11072621,-0.008461356,-0.25870872,-0.13415456,-0.07235879,-0.2633031,-0.048743706,-0.09384632,-0.3962589,-0.09099139,-0.10414654,-0.49199402,-0.11909383,-0.109460354,-0.5702002,-0.13549037,-0.018970609,-0.25703055,-0.051406723,-0.017834246,-0.40429413,-0.10132278,-0.016391456,-0.51060927,-0.13134387,-0.0126078725,-0.58873034,-0.14255334,0.030470133,-0.21977973,-0.061404653,0.015460432,-0.26102704,-0.13559465,-0.0054783225,-0.1761967,-0.15441701,-0.012642801,-0.11650884,-0.14473839,0.06905395,-0.17586553,-0.074901484,0.04664761,-0.19833809,-0.13668221,0.022543788,-0.12726545,-0.14323245,0.015924156,-0.07794553,-0.13284823
-0.06765133,-0.040411055,-0.04285832,-0.09210068,-0.13866764,-0.06634673,-0.04971099,-0.2150597,-0.08973864,-0.009111106,-0.26610124,-0.11196057,-0.068306446,-0.26492596,-0.045844704,-0.088553905,-0.39753664,-0.08679229,-0.09854627,-0.49342278,-0.11344712,-0.10460997,-0.5709768,-0.12897502,-0.014857173,-0.25983417,-0.053749856,-0.012304485,-0.40694532,-0.10116406,-0.0113758445,-0.5113056,-0.12906548,-0.007227123,-0.5910827,-0.13956764,0.033931136,-0.22252077,-0.066327244,0.019776165,-0.26565492,-0.13160667,-0.0043981075,-0.18179816,-0.14094752,-0.012922108,-0.12010366,-0.12691838,0.07173568,-0.1729263,-0.08164969,0.050383985,-0.2055543,-0.13286586,0.024611175,-0.13992107,-0.13015836,0.016469479,-0.08970666,-0.11437716
-0.06980449,-0.03620386,-0.047262415,-0.09625739,-0.13547218,-0.06834094,-0.056458354,-0.21397072,-0.08804777,-0.017640173,-0.2685182,-0.10613219,-0.070946515,-0.264342,-0.03999191,-0.09116709,-0.39777678,-0.07707595,-0.10111725,-0.49441546,-0.10150211,-0.10735488,-0.570432,-0.11570072,-0.01732564,-0.26101184,-0.043850254,-0.01470387,-0.4079619,-0.08721371,-0.015120029,-0.5113641,-0.114379264,-0.012292147,-0.5870252,-0.12448899,0.031288743,-0.22441089,-0.053598523,0.016650975,-0.26793045,-0.117609315,-0.007281661,-0.18847942,-0.13201289,-0.015694976,-0.13121742,-0.12155177,0.06900823,-0.17742121,-0.06630815,0.045943797,-0.20344818,-0.11957308,0.020910084,-0.13955015,-0.12272491,0.013913751,-0.09349704,-0.1110272
-0.0682323,-0.039449513,-0.04259654,-0.09411842,-0.13748568,-0.06514051,-0.054798543,-0.21292055,-0.08748468,-0.016010582,-0.26384014,-0.10851584,-0.069200695,-0.26841378,-0.043442987,-0.08884305,-0.40147302,-0.084181674,-0.09888911,-0.49686614,-0.110904925,-0.10448533,-0.57300735,-0.12653954,-0.014902115,-0.26603,-0.050895598,-0.0121715665,-0.41212168,-0.09754255,-0.011623681,-0.5151762,-0.12615797,-0.0075014234,-0.592925,-0.13723609,0.03482169,-0.23026228,-0.06318887,0.01684761,-0.26891714,-0.12642479,-0.008114815,-0.18890601,-0.13803044,-0.016329765,-0.13108861,-0.1265436,0.07286376,-0.18199313,-0.078357674,0.045403004,-0.19924992,-0.1288098,0.0187549,-0.13448584,-0.1288254,0.012069404,-0.088544846,-0.11541842
-0.070067465,-0.050943255,-0.042936407,-0.1021834,-0.15160507,-0.06641963,-0.073857784,-0.2344889,-0.089757055,-0.01598221,-0.26495755,-0.11130324,-0.03498751,-0.26092446,-0.044543333,-0.046568155,-0.40721202,-0.081935495,-0.050474703,-0.5053248,-0.10243399,-0.04968679,-0.5805091,-0.11254389,0.014538527,-0.25520617,-0.048105765,0.029233396,-0.40283337,-0.09106694,0.03207034,-0.5033265,-0.11293052,0.038517892,-0.58272815,-0.118607886,0.053964794,-0.22163463,-0.05677049,0.021487474,-0.2604627,-0.11649026,-0.0049371123,-0.1956166,-0.12957028,-0.0068816543,-0.14906543,-0.118019804,0.08290106,-0.17938334,-0.06815439,0.040121496,-0.2034837,-0.1136064,0.01097554,-0.15362841,-0.11614343,0.006616533,-0.11489385,-0.10499386
-0.05984056,-0.050539136,-0.0262188,-0.087679744,-0.1579628,-0.04466852,-0.07311243,-0.23915893,-0.0649494,-0.025097251,-0.24612302,-0.08487002,-0.013974905,-0.25964952,-0.04619363,-0.014329314,-0.39567477,-0.085094556,-0.014223218,-0.49159428,-0.10859226,-0.01205802,-0.5639239,-0.12236486,0.029211342,-0.24997288,-0.05766833,0.037588954,-0.38869137,-0.10096598,0.037844718,-0.48791894,-0.1242066,0.0422678,-0.57178295,-0.13333657,0.06395191,-0.21290118,-0.07071122,0.021920383,-0.25791508,-0.116307735,-0.009582818,-0.21384484,-0.116691895,-0.014873147,-0.18147856,-0.1025334,0.08813602,-0.16266173,-0.086357825,0.037377894,-0.19991261,-0.1150876,0.009205937,-0.1742537,-0.10664968,0.0050244927,-0.15033102,-0.0918513
-0.071816504,-0.061879575,-0.0425214,-0.100544214,-0.1703937,-0.06642931,-0.09447402,-0.25695473,-0.08519999,-0.05542916,-0.26906294,-0.10237331,-0.006440997,-0.26473647,-0.0838535,-0.012690663,-0.40903836,-0.13121511,-0.01434958,-0.5073328,-0.16229668,-0.012356997,-0.58021367,-0.18161532,0.03293681,-0.2509548,-0.08207915,0.031826794,-0.40091312,-0.13546214,0.024108827,-0.5027063,-0.16664882,0.02448845,-0.57851183,-0.18265331,0.056010127,-0.21737015,-0.07982684,-0.0059708953,-0.27132845,-0.12154886,-0.040386677,-0.21892935,-0.113761894,-0.042247355,-0.17973769,-0.09618551,0.0670768,-0.1756432,-0.081877634,-0.00123173,-0.21323085,-0.105714716,-0.02936232,-0.17793894,-0.09340079,-0.030164719,-0.14341903,-0.076730154
-0.04438156,-0.09284133,-0.0112930415,-0.053914964,-0.17280203,-0.033948552,-0.054908216,-0.22020024,-0.05826891,-0.056760967,-0.23086286,-0.08054306,0.030742705,-0.24525923,-0.078214504,0.030275166,-0.36788586,-0.1365201,0.03212285,-0.45757917,-0.1734205,0.03604293,-0.52658784,-0.19854344,0.04904747,-0.21037048,-0.10644354,0.042211592,-0.35565925,-0.17789777,0.028485,-0.4579022,-0.2176346,0.02580607,-0.54241514,-0.24130812,0.05096078,-0.1578781,-0.13220017,-0.010758162,-0.22528988,-0.18863404,-0.035550058,-0.17877418,-0.17808986,-0.027918577,-0.15237981,-0.1600502,0.046200812,-0.102852106,-0.15987867,-0.020248711,-0.1551413,-0.1971843,-0.038216412,-0.13202524,-0.18546726,-0.03541833,-0.11059606,-0.16991654
-0.018218994,-0.06108606,-0.05203956,-0.027632177,-0.14646983,-0.07234966,-0.039596856,-0.20504087,-0.081159316,-0.05211836,-0.23346889,-0.08642278,0.059344232,-0.21124929,-0.089175306,0.05653715,-0.3487715,-0.13758412,0.05591154,-0.44280326,-0.1681861,0.05698991,-0.51656127,-0.18477744,0.04475701,-0.2002027,-0.08032816,0.043105006,-0.34918028,-0.12596592,0.033412278,-0.44727862,-0.15166332,0.029426098,-0.5327809,-0.16393793,0.021253943,-0.17746854,-0.07362104,-0.028062522,-0.24063611,-0.12126745,-0.040668726,-0.18442136,-0.12588385,-0.032743692,-0.14942133,-0.11453469,-0.0029925108,-0.14425576,-0.07048624,-0.04999262,-0.18714088,-0.10291547,-0.05447179,-0.15552795,-0.098622866,-0.04769194,-0.1295014,-0.08628817
-0.05619979,-0.060453176,-0.017562712,-0.07670635,-0.16254467,-0.030401863,-0.044615984,-0.22350556,-0.038708035,0.003810525,-0.2355572,-0.0458637,-0.007668793,-0.23415929,-0.06701199,0.0033590794,-0.38133547,-0.09691057,0.017389774,-0.4753331,-0.11178673,0.034304857,-0.54585207,-0.118791156,0.026604772,-0.22614634,-0.06816934,0.031407237,-0.3843872,-0.10561522,0.029738605,-0.48954123,-0.1272522,0.03396976,-0.5692116,-0.13734135,0.052329898,-0.19442093,-0.06431487,0.034589052,-0.23486972,-0.08805488,0.010427952,-0.19803685,-0.08010609,0.0031298995,-0.16593742,-0.06540759,0.06998837,-0.14777309,-0.061415408,0.039411485,-0.17817152,-0.06980709,0.02282089,-0.15059167,-0.052789114,0.014645398,-0.12726068,-0.03453714
-0.070352316,-0.060694516,-0.018175313,-0.087638676,-0.15928042,-0.033020586,-0.041873693,-0.21280533,-0.04699342,0.008312643,-0.23610544,-0.060070284,-0.024315536,-0.2565173,-0.051849667,-0.029889524,-0.40000647,-0.08128874,-0.02626735,-0.4976433,-0.09962136,-0.023418128,-0.5720099,-0.11125817,0.031484425,-0.24883175,-0.057264533,0.05323875,-0.38921666,-0.08747502,0.06631029,-0.49116465,-0.10638638,0.0795449,-0.5687819,-0.11577678,0.07051176,-0.21353424,-0.060744174,0.047629893,-0.24183935,-0.08235661,0.017651856,-0.2003637,-0.07412802,0.0045957565,-0.16341865,-0.060506694,0.09610289,-0.16630393,-0.066651836,0.06705558,-0.18735528,-0.0790917,0.042532563,-0.1555835,-0.06423288,0.031573594,-0.12699157,-0.047023848
-0.061595798,-0.046053052,-0.031863645,-0.0781486,-0.14831114,-0.05067428,-0.025039792,-0.20932645,-0.06925223,0.028101087,-0.23189503,-0.08738079,-0.045147717,-0.26781,-0.04798116,-0.050953627,-0.40751445,-0.08563806,-0.049061835,-0.50448537,-0.11022682,-0.046736896,-0.5803422,-0.12485531,0.011033475,-0.262137,-0.055388957,0.031452954,-0.40593797,-0.09303693,0.046719134,-0.5045438,-0.116817325,0.06008327,-0.5826652,-0.12697273,0.056142867,-0.22330892,-0.064579494,0.053069115,-0.2654305,-0.10774278,0.027337015,-0.2121318,-0.110064246,0.01337868,-0.16672021,-0.097696446,0.087016225,-0.16875398,-0.07647947,0.0742476,-0.19902486,-0.10709971,0.049946785,-0.1612786,-0.09723435,0.03835368,-0.12720329,-0.08011445
-0.059994876,-0.048655152,-0.04973288,-0.06127721,-0.14674771,-0.071053885,-0.008556068,-0.2219829,-0.08684654,0.035453856,-0.27027023,-0.099986084,-0.06961769,-0.26328206,-0.046808545,-0.07899654,-0.40374488,-0.083078355,-0.07954764,-0.49906105,-0.107393764,-0.078274965,-0.5717234,-0.12102389,-0.011460185,-0.26417875,-0.041095354,-0.0015856624,-0.40704036,-0.073538385,0.005831063,-0.5009407,-0.093732245,0.012832105,-0.5772078,-0.10174194,0.036189675,-0.23017591,-0.04007581,0.051808476,-0.29278654,-0.08200287,0.02984339,-0.23502398,-0.08517953,0.014720023,-0.1865688,-0.073257685,0.06956005,-0.18060517,-0.04307485,0.063543856,-0.20030683,-0.07691676,0.043153763,-0.156699,-0.072509155,0.0320493,-0.1229732,-0.058368303
-0.047678947,-0.061789274,-0.06816606,-0.051986396,-0.16139835,-0.08792189,-0.01043427,-0.24703711,-0.09797921,0.031315565,-0.31189823,-0.103103556,-0.0888899,-0.26987857,-0.03862174,-0.103294075,-0.40999794,-0.07099448,-0.10629588,-0.50336444,-0.09174746,-0.10852271,-0.5759204,-0.10178127,-0.032061875,-0.27245003,-0.022040935,-0.02873373,-0.41795123,-0.051910777,-0.021729171,-0.5082731,-0.068735935,-0.017983317,-0.58428824,-0.071972296,0.018805385,-0.24023658,-0.014128027,0.0350433,-0.29030317,-0.06501465,0.017548978,-0.20990539,-0.072810985,0.0010740757,-0.16088587,-0.059054162,0.054523766,-0.19412416,-0.011102831,0.059538066,-0.21730131,-0.05332749,0.0437845,-0.1566819,-0.05250588,0.03068012,-0.11955106,-0.03868478
-0.038616717,-0.06903994,-0.08490395,-0.04374212,-0.16803777,-0.10846768,-0.012539864,-0.25101018,-0.11951077,0.01567328,-0.32967496,-0.12486775,-0.10505968,-0.27202845,-0.02771365,-0.123470545,-0.40076435,-0.043823946,-0.13344926,-0.49283838,-0.054239754,-0.13888228,-0.5582773,-0.05796964,-0.052440584,-0.27471805,0.0037771456,-0.05884081,-0.4108695,-0.0065610763,-0.060047686,-0.49494955,-0.017416265,-0.064929664,-0.5668726,-0.018918473,0.0012354851,-0.24593991,0.023569042,0.019081652,-0.31840765,-0.010581815,0.011284649,-0.24197274,-0.028125314,-0.0040133595,-0.19764233,-0.026046712,0.04096043,-0.21270114,0.03734745,0.051191688,-0.24368966,0.0077521284,0.038704336,-0.18554437,-0.001732069,0.024673164,-0.1519823,5.2845797e-05
-0.046858966,-0.07751554,-0.06903854,-0.05881363,-0.17906034,-0.07779545,-0.026428223,-0.26923615,-0.07546225,0.006991565,-0.34513697,-0.06681517,-0.1072067,-0.27282542,-0.015057908,-0.12843567,-0.40876478,-0.032394193,-0.1372137,-0.49752018,-0.04536377,-0.14533263,-0.56673384,-0.051393636,-0.05536872,-0.2793334,0.009303564,-0.06538552,-0.4160146,-0.008068098,-0.067629576,-0.5012888,-0.022990294,-0.07072586,-0.5706636,-0.026422482,-0.0038799644,-0.25207788,0.023739582,0.0115458965,-0.31373817,-0.019375589,0.0037504435,-0.23391426,-0.03283,-0.007917762,-0.18682253,-0.024260243,0.035232067,-0.21140349,0.0335837,0.045626283,-0.25001162,-0.005722932,0.035522163,-0.19323975,-0.011559273,0.024125218,-0.15808028,-0.0035554396
-0.04646635,-0.07702851,-0.05975057,-0.055271685,-0.18146503,-0.065821394,-0.014544785,-0.27331418,-0.063786976,0.017615438,-0.34880778,-0.056300424,-0.10254246,-0.27034628,-0.0064853257,-0.1230346,-0.400967,-0.025819978,-0.13058418,-0.4890673,-0.04079548,-0.1378187,-0.5593991,-0.048298195,-0.051551044,-0.27669555,0.009711,-0.06358075,-0.4079941,-0.011529181,-0.067379,-0.49427184,-0.028650276,-0.07115829,-0.56562847,-0.032747585,-0.000877738,-0.24730861,0.016218482,0.015862167,-0.30592537,-0.03252551,0.0084607005,-0.2265799,-0.046910185,-0.003162086,-0.18078333,-0.03751138,0.03922695,-0.20349568,0.018877292,0.053797126,-0.24494743,-0.02576789,0.04287541,-0.18769825,-0.031788245,0.030130744,-0.15232718,-0.02267542
-0.04646635,-0.07702851,-0.05975057,-0.055271685,-0.18146503,-0.065821394,-0.014544785,-0.27331418,-0.063786976,0.017615438,-0.34880778,-0.056300424,-0.10254246,-0.27034628,-0.0064853257,-0.1230346,-0.400967,-0.025819978,-0.13058418,-0.4890673,-0.04079548,-0.1378187,-0.5593991,-0.048298195,-0.051551044,-0.27669555,0.009711,-0.06358075,-0.4079941,-0.011529181,-0.067379,-0.49427184,-0.028650276,-0.07115829,-0.56562847,-0.032747585,-0.000877738,-0.24730861,0.016218482,0.015862167,-0.30592537,-0.03252551,0.0084607005,-0.2265799,-0.046910185,-0.003162086,-0.18078333,-0.03751138,0.03922695,-0.20349568,0.018877292,0.053797126,-0.24494743,-0.02576789,0.04287541,-0.18769825,-0.031788245,0.030130744,-0.15232718,-0.02267542
-0.044803083,-0.06827128,-0.066248834,-0.052405894,-0.16857201,-0.07384403,-0.01404351,-0.2587489,-0.071060404,0.014376104,-0.3352898,-0.062185537,-0.10320741,-0.25860238,-0.014117671,-0.12425858,-0.38735676,-0.033910617,-0.13077956,-0.4787484,-0.04862854,-0.13583922,-0.5504521,-0.055713,-0.052362382,-0.2630973,0.005585534,-0.064411104,-0.39502138,-0.018264187,-0.06722444,-0.4859481,-0.03674297,-0.0706265,-0.5617308,-0.04134831,-0.0019398928,-0.2342034,0.015531198,0.014397204,-0.28987348,-0.036759235,0.0067620277,-0.20950997,-0.05242091,-0.0061098933,-0.16425544,-0.042890247,0.03784442,-0.19356084,0.021383896,0.05114937,-0.237441,-0.026580805,0.041681886,-0.17947155,-0.033827413,0.028795242,-0.14359897,-0.025047274
-0.04521191,-0.06475419,-0.063668765,-0.056768,-0.16612035,-0.07708855,-0.020540833,-0.25186408,-0.08150376,0.013399184,-0.32402506,-0.08046784,-0.09813738,-0.2664246,-0.024817377,-0.119386196,-0.39861634,-0.048165094,-0.125628,-0.48676032,-0.064109154,-0.1326462,-0.5564303,-0.07224408,-0.04584813,-0.27013236,-0.008043777,-0.05265397,-0.40629706,-0.03314579,-0.05065137,-0.4929633,-0.049439147,-0.0514912,-0.5662607,-0.05308095,0.0044024587,-0.23820823,3.8628725e-05,0.018018782,-0.29175335,-0.048152473,0.0073489547,-0.2144388,-0.057273146,-0.004753113,-0.1710276,-0.045376487,0.04305154,-0.19354403,0.0038866203,0.052089214,-0.2288217,-0.036606416,0.03837174,-0.17262453,-0.037039775,0.025956273,-0.14081925,-0.025118707
-0.04733187,-0.06408,-0.048549406,-0.04989469,-0.16181046,-0.0685484,-0.005684614,-0.2520063,-0.08491295,0.035776794,-0.3163274,-0.09783387,-0.0706715,-0.2623607,-0.03209211,-0.08373952,-0.39729455,-0.06634807,-0.084718466,-0.48904747,-0.08858892,-0.08660877,-0.56527865,-0.10112099,-0.01428324,-0.2610194,-0.03113978,-0.0055313706,-0.40539342,-0.06980664,0.0043718815,-0.5029612,-0.09313234,0.012438595,-0.5877229,-0.10114976,0.03509581,-0.22193396,-0.035809785,0.043326735,-0.28136784,-0.09363129,0.019991696,-0.19693917,-0.0970818,0.0051531196,-0.1415236,-0.07943837,0.07137084,-0.16544992,-0.04360464,0.07003862,-0.20719391,-0.090178736,0.05003059,-0.14635867,-0.08369082,0.036637366,-0.10331184,-0.06479263
-0.045841455,-0.08043212,-0.021029504,-0.038296282,-0.1778624,-0.048721172,0.012500942,-0.255291,-0.07710433,0.05828154,-0.31251967,-0.10402676,-0.05457157,-0.2616762,-0.063235894,-0.0621655,-0.40681648,-0.10682473,-0.063241065,-0.49869835,-0.13138764,-0.0659523,-0.57697284,-0.14627182,-0.002680719,-0.25060135,-0.081448756,0.0136912465,-0.40847772,-0.13210078,0.025832713,-0.506979,-0.15658055,0.036751747,-0.5907991,-0.16795892,0.04506284,-0.20586514,-0.09839927,0.060217798,-0.27108747,-0.14737903,0.036937,-0.20025551,-0.13393418,0.021176338,-0.15157676,-0.11144852,0.08214378,-0.14578062,-0.11689097,0.08030999,-0.20081258,-0.14620009,0.06087196,-0.15115947,-0.12338832,0.047463953,-0.1142416,-0.09812383
-0.055723965,-0.0775193,0.002452668,-0.043064237,-0.17144585,-0.015671967,0.003925681,-0.24832463,-0.036023296,0.047106206,-0.30303365,-0.05409998,-0.054327548,-0.2648316,-0.050904375,-0.057026148,-0.41168475,-0.083428845,-0.05995792,-0.50641763,-0.10210197,-0.060878754,-0.58629215,-0.11512468,0.0016249418,-0.25578266,-0.07168551,0.020003676,-0.41032672,-0.1122378,0.029542923,-0.5138776,-0.1335973,0.040249586,-0.5938903,-0.14664681,0.047267914,-0.21319526,-0.08659531,0.057498753,-0.27661896,-0.10964477,0.025969505,-0.21161312,-0.08423289,0.007110238,-0.16104019,-0.061486956,0.083580494,-0.1612193,-0.10236129,0.0731079,-0.19676751,-0.11060455,0.049070716,-0.14463603,-0.08262531,0.034623325,-0.10973942,-0.058016714
-0.06729746,-0.07321793,-0.00077698973,-0.06278753,-0.1614328,-0.008915228,-0.017519772,-0.23094606,-0.012380055,0.026427269,-0.28304493,-0.010994623,-0.056993663,-0.27458596,-0.042070217,-0.060866535,-0.41708368,-0.057690643,-0.06564349,-0.5120244,-0.071091734,-0.06420034,-0.58779633,-0.08218884,0.004550278,-0.26578087,-0.041975647,0.017469645,-0.41590458,-0.056770355,0.025776267,-0.51502836,-0.06855645,0.03782153,-0.59578514,-0.07927593,0.049435496,-0.22703958,-0.035508275,0.044983268,-0.28420424,-0.025615053,0.011184514,-0.22978503,0.0022862402,-0.0036098957,-0.18377829,0.019440362,0.083978,-0.18368399,-0.03077683,0.059420288,-0.21009725,-0.016113142,0.035395384,-0.16576844,0.010140722,0.025785863,-0.13433546,0.02940798
-0.060785532,-0.042503238,-0.046142377,-0.0700565,-0.1380989,-0.07153939,-0.025795281,-0.2164759,-0.09330001,0.019325137,-0.26827174,-0.11304867,-0.05146432,-0.2657922,-0.053839535,-0.05815631,-0.40592384,-0.09439823,-0.058840513,-0.5031432,-0.1199001,-0.05872482,-0.5794184,-0.13432257,0.007568717,-0.26232654,-0.054687493,0.02473098,-0.40693069,-0.0928372,0.036573887,-0.50690365,-0.11469864,0.047376633,-0.5878217,-0.12321328,0.054079473,-0.22249621,-0.059428625,0.04178828,-0.27078938,-0.10982933,0.01436156,-0.20634353,-0.11342452,0.0028131604,-0.15310419,-0.09999262,0.08408624,-0.16720521,-0.06752038,0.05758232,-0.19008732,-0.10946706,0.03018701,-0.13771647,-0.10497845,0.019990861,-0.09275472,-0.08943294
-0.06124425,-0.047110736,-0.06475652,-0.06616843,-0.13932127,-0.09065663,-0.02342838,-0.21305776,-0.108643174,0.02094996,-0.26965296,-0.122884035,-0.054261625,-0.2669961,-0.05476976,-0.06002927,-0.4072925,-0.09285962,-0.061003447,-0.5049983,-0.11694348,-0.060788214,-0.5805923,-0.12991458,0.0034594536,-0.25887758,-0.044936903,0.02201736,-0.4067222,-0.081038564,0.03534484,-0.5093444,-0.10184218,0.046956062,-0.588259,-0.10858775,0.0489828,-0.21673203,-0.042418085,0.038690627,-0.2678172,-0.09821646,0.013270795,-0.19900686,-0.10925093,0.0026510954,-0.14892942,-0.09803566,0.0797835,-0.16768944,-0.044461552,0.057803273,-0.19373202,-0.09477713,0.03165841,-0.13925087,-0.09912503,0.021554053,-0.09716189,-0.08833929
-0.060076594,-0.0393188,-0.070788525,-0.067696154,-0.12933803,-0.10140758,-0.02563876,-0.20185274,-0.1239755,0.020066261,-0.2593187,-0.14306939,-0.057154,-0.26591074,-0.059882555,-0.06294435,-0.40533197,-0.10061285,-0.06336522,-0.50235045,-0.12690833,-0.06251961,-0.57865113,-0.14153041,0.00018757582,-0.2578959,-0.048674565,0.019351244,-0.40364727,-0.09003045,0.03399408,-0.50712997,-0.11374643,0.045704365,-0.5864788,-0.12180371,0.04600537,-0.21640837,-0.04532431,0.03688407,-0.26239705,-0.105355985,0.011626542,-0.18882942,-0.116516754,0.000702858,-0.13856733,-0.10460029,0.07793248,-0.17103755,-0.04711216,0.058377385,-0.19367445,-0.09938285,0.032290936,-0.13305247,-0.10335407,0.022870243,-0.09132403,-0.09206549
-0.056430936,-0.035307705,-0.08133096,-0.063154936,-0.12491876,-0.118701965,-0.02554679,-0.19866091,-0.14723746,0.02095902,-0.2608403,-0.17202128,-0.054243863,-0.26420212,-0.0676812,-0.060555637,-0.40196887,-0.11605699,-0.06252909,-0.49967223,-0.14584,-0.061085045,-0.5769401,-0.1617879,0.002934754,-0.2537418,-0.055132974,0.022980094,-0.40291062,-0.10702921,0.037234247,-0.5083387,-0.13412972,0.048561215,-0.59104896,-0.14168593,0.04978043,-0.21133995,-0.052053563,0.038598716,-0.25617814,-0.12515482,0.0120067,-0.17458087,-0.13819441,0.0010290742,-0.12375492,-0.123885386,0.08257258,-0.16909325,-0.054695345,0.06148666,-0.18806148,-0.11610012,0.033038437,-0.11876947,-0.12139179,0.022723198,-0.076224506,-0.10904093
-0.05629021,-0.032713532,-0.08242828,-0.06217742,-0.122038245,-0.12003883,-0.025960743,-0.19546092,-0.14817879,0.021711826,-0.25661176,-0.17248203,-0.05663407,-0.26193,-0.07215929,-0.061404645,-0.3999137,-0.121638626,-0.06280589,-0.49852458,-0.15253694,-0.06215346,-0.5757222,-0.16955464,3.927946e-05,-0.254054,-0.058543026,0.021026433,-0.40227395,-0.11138975,0.03729433,-0.5081655,-0.13962428,0.04932177,-0.58988607,-0.14825945,0.04619825,-0.2134363,-0.053911667,0.038078666,-0.2565527,-0.12543745,0.013247192,-0.17528605,-0.1369401,0.00085669756,-0.12476659,-0.122209385,0.0778172,-0.17155159,-0.05529194,0.059265435,-0.18611866,-0.11514133,0.03224063,-0.11741054,-0.11960398,0.020384967,-0.07558322,-0.106938146
-0.054436505,-0.035886288,-0.073899634,-0.06431788,-0.121132314,-0.11193074,-0.024396598,-0.19288868,-0.14221817,0.025696278,-0.2505502,-0.16921254,-0.054026723,-0.2595383,-0.07493531,-0.062473416,-0.3975281,-0.12637171,-0.06502515,-0.49677497,-0.15986022,-0.06562954,-0.57499206,-0.17906834,0.0020644665,-0.2517888,-0.06680374,0.019759059,-0.39992675,-0.119549915,0.033857167,-0.50813115,-0.14910503,0.0452345,-0.5930997,-0.16008312,0.048600554,-0.21032357,-0.06602845,0.039025724,-0.24951941,-0.13358727,0.012837052,-0.16952562,-0.14158835,5.441904e-05,-0.11890179,-0.12632471,0.081088305,-0.16385782,-0.07082598,0.06129819,-0.18047094,-0.12707391,0.035042048,-0.114809036,-0.12718688,0.023678005,-0.07206887,-0.11216755
-0.0538705,-0.04018277,-0.07428978,-0.060389817,-0.12366164,-0.11320505,-0.019551635,-0.19231832,-0.1454319,0.028619766,-0.25140077,-0.17429732,-0.056113243,-0.2603988,-0.06790321,-0.06543368,-0.39785677,-0.11926581,-0.06932503,-0.4965402,-0.15135823,-0.069881976,-0.574558,-0.16864997,0.00083339214,-0.25259894,-0.061365657,0.018990278,-0.4009496,-0.11632428,0.03277141,-0.5102767,-0.14592783,0.043448985,-0.5967921,-0.15505494,0.0485301,-0.21219844,-0.063172854,0.038550735,-0.24785459,-0.13755892,0.01015842,-0.1656121,-0.15027548,-0.0031761527,-0.112853885,-0.13572045,0.0817008,-0.16989511,-0.07024846,0.060658276,-0.17730314,-0.13102694,0.031431675,-0.10691458,-0.13422002,0.019199848,-0.062007368,-0.12018942
-0.052114606,-0.0289101,-0.055513557,-0.065182924,-0.12070972,-0.08451144,-0.026828825,-0.20528346,-0.10864912,0.016468346,-0.26170474,-0.13040848,-0.06542641,-0.25072747,-0.06164615,-0.07926357,-0.39087367,-0.111047916,-0.08627933,-0.4893425,-0.1425948,-0.09021163,-0.5681133,-0.16028441,-0.009180248,-0.24985868,-0.06019525,0.005433142,-0.39579636,-0.113566965,0.01462692,-0.49816686,-0.1429631,0.02329892,-0.5843334,-0.15321773,0.039358497,-0.21471924,-0.06308006,0.03571266,-0.25470412,-0.1282463,0.008588612,-0.17007238,-0.1294377,-0.0047718287,-0.110928595,-0.10948551,0.07386142,-0.16620582,-0.0699036,0.05823469,-0.18772393,-0.121609844,0.033447146,-0.118451655,-0.11349481,0.022010446,-0.070109665,-0.09202608
-0.053129137,-0.034855604,-0.074843995,-0.06554848,-0.12471169,-0.10883855,-0.029146194,-0.20400792,-0.13522483,0.013760865,-0.2648347,-0.15811613,-0.069327176,-0.25780362,-0.0670463,-0.08617616,-0.39687866,-0.117911756,-0.09394705,-0.49700075,-0.15012188,-0.09817487,-0.5775658,-0.16759093,-0.014060855,-0.25270957,-0.05765746,-0.0050287843,-0.40291023,-0.11348571,0.001953721,-0.51417804,-0.14349052,0.008953869,-0.60481846,-0.15301701,0.03435439,-0.21524924,-0.056279223,0.031236708,-0.2573905,-0.13144301,0.008543253,-0.17036057,-0.14100297,-0.0012917519,-0.11378443,-0.123402454,0.07030076,-0.17112166,-0.060132783,0.057396412,-0.19646901,-0.12183379,0.034556925,-0.12332201,-0.121942356,0.024228692,-0.07625699,-0.10487365
-0.05132085,-0.030738473,-0.058904473,-0.06876832,-0.12348449,-0.08815984,-0.034570456,-0.20614755,-0.11260794,0.008409798,-0.26309276,-0.13444076,-0.06768417,-0.2582969,-0.058949433,-0.08741814,-0.39604792,-0.10598233,-0.0968287,-0.49567378,-0.13663241,-0.10346669,-0.5738734,-0.15414286,-0.012838125,-0.25384182,-0.056316577,-0.0035607219,-0.39831048,-0.10574154,0.0027447343,-0.5019294,-0.13299856,0.008715689,-0.5865203,-0.14275922,0.034832537,-0.2169885,-0.059591714,0.028235734,-0.26124716,-0.124696225,0.005035937,-0.17782426,-0.12878853,-0.0051029325,-0.119220555,-0.11095791,0.070620775,-0.16879243,-0.067128666,0.053070545,-0.19865495,-0.12125823,0.030356705,-0.12864411,-0.11694164,0.020746708,-0.07798672,-0.098455325
-0.055187464,-0.01927501,-0.05609472,-0.07700157,-0.113529325,-0.087362535,-0.03995526,-0.19911784,-0.11379617,0.008091867,-0.25265497,-0.13833642,-0.07237834,-0.24760842,-0.069724396,-0.09044689,-0.38564816,-0.12127079,-0.09890419,-0.48508275,-0.15503557,-0.10537785,-0.5639883,-0.17494228,-0.015425086,-0.24838078,-0.068664156,-0.0056005716,-0.3922416,-0.11982552,3.4928322e-05,-0.4915353,-0.14592244,0.0039594173,-0.57542884,-0.1553324,0.033830225,-0.21504956,-0.072338685,0.027456164,-0.2578367,-0.13447557,0.0045161247,-0.17397839,-0.13324149,-0.006325543,-0.11290568,-0.11325608,0.070351005,-0.16727716,-0.08032292,0.0554412,-0.19951296,-0.13070297,0.033159494,-0.13355273,-0.12253147,0.023710668,-0.08301222,-0.102083154
-0.053535104,-0.022067904,-0.06258573,-0.07333988,-0.11254066,-0.096265666,-0.03965491,-0.19395453,-0.12439222,0.0053061247,-0.25481522,-0.14991213,-0.07095319,-0.24984807,-0.06989611,-0.088855445,-0.387145,-0.11980215,-0.097717404,-0.4859493,-0.15141448,-0.10378635,-0.5635821,-0.16944915,-0.014395654,-0.24842167,-0.06671922,-0.004161179,-0.39301074,-0.11794979,0.00059068203,-0.4964581,-0.14446801,0.0046729445,-0.5805924,-0.15365341,0.03465402,-0.21332115,-0.06932556,0.02749598,-0.25556153,-0.1330206,0.0036025047,-0.17023909,-0.13376082,-0.0068348646,-0.11312038,-0.11454856,0.071127474,-0.16677827,-0.07675705,0.054953575,-0.19570398,-0.12821727,0.03219688,-0.12776124,-0.12157232,0.022403479,-0.08034241,-0.10216368
-0.053925216,-0.021904767,-0.06281329,-0.07317507,-0.11194003,-0.09667342,-0.03962785,-0.19110096,-0.12453316,0.004026532,-0.2539401,-0.14988358,-0.069832146,-0.24762648,-0.07143656,-0.08778179,-0.38408577,-0.121564105,-0.096834004,-0.48275858,-0.15337844,-0.10345584,-0.560009,-0.17153509,-0.013028681,-0.24682581,-0.067499906,-0.0024400353,-0.389396,-0.11729499,0.0023398995,-0.48804748,-0.14209493,0.0050040483,-0.56801635,-0.15043971,0.0359475,-0.21284354,-0.069589645,0.02756679,-0.25665075,-0.1322836,0.004742086,-0.17397732,-0.13379058,-0.0059862733,-0.11935747,-0.11576146,0.07231778,-0.16766477,-0.076397344,0.055575132,-0.1957255,-0.12722802,0.03224516,-0.12928212,-0.12166546,0.021553457,-0.08413899,-0.103577994
-0.05596268,-0.034348845,-0.06613924,-0.072157204,-0.121127665,-0.10190041,-0.034615695,-0.19105065,-0.13229668,0.008990824,-0.2522434,-0.16032179,-0.068027675,-0.25901866,-0.06709984,-0.08668828,-0.39430875,-0.116923295,-0.096624255,-0.4928235,-0.14911644,-0.101946175,-0.57010233,-0.16704038,-0.010761917,-0.25504667,-0.06302013,-0.00011605024,-0.39758474,-0.113626145,0.0049731135,-0.5008024,-0.13992119,0.009455383,-0.581638,-0.14838473,0.039343417,-0.2171151,-0.06624861,0.02655238,-0.2524106,-0.13343272,0.0026131272,-0.16729313,-0.14132121,-0.0070080757,-0.11075413,-0.12582299,0.0754838,-0.17035115,-0.0743377,0.054710805,-0.18648899,-0.1298989,0.029735565,-0.116484284,-0.1293104,0.020124912,-0.06970638,-0.113770336
-0.05546117,-0.032418072,-0.06946845,-0.07175064,-0.1183424,-0.10797858,-0.035937667,-0.1876964,-0.14037494,0.0047705173,-0.25231338,-0.16985396,-0.06713092,-0.25807816,-0.07615548,-0.08591783,-0.39507806,-0.13009319,-0.095119655,-0.49490917,-0.1636853,-0.09957385,-0.57371867,-0.18223885,-0.009215236,-0.25590873,-0.07264813,-0.00054353476,-0.40651697,-0.1290872,0.004881799,-0.5133164,-0.15797745,0.010938883,-0.5966729,-0.16716293,0.042162776,-0.21854097,-0.07623315,0.028154552,-0.25177032,-0.14706205,0.004199803,-0.16579974,-0.1539267,-0.0045538545,-0.11377251,-0.13699178,0.07918984,-0.17269045,-0.08504844,0.0566656,-0.18342483,-0.14115521,0.030931115,-0.11455017,-0.13915259,0.020748734,-0.07366973,-0.12254269
-0.057126284,-0.036611795,-0.075163685,-0.07141054,-0.12020093,-0.11209447,-0.03415346,-0.18985456,-0.14183089,0.009338379,-0.25255203,-0.16825786,-0.07114875,-0.2593935,-0.06827245,-0.089484334,-0.3949433,-0.11787717,-0.09951198,-0.49337512,-0.14994225,-0.105647266,-0.5714854,-0.16737676,-0.0144402385,-0.2566074,-0.05907456,-0.0065510273,-0.40159345,-0.10939223,-0.0014091134,-0.5091706,-0.13638842,0.0027827024,-0.59246206,-0.1447141,0.03602141,-0.22075683,-0.058591418,0.023275197,-0.25398636,-0.12809809,0.00357306,-0.17319167,-0.1405224,-0.003681481,-0.12076944,-0.12668066,0.07229209,-0.17831433,-0.06360083,0.052579045,-0.19325191,-0.12040858,0.029001832,-0.1263414,-0.12312276,0.020355463,-0.08278769,-0.109486885
-0.057457507,-0.03262937,-0.076767944,-0.072259605,-0.11754477,-0.11520508,-0.035893857,-0.18617141,-0.14571065,0.008887112,-0.2459293,-0.17340721,-0.06917435,-0.25298804,-0.073682666,-0.087733984,-0.3871317,-0.12495777,-0.09804952,-0.48586386,-0.15803818,-0.10320586,-0.56316566,-0.17615639,-0.01168102,-0.25215,-0.06293563,-0.0054754615,-0.3924963,-0.11218641,-0.0023783445,-0.49533302,-0.13703538,0.00040203333,-0.5766467,-0.14434253,0.039514482,-0.21715611,-0.060964506,0.024858594,-0.25386703,-0.12780695,0.0040764213,-0.17699176,-0.13903165,-0.0026041865,-0.12740439,-0.12574516,0.07630628,-0.17520207,-0.06476074,0.054073274,-0.18847013,-0.12093256,0.02910328,-0.12535596,-0.12469822,0.020859838,-0.08508098,-0.112375975
-0.05903691,-0.02716279,-0.078948356,-0.07302922,-0.110752106,-0.12270257,-0.03475219,-0.17838103,-0.15963313,0.011501551,-0.24540931,-0.19362426,-0.069891155,-0.24693763,-0.07505165,-0.08865821,-0.38092083,-0.12905478,-0.10173035,-0.47924006,-0.16230246,-0.10707688,-0.5579504,-0.1806269,-0.011550963,-0.24059397,-0.069673665,-0.006356895,-0.3852385,-0.12731639,-0.00422132,-0.48606172,-0.15356885,-0.001796484,-0.5622704,-0.16006488,0.039749026,-0.20497745,-0.07420802,0.020388126,-0.24265558,-0.15329094,0.00022697449,-0.1532337,-0.16590899,-0.0052138567,-0.098787665,-0.15137045,0.07710487,-0.17143697,-0.08449094,0.04845035,-0.18173099,-0.15180412,0.024312496,-0.103022695,-0.15820545,0.017270148,-0.055081844,-0.14664963
-0.05630797,-0.021818936,-0.07613685,-0.073382914,-0.10796046,-0.11510734,-0.036393583,-0.18147826,-0.14643285,0.0085724,-0.24653023,-0.17498484,-0.072538435,-0.24424386,-0.07960274,-0.09218919,-0.38178474,-0.13398959,-0.103183866,-0.4815125,-0.16872147,-0.10966271,-0.5619746,-0.18824904,-0.014939606,-0.24346232,-0.072320886,-0.009413362,-0.38872486,-0.12930354,-0.0068287253,-0.49503613,-0.15813173,-0.0048953295,-0.5782275,-0.16742553,0.036053002,-0.20947778,-0.072974615,0.02485019,-0.2456224,-0.14752387,0.0036577582,-0.15728694,-0.15643282,-0.0054531693,-0.10106808,-0.1401199,0.07299602,-0.16897231,-0.079148084,0.054412007,-0.18671739,-0.14116512,0.031223893,-0.112164915,-0.1419297,0.021635473,-0.064756215,-0.12631041
-0.058219433,-0.027138889,-0.06393592,-0.0792138,-0.1143347,-0.09718451,-0.041250706,-0.18965697,-0.12481855,0.0022527575,-0.24788201,-0.14998306,-0.07437259,-0.25075638,-0.06880617,-0.09528589,-0.38681495,-0.11930669,-0.10599178,-0.4849299,-0.15168977,-0.112722576,-0.5623405,-0.16985518,-0.01753211,-0.25184292,-0.06443346,-0.0128311515,-0.39370698,-0.1147448,-0.00911814,-0.49571463,-0.14076497,-0.005430877,-0.57872343,-0.14945474,0.033389628,-0.21857,-0.06671875,0.02302891,-0.25277412,-0.13220647,0.0009903312,-0.17208225,-0.13880147,-0.007832348,-0.11676508,-0.122959144,0.070954084,-0.1730243,-0.07374033,0.053409576,-0.19250357,-0.12742832,0.029063344,-0.12828165,-0.12596223,0.019179344,-0.08374983,-0.110089734
-0.058899105,-0.027114272,-0.06845878,-0.077301264,-0.11418581,-0.10300016,-0.040773988,-0.18880743,-0.13122833,0.0022118688,-0.25203782,-0.15660556,-0.07322055,-0.25179833,-0.06774268,-0.093666255,-0.38617057,-0.11767724,-0.10540581,-0.48476774,-0.15002193,-0.11380637,-0.5632505,-0.16835435,-0.017041326,-0.25255877,-0.06191734,-0.011653304,-0.39830083,-0.11239724,-0.0079933405,-0.5050688,-0.13962913,-0.0058825016,-0.5890329,-0.14877336,0.033065677,-0.21791863,-0.0634524,0.02315998,-0.25728863,-0.13008189,0.0035624504,-0.17236054,-0.13798523,-0.0058404207,-0.11704308,-0.1223261,0.070164025,-0.17400837,-0.0701437,0.054122627,-0.19370449,-0.12514172,0.031929493,-0.12562197,-0.12487565,0.02198863,-0.080984294,-0.109498814
-0.057409525,-0.024295092,-0.06837724,-0.07822245,-0.110913694,-0.10185993,-0.041593254,-0.1865167,-0.12843698,0.0008996129,-0.24816507,-0.15222514,-0.07464534,-0.24976695,-0.07021333,-0.097664475,-0.38586864,-0.11890845,-0.108419836,-0.48427302,-0.14980692,-0.11659342,-0.56253445,-0.16726418,-0.019066513,-0.2521065,-0.062977694,-0.008560538,-0.3951939,-0.11220257,-0.0024412274,-0.49596602,-0.13779074,0.0004375577,-0.5758261,-0.14590304,0.029799283,-0.21947342,-0.062751696,0.023919702,-0.25851607,-0.12786995,0.0051878095,-0.17673928,-0.13559255,-0.0046162605,-0.12328929,-0.12026942,0.066780746,-0.1757341,-0.06751186,0.054698646,-0.19593579,-0.12069189,0.033660173,-0.13107353,-0.120009206,0.023508906,-0.088434935,-0.104728
-0.05921942,-0.026705325,-0.07695709,-0.07806361,-0.10962731,-0.1162366,-0.041545868,-0.17858344,-0.14798667,0.003017962,-0.24230689,-0.17612144,-0.0749678,-0.24750668,-0.07623977,-0.097126186,-0.38234675,-0.1308176,-0.1082626,-0.4798996,-0.16446158,-0.11534613,-0.55998266,-0.18283789,-0.018274784,-0.24875677,-0.068489805,-0.011422336,-0.3952887,-0.12555283,-0.0060429573,-0.5008847,-0.15375534,-0.003589213,-0.58454764,-0.16166717,0.031858206,-0.21689379,-0.06967556,0.021037161,-0.24915755,-0.14549468,0.005155921,-0.16236013,-0.15836562,-0.0021976829,-0.11140603,-0.14348693,0.06948018,-0.17982453,-0.076385655,0.053121686,-0.19083881,-0.13707082,0.031532884,-0.12075895,-0.14119674,0.021507323,-0.07984769,-0.12814637
-0.058371782,-0.03112793,-0.07709201,-0.07757354,-0.11114466,-0.116555035,-0.042706072,-0.18264693,-0.14886452,0.0014672875,-0.24747837,-0.1774841,-0.07437205,-0.25133538,-0.07305616,-0.09665656,-0.3871043,-0.12545536,-0.10842103,-0.4840769,-0.15749507,-0.11718494,-0.5632257,-0.17433383,-0.020172298,-0.2508477,-0.0651155,-0.013402462,-0.39987075,-0.11970866,-0.009842694,-0.50894785,-0.14745681,-0.009576261,-0.5951507,-0.1550608,0.028304458,-0.21839571,-0.066132076,0.021379411,-0.25290495,-0.14116548,0.004225135,-0.16700435,-0.1545027,-0.004892111,-0.113720596,-0.13946708,0.06476122,-0.17907935,-0.072508566,0.053961515,-0.19850808,-0.13033389,0.03277898,-0.12944752,-0.13201554,0.021726072,-0.085416436,-0.11728614
-0.058371782,-0.03112793,-0.07709201,-0.07757354,-0.11114466,-0.116555035,-0.042706072,-0.18264693,-0.14886452,0.0014672875,-0.24747837,-0.1774841,-0.07437205,-0.25133538,-0.07305616,-0.09665656,-0.3871043,-0.12545536,-0.10842103,-0.4840769,-0.15749507,-0.11718494,-0.5632257,-0.17433383,-0.020172298,-0.2508477,-0.0651155,-0.013402462,-0.39987075,-0.11970866,-0.009842694,-0.50894785,-0.14745681,-0.009576261,-0.5951507,-0.1550608,0.028304458,-0.21839571,-0.066132076,0.021379411,-0.25290495,-0.14116548,0.004225135,-0.16700435,-0.1545027,-0.004892111,-0.113720596,-0.13946708,0.06476122,-0.17907935,-0.072508566,0.053961515,-0.19850808,-0.13033389,0.03277898,-0.12944752,-0.13201554,0.021726072,-0.085416436,-0.11728614
-0.06035894,-0.033689797,-0.07545011,-0.07951224,-0.11433101,-0.117044546,-0.04447174,-0.18031013,-0.15312676,0.0020370483,-0.24500853,-0.18608439,-0.072624624,-0.25622118,-0.07034492,-0.095109046,-0.39141935,-0.12383011,-0.106791854,-0.48798501,-0.15607145,-0.11231613,-0.5675069,-0.17319797,-0.015570998,-0.25409746,-0.06682344,-0.012732148,-0.4035331,-0.124219425,-0.009454012,-0.512546,-0.15259537,-0.0071256757,-0.5944212,-0.16019996,0.03539878,-0.219517,-0.07300931,0.020774007,-0.24982554,-0.15344498,0.0011076927,-0.1592207,-0.1712561,-0.0068439245,-0.102702975,-0.15886605,0.07378173,-0.1821084,-0.0843763,0.054175377,-0.18856728,-0.15081702,0.030140877,-0.11030555,-0.15912913,0.020065486,-0.061343968,-0.14856121
-0.06099689,-0.035555065,-0.0768708,-0.07912886,-0.11674756,-0.1170361,-0.041974902,-0.18371564,-0.15084688,0.003272593,-0.24818194,-0.18132544,-0.07304442,-0.25592935,-0.07005254,-0.09418845,-0.3888528,-0.12496968,-0.10634112,-0.48651922,-0.15963973,-0.11314988,-0.56610477,-0.17871588,-0.016130805,-0.25384408,-0.065153,-0.012347102,-0.40306318,-0.12366921,-0.008168161,-0.51210225,-0.15416387,-0.00508672,-0.5963224,-0.16322806,0.034900248,-0.21942413,-0.0698524,0.022188008,-0.25073755,-0.15068851,0.0036767125,-0.16042435,-0.16699763,-0.0044924617,-0.10477692,-0.15335551,0.073135614,-0.18091822,-0.080031924,0.05514604,-0.18531328,-0.14720255,0.031840086,-0.106381774,-0.15389107,0.022007883,-0.05823207,-0.1415924
-0.059995532,-0.036388516,-0.0776311,-0.077777326,-0.11617571,-0.1227859,-0.042635918,-0.18072456,-0.16271427,0.0035288334,-0.24459553,-0.19950305,-0.072671175,-0.25572222,-0.07386652,-0.0947091,-0.38751194,-0.13130975,-0.10745478,-0.48439756,-0.16561963,-0.114344835,-0.5637057,-0.18383235,-0.016560555,-0.25016946,-0.07197365,-0.011979699,-0.4018703,-0.13422808,-0.0081682205,-0.51085556,-0.16362646,-0.0059973,-0.59565055,-0.170967,0.03424257,-0.21353865,-0.080087215,0.02201742,-0.24744928,-0.16510461,0.0037164688,-0.15310866,-0.18068025,-0.0041882396,-0.09663081,-0.16566163,0.07319087,-0.17499596,-0.09362196,0.05698508,-0.18627036,-0.16193499,0.03366971,-0.10512376,-0.16742447,0.02286607,-0.055549026,-0.1543895
-0.057966053,-0.033924222,-0.07222296,-0.07628626,-0.11510658,-0.111689374,-0.040345132,-0.18315268,-0.14560612,0.0047751665,-0.24669772,-0.1762624,-0.071926,-0.2542432,-0.070932075,-0.09612799,-0.3896472,-0.12510398,-0.10835433,-0.48529935,-0.15761957,-0.115065634,-0.56458426,-0.1746187,-0.015493989,-0.25359863,-0.067877896,-0.012008905,-0.40316588,-0.12703574,-0.0077910423,-0.51063615,-0.15706113,-0.004293263,-0.59279776,-0.16522421,0.035348177,-0.21976691,-0.073248945,0.021676123,-0.24489915,-0.1531546,0.0028555393,-0.15410936,-0.16787988,-0.0042458177,-0.09872651,-0.15295596,0.073066056,-0.18060541,-0.08345061,0.053679407,-0.18475246,-0.14620246,0.030699968,-0.10726392,-0.14914574,0.021667242,-0.05987233,-0.13450272
-0.06018442,-0.038538575,-0.07575134,-0.07733303,-0.11934662,-0.11677117,-0.041168988,-0.18794668,-0.15233071,0.0064110756,-0.2526449,-0.18450508,-0.075175524,-0.25375897,-0.065211095,-0.09739888,-0.38840228,-0.11974271,-0.10987753,-0.48586494,-0.15253252,-0.116013885,-0.5665488,-0.16958146,-0.017399251,-0.25124115,-0.061384592,-0.011444032,-0.40018284,-0.121193334,-0.006629467,-0.5100848,-0.15035433,-0.0035681725,-0.5951964,-0.15718433,0.033303857,-0.21815991,-0.06763746,0.021106184,-0.2479676,-0.1524141,0.0030664206,-0.1522587,-0.17028071,-0.0042359233,-0.09249586,-0.15588118,0.07108748,-0.18520725,-0.079000406,0.052886307,-0.187226,-0.14922477,0.030681372,-0.10296148,-0.15736568,0.021018147,-0.05063975,-0.145088
-0.058750093,-0.036703885,-0.079412565,-0.07577759,-0.11426765,-0.12293545,-0.041047752,-0.17913544,-0.16055518,0.00492841,-0.24411088,-0.19474503,-0.073732436,-0.2544874,-0.07085413,-0.0973618,-0.38900024,-0.12641001,-0.10910684,-0.4851977,-0.15968953,-0.114690125,-0.5637617,-0.17685017,-0.016688704,-0.25150847,-0.065937184,-0.011685908,-0.40183568,-0.12567344,-0.007079363,-0.5096849,-0.1551863,-0.005082071,-0.59224755,-0.16249946,0.034388483,-0.21731979,-0.07137421,0.022635877,-0.24605513,-0.15471476,0.0051588416,-0.15667814,-0.1735732,-0.0028478503,-0.10365754,-0.16063125,0.07245672,-0.18112844,-0.08224069,0.055882454,-0.18665898,-0.14869918,0.033238888,-0.10921043,-0.15604524,0.02238816,-0.062556684,-0.14435814
