0,1,2,3,4,5,6,7,8,9,10,11,12,13,14,15,16,17,18,19,20,21,22,23,24,25,26,27,28,29,30,31,32,33,34,35,36,37,38,39,40,41,42,43,44,45,46,47,48,49,50,51,52,53,54,55,56,57,58,59
-0.05489099,-0.013888717,-0.047430426,-0.07282534,-0.10001165,-0.07213935,-0.028686285,-0.18289798,-0.08542758,0.019171536,-0.24339771,-0.0995999,-0.11580765,-0.22630113,-0.071532816,-0.15996626,-0.36007386,-0.10588471,-0.18667355,-0.45727354,-0.12979534,-0.20978194,-0.5363544,-0.14676715,-0.063497454,-0.2561533,-0.06469924,-0.07385051,-0.40125495,-0.09908093,-0.08059794,-0.5033169,-0.12231139,-0.09167677,-0.5884265,-0.13443446,-0.010987818,-0.24933302,-0.05918632,0.0005187392,-0.386939,-0.10883334,0.0061585307,-0.48727822,-0.13987888,0.009867907,-0.5713644,-0.15501437,0.03620881,-0.21179092,-0.053324837,0.030032277,-0.25485688,-0.10379139,0.016246855,-0.20368212,-0.11204312,0.01409179,-0.15240657,-0.11018871
-0.04778087,-0.006906569,-0.047936216,-0.072058916,-0.0838933,-0.07223759,-0.032399714,-0.1676256,-0.086663105,0.0092512965,-0.22920477,-0.10068068,-0.11693236,-0.22873616,-0.06372995,-0.16619933,-0.35367233,-0.095655866,-0.19591683,-0.44772762,-0.12010863,-0.22354615,-0.5248622,-0.13862449,-0.067985505,-0.2577402,-0.059911806,-0.08213329,-0.39801407,-0.092868954,-0.0862129,-0.49909285,-0.118272245,-0.09573707,-0.5832978,-0.13324258,-0.01827699,-0.24760067,-0.058173545,-0.0004567504,-0.3776604,-0.10285395,0.0125771165,-0.47731715,-0.13113263,0.019664645,-0.5609844,-0.14592929,0.029460669,-0.2049135,-0.05730779,0.03759408,-0.26541847,-0.10066995,0.030078113,-0.2306366,-0.105131045,0.026563644,-0.18642259,-0.102237664
-0.05315274,-0.006878972,-0.04450281,-0.07803714,-0.08199304,-0.06989667,-0.034592807,-0.15883034,-0.08647268,0.014427364,-0.20994854,-0.10349289,-0.11780065,-0.22476941,-0.064854935,-0.16558123,-0.35082328,-0.097648345,-0.1946832,-0.44522446,-0.12302953,-0.21939129,-0.5221733,-0.14243859,-0.06376892,-0.25244105,-0.062192407,-0.075805336,-0.39119768,-0.0940272,-0.07902488,-0.49293223,-0.11980112,-0.087136716,-0.57748216,-0.13608384,-0.010032892,-0.24109,-0.06116459,0.005574882,-0.37664998,-0.105538405,0.017009854,-0.47447956,-0.13668057,0.023471475,-0.5555928,-0.15440132,0.03911686,-0.19904035,-0.060358338,0.048384964,-0.2549302,-0.10587369,0.04049945,-0.22085041,-0.11440115,0.037127852,-0.17954129,-0.11477677
-0.056732,-0.008543968,-0.042526133,-0.08711779,-0.083887935,-0.06760001,-0.058702707,-0.15669984,-0.08416224,-0.020166457,-0.20138335,-0.101647645,-0.11233446,-0.22699434,-0.06891884,-0.15784532,-0.35121208,-0.103788026,-0.18736997,-0.44469744,-0.13093032,-0.21341932,-0.520771,-0.15129751,-0.05793202,-0.25470126,-0.06761737,-0.07002005,-0.3941486,-0.10080325,-0.07466665,-0.4993138,-0.12757128,-0.084402025,-0.5836052,-0.14440125,-0.0032441616,-0.24176389,-0.06740634,0.017841637,-0.3733657,-0.110517904,0.031804323,-0.4705568,-0.1409125,0.038995266,-0.5487157,-0.15844946,0.045823514,-0.19857353,-0.06749594,0.0581097,-0.24570328,-0.11251014,0.04918641,-0.21055204,-0.12129272,0.043955147,-0.16946322,-0.12178591
-0.05310163,0.0015536547,-0.054176442,-0.08057392,-0.042885303,-0.09207815,-0.06721482,-0.09185076,-0.120121375,-0.05596289,-0.13033068,-0.14851142,-0.108899236,-0.2194922,-0.08695525,-0.15301436,-0.34372538,-0.12963828,-0.18186122,-0.43664438,-0.16269001,-0.20548305,-0.5151514,-0.18568212,-0.051987708,-0.24581224,-0.08234185,-0.060463488,-0.38424546,-0.120986745,-0.06112382,-0.4889732,-0.15170327,-0.06713012,-0.5749105,-0.17088768,0.0042042136,-0.23388451,-0.07912332,0.020678043,-0.36429936,-0.12661907,0.034632742,-0.4607307,-0.1597415,0.042488158,-0.540115,-0.17895007,0.054076254,-0.19195384,-0.076845616,0.06818855,-0.23607826,-0.12216426,0.060314775,-0.19932312,-0.12989336,0.055955946,-0.15474838,-0.12965874
-0.06727961,-0.021420717,-0.03549102,-0.08953297,-0.08841354,-0.063564144,-0.0601919,-0.14289612,-0.083535984,-0.024805486,-0.17356545,-0.1048253,-0.1034908,-0.21030831,-0.079408854,-0.14532399,-0.3371197,-0.11933454,-0.17499521,-0.4284175,-0.14699006,-0.19685245,-0.5035747,-0.1654064,-0.04404813,-0.23575312,-0.07792807,-0.053560436,-0.37712777,-0.11631572,-0.057975203,-0.48084557,-0.14244395,-0.06535071,-0.56232476,-0.15726145,0.017433941,-0.22425455,-0.07512758,0.03441143,-0.3596592,-0.12179827,0.045835555,-0.46068677,-0.1532557,0.052310407,-0.5385089,-0.16967577,0.06726128,-0.18238139,-0.070674576,0.080082476,-0.22382796,-0.111743756,0.06658465,-0.18929023,-0.11756061,0.060082078,-0.1460141,-0.11565186
-0.05894947,-0.0126770735,-0.04040107,-0.0818699,-0.0683049,-0.073137894,-0.05689162,-0.111287296,-0.09742062,-0.023324966,-0.13473618,-0.12280606,-0.09478298,-0.21152347,-0.085967585,-0.13737264,-0.34016037,-0.12649521,-0.16670316,-0.43317616,-0.15466665,-0.18922687,-0.51131546,-0.1735236,-0.038268328,-0.23495471,-0.08385818,-0.05099392,-0.3785321,-0.12309502,-0.0557985,-0.48233417,-0.14945799,-0.06416577,-0.5651194,-0.16436084,0.01907754,-0.22189403,-0.08066427,0.03854096,-0.35511792,-0.12696396,0.05344081,-0.4520356,-0.15599449,0.06141913,-0.5280368,-0.17054667,0.066942155,-0.17981261,-0.07658664,0.08299881,-0.22871,-0.11448998,0.07244754,-0.191463,-0.116379164,0.06765711,-0.14416158,-0.11205896
-0.059900314,-0.008556247,-0.04581123,-0.084613174,-0.048527718,-0.084534995,-0.07002556,-0.07375878,-0.115479305,-0.045764387,-0.089969575,-0.14830309,-0.09033117,-0.21253592,-0.09296528,-0.13282186,-0.3452124,-0.13732876,-0.16035604,-0.44052058,-0.169149,-0.1822623,-0.52072144,-0.19130845,-0.032944202,-0.23445374,-0.09282447,-0.0428102,-0.37574017,-0.1327861,-0.047669113,-0.47761148,-0.16060781,-0.058217943,-0.5621466,-0.1779649,0.02247423,-0.21662962,-0.09287384,0.044175446,-0.35206902,-0.13791336,0.05792743,-0.44873655,-0.16750064,0.064722,-0.52654946,-0.18483536,0.068071246,-0.16880411,-0.09324892,0.088713765,-0.21485448,-0.13564861,0.083298564,-0.19319695,-0.14328195,0.081008315,-0.16374004,-0.14349212
-0.06189403,-0.021891356,-0.035199013,-0.07986686,-0.08384329,-0.0650922,-0.054465175,-0.13021761,-0.08779207,-0.019797385,-0.1559496,-0.112065524,-0.0860481,-0.21408087,-0.08239893,-0.12895879,-0.3482312,-0.122345805,-0.15720859,-0.44368085,-0.14957474,-0.18022752,-0.5213052,-0.16765486,-0.02896297,-0.23630053,-0.083349355,-0.03928572,-0.38259876,-0.12051152,-0.045975983,-0.48848915,-0.14544562,-0.057904124,-0.57228696,-0.1597041,0.026128113,-0.22084558,-0.08310268,0.04811257,-0.3564433,-0.12636003,0.06267297,-0.45610943,-0.15419932,0.06945425,-0.53200614,-0.16871953,0.071136594,-0.17592967,-0.081837766,0.09020138,-0.225757,-0.11943917,0.08304733,-0.20340258,-0.122930564,0.0790441,-0.16855478,-0.119700246
-0.06393424,-0.052488327,-0.008608984,-0.06894204,-0.14373392,-0.026446624,-0.028756201,-0.21125668,-0.036723487,0.017685235,-0.25378984,-0.049368884,-0.08595136,-0.22549993,-0.08732703,-0.11986703,-0.36044854,-0.12561353,-0.15205315,-0.45144433,-0.14871295,-0.1733886,-0.524662,-0.16343814,-0.02851957,-0.24190432,-0.093905024,-0.040521383,-0.39494264,-0.14713357,-0.051725715,-0.50681543,-0.18088844,-0.06331688,-0.5929015,-0.19986331,0.028247297,-0.22860456,-0.0923567,0.050503552,-0.3799215,-0.14129624,0.058375835,-0.4812538,-0.168353,0.063424826,-0.55857706,-0.18085957,0.07246494,-0.19229293,-0.08551639,0.08425778,-0.23915184,-0.11582034,0.06996751,-0.20203906,-0.113636576,0.06075442,-0.16332692,-0.107475944
-0.062547475,-0.0502975,-0.02080822,-0.068308175,-0.14400786,-0.041750453,-0.021661937,-0.20697796,-0.053986233,0.027455568,-0.2466439,-0.06834641,-0.082796484,-0.22970468,-0.08880691,-0.11954862,-0.36457193,-0.12801288,-0.14907694,-0.4552304,-0.15255314,-0.17010665,-0.52984715,-0.1688924,-0.024227917,-0.24493235,-0.09387142,-0.03752905,-0.39610052,-0.14663313,-0.04760313,-0.5063789,-0.18145129,-0.05933863,-0.5951866,-0.20122272,0.031554103,-0.22923315,-0.09338644,0.053220987,-0.37270522,-0.14734213,0.064724684,-0.47305125,-0.17866187,0.07161975,-0.5530907,-0.19326192,0.076755464,-0.18885523,-0.0889105,0.085350215,-0.23754132,-0.12680379,0.07119107,-0.19921738,-0.12786898,0.061442077,-0.15621644,-0.12340377
-0.062547475,-0.0502975,-0.02080822,-0.068308175,-0.14400786,-0.041750453,-0.021661937,-0.20697796,-0.053986233,0.027455568,-0.2466439,-0.06834641,-0.082796484,-0.22970468,-0.08880691,-0.11954862,-0.36457193,-0.12801288,-0.14907694,-0.4552304,-0.15255314,-0.17010665,-0.52984715,-0.1688924,-0.024227917,-0.24493235,-0.09387142,-0.03752905,-0.39610052,-0.14663313,-0.04760313,-0.5063789,-0.18145129,-0.05933863,-0.5951866,-0.20122272,0.031554103,-0.22923315,-0.09338644,0.053220987,-0.37270522,-0.14734213,0.064724684,-0.47305125,-0.17866187,0.07161975,-0.5530907,-0.19326192,0.076755464,-0.18885523,-0.0889105,0.085350215,-0.23754132,-0.12680379,0.07119107,-0.19921738,-0.12786898,0.061442077,-0.15621644,-0.12340377
-0.06569058,-0.059949398,-0.010344789,-0.08024016,-0.1540348,-0.026752664,-0.047431946,-0.21692717,-0.036276303,-0.008177161,-0.25201035,-0.048011232,-0.07678449,-0.22562921,-0.08208766,-0.11145264,-0.363249,-0.11974261,-0.13778704,-0.45628813,-0.14141254,-0.15756238,-0.53219545,-0.15397972,-0.019991994,-0.23806417,-0.08929284,-0.030837059,-0.3935644,-0.1373416,-0.039093256,-0.50737095,-0.16552441,-0.0484671,-0.597257,-0.17989102,0.033316314,-0.22233218,-0.09011275,0.054602325,-0.36456245,-0.14092618,0.06700629,-0.46520317,-0.16770732,0.075710595,-0.5423458,-0.17775522,0.078384936,-0.18464881,-0.085910305,0.0908227,-0.24121976,-0.117253125,0.079254866,-0.20623666,-0.11242607,0.07141155,-0.16229111,-0.10365326
-0.055888534,-0.030783832,-0.038018562,-0.06973311,-0.11679715,-0.06504785,-0.038355887,-0.18686825,-0.08288898,-0.0029764175,-0.23779124,-0.10206481,-0.08493331,-0.2349742,-0.08182118,-0.11820006,-0.36786133,-0.11772841,-0.14144659,-0.46139693,-0.14050153,-0.16204304,-0.53786546,-0.15647188,-0.02839595,-0.25271595,-0.08293998,-0.04008472,-0.39969206,-0.12916303,-0.04445249,-0.5084528,-0.1596743,-0.053678155,-0.6001116,-0.17639531,0.023957431,-0.23523003,-0.082444355,0.045927286,-0.37059575,-0.13464338,0.061192214,-0.46880388,-0.16350023,0.06960285,-0.5486871,-0.17692581,0.0685249,-0.19152725,-0.08064345,0.08322948,-0.24556446,-0.12256214,0.07423657,-0.21372503,-0.12528272,0.06781119,-0.17306304,-0.12137188
-0.062243998,-0.029254794,-0.03581825,-0.08066973,-0.11559391,-0.060669255,-0.04788935,-0.18586433,-0.07664998,-0.010478795,-0.2344628,-0.093872145,-0.09202385,-0.24052626,-0.07657714,-0.12642199,-0.3718536,-0.111788094,-0.14815521,-0.4634251,-0.13435079,-0.16683418,-0.5386397,-0.15005009,-0.03358525,-0.25893778,-0.07822474,-0.04492104,-0.40412417,-0.124283984,-0.049438894,-0.5098562,-0.15379098,-0.05977881,-0.60055363,-0.16909562,0.019523084,-0.24155432,-0.07858942,0.038183987,-0.37502867,-0.13098082,0.051108122,-0.4736133,-0.16016331,0.0568313,-0.55518925,-0.17306821,0.06530529,-0.19760668,-0.077580474,0.07996136,-0.25126022,-0.11826482,0.072447896,-0.21700364,-0.12050494,0.06692022,-0.1743058,-0.11612553
-0.0628137,-0.023281336,-0.03714703,-0.08492601,-0.105897605,-0.0616065,-0.054658055,-0.17488998,-0.07721154,-0.023822129,-0.22258717,-0.094279334,-0.096726805,-0.23969471,-0.076006286,-0.12954262,-0.3718955,-0.11184901,-0.1510615,-0.46564114,-0.13582544,-0.16941276,-0.54287636,-0.15253364,-0.038174212,-0.26060355,-0.07744008,-0.050789177,-0.40640098,-0.12255372,-0.055022895,-0.515226,-0.15250756,-0.0643698,-0.6085393,-0.16838117,0.014768183,-0.24385971,-0.07789546,0.034258068,-0.37597507,-0.12951045,0.047466934,-0.47382915,-0.15910919,0.053510964,-0.5548315,-0.17266469,0.060434103,-0.19894165,-0.07737502,0.07656002,-0.2517408,-0.11946955,0.06976551,-0.2198044,-0.1231118,0.06405926,-0.18058282,-0.11949478
-0.04959947,-0.008116603,-0.051877923,-0.06318289,-0.08556646,-0.07936783,-0.017632961,-0.16337383,-0.095589854,0.023260117,-0.22445619,-0.11225981,-0.10579896,-0.24607754,-0.07373352,-0.1405102,-0.38254082,-0.105376095,-0.16075575,-0.4767748,-0.12766792,-0.17874247,-0.5534415,-0.14415991,-0.05049324,-0.26855004,-0.06958643,-0.06470066,-0.41691303,-0.10763133,-0.06940937,-0.52382684,-0.13647573,-0.078665316,-0.61635876,-0.15310588,-0.00067317486,-0.25234145,-0.06711091,0.01746893,-0.38833398,-0.116702095,0.03101325,-0.4860984,-0.1502212,0.038116574,-0.57065684,-0.16794306,0.044807017,-0.20653427,-0.06511872,0.059832394,-0.262595,-0.110899374,0.056972206,-0.23051822,-0.119277954,0.053555787,-0.19069302,-0.11927106
-0.04959947,-0.008116603,-0.051877923,-0.06318289,-0.08556646,-0.07936783,-0.017632961,-0.16337383,-0.095589854,0.023260117,-0.22445619,-0.11225981,-0.10579896,-0.24607754,-0.07373352,-0.1405102,-0.38254082,-0.105376095,-0.16075575,-0.4767748,-0.12766792,-0.17874247,-0.5534415,-0.14415991,-0.05049324,-0.26855004,-0.06958643,-0.06470066,-0.41691303,-0.10763133,-0.06940937,-0.52382684,-0.13647573,-0.078665316,-0.61635876,-0.15310588,-0.00067317486,-0.25234145,-0.06711091,0.01746893,-0.38833398,-0.116702095,0.03101325,-0.4860984,-0.1502212,0.038116574,-0.57065684,-0.16794306,0.044807017,-0.20653427,-0.06511872,0.059832394,-0.262595,-0.110899374,0.056972206,-0.23051822,-0.119277954,0.053555787,-0.19069302,-0.11927106
-0.047269702,-0.0075709224,-0.049763523,-0.061222315,-0.08890653,-0.074493475,-0.013682365,-0.16728437,-0.088411,0.029046893,-0.22744471,-0.10302651,-0.108529866,-0.24506104,-0.06896956,-0.14216894,-0.3807273,-0.099213056,-0.16057631,-0.4755798,-0.12184355,-0.17868069,-0.55418086,-0.1389021,-0.05376637,-0.26618123,-0.06590638,-0.06458461,-0.41156515,-0.10031577,-0.06799775,-0.51786506,-0.12829147,-0.07722741,-0.6113043,-0.14506073,-0.004774928,-0.2498622,-0.06472608,0.011890054,-0.38235414,-0.11153333,0.024851322,-0.47947282,-0.14489122,0.031290114,-0.56470966,-0.16337888,0.040316522,-0.20518023,-0.06419917,0.05347061,-0.2560405,-0.10878574,0.051049113,-0.22213745,-0.11711726,0.04923284,-0.18290573,-0.117576055
-0.05053675,-0.015785456,-0.052139223,-0.06275892,-0.10409504,-0.07290998,-0.011341333,-0.18446642,-0.08265513,0.03592956,-0.23917425,-0.09284142,-0.10550931,-0.25718772,-0.05935874,-0.13675332,-0.39391613,-0.08741091,-0.15454483,-0.49079132,-0.108920746,-0.17122668,-0.56961906,-0.12512974,-0.05050677,-0.27676016,-0.05559992,-0.059549928,-0.4218095,-0.0867092,-0.062586546,-0.526869,-0.11353763,-0.06975222,-0.6198771,-0.12935069,-0.0024288893,-0.26153296,-0.05525205,0.013892651,-0.39412314,-0.10148144,0.026050448,-0.49160042,-0.13686351,0.033220828,-0.57897294,-0.15649572,0.041898727,-0.21531701,-0.05625986,0.05159563,-0.2672196,-0.10227939,0.049646437,-0.23017025,-0.112385824,0.04906982,-0.18753946,-0.11378419
-0.04998505,-0.016318023,-0.048464242,-0.06187266,-0.10786176,-0.0681369,-0.008952737,-0.18643796,-0.07708268,0.03769529,-0.24153125,-0.086937755,-0.103095144,-0.25698477,-0.059647184,-0.13134953,-0.3953184,-0.08606924,-0.1474396,-0.49221587,-0.10588416,-0.16265354,-0.5710683,-0.12109193,-0.0487504,-0.27590626,-0.05653798,-0.054622054,-0.42038321,-0.087282896,-0.055522382,-0.52497065,-0.113581516,-0.0600155,-0.6159415,-0.12897925,-0.000996232,-0.26032406,-0.055987183,0.017092288,-0.39399654,-0.101894855,0.029405534,-0.4915173,-0.13717757,0.038033128,-0.5772202,-0.15696684,0.042732,-0.21585369,-0.0561342,0.050537586,-0.25948602,-0.10217291,0.046233833,-0.2183032,-0.11251566,0.045782983,-0.17380738,-0.114252836
-0.053555846,-0.022199154,-0.038808722,-0.07093787,-0.1155895,-0.057069704,-0.027855873,-0.18913329,-0.06669948,0.009693205,-0.23927474,-0.078066595,-0.080243945,-0.27051365,-0.058535263,-0.10095811,-0.41088754,-0.08515259,-0.108000636,-0.5098585,-0.10425763,-0.116383195,-0.5925226,-0.11926664,-0.021782517,-0.28413153,-0.059365563,-0.0119380355,-0.42973563,-0.092245854,-0.005417049,-0.53263986,-0.117603816,-0.0058176517,-0.62526214,-0.13195163,0.026559412,-0.2606007,-0.061059833,0.054076433,-0.39060193,-0.10682923,0.06859726,-0.4881413,-0.13845462,0.079758465,-0.57349885,-0.15559882,0.065947175,-0.2075153,-0.06255118,0.06294978,-0.25370634,-0.108992234,0.047193885,-0.20827186,-0.1171249,0.040973365,-0.16000545,-0.11703855
-0.052991033,-0.021440625,-0.041465342,-0.06896144,-0.11044699,-0.06392427,-0.025146604,-0.17837918,-0.07698076,0.016722202,-0.22439843,-0.0918798,-0.06899607,-0.26978213,-0.069413096,-0.09042269,-0.40965858,-0.098114036,-0.0988197,-0.50886095,-0.11768807,-0.107699394,-0.59157336,-0.1330062,-0.009979188,-0.2817282,-0.07005533,0.00016760826,-0.43024927,-0.10478642,0.006162524,-0.53537536,-0.13108762,0.00638175,-0.6282604,-0.14638597,0.03730297,-0.25596833,-0.07108786,0.0651924,-0.38455522,-0.11840935,0.07933611,-0.48509467,-0.15265608,0.09099561,-0.5691066,-0.17196497,0.07472402,-0.20157295,-0.07177862,0.068868816,-0.24191117,-0.120059215,0.04948753,-0.20002156,-0.13096912,0.040053308,-0.15220118,-0.1330099
-0.05220419,-0.026062548,-0.04317169,-0.066159785,-0.11523789,-0.06536165,-0.01684761,-0.1789642,-0.07889535,0.031377733,-0.2205956,-0.095286265,-0.066832304,-0.27537018,-0.064830355,-0.08240393,-0.41577357,-0.09659461,-0.09180635,-0.51705205,-0.1196538,-0.100403726,-0.6012776,-0.13695656,-0.009835064,-0.28600067,-0.06685065,0.00041294098,-0.43503076,-0.10042257,0.007556498,-0.5448383,-0.12769894,0.012476802,-0.6409544,-0.14372891,0.037486553,-0.2593341,-0.07056616,0.063604,-0.3861261,-0.11978856,0.076919615,-0.48606443,-0.1576093,0.09217447,-0.57246804,-0.17943987,0.076520324,-0.20250595,-0.07437298,0.06628007,-0.23079526,-0.12697569,0.046693802,-0.18357837,-0.1409841,0.04027641,-0.13499647,-0.14475055
-0.052177966,-0.027361095,-0.044400558,-0.06658876,-0.12131339,-0.06432883,-0.018996894,-0.18993104,-0.07608239,0.03461361,-0.23471493,-0.09039844,-0.06779832,-0.2822017,-0.052457344,-0.08627528,-0.4221192,-0.08299621,-0.09279373,-0.52330804,-0.106974006,-0.09913206,-0.6094456,-0.1254412,-0.010661006,-0.29175496,-0.05564242,-2.2768974e-05,-0.437792,-0.0855297,0.005141616,-0.5457667,-0.11218011,0.007690847,-0.6418941,-0.12799619,0.036334395,-0.2648974,-0.06218595,0.06088102,-0.39010805,-0.10896458,0.0719406,-0.4912979,-0.14631063,0.085113645,-0.58193684,-0.1684639,0.07458359,-0.20660412,-0.069765165,0.062607765,-0.23410171,-0.12426942,0.042206526,-0.17831856,-0.13878247,0.035474718,-0.12380326,-0.14244811
-0.053772688,-0.02925092,-0.0452791,-0.068087935,-0.124468386,-0.06548422,-0.019923091,-0.19160736,-0.07743405,0.031963706,-0.2388202,-0.09223669,-0.069102824,-0.28768313,-0.053140428,-0.08830145,-0.4287029,-0.083985336,-0.09566957,-0.5295999,-0.10813673,-0.10296801,-0.61595774,-0.12687628,-0.012000084,-0.29647082,-0.056809615,-0.0028890371,-0.44514036,-0.08931316,0.0032788515,-0.5530132,-0.11711051,0.0062868,-0.6502112,-0.13317543,0.034557104,-0.2698787,-0.06408939,0.05701983,-0.3973623,-0.11419568,0.06815457,-0.49826494,-0.15249936,0.08123112,-0.5912397,-0.17464754,0.07321286,-0.21239656,-0.07232596,0.0625872,-0.24468172,-0.12858877,0.04389608,-0.18517578,-0.14238909,0.038213313,-0.12722075,-0.14535178
-0.053697586,-0.030619621,-0.043178566,-0.06810391,-0.12793744,-0.061042927,-0.018705904,-0.19696206,-0.07158884,0.036649883,-0.2366203,-0.084988706,-0.07189363,-0.28450334,-0.047268365,-0.093361646,-0.42601973,-0.07618278,-0.1020965,-0.52676547,-0.09964698,-0.10997656,-0.6113229,-0.11805651,-0.015703797,-0.29405725,-0.051216196,-0.010006964,-0.4415639,-0.079513505,-0.0054159164,-0.5510609,-0.10650856,-0.003142655,-0.64656687,-0.12312358,0.030877411,-0.26866347,-0.058922186,0.050754786,-0.39962238,-0.10484834,0.0598076,-0.5008034,-0.14379734,0.07062709,-0.59085786,-0.16755593,0.070432484,-0.21284825,-0.06770933,0.058845222,-0.24653482,-0.12229233,0.041088343,-0.19346291,-0.13843432,0.03532803,-0.14016587,-0.14371137
-0.056362033,-0.032637954,-0.05142527,-0.06777537,-0.1290915,-0.07231511,-0.015825748,-0.1949076,-0.084812775,0.040446877,-0.2335248,-0.10013524,-0.07386422,-0.28434896,-0.050165772,-0.09608841,-0.42368776,-0.082224265,-0.10593605,-0.5237663,-0.108668394,-0.11287132,-0.6082569,-0.12892549,-0.016707838,-0.29516923,-0.05141702,-0.010980129,-0.4406675,-0.0813251,-0.0063531995,-0.54903257,-0.109867476,-0.0034732223,-0.64374685,-0.12727946,0.030713916,-0.27080554,-0.05783404,0.049898684,-0.39694458,-0.10638617,0.057037175,-0.49888307,-0.14846444,0.066426456,-0.5914579,-0.17436945,0.069006324,-0.21655792,-0.066328876,0.05979073,-0.23790675,-0.12534618,0.04343331,-0.17637175,-0.14458703,0.03961146,-0.11905396,-0.151651
-0.05625105,-0.034724236,-0.05037163,-0.07014316,-0.13379228,-0.069397405,-0.017637134,-0.19871825,-0.0799898,0.039440155,-0.2344976,-0.09303139,-0.07565904,-0.28752333,-0.046486665,-0.099065125,-0.42650032,-0.07659184,-0.110003084,-0.52738416,-0.10145214,-0.11766416,-0.6118022,-0.12076737,-0.01850295,-0.29781705,-0.047329325,-0.012822926,-0.44150388,-0.074928835,-0.009300828,-0.5482986,-0.10258151,-0.0071772933,-0.64229685,-0.11991406,0.028883636,-0.27383685,-0.053528573,0.047438025,-0.39890087,-0.1002503,0.05401075,-0.49959135,-0.14210567,0.062321305,-0.59234244,-0.16819458,0.067827284,-0.22049952,-0.06179696,0.055589974,-0.24525738,-0.11966284,0.037766278,-0.18478131,-0.13905598,0.031731248,-0.1295945,-0.14662582
-0.05377066,-0.026450932,-0.047264848,-0.0718655,-0.11938226,-0.06719473,-0.022240162,-0.1877715,-0.079100564,0.033697665,-0.22569215,-0.0931034,-0.07975322,-0.2781701,-0.050428532,-0.10753286,-0.4162299,-0.07866664,-0.12030581,-0.5163593,-0.1005687,-0.13195747,-0.59971505,-0.117732085,-0.023437142,-0.29150516,-0.052209895,-0.01952076,-0.4359824,-0.08068706,-0.019940078,-0.5427228,-0.10744808,-0.022938192,-0.6375131,-0.12367389,0.02380675,-0.26865906,-0.05791895,0.044184566,-0.39594144,-0.103954464,0.049750984,-0.4954507,-0.14292724,0.055729747,-0.58505046,-0.16615438,0.064745665,-0.21453887,-0.0650583,0.05844307,-0.24917495,-0.11921785,0.04447007,-0.19558603,-0.13517343,0.03948909,-0.14295572,-0.1401237
-0.053401947,-0.023900032,-0.046731547,-0.07094604,-0.11379331,-0.068472415,-0.025483906,-0.18332696,-0.08179598,0.027124286,-0.22671151,-0.096965745,-0.08046436,-0.271127,-0.05399702,-0.109164804,-0.40965086,-0.08305692,-0.122594744,-0.50783175,-0.10446404,-0.13434404,-0.5890567,-0.12104948,-0.024151444,-0.2845376,-0.055420615,-0.022654235,-0.43110338,-0.08646515,-0.022910476,-0.5363632,-0.1134815,-0.025691986,-0.62895846,-0.12935954,0.023319066,-0.2622127,-0.060275685,0.039337873,-0.39061743,-0.108119436,0.044981778,-0.48851508,-0.14591816,0.05160904,-0.5754265,-0.16784833,0.06443232,-0.20994031,-0.06615344,0.05684215,-0.24328506,-0.119566046,0.044788063,-0.18940043,-0.13413724,0.04227811,-0.13633734,-0.13818777
-0.050566137,-0.018915713,-0.051792227,-0.06811911,-0.10461372,-0.0746969,-0.021435082,-0.17498177,-0.08860798,0.030683696,-0.22290659,-0.10461335,-0.08639455,-0.26357108,-0.056132898,-0.11879793,-0.39887002,-0.08656293,-0.13566878,-0.49824473,-0.10963027,-0.15027606,-0.58118343,-0.12770732,-0.033463717,-0.28084671,-0.05605597,-0.035324275,-0.4230318,-0.08613636,-0.03726262,-0.5275084,-0.11327795,-0.04080677,-0.6207413,-0.12966567,0.012273431,-0.26032966,-0.060223732,0.026505768,-0.39034742,-0.109950885,0.031139612,-0.48836368,-0.14962862,0.03652525,-0.5774764,-0.17325301,0.053556502,-0.20782328,-0.06588192,0.049947143,-0.23602849,-0.12482022,0.041722417,-0.1782288,-0.14277698,0.04200524,-0.12506628,-0.14881907
-0.05277145,-0.019554079,-0.054991003,-0.06932908,-0.102660656,-0.080043204,-0.019865632,-0.17263043,-0.095287,0.031756043,-0.2200368,-0.11230959,-0.08965123,-0.26231533,-0.06084831,-0.120847285,-0.39547813,-0.09204953,-0.13921511,-0.49319568,-0.11550166,-0.15640125,-0.5758823,-0.13363644,-0.03711617,-0.2805909,-0.058819856,-0.039563477,-0.42300195,-0.09088808,-0.04137081,-0.5281854,-0.11881724,-0.045913696,-0.62147874,-0.13529758,0.009295881,-0.26208526,-0.060912583,0.022010326,-0.38904822,-0.110950164,0.028196692,-0.48879385,-0.15017174,0.03438586,-0.57857,-0.17287454,0.05131066,-0.21280503,-0.06479082,0.0496853,-0.24498367,-0.12100628,0.04418713,-0.18909854,-0.13689305,0.04616779,-0.1352464,-0.14154722
-0.052450955,-0.018726528,-0.05690832,-0.069253266,-0.10504043,-0.08257682,-0.020312548,-0.17438644,-0.097820446,0.032951534,-0.22021472,-0.11478487,-0.08787653,-0.2630269,-0.063486286,-0.11838412,-0.3968283,-0.09543476,-0.13691854,-0.49432614,-0.11885946,-0.15381736,-0.5769466,-0.136658,-0.035778165,-0.2807904,-0.060443617,-0.038432837,-0.42411286,-0.09428301,-0.040488005,-0.5297538,-0.12258117,-0.045418084,-0.6247504,-0.13864948,0.01040864,-0.2633263,-0.061520427,0.025527,-0.38955766,-0.11323748,0.03193432,-0.48889616,-0.15243557,0.037882328,-0.579926,-0.1744046,0.052185178,-0.2148844,-0.064453565,0.051789045,-0.24434465,-0.12116827,0.04516393,-0.1844567,-0.13619138,0.04673177,-0.12742347,-0.1398431
-0.050382674,-0.02198416,-0.043890435,-0.06694341,-0.11189717,-0.06315969,-0.022383511,-0.18306112,-0.0748721,0.027767718,-0.23113054,-0.088804916,-0.09019995,-0.26509804,-0.048616033,-0.12348366,-0.4015207,-0.07550048,-0.14082634,-0.49999923,-0.09507908,-0.15625715,-0.5809002,-0.110378325,-0.037235737,-0.28333676,-0.051443692,-0.04044795,-0.42739785,-0.08073391,-0.04207307,-0.5330632,-0.106350906,-0.04647684,-0.6256416,-0.120983645,0.009045184,-0.26619428,-0.05776791,0.023772955,-0.39532924,-0.1051932,0.029675007,-0.49609762,-0.14334755,0.035120845,-0.5858606,-0.16565633,0.050605297,-0.21757364,-0.06497634,0.050911427,-0.24781513,-0.11882492,0.04474491,-0.1916619,-0.13373874,0.045924187,-0.13676548,-0.13803227
-0.050214052,-0.024823427,-0.0508986,-0.064136684,-0.117770314,-0.07166973,-0.0157516,-0.18823135,-0.08374793,0.03705281,-0.23147511,-0.097990826,-0.089493096,-0.26820183,-0.050571106,-0.12079385,-0.40529042,-0.07890098,-0.13898158,-0.5038767,-0.099859186,-0.15404871,-0.5851429,-0.11587602,-0.036135554,-0.2863233,-0.050335847,-0.03886074,-0.43050742,-0.08033651,-0.04112959,-0.53583413,-0.10691702,-0.04597783,-0.6292002,-0.121834055,0.010707319,-0.2706777,-0.054581445,0.026428461,-0.39883602,-0.10340213,0.031129956,-0.4999194,-0.14375623,0.03542745,-0.5926883,-0.16733058,0.051738024,-0.2237575,-0.06050809,0.053721607,-0.24651676,-0.11649874,0.04723227,-0.18356204,-0.13311511,0.048654735,-0.12490916,-0.13830654
-0.05013275,-0.022850275,-0.05515211,-0.06487328,-0.11325848,-0.07730455,-0.015755415,-0.18620104,-0.089689635,0.037186563,-0.22886086,-0.10392903,-0.0892086,-0.26603043,-0.056004558,-0.12143332,-0.4011793,-0.086380154,-0.14021245,-0.49982166,-0.10913649,-0.15609205,-0.58132637,-0.12630221,-0.035471857,-0.28247994,-0.05388846,-0.038655996,-0.4264439,-0.08587374,-0.04127294,-0.5318688,-0.11323751,-0.046324313,-0.62570393,-0.1285676,0.011707127,-0.26425213,-0.056412134,0.02751273,-0.39261806,-0.10630981,0.031615555,-0.49104548,-0.14513221,0.035197973,-0.5820354,-0.1669881,0.053124905,-0.21423584,-0.061026815,0.053322077,-0.24635804,-0.11674755,0.04532087,-0.18751198,-0.13165314,0.045125008,-0.13102692,-0.13526882
-0.047290087,-0.017848134,-0.048238106,-0.06421304,-0.10465366,-0.069892734,-0.02031535,-0.18056655,-0.08287779,0.030765831,-0.22965086,-0.09776761,-0.09257361,-0.25824416,-0.05721091,-0.12522739,-0.3956195,-0.088542886,-0.14371294,-0.4958931,-0.11151234,-0.16016585,-0.5789037,-0.12883283,-0.039527655,-0.27617282,-0.058430865,-0.04407412,-0.422979,-0.09158559,-0.047620952,-0.5327552,-0.119233504,-0.054162383,-0.63056934,-0.1349932,0.0077527165,-0.25927567,-0.06301734,0.021674037,-0.38972878,-0.113142416,0.02636218,-0.4895112,-0.15084599,0.029853344,-0.57933086,-0.17193373,0.050261497,-0.21015728,-0.06881153,0.050175965,-0.24516416,-0.12377932,0.042938948,-0.19109571,-0.13778149,0.0429551,-0.13785535,-0.14076422
-0.04997343,-0.021883726,-0.051500108,-0.065859795,-0.11249173,-0.07208215,-0.018738627,-0.18818218,-0.08350682,0.03321898,-0.23516136,-0.09694693,-0.09622368,-0.26505303,-0.05336379,-0.12713805,-0.4008301,-0.083826885,-0.14507508,-0.5009487,-0.10756546,-0.16082084,-0.5834965,-0.12534694,-0.04212612,-0.28324068,-0.052930374,-0.046077073,-0.42731717,-0.08344595,-0.048348784,-0.5353067,-0.11047078,-0.05307418,-0.631911,-0.12585546,0.0066400766,-0.26673138,-0.056815766,0.02012384,-0.39585012,-0.10559257,0.023877203,-0.49577472,-0.14404726,0.026823282,-0.5879725,-0.1658661,0.050634384,-0.21691424,-0.06247103,0.05067718,-0.250844,-0.11787845,0.043869495,-0.1919033,-0.13214977,0.044210672,-0.13571966,-0.13509749
-0.048389494,-0.018770933,-0.05938642,-0.062100172,-0.10841447,-0.083506465,-0.015941799,-0.18580902,-0.09662811,0.034350157,-0.23935884,-0.11144274,-0.09753984,-0.26648033,-0.060996715,-0.12745526,-0.40074778,-0.09479347,-0.14584824,-0.5010481,-0.12122908,-0.16183606,-0.58465546,-0.14046367,-0.043505132,-0.2857625,-0.056982923,-0.048170567,-0.42918563,-0.08866742,-0.051200867,-0.5367849,-0.11598633,-0.057301342,-0.63368756,-0.13126817,0.0058945417,-0.26980883,-0.0580283,0.019718885,-0.39627045,-0.10850542,0.023146093,-0.4960606,-0.14786388,0.025974572,-0.5901731,-0.17021364,0.049528062,-0.22045255,-0.061557412,0.05246651,-0.24348247,-0.119727574,0.045969427,-0.17893004,-0.13556138,0.047597706,-0.12058616,-0.13913885
-0.05080068,-0.017310023,-0.059791658,-0.06673926,-0.105592966,-0.084481835,-0.02068603,-0.18421656,-0.09808073,0.030604124,-0.23821914,-0.11318173,-0.09816685,-0.26832718,-0.06182923,-0.12860209,-0.401918,-0.095734425,-0.14790714,-0.5017393,-0.12249626,-0.16461784,-0.5845022,-0.14216697,-0.044561267,-0.2873413,-0.05745125,-0.050547063,-0.4297213,-0.08953099,-0.052876532,-0.53631574,-0.11715493,-0.057781935,-0.6316115,-0.13289961,0.0042559505,-0.27066553,-0.058141142,0.016306102,-0.39822835,-0.10904399,0.02084297,-0.49776524,-0.14859264,0.024697602,-0.59034574,-0.17113024,0.04855466,-0.22107518,-0.061242685,0.051003397,-0.24831396,-0.119010635,0.04570353,-0.18682665,-0.1349718,0.047617972,-0.1299069,-0.13892853
-0.04935634,-0.019818544,-0.05001229,-0.06791693,-0.11230224,-0.06994381,-0.02172631,-0.19134617,-0.08123145,0.03310269,-0.23933977,-0.094796844,-0.09568167,-0.26766026,-0.0510495,-0.12730682,-0.40237433,-0.08126343,-0.14549229,-0.5030825,-0.10517817,-0.16221863,-0.5863024,-0.1235427,-0.042667568,-0.2864821,-0.05153539,-0.047923267,-0.43042845,-0.08067951,-0.049850643,-0.53958994,-0.107506365,-0.054500103,-0.63704634,-0.123414725,0.0054819584,-0.26918072,-0.05645061,0.018710554,-0.3977217,-0.10428613,0.023649514,-0.49722224,-0.14314549,0.027822256,-0.5893199,-0.16577883,0.05011952,-0.21804243,-0.06304675,0.049349546,-0.25328267,-0.11931112,0.042432427,-0.19486207,-0.13512783,0.042542994,-0.14078707,-0.13940838
-0.04935634,-0.019818544,-0.05001229,-0.06791693,-0.11230224,-0.06994381,-0.02172631,-0.19134617,-0.08123145,0.03310269,-0.23933977,-0.094796844,-0.09568167,-0.26766026,-0.0510495,-0.12730682,-0.40237433,-0.08126343,-0.14549229,-0.5030825,-0.10517817,-0.16221863,-0.5863024,-0.1235427,-0.042667568,-0.2864821,-0.05153539,-0.047923267,-0.43042845,-0.08067951,-0.049850643,-0.53958994,-0.107506365,-0.054500103,-0.63704634,-0.123414725,0.0054819584,-0.26918072,-0.05645061,0.018710554,-0.3977217,-0.10428613,0.023649514,-0.49722224,-0.14314549,0.027822256,-0.5893199,-0.16577883,0.05011952,-0.21804243,-0.06304675,0.049349546,-0.25328267,-0.11931112,0.042432427,-0.19486207,-0.13512783,0.042542994,-0.14078707,-0.13940838
-0.051642597,-0.02026403,-0.047793027,-0.070005774,-0.11197972,-0.06728269,-0.025093555,-0.18827051,-0.07810554,0.02572,-0.23901224,-0.09106885,-0.097165585,-0.2670743,-0.052556936,-0.13029161,-0.4022559,-0.083190106,-0.1492345,-0.50199753,-0.1067519,-0.16529769,-0.5847708,-0.124552116,-0.04265517,-0.285618,-0.05400243,-0.051120162,-0.430813,-0.08497272,-0.054186463,-0.5385691,-0.11104341,-0.05905956,-0.63357556,-0.12593375,0.006787598,-0.26815164,-0.05955029,0.01679033,-0.3976243,-0.10769328,0.021257639,-0.497734,-0.14465,0.02603823,-0.58975387,-0.16576296,0.05111748,-0.21723938,-0.066578865,0.046859205,-0.25246328,-0.1205295,0.03884083,-0.19479626,-0.13380444,0.039942443,-0.13951457,-0.13659246
-0.049913585,-0.019973934,-0.048742082,-0.06785685,-0.11366874,-0.06876335,-0.021957815,-0.18889505,-0.079737015,0.030653715,-0.23858649,-0.09281355,-0.09628439,-0.26730227,-0.055608016,-0.12905312,-0.4042698,-0.0872249,-0.14762288,-0.5046338,-0.11136808,-0.16383705,-0.5883409,-0.12957005,-0.041661322,-0.28614622,-0.05687388,-0.048165917,-0.432274,-0.08904806,-0.051217794,-0.54119974,-0.11608407,-0.056996882,-0.63816106,-0.13166066,0.007381201,-0.27009743,-0.06210963,0.020049453,-0.3988642,-0.11134592,0.02515161,-0.49942923,-0.1493128,0.029646933,-0.59283745,-0.17118886,0.051178098,-0.22110927,-0.06885179,0.04796046,-0.25100344,-0.12395252,0.039206922,-0.19078863,-0.13793243,0.038983345,-0.13441932,-0.14121139
-0.04962623,-0.021619558,-0.045955475,-0.067448616,-0.11649799,-0.06519328,-0.02357763,-0.19066417,-0.07606197,0.02499801,-0.24194741,-0.089157745,-0.09560293,-0.26857114,-0.0520995,-0.12704161,-0.40541112,-0.081006266,-0.14618579,-0.50477767,-0.10184752,-0.16235116,-0.58585095,-0.11776682,-0.04190743,-0.28608102,-0.053647224,-0.048556328,-0.43300232,-0.08553826,-0.05064422,-0.5396897,-0.11178701,-0.054346383,-0.6334877,-0.12641542,0.006898582,-0.26816744,-0.05874959,0.020040989,-0.3994605,-0.10785346,0.026074052,-0.50030386,-0.14569707,0.032700002,-0.59172976,-0.16728175,0.049589336,-0.21870893,-0.06484239,0.048122346,-0.2475766,-0.1190476,0.039941847,-0.18960369,-0.13336676,0.041227043,-0.13434064,-0.13707623
-0.050315022,-0.024707258,-0.04384854,-0.06560528,-0.119591594,-0.06167642,-0.018342316,-0.19267559,-0.07071176,0.03132397,-0.23962706,-0.081046805,-0.0945473,-0.26458633,-0.052261464,-0.12544185,-0.4005069,-0.07917929,-0.14290828,-0.49829507,-0.098574154,-0.15916416,-0.5802574,-0.11364711,-0.041048408,-0.28395003,-0.053400986,-0.047677994,-0.4302624,-0.085037015,-0.05062896,-0.53932506,-0.11130803,-0.05643475,-0.6367316,-0.12596624,0.0074600577,-0.26660043,-0.05710347,0.030891716,-0.39377898,-0.105398424,0.043451667,-0.4942866,-0.14190708,0.053199947,-0.5841378,-0.16182688,0.04966253,-0.21612412,-0.061352424,0.050190985,-0.25002426,-0.11237256,0.037308693,-0.19364792,-0.123688295,0.033412218,-0.13696182,-0.1251653
-0.05205983,-0.021536648,-0.05244092,-0.06691903,-0.10839158,-0.078729786,-0.017757058,-0.18323463,-0.092734195,0.033685625,-0.2330035,-0.10673882,-0.09026322,-0.2540124,-0.07930637,-0.122706234,-0.39354938,-0.111209646,-0.14197946,-0.49000254,-0.13133478,-0.15813446,-0.57217264,-0.14614698,-0.034808457,-0.27275312,-0.074212104,-0.03904015,-0.42627144,-0.11422076,-0.042063296,-0.53443307,-0.14100207,-0.046963334,-0.6293619,-0.15493268,0.014907002,-0.2533027,-0.069992155,0.046942472,-0.3827331,-0.12112733,0.0619992,-0.48111844,-0.15189934,0.073313534,-0.5648981,-0.16641746,0.05389887,-0.20282578,-0.06648131,0.05325502,-0.2453934,-0.11470993,0.03627211,-0.19453979,-0.12108706,0.030465484,-0.1412983,-0.11863024
-0.051341414,-0.021360934,-0.05444195,-0.06519872,-0.10555625,-0.08085396,-0.019026935,-0.18132955,-0.09517419,0.03358841,-0.23163939,-0.10918469,-0.09154427,-0.2559535,-0.07357108,-0.1251038,-0.39254624,-0.10668104,-0.14489704,-0.4885936,-0.12856609,-0.16207898,-0.57120883,-0.14445356,-0.03745085,-0.2754225,-0.068385124,-0.043352246,-0.42436492,-0.107288145,-0.0458861,-0.5302014,-0.13312586,-0.05197835,-0.6243304,-0.14593968,0.011553407,-0.2552477,-0.065258294,0.041677058,-0.37909466,-0.11599136,0.057663858,-0.47924012,-0.14625557,0.0692181,-0.56634283,-0.1601452,0.04974252,-0.20094639,-0.06346708,0.05176431,-0.24081057,-0.11144442,0.037502587,-0.18755144,-0.11669317,0.033538163,-0.13046968,-0.1130903
-0.051498353,-0.024743676,-0.052479107,-0.06649119,-0.11084336,-0.077890426,-0.016638935,-0.18399054,-0.0917104,0.035067677,-0.22893566,-0.10525308,-0.09188405,-0.25755668,-0.07297427,-0.12576857,-0.39446443,-0.103913195,-0.14576033,-0.48964393,-0.12406701,-0.1629191,-0.5707685,-0.13901076,-0.03735012,-0.2753442,-0.06888293,-0.044353068,-0.42721838,-0.10835033,-0.047715664,-0.53742504,-0.13612312,-0.05253744,-0.63469654,-0.15078457,0.011448622,-0.25565934,-0.06625357,0.043594837,-0.38254052,-0.11715163,0.05946964,-0.47998202,-0.1483721,0.07106197,-0.5634511,-0.16304119,0.050758243,-0.2050516,-0.06467365,0.05261904,-0.24880654,-0.11174671,0.03759694,-0.19897461,-0.11753364,0.031751752,-0.14578778,-0.11489282
-0.050875247,-0.025675833,-0.057488672,-0.062129855,-0.11424017,-0.085448824,-0.00899756,-0.18619049,-0.09975767,0.043165863,-0.23230588,-0.113631636,-0.08870751,-0.2577064,-0.08452254,-0.12196183,-0.39457905,-0.118391015,-0.14389676,-0.4903824,-0.13984326,-0.16206682,-0.57300985,-0.1557814,-0.033614695,-0.274894,-0.07834718,-0.041629016,-0.42551476,-0.12083456,-0.045521438,-0.5373037,-0.14990132,-0.05024934,-0.6359986,-0.16577728,0.015640259,-0.2540444,-0.07354252,0.045004725,-0.37759554,-0.12722448,0.06273675,-0.47763366,-0.16031305,0.07716,-0.56400496,-0.17649421,0.054053485,-0.20345509,-0.069906406,0.051283836,-0.23478031,-0.11947658,0.03528261,-0.18194431,-0.1272347,0.029472947,-0.12805074,-0.12625106
-0.051762223,-0.02008748,-0.058227204,-0.06659454,-0.10224044,-0.0844399,-0.014407396,-0.16899824,-0.09686754,0.037806988,-0.21142691,-0.108834974,-0.0918394,-0.2509448,-0.08391264,-0.123428434,-0.38735092,-0.11844605,-0.14608133,-0.48264438,-0.14180312,-0.16505003,-0.5648528,-0.15895358,-0.037584245,-0.26997137,-0.07645607,-0.044969738,-0.41780263,-0.11428364,-0.05013919,-0.5252749,-0.14170587,-0.056357265,-0.6202178,-0.15718953,0.011843324,-0.25142604,-0.070986405,0.043138146,-0.3743539,-0.121055946,0.06299138,-0.47203204,-0.15415716,0.07719523,-0.5573689,-0.1711405,0.05164486,-0.20170414,-0.06707321,0.05115211,-0.2321865,-0.11467707,0.03665799,-0.17937112,-0.122621015,0.030895412,-0.12643331,-0.12211631
-0.052129507,-0.019818962,-0.05629609,-0.068280876,-0.10498834,-0.081491195,-0.016077816,-0.1745758,-0.09295758,0.035895944,-0.21652049,-0.103780545,-0.09529328,-0.25226945,-0.08199785,-0.12811524,-0.38925868,-0.11440111,-0.14984775,-0.48398006,-0.13579583,-0.16865477,-0.565587,-0.15153106,-0.04077375,-0.27067935,-0.074796274,-0.04817128,-0.41976437,-0.11350916,-0.054012477,-0.5295063,-0.14106265,-0.061107278,-0.6268382,-0.15597208,0.008744061,-0.25200677,-0.06902597,0.04015273,-0.37508708,-0.11945501,0.0595569,-0.47375378,-0.15210386,0.072746694,-0.55942214,-0.16799872,0.048938334,-0.2027461,-0.064470194,0.04976535,-0.23608238,-0.110620044,0.035957575,-0.18447524,-0.11704547,0.029752374,-0.1318875,-0.11523784
-0.052103102,-0.019172907,-0.05646439,-0.066394866,-0.10891718,-0.08091434,-0.016254187,-0.18167305,-0.09227612,0.035844862,-0.22635311,-0.103393584,-0.096040934,-0.25674266,-0.07705095,-0.12753543,-0.39201474,-0.11095974,-0.14974687,-0.48781222,-0.1347553,-0.16758674,-0.5699841,-0.15235634,-0.041826546,-0.27661586,-0.07055951,-0.050199687,-0.42347768,-0.10750687,-0.054907024,-0.5315701,-0.13502905,-0.06070417,-0.6270087,-0.15061826,0.008652747,-0.25927067,-0.066393234,0.038692176,-0.38300675,-0.11663928,0.058403373,-0.48022223,-0.15021652,0.07278913,-0.5653274,-0.16758254,0.049357712,-0.21016651,-0.06381818,0.05035734,-0.24154508,-0.11310769,0.037307203,-0.1857062,-0.12194571,0.032942414,-0.13114691,-0.12183008
-0.054617703,-0.018027842,-0.059290767,-0.069466114,-0.104613066,-0.088362746,-0.018226981,-0.17483485,-0.102722906,0.03535986,-0.22103655,-0.1167087,-0.09356737,-0.25377095,-0.091472045,-0.12577355,-0.39079374,-0.12990876,-0.14871508,-0.48671442,-0.15655771,-0.16734478,-0.57033026,-0.17607649,-0.03726536,-0.27127486,-0.08373589,-0.043019474,-0.41977024,-0.1271823,-0.04844421,-0.52716076,-0.15776995,-0.055893183,-0.62243104,-0.17538956,0.013712168,-0.2537802,-0.077469684,0.042185962,-0.3782028,-0.13169059,0.059935212,-0.47810823,-0.16574825,0.07334936,-0.56663847,-0.18321337,0.053423285,-0.20790261,-0.07254809,0.04886365,-0.23884755,-0.12290095,0.032707572,-0.18255597,-0.13110124,0.027966857,-0.12804723,-0.13065584
-0.052262783,-0.016318917,-0.058358878,-0.069575965,-0.10561806,-0.08420414,-0.020037174,-0.18001455,-0.09669477,0.035345316,-0.22511613,-0.10912834,-0.09642774,-0.25752872,-0.079252854,-0.12779117,-0.393381,-0.11408854,-0.14911208,-0.48981577,-0.13881248,-0.16650152,-0.5724442,-0.15710524,-0.04095298,-0.27660352,-0.072292425,-0.04845971,-0.42518818,-0.109476596,-0.052630424,-0.53312314,-0.13726406,-0.058369577,-0.6287012,-0.15329568,0.009927213,-0.25801092,-0.06786529,0.040010214,-0.38352585,-0.11859012,0.057076097,-0.48036805,-0.15270378,0.0695501,-0.5656905,-0.17055361,0.05057335,-0.20802253,-0.06514542,0.051286817,-0.24316162,-0.115836404,0.03774351,-0.1875602,-0.1254242,0.033281267,-0.13291639,-0.12570594
-0.05126393,-0.018199265,-0.056478765,-0.06900281,-0.10237205,-0.0834573,-0.022382915,-0.17413628,-0.097943075,0.03056711,-0.2218647,-0.11235317,-0.09706071,-0.25853807,-0.07531927,-0.12977847,-0.393892,-0.10915498,-0.15127248,-0.48955977,-0.13242683,-0.16925052,-0.5719788,-0.14994475,-0.042794883,-0.27931952,-0.069707625,-0.053922474,-0.42845878,-0.10965013,-0.058890402,-0.5387479,-0.13924934,-0.06549996,-0.6388814,-0.15570025,0.007697642,-0.26118052,-0.06625716,0.037171364,-0.3846225,-0.119698085,0.055359423,-0.4828995,-0.15478455,0.0687148,-0.56941557,-0.17261514,0.04947388,-0.21233916,-0.06407759,0.05125165,-0.24446374,-0.11715362,0.038309038,-0.18616223,-0.12757257,0.03367549,-0.12945282,-0.12779057
-0.050528467,-0.016321063,-0.061062478,-0.06251186,-0.10674685,-0.08942706,-0.010299683,-0.17825586,-0.10362619,0.043614686,-0.22608006,-0.11765355,-0.09629971,-0.25471961,-0.08531857,-0.12584734,-0.39109164,-0.12273516,-0.14906892,-0.48761368,-0.14885104,-0.16693896,-0.5711034,-0.1681287,-0.04171443,-0.27553117,-0.077827,-0.052451134,-0.42337054,-0.117827676,-0.059236944,-0.5325419,-0.14669651,-0.06721282,-0.62932754,-0.16347578,0.010479331,-0.26057607,-0.07303213,0.036656737,-0.3854692,-0.1267226,0.055000424,-0.48320055,-0.16206591,0.06870043,-0.5707296,-0.1809481,0.052507818,-0.21514767,-0.07003808,0.050868988,-0.23979557,-0.12351417,0.03633523,-0.17745024,-0.13448441,0.03228438,-0.11962253,-0.13582656
-0.052132845,-0.019747734,-0.05821776,-0.065605044,-0.105418324,-0.08454104,-0.013708353,-0.17317188,-0.097307585,0.03676611,-0.21689314,-0.10936322,-0.0966869,-0.2581988,-0.07795156,-0.12638745,-0.39485312,-0.11013069,-0.14903903,-0.4892065,-0.13170433,-0.16725981,-0.56983674,-0.14794822,-0.042096198,-0.27850997,-0.0698709,-0.05320573,-0.42779624,-0.10756059,-0.061078906,-0.53485465,-0.13532859,-0.06964356,-0.6296645,-0.15104899,0.00970459,-0.2616148,-0.06403581,0.03706318,-0.386445,-0.11462874,0.054183304,-0.4847675,-0.14919576,0.06763381,-0.57034266,-0.16742179,0.050739467,-0.21522576,-0.059698034,0.049206495,-0.24132049,-0.10890186,0.035853207,-0.18320692,-0.11885821,0.033277035,-0.127662,-0.11980135
-0.04782802,-0.018464208,-0.05425303,-0.060236454,-0.10840702,-0.078773566,-0.012454689,-0.18145168,-0.0911817,0.03870499,-0.23040998,-0.10371564,-0.09554672,-0.2584172,-0.07326555,-0.12863755,-0.3944806,-0.10720337,-0.15038422,-0.49239945,-0.13077721,-0.16868624,-0.5771601,-0.14820065,-0.042030334,-0.2798717,-0.06835824,-0.051525295,-0.4274485,-0.105987035,-0.05633712,-0.5378741,-0.13326927,-0.06322223,-0.63784313,-0.14795293,0.008919954,-0.2625696,-0.0657217,0.036951363,-0.3857838,-0.11731507,0.054502726,-0.48490348,-0.15117998,0.06750661,-0.57385,-0.16823113,0.050868392,-0.21210855,-0.06439154,0.05157715,-0.24066764,-0.11615575,0.0373767,-0.18036479,-0.12540026,0.033370614,-0.12320012,-0.12469089
-0.051254034,-0.021317363,-0.061789885,-0.062915206,-0.10944706,-0.088076875,-0.010189295,-0.17939049,-0.10078704,0.042910635,-0.2248928,-0.11322879,-0.09465808,-0.25701952,-0.07599452,-0.12567657,-0.39280134,-0.10998285,-0.14830452,-0.48776793,-0.13393821,-0.16556439,-0.5702872,-0.15172103,-0.04142183,-0.27797866,-0.068003304,-0.05235535,-0.4229625,-0.10425898,-0.059624135,-0.5320406,-0.13247572,-0.06688243,-0.6293681,-0.14872606,0.008749962,-0.26117903,-0.063487865,0.03620547,-0.38286895,-0.11478624,0.053700686,-0.48069537,-0.15094852,0.066822946,-0.5691785,-0.17033121,0.049127758,-0.21288496,-0.06115528,0.04773295,-0.23868394,-0.113643594,0.035144627,-0.1790111,-0.12541805,0.031966567,-0.12313372,-0.12724666
-0.051911116,-0.021242678,-0.055252362,-0.06603819,-0.10866046,-0.080074064,-0.016496956,-0.17895204,-0.09277978,0.034566343,-0.22494602,-0.10536997,-0.09647223,-0.25738102,-0.072108544,-0.12819064,-0.39376253,-0.10534697,-0.15059158,-0.48978966,-0.12882347,-0.1688807,-0.57298124,-0.14644463,-0.043484926,-0.27789366,-0.06665216,-0.05473447,-0.42340022,-0.10515916,-0.06313223,-0.53296804,-0.13454409,-0.072630405,-0.6312736,-0.15101244,0.0072177052,-0.26122797,-0.06356206,0.03337741,-0.3852291,-0.11553888,0.05164379,-0.4837619,-0.1503313,0.0656364,-0.571472,-0.16812128,0.04888141,-0.21375859,-0.06187821,0.04760647,-0.24425256,-0.11286088,0.0343104,-0.18584126,-0.1223316,0.0314579,-0.1300571,-0.12223884
-0.04830295,-0.01688236,-0.061017342,-0.06195855,-0.102843344,-0.088945456,-0.013571441,-0.17687392,-0.10324948,0.03708756,-0.23017675,-0.117517985,-0.098747194,-0.2561018,-0.077296354,-0.12999052,-0.39406127,-0.11050554,-0.1514518,-0.49079826,-0.13365768,-0.16922146,-0.5735875,-0.15110499,-0.045303702,-0.27867866,-0.068467215,-0.056679487,-0.42523122,-0.10685134,-0.063443065,-0.53391194,-0.13656332,-0.07188314,-0.6333357,-0.15335274,0.0053660274,-0.26356983,-0.06214424,0.031436265,-0.38774467,-0.1149049,0.0478521,-0.4876157,-0.15109865,0.060472727,-0.5769905,-0.17028765,0.04692751,-0.2190252,-0.05741013,0.046560645,-0.24189818,-0.111582585,0.035055876,-0.18100226,-0.12375336,0.03395015,-0.12506074,-0.12526013
-0.050994992,-0.01707232,-0.059932966,-0.06549603,-0.103847325,-0.088674925,-0.017156363,-0.1764124,-0.10297917,0.033984303,-0.22961223,-0.11730073,-0.097114265,-0.25705588,-0.08541134,-0.12707597,-0.39525998,-0.12087225,-0.15009004,-0.49188262,-0.14437468,-0.16798323,-0.57481694,-0.16170968,-0.042188346,-0.27869463,-0.07668808,-0.054550648,-0.42761236,-0.1198464,-0.06202191,-0.5384449,-0.15100147,-0.06974393,-0.6397252,-0.16811314,0.009465635,-0.26257533,-0.0693875,0.032879233,-0.38674706,-0.1248937,0.048306584,-0.48782682,-0.16070193,0.061645806,-0.577612,-0.17889953,0.049919724,-0.21710366,-0.06319508,0.046393335,-0.23457968,-0.11705229,0.033949614,-0.17302775,-0.1279485,0.03350818,-0.116930485,-0.12844293
-0.051412046,-0.017212272,-0.055472437,-0.06666368,-0.103434205,-0.08340733,-0.021180153,-0.176314,-0.09861975,0.029224694,-0.22977817,-0.11408439,-0.09763008,-0.25771582,-0.079784736,-0.12932637,-0.3965301,-0.11553837,-0.1515727,-0.49489406,-0.14024639,-0.16950694,-0.5787066,-0.15848675,-0.04295224,-0.27885002,-0.073819906,-0.05466473,-0.42781448,-0.11472114,-0.0626595,-0.5397632,-0.14508732,-0.071789324,-0.64095306,-0.1621634,0.0090382695,-0.26280165,-0.06937947,0.03361243,-0.38846403,-0.12271031,0.04986602,-0.48836553,-0.15723045,0.06379646,-0.5750243,-0.17502193,0.05165702,-0.21687084,-0.06597071,0.049069524,-0.24094534,-0.118795626,0.035327077,-0.18101704,-0.12879097,0.03387183,-0.123764575,-0.1286677
-0.04999876,-0.0155825615,-0.052955687,-0.06965613,-0.099646986,-0.07993673,-0.024398386,-0.17135692,-0.09410897,0.026456773,-0.2235437,-0.108544305,-0.09663662,-0.2519741,-0.08177924,-0.12806502,-0.3907898,-0.1161982,-0.15099883,-0.4879501,-0.13897477,-0.17034245,-0.57170767,-0.15602276,-0.042948067,-0.27437782,-0.07677617,-0.054684997,-0.42311484,-0.11864868,-0.061163962,-0.5340622,-0.14887756,-0.06833255,-0.63403827,-0.16556111,0.007692516,-0.260525,-0.072519556,0.032146633,-0.38510352,-0.12668878,0.04835534,-0.48540503,-0.16149265,0.062251627,-0.57290184,-0.17915548,0.050401986,-0.21731514,-0.0687542,0.046940565,-0.24051142,-0.12097635,0.032882333,-0.18031704,-0.13051602,0.03120011,-0.122954965,-0.1301561
-0.050272465,-0.010636568,-0.06532769,-0.06841624,-0.09234983,-0.09911825,-0.02343452,-0.16678154,-0.11819374,0.029085636,-0.2237274,-0.13772374,-0.09821662,-0.25105095,-0.093552224,-0.13008732,-0.3870414,-0.1355921,-0.15510261,-0.48504186,-0.16556282,-0.17539448,-0.5696124,-0.18737437,-0.045354486,-0.2727245,-0.0842324,-0.057069123,-0.41711962,-0.13038501,-0.062268674,-0.52441895,-0.1630057,-0.06977469,-0.62280834,-0.18114181,0.0060203075,-0.25899088,-0.077100776,0.028227687,-0.38073462,-0.13523743,0.04535514,-0.47937655,-0.17050152,0.058993936,-0.56895936,-0.1884332,0.048300803,-0.21574396,-0.07181935,0.04811585,-0.23746604,-0.12889408,0.035956502,-0.17216772,-0.13921832,0.035513997,-0.112374365,-0.13876314
-0.05048561,-0.011231065,-0.06649592,-0.06627107,-0.097008824,-0.09868267,-0.019521892,-0.17152774,-0.11608528,0.033655643,-0.22724771,-0.13408771,-0.09761673,-0.25092876,-0.09055588,-0.12890834,-0.3856709,-0.13096555,-0.15247637,-0.48237133,-0.15954287,-0.17122337,-0.5657432,-0.1804533,-0.044063628,-0.27169496,-0.08235373,-0.05559194,-0.41601384,-0.12590003,-0.060897946,-0.5221571,-0.15659754,-0.0686183,-0.6193198,-0.17368606,0.006709516,-0.2572174,-0.07735338,0.027760565,-0.3778205,-0.13500485,0.043821514,-0.47522718,-0.17064686,0.05607623,-0.56598794,-0.18915153,0.048663557,-0.2119205,-0.07458,0.047917247,-0.23536962,-0.1324769,0.03652644,-0.16968417,-0.14346124,0.035275817,-0.10910398,-0.14383692
-0.05048561,-0.011231065,-0.06649592,-0.06627107,-0.097008824,-0.09868267,-0.019521892,-0.17152774,-0.11608528,0.033655643,-0.22724771,-0.13408771,-0.09761673,-0.25092876,-0.09055588,-0.12890834,-0.3856709,-0.13096555,-0.15247637,-0.48237133,-0.15954287,-0.17122337,-0.5657432,-0.1804533,-0.044063628,-0.27169496,-0.08235373,-0.05559194,-0.41601384,-0.12590003,-0.060897946,-0.5221571,-0.15659754,-0.0686183,-0.6193198,-0.17368606,0.006709516,-0.2572174,-0.07735338,0.027760565,-0.3778205,-0.13500485,0.043821514,-0.47522718,-0.17064686,0.05607623,-0.56598794,-0.18915153,0.048663557,-0.2119205,-0.07458,0.047917247,-0.23536962,-0.1324769,0.03652644,-0.16968417,-0.14346124,0.035275817,-0.10910398,-0.14383692
-0.04995203,-0.016479135,-0.060548715,-0.06552416,-0.10848534,-0.086942725,-0.016853034,-0.18031454,-0.09986093,0.0373621,-0.23016381,-0.1137025,-0.09750903,-0.2583862,-0.07875117,-0.12889588,-0.39364898,-0.115635715,-0.15110552,-0.49052358,-0.14236458,-0.16976967,-0.5746417,-0.16222847,-0.042394638,-0.27906823,-0.07380622,-0.052716076,-0.4249326,-0.11347086,-0.05888319,-0.53380585,-0.14365625,-0.06792593,-0.6324267,-0.16078936,0.008784115,-0.26313466,-0.07227721,0.030478537,-0.38510436,-0.1284568,0.044681847,-0.4842431,-0.16650903,0.055239916,-0.57787573,-0.18680182,0.051740527,-0.214782,-0.072525665,0.05039984,-0.23797768,-0.13058473,0.0390085,-0.17082763,-0.14288676,0.037053287,-0.10970962,-0.1443402
-0.05037272,-0.015524447,-0.06098525,-0.06650996,-0.1055513,-0.08745205,-0.01931876,-0.17701048,-0.10017543,0.03455031,-0.22563475,-0.11354992,-0.09812182,-0.2561382,-0.079357535,-0.12956634,-0.39080304,-0.11656877,-0.15237933,-0.48745596,-0.14331785,-0.17115372,-0.57159966,-0.16311994,-0.043296933,-0.27760065,-0.07404935,-0.054611564,-0.42340612,-0.11449504,-0.0607571,-0.53345203,-0.14521946,-0.06902015,-0.63315535,-0.16253345,0.007445276,-0.2622363,-0.07208928,0.02899319,-0.3842674,-0.1291694,0.04417497,-0.4833068,-0.1677205,0.055273294,-0.57651687,-0.18794209,0.050143838,-0.2138868,-0.071839444,0.048508048,-0.23645937,-0.12985294,0.03769082,-0.17008036,-0.142148,0.03620279,-0.10888016,-0.14347199
-0.0503304,-0.011035562,-0.07563999,-0.0664044,-0.09688276,-0.11073043,-0.014155626,-0.1655019,-0.12920426,0.04194212,-0.21127659,-0.14807995,-0.095608175,-0.25501734,-0.098805495,-0.12703896,-0.38939244,-0.14136888,-0.15053177,-0.48627275,-0.17167175,-0.17073712,-0.5698745,-0.19340123,-0.040650606,-0.27503932,-0.08732132,-0.05173582,-0.42312777,-0.13190313,-0.058055937,-0.53332424,-0.16368951,-0.067008734,-0.63319445,-0.18144271,0.009587705,-0.25978684,-0.07992074,0.028940558,-0.38316023,-0.13946524,0.04366219,-0.4820943,-0.1777487,0.054267466,-0.57471454,-0.19754915,0.051440775,-0.21492136,-0.07552263,0.050540388,-0.23554963,-0.13427836,0.041410744,-0.17201144,-0.14619891,0.041154563,-0.11249095,-0.14734556
-0.050821364,-0.010946989,-0.07807221,-0.06813711,-0.0931443,-0.11617377,-0.016836703,-0.16310781,-0.13749021,0.041101754,-0.21111202,-0.15925097,-0.09753409,-0.25044698,-0.10026981,-0.12982595,-0.3858425,-0.14246914,-0.15312976,-0.48282534,-0.1720367,-0.17202899,-0.56551814,-0.193333,-0.04289037,-0.26998103,-0.086302124,-0.054295897,-0.41749758,-0.13169275,-0.061366856,-0.52351695,-0.16381676,-0.07022011,-0.6208693,-0.18123601,0.008477807,-0.2541703,-0.07609964,0.027065933,-0.37767553,-0.13606402,0.038915038,-0.4771883,-0.17362632,0.04807335,-0.5697342,-0.1928184,0.049919784,-0.21066618,-0.0688477,0.046857893,-0.22989565,-0.12956597,0.035954356,-0.16438115,-0.14232443,0.03608966,-0.10593867,-0.14341111
-0.05092323,-0.012869,-0.06992629,-0.069621086,-0.09711623,-0.10271204,-0.021337211,-0.17103148,-0.121085905,0.035526633,-0.2216326,-0.14011194,-0.0994342,-0.25426382,-0.08506504,-0.13074315,-0.39029735,-0.12408198,-0.1528067,-0.48878977,-0.15272532,-0.17193785,-0.57265484,-0.1739195,-0.045740843,-0.2757346,-0.07597683,-0.05726379,-0.4227801,-0.11631216,-0.062411427,-0.5322511,-0.14761613,-0.070756435,-0.6315665,-0.16567011,0.004853964,-0.26056004,-0.0710001,0.024684787,-0.384054,-0.1273687,0.03859228,-0.4844795,-0.16595802,0.04878962,-0.57650626,-0.18696457,0.047829628,-0.2156269,-0.068679534,0.047180295,-0.24089581,-0.12849157,0.038137376,-0.17904079,-0.1425518,0.037975132,-0.12114829,-0.14500768
-0.05391115,-0.010331988,-0.079198025,-0.069556534,-0.09332073,-0.117679656,-0.019562721,-0.1616329,-0.13968973,0.03476727,-0.21138018,-0.16226569,-0.0968447,-0.25317812,-0.10001168,-0.1281684,-0.3887353,-0.14381716,-0.1513049,-0.4870367,-0.17577258,-0.1697172,-0.5714485,-0.19863483,-0.041820407,-0.27447593,-0.08622772,-0.051032662,-0.4211769,-0.12937468,-0.057623565,-0.5298791,-0.16138545,-0.067103505,-0.6265888,-0.17991361,0.009587705,-0.25968617,-0.07699351,0.029785216,-0.38437647,-0.13477553,0.042842984,-0.4835843,-0.1740441,0.05205357,-0.57423174,-0.19570264,0.050638616,-0.21727169,-0.07123257,0.049689293,-0.23630273,-0.13198003,0.039215147,-0.17051733,-0.14713015,0.038564205,-0.11121851,-0.15061048
-0.053293407,-0.013417304,-0.07633006,-0.069610596,-0.09992647,-0.1115499,-0.020834327,-0.16934633,-0.13041534,0.033414125,-0.22223479,-0.14986645,-0.09777367,-0.25661522,-0.09525506,-0.12821347,-0.39232135,-0.13933323,-0.151604,-0.49040392,-0.17174928,-0.1702219,-0.5751717,-0.19495602,-0.042361557,-0.2760852,-0.08433443,-0.05364418,-0.4245215,-0.12788281,-0.060092688,-0.53387064,-0.16083334,-0.06912798,-0.632298,-0.17987266,0.009238064,-0.26152158,-0.07833538,0.027868032,-0.38550663,-0.13861932,0.040500343,-0.48523748,-0.18030024,0.049563646,-0.5799911,-0.20329027,0.052584887,-0.21796435,-0.07546338,0.0514521,-0.23602003,-0.13864502,0.041152894,-0.16731703,-0.15466298,0.039788425,-0.10542506,-0.15848584
-0.052467287,-0.014801145,-0.065358505,-0.0708915,-0.10278201,-0.09629078,-0.023124814,-0.17315781,-0.11304587,0.031906962,-0.22473872,-0.13082336,-0.09867829,-0.2567857,-0.086404435,-0.12995017,-0.3927771,-0.12672868,-0.15248698,-0.4902711,-0.15582812,-0.17135254,-0.57517576,-0.1772424,-0.043305814,-0.27698916,-0.08001631,-0.054606676,-0.42406666,-0.12300275,-0.060946643,-0.5334313,-0.15550447,-0.06970465,-0.6334232,-0.17405182,0.008445084,-0.2615208,-0.07715906,0.0275082,-0.38488466,-0.1365728,0.04002869,-0.4868526,-0.17731573,0.049119473,-0.5823822,-0.19929458,0.052013934,-0.21557552,-0.07619856,0.049106777,-0.23541665,-0.13742451,0.03696215,-0.16744107,-0.15192285,0.034772277,-0.10571194,-0.15463276
-0.051084816,-0.016471148,-0.059508305,-0.068746746,-0.10885692,-0.08494356,-0.01978892,-0.18030447,-0.0971073,0.033452094,-0.22958356,-0.11042742,-0.09649968,-0.26035923,-0.07761433,-0.12907904,-0.39554584,-0.11446263,-0.15219107,-0.4931782,-0.14139734,-0.17232805,-0.57777435,-0.161435,-0.042265832,-0.28007436,-0.073030405,-0.05360055,-0.42555732,-0.11438112,-0.060940802,-0.53403616,-0.14591229,-0.07133943,-0.63311887,-0.16333435,0.0076267123,-0.26435918,-0.07162599,0.025480807,-0.38905418,-0.1292386,0.03735614,-0.48944446,-0.16832256,0.045502782,-0.58428633,-0.18863747,0.0503515,-0.21613461,-0.0717338,0.049292028,-0.24177521,-0.12990485,0.039309382,-0.17566144,-0.14202572,0.03865987,-0.11391932,-0.14301008
-0.053887367,-0.013137579,-0.077325456,-0.069095254,-0.10003024,-0.111955315,-0.016405702,-0.16724873,-0.12958634,0.039563,-0.2182458,-0.14762336,-0.096481144,-0.25836354,-0.09705794,-0.12775242,-0.39334232,-0.1410409,-0.1517815,-0.49064183,-0.1739635,-0.17109168,-0.57557243,-0.19767977,-0.0407331,-0.2779827,-0.0854593,-0.052060664,-0.42241147,-0.12860358,-0.060406625,-0.5292356,-0.16211194,-0.071388125,-0.62601566,-0.1818998,0.01009351,-0.26387167,-0.07873034,0.027376354,-0.38787478,-0.13861248,0.04037255,-0.48736304,-0.18057056,0.049040735,-0.58324945,-0.20388076,0.052555382,-0.22019404,-0.07517681,0.049738944,-0.23914093,-0.1368467,0.040431023,-0.17089987,-0.15166612,0.040024757,-0.10869652,-0.15498836
-0.05052173,-0.0131498575,-0.055262085,-0.0708338,-0.10185909,-0.08169943,-0.02471,-0.1736694,-0.09567965,0.029839039,-0.22368383,-0.11095661,-0.097359985,-0.2560783,-0.079229504,-0.12960371,-0.39189184,-0.115544595,-0.15200913,-0.48973316,-0.14131586,-0.17217678,-0.5748334,-0.1609345,-0.042911768,-0.2784058,-0.07555914,-0.05505562,-0.42329866,-0.11859107,-0.061323106,-0.53099716,-0.14996566,-0.070576906,-0.6292375,-0.16732863,0.007993281,-0.26308715,-0.073796056,0.025958836,-0.38829494,-0.13111521,0.03885901,-0.4878766,-0.16747002,0.048556745,-0.5798205,-0.18592443,0.05161208,-0.21578115,-0.0729138,0.0480904,-0.2448228,-0.12907119,0.035977066,-0.18143374,-0.13914219,0.034570277,-0.1221295,-0.13894556
-0.052293718,-0.013613164,-0.066070676,-0.07017654,-0.10394132,-0.0948354,-0.021726072,-0.17786813,-0.10951599,0.033563912,-0.22956842,-0.12531237,-0.098668635,-0.2621197,-0.08237517,-0.13112393,-0.39668745,-0.12339938,-0.15397024,-0.4960299,-0.15499453,-0.17378378,-0.58189464,-0.17804892,-0.04368019,-0.28114462,-0.07633866,-0.054444253,-0.42734396,-0.116853334,-0.059782147,-0.5382697,-0.14950773,-0.06817216,-0.6396406,-0.16867584,0.0068452954,-0.26536983,-0.07457492,0.02335316,-0.38888603,-0.13196537,0.035658717,-0.48844546,-0.17241605,0.04494846,-0.58302975,-0.19461231,0.05121684,-0.21714401,-0.07529083,0.05037296,-0.2451722,-0.13534655,0.041123033,-0.18057418,-0.148928,0.040126324,-0.11924952,-0.15100962
-0.050791502,-0.0141272545,-0.06050697,-0.0710724,-0.103793085,-0.08959826,-0.022810161,-0.17540973,-0.10567396,0.03353864,-0.2248916,-0.12344857,-0.0971584,-0.2591322,-0.08266051,-0.12890947,-0.39457917,-0.12260835,-0.15147772,-0.4934205,-0.15234897,-0.1716511,-0.578841,-0.17440486,-0.04183829,-0.28023887,-0.07808627,-0.05421084,-0.4262004,-0.12150865,-0.06004113,-0.5357929,-0.15450351,-0.06923419,-0.63715327,-0.17335057,0.0087759495,-0.26545274,-0.07635597,0.024493337,-0.3900479,-0.13505909,0.03668952,-0.4894704,-0.17390159,0.045656025,-0.58281076,-0.19450372,0.05202025,-0.2198019,-0.076153204,0.051337123,-0.24631006,-0.13550003,0.040992916,-0.1809628,-0.14770904,0.040561914,-0.12077594,-0.14887124
-0.04868883,-0.0142659545,-0.060203016,-0.068083465,-0.10186851,-0.08915528,-0.019596219,-0.17424238,-0.10552229,0.035919547,-0.22376424,-0.12337133,-0.094216645,-0.25736517,-0.07944842,-0.12649778,-0.39234585,-0.11687311,-0.1489124,-0.4910096,-0.14433603,-0.16995141,-0.5754683,-0.16495661,-0.040243864,-0.28026444,-0.07440282,-0.053204417,-0.42612845,-0.11594587,-0.06108582,-0.53563046,-0.1475209,-0.07263094,-0.6364043,-0.16523269,0.009561241,-0.2649964,-0.072147384,0.02633518,-0.38977963,-0.12848957,0.038508594,-0.48950088,-0.16537796,0.047677696,-0.5815693,-0.18464737,0.052863896,-0.21792454,-0.071541,0.0519678,-0.24602157,-0.12955678,0.042094767,-0.18378025,-0.14129975,0.04182923,-0.1260981,-0.14197409
-0.050674558,-0.015337825,-0.062183503,-0.06875485,-0.103075504,-0.09170208,-0.021967709,-0.17735618,-0.10864837,0.031831145,-0.2291156,-0.12707669,-0.09807354,-0.25728106,-0.0786376,-0.12929237,-0.39196038,-0.11795108,-0.15102264,-0.49106324,-0.14779991,-0.17098218,-0.5760298,-0.16997513,-0.043646157,-0.27903986,-0.07386764,-0.05606538,-0.42562032,-0.114717685,-0.062540054,-0.5373721,-0.14745237,-0.0732491,-0.63948226,-0.1667347,0.0071185827,-0.26344842,-0.07263281,0.023136497,-0.38790983,-0.12941323,0.03584671,-0.4887237,-0.16839476,0.045377016,-0.5819845,-0.18956432,0.051422715,-0.21661592,-0.07334802,0.048920155,-0.24830097,-0.13308649,0.039337397,-0.18829536,-0.14646901,0.038826168,-0.13172007,-0.14843522
-0.051259518,-0.014976263,-0.06552755,-0.06879568,-0.10222787,-0.09675353,-0.021318078,-0.17305541,-0.114505515,0.033731878,-0.22447067,-0.13357662,-0.096865505,-0.25571203,-0.083679564,-0.12738526,-0.39010412,-0.12471057,-0.14984131,-0.488724,-0.15564865,-0.1696716,-0.57348263,-0.1783457,-0.04230559,-0.2773702,-0.077159755,-0.05338627,-0.42216843,-0.11872247,-0.05980414,-0.53058016,-0.15140106,-0.07007277,-0.62924075,-0.17054236,0.008405983,-0.26305354,-0.07441018,0.026064217,-0.38877237,-0.13193105,0.039167345,-0.48802596,-0.17104363,0.04860401,-0.58016443,-0.19236308,0.05227655,-0.2180379,-0.07388258,0.052057505,-0.24446279,-0.13433702,0.042583287,-0.17996067,-0.14800984,0.042426646,-0.119799614,-0.15015921
-0.050700247,-0.013121605,-0.06567573,-0.068418145,-0.09866762,-0.097502075,-0.022134006,-0.17026836,-0.11622546,0.031289518,-0.2236082,-0.13618764,-0.09617978,-0.25908357,-0.0824267,-0.12812164,-0.39419943,-0.123270914,-0.15059054,-0.49268317,-0.15389958,-0.17086089,-0.5773359,-0.17663531,-0.041897237,-0.28087872,-0.07651053,-0.051959753,-0.42482597,-0.119045526,-0.0578382,-0.53146565,-0.15250325,-0.06738919,-0.62814415,-0.17205812,0.008345664,-0.26564848,-0.07446344,0.025358558,-0.38945997,-0.13272233,0.037407994,-0.4896356,-0.17228529,0.04646188,-0.58250755,-0.19400549,0.051751614,-0.21994758,-0.07469211,0.050154805,-0.24602228,-0.13604945,0.039903045,-0.18214202,-0.1503498,0.039046824,-0.123360515,-0.15294476
-0.05186546,-0.019005954,-0.058560837,-0.07007742,-0.109457314,-0.083910525,-0.02042538,-0.17942142,-0.09722234,0.03371948,-0.22667474,-0.11183994,-0.09609479,-0.26419783,-0.07154102,-0.1290096,-0.3990124,-0.10740466,-0.15135843,-0.49601436,-0.13475583,-0.17187446,-0.5814141,-0.15551154,-0.041655242,-0.28479803,-0.06826215,-0.052727938,-0.4294552,-0.1076097,-0.059946895,-0.5387591,-0.14005014,-0.07012159,-0.63964325,-0.15886453,0.007994354,-0.2688514,-0.06850144,0.025752485,-0.39388442,-0.12508832,0.038387597,-0.49521583,-0.16549166,0.047154725,-0.5917268,-0.18735088,0.051888943,-0.2210083,-0.07040715,0.04998958,-0.25085598,-0.12898463,0.03993827,-0.18527275,-0.14189588,0.038805485,-0.12402624,-0.14375928
-0.05067581,-0.016014576,-0.060901098,-0.0693782,-0.10386366,-0.089008555,-0.022241592,-0.17567974,-0.10494197,0.031315744,-0.22733581,-0.122522704,-0.09722504,-0.26176995,-0.07607953,-0.12954631,-0.39825177,-0.11440855,-0.15199715,-0.4972258,-0.14362821,-0.17230791,-0.5831221,-0.1655971,-0.042699993,-0.28289163,-0.0721592,-0.0531345,-0.4278003,-0.11289226,-0.05975789,-0.53595775,-0.145699,-0.07000852,-0.63491154,-0.1648892,0.007568419,-0.26720768,-0.07187556,0.024155676,-0.3926769,-0.12932815,0.035655558,-0.49340844,-0.16934043,0.043916166,-0.5882797,-0.19134615,0.05141753,-0.22063875,-0.07348752,0.050723314,-0.24811888,-0.13433821,0.041942358,-0.18225718,-0.14845213,0.041932344,-0.12212992,-0.15100676
-0.051273823,-0.017903566,-0.06760186,-0.06728876,-0.10228598,-0.1013678,-0.01889652,-0.17326272,-0.12219599,0.034763694,-0.22653514,-0.14472078,-0.09847459,-0.25806236,-0.08133672,-0.12858829,-0.394642,-0.12187989,-0.15045649,-0.49497032,-0.15326154,-0.16910079,-0.58014804,-0.17648143,-0.043483734,-0.27847558,-0.07407741,-0.053661227,-0.42472112,-0.115625605,-0.05888021,-0.5368873,-0.15037754,-0.06763834,-0.6371274,-0.17138222,0.008848429,-0.26246274,-0.07078393,0.024575949,-0.38931406,-0.12828617,0.03584808,-0.4907443,-0.16963077,0.045168817,-0.5823853,-0.19319537,0.052874207,-0.21834058,-0.06986608,0.04992169,-0.24192989,-0.13190249,0.039739072,-0.17901212,-0.14815806,0.040490806,-0.12032235,-0.15235984
-0.05092156,-0.014577985,-0.053738814,-0.0717265,-0.10355258,-0.078791514,-0.022517145,-0.17304951,-0.092532076,0.032652736,-0.22028077,-0.10805872,-0.098474264,-0.2634518,-0.071525656,-0.13086933,-0.3992222,-0.10760882,-0.15177888,-0.49793977,-0.13472602,-0.17106849,-0.5831821,-0.15538836,-0.043426394,-0.28261203,-0.07104317,-0.053533316,-0.43021324,-0.11124696,-0.058597744,-0.5420009,-0.14312011,-0.06659001,-0.6452639,-0.16149575,0.006768763,-0.26481706,-0.07347799,0.02336675,-0.39016157,-0.13044521,0.03558165,-0.49094832,-0.16989458,0.045175135,-0.58513796,-0.19104819,0.051757216,-0.21455902,-0.07699459,0.0483281,-0.24490815,-0.13578859,0.037760496,-0.18131483,-0.14838688,0.036533654,-0.12188512,-0.149931
-0.05112499,-0.015124857,-0.062321685,-0.06884259,-0.10386455,-0.08956291,-0.019651711,-0.17666799,-0.10415862,0.036911845,-0.22676027,-0.120390326,-0.100173205,-0.26754105,-0.07230434,-0.13116753,-0.40308142,-0.10886959,-0.15198612,-0.50237966,-0.13701913,-0.17076075,-0.5869185,-0.15798713,-0.04469651,-0.28625768,-0.068142,-0.05274242,-0.4346835,-0.10473169,-0.058288395,-0.5469821,-0.13608919,-0.06664711,-0.64915645,-0.1546486,0.0059886575,-0.2687,-0.06839571,0.02390933,-0.39586997,-0.124324374,0.034356892,-0.49689078,-0.16686393,0.04299152,-0.59090585,-0.19090028,0.050631702,-0.21894228,-0.0706577,0.04905176,-0.2420699,-0.13296458,0.039811373,-0.17435122,-0.14995043,0.03933859,-0.11240858,-0.15424216
-0.05252731,-0.012259364,-0.07423238,-0.06960666,-0.09477121,-0.10977446,-0.022136927,-0.16797805,-0.13099441,0.035238385,-0.22248065,-0.153412,-0.101031244,-0.26499945,-0.083034046,-0.13117975,-0.39899498,-0.124645054,-0.15199447,-0.49868947,-0.15716957,-0.16956097,-0.58235157,-0.18098584,-0.0453012,-0.28346574,-0.07437511,-0.052640855,-0.43061906,-0.11384862,-0.05676073,-0.541234,-0.14717217,-0.064712405,-0.64089656,-0.16723573,0.0065401196,-0.2666065,-0.07131102,0.022622168,-0.39275646,-0.12947822,0.03321123,-0.49398172,-0.172974,0.042293787,-0.5872201,-0.19810061,0.05146736,-0.21977764,-0.07138216,0.04879105,-0.24075562,-0.13700622,0.039307475,-0.17298734,-0.15604897,0.03920108,-0.110444784,-0.16166203
-0.05512005,-0.01386708,-0.06787438,-0.073141634,-0.09722358,-0.10033697,-0.026817977,-0.16812462,-0.119319476,0.02811122,-0.22063577,-0.13942985,-0.101086676,-0.2623067,-0.080752775,-0.13121888,-0.3979844,-0.120387256,-0.15161502,-0.4974494,-0.15051953,-0.16961616,-0.5817206,-0.17254399,-0.044874012,-0.28154802,-0.07386596,-0.052693725,-0.43062246,-0.11209503,-0.056934714,-0.5434965,-0.1439182,-0.06536931,-0.645908,-0.16299616,0.0060625672,-0.26490998,-0.07162217,0.024419606,-0.39073807,-0.12749723,0.036287367,-0.49134043,-0.16934986,0.044932187,-0.5822512,-0.19331616,0.050466597,-0.21811557,-0.07190299,0.05107093,-0.24040478,-0.1331436,0.04214579,-0.17740619,-0.15017071,0.04097998,-0.11769718,-0.1549221
-0.05312389,-0.016366005,-0.05952193,-0.0712468,-0.10626668,-0.08695565,-0.023510933,-0.17878336,-0.10217431,0.0297333,-0.22888213,-0.119192086,-0.09926763,-0.26049048,-0.07629562,-0.12876391,-0.396973,-0.11410687,-0.14913625,-0.49684805,-0.14266314,-0.16699788,-0.5824342,-0.16372785,-0.043584287,-0.28016132,-0.07254063,-0.052543998,-0.42796227,-0.11141585,-0.0568828,-0.5398585,-0.1430049,-0.06447077,-0.6411315,-0.16143095,0.0074934363,-0.26390183,-0.07215747,0.025032401,-0.38998687,-0.12760073,0.03594339,-0.48995882,-0.16746837,0.044528604,-0.5819413,-0.1896122,0.051871896,-0.21651739,-0.07352129,0.051318705,-0.24048966,-0.13261138,0.041461825,-0.17672932,-0.14693227,0.04078871,-0.1175524,-0.14976324
-0.05605942,-0.016193211,-0.06730861,-0.07462978,-0.10253686,-0.09684921,-0.027231395,-0.17859983,-0.1132826,0.027827442,-0.232018,-0.1308736,-0.10288203,-0.2660259,-0.07261288,-0.13274288,-0.4023896,-0.109960794,-0.15322423,-0.50261325,-0.13944162,-0.17083246,-0.586603,-0.16136189,-0.04641944,-0.28467077,-0.066171914,-0.053702176,-0.4314199,-0.10134457,-0.058082998,-0.5418135,-0.13247663,-0.06569868,-0.64054364,-0.15160596,0.005016625,-0.26744705,-0.06513172,0.020873368,-0.3937232,-0.11892916,0.03131008,-0.49275675,-0.16082704,0.040194154,-0.5844706,-0.1855212,0.04927647,-0.21986169,-0.06695555,0.04691243,-0.24500167,-0.12822697,0.039158583,-0.18062896,-0.14583956,0.04017234,-0.121091604,-0.15124026
-0.051802814,-0.015394926,-0.060865626,-0.06971389,-0.0972693,-0.09040462,-0.025369465,-0.17075968,-0.108178325,0.027563334,-0.22355449,-0.12735794,-0.09946543,-0.25737655,-0.07385872,-0.13049841,-0.39536333,-0.11237069,-0.14993793,-0.49586225,-0.14162232,-0.166884,-0.58105046,-0.16310163,-0.043873608,-0.27648252,-0.06985855,-0.052412808,-0.42477155,-0.108367555,-0.05718088,-0.5371231,-0.14037503,-0.065644205,-0.63963884,-0.15934244,0.0070033073,-0.25923586,-0.06974177,0.022685587,-0.38716036,-0.12453688,0.033071995,-0.4871667,-0.16397351,0.040929258,-0.5784626,-0.18592733,0.052120566,-0.21099758,-0.071603,0.050353825,-0.2423876,-0.13007638,0.042158306,-0.18444812,-0.14415972,0.042657733,-0.12794328,-0.14674802
-0.051743984,-0.014520764,-0.057979092,-0.071445644,-0.103217125,-0.082909085,-0.024230719,-0.17642033,-0.0963905,0.030394554,-0.22401905,-0.11156301,-0.09869033,-0.2599662,-0.067813836,-0.12986952,-0.39794338,-0.10357134,-0.14962056,-0.4979751,-0.13072821,-0.16666082,-0.58270717,-0.15097556,-0.043602645,-0.27987355,-0.06459011,-0.052014887,-0.42761642,-0.10139678,-0.057452857,-0.537915,-0.13229442,-0.06525046,-0.63893723,-0.15020491,0.006544769,-0.2637695,-0.065332696,0.023609996,-0.39125878,-0.11973351,0.033544064,-0.48976886,-0.15964314,0.041803002,-0.5813836,-0.18166997,0.051184952,-0.21589535,-0.067889474,0.049985766,-0.24317318,-0.127085,0.04127878,-0.1796853,-0.14190888,0.04177481,-0.12096161,-0.14487651
-0.052969635,-0.015075207,-0.055438325,-0.07410288,-0.10635799,-0.07912775,-0.02566117,-0.17792696,-0.091429666,0.031002283,-0.22295922,-0.105791114,-0.097934544,-0.26246506,-0.06944242,-0.12871301,-0.40062898,-0.10542848,-0.14858103,-0.5016942,-0.13317858,-0.16636226,-0.5882126,-0.15414265,-0.042058647,-0.28224546,-0.06766237,-0.0508129,-0.43021277,-0.104726285,-0.05528015,-0.54233664,-0.13635531,-0.062467992,-0.6442859,-0.1551339,0.007981062,-0.26599377,-0.06931072,0.024704218,-0.39150637,-0.12384293,0.035606742,-0.49142176,-0.16456471,0.04421121,-0.5842603,-0.18738554,0.05222094,-0.21762544,-0.07244983,0.049399137,-0.24504179,-0.13136877,0.039390743,-0.18139952,-0.14597993,0.038294375,-0.122376144,-0.14908575
-0.05152446,-0.017073333,-0.05285796,-0.06969035,-0.10790753,-0.076429896,-0.023140252,-0.18113095,-0.089117594,0.031723976,-0.22968489,-0.10366884,-0.0973438,-0.2576964,-0.068318486,-0.12691861,-0.39510047,-0.10400413,-0.14720646,-0.49584585,-0.13068512,-0.16414014,-0.5816313,-0.15067858,-0.0416317,-0.27909505,-0.06663054,-0.049737275,-0.42510933,-0.10299212,-0.05369687,-0.5354996,-0.13225497,-0.060392916,-0.6348976,-0.14926575,0.009563088,-0.26334077,-0.068071336,0.0269472,-0.38887775,-0.121769875,0.03746575,-0.48889965,-0.16035213,0.045446575,-0.58084434,-0.18164444,0.05396384,-0.21489984,-0.07070263,0.049674213,-0.23880047,-0.1288175,0.038140476,-0.17529929,-0.14287439,0.036340654,-0.11745167,-0.14554384
-0.051979303,-0.016589582,-0.057676032,-0.07063073,-0.10433823,-0.083515815,-0.022653043,-0.17611271,-0.09786929,0.031767547,-0.22468036,-0.1139604,-0.09821001,-0.25927937,-0.07089133,-0.12777972,-0.39706147,-0.10779678,-0.14708307,-0.49788755,-0.1363104,-0.16359302,-0.5838195,-0.15768406,-0.04187298,-0.2796523,-0.068325296,-0.049698353,-0.4256359,-0.10529688,-0.054290116,-0.5371194,-0.1367823,-0.06199211,-0.637355,-0.15579651,0.009312272,-0.26340896,-0.06950588,0.026281059,-0.38825846,-0.123653986,0.037463427,-0.4882766,-0.1640102,0.046282947,-0.5807365,-0.18709935,0.054184258,-0.21561205,-0.07246119,0.05095601,-0.24006361,-0.13151062,0.041125238,-0.17765379,-0.1466231,0.04041964,-0.11975908,-0.15032423
-0.05325377,-0.013197422,-0.062167007,-0.07072985,-0.0951435,-0.09470759,-0.022282124,-0.16049004,-0.11459093,0.031555414,-0.20721227,-0.13596757,-0.09315261,-0.2535761,-0.08684777,-0.12380463,-0.39131057,-0.12814263,-0.14484522,-0.49078596,-0.15848905,-0.1629192,-0.57692146,-0.18068798,-0.03722602,-0.27330995,-0.08112983,-0.043058097,-0.41982305,-0.12507614,-0.04794115,-0.52874774,-0.15777832,-0.056688905,-0.6274475,-0.17636481,0.014409363,-0.25636017,-0.078029,0.031348884,-0.3797567,-0.1345386,0.04321015,-0.47869605,-0.1708589,0.052681625,-0.5690208,-0.19000244,0.057088077,-0.21006727,-0.076878645,0.05306506,-0.23409712,-0.13332087,0.041996777,-0.17178476,-0.1438544,0.0429129,-0.11365235,-0.14402631
-0.053789437,-0.01384908,-0.059405014,-0.0752424,-0.09593654,-0.08914615,-0.033174157,-0.17064744,-0.10788472,0.018289268,-0.22498208,-0.12791912,-0.097590685,-0.26312125,-0.07004009,-0.12677598,-0.4003778,-0.10729737,-0.14629671,-0.49941102,-0.13540965,-0.16315976,-0.58319336,-0.15639605,-0.043071747,-0.28238457,-0.06684377,-0.050515294,-0.430521,-0.106271364,-0.054006875,-0.54055595,-0.1383247,-0.06031269,-0.63983494,-0.15710828,0.007299006,-0.2640614,-0.06753685,0.024764001,-0.39050376,-0.122650355,0.035108864,-0.4894833,-0.1615541,0.044660866,-0.57868093,-0.18325973,0.05149144,-0.21570987,-0.07013919,0.049243867,-0.24383116,-0.12843262,0.039749265,-0.18444622,-0.14272271,0.041083574,-0.12814677,-0.14575003
-0.05266756,-0.015298009,-0.047556505,-0.074820995,-0.10215616,-0.07064126,-0.029129326,-0.17461115,-0.08449624,0.025593758,-0.22078907,-0.09991977,-0.09120685,-0.26575416,-0.06097627,-0.12145609,-0.4018392,-0.09108428,-0.13780603,-0.5000886,-0.11372981,-0.15463331,-0.58461523,-0.13194397,-0.03539884,-0.28520703,-0.06168182,-0.039845467,-0.42863047,-0.09707835,-0.043105245,-0.53472614,-0.12571731,-0.050269544,-0.6303731,-0.14241932,0.014288962,-0.26422852,-0.06471983,0.033841968,-0.38823915,-0.116362125,0.045069456,-0.48770118,-0.1522599,0.05511862,-0.57762843,-0.1717245,0.057329893,-0.21077365,-0.06842685,0.049858928,-0.24907577,-0.12321278,0.036406755,-0.19218713,-0.13440354,0.033615053,-0.13677555,-0.13543439
-0.04811287,-0.015173256,-0.048026398,-0.06755507,-0.09650123,-0.071784094,-0.02309376,-0.16701645,-0.08614827,0.028930306,-0.21482044,-0.1017368,-0.086812496,-0.2577018,-0.06334735,-0.11956045,-0.39310247,-0.0926039,-0.13739043,-0.48905185,-0.11301726,-0.15494949,-0.5720303,-0.12919015,-0.032570362,-0.27745795,-0.063206635,-0.035021007,-0.42440882,-0.09802528,-0.039301157,-0.5322555,-0.12563694,-0.047023892,-0.62863976,-0.14102112,0.015637398,-0.25695318,-0.06500603,0.03819692,-0.38314867,-0.115845054,0.050697446,-0.482013,-0.15070954,0.061814368,-0.5706557,-0.1691351,0.057209373,-0.20419443,-0.06744107,0.053138375,-0.23863596,-0.12020481,0.040500224,-0.1826089,-0.13044485,0.039002717,-0.12713706,-0.13081583
-0.05438155,-0.020352125,-0.043057494,-0.074166894,-0.10046977,-0.068605654,-0.032397807,-0.16681713,-0.08466051,0.010881603,-0.21437204,-0.10208736,-0.08132321,-0.26060098,-0.073858656,-0.11284059,-0.4014436,-0.10389912,-0.12914321,-0.49755,-0.12235865,-0.14492396,-0.5792564,-0.1361721,-0.022640467,-0.27622175,-0.07458071,-0.024151444,-0.43144518,-0.11283336,-0.027374566,-0.54016143,-0.13992876,-0.03360492,-0.6365453,-0.15440188,0.027445614,-0.2532978,-0.07531836,0.046706796,-0.38108438,-0.12551412,0.054109514,-0.4830935,-0.15823403,0.061534405,-0.5694746,-0.17494258,0.066583455,-0.20108789,-0.075738095,0.058321,-0.23661214,-0.123226866,0.0415591,-0.19044697,-0.13075884,0.038180888,-0.14048356,-0.12977895
-0.053096294,-0.017546594,-0.0507785,-0.07255018,-0.102365196,-0.07769084,-0.030917346,-0.17603773,-0.09434894,0.01596713,-0.23023617,-0.112254724,-0.08569437,-0.26697475,-0.07138357,-0.115832955,-0.41089636,-0.10335256,-0.13180327,-0.51100063,-0.1249785,-0.1472733,-0.5956396,-0.14145699,-0.028788865,-0.2822212,-0.07075155,-0.029492974,-0.4350488,-0.109487094,-0.031821966,-0.54502344,-0.13906498,-0.037373662,-0.64160454,-0.15556031,0.021072268,-0.26046616,-0.071984135,0.039172232,-0.38916177,-0.12573265,0.04774666,-0.48964602,-0.16210085,0.05685538,-0.57803386,-0.1814147,0.06348449,-0.20931464,-0.073775746,0.051500082,-0.2478342,-0.12856096,0.035992086,-0.19671482,-0.14010346,0.032770753,-0.14381826,-0.14119308
-0.053526938,-0.024197936,-0.044597168,-0.0769732,-0.11033416,-0.06954393,-0.027797282,-0.17423773,-0.08515435,0.027535021,-0.20852017,-0.10352306,-0.0687024,-0.25891978,-0.07287669,-0.09380925,-0.39157966,-0.10253189,-0.10913718,-0.48596123,-0.12284251,-0.123131365,-0.5640339,-0.13903315,-0.011433303,-0.27167296,-0.074321516,-0.013255894,-0.420893,-0.10879407,-0.016401231,-0.5297535,-0.13671957,-0.019250631,-0.6230057,-0.15383773,0.036745965,-0.24762237,-0.076696254,0.052897274,-0.37800884,-0.12661842,0.059089065,-0.47767383,-0.16398555,0.0691663,-0.55976707,-0.1853378,0.07672769,-0.19523501,-0.07889594,0.05942148,-0.23198706,-0.13234633,0.04050207,-0.19005305,-0.14715579,0.037183046,-0.14344937,-0.15186924
-0.057054818,-0.025043488,-0.05196812,-0.079817414,-0.11222237,-0.08022072,-0.032560647,-0.16904563,-0.09804647,0.020006299,-0.20641506,-0.11914114,-0.072438955,-0.27093214,-0.07813468,-0.09642938,-0.40918308,-0.11313199,-0.11189985,-0.50653595,-0.13802506,-0.1242989,-0.5895407,-0.15737915,-0.013816059,-0.28149545,-0.07876851,-0.014601588,-0.4310382,-0.11835691,-0.017192721,-0.53766584,-0.15057309,-0.018869936,-0.63172895,-0.16982025,0.035992622,-0.25496584,-0.08118449,0.05022478,-0.379139,-0.13692729,0.054474175,-0.4782464,-0.17815633,0.064144015,-0.5654658,-0.20204185,0.074217975,-0.20069945,-0.08415459,0.051736176,-0.21709347,-0.14485025,0.031813264,-0.15576583,-0.16179179,0.03034103,-0.09874916,-0.16710654
-0.054899275,-0.025382161,-0.05066456,-0.07738957,-0.11248791,-0.080380686,-0.029541492,-0.16778725,-0.099650666,0.023543179,-0.20656627,-0.122734986,-0.069753766,-0.26371402,-0.08232988,-0.09525636,-0.40032572,-0.11764928,-0.11383459,-0.4957541,-0.14260928,-0.12884817,-0.5779829,-0.16258009,-0.012671292,-0.2742777,-0.084901564,-0.012973189,-0.42569733,-0.12526806,-0.017070532,-0.53355956,-0.15982322,-0.01880753,-0.6285099,-0.18116736,0.037085056,-0.24929994,-0.08860873,0.047627926,-0.37936735,-0.14818968,0.05159849,-0.4813512,-0.194222,0.0631389,-0.5708879,-0.2216999,0.07757473,-0.19880295,-0.09205403,0.047326505,-0.20823729,-0.16002807,0.023761451,-0.14347649,-0.18204254,0.020533323,-0.08493817,-0.19042376
-0.058407485,-0.029462636,-0.04385253,-0.08328384,-0.119214356,-0.065454386,-0.037068725,-0.17510885,-0.078446075,0.013344586,-0.21398115,-0.0947464,-0.07710153,-0.27513003,-0.06139809,-0.10663253,-0.40910047,-0.09221581,-0.124643356,-0.5048271,-0.11479093,-0.1399787,-0.58658385,-0.13272803,-0.02125299,-0.28949142,-0.06512124,-0.022709012,-0.43742067,-0.09901098,-0.029516697,-0.5427259,-0.12907375,-0.03675157,-0.63765883,-0.14717373,0.0260396,-0.26700824,-0.07101383,0.04272288,-0.39059716,-0.123132765,0.046684384,-0.48987356,-0.16483784,0.053647697,-0.57909775,-0.18941136,0.06480962,-0.21423542,-0.07702998,0.039969027,-0.23317903,-0.1371593,0.01976782,-0.17045265,-0.15502469,0.015017211,-0.11310947,-0.16077186
-0.058496177,-0.03149587,-0.073474005,-0.07126677,-0.11976129,-0.104431294,-0.02135694,-0.18199122,-0.1213077,0.028055966,-0.23153251,-0.13933416,-0.076897085,-0.26914072,-0.07234307,-0.109259725,-0.39923406,-0.10878355,-0.13167635,-0.49690348,-0.13770767,-0.14662725,-0.57859623,-0.15907371,-0.020913422,-0.28197128,-0.06448539,-0.022742152,-0.42806947,-0.09351093,-0.029169977,-0.5352757,-0.12326185,-0.035329938,-0.6264304,-0.14240494,0.026885927,-0.26233733,-0.06380573,0.04019195,-0.3853166,-0.115924194,0.04703766,-0.48696768,-0.16291776,0.055635154,-0.5819416,-0.19271792,0.06439525,-0.21738183,-0.066765904,0.04413718,-0.22406065,-0.13337249,0.02921462,-0.15483803,-0.15791154,0.028214276,-0.093640566,-0.16858861
-0.05643308,-0.03298688,-0.0480609,-0.07254344,-0.12472242,-0.070554666,-0.024460018,-0.1839912,-0.083404005,0.021241605,-0.22627336,-0.09846579,-0.07624757,-0.27239054,-0.06227988,-0.1074422,-0.40998298,-0.093227625,-0.12330544,-0.50735325,-0.11477657,-0.1363799,-0.59060967,-0.13101815,-0.018631458,-0.28610235,-0.0637825,-0.021053493,-0.43868488,-0.09975933,-0.026100993,-0.54480565,-0.12860712,-0.03214234,-0.6386466,-0.14409937,0.030251443,-0.2617318,-0.06787688,0.047484815,-0.3875676,-0.12049554,0.0495857,-0.48975825,-0.15934503,0.054529488,-0.58199835,-0.18026876,0.06897789,-0.20570487,-0.07258672,0.05291128,-0.23355961,-0.12865597,0.033941686,-0.1735003,-0.14153297,0.02951157,-0.11530119,-0.14318515
-0.05762446,-0.031219184,-0.061679706,-0.06858826,-0.1225611,-0.08823694,-0.014832258,-0.18771094,-0.10194229,0.030457497,-0.23790675,-0.11668917,-0.083078444,-0.27185804,-0.07079126,-0.11611873,-0.4086582,-0.10208899,-0.13684785,-0.5059052,-0.12495006,-0.15301514,-0.58915687,-0.1423736,-0.028069198,-0.28848183,-0.06419016,-0.027903616,-0.4368114,-0.09758474,-0.032632887,-0.54301566,-0.12678276,-0.03838736,-0.6339306,-0.14386934,0.020263374,-0.26604098,-0.061470643,0.040800214,-0.39569503,-0.11321115,0.048380673,-0.49880376,-0.1544884,0.056403816,-0.5916901,-0.1782047,0.05901891,-0.21364146,-0.060525287,0.046868026,-0.23854822,-0.11873479,0.029879212,-0.17772955,-0.13571647,0.025284529,-0.12076026,-0.14080998
-0.054094434,-0.030856967,-0.055663288,-0.06900579,-0.12910962,-0.076301746,-0.022929072,-0.20527661,-0.08570432,0.022987902,-0.25786656,-0.09598782,-0.08664906,-0.27976203,-0.05902086,-0.118771255,-0.41892058,-0.09099224,-0.13844317,-0.51870143,-0.114128344,-0.15389109,-0.6010964,-0.1309932,-0.03268528,-0.294905,-0.055949744,-0.0352602,-0.44772667,-0.08956295,-0.039907932,-0.5530447,-0.11695731,-0.045835078,-0.645269,-0.13195223,0.014505327,-0.27347493,-0.057412677,0.03512001,-0.4019121,-0.10856121,0.039419174,-0.50200254,-0.14650738,0.045250714,-0.59456193,-0.1669965,0.053085446,-0.21809334,-0.060808476,0.044278204,-0.25202864,-0.11662263,0.029894888,-0.19474852,-0.13037997,0.026559591,-0.13921857,-0.13282366
-0.059780955,-0.037929833,-0.039800398,-0.07905048,-0.14898401,-0.051791623,-0.033545315,-0.22850281,-0.056336284,0.013746381,-0.2764171,-0.063681565,-0.09227431,-0.29439023,-0.040554598,-0.119735956,-0.43226978,-0.06545472,-0.1333139,-0.5319812,-0.08542597,-0.14714468,-0.6149913,-0.10157827,-0.03617382,-0.30908114,-0.04569114,-0.03673172,-0.4598097,-0.07446056,-0.038395762,-0.56669426,-0.10134918,-0.04424286,-0.6603954,-0.11732432,0.0115715265,-0.2870686,-0.05441357,0.029436588,-0.42003536,-0.10291264,0.033631682,-0.5217047,-0.14213254,0.037847817,-0.61485744,-0.16482815,0.051294863,-0.23259509,-0.06366827,0.038272858,-0.27473217,-0.120885566,0.02081877,-0.21730584,-0.13688877,0.013745964,-0.16180563,-0.1416747
-0.059780955,-0.037929833,-0.039800398,-0.07905048,-0.14898401,-0.051791623,-0.033545315,-0.22850281,-0.056336284,0.013746381,-0.2764171,-0.063681565,-0.09227431,-0.29439023,-0.040554598,-0.119735956,-0.43226978,-0.06545472,-0.1333139,-0.5319812,-0.08542597,-0.14714468,-0.6149913,-0.10157827,-0.03617382,-0.30908114,-0.04569114,-0.03673172,-0.4598097,-0.07446056,-0.038395762,-0.56669426,-0.10134918,-0.04424286,-0.6603954,-0.11732432,0.0115715265,-0.2870686,-0.05441357,0.029436588,-0.42003536,-0.10291264,0.033631682,-0.5217047,-0.14213254,0.037847817,-0.61485744,-0.16482815,0.051294863,-0.23259509,-0.06366827,0.038272858,-0.27473217,-0.120885566,0.02081877,-0.21730584,-0.13688877,0.013745964,-0.16180563,-0.1416747
-0.059808046,-0.046936035,-0.04159718,-0.071068525,-0.17952782,-0.04708778,-0.024446547,-0.27013266,-0.045184966,0.025294185,-0.31790212,-0.0448409,-0.08244911,-0.32053688,-0.021819644,-0.10587692,-0.4556226,-0.04074396,-0.11480296,-0.551033,-0.058063444,-0.12147683,-0.63095576,-0.07281039,-0.025683284,-0.32977575,-0.024107026,-0.016732693,-0.4776103,-0.043380238,-0.012282491,-0.5762893,-0.06655531,-0.010314882,-0.66922486,-0.0808449,0.020629048,-0.3078804,-0.032113906,0.044783533,-0.4386925,-0.07331928,0.048383772,-0.5413535,-0.11454731,0.05503744,-0.64002395,-0.14051996,0.05972731,-0.25578928,-0.041679263,0.045787215,-0.2903217,-0.09318795,0.021721184,-0.2329064,-0.11168816,0.013185501,-0.17770562,-0.11975905
-0.06213218,-0.050269544,-0.05381208,-0.07412171,-0.16887456,-0.069966316,-0.020144284,-0.25620547,-0.08061337,0.03628552,-0.30798316,-0.091498785,-0.078569025,-0.3050852,-0.035421684,-0.09873465,-0.44028884,-0.064792596,-0.107977,-0.5324022,-0.08729587,-0.113021225,-0.6055517,-0.10177946,-0.020907998,-0.30678895,-0.031510983,-0.008452237,-0.44930136,-0.060112286,-0.0029432178,-0.54137695,-0.08626568,0.0021150112,-0.61543,-0.10111342,0.027338743,-0.27725184,-0.034537554,0.041044235,-0.36323345,-0.086906254,0.022685826,-0.3369654,-0.119338706,0.011041701,-0.3183427,-0.12967552,0.06623834,-0.23475114,-0.040124,0.052717984,-0.27568763,-0.0911269,0.025790274,-0.22153118,-0.10769858,0.013399899,-0.17256597,-0.11048486
-0.059359908,-0.051261425,-0.054974552,-0.06902981,-0.17164806,-0.071269564,-0.02066952,-0.25823814,-0.07883633,0.032448232,-0.31500655,-0.088434316,-0.08098838,-0.3153123,-0.034042057,-0.10481027,-0.4454339,-0.05932626,-0.1143758,-0.53665173,-0.08405601,-0.11981535,-0.6146343,-0.10478909,-0.02247411,-0.32273275,-0.033997364,-0.010055423,-0.46754748,-0.056027938,-0.001804769,-0.5636748,-0.085614294,0.0032193065,-0.6550933,-0.10673089,0.024350524,-0.29799578,-0.041173737,0.048415184,-0.4299422,-0.08627132,0.053563118,-0.53283864,-0.1350571,0.060947716,-0.63314056,-0.16856724,0.06387901,-0.24921206,-0.050995585,0.049380362,-0.28481716,-0.11046605,0.023629487,-0.22749677,-0.13640848,0.012646437,-0.17387381,-0.15080307
-0.060748965,-0.049221396,-0.049666982,-0.07028386,-0.1729933,-0.057604585,-0.018823564,-0.25612676,-0.05560436,0.028528214,-0.30477867,-0.054683864,-0.08495325,-0.30991423,-0.03367239,-0.108626306,-0.44853815,-0.0557521,-0.11865184,-0.54436255,-0.07472972,-0.12807834,-0.6253933,-0.08936593,-0.02794534,-0.32064587,-0.0316409,-0.021376431,-0.4756118,-0.052066904,-0.0194242,-0.5832936,-0.07590197,-0.020979345,-0.6828691,-0.08985022,0.018900156,-0.29868993,-0.03550838,0.04682213,-0.42838743,-0.07715416,0.05336976,-0.5284807,-0.1187951,0.05948615,-0.6231171,-0.14403863,0.05988753,-0.24567917,-0.041508485,0.058271468,-0.2729896,-0.09209972,0.04121673,-0.21510085,-0.1095892,0.03451681,-0.16083956,-0.11622602
-0.059341013,-0.04574287,-0.037099108,-0.07254881,-0.16630727,-0.046472233,-0.022219598,-0.24962038,-0.04861043,0.028110087,-0.3013944,-0.053166103,-0.08252168,-0.3107394,-0.031584237,-0.10630825,-0.44931024,-0.051414233,-0.11815891,-0.54584587,-0.06828784,-0.12987003,-0.629116,-0.083073065,-0.02454102,-0.32089192,-0.036440406,-0.01972872,-0.46982396,-0.062144488,-0.018042505,-0.5713229,-0.08662995,-0.019953787,-0.6631182,-0.10068105,0.023513854,-0.29764837,-0.045004964,0.047957063,-0.4307351,-0.09043495,0.05368179,-0.53156173,-0.12787099,0.05947441,-0.62465006,-0.14965822,0.06269425,-0.24459553,-0.05407898,0.052045524,-0.28283554,-0.10579017,0.031446934,-0.22281793,-0.118986726,0.024180174,-0.16587067,-0.12244329
-0.061090767,-0.03506553,-0.052533966,-0.074335575,-0.15179181,-0.06684086,-0.019703269,-0.23712307,-0.06969402,0.03767675,-0.28258175,-0.07367072,-0.08536568,-0.29676285,-0.049568325,-0.10656589,-0.4411822,-0.07690257,-0.11793366,-0.5435233,-0.09677076,-0.1262829,-0.62844574,-0.11209246,-0.025693774,-0.30927736,-0.047543228,-0.01778245,-0.46208143,-0.07765383,-0.016568542,-0.5684297,-0.102951,-0.017177403,-0.6648914,-0.116701074,0.022947669,-0.28770474,-0.050459392,0.052687287,-0.41916966,-0.10173938,0.058711708,-0.51873314,-0.14126706,0.06490731,-0.61328566,-0.16301002,0.06228465,-0.23213255,-0.05505059,0.056310058,-0.26553372,-0.113493115,0.036791682,-0.2028513,-0.12945688,0.02791524,-0.14426804,-0.13342498
-0.058364213,-0.03266555,-0.07729081,-0.06751692,-0.1384083,-0.104952775,-0.011146426,-0.21739739,-0.115906104,0.04585415,-0.26721895,-0.12623033,-0.08252394,-0.2926686,-0.0786558,-0.10868159,-0.4422365,-0.11634064,-0.12553388,-0.5473205,-0.14272936,-0.13652363,-0.63611203,-0.16144475,-0.0243482,-0.30549085,-0.065976486,-0.021364033,-0.4645682,-0.10204287,-0.023071289,-0.57486576,-0.13125698,-0.024095595,-0.6741048,-0.14754054,0.026318312,-0.28095526,-0.059609413,0.054564357,-0.41421407,-0.11632843,0.065280855,-0.51771414,-0.15867831,0.077622175,-0.61789584,-0.18186337,0.06774789,-0.22367156,-0.056800675,0.05943215,-0.25202125,-0.11938593,0.04184121,-0.19069612,-0.13669224,0.036355793,-0.13331479,-0.14104927
-0.06019807,-0.03467363,-0.072197594,-0.067085266,-0.1401887,-0.09941054,-0.0072396398,-0.21278024,-0.11090853,0.046238244,-0.26463956,-0.12293751,-0.0849033,-0.28845924,-0.07831859,-0.10984537,-0.4386068,-0.1161306,-0.1257034,-0.5463941,-0.14345227,-0.13674751,-0.63847095,-0.16311692,-0.026032329,-0.30341628,-0.06895431,-0.021458745,-0.46384555,-0.107305855,-0.023446739,-0.5812831,-0.1396906,-0.027123213,-0.6848597,-0.15776964,0.025159657,-0.28197104,-0.06481841,0.054642677,-0.4178722,-0.12420058,0.063758194,-0.52441263,-0.16991723,0.07127607,-0.6254792,-0.1952122,0.06645185,-0.22805244,-0.063289225,0.061775684,-0.2450518,-0.1287191,0.044075847,-0.17600024,-0.14731091,0.037319303,-0.112974405,-0.15205808
-0.061196208,-0.029374957,-0.08132579,-0.07200122,-0.13281065,-0.11225888,-0.012827098,-0.21072018,-0.12647532,0.051962554,-0.25771642,-0.14067563,-0.08330703,-0.29127103,-0.07779757,-0.11130172,-0.43723196,-0.11545117,-0.12634757,-0.54192626,-0.14431368,-0.13652137,-0.6310555,-0.16554874,-0.02402711,-0.30564505,-0.06438461,-0.01986128,-0.46067172,-0.09687473,-0.022916317,-0.57107085,-0.12760045,-0.026596129,-0.6681966,-0.14602067,0.028124869,-0.2807148,-0.058055602,0.055072248,-0.4166649,-0.11460447,0.06379402,-0.5233556,-0.16229601,0.07305008,-0.62424475,-0.19039518,0.07078439,-0.22507197,-0.055446047,0.06313509,-0.2464968,-0.12427288,0.04663968,-0.18102527,-0.14803718,0.042202353,-0.124064505,-0.15673916
-0.059562206,-0.027765512,-0.08105968,-0.0706951,-0.12474716,-0.115854636,-0.015883446,-0.1999504,-0.13467845,0.04456663,-0.25127417,-0.15414403,-0.080325246,-0.28556585,-0.08400842,-0.108269066,-0.43043497,-0.12464822,-0.12404525,-0.5350884,-0.15564166,-0.13533545,-0.6239499,-0.17823526,-0.021793842,-0.299047,-0.07182173,-0.018410802,-0.45615274,-0.10714787,-0.021763504,-0.56782585,-0.13923225,-0.02639705,-0.66492206,-0.15872146,0.03031236,-0.2734027,-0.06617068,0.056759417,-0.40788728,-0.12282839,0.065028846,-0.5157043,-0.16918182,0.074210644,-0.6147516,-0.19680831,0.07125163,-0.21774894,-0.06426665,0.06387067,-0.24206,-0.1326827,0.04559791,-0.17903012,-0.15538612,0.040247023,-0.121270716,-0.163507
-0.055209458,-0.037970245,-0.06254357,-0.07061428,-0.14061451,-0.086027734,-0.015122175,-0.216452,-0.096841685,0.04615116,-0.2605976,-0.10848321,-0.07482499,-0.29847628,-0.06644867,-0.10351163,-0.44503725,-0.102554284,-0.11993495,-0.55107874,-0.12894501,-0.13267455,-0.64162326,-0.14816768,-0.017125726,-0.31175226,-0.062090307,-0.0139145255,-0.46899757,-0.09894255,-0.017012894,-0.58419216,-0.1298778,-0.019646704,-0.68594265,-0.14680864,0.033171475,-0.28453922,-0.06252614,0.058886945,-0.41771376,-0.11949085,0.06583089,-0.525025,-0.16226853,0.075122654,-0.62519443,-0.18489596,0.07291359,-0.22104841,-0.06512655,0.061702907,-0.2532366,-0.12783912,0.04046333,-0.19208539,-0.14402924,0.033432543,-0.132949,-0.1468079
-0.060843408,-0.038252056,-0.066814,-0.076824486,-0.13554186,-0.10026851,-0.024246097,-0.19932556,-0.12269441,0.03634572,-0.24472356,-0.1482231,-0.062059283,-0.30015582,-0.07439891,-0.091377676,-0.44105244,-0.11688237,-0.10860282,-0.5468523,-0.15207165,-0.1211288,-0.63740206,-0.17889062,-0.0041237473,-0.30774897,-0.07354053,0.000101566315,-0.45890415,-0.111054644,-0.002661407,-0.5742139,-0.14809994,-0.0057371855,-0.6735605,-0.17258267,0.04534036,-0.27659082,-0.07849869,0.061417043,-0.40538785,-0.13699125,0.064424336,-0.51629055,-0.18793052,0.07288468,-0.616966,-0.22063532,0.081893444,-0.2187925,-0.0861726,0.05327958,-0.23440605,-0.1604277,0.024020553,-0.16958278,-0.18807243,0.012852848,-0.11213052,-0.20042056
-0.06302118,-0.03780967,-0.07417806,-0.082419395,-0.13378787,-0.11417427,-0.029126883,-0.19971478,-0.14250143,0.033560634,-0.24682981,-0.17420669,-0.061968923,-0.30182332,-0.082995355,-0.09013653,-0.44196838,-0.12548909,-0.107305825,-0.54889965,-0.16037643,-0.11951941,-0.6391554,-0.18774861,-0.0024303794,-0.30513465,-0.082425565,-0.0005555153,-0.46113542,-0.12132456,-0.0015429854,-0.5795435,-0.15928365,-0.0023081303,-0.68036556,-0.18525817,0.047409534,-0.2731533,-0.08857337,0.059836328,-0.4077109,-0.15055673,0.06170392,-0.5161591,-0.20377287,0.06971866,-0.6140688,-0.23873991,0.08331907,-0.22033644,-0.0979962,0.048410416,-0.24369359,-0.17756437,0.019501269,-0.17828351,-0.20866078,0.00978446,-0.11978358,-0.22402464
-0.059113562,-0.034379363,-0.054826364,-0.089427054,-0.13375545,-0.08226756,-0.03975463,-0.19980687,-0.100563645,0.026323617,-0.23537338,-0.12314219,-0.056783795,-0.29756814,-0.071811855,-0.081709325,-0.43527675,-0.11120248,-0.099944055,-0.53897035,-0.14215173,-0.11415517,-0.6279012,-0.1665645,0.0011361837,-0.3019604,-0.07611752,0.0004555583,-0.4518422,-0.11437665,-0.0039162636,-0.5656072,-0.15026131,-0.0057691336,-0.66387856,-0.17403382,0.0497337,-0.2678489,-0.084490776,0.058519542,-0.3965413,-0.14507365,0.053640127,-0.5015112,-0.19504021,0.057355464,-0.5979769,-0.22618926,0.08511251,-0.20636934,-0.093887426,0.04424411,-0.22346157,-0.16738257,0.013325274,-0.16088063,-0.19424838,0.0029687881,-0.10587078,-0.20641929
-0.057199895,-0.026225924,-0.049320117,-0.092333406,-0.122601986,-0.074312754,-0.052281678,-0.19028825,-0.09025922,0.0071429014,-0.22456294,-0.11051061,-0.05813968,-0.28170717,-0.07409826,-0.08139807,-0.41828793,-0.110384814,-0.104070306,-0.51829064,-0.13804458,-0.12233767,-0.60249853,-0.15964618,-0.005577326,-0.28864974,-0.0773156,-0.0135912895,-0.44165415,-0.11161973,-0.0273934,-0.5563644,-0.14397696,-0.03660214,-0.65586436,-0.16544136,0.041404128,-0.2540623,-0.08272525,0.04999286,-0.38994747,-0.13833429,0.039565206,-0.49489522,-0.18637638,0.038455367,-0.58703184,-0.21634257,0.07890487,-0.18902534,-0.08805797,0.040935457,-0.20072985,-0.15493077,0.011610866,-0.14681941,-0.17988497,0.0043150187,-0.0967381,-0.19103138
-0.06417602,-0.02125454,-0.07236194,-0.10277861,-0.10599053,-0.10881218,-0.063141584,-0.17063564,-0.13323201,0.0021629333,-0.20554817,-0.16087723,-0.07070935,-0.27909172,-0.089079045,-0.09449631,-0.40792823,-0.1359144,-0.12261981,-0.505326,-0.17249352,-0.14008498,-0.58461946,-0.1993014,-0.019523382,-0.2859459,-0.08578168,-0.036907375,-0.44193888,-0.12331811,-0.05235976,-0.5562615,-0.15914166,-0.060354948,-0.65609956,-0.18376511,0.028338373,-0.25344032,-0.08829477,0.02979213,-0.38059255,-0.14597113,0.019414544,-0.481295,-0.19687109,0.016256452,-0.57415235,-0.23009525,0.06127262,-0.19338018,-0.09385683,0.020934045,-0.1901192,-0.16610551,-0.0043184757,-0.13181263,-0.19636847,-0.009690821,-0.084282994,-0.21184325
-0.062253356,-0.02156347,-0.056495693,-0.105896324,-0.111534834,-0.08474056,-0.06822258,-0.1814714,-0.103075564,-0.004532516,-0.21771914,-0.12559438,-0.06999105,-0.28651452,-0.083618656,-0.09650272,-0.41615874,-0.13031732,-0.12397614,-0.516446,-0.16580828,-0.14295402,-0.5996123,-0.19139096,-0.01555115,-0.29645193,-0.08673335,-0.027575254,-0.45231745,-0.12441394,-0.04291761,-0.5673142,-0.15759201,-0.052920043,-0.6690109,-0.17955473,0.033189595,-0.26401162,-0.09391098,0.031980217,-0.38961875,-0.15342782,0.019568384,-0.49222243,-0.20355354,0.0134372115,-0.5864736,-0.23450014,0.067605734,-0.19878322,-0.10228579,0.024710476,-0.20026213,-0.17435177,-0.0032785535,-0.14250892,-0.20311643,-0.01233536,-0.09450048,-0.21681881
-0.06408924,-0.025196254,-0.04959674,-0.103899926,-0.116196394,-0.07314597,-0.062251866,-0.18138355,-0.08852808,0.0019652843,-0.21469915,-0.10858143,-0.070052505,-0.29093635,-0.071160555,-0.096680224,-0.4192769,-0.1132338,-0.12269652,-0.51958656,-0.14673336,-0.14053407,-0.6048404,-0.17207865,-0.012725294,-0.2990014,-0.077782884,-0.021583855,-0.44708604,-0.11327391,-0.034712553,-0.56241894,-0.14758,-0.042163134,-0.66191626,-0.17113174,0.03697723,-0.26753378,-0.08856152,0.037371457,-0.3908031,-0.14723398,0.026864946,-0.4906498,-0.19855033,0.02373749,-0.580709,-0.23063275,0.07190347,-0.2045272,-0.10018248,0.024865687,-0.21260226,-0.17357904,-0.0036785603,-0.15036464,-0.20361638,-0.012688458,-0.0969547,-0.21804814
-0.05816388,-0.031244934,-0.039610993,-0.08698395,-0.12834996,-0.057906363,-0.041199207,-0.20051485,-0.06864583,0.012131035,-0.24751568,-0.08293614,-0.07354936,-0.28752327,-0.058101363,-0.105532914,-0.42388415,-0.08887185,-0.12697703,-0.5239696,-0.112447545,-0.14642835,-0.6113962,-0.13226788,-0.01616007,-0.30330676,-0.0664635,-0.024546802,-0.45476204,-0.10033179,-0.033938766,-0.5697986,-0.13123688,-0.042370915,-0.671392,-0.15122356,0.03306675,-0.2789989,-0.07723614,0.045306087,-0.41150063,-0.13209899,0.04642105,-0.51836747,-0.17600526,0.05006534,-0.6142783,-0.20251735,0.074729085,-0.22032416,-0.087807894,0.04722786,-0.25264692,-0.15268756,0.019608796,-0.19118482,-0.17308003,0.006093204,-0.13219392,-0.18104239
-0.059484363,-0.027513742,-0.053004425,-0.080836296,-0.12682784,-0.07350861,-0.027632356,-0.20086521,-0.08203211,0.027480125,-0.24868745,-0.09202534,-0.08679041,-0.28176934,-0.0701453,-0.122728646,-0.42203915,-0.10296306,-0.14698398,-0.5221492,-0.12622139,-0.16993228,-0.610497,-0.14432305,-0.028948426,-0.2998662,-0.069708556,-0.038918912,-0.45129514,-0.10859026,-0.04811275,-0.5609567,-0.1383339,-0.057393074,-0.6595049,-0.15470237,0.02067554,-0.2789694,-0.07224509,0.035416245,-0.4134012,-0.13020508,0.03956455,-0.5196202,-0.17064956,0.04370445,-0.6191634,-0.19137046,0.06353885,-0.22072637,-0.0755771,0.0510242,-0.26026398,-0.13330422,0.033846974,-0.19754517,-0.14483148,0.028460681,-0.13299805,-0.1456181
-0.04093039,-0.022631109,-0.086710505,-0.048588395,-0.12096304,-0.11388024,-0.0022889376,-0.2068069,-0.1227176,0.04431629,-0.2636941,-0.13063936,-0.11224899,-0.26855296,-0.07488025,-0.15120071,-0.40699172,-0.10979284,-0.17673576,-0.50898457,-0.13701643,-0.1983428,-0.592782,-0.1560567,-0.058318138,-0.2895856,-0.05585343,-0.07031244,-0.44187248,-0.08396324,-0.08052242,-0.55252534,-0.11042828,-0.09293437,-0.6483965,-0.12595788,-0.007876337,-0.27486658,-0.04523816,0.0026640296,-0.40907744,-0.09534599,0.0024573803,-0.5135087,-0.1383664,0.0008177161,-0.6142239,-0.16306587,0.03680879,-0.2283873,-0.03953069,0.034511626,-0.2599154,-0.09736136,0.031586945,-0.20242012,-0.11547192,0.03619486,-0.14859241,-0.12124542
-0.042705357,-0.009578943,-0.059141085,-0.053689897,-0.1018222,-0.08285874,-0.008294582,-0.19592023,-0.09403444,0.030274332,-0.26822352,-0.10563325,-0.11498463,-0.2561916,-0.06725658,-0.15431553,-0.40041578,-0.09786349,-0.17496878,-0.5021859,-0.12067177,-0.19524086,-0.584919,-0.13698801,-0.065015495,-0.28104383,-0.058894545,-0.07808328,-0.43218565,-0.09002585,-0.0839268,-0.54243207,-0.11709119,-0.093036294,-0.6363465,-0.13314795,-0.017391503,-0.2679537,-0.054162446,-0.007900238,-0.406363,-0.10002258,-0.002254963,-0.5094651,-0.13530096,0.0019947886,-0.6006099,-0.1552825,0.027372897,-0.22471488,-0.051154196,0.034089625,-0.27537054,-0.09838216,0.033617675,-0.24421299,-0.109629445,0.037821352,-0.20998198,-0.11165154
-0.04098171,-0.01594907,-0.055155687,-0.044683278,-0.113964975,-0.075912885,0.00221318,-0.20704907,-0.084066465,0.037209094,-0.27875537,-0.09322488,-0.1091975,-0.26061988,-0.066209696,-0.14512101,-0.40663522,-0.09571509,-0.16527176,-0.5077102,-0.11743506,-0.18532157,-0.589576,-0.13282076,-0.05919963,-0.28184462,-0.05856532,-0.07067025,-0.43406487,-0.0900391,-0.07514173,-0.54453206,-0.11770316,-0.0828667,-0.63831246,-0.13410063,-0.012545288,-0.26595426,-0.053854667,-0.0030014515,-0.4063335,-0.10015125,0.003651321,-0.511366,-0.13693683,0.008904815,-0.6051449,-0.15791826,0.02947539,-0.2211352,-0.050137646,0.03741443,-0.2698784,-0.096861,0.038999915,-0.24431974,-0.1092148,0.044841588,-0.21750778,-0.112368464
-0.045725465,-0.019111693,-0.059448518,-0.055118322,-0.11105138,-0.080079444,-0.009639084,-0.20718932,-0.08883708,0.034948528,-0.27440816,-0.09809829,-0.1108107,-0.26488924,-0.055189557,-0.13706502,-0.41169298,-0.082555,-0.15052491,-0.51447797,-0.1042818,-0.16407716,-0.5965822,-0.12047075,-0.057886302,-0.28511423,-0.046695743,-0.062335134,-0.43402666,-0.075156316,-0.062319994,-0.5425297,-0.10296873,-0.06635445,-0.6342472,-0.11966625,-0.010825872,-0.26809144,-0.04274975,0.0039479136,-0.40376195,-0.08668266,0.01247263,-0.5067406,-0.12308408,0.01850915,-0.5982038,-0.14436238,0.030733705,-0.22188443,-0.04107214,0.040744722,-0.2724015,-0.09020896,0.044677317,-0.24909258,-0.10491549,0.050435007,-0.22364962,-0.109089084
-0.045660794,-0.020915627,-0.065639384,-0.05283755,-0.11848235,-0.09093768,-0.0037065744,-0.21220416,-0.103358805,0.044956386,-0.27341658,-0.116022274,-0.10258591,-0.27151328,-0.06463852,-0.12663448,-0.41743773,-0.09375748,-0.1393446,-0.52166706,-0.11637931,-0.15243787,-0.60416734,-0.13302319,-0.050010502,-0.29380238,-0.052986063,-0.052747905,-0.44278282,-0.081358634,-0.050728977,-0.5520141,-0.108058535,-0.053581297,-0.6458875,-0.12423421,-0.0031359792,-0.2776096,-0.045994084,0.015813708,-0.41418916,-0.08906058,0.029021442,-0.51454693,-0.12465721,0.038534164,-0.6029897,-0.14568415,0.038322806,-0.23193741,-0.041804124,0.05243647,-0.2806002,-0.090409204,0.05475372,-0.2540818,-0.105191715,0.057789207,-0.22623277,-0.10951391
-0.043778956,-0.020085275,-0.06820227,-0.050834298,-0.1136539,-0.09571862,0.0005655885,-0.20499957,-0.1090294,0.050042868,-0.26729792,-0.12243815,-0.09927863,-0.2639054,-0.07528718,-0.12521201,-0.41295457,-0.10733566,-0.13982052,-0.5167753,-0.13076736,-0.15498245,-0.60096884,-0.14736469,-0.048689663,-0.28545445,-0.061627287,-0.051475465,-0.43865103,-0.09351385,-0.050167024,-0.5495386,-0.121030144,-0.05246538,-0.64338815,-0.13702682,-0.0019564629,-0.27013093,-0.051920813,0.01813656,-0.40437257,-0.096632585,0.030236542,-0.5059469,-0.13179286,0.040387154,-0.59484506,-0.15179127,0.039004683,-0.22592896,-0.04495213,0.04995811,-0.27099478,-0.09236271,0.048947453,-0.24018067,-0.10478649,0.052472353,-0.20649391,-0.107248224
-0.047346413,-0.027245402,-0.08221178,-0.04727781,-0.1309948,-0.111233264,0.0076904893,-0.21735233,-0.123552725,0.05692154,-0.27889305,-0.13551971,-0.097159326,-0.28079605,-0.073744394,-0.121736705,-0.42579585,-0.11001358,-0.13649362,-0.5326667,-0.14002499,-0.14879903,-0.6197098,-0.16126408,-0.043055832,-0.30183184,-0.05462941,-0.04147631,-0.45052397,-0.08352049,-0.0410465,-0.563606,-0.11270045,-0.044974804,-0.6602901,-0.13087067,0.005887985,-0.28516722,-0.042638443,0.029103875,-0.4212619,-0.09115496,0.041814506,-0.5232108,-0.13275415,0.05219668,-0.6152462,-0.15734413,0.048134863,-0.23924965,-0.034903657,0.057038724,-0.27521652,-0.09391857,0.052705884,-0.23191613,-0.11417614,0.05382818,-0.19110209,-0.12094965
-0.049934328,-0.030967593,-0.05066732,-0.054424167,-0.14211333,-0.06792696,0.00549376,-0.22539818,-0.07445146,0.055283725,-0.27637714,-0.082287624,-0.09128347,-0.28713185,-0.054122906,-0.11339918,-0.43303573,-0.08285569,-0.124328494,-0.5380478,-0.10529687,-0.1362248,-0.62378657,-0.122334935,-0.035930336,-0.30355263,-0.051795658,-0.033405006,-0.45559752,-0.08106616,-0.030811667,-0.56652015,-0.10767363,-0.032831788,-0.66373324,-0.12381384,0.011608124,-0.2814024,-0.0533596,0.037055373,-0.41959384,-0.10024508,0.048018456,-0.52450466,-0.13734429,0.057088614,-0.61894554,-0.15873764,0.054287255,-0.22600919,-0.05622296,0.058088064,-0.2708609,-0.10824425,0.048361957,-0.2320165,-0.12219559,0.044281244,-0.19435674,-0.12605208
-0.058544576,-0.040171146,-0.041278746,-0.0658502,-0.15579402,-0.050521933,-0.0021577477,-0.23376387,-0.05029814,0.048445284,-0.2787612,-0.051673207,-0.08338946,-0.3009162,-0.04200628,-0.10428673,-0.45080107,-0.064100884,-0.11315966,-0.5554219,-0.080466315,-0.120797634,-0.64042234,-0.09348646,-0.022787511,-0.3132425,-0.04367554,-0.019568205,-0.4688959,-0.07034213,-0.016944528,-0.57866466,-0.09477975,-0.016262949,-0.67266434,-0.10849764,0.025633872,-0.28887087,-0.048924606,0.053411067,-0.4283702,-0.09543158,0.06425363,-0.5334286,-0.1343183,0.07293391,-0.6274678,-0.15601757,0.067123115,-0.2310692,-0.054542407,0.06762934,-0.2817428,-0.106253415,0.05604589,-0.23828483,-0.12061561,0.049216032,-0.19167548,-0.124425836
-0.058544576,-0.040171146,-0.041278746,-0.0658502,-0.15579402,-0.050521933,-0.0021577477,-0.23376387,-0.05029814,0.048445284,-0.2787612,-0.051673207,-0.08338946,-0.3009162,-0.04200628,-0.10428673,-0.45080107,-0.064100884,-0.11315966,-0.5554219,-0.080466315,-0.120797634,-0.64042234,-0.09348646,-0.022787511,-0.3132425,-0.04367554,-0.019568205,-0.4688959,-0.07034213,-0.016944528,-0.57866466,-0.09477975,-0.016262949,-0.67266434,-0.10849764,0.025633872,-0.28887087,-0.048924606,0.053411067,-0.4283702,-0.09543158,0.06425363,-0.5334286,-0.1343183,0.07293391,-0.6274678,-0.15601757,0.067123115,-0.2310692,-0.054542407,0.06762934,-0.2817428,-0.106253415,0.05604589,-0.23828483,-0.12061561,0.049216032,-0.19167548,-0.124425836
-0.053106904,-0.038449883,-0.058698513,-0.058429003,-0.1437974,-0.078518756,0.00016140938,-0.21931523,-0.08641518,0.056970775,-0.26575267,-0.09532489,-0.073976696,-0.29304528,-0.056723658,-0.09565222,-0.44208694,-0.088488236,-0.10555312,-0.54882205,-0.11201099,-0.11315939,-0.6378826,-0.12892997,-0.015834272,-0.3053519,-0.051929045,-0.009003639,-0.46212125,-0.08307736,-0.006450951,-0.5744506,-0.109915234,-0.006002903,-0.6741991,-0.124225385,0.033073366,-0.28038442,-0.052283157,0.06134945,-0.41464865,-0.10351991,0.071305096,-0.5173486,-0.143081,0.082149506,-0.6143918,-0.16422606,0.07398546,-0.22027487,-0.05474281,0.071074545,-0.26050192,-0.11263335,0.054902494,-0.20483029,-0.12754205,0.048778415,-0.15122455,-0.12985417
-0.052393794,-0.034767866,-0.064039886,-0.057989538,-0.13570303,-0.08965184,-0.0011600852,-0.21193069,-0.10268303,0.05648786,-0.26134354,-0.11706863,-0.072762966,-0.29052502,-0.06708306,-0.0912182,-0.4378659,-0.10420353,-0.1004771,-0.5449053,-0.13268301,-0.10892978,-0.6351576,-0.15300962,-0.014409959,-0.3011946,-0.061235476,-0.0088762045,-0.4566456,-0.09527775,-0.0083341,-0.569238,-0.12418232,-0.010427773,-0.6700245,-0.1404105,0.03598249,-0.27416474,-0.06054625,0.06309545,-0.40734023,-0.11375069,0.073026836,-0.51033914,-0.15319589,0.084605515,-0.6079037,-0.17497021,0.0773291,-0.21366656,-0.062403303,0.07364237,-0.24945271,-0.1225396,0.055489957,-0.19129479,-0.1373972,0.04942119,-0.13658029,-0.13986339
-0.053473413,-0.03745991,-0.056782167,-0.06100428,-0.14334595,-0.07718742,-0.001816988,-0.22095901,-0.08620402,0.054587007,-0.26911485,-0.09679499,-0.07300639,-0.29611498,-0.059114166,-0.092672914,-0.4447338,-0.0926278,-0.10265604,-0.5511606,-0.11813727,-0.11187953,-0.6410308,-0.13669099,-0.015717745,-0.30504125,-0.05671316,-0.011731207,-0.46248955,-0.09077313,-0.011559963,-0.57605827,-0.1196118,-0.012519836,-0.67893547,-0.13543315,0.03329575,-0.27786845,-0.058950182,0.06031227,-0.414285,-0.112570345,0.06985068,-0.5169487,-0.15186167,0.08149624,-0.6145981,-0.17262787,0.07441288,-0.2150107,-0.06298327,0.07011157,-0.26385885,-0.12154743,0.052720666,-0.20863736,-0.13463037,0.046953678,-0.15306324,-0.13566093
-0.056928217,-0.04301721,-0.068415985,-0.060781956,-0.15237683,-0.08850275,0.0029134154,-0.22384155,-0.09426982,0.06081611,-0.2672072,-0.1007649,-0.07579577,-0.30086964,-0.06104224,-0.09600341,-0.4482854,-0.09505257,-0.10728419,-0.5543151,-0.122256264,-0.114982426,-0.6434725,-0.14193504,-0.016207814,-0.30981642,-0.052412137,-0.009386182,-0.46345195,-0.08179831,-0.008491516,-0.57438487,-0.11007592,-0.0094617605,-0.6729529,-0.1268546,0.03297907,-0.28457874,-0.050758034,0.060412347,-0.41764876,-0.10125057,0.069252074,-0.51891845,-0.1445559,0.07878631,-0.6188004,-0.16986209,0.073049426,-0.22626418,-0.052530143,0.06909239,-0.26327306,-0.11237138,0.053591847,-0.20598263,-0.13106859,0.047510803,-0.15253204,-0.13704306
-0.055780172,-0.03912282,-0.072879076,-0.061007142,-0.14736414,-0.09706309,7.43866e-05,-0.22274268,-0.10620959,0.06150168,-0.26315153,-0.11601153,-0.076814055,-0.29823053,-0.0678974,-0.09553146,-0.44655347,-0.10487317,-0.105811596,-0.55265325,-0.13419527,-0.11292976,-0.6421736,-0.15517038,-0.01797694,-0.30722082,-0.05744685,-0.011658251,-0.46053857,-0.08953038,-0.010667264,-0.57311773,-0.119352706,-0.011444628,-0.673925,-0.13696837,0.032455623,-0.282593,-0.053872563,0.059176862,-0.41464075,-0.107037626,0.069188,-0.51724166,-0.1511684,0.08027601,-0.6175581,-0.17650437,0.0735693,-0.2257849,-0.05385293,0.06828946,-0.26151443,-0.11599835,0.052721143,-0.20379698,-0.13515393,0.04782796,-0.14916044,-0.1409017
-0.055024385,-0.042095542,-0.052989908,-0.061755836,-0.15567243,-0.06716236,-0.00044566393,-0.23198122,-0.07046287,0.059614778,-0.2717526,-0.07533692,-0.07557374,-0.305211,-0.04699919,-0.096539944,-0.4518564,-0.076836646,-0.10503623,-0.5582385,-0.100845024,-0.113042235,-0.6489628,-0.11911034,-0.01605481,-0.31490684,-0.045679387,-0.0074918866,-0.46698397,-0.0759778,-0.0044046044,-0.5787785,-0.10362767,-0.004273653,-0.6810585,-0.119034395,0.03334123,-0.28890693,-0.04971467,0.060084403,-0.42128357,-0.10102958,0.0691458,-0.5242078,-0.14166106,0.0786221,-0.6254556,-0.1639078,0.07491732,-0.22798729,-0.055674523,0.06882477,-0.27083623,-0.115097366,0.05026251,-0.21132421,-0.13095239,0.042265534,-0.15651226,-0.1342129
-0.056713462,-0.038882256,-0.06333302,-0.061703324,-0.15183741,-0.08157468,0.0010549426,-0.22819036,-0.0865153,0.062476993,-0.26863575,-0.092680395,-0.0749405,-0.30273253,-0.056769457,-0.0947997,-0.44714966,-0.09075679,-0.10614547,-0.554362,-0.11816196,-0.114649445,-0.6452384,-0.138518,-0.015434444,-0.31302077,-0.05081382,-0.0058144927,-0.46206266,-0.08183828,-0.004904628,-0.57294786,-0.11033043,-0.0061297417,-0.67311865,-0.12669522,0.034508586,-0.28720754,-0.051191084,0.061970115,-0.41718403,-0.10449986,0.069467664,-0.51931,-0.14760125,0.0778445,-0.6208459,-0.17208251,0.0749473,-0.22663164,-0.05438892,0.06718838,-0.25286496,-0.11733325,0.04744488,-0.18688792,-0.13607387,0.03951466,-0.13010174,-0.14146426
-0.05672741,-0.03615731,-0.061573256,-0.06567925,-0.14888102,-0.07851823,-0.0024602413,-0.22607261,-0.08218669,0.060404062,-0.2669552,-0.08719681,-0.07569182,-0.298092,-0.05820715,-0.096022904,-0.44280675,-0.09064424,-0.10705501,-0.5500221,-0.11573473,-0.11541006,-0.6408129,-0.13454959,-0.016597569,-0.31082004,-0.05287439,-0.0075929165,-0.46319225,-0.08388794,-0.006825745,-0.5774345,-0.112477705,-0.007236421,-0.68050194,-0.12883115,0.033017814,-0.2855897,-0.05323851,0.06317973,-0.41852424,-0.10743285,0.07224697,-0.52014256,-0.15135907,0.08195019,-0.61998796,-0.17599261,0.07472479,-0.22411668,-0.055881888,0.06751251,-0.25277585,-0.12043908,0.047772467,-0.18868923,-0.14042974,0.038962185,-0.13286936,-0.14639524
-0.055276155,-0.036999226,-0.05691806,-0.06315726,-0.14835012,-0.073287,-0.004324615,-0.2292403,-0.077985525,0.0567773,-0.26947403,-0.08385411,-0.07761228,-0.30119526,-0.051448327,-0.09845713,-0.4478262,-0.0835252,-0.10921663,-0.5543159,-0.108718194,-0.11737117,-0.64349306,-0.12716973,-0.018472254,-0.31255805,-0.04764744,-0.009408891,-0.46399716,-0.07771692,-0.007691145,-0.576077,-0.10494346,-0.00811708,-0.6778041,-0.12015787,0.03163296,-0.28735316,-0.049365222,0.061459363,-0.418488,-0.099851705,0.07205498,-0.5197917,-0.13998897,0.08317208,-0.61746705,-0.16219608,0.07218909,-0.22633666,-0.053468797,0.06688547,-0.26138312,-0.11232433,0.04873842,-0.20007628,-0.12821905,0.041981995,-0.14386332,-0.13154486
-0.05383891,-0.035500288,-0.05204655,-0.063060045,-0.15074891,-0.06543818,-0.004036188,-0.23160464,-0.067201205,0.055890143,-0.2730176,-0.06985806,-0.07617265,-0.3014081,-0.047099326,-0.10013366,-0.44253618,-0.07300995,-0.11046961,-0.5433738,-0.09226953,-0.11974448,-0.628052,-0.10720673,-0.016581237,-0.31421894,-0.044713214,-0.007997692,-0.46537748,-0.0723949,-0.0046153665,-0.57379144,-0.09758969,-0.0037033558,-0.6728755,-0.11131282,0.0320763,-0.2881803,-0.04716577,0.06436652,-0.41775388,-0.09805119,0.07869315,-0.5182153,-0.13929124,0.09280622,-0.6153393,-0.16175888,0.07235789,-0.22680807,-0.050765064,0.067315996,-0.26501268,-0.109266594,0.04854995,-0.20751637,-0.12579359,0.040287316,-0.15327871,-0.129872
-0.05594784,-0.038192213,-0.054686643,-0.06373185,-0.15292335,-0.067933016,-0.0038489103,-0.230573,-0.06771074,0.054466307,-0.27293062,-0.06794598,-0.08021456,-0.3016119,-0.057227228,-0.103428155,-0.44894588,-0.088278845,-0.116974056,-0.55459154,-0.11101858,-0.12685895,-0.64483756,-0.12761874,-0.01980573,-0.31497753,-0.053846855,-0.012088358,-0.46840605,-0.085691676,-0.0117691755,-0.5844166,-0.11238739,-0.013534725,-0.68948615,-0.12672922,0.029915094,-0.29250723,-0.055342846,0.06237322,-0.42046112,-0.10892298,0.076399505,-0.52370083,-0.15119267,0.08812344,-0.62435806,-0.17351873,0.070094824,-0.23254013,-0.058380622,0.06404334,-0.26344883,-0.116572544,0.044323564,-0.20006412,-0.13170125,0.034115434,-0.13890272,-0.13452119
-0.059450865,-0.034485042,-0.060601737,-0.069770455,-0.14757442,-0.07882851,-0.0075010657,-0.22635055,-0.083246484,0.051745296,-0.2679273,-0.08793546,-0.08708161,-0.29799443,-0.06138621,-0.11649951,-0.44064078,-0.092329726,-0.13307863,-0.54427636,-0.115808345,-0.14631584,-0.631879,-0.13353069,-0.024735391,-0.3121456,-0.055788152,-0.018284082,-0.46397144,-0.08666639,-0.015060186,-0.57722914,-0.114245616,-0.014504254,-0.6789878,-0.1305714,0.025343835,-0.28921336,-0.05560604,0.058301687,-0.41831842,-0.10778997,0.07544452,-0.520513,-0.1505012,0.09022522,-0.6175008,-0.17422184,0.065319896,-0.23198307,-0.05756061,0.06221646,-0.27139807,-0.11605095,0.044386566,-0.2113998,-0.13262546,0.03518653,-0.15210634,-0.13699976
-0.058885098,-0.02822411,-0.051181953,-0.07395315,-0.14346617,-0.067362495,-0.011190116,-0.22553629,-0.07217333,0.053296745,-0.25998068,-0.07805523,-0.08381891,-0.29824293,-0.05696635,-0.118258715,-0.4397125,-0.082640216,-0.13669208,-0.5421481,-0.10148673,-0.1543589,-0.6298566,-0.11744729,-0.023241103,-0.3137586,-0.054958995,-0.018942535,-0.46559078,-0.085409984,-0.014848113,-0.5769614,-0.110661045,-0.014107764,-0.67628825,-0.12547904,0.026023567,-0.28793633,-0.056784146,0.05969757,-0.416552,-0.10764886,0.07719958,-0.5202997,-0.14684425,0.092264295,-0.61408055,-0.16802849,0.06545371,-0.22794318,-0.059749577,0.058656156,-0.27540225,-0.1158844,0.039205194,-0.21593457,-0.13005227,0.0296067,-0.15672976,-0.13325785
-0.058542788,-0.022874475,-0.06038277,-0.07504672,-0.13111424,-0.08096839,-0.013740301,-0.21741587,-0.08749844,0.05232042,-0.26045787,-0.09382287,-0.08932048,-0.29087287,-0.0680754,-0.12517875,-0.43260127,-0.099981405,-0.14513838,-0.5356573,-0.12363339,-0.16191667,-0.6238837,-0.14198285,-0.027848363,-0.30764008,-0.06179787,-0.023694873,-0.45752713,-0.0936149,-0.019469917,-0.5666307,-0.11960246,-0.017689764,-0.66355264,-0.13527434,0.02259624,-0.28412688,-0.06023583,0.056531012,-0.4098805,-0.112233974,0.075069666,-0.51163065,-0.15097538,0.09117311,-0.6044767,-0.17195727,0.063251436,-0.22595388,-0.060691543,0.05677396,-0.27197897,-0.11695703,0.038071513,-0.21581668,-0.13048379,0.029502988,-0.1581065,-0.13317293
-0.062119603,-0.027912974,-0.061753415,-0.074940264,-0.13557726,-0.081957385,-0.011431158,-0.2181949,-0.08868281,0.051991403,-0.25916755,-0.09545331,-0.095297515,-0.2959757,-0.060892526,-0.1296865,-0.43622756,-0.091897376,-0.1503376,-0.5389776,-0.116441615,-0.1673423,-0.62674594,-0.13519618,-0.033382237,-0.3142233,-0.053255934,-0.027958512,-0.46190673,-0.081382334,-0.023356259,-0.5721878,-0.107172124,-0.022096455,-0.66943717,-0.123080045,0.018118382,-0.29144692,-0.051176272,0.051014543,-0.41814613,-0.09933592,0.06943989,-0.51945853,-0.13872594,0.08434045,-0.61191034,-0.16082276,0.05877173,-0.23412615,-0.051698305,0.057162166,-0.28018713,-0.10640094,0.04297036,-0.22249186,-0.12070542,0.036653757,-0.16421616,-0.12395374
-0.06031847,-0.028169751,-0.06215056,-0.07443392,-0.13677889,-0.08237568,-0.01317054,-0.21980268,-0.08900111,0.050288677,-0.2622782,-0.09581356,-0.09440032,-0.2987426,-0.06282981,-0.12970561,-0.4374879,-0.0947716,-0.14959544,-0.5392568,-0.120123886,-0.16609257,-0.62652105,-0.13937645,-0.031331003,-0.31642997,-0.056627475,-0.027131557,-0.46804485,-0.08555188,-0.024284303,-0.5815203,-0.11247146,-0.02499783,-0.6831618,-0.1290719,0.020541787,-0.29273808,-0.0560077,0.0515002,-0.42062342,-0.10578582,0.0686416,-0.5231434,-0.1468848,0.08306396,-0.6190771,-0.1699941,0.062217295,-0.2338432,-0.0579662,0.059399784,-0.28005582,-0.114760324,0.045022488,-0.22381288,-0.13008787,0.038756132,-0.16619569,-0.13381033
-0.06261349,-0.027737021,-0.07910791,-0.0728941,-0.13290799,-0.1050939,-0.009712815,-0.21299243,-0.113883376,0.05423963,-0.25841022,-0.12205735,-0.09555772,-0.29458612,-0.07450343,-0.1300045,-0.43426943,-0.11135882,-0.15129715,-0.53678954,-0.1407817,-0.16657221,-0.62474716,-0.16210955,-0.031645715,-0.31160325,-0.06071989,-0.026421607,-0.46391338,-0.0890417,-0.02388388,-0.5772908,-0.11700112,-0.024285614,-0.6779477,-0.1349586,0.02108413,-0.2891153,-0.05471365,0.051824927,-0.41555834,-0.105667755,0.068299234,-0.5174155,-0.1505832,0.08136445,-0.6152092,-0.17716014,0.06192863,-0.23427498,-0.052985046,0.058533132,-0.269091,-0.114012495,0.044377804,-0.20901185,-0.13402905,0.0378412,-0.15086251,-0.14122689
-0.063286364,-0.02485162,-0.10799331,-0.06992161,-0.12317604,-0.14609459,-0.0065717697,-0.19879985,-0.1612064,0.058102727,-0.25246853,-0.17427757,-0.095825404,-0.28950793,-0.09666258,-0.1296424,-0.42541796,-0.13992283,-0.15384385,-0.5313171,-0.17413536,-0.16844264,-0.61827695,-0.19784081,-0.03246534,-0.30211323,-0.07095736,-0.028129935,-0.45725363,-0.09668366,-0.026374638,-0.57011354,-0.12146898,-0.02745831,-0.6684649,-0.13781314,0.020879269,-0.281857,-0.05708362,0.04950726,-0.40992063,-0.109280236,0.06773037,-0.50992304,-0.15671144,0.08038443,-0.6104821,-0.18626477,0.062214077,-0.23506516,-0.05054778,0.058634877,-0.25920194,-0.117849596,0.046628475,-0.19011956,-0.14346083,0.040269375,-0.12831897,-0.15497616
-0.061376274,-0.023363054,-0.10858305,-0.0690397,-0.117491186,-0.15048099,-0.011702955,-0.19212228,-0.17013447,0.04892522,-0.25273687,-0.18845546,-0.09887189,-0.29118443,-0.10120022,-0.12648863,-0.43079042,-0.14835386,-0.14848202,-0.5416658,-0.18655868,-0.16258076,-0.6316096,-0.2132966,-0.035146475,-0.30434835,-0.07589955,-0.03092134,-0.45552996,-0.106316455,-0.028916359,-0.56882584,-0.13357309,-0.03166747,-0.6657531,-0.15143743,0.020640373,-0.28463,-0.06214443,0.046789467,-0.41317394,-0.116271004,0.062219024,-0.51332885,-0.16412365,0.07245535,-0.61201346,-0.19447376,0.0645864,-0.23830241,-0.05571238,0.06361061,-0.2581129,-0.12555522,0.050889134,-0.18999195,-0.1530674,0.044228792,-0.12880218,-0.16554344
-0.062250733,-0.031133056,-0.079877205,-0.0709452,-0.12870753,-0.11067402,-0.009376943,-0.20296419,-0.124702446,0.049830914,-0.25650078,-0.13877557,-0.09282166,-0.29198867,-0.08031825,-0.121274054,-0.43333063,-0.12052298,-0.14202276,-0.5392182,-0.15306091,-0.15684906,-0.62865245,-0.17635486,-0.029681504,-0.30800003,-0.06630971,-0.027873874,-0.46104628,-0.097704194,-0.026943207,-0.5743106,-0.12676322,-0.029775918,-0.67275715,-0.14491785,0.02487564,-0.28554434,-0.05951065,0.051357746,-0.41787142,-0.111245915,0.067563236,-0.5213374,-0.1549402,0.08038771,-0.6177764,-0.18091153,0.066997826,-0.2309668,-0.056921586,0.06426972,-0.26432598,-0.11831793,0.04959017,-0.20255464,-0.13750033,0.043376207,-0.14206374,-0.14377265
-0.06133181,-0.0271644,-0.09136694,-0.068568885,-0.12288159,-0.1266552,-0.006323099,-0.19578242,-0.1426373,0.053124547,-0.25189078,-0.15812857,-0.09080824,-0.28971374,-0.09163643,-0.12091833,-0.43128946,-0.13555215,-0.14287063,-0.5395247,-0.17078747,-0.157875,-0.6306833,-0.19555326,-0.028329253,-0.3040353,-0.0733579,-0.025438905,-0.4562165,-0.104988135,-0.024074912,-0.570451,-0.1339377,-0.026344657,-0.6690178,-0.1523534,0.025450528,-0.28251934,-0.06377161,0.052395523,-0.41311145,-0.11710119,0.068844795,-0.5165739,-0.1629828,0.08133376,-0.6152026,-0.19094878,0.066929996,-0.23059148,-0.05951495,0.064958334,-0.2570678,-0.12426602,0.050249815,-0.192465,-0.14622742,0.043765426,-0.1304959,-0.15453184
-0.06125754,-0.027358234,-0.0711459,-0.071986854,-0.13336474,-0.0971747,-0.0109677315,-0.21672177,-0.10815457,0.04627621,-0.27300262,-0.11953184,-0.09925336,-0.30037904,-0.07116244,-0.13534844,-0.44171762,-0.107460685,-0.15644443,-0.54668593,-0.13626875,-0.17324176,-0.6357862,-0.15752897,-0.034811378,-0.31948447,-0.060888607,-0.025214434,-0.47152644,-0.09357104,-0.017268121,-0.58445543,-0.123026714,-0.014180243,-0.6843413,-0.1409654,0.017678916,-0.297711,-0.05678436,0.047394812,-0.42782262,-0.10977695,0.064264,-0.52960163,-0.15243508,0.07929319,-0.62425524,-0.17691217,0.058600068,-0.24216491,-0.055850312,0.056875348,-0.27944577,-0.11740248,0.041342795,-0.22064495,-0.13564417,0.034908056,-0.1635313,-0.14074363
-0.060472727,-0.027198672,-0.08486162,-0.06833625,-0.12775153,-0.11767955,-0.007794857,-0.20593005,-0.13273625,0.04561442,-0.26565164,-0.147412,-0.095889896,-0.29816604,-0.08264506,-0.13104159,-0.43577403,-0.1218013,-0.1518985,-0.5397303,-0.15331149,-0.16757596,-0.6265595,-0.17624114,-0.030705154,-0.31538296,-0.06695789,-0.0211038,-0.46886304,-0.098777294,-0.012918949,-0.5807668,-0.1281956,-0.009833336,-0.6785842,-0.14711802,0.022832096,-0.29273129,-0.059196725,0.05478418,-0.42382306,-0.11281271,0.07348925,-0.52492476,-0.15831299,0.08921641,-0.6192899,-0.18580484,0.06391716,-0.2399084,-0.055888776,0.06261492,-0.2767384,-0.120397456,0.045118928,-0.21616155,-0.14247555,0.035942495,-0.15721065,-0.15104438
-0.05805248,-0.028874815,-0.08629968,-0.06532264,-0.13445121,-0.115345806,-0.0027432442,-0.21701288,-0.1254009,0.057793856,-0.26898855,-0.13416305,-0.095874995,-0.30017388,-0.079918124,-0.13222358,-0.4396906,-0.1165004,-0.15458524,-0.5416753,-0.14553912,-0.1721518,-0.6286863,-0.1667384,-0.030943692,-0.31871617,-0.061899956,-0.02491808,-0.4733835,-0.09295672,-0.019821227,-0.58767974,-0.122178815,-0.018693388,-0.6898215,-0.14039043,0.022262871,-0.29643643,-0.051839817,0.055496335,-0.4257082,-0.10560733,0.07469118,-0.52723545,-0.1516065,0.090994,-0.62414,-0.17813534,0.06373751,-0.2417714,-0.046257693,0.063820064,-0.28070354,-0.108860455,0.048380017,-0.22044665,-0.12957308,0.040427327,-0.16104192,-0.1367388
-0.057263136,-0.031443954,-0.09169285,-0.06196022,-0.13430434,-0.12224021,0.0025085807,-0.21520752,-0.13265754,0.061195552,-0.26894385,-0.14117998,-0.09515634,-0.29857534,-0.082052715,-0.13425359,-0.4358541,-0.118357226,-0.15735906,-0.5365739,-0.14719212,-0.1741004,-0.62259424,-0.16829906,-0.03063929,-0.3140806,-0.061788395,-0.023233712,-0.46817917,-0.09266945,-0.017075539,-0.5813335,-0.12205727,-0.013742924,-0.68113303,-0.14063856,0.022060156,-0.29049993,-0.050375447,0.057775676,-0.4200346,-0.10530696,0.07793772,-0.52065766,-0.15282069,0.09504527,-0.617954,-0.18048368,0.06290704,-0.23633957,-0.043914374,0.06411767,-0.27712047,-0.10770611,0.047919333,-0.21513218,-0.12958878,0.038563907,-0.15458602,-0.1379068
-0.062130213,-0.027469039,-0.057418346,-0.07658726,-0.13379765,-0.079018764,-0.012471914,-0.21806788,-0.08785232,0.046122015,-0.26950568,-0.0962441,-0.0948056,-0.30151194,-0.060901724,-0.14014068,-0.4365339,-0.08787188,-0.16316691,-0.53560865,-0.1084167,-0.1827696,-0.61942494,-0.12508889,-0.031236768,-0.31734014,-0.055399653,-0.022301435,-0.46752846,-0.085613154,-0.012776792,-0.57506454,-0.11101131,-0.007117033,-0.6705154,-0.12625341,0.019733667,-0.2919196,-0.0543902,0.057073772,-0.42181098,-0.10360743,0.07761401,-0.5238081,-0.14139208,0.095759094,-0.61370325,-0.16234241,0.060465634,-0.2343595,-0.05509168,0.06186825,-0.28630096,-0.10871058,0.04175937,-0.23159015,-0.121491075,0.030308187,-0.17356038,-0.12394866
-0.0632242,-0.031111538,-0.055141136,-0.07733393,-0.14220989,-0.07374141,-0.010315716,-0.22448903,-0.079366274,0.048793912,-0.27128333,-0.08458268,-0.09442443,-0.30074304,-0.059907205,-0.1390048,-0.43595988,-0.08610692,-0.16217345,-0.53474694,-0.105646476,-0.18153238,-0.6193273,-0.121637546,-0.031248987,-0.31589097,-0.05572061,-0.023617268,-0.46876276,-0.084720306,-0.0153313875,-0.57844055,-0.109216094,-0.009481132,-0.67656004,-0.12378427,0.02011913,-0.29026175,-0.05593558,0.056606174,-0.4234593,-0.106068924,0.07898903,-0.5247643,-0.14473614,0.099124014,-0.61645746,-0.165695,0.06203705,-0.2303909,-0.057502966,0.05967343,-0.2870865,-0.11244237,0.037833333,-0.23189741,-0.125703,0.024303496,-0.17335528,-0.12823176
-0.06318909,-0.028416216,-0.0518075,-0.08016181,-0.1301443,-0.07427508,-0.019757986,-0.20510936,-0.08524956,0.037827253,-0.24686474,-0.096653916,-0.097185194,-0.29561216,-0.06305725,-0.14034894,-0.43119335,-0.09226698,-0.16422865,-0.5306547,-0.1146933,-0.18368652,-0.61543417,-0.13286859,-0.032292366,-0.31245583,-0.05948326,-0.026170969,-0.46181,-0.0907041,-0.020000398,-0.56979406,-0.11796486,-0.017230451,-0.6664734,-0.13506149,0.021590889,-0.28852683,-0.059064224,0.05673647,-0.421645,-0.10768125,0.079485595,-0.52409387,-0.14606467,0.099737346,-0.6137817,-0.16834314,0.064789176,-0.2349568,-0.059669275,0.06306058,-0.2780316,-0.113703676,0.04317397,-0.21864837,-0.12766254,0.03335643,-0.15990818,-0.13134144
-0.06262231,-0.025910854,-0.0644762,-0.079716265,-0.11626667,-0.093620755,-0.018004537,-0.18792832,-0.108660914,0.04313183,-0.22897458,-0.12276324,-0.099832535,-0.28784293,-0.07447685,-0.14431423,-0.42061552,-0.10683994,-0.17311642,-0.516995,-0.13152856,-0.19650894,-0.6002421,-0.15087742,-0.038143635,-0.3070842,-0.064214684,-0.045141935,-0.45722586,-0.095376156,-0.047103643,-0.56397706,-0.12300413,-0.050282538,-0.6596851,-0.14071746,0.01696074,-0.2842101,-0.05791602,0.048411965,-0.41345412,-0.104879044,0.07376802,-0.51574486,-0.14217883,0.09584355,-0.60480547,-0.1643318,0.061740577,-0.23272878,-0.05396431,0.06098962,-0.26742154,-0.10515827,0.045956194,-0.20652014,-0.11775029,0.039979994,-0.14725691,-0.12096821
-0.06262231,-0.025910854,-0.0644762,-0.079716265,-0.11626667,-0.093620755,-0.018004537,-0.18792832,-0.108660914,0.04313183,-0.22897458,-0.12276324,-0.099832535,-0.28784293,-0.07447685,-0.14431423,-0.42061552,-0.10683994,-0.17311642,-0.516995,-0.13152856,-0.19650894,-0.6002421,-0.15087742,-0.038143635,-0.3070842,-0.064214684,-0.045141935,-0.45722586,-0.095376156,-0.047103643,-0.56397706,-0.12300413,-0.050282538,-0.6596851,-0.14071746,0.01696074,-0.2842101,-0.05791602,0.048411965,-0.41345412,-0.104879044,0.07376802,-0.51574486,-0.14217883,0.09584355,-0.60480547,-0.1643318,0.061740577,-0.23272878,-0.05396431,0.06098962,-0.26742154,-0.10515827,0.045956194,-0.20652014,-0.11775029,0.039979994,-0.14725691,-0.12096821
-0.061504543,-0.0207991,-0.061433323,-0.081103384,-0.10463083,-0.08956337,-0.023374856,-0.17327213,-0.104297675,0.035423517,-0.21525007,-0.11796559,-0.100758314,-0.28071827,-0.07760932,-0.1464777,-0.41402647,-0.11492092,-0.17837411,-0.5088994,-0.14316964,-0.2036255,-0.59286916,-0.16448578,-0.043278873,-0.30103064,-0.07123155,-0.065448344,-0.45343986,-0.107511364,-0.078148335,-0.56700456,-0.13766502,-0.08886737,-0.66620696,-0.15652889,0.012370229,-0.27795827,-0.06853972,0.042974412,-0.4066741,-0.1194498,0.068484604,-0.5087595,-0.1566776,0.09093428,-0.59806734,-0.17771244,0.059841514,-0.22127277,-0.06792084,0.06200242,-0.2601716,-0.11936045,0.048995733,-0.20245546,-0.12942061,0.045835555,-0.14389294,-0.13060014
-0.061504543,-0.0207991,-0.061433323,-0.081103384,-0.10463083,-0.08956337,-0.023374856,-0.17327213,-0.104297675,0.035423517,-0.21525007,-0.11796559,-0.100758314,-0.28071827,-0.07760932,-0.1464777,-0.41402647,-0.11492092,-0.17837411,-0.5088994,-0.14316964,-0.2036255,-0.59286916,-0.16448578,-0.043278873,-0.30103064,-0.07123155,-0.065448344,-0.45343986,-0.107511364,-0.078148335,-0.56700456,-0.13766502,-0.08886737,-0.66620696,-0.15652889,0.012370229,-0.27795827,-0.06853972,0.042974412,-0.4066741,-0.1194498,0.068484604,-0.5087595,-0.1566776,0.09093428,-0.59806734,-0.17771244,0.059841514,-0.22127277,-0.06792084,0.06200242,-0.2601716,-0.11936045,0.048995733,-0.20245546,-0.12942061,0.045835555,-0.14389294,-0.13060014
-0.059508026,-0.022036076,-0.054509547,-0.078063965,-0.11170721,-0.080395825,-0.02173394,-0.17803878,-0.09499782,0.03413409,-0.2205435,-0.10936365,-0.10145882,-0.28607535,-0.07036537,-0.1475834,-0.41892868,-0.105213895,-0.17879596,-0.51418626,-0.13176174,-0.20491078,-0.5979847,-0.15239474,-0.044314086,-0.3101859,-0.067952946,-0.06657392,-0.46379012,-0.10349831,-0.078741014,-0.5793017,-0.1331105,-0.09017536,-0.6809581,-0.15147305,0.010662854,-0.2870767,-0.06866968,0.04257095,-0.41755223,-0.11849977,0.06917459,-0.5210994,-0.15491822,0.091249645,-0.6105774,-0.17554642,0.058214903,-0.22912675,-0.07091771,0.062250912,-0.2662952,-0.12229143,0.049673796,-0.20784354,-0.13208766,0.04619682,-0.14888728,-0.13304314
-0.056424737,-0.020392954,-0.063373156,-0.075309515,-0.10786694,-0.09201417,-0.01388371,-0.17511314,-0.106509954,0.046467125,-0.21790397,-0.120486036,-0.09801516,-0.28721595,-0.08307784,-0.14647883,-0.4210304,-0.12117662,-0.17674345,-0.5178605,-0.14932688,-0.20345652,-0.6028467,-0.17103575,-0.036993384,-0.30818802,-0.07857037,-0.05097741,-0.4670992,-0.11865559,-0.058461547,-0.5835138,-0.15157558,-0.06741166,-0.6872119,-0.17179798,0.016705513,-0.28351694,-0.07764377,0.050729036,-0.41213444,-0.13417609,0.07819861,-0.5145278,-0.17456031,0.09954232,-0.6073203,-0.19683352,0.062907994,-0.2243548,-0.07851516,0.06711483,-0.26104903,-0.13563557,0.055764377,-0.19897944,-0.14741287,0.050251663,-0.13757867,-0.14907365
-0.05633992,-0.022839785,-0.06893823,-0.07064247,-0.11340737,-0.09709235,-0.0026871562,-0.1814385,-0.10998481,0.06208527,-0.2224443,-0.121855855,-0.09962329,-0.29186767,-0.07839937,-0.14791703,-0.42638618,-0.11519465,-0.17710394,-0.5261899,-0.144116,-0.20171934,-0.6132591,-0.16654268,-0.036750257,-0.30971175,-0.070070416,-0.04000467,-0.46833813,-0.106668025,-0.038924813,-0.58564824,-0.13980581,-0.04048872,-0.68946755,-0.16080385,0.017243505,-0.28304332,-0.06648765,0.055451572,-0.41387185,-0.12139928,0.08561927,-0.51629865,-0.16376105,0.11036819,-0.6099794,-0.18784417,0.06307882,-0.22352862,-0.06534917,0.069499135,-0.25920928,-0.1232679,0.05672133,-0.19724178,-0.13716997,0.049840033,-0.13686967,-0.14021112
-0.057168484,-0.026753306,-0.053514984,-0.07102609,-0.12144077,-0.07694204,-0.006177187,-0.18408972,-0.08780841,0.05204934,-0.222888,-0.09882573,-0.096586645,-0.29023963,-0.074013904,-0.14378884,-0.42582285,-0.10718941,-0.17223454,-0.52509946,-0.13253674,-0.19710451,-0.611487,-0.1526938,-0.03337109,-0.30633515,-0.071724795,-0.036880374,-0.46432424,-0.107020855,-0.035890043,-0.57953084,-0.13863416,-0.037754834,-0.6812397,-0.15888092,0.020656288,-0.27976424,-0.071857706,0.058402,-0.41142526,-0.12345918,0.087806046,-0.5123485,-0.16351087,0.11178899,-0.60174817,-0.18669426,0.066952765,-0.22218788,-0.0727748,0.071014345,-0.25584775,-0.12541078,0.05736184,-0.19547898,-0.13672869,0.051206946,-0.13550949,-0.13892053
-0.05392599,-0.026261926,-0.062287353,-0.06365013,-0.11467874,-0.08938758,0.0066809654,-0.17803729,-0.10224253,0.06640464,-0.22029495,-0.114035584,-0.09639239,-0.29085314,-0.07788703,-0.14199072,-0.42883694,-0.11042303,-0.16962668,-0.5271694,-0.13389958,-0.19396305,-0.61286825,-0.15226312,-0.034095287,-0.30724037,-0.071623445,-0.04151392,-0.4686736,-0.108398855,-0.041753292,-0.58569896,-0.13973986,-0.043838024,-0.6894249,-0.15893984,0.019188523,-0.28077328,-0.06866835,0.057413816,-0.41172555,-0.122376785,0.08661401,-0.51407063,-0.16322456,0.10941106,-0.6056038,-0.18582958,0.06512201,-0.22270393,-0.06713595,0.07209718,-0.25984532,-0.11959911,0.059392035,-0.2008143,-0.13049649,0.052502096,-0.1399113,-0.13204966
-0.051016867,-0.019250989,-0.09542526,-0.057774425,-0.099340975,-0.1351535,0.013627291,-0.1608997,-0.15422703,0.07826537,-0.2025662,-0.17101614,-0.095604,-0.28343034,-0.103640154,-0.13699478,-0.41888535,-0.14599863,-0.16613156,-0.5175322,-0.17785323,-0.18905503,-0.6030169,-0.20110174,-0.034216106,-0.30088,-0.08289601,-0.042974234,-0.46203375,-0.12316824,-0.04407692,-0.5825038,-0.15722714,-0.045767725,-0.6867864,-0.17843233,0.020209074,-0.27581125,-0.06911867,0.059180975,-0.4027242,-0.12832034,0.088941514,-0.5034372,-0.17408605,0.11126405,-0.5970864,-0.1999627,0.0661239,-0.22176135,-0.060011264,0.076314926,-0.24790424,-0.12174257,0.06507629,-0.18474889,-0.13973647,0.05795759,-0.123674154,-0.14559071
-0.058102965,-0.013093293,-0.07686306,-0.06993413,-0.091900945,-0.116245225,-0.0027575493,-0.15287882,-0.1395383,0.05916512,-0.19668818,-0.16306356,-0.100752026,-0.27433056,-0.1011195,-0.14312923,-0.40941948,-0.14731167,-0.17288339,-0.5129609,-0.18245386,-0.19698551,-0.60086846,-0.20844266,-0.03939843,-0.29569298,-0.088829905,-0.049069166,-0.44950226,-0.13376878,-0.049595833,-0.5619559,-0.1685159,-0.052826703,-0.6605263,-0.18972583,0.015816271,-0.2736082,-0.080548674,0.039214134,-0.40967056,-0.13942398,0.056675613,-0.51114184,-0.17957246,0.070477664,-0.6025636,-0.2021223,0.06346369,-0.22069639,-0.07506834,0.0689522,-0.2506132,-0.13414739,0.05582422,-0.19024962,-0.14752784,0.05129689,-0.13213426,-0.1500861
-0.05743295,-0.015687466,-0.0659352,-0.07053906,-0.09517777,-0.10041287,-0.0072554946,-0.15754527,-0.12095717,0.05254942,-0.20225197,-0.14206329,-0.10287452,-0.27376842,-0.08935916,-0.1438835,-0.40950754,-0.12972982,-0.1722961,-0.5111218,-0.1597534,-0.19642049,-0.5981108,-0.18253395,-0.04180473,-0.29614472,-0.081497505,-0.05096376,-0.45036113,-0.121809,-0.051883698,-0.5612204,-0.15301847,-0.055476785,-0.6590382,-0.17187859,0.013386071,-0.27371222,-0.07678836,0.037961245,-0.4094367,-0.13260834,0.055128276,-0.5123876,-0.17197523,0.06873542,-0.6025578,-0.19415644,0.061739743,-0.21828473,-0.07379412,0.06744844,-0.24895173,-0.13094132,0.054493308,-0.19030249,-0.14416294,0.04980856,-0.1327191,-0.14671886
-0.053661168,-0.019775629,-0.057703312,-0.06641483,-0.105116725,-0.08645717,-0.0064863563,-0.17073661,-0.10318626,0.053039312,-0.21348947,-0.12114995,-0.09871283,-0.27614558,-0.07672579,-0.13913101,-0.4139122,-0.11368146,-0.16550529,-0.5169878,-0.14223285,-0.1893686,-0.6049855,-0.16424672,-0.039569914,-0.2957673,-0.07300768,-0.048193395,-0.44847465,-0.11031436,-0.050058186,-0.56045103,-0.14149542,-0.054954827,-0.65992236,-0.1603824,0.014028251,-0.27239037,-0.07214431,0.0374282,-0.40657526,-0.12648511,0.05360192,-0.51145387,-0.1668729,0.06722087,-0.6037243,-0.18966852,0.061868727,-0.21572995,-0.072368376,0.06707847,-0.24913687,-0.1297043,0.057268143,-0.19246489,-0.14337169,0.05616045,-0.1362015,-0.14590648
-0.054405153,-0.023747325,-0.063489616,-0.06552899,-0.113927186,-0.093150996,-0.002581954,-0.18295705,-0.11018879,0.058021605,-0.228158,-0.12837644,-0.09941572,-0.2869951,-0.0742836,-0.13989636,-0.42484844,-0.11109841,-0.16373092,-0.52665675,-0.13968208,-0.18561405,-0.61240244,-0.16127084,-0.038362324,-0.30630374,-0.06898808,-0.046811283,-0.46323362,-0.10560021,-0.04795277,-0.57853067,-0.1375809,-0.052923024,-0.68213034,-0.15686993,0.015401185,-0.2834726,-0.0679478,0.03781581,-0.41791412,-0.122590534,0.05496502,-0.5228565,-0.1652676,0.069021344,-0.6175432,-0.18954557,0.06354749,-0.22803003,-0.06879056,0.07042718,-0.26312405,-0.12776758,0.062642395,-0.2058028,-0.14359277,0.061225772,-0.1497181,-0.14747733
-0.053609073,-0.023357451,-0.060621586,-0.06821644,-0.111741304,-0.0899837,-0.006987095,-0.18224585,-0.10696289,0.053329945,-0.22934508,-0.12510967,-0.09994918,-0.2850206,-0.07677414,-0.14098305,-0.425668,-0.11451883,-0.16586688,-0.5275552,-0.14330323,-0.18800896,-0.61342406,-0.16485253,-0.039776683,-0.3035984,-0.0726016,-0.049699843,-0.46358767,-0.11105254,-0.0527699,-0.5818596,-0.1441868,-0.05854833,-0.6873274,-0.16420577,0.013426304,-0.28122258,-0.07183603,0.035832345,-0.41830865,-0.12667342,0.051998556,-0.5225875,-0.16868909,0.06547046,-0.61494446,-0.19245744,0.06164366,-0.22675651,-0.072578855,0.06837255,-0.26250458,-0.13057356,0.06036371,-0.20805228,-0.14560094,0.0589543,-0.1534419,-0.14891979
-0.056171954,-0.02270931,-0.054576315,-0.06914538,-0.11133748,-0.08179289,-0.010156453,-0.18053895,-0.098279566,0.047745943,-0.22746313,-0.11615393,-0.10309151,-0.2828468,-0.06829494,-0.13979295,-0.41979885,-0.103228666,-0.16193134,-0.52115893,-0.13121827,-0.18167278,-0.6072353,-0.15290953,-0.041921616,-0.304124,-0.06653627,-0.049096346,-0.4575349,-0.10108699,-0.047673643,-0.57184315,-0.13217948,-0.05007583,-0.67331403,-0.15174916,0.0129416585,-0.28182673,-0.0679707,0.03638339,-0.41470057,-0.119160265,0.053549528,-0.51951545,-0.1600027,0.06803262,-0.61124396,-0.18422918,0.061882854,-0.22679383,-0.07060558,0.068391144,-0.26080602,-0.1263238,0.057998,-0.20616919,-0.1411786,0.054846108,-0.15219074,-0.14526555
-0.054344,-0.021103859,-0.07849131,-0.06266689,-0.10795075,-0.11318378,0.0012207031,-0.17691767,-0.13142899,0.06312603,-0.22599816,-0.14995582,-0.101664335,-0.28289866,-0.088941485,-0.13776144,-0.41926488,-0.13106036,-0.16217417,-0.5216348,-0.1643793,-0.1820668,-0.60851824,-0.18889473,-0.039315343,-0.30301368,-0.077124245,-0.04706639,-0.4571516,-0.11505154,-0.04479432,-0.5713229,-0.14753143,-0.046343148,-0.67303365,-0.16773343,0.015565038,-0.28216702,-0.071271405,0.038166404,-0.41174388,-0.12850533,0.057008684,-0.5151185,-0.17325115,0.071362555,-0.61245525,-0.19942777,0.063334346,-0.23000658,-0.06875198,0.069643855,-0.25893605,-0.13071147,0.06215614,-0.19792616,-0.148348,0.059994817,-0.14006102,-0.1539113
-0.053145707,-0.022710681,-0.058523174,-0.0687719,-0.11487776,-0.084549114,-0.008913338,-0.18802351,-0.098568074,0.053382337,-0.23000461,-0.11407821,-0.09985104,-0.28508013,-0.07182268,-0.13722312,-0.42550582,-0.10653374,-0.16005194,-0.5273162,-0.13406502,-0.18116161,-0.61421394,-0.15535575,-0.03923136,-0.3050334,-0.06852559,-0.049719453,-0.46038738,-0.104532406,-0.050273895,-0.57731915,-0.13708265,-0.05372119,-0.68244576,-0.15717334,0.01371336,-0.28274322,-0.06852699,0.037780702,-0.414528,-0.121904895,0.056114733,-0.5183133,-0.16365364,0.07070142,-0.6119709,-0.18748526,0.061635613,-0.22756761,-0.069992,0.06834912,-0.26746464,-0.12640013,0.059917986,-0.21159196,-0.14008266,0.057412922,-0.15552717,-0.14299893
-0.0519197,-0.02131021,-0.06420812,-0.06483859,-0.113670826,-0.0907534,-0.00078219175,-0.18648016,-0.103870645,0.060457706,-0.23071718,-0.11822441,-0.09855586,-0.28452402,-0.07526304,-0.13641286,-0.42467308,-0.1107776,-0.15998596,-0.5276079,-0.1395552,-0.18034968,-0.61586046,-0.16165484,-0.037712157,-0.30402297,-0.068843916,-0.045636773,-0.45736524,-0.10522646,-0.046419382,-0.5742327,-0.13915707,-0.049103677,-0.6798874,-0.16024171,0.0145817995,-0.28234088,-0.066194504,0.039072573,-0.4174428,-0.12045551,0.057314515,-0.51840127,-0.16342792,0.07164127,-0.6117313,-0.18808815,0.061619878,-0.22806126,-0.06549782,0.068445146,-0.2668007,-0.12316799,0.05943519,-0.2102201,-0.13810448,0.056237698,-0.15513587,-0.14181359
-0.05431044,-0.02014327,-0.07560757,-0.066373825,-0.110571384,-0.10626372,-0.0013769865,-0.18468821,-0.1207951,0.06325644,-0.23285085,-0.13564873,-0.10178709,-0.28669214,-0.08361755,-0.13656625,-0.4265378,-0.12289543,-0.15938157,-0.5299128,-0.15377289,-0.17883384,-0.6178948,-0.17650546,-0.03987503,-0.304798,-0.07282869,-0.047665596,-0.46121603,-0.10887536,-0.046369016,-0.57785547,-0.14089693,-0.047632158,-0.6828571,-0.16044867,0.01374042,-0.28324407,-0.06781542,0.037131548,-0.4135204,-0.124084026,0.05613494,-0.5166458,-0.16952269,0.07039571,-0.6146623,-0.19563177,0.061514556,-0.22882354,-0.065901116,0.0693956,-0.26165783,-0.12707871,0.062295973,-0.20022404,-0.1447553,0.058649063,-0.141608,-0.14998583
-0.05129516,-0.021398544,-0.0698126,-0.062207103,-0.12171447,-0.09473142,0.002145648,-0.19594872,-0.103533216,0.06621295,-0.2400676,-0.11297066,-0.0976159,-0.28871888,-0.08208744,-0.13280189,-0.42943892,-0.12010858,-0.15722373,-0.5344014,-0.14979683,-0.17827982,-0.6239592,-0.17190029,-0.03567797,-0.30873644,-0.0734427,-0.04218006,-0.4628088,-0.10878745,-0.041652262,-0.57784706,-0.13961099,-0.043901503,-0.6811248,-0.15838549,0.01727134,-0.28909945,-0.06988724,0.040979862,-0.41968894,-0.12569867,0.060693264,-0.52134407,-0.16988777,0.07493055,-0.61890763,-0.19504577,0.064166605,-0.233621,-0.06889303,0.070634425,-0.26646107,-0.1289516,0.062996924,-0.20322567,-0.14484487,0.059079826,-0.14130336,-0.1490298
-0.054241598,-0.020169854,-0.076224804,-0.06462008,-0.112228096,-0.1080042,0.00088077784,-0.18218154,-0.12363184,0.06664419,-0.22822618,-0.14004496,-0.097979784,-0.28653604,-0.088246256,-0.13118985,-0.42721123,-0.13098325,-0.15493223,-0.53329605,-0.16485952,-0.1752854,-0.62398577,-0.18994023,-0.034749806,-0.30685014,-0.07831523,-0.03903973,-0.46146244,-0.116315454,-0.036337674,-0.57722056,-0.14928629,-0.037456512,-0.68064123,-0.16988342,0.020054758,-0.28563708,-0.07412638,0.04450053,-0.4150123,-0.13170794,0.06276846,-0.51829517,-0.17691542,0.076345086,-0.61660767,-0.20340307,0.06749123,-0.22970265,-0.07317707,0.073058784,-0.25755382,-0.13595976,0.062385738,-0.193605,-0.15343116,0.05698377,-0.13280791,-0.15876201
-0.05164045,-0.022500277,-0.06460469,-0.061861157,-0.11624575,-0.09125603,0.00239861,-0.18742347,-0.10429915,0.06468123,-0.23265952,-0.118,-0.09490138,-0.28666604,-0.07544011,-0.130768,-0.4277259,-0.11165079,-0.1546996,-0.5307785,-0.14008597,-0.17660767,-0.61911476,-0.16179875,-0.03509289,-0.3082385,-0.06824895,-0.04022163,-0.46111247,-0.10497046,-0.04285586,-0.5740028,-0.13693531,-0.04942453,-0.67542124,-0.15617357,0.016813457,-0.28687656,-0.06504147,0.04378766,-0.41852024,-0.11831405,0.06244564,-0.51940024,-0.158107,0.075553,-0.61165756,-0.18034606,0.06201166,-0.23070252,-0.064085744,0.068630874,-0.26778233,-0.1201625,0.0585199,-0.20925188,-0.13287069,0.054549873,-0.15171778,-0.13489221
-0.052602112,-0.019805431,-0.06311152,-0.06458247,-0.11344743,-0.089884184,0.0014913082,-0.1792106,-0.102225,0.063048124,-0.21957117,-0.11589925,-0.096006006,-0.2818374,-0.08396381,-0.13040203,-0.42169344,-0.1224633,-0.1533938,-0.5244875,-0.15244679,-0.1744588,-0.61322224,-0.17509829,-0.033633113,-0.30085027,-0.07845006,-0.040331304,-0.45548576,-0.11925053,-0.039791584,-0.5695511,-0.153462,-0.04209429,-0.67394805,-0.17396392,0.019683361,-0.27952367,-0.07596536,0.042342782,-0.41239542,-0.13414343,0.060755134,-0.5133891,-0.17674825,0.07478768,-0.60812557,-0.20020269,0.066915095,-0.22467494,-0.074871056,0.070204794,-0.25746673,-0.13244407,0.059698343,-0.19693148,-0.14475371,0.05662501,-0.13793886,-0.14657265
-0.0534333,-0.018415093,-0.07951778,-0.0633381,-0.11109841,-0.11114881,0.0027778149,-0.17839038,-0.124761656,0.065485835,-0.22451836,-0.13879868,-0.095606476,-0.28293037,-0.09619088,-0.12911853,-0.42296398,-0.14030464,-0.15512615,-0.5284522,-0.1751261,-0.1772024,-0.6186322,-0.20064151,-0.03297794,-0.30236,-0.08354728,-0.0382604,-0.45554018,-0.12252471,-0.037757576,-0.5678779,-0.15601026,-0.04093361,-0.66800976,-0.1769874,0.020716488,-0.2828415,-0.076434374,0.043272316,-0.41546345,-0.13460307,0.06181997,-0.5156648,-0.17943668,0.07467514,-0.61199343,-0.20562488,0.06709373,-0.2301023,-0.07262386,0.07146734,-0.2575379,-0.13427712,0.063361585,-0.19497764,-0.15073234,0.060432434,-0.13459289,-0.15563466
-0.0521096,-0.020159602,-0.067656115,-0.06353837,-0.113152206,-0.09596605,-0.00090283155,-0.18443209,-0.1090534,0.060335875,-0.22915244,-0.12320491,-0.09643605,-0.28151113,-0.086273246,-0.13032365,-0.42096022,-0.12694108,-0.15553176,-0.52673143,-0.15917195,-0.17801929,-0.61665857,-0.18323472,-0.035907745,-0.30147833,-0.078200415,-0.041950524,-0.452554,-0.11642296,-0.03879124,-0.5651705,-0.1493047,-0.039152026,-0.6651664,-0.16963848,0.01659453,-0.2815295,-0.07404628,0.038594842,-0.41275495,-0.12985343,0.057965457,-0.5140531,-0.171964,0.07240641,-0.60740054,-0.19601263,0.06357443,-0.22693223,-0.07207246,0.06908506,-0.26002192,-0.1300719,0.06102252,-0.2019245,-0.14367115,0.05835235,-0.14311594,-0.14636569
-0.052893877,-0.018352747,-0.07698529,-0.06341529,-0.11038327,-0.110046126,-0.0006586313,-0.17906463,-0.12626639,0.062171936,-0.22524577,-0.14326376,-0.094739854,-0.2812605,-0.09454128,-0.1272811,-0.42147392,-0.13811837,-0.1525091,-0.52765685,-0.17191058,-0.17382851,-0.6171036,-0.19672075,-0.032607377,-0.30211508,-0.082941785,-0.038072824,-0.45437244,-0.12209773,-0.035925806,-0.56642973,-0.1546589,-0.0376997,-0.6661794,-0.17471983,0.021217406,-0.28340578,-0.07647398,0.043351352,-0.41421306,-0.13418306,0.061352253,-0.5157303,-0.17800047,0.07432467,-0.61037326,-0.20344454,0.06771958,-0.23164368,-0.073043086,0.07239747,-0.2554071,-0.13446498,0.063953996,-0.19296569,-0.15088323,0.06128204,-0.132249,-0.15551163
-0.0529173,-0.022111893,-0.06733085,-0.06367147,-0.11627799,-0.0935997,0.004753113,-0.1871298,-0.10483812,0.068781614,-0.2284813,-0.11695842,-0.0972639,-0.28304183,-0.08036862,-0.1295945,-0.42168584,-0.11712327,-0.15326461,-0.5248779,-0.14668101,-0.17400369,-0.6125704,-0.16902398,-0.035865605,-0.3027557,-0.071150914,-0.04063046,-0.453197,-0.10755909,-0.04155445,-0.56691575,-0.14020525,-0.044896603,-0.66963136,-0.16039473,0.017035782,-0.28222203,-0.0658559,0.041291714,-0.41606116,-0.1198995,0.05811256,-0.5159757,-0.16131595,0.07107115,-0.60829604,-0.18470034,0.063587904,-0.2279793,-0.06278632,0.06835872,-0.2635523,-0.11920827,0.057611167,-0.20537984,-0.13257259,0.0540725,-0.14747858,-0.1352619
-0.05292493,-0.018861711,-0.06837345,-0.06295544,-0.110213935,-0.09784444,0.0007121563,-0.180188,-0.1123114,0.06272143,-0.22638303,-0.12815662,-0.093577236,-0.28085172,-0.08682499,-0.12622485,-0.42179182,-0.12796521,-0.15045428,-0.5269277,-0.16010685,-0.17125121,-0.616336,-0.18418826,-0.03146583,-0.3019327,-0.078694515,-0.036634445,-0.45366848,-0.1178808,-0.0357095,-0.5642349,-0.15058607,-0.03830099,-0.6629187,-0.17063005,0.022222161,-0.28142118,-0.074640505,0.044939995,-0.41393018,-0.1318091,0.06054294,-0.51505756,-0.17398788,0.0722397,-0.6084281,-0.19803941,0.06804508,-0.22645712,-0.072713524,0.07151437,-0.25662446,-0.13309033,0.061423063,-0.19643432,-0.1479409,0.058530033,-0.1373359,-0.1513281
-0.0522874,-0.016638935,-0.07922971,-0.06302959,-0.11147714,-0.10941905,0.0042598248,-0.18256032,-0.12119916,0.070206046,-0.23061496,-0.13318351,-0.09387684,-0.28156394,-0.09513427,-0.12691635,-0.42154315,-0.13760746,-0.15308279,-0.5254395,-0.17000163,-0.17490095,-0.6147672,-0.19376612,-0.031627953,-0.30196363,-0.081894696,-0.037451148,-0.4551623,-0.12078329,-0.038536787,-0.5663936,-0.15276505,-0.04209602,-0.6669863,-0.17214927,0.021147251,-0.2831006,-0.07413358,0.043332815,-0.41499543,-0.13315447,0.060061276,-0.5148332,-0.17705786,0.07156789,-0.61257344,-0.20172518,0.06598663,-0.22969401,-0.069441,0.06853694,-0.25811785,-0.1307314,0.058483362,-0.19397211,-0.14596105,0.05417359,-0.13238311,-0.14966305
-0.05300486,-0.018742442,-0.082273625,-0.06285387,-0.11493814,-0.11096741,0.0059435368,-0.1860516,-0.12043408,0.071490824,-0.2311799,-0.12976535,-0.0975444,-0.28650117,-0.09330109,-0.12968662,-0.4258223,-0.13523415,-0.15538314,-0.5303977,-0.16850825,-0.17673826,-0.6196619,-0.19271481,-0.03502828,-0.305525,-0.077818364,-0.04039389,-0.45766222,-0.11523181,-0.04161662,-0.5720518,-0.14815049,-0.045517564,-0.6751807,-0.1684597,0.017451346,-0.28643173,-0.068390794,0.0402143,-0.41856173,-0.12584996,0.05790633,-0.5162829,-0.1708927,0.069954574,-0.61311483,-0.19645672,0.063037455,-0.23395729,-0.062555656,0.06868589,-0.264453,-0.123290665,0.061021507,-0.20249051,-0.13990633,0.05741781,-0.14293075,-0.1446178
-0.05074787,-0.01957953,-0.07052703,-0.06375611,-0.11338425,-0.0984791,-0.000410676,-0.18488824,-0.110800266,0.06633991,-0.2274692,-0.12430874,-0.096839726,-0.28254068,-0.084891886,-0.12950128,-0.42311502,-0.12525772,-0.15359437,-0.5272882,-0.15735783,-0.17418104,-0.6167537,-0.18130489,-0.03473258,-0.30318958,-0.0762449,-0.040718198,-0.45564342,-0.11392738,-0.04062575,-0.57020676,-0.14728943,-0.04399711,-0.6734645,-0.16797003,0.018682957,-0.2839766,-0.07230059,0.040272057,-0.41523296,-0.12925082,0.05658245,-0.5166602,-0.17390487,0.06745952,-0.61331105,-0.19953763,0.06461418,-0.23030686,-0.07081313,0.06895298,-0.26092577,-0.13129914,0.060962796,-0.19894058,-0.14711833,0.05835867,-0.13864237,-0.15129079
-0.05098343,-0.022248328,-0.0692232,-0.060904026,-0.12090993,-0.09101358,0.0049313903,-0.18848264,-0.09669147,0.06765646,-0.22999775,-0.10292655,-0.09528431,-0.28561997,-0.076716244,-0.12752688,-0.42468762,-0.11326541,-0.15098873,-0.5277003,-0.14198853,-0.1713121,-0.6164792,-0.16348322,-0.03325832,-0.30656517,-0.06808694,-0.038615048,-0.4590775,-0.10158675,-0.03804177,-0.5728931,-0.13243297,-0.040002108,-0.67620677,-0.15137045,0.018895924,-0.28813285,-0.06505413,0.04141414,-0.41675276,-0.12013865,0.05741036,-0.51638067,-0.16653892,0.0681417,-0.6144217,-0.19343165,0.06584525,-0.23376417,-0.06450582,0.0703401,-0.25965524,-0.124729685,0.06251156,-0.19667453,-0.14290294,0.058604836,-0.13674843,-0.1489404
-0.05098343,-0.022248328,-0.0692232,-0.060904026,-0.12090993,-0.09101358,0.0049313903,-0.18848264,-0.09669147,0.06765646,-0.22999775,-0.10292655,-0.09528431,-0.28561997,-0.076716244,-0.12752688,-0.42468762,-0.11326541,-0.15098873,-0.5277003,-0.14198853,-0.1713121,-0.6164792,-0.16348322,-0.03325832,-0.30656517,-0.06808694,-0.038615048,-0.4590775,-0.10158675,-0.03804177,-0.5728931,-0.13243297,-0.040002108,-0.67620677,-0.15137045,0.018895924,-0.28813285,-0.06505413,0.04141414,-0.41675276,-0.12013865,0.05741036,-0.51638067,-0.16653892,0.0681417,-0.6144217,-0.19343165,0.06584525,-0.23376417,-0.06450582,0.0703401,-0.25965524,-0.124729685,0.06251156,-0.19667453,-0.14290294,0.058604836,-0.13674843,-0.1489404
-0.051391006,-0.018709183,-0.06757558,-0.06261814,-0.11961281,-0.0914508,0.0022653341,-0.19175231,-0.100289136,0.0665856,-0.23432046,-0.11043482,-0.095658034,-0.28588706,-0.07762543,-0.12827519,-0.4249968,-0.114688605,-0.15111971,-0.5286081,-0.14431246,-0.17154735,-0.6173214,-0.16673024,-0.033864856,-0.3072816,-0.069952965,-0.038752496,-0.45933396,-0.10432006,-0.037903666,-0.5734596,-0.1358275,-0.040841103,-0.6773367,-0.15548067,0.018190205,-0.28836042,-0.06730188,0.040768504,-0.41713744,-0.12188401,0.056241333,-0.5173561,-0.16717844,0.066648304,-0.61382353,-0.1937478,0.063899815,-0.23430967,-0.0670461,0.07030195,-0.26112175,-0.12707411,0.063120425,-0.19882375,-0.14475653,0.060229897,-0.14031929,-0.15051623
-0.05295962,-0.018940091,-0.063977875,-0.0668599,-0.116919994,-0.08928673,-0.0033741593,-0.18889481,-0.100544356,0.061196744,-0.23086107,-0.113240555,-0.09520468,-0.28518295,-0.07913858,-0.12984088,-0.42472357,-0.117511556,-0.15336007,-0.52906096,-0.14811493,-0.17483786,-0.6189611,-0.17125247,-0.033958673,-0.30580086,-0.07342563,-0.040217698,-0.4570077,-0.11163196,-0.040507317,-0.57175994,-0.14496511,-0.044567347,-0.6762445,-0.16533543,0.017834961,-0.28622705,-0.07168881,0.04017991,-0.41679728,-0.12806521,0.056783795,-0.5179382,-0.17134151,0.06810957,-0.6128215,-0.1956988,0.06363922,-0.23191488,-0.07187357,0.06961763,-0.266383,-0.13016844,0.061267495,-0.20622444,-0.14425938,0.058338106,-0.14644241,-0.14725563
-0.052874386,-0.020152569,-0.05678266,-0.06564206,-0.117313504,-0.08031366,-0.0035219193,-0.1872732,-0.09190572,0.058703065,-0.22788715,-0.10515092,-0.094774306,-0.28459537,-0.06895275,-0.12979665,-0.4217615,-0.10302788,-0.15204328,-0.5235004,-0.13070281,-0.17341,-0.6108495,-0.15232408,-0.0354864,-0.3061549,-0.065240934,-0.041489184,-0.45513427,-0.10050181,-0.042322278,-0.5655232,-0.13199572,-0.047724903,-0.66537213,-0.15115,0.016231656,-0.28467005,-0.06476334,0.039084673,-0.41522807,-0.11678392,0.056289554,-0.5169121,-0.15651456,0.06896037,-0.60894805,-0.17890216,0.06228751,-0.22853369,-0.06570868,0.06693381,-0.26544094,-0.11995442,0.05753565,-0.20820558,-0.13173921,0.055509448,-0.1511724,-0.13350514
-0.053409576,-0.015606105,-0.07252885,-0.06629473,-0.10496676,-0.1049443,-0.0017651916,-0.17695522,-0.12135021,0.063883364,-0.22301143,-0.13875483,-0.094507396,-0.27842575,-0.091727026,-0.12946951,-0.41824126,-0.13394451,-0.15410003,-0.52238446,-0.16673315,-0.17488223,-0.6113632,-0.19125363,-0.033828795,-0.2993965,-0.08075919,-0.040507197,-0.44872856,-0.12214566,-0.040408254,-0.55866814,-0.15556635,-0.04337424,-0.6572391,-0.17574455,0.019120932,-0.27913576,-0.07384727,0.041022956,-0.41117314,-0.13255365,0.056822777,-0.5124972,-0.17410895,0.06853098,-0.6060962,-0.19719614,0.06446898,-0.22600394,-0.06923532,0.06734693,-0.25820655,-0.12976785,0.056878567,-0.1966185,-0.14356574,0.05425775,-0.1370306,-0.14603782
-0.05258447,-0.017219305,-0.07560945,-0.06210959,-0.10947442,-0.10574043,0.008140624,-0.17922544,-0.118993565,0.07351589,-0.2211836,-0.13283436,-0.0942941,-0.27818817,-0.09001712,-0.12639374,-0.41493845,-0.12986276,-0.14991364,-0.51768565,-0.16160065,-0.1699568,-0.60595304,-0.18519928,-0.034154296,-0.2986068,-0.0774777,-0.041087985,-0.44812438,-0.11475729,-0.04128349,-0.5602151,-0.14735925,-0.043210804,-0.66072166,-0.1675519,0.017622113,-0.27944034,-0.069615014,0.042467237,-0.4120742,-0.12402124,0.059048653,-0.5103868,-0.1658926,0.071348906,-0.6019729,-0.1898436,0.062966764,-0.22736716,-0.064883426,0.070237994,-0.25693518,-0.121181086,0.060759664,-0.19736809,-0.13509883,0.057697773,-0.13901573,-0.1384777
-0.05348897,-0.021336138,-0.062347885,-0.066067696,-0.1125294,-0.08924211,-0.0025491118,-0.18352658,-0.10319608,0.057781756,-0.22725451,-0.11870986,-0.09908569,-0.28281075,-0.0748781,-0.13327172,-0.4215213,-0.11070798,-0.15517414,-0.5246147,-0.13977714,-0.17464182,-0.61238885,-0.16198093,-0.03819245,-0.30280858,-0.06950465,-0.045414567,-0.4524523,-0.10565345,-0.04572916,-0.567021,-0.13837531,-0.04901737,-0.67043173,-0.15861315,0.014856935,-0.28111166,-0.06788822,0.036727905,-0.41209006,-0.121952645,0.05327618,-0.5138271,-0.16462742,0.065808296,-0.60634845,-0.18919764,0.061927736,-0.22650713,-0.06808767,0.06735468,-0.25981545,-0.12569325,0.059027016,-0.20167482,-0.14067806,0.05734867,-0.14422196,-0.14451548
-0.052452385,-0.018981576,-0.060774706,-0.06805211,-0.1163488,-0.08312496,-0.0061028004,-0.18919128,-0.09238577,0.05692303,-0.2291444,-0.10289582,-0.099826604,-0.2859798,-0.06968094,-0.13517919,-0.42604592,-0.103609666,-0.15582392,-0.52862984,-0.13094673,-0.17473888,-0.61671156,-0.15196088,-0.038325787,-0.305772,-0.066123195,-0.04464972,-0.45983633,-0.10035185,-0.04399103,-0.5762564,-0.13236764,-0.04581487,-0.6824963,-0.15196285,0.013804078,-0.28528863,-0.06687684,0.03750992,-0.41528562,-0.12093638,0.054109633,-0.51710325,-0.16568412,0.06634623,-0.613577,-0.1914541,0.061472118,-0.22967356,-0.06944737,0.06853324,-0.26332444,-0.12721755,0.060253084,-0.20292968,-0.14286017,0.056405187,-0.14421463,-0.14722642
-0.05165291,-0.020792723,-0.06295272,-0.06562328,-0.117248535,-0.08733102,-0.0034130812,-0.19043303,-0.09783711,0.0592646,-0.23159516,-0.10965733,-0.09793985,-0.28275287,-0.07624487,-0.13259286,-0.42354226,-0.111901104,-0.1544497,-0.5272881,-0.13964586,-0.17429227,-0.6154979,-0.16054484,-0.036919713,-0.30233598,-0.0712697,-0.044538736,-0.45695817,-0.10690443,-0.04422593,-0.5738739,-0.1383811,-0.046140075,-0.679487,-0.15728204,0.015028238,-0.28189176,-0.07037249,0.037677407,-0.41105637,-0.1254568,0.055157363,-0.5129955,-0.16925478,0.06825006,-0.60848737,-0.19396181,0.062060177,-0.2264871,-0.07132726,0.06885272,-0.2595027,-0.12966523,0.061817586,-0.19942135,-0.14467409,0.059579372,-0.13991606,-0.14821452
-0.051626086,-0.020499289,-0.06512026,-0.06073183,-0.1162231,-0.09034601,0.002265513,-0.18772584,-0.10130807,0.06341481,-0.2319023,-0.11335438,-0.09618881,-0.28216708,-0.07659326,-0.12959859,-0.42179805,-0.11364061,-0.15252906,-0.5264216,-0.14301266,-0.17284054,-0.61573195,-0.16524452,-0.035253525,-0.30368483,-0.06940727,-0.041187167,-0.4546529,-0.104246475,-0.039372206,-0.56680226,-0.13499437,-0.041034102,-0.66780305,-0.15376581,0.017385304,-0.28358656,-0.066653624,0.039819896,-0.41298828,-0.120840885,0.05651754,-0.514146,-0.16343352,0.06904429,-0.6093299,-0.1878975,0.06423271,-0.22800684,-0.06601251,0.0700562,-0.25769764,-0.124203056,0.061935663,-0.19873196,-0.13942315,0.059479058,-0.14207882,-0.14331955
-0.051626086,-0.020499289,-0.06512026,-0.06073183,-0.1162231,-0.09034601,0.002265513,-0.18772584,-0.10130807,0.06341481,-0.2319023,-0.11335438,-0.09618881,-0.28216708,-0.07659326,-0.12959859,-0.42179805,-0.11364061,-0.15252906,-0.5264216,-0.14301266,-0.17284054,-0.61573195,-0.16524452,-0.035253525,-0.30368483,-0.06940727,-0.041187167,-0.4546529,-0.104246475,-0.039372206,-0.56680226,-0.13499437,-0.041034102,-0.66780305,-0.15376581,0.017385304,-0.28358656,-0.066653624,0.039819896,-0.41298828,-0.120840885,0.05651754,-0.514146,-0.16343352,0.06904429,-0.6093299,-0.1878975,0.06423271,-0.22800684,-0.06601251,0.0700562,-0.25769764,-0.124203056,0.061935663,-0.19873196,-0.13942315,0.059479058,-0.14207882,-0.14331955
-0.051492095,-0.0203318,-0.06352283,-0.061899602,-0.12068486,-0.08703692,0.003825307,-0.19316119,-0.09656364,0.067189634,-0.23625946,-0.10751686,-0.09607574,-0.28672016,-0.074650064,-0.12895313,-0.42592984,-0.11067254,-0.15115902,-0.5289693,-0.13928567,-0.1712364,-0.6168021,-0.16103609,-0.03408748,-0.3075288,-0.06949917,-0.040026188,-0.46013388,-0.104644,-0.040234804,-0.5745797,-0.13619587,-0.043992043,-0.6788913,-0.1555846,0.018887281,-0.28812855,-0.06891099,0.04219699,-0.41759196,-0.12436187,0.058859468,-0.51953185,-0.16888623,0.07055557,-0.6163707,-0.19453101,0.06570923,-0.23352343,-0.070297025,0.071480334,-0.2637636,-0.12971823,0.062482297,-0.20040375,-0.14569393,0.058594584,-0.13939661,-0.1502555
-0.053878963,-0.017867923,-0.071751304,-0.06455386,-0.11042172,-0.102663025,-8.863211e-05,-0.18145412,-0.11797272,0.0628016,-0.23020989,-0.13466857,-0.095498234,-0.28348297,-0.08831569,-0.12810785,-0.42164093,-0.1304187,-0.1514292,-0.5254887,-0.16351862,-0.17206675,-0.6143503,-0.18799475,-0.033300996,-0.30407524,-0.07929363,-0.039902568,-0.45439196,-0.12022828,-0.039834976,-0.565115,-0.15382433,-0.04428768,-0.66731,-0.17403853,0.019911587,-0.28421807,-0.07486119,0.040433645,-0.41384196,-0.13421485,0.056624353,-0.51562464,-0.17694055,0.067872524,-0.6122025,-0.20071517,0.065221846,-0.23041093,-0.07285999,0.06907034,-0.2617193,-0.1335421,0.0604015,-0.19917047,-0.14731637,0.058524847,-0.13816816,-0.14989984
-0.054308176,-0.019721448,-0.07664831,-0.062966764,-0.110672,-0.1073431,0.0027704835,-0.17768049,-0.12191764,0.06455493,-0.22529453,-0.13749151,-0.09721586,-0.28447276,-0.08543542,-0.12803888,-0.42200357,-0.12686417,-0.1510508,-0.5263407,-0.16050443,-0.17050368,-0.61537945,-0.18550536,-0.033982337,-0.30488712,-0.075080946,-0.037466586,-0.45587185,-0.11158864,-0.035360336,-0.5696241,-0.1448833,-0.03740108,-0.6731603,-0.16601543,0.020106137,-0.28533363,-0.07082985,0.04144746,-0.41478842,-0.12793474,0.058806002,-0.51509696,-0.17440341,0.071305454,-0.61213434,-0.2022021,0.06790352,-0.23229098,-0.06990478,0.07349503,-0.2548738,-0.13281915,0.065823436,-0.19137555,-0.15200023,0.063176334,-0.13236493,-0.15894303
-0.052392006,-0.023528695,-0.05953518,-0.06447679,-0.11672562,-0.08458015,-0.0024804473,-0.18600428,-0.09795097,0.057248235,-0.22764969,-0.11304916,-0.097112715,-0.28232682,-0.06752299,-0.13241446,-0.4197846,-0.10192775,-0.15420392,-0.52224886,-0.13045157,-0.17451787,-0.60914207,-0.15248075,-0.037378013,-0.30355167,-0.06340819,-0.0444901,-0.45339644,-0.09826289,-0.04681468,-0.56932783,-0.13127282,-0.053058445,-0.6745235,-0.15190479,0.014340937,-0.28186333,-0.063108586,0.037293255,-0.4108014,-0.11504402,0.053126454,-0.51110965,-0.1566251,0.064976215,-0.60254127,-0.18066633,0.06003672,-0.22681928,-0.06469573,0.065235674,-0.26121867,-0.12108847,0.056073785,-0.20421064,-0.1356038,0.053997457,-0.1486485,-0.13917825
-0.052392006,-0.023528695,-0.05953518,-0.06447679,-0.11672562,-0.08458015,-0.0024804473,-0.18600428,-0.09795097,0.057248235,-0.22764969,-0.11304916,-0.097112715,-0.28232682,-0.06752299,-0.13241446,-0.4197846,-0.10192775,-0.15420392,-0.52224886,-0.13045157,-0.17451787,-0.60914207,-0.15248075,-0.037378013,-0.30355167,-0.06340819,-0.0444901,-0.45339644,-0.09826289,-0.04681468,-0.56932783,-0.13127282,-0.053058445,-0.6745235,-0.15190479,0.014340937,-0.28186333,-0.063108586,0.037293255,-0.4108014,-0.11504402,0.053126454,-0.51110965,-0.1566251,0.064976215,-0.60254127,-0.18066633,0.06003672,-0.22681928,-0.06469573,0.065235674,-0.26121867,-0.12108847,0.056073785,-0.20421064,-0.1356038,0.053997457,-0.1486485,-0.13917825
-0.052208602,-0.01893562,-0.06784721,-0.065152705,-0.11475861,-0.09456403,-0.0018447042,-0.18733263,-0.1061002,0.0628525,-0.23052311,-0.118760966,-0.09656885,-0.28288585,-0.081178956,-0.13118955,-0.42111135,-0.11902179,-0.15517792,-0.5240493,-0.14944206,-0.17676723,-0.61241174,-0.17258951,-0.036271453,-0.30353886,-0.07252917,-0.044184864,-0.4526165,-0.11039354,-0.04605615,-0.5636109,-0.14361547,-0.051837683,-0.66433656,-0.16388622,0.015765607,-0.28380495,-0.068053864,0.03706956,-0.4145437,-0.12425961,0.05306661,-0.5162938,-0.1673151,0.06402999,-0.6113547,-0.19159581,0.0612908,-0.23024678,-0.06570939,0.06450325,-0.26314807,-0.12409818,0.056141615,-0.20229322,-0.13840543,0.054344058,-0.14275599,-0.1416485
-0.049782813,-0.022515535,-0.05817494,-0.061852098,-0.118766785,-0.08174436,8.85725e-05,-0.18981886,-0.09290497,0.06186241,-0.22854978,-0.10589546,-0.096031964,-0.28210187,-0.070065446,-0.13153389,-0.42058796,-0.10354721,-0.15344876,-0.5228101,-0.1306418,-0.17345637,-0.6093046,-0.1517502,-0.035995424,-0.30136013,-0.06615038,-0.044314146,-0.45092577,-0.10098625,-0.046527207,-0.56391007,-0.13301745,-0.051449776,-0.6666814,-0.15270226,0.016090274,-0.28021026,-0.06563968,0.038041055,-0.4104023,-0.119187854,0.053824008,-0.5124766,-0.16193706,0.065607786,-0.6060939,-0.18644391,0.061965704,-0.22591472,-0.066505454,0.06512755,-0.25868267,-0.124382876,0.056030333,-0.19822645,-0.13944376,0.053524315,-0.13970733,-0.14324817
-0.049695432,-0.022071123,-0.061465546,-0.06190735,-0.11561501,-0.08679603,-0.0011201501,-0.18787438,-0.099074505,0.063256145,-0.22820568,-0.1129754,-0.09613758,-0.28275186,-0.07398724,-0.13167343,-0.42193383,-0.10971405,-0.15372771,-0.5245144,-0.1383366,-0.17350867,-0.6118559,-0.16018884,-0.03579372,-0.3033232,-0.069615796,-0.043694615,-0.45311016,-0.10517413,-0.043890834,-0.5668274,-0.13744316,-0.047103345,-0.6693046,-0.15716088,0.016307771,-0.28262383,-0.06911553,0.037999094,-0.4116756,-0.1238555,0.055254757,-0.51357085,-0.16754027,0.06744993,-0.6077248,-0.19248264,0.06299484,-0.2268871,-0.07030889,0.06913251,-0.2604378,-0.12916581,0.062274337,-0.2006498,-0.14457406,0.060245574,-0.14131504,-0.14839703
-0.051220536,-0.019935071,-0.0621112,-0.0650779,-0.11686957,-0.08541442,-0.0027304292,-0.18855137,-0.09461461,0.060154974,-0.22795242,-0.10519074,-0.09759185,-0.28099567,-0.077653036,-0.13249472,-0.4206637,-0.1136219,-0.15595853,-0.5238445,-0.14143306,-0.1767531,-0.61247396,-0.16262293,-0.03726977,-0.30107266,-0.07276164,-0.045013487,-0.4540354,-0.10935827,-0.044304967,-0.56855196,-0.14101763,-0.045725226,-0.6718937,-0.15995023,0.01495862,-0.2809134,-0.07166301,0.036403477,-0.41086704,-0.12759466,0.05378419,-0.5122756,-0.17131889,0.0667364,-0.6081493,-0.19577329,0.062536776,-0.22473925,-0.072198234,0.06681603,-0.25830698,-0.13009152,0.06003052,-0.19777215,-0.1445453,0.05853021,-0.13781309,-0.14784431
-0.052494586,-0.0206936,-0.0656763,-0.06557846,-0.11596656,-0.09210677,-0.0005531907,-0.18819338,-0.10443964,0.06527352,-0.22727734,-0.11797079,-0.09697521,-0.2832477,-0.076827005,-0.13267168,-0.42366198,-0.112585,-0.15417966,-0.5270026,-0.14095344,-0.17397115,-0.613732,-0.16249391,-0.035439968,-0.30146646,-0.07059792,-0.043118894,-0.4550361,-0.106537364,-0.04401356,-0.5706005,-0.13896564,-0.048177004,-0.6741602,-0.15878859,0.016765058,-0.28042185,-0.068763226,0.03849101,-0.41018257,-0.12373116,0.054588556,-0.5125649,-0.1681571,0.066040516,-0.60715365,-0.19362591,0.06360489,-0.2260977,-0.06905949,0.06987846,-0.25926733,-0.12806067,0.06392157,-0.20053917,-0.144229,0.062003553,-0.14183563,-0.14867592
-0.052215695,-0.020417571,-0.05752775,-0.06652337,-0.116165996,-0.08140903,-0.005279064,-0.18717664,-0.093181476,0.05699104,-0.22697091,-0.10685607,-0.09619504,-0.28242832,-0.071584255,-0.1324172,-0.42228007,-0.10658917,-0.15399474,-0.525969,-0.13500628,-0.1745893,-0.61448544,-0.15704414,-0.035293877,-0.30177927,-0.06903166,-0.04268837,-0.45194185,-0.10475069,-0.042277336,-0.56615293,-0.1373417,-0.04596573,-0.669314,-0.15765037,0.016880214,-0.28025854,-0.06994409,0.037904978,-0.41112024,-0.12371081,0.054306686,-0.5143268,-0.16679595,0.06621474,-0.60881156,-0.19173047,0.06414461,-0.22510749,-0.07226782,0.06957871,-0.26249474,-0.12935369,0.06284726,-0.20671213,-0.1441571,0.061412156,-0.15007788,-0.1480797
-0.051498294,-0.017373562,-0.062380888,-0.065903485,-0.11272681,-0.086753406,-0.0033099651,-0.1862495,-0.09718433,0.06182903,-0.2270971,-0.108955935,-0.09657338,-0.28068042,-0.07763566,-0.1304608,-0.42110997,-0.11399471,-0.153287,-0.52517474,-0.14232163,-0.17444295,-0.61408544,-0.16388485,-0.036447585,-0.29998577,-0.07250338,-0.043108165,-0.45379296,-0.108338326,-0.041160047,-0.56846356,-0.139711,-0.04175824,-0.67212987,-0.15870115,0.015395105,-0.2796843,-0.07127574,0.0369097,-0.4106972,-0.12624699,0.053851724,-0.5125285,-0.16964321,0.066560864,-0.60756665,-0.19419819,0.063821435,-0.22368711,-0.07179779,0.06984919,-0.2579913,-0.12964328,0.06316084,-0.1998415,-0.14465968,0.061021566,-0.14153093,-0.14832306
-0.052161157,-0.013636351,-0.06352802,-0.06823218,-0.10498482,-0.09111282,-0.008661211,-0.1792869,-0.10500509,0.055817842,-0.22267812,-0.12072376,-0.09614554,-0.2771541,-0.0827588,-0.13022876,-0.41821438,-0.121793136,-0.1537196,-0.5235842,-0.15222473,-0.17549074,-0.6131239,-0.17560287,-0.03628373,-0.29773605,-0.077467516,-0.042940438,-0.44923127,-0.11607595,-0.04111284,-0.56154895,-0.14864703,-0.04244882,-0.66198313,-0.16861732,0.015862525,-0.2767173,-0.07571886,0.03700906,-0.406722,-0.13218051,0.052862167,-0.5084418,-0.17439483,0.065084636,-0.6017903,-0.19856021,0.06302488,-0.2201916,-0.07573801,0.067554176,-0.25329465,-0.13587607,0.05952257,-0.19555938,-0.15117036,0.057879865,-0.13888901,-0.15493143
-0.050551414,-0.01632148,-0.07356214,-0.06559932,-0.106043875,-0.103820935,-0.0036585927,-0.18263489,-0.11825643,0.062582254,-0.22571117,-0.13350752,-0.102470934,-0.28236574,-0.08574282,-0.13609254,-0.42418703,-0.12565629,-0.15966773,-0.5300305,-0.15683126,-0.17960998,-0.61913204,-0.17994073,-0.042972445,-0.30174333,-0.07585218,-0.048968375,-0.4563225,-0.11247376,-0.04719311,-0.5729939,-0.14481382,-0.046933413,-0.6782151,-0.16444592,0.009652853,-0.28160244,-0.0709347,0.03163892,-0.41218573,-0.12700967,0.048833907,-0.5133045,-0.17149602,0.06236601,-0.6082622,-0.1970079,0.056546926,-0.22633958,-0.068960376,0.06272054,-0.25301367,-0.13047077,0.055699706,-0.18974835,-0.14792107,0.05377263,-0.1292603,-0.15272118
-0.051062644,-0.01956296,-0.06304367,-0.063286304,-0.11402804,-0.087607756,-0.0020641685,-0.18707645,-0.09834298,0.06137055,-0.22794414,-0.11043747,-0.09841278,-0.28089547,-0.074898936,-0.13136774,-0.42117095,-0.11041999,-0.1541394,-0.5249995,-0.13870922,-0.17463565,-0.6138435,-0.16040304,-0.03838551,-0.30041802,-0.06903348,-0.043448925,-0.45350078,-0.10283414,-0.04184562,-0.56892216,-0.13427952,-0.042740703,-0.67295945,-0.15372032,0.014018178,-0.28056115,-0.06723904,0.035934806,-0.41187465,-0.12065776,0.052615404,-0.51466924,-0.16476478,0.06544191,-0.60996413,-0.1904207,0.061361253,-0.22551602,-0.067393765,0.066509485,-0.25540495,-0.12583403,0.058792353,-0.19468999,-0.14220294,0.056232154,-0.13551074,-0.14681995
-0.05360937,-0.015631616,-0.06304816,-0.06864828,-0.10956806,-0.0871647,-0.0043030977,-0.17973143,-0.097131126,0.059624016,-0.21785432,-0.10859962,-0.097613215,-0.2820754,-0.078406654,-0.13034794,-0.42197686,-0.11402282,-0.15299207,-0.5263022,-0.14229913,-0.17448038,-0.6161964,-0.16400585,-0.03649777,-0.3007204,-0.07287388,-0.042180777,-0.45468217,-0.10819077,-0.040950418,-0.57196236,-0.14029202,-0.042214513,-0.6788794,-0.16015634,0.015186846,-0.2795043,-0.071098,0.03796482,-0.41073737,-0.12551981,0.055536747,-0.5115911,-0.16972518,0.06864637,-0.6062518,-0.19517186,0.062650084,-0.22318274,-0.07117423,0.06896782,-0.25434196,-0.12842883,0.062047422,-0.19509244,-0.14385149,0.05942607,-0.1366812,-0.14817987
-0.052815855,-0.021248937,-0.056309618,-0.06702572,-0.11338037,-0.08143306,-0.0069465637,-0.1851008,-0.09483283,0.054144084,-0.22937661,-0.11003119,-0.09863278,-0.2847556,-0.07052694,-0.13348067,-0.42557186,-0.10493211,-0.15447938,-0.5284639,-0.131873,-0.17375982,-0.6157604,-0.15256505,-0.038021266,-0.30374068,-0.06833646,-0.044933736,-0.4583617,-0.10244609,-0.043729067,-0.57458067,-0.13339101,-0.04541135,-0.679308,-0.15251201,0.014478743,-0.28140992,-0.069572695,0.03694558,-0.4116382,-0.12161265,0.052761197,-0.51550233,-0.16448145,0.06526619,-0.6093636,-0.18961905,0.06167972,-0.2256639,-0.0721473,0.06736761,-0.2561909,-0.12867142,0.059298694,-0.19894397,-0.14436746,0.057218254,-0.14246154,-0.14885609
-0.05240941,-0.02008903,-0.05707115,-0.06651807,-0.11691034,-0.079521224,-0.0044516325,-0.18922538,-0.08947808,0.057900906,-0.22989988,-0.10111637,-0.09655973,-0.28393656,-0.070157364,-0.13129312,-0.42302048,-0.103889234,-0.15297249,-0.5258183,-0.13046229,-0.173549,-0.6137072,-0.15115322,-0.03587234,-0.3034876,-0.067791864,-0.042023182,-0.45650998,-0.101765215,-0.039794207,-0.571759,-0.13239531,-0.040308595,-0.67630726,-0.15114687,0.015963674,-0.2821737,-0.06908322,0.037278354,-0.41198426,-0.122881345,0.054662168,-0.51405126,-0.16603561,0.06824595,-0.608914,-0.1907523,0.06354362,-0.22528416,-0.07170756,0.06731123,-0.25983334,-0.1293145,0.0593037,-0.2004332,-0.14421375,0.056435525,-0.14175516,-0.14801471
-0.051231682,-0.019359052,-0.05831025,-0.065160334,-0.116800725,-0.08109357,-0.0018941164,-0.18844932,-0.09123525,0.06315601,-0.22642243,-0.103216864,-0.09693414,-0.28187966,-0.07170993,-0.13097918,-0.42231494,-0.10542709,-0.15273118,-0.5264555,-0.1319129,-0.1728721,-0.61533415,-0.15274379,-0.036592245,-0.30172104,-0.0686118,-0.04139906,-0.45535022,-0.10271492,-0.04018897,-0.5705826,-0.13347009,-0.041350067,-0.6745907,-0.15232648,0.016071022,-0.2808414,-0.06914531,0.03993994,-0.41154927,-0.12298751,0.055691957,-0.5144558,-0.16672634,0.068193495,-0.6097342,-0.19206214,0.06405443,-0.22448146,-0.07110712,0.06858218,-0.2553569,-0.12999037,0.058738768,-0.19310611,-0.14623313,0.05507624,-0.1336711,-0.1509365
-0.050724566,-0.021703005,-0.06273634,-0.062285423,-0.121436715,-0.08532163,0.0017462373,-0.19240916,-0.093012296,0.065932095,-0.2330482,-0.10178536,-0.093216985,-0.27873462,-0.07857473,-0.12783921,-0.4191889,-0.113120206,-0.1520297,-0.5226077,-0.13948534,-0.17334312,-0.6108953,-0.159787,-0.032496333,-0.29924357,-0.071976826,-0.03916073,-0.45106786,-0.10712064,-0.039390385,-0.56323254,-0.13749859,-0.04188919,-0.66288674,-0.15565704,0.019732416,-0.28026456,-0.06907047,0.041699767,-0.41167104,-0.12401695,0.058117747,-0.5136935,-0.1671559,0.070191085,-0.6089226,-0.19133112,0.066193104,-0.22544527,-0.06769903,0.06882334,-0.25931,-0.1253145,0.05955571,-0.19809222,-0.1396129,0.056126475,-0.13638026,-0.14278589
-0.053116918,-0.015399814,-0.06488464,-0.06667298,-0.1102224,-0.09087022,-0.0035543442,-0.18294758,-0.102440834,0.06396043,-0.22355759,-0.11556913,-0.09723833,-0.27653402,-0.08132702,-0.12936881,-0.41769117,-0.12071538,-0.15146416,-0.5231497,-0.1516809,-0.17111537,-0.6133914,-0.17520435,-0.03688425,-0.29562247,-0.07563156,-0.04191047,-0.4487737,-0.1123667,-0.040077984,-0.5625014,-0.14416984,-0.040756285,-0.664263,-0.16375321,0.015981436,-0.2743749,-0.07416735,0.037962258,-0.40489936,-0.13078247,0.054299593,-0.5065166,-0.17453909,0.06699431,-0.60227406,-0.19962351,0.063001454,-0.21688199,-0.07467445,0.066314995,-0.24751943,-0.13599388,0.057283163,-0.1844464,-0.15207162,0.054189265,-0.12461597,-0.15624122
-0.052849233,-0.019870937,-0.06275763,-0.06467712,-0.11046445,-0.087424934,-0.0036917329,-0.176566,-0.098883696,0.058259428,-0.2182793,-0.111841306,-0.0945954,-0.2783885,-0.0730545,-0.12776798,-0.41782337,-0.11034985,-0.15023738,-0.5227856,-0.13995758,-0.17038745,-0.6119275,-0.16243342,-0.034013808,-0.29946,-0.06811898,-0.036794722,-0.44916573,-0.10140329,-0.034200788,-0.56145966,-0.1316151,-0.03502083,-0.66077125,-0.15031663,0.018650234,-0.27861786,-0.068017825,0.040650964,-0.40715134,-0.12139963,0.055357397,-0.5093478,-0.16547506,0.06656289,-0.6050639,-0.19150548,0.06563437,-0.22164768,-0.06997131,0.069539845,-0.2472009,-0.12972529,0.06032133,-0.18668717,-0.14723036,0.05711621,-0.12928641,-0.15279223
-0.052892625,-0.023040771,-0.060891066,-0.06695169,-0.11838049,-0.08666867,-0.005373955,-0.18837672,-0.09936953,0.058605194,-0.228208,-0.11407549,-0.09552115,-0.28136003,-0.07695188,-0.12907034,-0.42086336,-0.11436202,-0.1512439,-0.5247474,-0.14457971,-0.17119658,-0.613579,-0.16782321,-0.03382778,-0.30043072,-0.07269364,-0.039404094,-0.45043427,-0.10983508,-0.037418306,-0.5641316,-0.14315146,-0.038945436,-0.6664939,-0.1640776,0.01901108,-0.27937782,-0.07203305,0.040405154,-0.40881845,-0.1271765,0.056661308,-0.5102322,-0.17081735,0.06876165,-0.60431075,-0.19627033,0.06526071,-0.22492349,-0.07297437,0.06828791,-0.25731903,-0.13200678,0.058869183,-0.19779754,-0.14762387,0.055802107,-0.14007169,-0.1520076
-0.052354276,-0.020363927,-0.057897773,-0.06769383,-0.11964679,-0.080129445,-0.0057267547,-0.19070327,-0.08951156,0.05812317,-0.22969157,-0.100871466,-0.09571412,-0.28244108,-0.072859176,-0.1301912,-0.4212827,-0.10787036,-0.15246338,-0.52504396,-0.13610183,-0.17307353,-0.61386216,-0.15810296,-0.03467685,-0.30188024,-0.0698369,-0.040407777,-0.45258832,-0.10472882,-0.03869909,-0.566764,-0.136476,-0.0400455,-0.66989404,-0.15636632,0.01712209,-0.2812642,-0.07040302,0.03928435,-0.41095477,-0.12440709,0.05621332,-0.51193035,-0.16792804,0.06910354,-0.60654855,-0.19325481,0.06390798,-0.22587186,-0.07237552,0.067436814,-0.25970256,-0.13056774,0.05877,-0.19945735,-0.14598079,0.05544454,-0.1408791,-0.15033782
-0.053217053,-0.016404212,-0.05625953,-0.068672776,-0.11343211,-0.07941071,-0.008830667,-0.18618715,-0.09043621,0.054985523,-0.22627032,-0.10368273,-0.097601235,-0.27944404,-0.07288679,-0.13098177,-0.4205644,-0.10819773,-0.15305573,-0.5264335,-0.13652273,-0.17363277,-0.61674595,-0.1586322,-0.037347972,-0.29998648,-0.07025162,-0.041941047,-0.45135605,-0.10342641,-0.040454865,-0.5666636,-0.13370907,-0.041916013,-0.6699718,-0.15290414,0.015558183,-0.27930224,-0.070953675,0.03819233,-0.40935376,-0.12263613,0.053621948,-0.51249486,-0.16507767,0.0658924,-0.606681,-0.19034828,0.063311696,-0.2228241,-0.07303938,0.06678867,-0.25313938,-0.13055234,0.05656165,-0.19355613,-0.14637585,0.053130507,-0.13585097,-0.15108421
-0.052291512,-0.014239073,-0.05785386,-0.067237735,-0.10896546,-0.083350904,-0.0063931346,-0.18069655,-0.09646773,0.056141973,-0.2226466,-0.11193428,-0.09526682,-0.27528203,-0.078330345,-0.12903738,-0.41491252,-0.11477615,-0.15032893,-0.5196171,-0.14366964,-0.17114985,-0.6095942,-0.16650496,-0.035487473,-0.29586512,-0.07512889,-0.040855408,-0.44696254,-0.111919254,-0.03821832,-0.56046396,-0.14384082,-0.039170742,-0.66229093,-0.16386455,0.016597092,-0.2734866,-0.07470042,0.038727045,-0.40420562,-0.12910664,0.05436462,-0.5065462,-0.17062645,0.06676161,-0.5993397,-0.19480278,0.06392908,-0.21635103,-0.07542119,0.066976905,-0.25059617,-0.13377358,0.056797862,-0.1961056,-0.14864431,0.0540334,-0.14300793,-0.15258056
-0.050500393,-0.016819358,-0.067732304,-0.063239574,-0.11423826,-0.09476543,-0.0006278753,-0.18629271,-0.1071328,0.06508297,-0.22891778,-0.1209595,-0.09560862,-0.28275037,-0.08222849,-0.12875175,-0.4234293,-0.122241236,-0.15209115,-0.52940935,-0.15350567,-0.17277402,-0.6200512,-0.17707431,-0.033924043,-0.30364013,-0.075223856,-0.037576675,-0.45493042,-0.11227355,-0.035045683,-0.56759083,-0.14407915,-0.035969973,-0.6697821,-0.16346908,0.019460917,-0.2841028,-0.072900146,0.04030955,-0.4119969,-0.1301793,0.055674136,-0.5127707,-0.17470051,0.0670073,-0.6094149,-0.20033492,0.06618112,-0.22932458,-0.072844386,0.067934096,-0.25260013,-0.13566433,0.057699025,-0.1869281,-0.15315917,0.05382645,-0.1265871,-0.15817708
-0.050691426,-0.015530229,-0.057207063,-0.064594746,-0.110836685,-0.07878609,-0.0057584643,-0.18094516,-0.088037945,0.055057585,-0.22004956,-0.09937785,-0.09347829,-0.27811813,-0.071738265,-0.12758213,-0.41818437,-0.10770113,-0.15028733,-0.5236422,-0.13669449,-0.17207465,-0.61396676,-0.15918347,-0.03359568,-0.29826045,-0.06896688,-0.037456274,-0.44879943,-0.10213487,-0.034821987,-0.56108284,-0.13237303,-0.03560996,-0.66088045,-0.15126623,0.0183115,-0.27679574,-0.06997079,0.03935635,-0.40658772,-0.121985994,0.05381149,-0.50772315,-0.16418573,0.06509203,-0.6018528,-0.189132,0.06599134,-0.21870255,-0.072541595,0.07035971,-0.25043213,-0.12967944,0.062598705,-0.19435477,-0.14499989,0.060859144,-0.14001477,-0.1494074
-0.052160263,-0.013057351,-0.06849327,-0.06608009,-0.107643425,-0.0940062,-0.0033100843,-0.17962176,-0.10419513,0.0620324,-0.22111022,-0.11561737,-0.09557459,-0.27592313,-0.08373015,-0.127987,-0.41533774,-0.12351682,-0.15179184,-0.5208902,-0.15475969,-0.17336679,-0.6113322,-0.17856993,-0.03426981,-0.2971586,-0.07572328,-0.037866414,-0.44797426,-0.112124555,-0.034924567,-0.5596771,-0.14367208,-0.035441577,-0.65920115,-0.16327801,0.01829207,-0.27765173,-0.07238807,0.039317608,-0.40617928,-0.12845354,0.05467981,-0.50508904,-0.17205472,0.066099346,-0.59999985,-0.19742197,0.06585473,-0.2215352,-0.071444154,0.06927413,-0.24859321,-0.13247268,0.06069553,-0.18753934,-0.14931779,0.057792187,-0.12990284,-0.15433903
-0.052160263,-0.013057351,-0.06849327,-0.06608009,-0.107643425,-0.0940062,-0.0033100843,-0.17962176,-0.10419513,0.0620324,-0.22111022,-0.11561737,-0.09557459,-0.27592313,-0.08373015,-0.127987,-0.41533774,-0.12351682,-0.15179184,-0.5208902,-0.15475969,-0.17336679,-0.6113322,-0.17856993,-0.03426981,-0.2971586,-0.07572328,-0.037866414,-0.44797426,-0.112124555,-0.034924567,-0.5596771,-0.14367208,-0.035441577,-0.65920115,-0.16327801,0.01829207,-0.27765173,-0.07238807,0.039317608,-0.40617928,-0.12845354,0.05467981,-0.50508904,-0.17205472,0.066099346,-0.59999985,-0.19742197,0.06585473,-0.2215352,-0.071444154,0.06927413,-0.24859321,-0.13247268,0.06069553,-0.18753934,-0.14931779,0.057792187,-0.12990284,-0.15433903
-0.051962793,-0.011948645,-0.06478036,-0.06733167,-0.10922402,-0.08943616,-0.0044409037,-0.18214607,-0.09923869,0.063194096,-0.22182477,-0.110832274,-0.09463382,-0.27357864,-0.0836721,-0.12758523,-0.41424805,-0.12187982,-0.15096283,-0.5195886,-0.15134026,-0.17224967,-0.6100061,-0.17417173,-0.03415847,-0.2944259,-0.07695307,-0.03785312,-0.4449409,-0.11310757,-0.035234988,-0.5562023,-0.1440986,-0.03524345,-0.65623283,-0.16337912,0.018052995,-0.27559578,-0.074168324,0.038945377,-0.40421724,-0.13024727,0.054205716,-0.5040559,-0.17403345,0.0665558,-0.5989567,-0.19955966,0.065318465,-0.22130835,-0.073229186,0.06628209,-0.24654442,-0.13445485,0.05657041,-0.18232894,-0.15149374,0.053834498,-0.122695565,-0.15674141
-0.05098331,-0.011659443,-0.06251713,-0.066231966,-0.10649824,-0.0886442,-0.006442547,-0.17856568,-0.10091161,0.05772972,-0.22005504,-0.11520493,-0.091725856,-0.270411,-0.08264738,-0.12619883,-0.40980634,-0.12075109,-0.14962599,-0.51488245,-0.15021509,-0.17102912,-0.60428613,-0.17321832,-0.0320006,-0.29118174,-0.07641089,-0.036862254,-0.4394052,-0.11401205,-0.03458613,-0.5489044,-0.14565794,-0.035277545,-0.64714926,-0.16522835,0.01997286,-0.27167636,-0.07349393,0.041078568,-0.40066564,-0.12917165,0.055221915,-0.5004273,-0.1709596,0.06687349,-0.59291136,-0.19522426,0.066135466,-0.21832591,-0.0721641,0.06704879,-0.24432659,-0.13270669,0.056211233,-0.18317461,-0.1486889,0.054054856,-0.1263029,-0.15310478
-0.05148053,-0.016617894,-0.06119994,-0.065318644,-0.11163235,-0.088960014,-0.0046299696,-0.18391144,-0.104569666,0.059671283,-0.22700691,-0.122557916,-0.09542182,-0.27770776,-0.07665983,-0.12861887,-0.41758275,-0.11501742,-0.15048021,-0.52292687,-0.14603782,-0.17060158,-0.6117431,-0.1703058,-0.035678208,-0.29820228,-0.07223265,-0.039023757,-0.44667697,-0.109560266,-0.035804152,-0.5577928,-0.14260375,-0.03620398,-0.65593773,-0.16339155,0.01716578,-0.27683568,-0.07137938,0.038252294,-0.40691283,-0.12615019,0.05157882,-0.50757253,-0.16861874,0.062880635,-0.5988667,-0.19400805,0.06369895,-0.22249174,-0.07222782,0.06652391,-0.24849951,-0.13379194,0.055951178,-0.19099206,-0.15150487,0.05395645,-0.13838369,-0.1571092
-0.051754713,-0.012730122,-0.06658272,-0.06662065,-0.103542745,-0.096082985,-0.00442636,-0.1750471,-0.111668296,0.06172788,-0.21320498,-0.12936401,-0.092392564,-0.27242714,-0.08418492,-0.12727243,-0.41102952,-0.12283118,-0.14988297,-0.51614666,-0.1534254,-0.16995552,-0.6040958,-0.1771908,-0.032589436,-0.29155612,-0.076703645,-0.038275123,-0.44086656,-0.11516961,-0.036191463,-0.5523037,-0.1480454,-0.036470532,-0.6505114,-0.1684094,0.019528389,-0.26976907,-0.07293859,0.041246176,-0.40231845,-0.12928447,0.054594934,-0.5027425,-0.17205837,0.066060305,-0.5936653,-0.19686386,0.065608025,-0.21543193,-0.07113005,0.06872642,-0.24641448,-0.1332155,0.05858314,-0.18803012,-0.15050848,0.05655271,-0.13237637,-0.15553617
-0.051754713,-0.012730122,-0.06658272,-0.06662065,-0.103542745,-0.096082985,-0.00442636,-0.1750471,-0.111668296,0.06172788,-0.21320498,-0.12936401,-0.092392564,-0.27242714,-0.08418492,-0.12727243,-0.41102952,-0.12283118,-0.14988297,-0.51614666,-0.1534254,-0.16995552,-0.6040958,-0.1771908,-0.032589436,-0.29155612,-0.076703645,-0.038275123,-0.44086656,-0.11516961,-0.036191463,-0.5523037,-0.1480454,-0.036470532,-0.6505114,-0.1684094,0.019528389,-0.26976907,-0.07293859,0.041246176,-0.40231845,-0.12928447,0.054594934,-0.5027425,-0.17205837,0.066060305,-0.5936653,-0.19686386,0.065608025,-0.21543193,-0.07113005,0.06872642,-0.24641448,-0.1332155,0.05858314,-0.18803012,-0.15050848,0.05655271,-0.13237637,-0.15553617
-0.050663292,-0.014606893,-0.056150034,-0.06684548,-0.11289388,-0.07804021,-0.0070875883,-0.18730372,-0.08836002,0.056634784,-0.22685593,-0.10097066,-0.09419137,-0.27793217,-0.06602048,-0.12782246,-0.41331384,-0.09789779,-0.15013999,-0.514874,-0.12357508,-0.17175296,-0.6002991,-0.1443345,-0.03582394,-0.2996521,-0.06304947,-0.04064721,-0.44919962,-0.09491043,-0.038642287,-0.5598905,-0.12470435,-0.039503455,-0.65902257,-0.14326091,0.01493901,-0.2787766,-0.06366091,0.03657669,-0.40968072,-0.11485156,0.0501675,-0.5101585,-0.15699983,0.061402082,-0.60203147,-0.18200073,0.061550617,-0.22298664,-0.065601416,0.0660786,-0.2529812,-0.12337211,0.058338165,-0.19566154,-0.1401418,0.057644308,-0.14194119,-0.14553328
-0.0523836,-0.015389681,-0.056592073,-0.068415105,-0.11263567,-0.07688616,-0.009784162,-0.1830675,-0.08543115,0.053895712,-0.22083652,-0.096267566,-0.09278974,-0.2752964,-0.06635585,-0.12589014,-0.41195464,-0.10063649,-0.14879295,-0.5166762,-0.12793826,-0.16998395,-0.6049614,-0.14939353,-0.03391087,-0.29720294,-0.06346797,-0.036977887,-0.4470443,-0.09384243,-0.036776006,-0.55976963,-0.12226762,-0.03913033,-0.6588142,-0.14011118,0.017446876,-0.2771216,-0.06489751,0.039406955,-0.40793088,-0.115371734,0.051366508,-0.50856733,-0.1586145,0.061620414,-0.60159415,-0.18474701,0.06459159,-0.21953595,-0.067977004,0.06871462,-0.24597687,-0.12809032,0.0589903,-0.18623447,-0.14755973,0.056601584,-0.13102043,-0.15461417
-0.0503906,-0.015423775,-0.050840493,-0.067150235,-0.11513537,-0.0694254,-0.008480728,-0.1865505,-0.07774209,0.05508381,-0.22360355,-0.08873935,-0.091843456,-0.27835315,-0.06227783,-0.12760401,-0.41607648,-0.094471745,-0.14995748,-0.5208707,-0.120467365,-0.17148429,-0.60957885,-0.14137825,-0.033162415,-0.2996614,-0.062061355,-0.03629005,-0.4496192,-0.091644496,-0.034991026,-0.5629823,-0.11976551,-0.037186503,-0.66236925,-0.13758239,0.018371046,-0.27786177,-0.06542553,0.040507734,-0.40812448,-0.11437713,0.0530715,-0.5096507,-0.15646948,0.063574135,-0.6024579,-0.18202095,0.065368,-0.2188487,-0.06995997,0.06881696,-0.24834073,-0.12803735,0.05832815,-0.18998545,-0.14602403,0.05546224,-0.13542819,-0.15235797
-0.053471267,-0.011559784,-0.057821978,-0.07324153,-0.100860834,-0.083599634,-0.017635524,-0.17286694,-0.098426014,0.04600829,-0.21358925,-0.11592139,-0.09753311,-0.27201498,-0.069027446,-0.1291179,-0.40689227,-0.1057466,-0.15002659,-0.511099,-0.1361338,-0.16969281,-0.5990673,-0.1601217,-0.039228022,-0.29392081,-0.066636354,-0.042654335,-0.43901718,-0.09913099,-0.041731834,-0.5503319,-0.1299646,-0.0436244,-0.6489842,-0.1500124,0.013165176,-0.27254653,-0.068247944,0.03413403,-0.4007715,-0.1190101,0.045208395,-0.5017613,-0.16130956,0.055294037,-0.5931419,-0.187529,0.0607,-0.21549666,-0.07171567,0.06345439,-0.2401309,-0.13272697,0.052404642,-0.18094277,-0.15195753,0.050160527,-0.12740517,-0.15886578
-0.054944217,-0.012394071,-0.05971593,-0.07473832,-0.10457116,-0.08654835,-0.017030597,-0.17802364,-0.10148421,0.04883176,-0.22116214,-0.11887409,-0.09821224,-0.27686894,-0.0740991,-0.12907928,-0.4140769,-0.11223981,-0.14988095,-0.5189309,-0.14268057,-0.1683504,-0.60764086,-0.16652896,-0.038118422,-0.29705894,-0.07135773,-0.04207647,-0.44361305,-0.105769224,-0.04076171,-0.5534853,-0.13598731,-0.04122311,-0.65067714,-0.15511332,0.015912712,-0.27498382,-0.07280534,0.035353243,-0.40378207,-0.12669669,0.04534948,-0.5066518,-0.16962595,0.05529493,-0.60023665,-0.19566809,0.06395686,-0.21684617,-0.076031834,0.063640654,-0.23977387,-0.13986683,0.05012375,-0.17568779,-0.15943488,0.046435535,-0.11768627,-0.16607612
-0.05561298,-0.011028349,-0.054258786,-0.077358246,-0.10020012,-0.08020305,-0.021504283,-0.16967565,-0.09562961,0.04110086,-0.20949894,-0.11396309,-0.094230175,-0.27492702,-0.0716325,-0.12536061,-0.4106829,-0.10856604,-0.14556277,-0.51407546,-0.13904701,-0.16555971,-0.60181,-0.16319016,-0.034021497,-0.29484028,-0.07098715,-0.037427723,-0.4394095,-0.10483252,-0.03661734,-0.54854167,-0.1358118,-0.039475203,-0.644324,-0.15605372,0.019118667,-0.27134937,-0.07361248,0.040012002,-0.4016494,-0.1252636,0.050403893,-0.50411177,-0.16730319,0.059153914,-0.5954946,-0.19333243,0.066854954,-0.21256936,-0.07741167,0.068914115,-0.24242538,-0.13729233,0.05742705,-0.18597436,-0.15491806,0.054499507,-0.13202631,-0.16108099
-0.05263859,-0.011524916,-0.05577099,-0.07053697,-0.10524124,-0.07954041,-0.011408508,-0.17813373,-0.09215741,0.053539217,-0.21680391,-0.10731959,-0.094329566,-0.27541548,-0.068699494,-0.12746236,-0.41211823,-0.102993496,-0.14804062,-0.51597106,-0.13065183,-0.16778505,-0.6031848,-0.15275925,-0.034953773,-0.2961769,-0.06669506,-0.03877771,-0.44343638,-0.09823081,-0.037052095,-0.5539739,-0.1269594,-0.037834585,-0.651638,-0.14522582,0.017071962,-0.27366763,-0.06847266,0.037680745,-0.40310588,-0.11978335,0.049075723,-0.5043139,-0.161792,0.05971545,-0.59625083,-0.18728381,0.06416112,-0.21492779,-0.0716316,0.06700623,-0.24161863,-0.13227239,0.056959152,-0.18269348,-0.1507167,0.055273652,-0.1286161,-0.15707691
-0.0556857,-0.010625184,-0.063441716,-0.07508975,-0.10199487,-0.090299286,-0.015092552,-0.1742258,-0.10411606,0.05225259,-0.21485275,-0.120010756,-0.09544593,-0.27586806,-0.077907704,-0.12634927,-0.41396564,-0.11769906,-0.14759743,-0.5194829,-0.14935783,-0.16657537,-0.6088145,-0.17360073,-0.03482032,-0.29720485,-0.0730168,-0.03919059,-0.4441961,-0.10814111,-0.037986994,-0.5546745,-0.13875562,-0.038920343,-0.6517917,-0.15810782,0.018177569,-0.27640706,-0.07274178,0.038209975,-0.4045988,-0.12764618,0.048642933,-0.5063529,-0.17147073,0.05768466,-0.6005136,-0.19775786,0.065418065,-0.21907783,-0.074508294,0.06807816,-0.24260002,-0.13755926,0.057100892,-0.18160343,-0.15682037,0.05377221,-0.12537229,-0.16344483
-0.055123568,-0.010614455,-0.068957955,-0.07309097,-0.0967288,-0.10091821,-0.014787912,-0.16870773,-0.119161434,0.05325055,-0.21165699,-0.13920556,-0.09705126,-0.27227688,-0.08399642,-0.12844536,-0.4107024,-0.12683728,-0.14913726,-0.5167038,-0.16067258,-0.16736934,-0.6063686,-0.18624283,-0.03709823,-0.2926576,-0.07712378,-0.0409171,-0.43944526,-0.11457674,-0.03889692,-0.5511217,-0.14621326,-0.039520383,-0.6493121,-0.16606009,0.016086698,-0.27100986,-0.075217366,0.03550768,-0.39855695,-0.13181613,0.046677053,-0.50026566,-0.17524274,0.056541085,-0.5942683,-0.20102416,0.06255108,-0.21437913,-0.07584959,0.06420082,-0.2370243,-0.14119604,0.0535146,-0.17574859,-0.16093743,0.05084634,-0.12009716,-0.16734391
-0.054278314,-0.009778261,-0.06016135,-0.073188186,-0.09690368,-0.087605715,-0.015388489,-0.16787785,-0.102935575,0.05053526,-0.2083782,-0.120395586,-0.09514129,-0.2682824,-0.07686073,-0.12612516,-0.40588364,-0.116850086,-0.14696234,-0.51103926,-0.1484996,-0.16500664,-0.59965676,-0.17266683,-0.036095142,-0.28888088,-0.072440796,-0.03822136,-0.43326038,-0.10759624,-0.03694749,-0.5422423,-0.13801923,-0.03783399,-0.6373886,-0.15713367,0.017054677,-0.26712012,-0.07189064,0.038409054,-0.39683124,-0.12594537,0.04838538,-0.4966022,-0.16741286,0.05696565,-0.5868467,-0.19192515,0.062968194,-0.20909363,-0.07298403,0.06470424,-0.23335946,-0.13548258,0.0522027,-0.17240208,-0.15346746,0.0490157,-0.11680484,-0.1588287
-0.051592052,-0.011440039,-0.05545071,-0.069508076,-0.10751319,-0.077042885,-0.010271311,-0.17823058,-0.08729287,0.055942237,-0.2149533,-0.099811435,-0.09145349,-0.2738943,-0.06847393,-0.12439549,-0.41317642,-0.10324613,-0.14440149,-0.5186275,-0.13083763,-0.1629129,-0.60795426,-0.15257448,-0.0320369,-0.29478723,-0.0664289,-0.035345137,-0.44156578,-0.097670384,-0.034812093,-0.5526446,-0.12614597,-0.036600113,-0.65005964,-0.14414562,0.02003926,-0.2731166,-0.06830815,0.043030024,-0.40211597,-0.118933216,0.053869963,-0.50242263,-0.16079909,0.06307161,-0.59441614,-0.18605097,0.06671834,-0.21429467,-0.07173804,0.071095645,-0.24017477,-0.13114521,0.058719695,-0.1797421,-0.14895643,0.05386299,-0.1234498,-0.15491645
-0.057017446,-0.011419475,-0.06007611,-0.07696241,-0.09967905,-0.08871606,-0.019997537,-0.16804343,-0.10549181,0.04443115,-0.20731276,-0.12491013,-0.09657046,-0.2707715,-0.078451,-0.12525898,-0.4082886,-0.11878514,-0.14573228,-0.51335967,-0.15070747,-0.16381377,-0.6015954,-0.17537798,-0.036169946,-0.29155344,-0.0752729,-0.039624512,-0.43682164,-0.111313865,-0.038808405,-0.5456052,-0.14259423,-0.0400213,-0.64114594,-0.16258663,0.018297315,-0.2705742,-0.075954646,0.03791201,-0.40125006,-0.1304357,0.047956347,-0.50273854,-0.17343912,0.056857765,-0.593594,-0.19975935,0.06615788,-0.21424818,-0.078259245,0.06623411,-0.23475188,-0.14199354,0.052749515,-0.17284238,-0.16192453,0.048761964,-0.11631936,-0.1690828
-0.057780266,-0.009227157,-0.07641844,-0.07593548,-0.09150779,-0.11273367,-0.01805818,-0.15936995,-0.13391322,0.048957944,-0.20457661,-0.15689354,-0.09713787,-0.26953185,-0.09348725,-0.1255197,-0.40728107,-0.14105652,-0.14719358,-0.5133575,-0.17840102,-0.16492867,-0.60286254,-0.2060516,-0.03559029,-0.2899546,-0.08443942,-0.039070427,-0.43811357,-0.124738604,-0.037539065,-0.54770494,-0.15799688,-0.038537264,-0.6435621,-0.17896894,0.019362032,-0.27020466,-0.0811308,0.03800422,-0.3996072,-0.14059116,0.049000025,-0.50038797,-0.18554229,0.058639944,-0.59435904,-0.21271734,0.066405356,-0.21656585,-0.081012264,0.066617906,-0.23321444,-0.14957447,0.054934204,-0.16656208,-0.17085405,0.052338302,-0.106784105,-0.17839412
-0.053320944,-0.0131370425,-0.057022903,-0.069673896,-0.102398336,-0.08200178,-0.011333346,-0.17307806,-0.09623023,0.051969588,-0.21303111,-0.11298889,-0.09353393,-0.27332777,-0.06932304,-0.12551191,-0.41361672,-0.10581685,-0.14597723,-0.51993394,-0.13562185,-0.16533077,-0.6096978,-0.15919796,-0.033996165,-0.29435313,-0.06731156,-0.03693831,-0.4421695,-0.09997245,-0.035398483,-0.5542895,-0.13051668,-0.037018836,-0.6524146,-0.15045516,0.018317044,-0.27197444,-0.06932231,0.039610445,-0.40389943,-0.12067407,0.051510334,-0.50434315,-0.16306591,0.06176883,-0.5951201,-0.18929395,0.06529671,-0.21369231,-0.0730259,0.06973249,-0.2437684,-0.1344925,0.05945152,-0.18831867,-0.15413868,0.056354403,-0.13646358,-0.16145672
-0.056509912,-0.011704385,-0.07202502,-0.073672354,-0.10103637,-0.10253013,-0.012537003,-0.17039698,-0.11816981,0.054320216,-0.21311176,-0.13536748,-0.095805705,-0.27198237,-0.08413591,-0.124242425,-0.40932718,-0.12595226,-0.1451051,-0.51323545,-0.15905374,-0.16278523,-0.6008638,-0.18435659,-0.034105003,-0.29193074,-0.076014906,-0.03650421,-0.4397175,-0.112750724,-0.035405993,-0.5473634,-0.14450708,-0.036074102,-0.6426452,-0.16457361,0.01956892,-0.27157444,-0.07351889,0.03984171,-0.40304786,-0.13123897,0.050973833,-0.5018502,-0.17646037,0.061074317,-0.5951946,-0.20370291,0.067162275,-0.21646094,-0.07375014,0.068653226,-0.23771012,-0.1412156,0.058290124,-0.17329139,-0.16289622,0.055726826,-0.11602485,-0.17084011
-0.053770006,-0.012732387,-0.07068427,-0.0673933,-0.10013509,-0.1020067,-0.007075906,-0.1693998,-0.11923607,0.05728972,-0.21323347,-0.1382438,-0.0923979,-0.27118933,-0.084964454,-0.123933315,-0.41087437,-0.12781703,-0.14637238,-0.5172913,-0.16217732,-0.1661101,-0.60729414,-0.18812564,-0.03188938,-0.29226923,-0.07675291,-0.035241127,-0.44130495,-0.11408686,-0.03374487,-0.5536426,-0.14694412,-0.035439968,-0.6528714,-0.16798463,0.020745695,-0.27192658,-0.07353435,0.040926814,-0.40239894,-0.12898016,0.05299574,-0.5005711,-0.17237036,0.0632444,-0.592558,-0.19862957,0.06736499,-0.21765774,-0.07311499,0.07064462,-0.24151808,-0.13677101,0.06131816,-0.1832962,-0.15634474,0.059639692,-0.13075191,-0.16314833
-0.049698412,-0.012997866,-0.06432438,-0.06453729,-0.104005694,-0.091507584,-0.0054864883,-0.17283732,-0.105269246,0.05955255,-0.2134102,-0.12079511,-0.08961904,-0.2706682,-0.07974174,-0.12219632,-0.41058192,-0.1195084,-0.14372528,-0.5150783,-0.15042388,-0.16255563,-0.60424894,-0.17412223,-0.0297485,-0.29154092,-0.07419655,-0.03327,-0.4395979,-0.1110284,-0.03165233,-0.54791516,-0.14229941,-0.032301128,-0.644689,-0.16156991,0.022548676,-0.27135563,-0.07301433,0.04309082,-0.40253252,-0.1293193,0.055044472,-0.50040185,-0.17210165,0.06536627,-0.59296095,-0.19708328,0.06867713,-0.21642548,-0.07382432,0.069348276,-0.23989362,-0.13725956,0.057750642,-0.17673212,-0.15527263,0.05469942,-0.11917579,-0.1606809
-0.04946935,-0.015560806,-0.060068697,-0.06250441,-0.11112118,-0.08290972,-0.00196743,-0.18052119,-0.092963256,0.06220478,-0.21968317,-0.104817376,-0.08906576,-0.27271485,-0.07418931,-0.12194091,-0.41497132,-0.11099229,-0.14360422,-0.5208535,-0.13970853,-0.16295755,-0.61107755,-0.16201675,-0.029187918,-0.29243863,-0.07022001,-0.031578243,-0.44162557,-0.10447047,-0.030080914,-0.5522541,-0.1350392,-0.030738235,-0.65001225,-0.1542038,0.022782624,-0.27191132,-0.07038,0.044994473,-0.4040153,-0.12441269,0.056965888,-0.502909,-0.16764322,0.0665766,-0.5954646,-0.19323088,0.069300115,-0.2159825,-0.07222401,0.071149826,-0.24361116,-0.13332613,0.05903858,-0.18339789,-0.1512713,0.054448783,-0.12653321,-0.1571218
-0.05230999,-0.011033416,-0.069704205,-0.068075836,-0.09661412,-0.10293817,-0.009754598,-0.16741437,-0.122979395,0.057964623,-0.21060121,-0.14483061,-0.0936307,-0.2700823,-0.08329259,-0.12567928,-0.41024068,-0.12579437,-0.14701286,-0.51710844,-0.15902272,-0.16492528,-0.60678416,-0.18408091,-0.03383124,-0.29221523,-0.075719416,-0.037875354,-0.44174123,-0.112931564,-0.035996497,-0.5543994,-0.14448668,-0.03645134,-0.65355647,-0.16415505,0.019889057,-0.2720315,-0.073076636,0.04051578,-0.40343386,-0.12880623,0.052596807,-0.50324416,-0.17142907,0.064052105,-0.59499574,-0.1968862,0.06665045,-0.21794063,-0.07314724,0.06934869,-0.23865867,-0.13819106,0.057480514,-0.17509043,-0.15800999,0.05557698,-0.11866653,-0.16451615
-0.05297482,-0.012859046,-0.07072204,-0.06822562,-0.102990925,-0.10187934,-0.007450938,-0.17236239,-0.11865943,0.058760405,-0.21410054,-0.13714725,-0.09330171,-0.2743709,-0.08676383,-0.12557185,-0.41390526,-0.13010241,-0.14761198,-0.5198389,-0.16439609,-0.1668821,-0.6097075,-0.19011408,-0.032343805,-0.29396456,-0.07939505,-0.035646677,-0.44196543,-0.1185662,-0.033169627,-0.5519786,-0.15132268,-0.033694267,-0.64968705,-0.17161255,0.020581722,-0.27363122,-0.077049054,0.040661573,-0.40446472,-0.13477094,0.05445057,-0.50326675,-0.17803986,0.066057146,-0.5963448,-0.2034081,0.06719446,-0.21941715,-0.077421516,0.069539785,-0.24522531,-0.14133272,0.059758484,-0.18322569,-0.15908496,0.05762309,-0.12546867,-0.16439123
-0.05498886,-0.010468423,-0.079542495,-0.07181162,-0.09957296,-0.11426003,-0.010034323,-0.17111504,-0.1328917,0.05916071,-0.21663696,-0.15277456,-0.094771266,-0.27550256,-0.09269493,-0.1263094,-0.41599178,-0.13838974,-0.14756793,-0.52321875,-0.17450681,-0.16569406,-0.61401796,-0.20137143,-0.03315389,-0.2956046,-0.08203677,-0.036084175,-0.44471788,-0.12097749,-0.033999085,-0.5564326,-0.1540305,-0.034473002,-0.6549225,-0.17477572,0.020023465,-0.27583092,-0.07761362,0.038791656,-0.40479273,-0.13727492,0.051790893,-0.50348043,-0.18354084,0.06349188,-0.5985023,-0.21127558,0.06679559,-0.22261369,-0.07670416,0.06887668,-0.2396599,-0.14560767,0.060744643,-0.17470562,-0.16770726,0.060115695,-0.11776751,-0.17573245
-0.054724753,-0.014241457,-0.07084502,-0.06920636,-0.10757315,-0.09785535,-0.0056782365,-0.17912894,-0.11008584,0.061588705,-0.2207281,-0.12345394,-0.09564564,-0.27696508,-0.07910562,-0.12531173,-0.41719663,-0.11876301,-0.14661217,-0.52340686,-0.15038897,-0.16541946,-0.6135447,-0.17455158,-0.03455335,-0.29747677,-0.071134515,-0.037828982,-0.4468254,-0.10472215,-0.03553748,-0.5576059,-0.13537814,-0.03555429,-0.65533876,-0.1550944,0.017827928,-0.27801985,-0.06910504,0.037606537,-0.40888733,-0.12474604,0.050334394,-0.50825477,-0.170967,0.061022997,-0.60290897,-0.19902779,0.06503999,-0.22313803,-0.06989656,0.06814551,-0.24625123,-0.13484311,0.06077671,-0.18539733,-0.15649225,0.058863223,-0.12941688,-0.16484886
-0.050580204,-0.014154911,-0.06471024,-0.0647859,-0.10783428,-0.08894663,-0.0028187633,-0.1765436,-0.09896855,0.061746895,-0.21760756,-0.11045139,-0.090568155,-0.27022827,-0.07945628,-0.12256199,-0.41093582,-0.117714696,-0.14398596,-0.5150354,-0.14734946,-0.16274476,-0.6041821,-0.17002621,-0.029883027,-0.2909649,-0.07331217,-0.03380084,-0.43995222,-0.108861506,-0.03253424,-0.55069876,-0.13996552,-0.033344626,-0.6485381,-0.15926659,0.022131622,-0.27174062,-0.07172718,0.042541564,-0.40340358,-0.12769744,0.054900408,-0.50253433,-0.1722592,0.064502776,-0.59641194,-0.19836512,0.06851363,-0.2175054,-0.07208238,0.07035524,-0.24261355,-0.13454317,0.060067832,-0.18266374,-0.15339485,0.056607783,-0.12602437,-0.15975364
-0.052611887,-0.012978435,-0.07529414,-0.06895,-0.098887205,-0.110187605,-0.008650243,-0.16998786,-0.13011016,0.05741793,-0.21496516,-0.15155058,-0.094712436,-0.27362192,-0.08861721,-0.12695205,-0.4099764,-0.1303985,-0.14838865,-0.5145023,-0.16345258,-0.16696733,-0.60215497,-0.18836948,-0.034858167,-0.29392093,-0.07785584,-0.038297355,-0.43944335,-0.117519386,-0.03607583,-0.5493188,-0.15078826,-0.037023425,-0.64759344,-0.17099965,0.017570198,-0.2735145,-0.071972795,0.037428558,-0.40424243,-0.12998834,0.048947334,-0.5037836,-0.17315593,0.05835092,-0.5954837,-0.19801782,0.062313735,-0.22086239,-0.06899756,0.066033185,-0.24571091,-0.13370685,0.05667299,-0.18366432,-0.15216944,0.05569744,-0.12603378,-0.15742667
-0.051203907,-0.014793992,-0.060659464,-0.06668764,-0.107994676,-0.084420554,-0.006770611,-0.17886156,-0.09616409,0.0594694,-0.21608758,-0.109891474,-0.09338203,-0.2724132,-0.06958417,-0.12522268,-0.4128648,-0.105357684,-0.14656919,-0.51892555,-0.13384545,-0.16585907,-0.6087826,-0.15604734,-0.034460247,-0.29389793,-0.064935386,-0.03703499,-0.44387463,-0.09635729,-0.035575807,-0.5573611,-0.12549749,-0.036129177,-0.65682304,-0.14388525,0.01790315,-0.27372903,-0.06486821,0.039206266,-0.40652108,-0.116515726,0.050870955,-0.5070665,-0.15990664,0.06120199,-0.5997938,-0.18609539,0.06550956,-0.21743548,-0.06679372,0.06821948,-0.2420882,-0.12795502,0.05759877,-0.18208599,-0.14769319,0.054975927,-0.12709707,-0.15478311
-0.052990496,-0.014349461,-0.074045435,-0.06621313,-0.10250187,-0.1073109,-0.0033180118,-0.17248565,-0.12585405,0.06560725,-0.21507484,-0.14579931,-0.09292218,-0.2724594,-0.08611522,-0.12509781,-0.41220802,-0.12827589,-0.14678884,-0.5191199,-0.1613255,-0.16516984,-0.6084201,-0.18626472,-0.033359528,-0.29237103,-0.076258734,-0.036382556,-0.4393049,-0.112971574,-0.033489347,-0.549051,-0.14416313,-0.03272009,-0.6451908,-0.1635814,0.019693196,-0.27139992,-0.07187694,0.03972107,-0.40080154,-0.12812828,0.05174434,-0.5005244,-0.17177321,0.06290609,-0.59289515,-0.19783641,0.06629914,-0.21728879,-0.070542455,0.06864393,-0.23751926,-0.1358318,0.05857563,-0.17498958,-0.15603478,0.056941092,-0.11877477,-0.16287541
-0.052990496,-0.014349461,-0.074045435,-0.06621313,-0.10250187,-0.1073109,-0.0033180118,-0.17248565,-0.12585405,0.06560725,-0.21507484,-0.14579931,-0.09292218,-0.2724594,-0.08611522,-0.12509781,-0.41220802,-0.12827589,-0.14678884,-0.5191199,-0.1613255,-0.16516984,-0.6084201,-0.18626472,-0.033359528,-0.29237103,-0.076258734,-0.036382556,-0.4393049,-0.112971574,-0.033489347,-0.549051,-0.14416313,-0.03272009,-0.6451908,-0.1635814,0.019693196,-0.27139992,-0.07187694,0.03972107,-0.40080154,-0.12812828,0.05174434,-0.5005244,-0.17177321,0.06290609,-0.59289515,-0.19783641,0.06629914,-0.21728879,-0.070542455,0.06864393,-0.23751926,-0.1358318,0.05857563,-0.17498958,-0.15603478,0.056941092,-0.11877477,-0.16287541
-0.05357343,-0.014267802,-0.07173924,-0.06763548,-0.10039413,-0.10373053,-0.0077568293,-0.1673826,-0.121515304,0.05690497,-0.211456,-0.14068915,-0.09428412,-0.27285224,-0.0838283,-0.12596661,-0.41288555,-0.12666607,-0.14707464,-0.51953477,-0.16066213,-0.16506314,-0.6092278,-0.18606111,-0.033612013,-0.29273748,-0.07610958,-0.036247313,-0.44086188,-0.11236125,-0.034460485,-0.55264485,-0.14389603,-0.035250127,-0.65065575,-0.16374768,0.019456387,-0.27178,-0.07402334,0.039741397,-0.40096283,-0.12970267,0.05249989,-0.5009489,-0.17368893,0.06359553,-0.5949267,-0.20024005,0.06582028,-0.2166844,-0.0749418,0.06927645,-0.23775959,-0.13984571,0.06015438,-0.17678982,-0.15998979,0.05840808,-0.122002125,-0.16691224
-0.05103451,-0.013933182,-0.06542013,-0.06537211,-0.102098405,-0.09412181,-0.0075597167,-0.17305648,-0.109951995,0.057080925,-0.21533287,-0.12742557,-0.09283885,-0.27139485,-0.07657093,-0.1251949,-0.41051537,-0.11582137,-0.1464386,-0.51588297,-0.14655699,-0.16520691,-0.6044827,-0.17001888,-0.03363353,-0.29237193,-0.070453584,-0.037127554,-0.44036934,-0.10596617,-0.03436804,-0.55062354,-0.13647218,-0.034139693,-0.6478509,-0.1551439,0.01864463,-0.27162308,-0.069128886,0.038391292,-0.40233988,-0.12377301,0.05111921,-0.5013535,-0.16599962,0.062315106,-0.59320605,-0.19074102,0.06493962,-0.21595925,-0.070106015,0.06813818,-0.24188757,-0.13237809,0.05903101,-0.18210685,-0.15066732,0.057953894,-0.12725788,-0.1562717
-0.05223924,-0.01770842,-0.066556975,-0.06653738,-0.10828036,-0.095284134,-0.00548476,-0.17691672,-0.11079097,0.05968225,-0.21696663,-0.12812066,-0.09296155,-0.2747702,-0.07878646,-0.1251747,-0.41382465,-0.11902379,-0.14714855,-0.51933324,-0.1511922,-0.16639492,-0.608225,-0.17549087,-0.03278756,-0.29426908,-0.07250865,-0.034994543,-0.44156197,-0.10934638,-0.033679843,-0.55369025,-0.14192301,-0.03540939,-0.6526427,-0.16206113,0.019730866,-0.27364612,-0.07094777,0.0400936,-0.4044845,-0.12650716,0.052348137,-0.5052409,-0.17055663,0.061843276,-0.59759945,-0.1964491,0.06590015,-0.21949017,-0.07176586,0.06938237,-0.24371487,-0.13426046,0.05974847,-0.18462682,-0.15285914,0.05725187,-0.12816548,-0.158662
-0.054731548,-0.015313625,-0.076368846,-0.06942266,-0.10219276,-0.11106189,-0.009367466,-0.17187917,-0.13107204,0.0566507,-0.21745992,-0.15269992,-0.09506804,-0.2769711,-0.086919576,-0.12656921,-0.41369697,-0.13165621,-0.1495251,-0.5209459,-0.16748086,-0.16877529,-0.60983425,-0.19416775,-0.03447491,-0.29713964,-0.07766162,-0.03782928,-0.4460687,-0.11579379,-0.035958648,-0.5597501,-0.14887834,-0.03730178,-0.659695,-0.16971608,0.018924534,-0.27669787,-0.074544534,0.037138462,-0.40684283,-0.13213378,0.050513446,-0.5065979,-0.17753656,0.061764,-0.59962547,-0.20484772,0.06574893,-0.22309595,-0.074871205,0.06867266,-0.2442376,-0.14189784,0.059794903,-0.1823349,-0.16369937,0.05828762,-0.12630177,-0.17160632
-0.05544144,-0.014669061,-0.063537516,-0.07282305,-0.10120785,-0.09269418,-0.0141503215,-0.17038888,-0.10983008,0.05258155,-0.20990258,-0.12908682,-0.09394711,-0.2713725,-0.074315235,-0.12390855,-0.4093757,-0.11329145,-0.1449742,-0.51495075,-0.14465022,-0.16375887,-0.6037059,-0.16903272,-0.034831822,-0.2923861,-0.06908811,-0.03800392,-0.43769354,-0.10272342,-0.037190616,-0.5450964,-0.13271552,-0.03837329,-0.6385131,-0.15191102,0.018311262,-0.27031136,-0.06859561,0.03826064,-0.40259847,-0.122083746,0.048844278,-0.5032784,-0.16457935,0.059251666,-0.594255,-0.19045751,0.0658623,-0.2122804,-0.07021996,0.06637937,-0.23915648,-0.13381352,0.054774284,-0.17862046,-0.15351976,0.052314818,-0.12267232,-0.16036855
-0.053940535,-0.013970375,-0.08395738,-0.066486776,-0.0991385,-0.12159614,-0.0018758774,-0.16533041,-0.14220704,0.064038455,-0.20998394,-0.1640532,-0.09301406,-0.26981205,-0.097652905,-0.12248099,-0.40593553,-0.14427876,-0.14496821,-0.5109153,-0.18113357,-0.16253066,-0.59824455,-0.20821762,-0.031564236,-0.28892034,-0.08428271,-0.034909368,-0.4349947,-0.123985335,-0.033506036,-0.5444387,-0.15772513,-0.033967376,-0.6408683,-0.17906393,0.022419274,-0.27037907,-0.0772873,0.040537655,-0.40093982,-0.1365503,0.05170566,-0.49774972,-0.18236664,0.0615049,-0.59031695,-0.21010485,0.06773347,-0.22108662,-0.074171565,0.06792784,-0.23683071,-0.14212376,0.057485044,-0.17131591,-0.16379899,0.055896103,-0.11329782,-0.17185088
-0.05009532,-0.015137613,-0.062375255,-0.06519163,-0.106954694,-0.089380525,-0.005481243,-0.1789676,-0.10395827,0.06075442,-0.22058529,-0.12054795,-0.093845606,-0.27404833,-0.07558544,-0.1258775,-0.4140795,-0.11541928,-0.14762282,-0.5211264,-0.14747748,-0.16616249,-0.6112387,-0.1717533,-0.03442657,-0.29417115,-0.070532046,-0.03621131,-0.4401087,-0.10610658,-0.035051882,-0.551417,-0.13741583,-0.036741138,-0.6504294,-0.15692952,0.018109322,-0.27405602,-0.06985134,0.03907889,-0.4045739,-0.124262795,0.049827874,-0.5048039,-0.16706108,0.058691144,-0.597757,-0.19231607,0.0638755,-0.21923065,-0.07120834,0.0662868,-0.24254704,-0.13318437,0.055637002,-0.18117303,-0.151221,0.05366069,-0.12426072,-0.15665744
-0.050682127,-0.016447663,-0.06314318,-0.062198162,-0.10436374,-0.092326365,-0.002814114,-0.17468703,-0.10943077,0.062271237,-0.21577668,-0.12858243,-0.09131229,-0.27254742,-0.07590973,-0.12268686,-0.4115569,-0.11568487,-0.14392811,-0.51743686,-0.14745107,-0.16225761,-0.60586536,-0.17142455,-0.031893313,-0.2926191,-0.07051327,-0.035041094,-0.44017202,-0.106154464,-0.033262312,-0.5509569,-0.13687344,-0.034424126,-0.6476326,-0.15581433,0.021305919,-0.27065563,-0.069459334,0.04286456,-0.40128726,-0.12330641,0.05473125,-0.5011016,-0.16475478,0.06535852,-0.59188324,-0.18909307,0.06725484,-0.21435606,-0.07052143,0.07107663,-0.24138665,-0.1315917,0.06092608,-0.18243074,-0.14871673,0.06004542,-0.12722671,-0.153528
-0.050842464,-0.018615246,-0.061098263,-0.06298423,-0.10657859,-0.08877315,-0.0022941232,-0.17561644,-0.10500241,0.061202288,-0.21792847,-0.12320637,-0.09092569,-0.272788,-0.07160378,-0.12277815,-0.41296905,-0.10856077,-0.1449951,-0.5178013,-0.1378979,-0.16392428,-0.6051948,-0.16048305,-0.033555806,-0.29385126,-0.06650521,-0.036860883,-0.44298905,-0.10093009,-0.03700447,-0.55332494,-0.13188842,-0.03959614,-0.6495707,-0.15114698,0.01789105,-0.27290773,-0.06547485,0.04109049,-0.4091931,-0.117431745,0.052188993,-0.5078408,-0.15933459,0.061265767,-0.5952836,-0.18442751,0.0631814,-0.21750587,-0.0663795,0.06838864,-0.24448735,-0.12652944,0.058471918,-0.18693566,-0.14515355,0.056489587,-0.13220322,-0.15124221
-0.05277759,-0.01595807,-0.055217825,-0.06927669,-0.10774231,-0.08108978,-0.008681893,-0.17629772,-0.09678653,0.056301296,-0.21430165,-0.115351856,-0.089735806,-0.275563,-0.07042513,-0.12098208,-0.41554993,-0.10777368,-0.14213791,-0.5211117,-0.1379961,-0.16104147,-0.6105208,-0.16157576,-0.030779481,-0.29605365,-0.06876215,-0.03341925,-0.44482484,-0.103193246,-0.033623993,-0.5575428,-0.13447233,-0.03629023,-0.6573906,-0.15449414,0.021516502,-0.2740355,-0.07052991,0.045016885,-0.408558,-0.122336194,0.055717766,-0.5083318,-0.16454604,0.06460112,-0.59742683,-0.19028638,0.067466795,-0.21743584,-0.07371381,0.07193267,-0.24356318,-0.13387552,0.059880674,-0.18547308,-0.15246738,0.056786656,-0.13135147,-0.15897544
-0.05018848,-0.012137771,-0.055463042,-0.067388356,-0.099730134,-0.08261525,-0.009151876,-0.16813451,-0.09935432,0.054913998,-0.20725685,-0.1188608,-0.09074205,-0.26916885,-0.072607644,-0.12204409,-0.40720865,-0.109585844,-0.14291745,-0.51084757,-0.13951574,-0.16164476,-0.59821075,-0.16317424,-0.032810032,-0.28934044,-0.07044582,-0.0356099,-0.43509966,-0.105916426,-0.034443617,-0.54420304,-0.13768083,-0.036064386,-0.6409012,-0.15818359,0.019059718,-0.26759982,-0.07136959,0.041366458,-0.4029313,-0.12409036,0.05192393,-0.50162494,-0.16585849,0.060521245,-0.58898747,-0.19127415,0.06461209,-0.21291363,-0.07347075,0.06775814,-0.24028409,-0.13412815,0.055762947,-0.18389368,-0.15265056,0.052795887,-0.13077903,-0.15913957
-0.05286348,-0.0142528415,-0.05285336,-0.06671035,-0.11007273,-0.07575744,-0.0057453513,-0.1785624,-0.08856707,0.05589789,-0.2187128,-0.10404697,-0.09120238,-0.2786017,-0.06562543,-0.12192118,-0.41779977,-0.1002487,-0.1418308,-0.5226004,-0.12893285,-0.16132969,-0.6114714,-0.15182771,-0.03226441,-0.29897535,-0.06483015,-0.03571427,-0.44676647,-0.09730593,-0.0353294,-0.5577857,-0.12767808,-0.03888172,-0.6554264,-0.14736724,0.01985842,-0.27630055,-0.06750619,0.042113423,-0.40957606,-0.11786523,0.053346097,-0.5104719,-0.15908113,0.0627116,-0.60077596,-0.18427305,0.06712836,-0.2175526,-0.071433425,0.07105231,-0.25047642,-0.12976368,0.058962762,-0.19456965,-0.14674678,0.055128753,-0.14070904,-0.15240452
-0.052256823,-0.013749778,-0.057981115,-0.067898035,-0.106309295,-0.084354244,-0.007328987,-0.17619485,-0.09957593,0.058136106,-0.2160753,-0.11743032,-0.091994286,-0.27443033,-0.072467156,-0.12202904,-0.41474593,-0.1100201,-0.1420336,-0.52005684,-0.14040743,-0.16044426,-0.609053,-0.1643983,-0.033267558,-0.29500568,-0.06942508,-0.036910832,-0.4431246,-0.10447162,-0.037448287,-0.55356085,-0.13616213,-0.04105735,-0.6509024,-0.15652919,0.01943177,-0.27343827,-0.07006095,0.041680098,-0.40716168,-0.1233052,0.052422225,-0.5079093,-0.16621432,0.061335683,-0.5987545,-0.19238168,0.06565845,-0.21715605,-0.072166644,0.068427384,-0.24428356,-0.13440911,0.0565356,-0.18561971,-0.15384509,0.053669095,-0.13166022,-0.16075979
-0.05131811,-0.0156078935,-0.056202613,-0.067062974,-0.10649836,-0.08189746,-0.007819116,-0.17484671,-0.09715216,0.057355404,-0.21320468,-0.11494667,-0.09161985,-0.27504182,-0.06913329,-0.12385839,-0.4160823,-0.10557482,-0.14382756,-0.52137256,-0.13505918,-0.16263384,-0.610793,-0.15838417,-0.03235662,-0.29502428,-0.0673577,-0.03514421,-0.44297463,-0.10176872,-0.033884346,-0.5541949,-0.13312079,-0.03588569,-0.65229136,-0.15308431,0.020225406,-0.27225316,-0.069278106,0.04210019,-0.40579408,-0.12232797,0.054058492,-0.5057888,-0.1651653,0.06420684,-0.5965768,-0.19104244,0.06678283,-0.21522504,-0.072572656,0.06973809,-0.24428153,-0.13417046,0.05898118,-0.18608111,-0.1530154,0.056775093,-0.1324367,-0.15951328
-0.052865326,-0.014858782,-0.06558315,-0.06961465,-0.10253632,-0.09716592,-0.010996759,-0.1689269,-0.11551503,0.05393511,-0.21023738,-0.13619496,-0.08946514,-0.2732401,-0.0863329,-0.12321144,-0.413773,-0.1303431,-0.14523548,-0.5195981,-0.1655232,-0.16486758,-0.6102426,-0.1920958,-0.028752208,-0.2926147,-0.081473865,-0.033378243,-0.43967503,-0.122917004,-0.03204155,-0.5488026,-0.15775613,-0.033612967,-0.6467222,-0.17943408,0.023832202,-0.27151984,-0.080565244,0.041425526,-0.40270603,-0.14048295,0.054129064,-0.50343144,-0.18433735,0.06481558,-0.59661597,-0.20974982,0.07001555,-0.21747702,-0.0814795,0.06878126,-0.245242,-0.14709769,0.058011413,-0.18300045,-0.16430564,0.05608368,-0.12369573,-0.1688155
-0.052909315,-0.015365899,-0.059218794,-0.06894076,-0.1005308,-0.087667905,-0.01092124,-0.16798311,-0.10479638,0.052757263,-0.20686036,-0.12398988,-0.09196445,-0.27005887,-0.074558035,-0.12462556,-0.4092571,-0.11312938,-0.14519757,-0.51351035,-0.14373215,-0.1636369,-0.6018146,-0.1673922,-0.032949746,-0.28997916,-0.071456194,-0.037227154,-0.43845522,-0.10805233,-0.036621273,-0.5491778,-0.13965125,-0.038223565,-0.64665735,-0.15918033,0.019902885,-0.2670691,-0.072001815,0.041584015,-0.4001262,-0.12688708,0.05386758,-0.5012882,-0.16862768,0.064492464,-0.5920803,-0.19300073,0.066655755,-0.20959014,-0.07407735,0.06974757,-0.24036461,-0.13626517,0.05753064,-0.18187773,-0.15364169,0.054065764,-0.1267128,-0.15852083
-0.052277327,-0.011512518,-0.055808537,-0.07044375,-0.10097325,-0.080061294,-0.01336211,-0.17151469,-0.09353813,0.050512195,-0.20912504,-0.10948022,-0.091383934,-0.27001286,-0.069310844,-0.12461132,-0.40955794,-0.10480177,-0.14507484,-0.51382536,-0.13329887,-0.16394544,-0.60245705,-0.15587874,-0.03264141,-0.2922089,-0.06689466,-0.03569472,-0.44005704,-0.09956372,-0.034502566,-0.55131996,-0.12972473,-0.03604281,-0.6497737,-0.14899445,0.019001544,-0.27084064,-0.068060674,0.041067958,-0.40352523,-0.1190955,0.05320704,-0.5029222,-0.16077475,0.06352168,-0.5922053,-0.1860375,0.0661006,-0.21385312,-0.07067604,0.06934112,-0.24383658,-0.13123785,0.05851811,-0.18775463,-0.15013763,0.05575657,-0.13501525,-0.15667222
-0.052486897,-0.012915194,-0.064413875,-0.06986123,-0.0988552,-0.096222304,-0.012003839,-0.16852462,-0.11527222,0.053207994,-0.21041352,-0.13668351,-0.09178436,-0.26737225,-0.08411357,-0.12538946,-0.40521342,-0.12565935,-0.14750797,-0.5093302,-0.1582584,-0.16696185,-0.59718454,-0.18320708,-0.032895267,-0.28861767,-0.078589916,-0.037040055,-0.43454033,-0.11850034,-0.035827637,-0.5443438,-0.15187563,-0.03729129,-0.6427134,-0.17248781,0.019266605,-0.268071,-0.07668311,0.038990498,-0.40083438,-0.13439973,0.05099702,-0.50116134,-0.176783,0.061320126,-0.59191364,-0.20134084,0.06528044,-0.21425372,-0.076504536,0.06637144,-0.24140614,-0.14134906,0.055104077,-0.18105328,-0.15947855,0.053302467,-0.12477481,-0.1645535
-0.05250317,-0.014481306,-0.062382616,-0.06867945,-0.10285777,-0.091783196,-0.011757791,-0.17323768,-0.10910448,0.054105878,-0.21259964,-0.12888102,-0.09190503,-0.2705642,-0.078083016,-0.12534186,-0.40942514,-0.11790478,-0.14714405,-0.51492643,-0.14989714,-0.1666863,-0.6042128,-0.17457524,-0.032922864,-0.29164702,-0.07322959,-0.03660077,-0.4372344,-0.110897735,-0.034690857,-0.5483107,-0.14379281,-0.036046684,-0.6467627,-0.16432282,0.019391716,-0.2707098,-0.072173834,0.039957583,-0.40050235,-0.12767866,0.05251944,-0.5021377,-0.17040104,0.063056946,-0.5938615,-0.19553822,0.06549275,-0.21627235,-0.07293907,0.06809604,-0.24334323,-0.13603874,0.058191836,-0.18425316,-0.15427552,0.057133317,-0.12878221,-0.15974364
-0.055838764,-0.0122951865,-0.0659905,-0.07533169,-0.09337908,-0.09835669,-0.017016292,-0.15960926,-0.11791673,0.048524857,-0.19980568,-0.13933864,-0.09419519,-0.26812863,-0.0836142,-0.12511271,-0.40747517,-0.12589303,-0.14549127,-0.51259565,-0.1593955,-0.16385901,-0.60209525,-0.18500884,-0.034428656,-0.2884326,-0.07802643,-0.03806013,-0.43465358,-0.116106704,-0.037212193,-0.5443495,-0.14894576,-0.038644433,-0.6410072,-0.16976002,0.018912554,-0.26619142,-0.076645866,0.039574444,-0.39745098,-0.13245237,0.050945163,-0.49858558,-0.17513052,0.060373366,-0.59012485,-0.20078197,0.06604612,-0.2090295,-0.07744174,0.0674867,-0.23465002,-0.1413215,0.054661393,-0.17485446,-0.16012141,0.050222397,-0.11911249,-0.1661684
-0.05540371,-0.011642933,-0.055740662,-0.07636881,-0.09951693,-0.08065893,-0.019507527,-0.1667561,-0.094376475,0.042232275,-0.20622951,-0.11040979,-0.09385088,-0.27053803,-0.07217115,-0.12644207,-0.4091106,-0.108357765,-0.14731577,-0.51315683,-0.13703282,-0.16670594,-0.6014327,-0.15969853,-0.03485149,-0.29128927,-0.07012718,-0.038437247,-0.43818182,-0.1035555,-0.03908801,-0.5481669,-0.133878,-0.041830897,-0.6451222,-0.15327524,0.017650306,-0.26933533,-0.071522236,0.039618134,-0.40245903,-0.123410404,0.05022329,-0.50356936,-0.16542944,0.0591529,-0.5946884,-0.19104825,0.065520346,-0.21109116,-0.07415939,0.0670141,-0.23889506,-0.13460943,0.05401069,-0.18079913,-0.15284984,0.04962957,-0.12641883,-0.15913168
-0.05458182,-0.015028834,-0.069289826,-0.06980604,-0.10051358,-0.09941726,-0.00979501,-0.1713047,-0.115777135,0.055854917,-0.21663189,-0.13338281,-0.09485641,-0.27561122,-0.07883794,-0.1254093,-0.4152784,-0.11943912,-0.146546,-0.5218725,-0.151275,-0.16483712,-0.61190426,-0.17535158,-0.03438872,-0.2964021,-0.0720779,-0.03756237,-0.44559595,-0.10703428,-0.0356645,-0.5567125,-0.13716583,-0.035911918,-0.6547665,-0.15591484,0.019038498,-0.27486777,-0.070937686,0.039469004,-0.4050892,-0.12636448,0.051814556,-0.50659275,-0.16953948,0.06265193,-0.6013719,-0.19505796,0.06679422,-0.2167207,-0.07254146,0.06762993,-0.24425375,-0.13687624,0.055240154,-0.18180144,-0.15607657,0.05068189,-0.12345499,-0.16215798
-0.05274421,-0.012524247,-0.06048009,-0.06963694,-0.0999043,-0.08894066,-0.011297166,-0.17101246,-0.10583814,0.054174185,-0.21228552,-0.12492505,-0.09115711,-0.27125162,-0.07482131,-0.12407476,-0.41047114,-0.11338533,-0.14405718,-0.5152209,-0.14391369,-0.16257936,-0.603782,-0.16753496,-0.032173514,-0.29189527,-0.07116835,-0.035538614,-0.43907323,-0.10696703,-0.033776224,-0.5491379,-0.13793744,-0.034993112,-0.64695466,-0.15708427,0.019703388,-0.26897275,-0.07144576,0.040865123,-0.39842007,-0.12530734,0.053166926,-0.4985373,-0.16640739,0.0642429,-0.5897839,-0.19053291,0.06573421,-0.21084827,-0.073534615,0.07036573,-0.2399131,-0.13514967,0.060863256,-0.18177748,-0.15241854,0.059595406,-0.12795705,-0.1572958
-0.051747084,-0.009147406,-0.052770253,-0.070709586,-0.10608566,-0.073311344,-0.01066488,-0.17879808,-0.08331344,0.05485934,-0.21507806,-0.09604887,-0.09334141,-0.27367055,-0.06540604,-0.12491882,-0.4128852,-0.097228095,-0.14538562,-0.51746106,-0.123088524,-0.16548458,-0.60562134,-0.1443579,-0.034889877,-0.29548615,-0.063544445,-0.037617147,-0.44282258,-0.09280838,-0.03778225,-0.5528087,-0.12080183,-0.040798485,-0.6495046,-0.1390578,0.01661563,-0.2735964,-0.065045,0.04027438,-0.4057417,-0.1132314,0.05150509,-0.50595355,-0.15443519,0.061554134,-0.596509,-0.18013743,0.06350851,-0.21491134,-0.067787796,0.068119526,-0.24314582,-0.12653822,0.056770742,-0.18584698,-0.14536338,0.05377519,-0.1329475,-0.15248464
-0.0548954,-0.013131797,-0.06329671,-0.071285725,-0.10481852,-0.088171765,-0.010211408,-0.17560828,-0.09988497,0.056726336,-0.21458316,-0.11314719,-0.09346065,-0.27575785,-0.07470602,-0.12396437,-0.415832,-0.11329833,-0.14588258,-0.52167505,-0.14397568,-0.16553485,-0.611542,-0.16744351,-0.033113897,-0.2975852,-0.06929242,-0.03666693,-0.44806653,-0.10313788,-0.035794914,-0.55977535,-0.13287152,-0.037730634,-0.65861654,-0.15145296,0.019171655,-0.27722955,-0.06874138,0.040663302,-0.40820575,-0.122180596,0.053337514,-0.50881946,-0.16487351,0.06380612,-0.6032252,-0.1901358,0.0664317,-0.21946996,-0.07041517,0.06926781,-0.24712306,-0.13111262,0.058564663,-0.18713313,-0.1489715,0.054989815,-0.13083929,-0.15472355
-0.05205697,-0.012710452,-0.057649814,-0.069025934,-0.1016956,-0.08468129,-0.011711538,-0.17272103,-0.10059111,0.052193582,-0.21594822,-0.11889777,-0.09199712,-0.27204192,-0.07346619,-0.12492663,-0.4118063,-0.111202,-0.14561489,-0.5171958,-0.14122792,-0.16519213,-0.60648715,-0.16481611,-0.03324026,-0.2932815,-0.071114324,-0.03693515,-0.44181597,-0.10616295,-0.035372674,-0.552619,-0.13677591,-0.037377775,-0.65051234,-0.15612443,0.01858008,-0.27078593,-0.07242587,0.039320886,-0.40128025,-0.1254042,0.051467597,-0.50221467,-0.16655874,0.062269986,-0.5941169,-0.19135992,0.0647164,-0.21268576,-0.07528586,0.06836492,-0.2416237,-0.13669474,0.057463944,-0.18413389,-0.15459412,0.055116832,-0.13120264,-0.1603636
-0.05435598,-0.013511717,-0.06098749,-0.070682585,-0.10346979,-0.086908594,-0.011092782,-0.17263341,-0.10076308,0.05352074,-0.21177769,-0.11671412,-0.09287438,-0.27194756,-0.07369432,-0.12437284,-0.41022724,-0.112179,-0.14533377,-0.5153128,-0.1433336,-0.16484627,-0.6045994,-0.16750897,-0.033382773,-0.29370672,-0.0700315,-0.037248075,-0.44155777,-0.10450586,-0.036315322,-0.55327445,-0.13608856,-0.038470507,-0.6518116,-0.15641893,0.018196166,-0.27297878,-0.0707312,0.039569736,-0.404554,-0.12454266,0.052399814,-0.5035722,-0.16830336,0.06280136,-0.5940728,-0.19476865,0.06528413,-0.21651566,-0.07329138,0.068621516,-0.24440145,-0.13568518,0.06012559,-0.18757254,-0.15529874,0.058389843,-0.13378263,-0.16232997
-0.053195834,-0.0136681795,-0.060344048,-0.06978673,-0.1023851,-0.085925266,-0.008592427,-0.17079479,-0.09986198,0.058371782,-0.20747256,-0.11573925,-0.091515124,-0.27123618,-0.069923535,-0.122769654,-0.410285,-0.105376735,-0.14262924,-0.51445055,-0.13354892,-0.16131258,-0.60233724,-0.15581605,-0.032126844,-0.29110712,-0.066103004,-0.035020173,-0.4389425,-0.099035054,-0.034578323,-0.5479133,-0.12928082,-0.036585152,-0.6440158,-0.14841114,0.019996464,-0.26882118,-0.06664003,0.043012798,-0.40112042,-0.11863985,0.053923905,-0.5019633,-0.16157003,0.06323743,-0.5937656,-0.1875641,0.06702286,-0.21142697,-0.06907364,0.071462214,-0.23948032,-0.12962012,0.060928047,-0.18256599,-0.14867452,0.057897985,-0.12892455,-0.15543234
-0.04946649,-0.01206696,-0.051162444,-0.06683773,-0.10575318,-0.07312482,-0.008156359,-0.175605,-0.08522933,0.057594657,-0.21205789,-0.10003162,-0.089876086,-0.26995116,-0.06569718,-0.12391421,-0.41013288,-0.098972194,-0.1434372,-0.51370037,-0.12564902,-0.16220647,-0.6017244,-0.1473116,-0.031293333,-0.2898438,-0.06537086,-0.034386396,-0.43793616,-0.09751659,-0.033730567,-0.5480752,-0.12731883,-0.03601885,-0.64494133,-0.14638187,0.020702362,-0.2669946,-0.06803253,0.043062687,-0.3994189,-0.118479066,0.054311395,-0.4990002,-0.15948159,0.06432313,-0.5891887,-0.18438794,0.067059636,-0.20938331,-0.07166,0.06940973,-0.24012953,-0.13062039,0.05741465,-0.18472457,-0.14811099,0.054095805,-0.13333082,-0.1540659
-0.053541005,-0.012075245,-0.053088684,-0.072766304,-0.107532084,-0.07633375,-0.012652099,-0.17906111,-0.089762434,0.054207265,-0.2151798,-0.10590977,-0.09287727,-0.27754557,-0.0649722,-0.12583363,-0.4161024,-0.09839512,-0.14477491,-0.5214954,-0.12648799,-0.16318953,-0.6105765,-0.14934267,-0.033732533,-0.29748118,-0.06371041,-0.036550462,-0.44153857,-0.094037525,-0.035611153,-0.55185884,-0.1239512,-0.037818193,-0.64867866,-0.14388846,0.01872605,-0.27359074,-0.0658153,0.041535914,-0.4035192,-0.1139988,0.05219829,-0.50480556,-0.15544948,0.06203568,-0.5949192,-0.18163134,0.065369725,-0.21455699,-0.06931762,0.068235576,-0.24339557,-0.12772305,0.05558312,-0.18796414,-0.14626837,0.051884353,-0.1366356,-0.1533337
-0.053600132,-0.013461709,-0.05472649,-0.07217342,-0.103780866,-0.079032086,-0.014303446,-0.17272335,-0.0929209,0.048931062,-0.21147674,-0.10908869,-0.09230006,-0.27477694,-0.067002006,-0.12444341,-0.4144858,-0.100648575,-0.1439209,-0.51838493,-0.12746656,-0.16324997,-0.6062641,-0.14902602,-0.03319961,-0.29504704,-0.066063836,-0.036219895,-0.4447165,-0.09820151,-0.03557509,-0.554257,-0.12751807,-0.038177013,-0.64980996,-0.14608274,0.018845499,-0.27168953,-0.06874284,0.041819215,-0.40578064,-0.11959308,0.05298245,-0.5073695,-0.16103843,0.062329292,-0.5983412,-0.18621515,0.066093385,-0.21218306,-0.07273906,0.06907028,-0.24488753,-0.1315208,0.05708289,-0.1886282,-0.14870943,0.052721024,-0.13451362,-0.15447845
-0.058745563,-0.013875842,-0.06372775,-0.076779485,-0.10532147,-0.0914081,-0.015326381,-0.17182547,-0.10620644,0.050483286,-0.21044064,-0.12298054,-0.094403684,-0.27503026,-0.07838363,-0.123500556,-0.41224676,-0.11944177,-0.1435728,-0.51742923,-0.15271626,-0.16129383,-0.6064222,-0.17827123,-0.032912374,-0.29469353,-0.07414866,-0.035501838,-0.43782204,-0.109910265,-0.03410071,-0.5447006,-0.14152078,-0.03516972,-0.6378845,-0.16197407,0.020805955,-0.27262467,-0.07468888,0.04147339,-0.40210876,-0.12963781,0.051825106,-0.5020365,-0.1730512,0.06117767,-0.59453964,-0.19963235,0.06828815,-0.21505338,-0.077383794,0.06970143,-0.23966265,-0.14051796,0.057189822,-0.17939782,-0.15935285,0.052586317,-0.12369478,-0.16601571
-0.05284208,-0.015340328,-0.05361454,-0.06875759,-0.10677087,-0.0771249,-0.010402203,-0.17529434,-0.090731196,0.054599047,-0.21082777,-0.10686726,-0.092059076,-0.27246922,-0.06492271,-0.1254535,-0.41135886,-0.099436656,-0.1446794,-0.5159046,-0.1278337,-0.16230711,-0.6047065,-0.15034948,-0.03339833,-0.29299438,-0.06358488,-0.037418187,-0.4383402,-0.09509802,-0.03618294,-0.54868203,-0.124739796,-0.037715495,-0.645257,-0.1437381,0.018758833,-0.26999843,-0.06583232,0.040006697,-0.40165985,-0.11501723,0.051018238,-0.5018747,-0.15576144,0.061083972,-0.5916536,-0.18061204,0.06476164,-0.21155632,-0.06954165,0.0680055,-0.24283195,-0.12752204,0.05772853,-0.18777102,-0.14478095,0.05622506,-0.13561225,-0.15052155
-0.05298525,-0.01464349,-0.062247377,-0.070284605,-0.10179794,-0.08925498,-0.011636615,-0.17144775,-0.10407224,0.053534627,-0.21082306,-0.12045383,-0.09282029,-0.2720486,-0.07365781,-0.12525517,-0.41140747,-0.11215933,-0.14587054,-0.51643306,-0.14304438,-0.16400427,-0.60589916,-0.16669919,-0.03340417,-0.29221338,-0.06911744,-0.03685099,-0.437936,-0.10371451,-0.03533411,-0.548689,-0.13454083,-0.03605336,-0.6463383,-0.15388274,0.018623054,-0.27015167,-0.06912884,0.040352106,-0.40100852,-0.12310207,0.052152634,-0.50032276,-0.165565,0.062059045,-0.5922804,-0.19058996,0.064738095,-0.21245402,-0.07117059,0.06811547,-0.24245876,-0.13253377,0.058027387,-0.18368363,-0.15014865,0.055340946,-0.12821484,-0.15548678
-0.05182624,-0.013378024,-0.074091114,-0.06655145,-0.10626972,-0.105009444,-0.005069852,-0.1721726,-0.11986484,0.06214553,-0.2121222,-0.13646208,-0.091210306,-0.27258772,-0.09355101,-0.121387094,-0.41408962,-0.14090033,-0.14333409,-0.5205847,-0.17833458,-0.16105637,-0.61205524,-0.20533803,-0.029120266,-0.29155588,-0.0844865,-0.032575786,-0.44069958,-0.12460875,-0.03242767,-0.55176204,-0.15844047,-0.03461957,-0.65104306,-0.17931552,0.024653852,-0.27270538,-0.0807024,0.04251921,-0.40176606,-0.14082374,0.054755926,-0.49983633,-0.18578559,0.064673245,-0.59657663,-0.21169898,0.07030028,-0.22031146,-0.07974995,0.06844729,-0.2387451,-0.14573534,0.057504416,-0.17029506,-0.16324097,0.054577768,-0.10906649,-0.16789082
-0.051384926,-0.011625469,-0.058452267,-0.07044399,-0.10478073,-0.08338073,-0.012120783,-0.17485148,-0.09650968,0.0542804,-0.21310991,-0.11174962,-0.090815425,-0.27316958,-0.07406373,-0.12392205,-0.41346368,-0.111820355,-0.1443161,-0.5187592,-0.14149836,-0.16304761,-0.6090569,-0.16462876,-0.030848026,-0.29396182,-0.07120383,-0.034433186,-0.44127488,-0.10691889,-0.033000767,-0.5519948,-0.1376573,-0.034003377,-0.6506467,-0.15668239,0.021704733,-0.27257377,-0.07217381,0.042615235,-0.4011946,-0.12710997,0.05470723,-0.50079316,-0.16925056,0.0653435,-0.5942839,-0.19380699,0.06822109,-0.21577173,-0.07468233,0.06899458,-0.2424835,-0.13620389,0.055975318,-0.1801616,-0.15308847,0.052010596,-0.12324029,-0.15796123
-0.051858425,-0.013928592,-0.056590106,-0.06920153,-0.10280788,-0.08129166,-0.009716332,-0.17182577,-0.0952197,0.05693865,-0.20917165,-0.11104088,-0.09106481,-0.27254987,-0.067412294,-0.12387523,-0.41109383,-0.1023165,-0.14368123,-0.5143139,-0.12983188,-0.16156393,-0.60196435,-0.15134937,-0.032408714,-0.29380232,-0.064791486,-0.035326004,-0.44038743,-0.09685435,-0.034346282,-0.55019283,-0.12546477,-0.035593867,-0.6467421,-0.14311849,0.019686699,-0.27130347,-0.06611843,0.04362482,-0.40125483,-0.11685867,0.0552634,-0.5008703,-0.15753138,0.065404475,-0.5915029,-0.1815979,0.065807104,-0.21218413,-0.06911159,0.07052404,-0.24093926,-0.12773275,0.058520854,-0.18131024,-0.14451805,0.054890037,-0.12564647,-0.14954966
-0.054844797,-0.012578785,-0.058658686,-0.07342547,-0.09953076,-0.08695123,-0.014761448,-0.16823155,-0.10452557,0.051429033,-0.20629418,-0.12434363,-0.09286758,-0.27269983,-0.072420895,-0.12246397,-0.41195685,-0.11073731,-0.1414395,-0.5179906,-0.14167516,-0.15866381,-0.6072927,-0.16573301,-0.03390497,-0.29365242,-0.069380686,-0.03660631,-0.43789178,-0.10415072,-0.03576225,-0.5473747,-0.13476771,-0.03789586,-0.6433059,-0.15425925,0.019051015,-0.27061528,-0.070201874,0.042669654,-0.40011936,-0.122074135,0.054048,-0.5008544,-0.16252537,0.06411594,-0.5906429,-0.18695039,0.06528854,-0.2113843,-0.07286332,0.06892496,-0.24028194,-0.1331085,0.055503726,-0.18276548,-0.15042756,0.051480353,-0.12806118,-0.15581304
-0.053667486,-0.016972542,-0.060413744,-0.07102454,-0.10411763,-0.087181695,-0.011787951,-0.1734336,-0.10246683,0.053735375,-0.21332425,-0.11939735,-0.09286767,-0.27601498,-0.07099155,-0.1256837,-0.41543218,-0.10881183,-0.14596128,-0.5205419,-0.13886525,-0.16409078,-0.60966015,-0.16184531,-0.033210874,-0.2967471,-0.06775463,-0.03581077,-0.44545832,-0.10171113,-0.033795655,-0.5576966,-0.13179927,-0.034350634,-0.6563854,-0.15043308,0.019412398,-0.2742238,-0.06903655,0.04282099,-0.40353864,-0.12189692,0.055760384,-0.50490856,-0.1644038,0.06656939,-0.5966227,-0.18954301,0.06625146,-0.21567398,-0.07234459,0.07058442,-0.2427212,-0.13267913,0.06041181,-0.18421656,-0.15038279,0.05777538,-0.12786615,-0.15585582
-0.054691732,-0.015836298,-0.05750125,-0.071885586,-0.10501963,-0.08263306,-0.013286471,-0.17109442,-0.0966416,0.050002158,-0.20837921,-0.11267587,-0.092801005,-0.27608848,-0.06969944,-0.123520195,-0.41567355,-0.10708147,-0.143781,-0.5214891,-0.13687842,-0.162103,-0.61015105,-0.15981619,-0.032416284,-0.29587817,-0.06739797,-0.035340726,-0.44354883,-0.10166459,-0.033082545,-0.55355775,-0.13176474,-0.033278048,-0.64985484,-0.15042706,0.020887554,-0.2735504,-0.06930591,0.042210996,-0.40507123,-0.122423805,0.054347694,-0.5052762,-0.16448942,0.06487638,-0.596685,-0.1894152,0.06865525,-0.215702,-0.07284314,0.07197708,-0.24351299,-0.13326275,0.06133771,-0.18536592,-0.15087292,0.05884236,-0.1305108,-0.15643834
-0.054691732,-0.015836298,-0.05750125,-0.071885586,-0.10501963,-0.08263306,-0.013286471,-0.17109442,-0.0966416,0.050002158,-0.20837921,-0.11267587,-0.092801005,-0.27608848,-0.06969944,-0.123520195,-0.41567355,-0.10708147,-0.143781,-0.5214891,-0.13687842,-0.162103,-0.61015105,-0.15981619,-0.032416284,-0.29587817,-0.06739797,-0.035340726,-0.44354883,-0.10166459,-0.033082545,-0.55355775,-0.13176474,-0.033278048,-0.64985484,-0.15042706,0.020887554,-0.2735504,-0.06930591,0.042210996,-0.40507123,-0.122423805,0.054347694,-0.5052762,-0.16448942,0.06487638,-0.596685,-0.1894152,0.06865525,-0.215702,-0.07284314,0.07197708,-0.24351299,-0.13326275,0.06133771,-0.18536592,-0.15087292,0.05884236,-0.1305108,-0.15643834
-0.05320376,-0.012337208,-0.05322927,-0.07248163,-0.1049363,-0.074853845,-0.0142095685,-0.17341441,-0.085980475,0.05016315,-0.20858097,-0.09959615,-0.090554506,-0.27318037,-0.065906554,-0.12213719,-0.4117328,-0.0994686,-0.14180446,-0.5161773,-0.12681782,-0.16067138,-0.6052382,-0.1488298,-0.031654894,-0.2929256,-0.06465469,-0.035636425,-0.43873662,-0.09545347,-0.0351758,-0.54816514,-0.12450508,-0.03686434,-0.64428055,-0.14334191,0.020300448,-0.26985097,-0.06696302,0.042616844,-0.40074065,-0.11677608,0.053802907,-0.50104326,-0.15859435,0.06383282,-0.59154916,-0.18428485,0.067061424,-0.2106424,-0.070561595,0.07107371,-0.24155253,-0.12951532,0.060453236,-0.18544906,-0.14781328,0.057721794,-0.13180482,-0.15448628
-0.054441333,-0.012417555,-0.064433776,-0.07287741,-0.09633815,-0.09471437,-0.016940176,-0.16173446,-0.112406604,0.04667902,-0.2003507,-0.1321907,-0.09015581,-0.2710234,-0.08169028,-0.12225115,-0.40935683,-0.12484998,-0.14379483,-0.5140741,-0.15948468,-0.16286832,-0.60374224,-0.18555786,-0.030135453,-0.29160768,-0.07664053,-0.033914506,-0.43649483,-0.11615601,-0.032427788,-0.54497623,-0.14955068,-0.034207404,-0.6417417,-0.17028865,0.022267103,-0.27056754,-0.075823225,0.042703867,-0.40054703,-0.13267234,0.05571097,-0.49994606,-0.17502694,0.06649023,-0.591447,-0.19967958,0.06816995,-0.21536589,-0.07713664,0.07009393,-0.24350071,-0.14008725,0.06046909,-0.18471944,-0.15740524,0.05917114,-0.1285556,-0.16226384
-0.05517745,-0.014563143,-0.06913622,-0.07138169,-0.10074544,-0.099883094,-0.010663211,-0.16704607,-0.11742081,0.057287812,-0.20658565,-0.13657677,-0.090159595,-0.27276856,-0.08080469,-0.12179589,-0.4121095,-0.12353818,-0.14260375,-0.51801753,-0.15791208,-0.16048515,-0.608518,-0.18376173,-0.029464126,-0.2932557,-0.07429584,-0.033652127,-0.44025862,-0.1102174,-0.03263998,-0.55167073,-0.14216086,-0.03406918,-0.6485807,-0.16254005,0.023863137,-0.27146012,-0.07323907,0.04489398,-0.4001479,-0.12856743,0.057233453,-0.5001217,-0.1730234,0.06795466,-0.5929676,-0.19995105,0.07025039,-0.21503538,-0.07501967,0.07397032,-0.2366848,-0.13936593,0.06465757,-0.17559558,-0.15968184,0.06286526,-0.11975753,-0.16698201
-0.053480864,-0.015462279,-0.061976653,-0.0687744,-0.10706586,-0.08878435,-0.0072057247,-0.1738298,-0.10326174,0.058421552,-0.21157402,-0.11984003,-0.0898543,-0.2727142,-0.07683795,-0.121441245,-0.4124666,-0.11675847,-0.14169878,-0.5177921,-0.14885056,-0.15972441,-0.6077235,-0.17340188,-0.029132605,-0.29288673,-0.072779916,-0.032843947,-0.4385848,-0.110200845,-0.03214687,-0.54946035,-0.14315076,-0.03413582,-0.64828014,-0.16386878,0.023458302,-0.27184802,-0.07289859,0.044183016,-0.4017066,-0.12852472,0.05621791,-0.50178343,-0.17178085,0.06604689,-0.5950793,-0.19733235,0.06932026,-0.21661413,-0.074932106,0.07014716,-0.24443811,-0.1372942,0.05838418,-0.18633181,-0.15532608,0.054627478,-0.13198966,-0.16104622
-0.053718388,-0.016144395,-0.05927222,-0.06884736,-0.10755229,-0.085920855,-0.009460568,-0.17449117,-0.10133563,0.05493027,-0.21351957,-0.11921181,-0.089012,-0.27422845,-0.07312612,-0.12133813,-0.41438496,-0.112445615,-0.14211729,-0.5209626,-0.144344,-0.16072288,-0.6117927,-0.16890912,-0.028864443,-0.29492342,-0.070290074,-0.032245874,-0.4411372,-0.10668582,-0.031920016,-0.55327594,-0.13928548,-0.03483361,-0.65292054,-0.15981522,0.023593187,-0.27323848,-0.07142827,0.04487735,-0.40323305,-0.1256652,0.056937456,-0.50346434,-0.16807099,0.06706363,-0.5956837,-0.19326544,0.06935114,-0.2169038,-0.07436094,0.07002586,-0.24369204,-0.1363559,0.05807215,-0.18497598,-0.1542525,0.054815233,-0.13047934,-0.15976284
-0.05284363,-0.016245723,-0.063309066,-0.0691666,-0.10711467,-0.089335494,-0.008748233,-0.17166454,-0.102073275,0.05537063,-0.21009874,-0.11674799,-0.08903736,-0.27203012,-0.07903191,-0.12077126,-0.41043538,-0.11891974,-0.14218313,-0.51497936,-0.15040736,-0.16048625,-0.6046024,-0.17438474,-0.02846533,-0.29264623,-0.07390567,-0.03225994,-0.43916187,-0.110590525,-0.032411516,-0.54943746,-0.14261618,-0.0345003,-0.6483172,-0.16250686,0.024038196,-0.27264756,-0.073088884,0.044329643,-0.40361142,-0.12925956,0.056405544,-0.50285405,-0.17305434,0.065941274,-0.59624326,-0.1986788,0.069750965,-0.21740395,-0.07415284,0.06942016,-0.24279988,-0.13792196,0.057401538,-0.18098038,-0.15659973,0.053441823,-0.12303984,-0.16246101
-0.05174768,-0.01541698,-0.06197709,-0.06663954,-0.10598534,-0.088455625,-0.006241977,-0.17228365,-0.102629766,0.05899304,-0.21141815,-0.11866361,-0.089452654,-0.2739501,-0.07511566,-0.122119784,-0.4136384,-0.11390416,-0.1435447,-0.51836675,-0.14448453,-0.16222703,-0.60775566,-0.16797148,-0.029687881,-0.29493225,-0.070594124,-0.033181608,-0.44201028,-0.10659671,-0.03257233,-0.5522845,-0.13778836,-0.03444469,-0.65005195,-0.15702607,0.022830307,-0.27347076,-0.07041552,0.04533434,-0.40364236,-0.12515962,0.057644784,-0.50293446,-0.168105,0.06778669,-0.5952885,-0.19341886,0.068332255,-0.21671945,-0.072199784,0.071148634,-0.2399863,-0.13428901,0.059845388,-0.17881697,-0.15276971,0.056631804,-0.12289977,-0.1587485
-0.05241275,-0.01361233,-0.064997345,-0.06877792,-0.103622794,-0.09156597,-0.008093655,-0.171372,-0.10489498,0.059563935,-0.2096718,-0.119769804,-0.088748515,-0.2728743,-0.07763629,-0.122608006,-0.41296792,-0.118422605,-0.14476874,-0.51814497,-0.15020528,-0.1632098,-0.6083292,-0.17413989,-0.02920717,-0.2940405,-0.07161045,-0.032333136,-0.4414534,-0.107796445,-0.03208047,-0.5522213,-0.13895576,-0.033695877,-0.6511071,-0.15803728,0.023177147,-0.27378553,-0.070453875,0.04425013,-0.40382737,-0.12594269,0.056080163,-0.5035361,-0.1694576,0.065835476,-0.59750617,-0.19480926,0.06886625,-0.21811265,-0.07158333,0.06891531,-0.23995697,-0.13457985,0.05661577,-0.17756921,-0.1534764,0.05296451,-0.12050909,-0.15944688
-0.053330183,-0.016687095,-0.056528427,-0.07004297,-0.10979885,-0.07737565,-0.01170665,-0.17668426,-0.08675037,0.052315533,-0.21262246,-0.09808886,-0.09102282,-0.277501,-0.06670775,-0.1240353,-0.41895697,-0.102035634,-0.14587739,-0.5256487,-0.13005875,-0.16570675,-0.6164794,-0.15205878,-0.031113088,-0.29889232,-0.064623594,-0.033804893,-0.4494844,-0.09636607,-0.033102214,-0.56270874,-0.12566401,-0.034596205,-0.6620437,-0.14413977,0.021555126,-0.27753323,-0.06693453,0.043791533,-0.4100101,-0.11888501,0.056776524,-0.51079196,-0.16237825,0.067631185,-0.6044789,-0.18854,0.06973064,-0.21855104,-0.070902355,0.07014865,-0.24653524,-0.13175331,0.058080018,-0.18778771,-0.15108393,0.05340427,-0.1327129,-0.15810321
-0.05326295,-0.013175726,-0.056769446,-0.0710271,-0.104120195,-0.08135225,-0.014849365,-0.17399341,-0.095107235,0.049382508,-0.21460772,-0.11114191,-0.09150565,-0.27806813,-0.06833012,-0.12530854,-0.41740745,-0.105161764,-0.14665845,-0.52342904,-0.13469595,-0.16622365,-0.6134925,-0.15783139,-0.032299936,-0.30051452,-0.066283576,-0.0355587,-0.4497546,-0.09956408,-0.034552455,-0.5619027,-0.12940797,-0.036285937,-0.66037166,-0.14807685,0.020204723,-0.2784888,-0.068340205,0.041630507,-0.4102852,-0.12036768,0.053506553,-0.51107717,-0.1621564,0.064332485,-0.60268617,-0.18718463,0.067391515,-0.219163,-0.072104685,0.069168866,-0.2462331,-0.13320166,0.05691731,-0.18644208,-0.15177599,0.053566754,-0.1316917,-0.15793942
-0.05484706,-0.010566592,-0.058842614,-0.07579112,-0.09883171,-0.0853468,-0.019426942,-0.16783226,-0.10008539,0.045269072,-0.20878828,-0.11715362,-0.09377995,-0.2731834,-0.075147875,-0.12579748,-0.41173193,-0.11389673,-0.14615548,-0.51626825,-0.14465968,-0.16473454,-0.60652393,-0.16873316,-0.033863604,-0.294048,-0.07316062,-0.03788674,-0.44188112,-0.108166605,-0.038331628,-0.5526829,-0.13898255,-0.04077053,-0.6518066,-0.15864155,0.01886189,-0.27155674,-0.075228944,0.04063809,-0.4020906,-0.12967929,0.051691353,-0.50322646,-0.17258136,0.061609507,-0.59683794,-0.19847806,0.06662893,-0.21217972,-0.07894428,0.06775379,-0.23874313,-0.14243081,0.054828644,-0.1770277,-0.16152816,0.0503909,-0.12109721,-0.16805258
-0.053828,-0.013235271,-0.05311472,-0.07550818,-0.10485375,-0.07653493,-0.018256128,-0.17317528,-0.08930806,0.044815242,-0.21125716,-0.104616694,-0.08797771,-0.27554148,-0.070541844,-0.12212208,-0.4135268,-0.10604539,-0.14113623,-0.51732945,-0.13440692,-0.15976375,-0.606763,-0.15704319,-0.027725637,-0.29376775,-0.07105547,-0.031674862,-0.44126576,-0.104811855,-0.031384885,-0.5523779,-0.13511038,-0.033367157,-0.6508512,-0.15457079,0.02422738,-0.2686894,-0.07492246,0.04578924,-0.39952338,-0.1270025,0.056506038,-0.50069624,-0.16855091,0.06634468,-0.5931449,-0.19366579,0.071383774,-0.20763016,-0.07998103,0.072241545,-0.24297696,-0.13927825,0.057432294,-0.18631262,-0.15576206,0.05068481,-0.13151664,-0.1611025
-0.05316174,-0.012048721,-0.050300993,-0.07421166,-0.10470343,-0.07323096,-0.01833713,-0.1746217,-0.0866224,0.04403144,-0.21203846,-0.10291728,-0.08897743,-0.2744696,-0.06734975,-0.122244895,-0.4124157,-0.102264784,-0.14183015,-0.5175557,-0.13100132,-0.1607778,-0.60735214,-0.1542304,-0.02925384,-0.29343086,-0.068363644,-0.03286004,-0.43943268,-0.10005632,-0.032027125,-0.5504267,-0.12990251,-0.033552647,-0.64806354,-0.14986667,0.023297012,-0.26842487,-0.07243175,0.045184016,-0.40050733,-0.12169761,0.055814028,-0.50063896,-0.1622003,0.06598073,-0.590739,-0.18765981,0.07083875,-0.2077741,-0.07762142,0.07244611,-0.24269938,-0.13604613,0.057429075,-0.18799907,-0.15334973,0.051138937,-0.13623476,-0.15971345
-0.05628085,-0.0137399435,-0.05981334,-0.077733874,-0.10203141,-0.08632279,-0.018668234,-0.17216188,-0.10121683,0.046904624,-0.2129432,-0.11840502,-0.09440631,-0.27479798,-0.073144354,-0.12359303,-0.4137627,-0.11146821,-0.14380544,-0.51954484,-0.14214061,-0.1617052,-0.609622,-0.16621117,-0.034268618,-0.29471058,-0.070797704,-0.037457585,-0.44202515,-0.104936205,-0.037070572,-0.55409646,-0.13642412,-0.037061095,-0.6529079,-0.15688193,0.019467235,-0.27237487,-0.07276006,0.04165417,-0.40390956,-0.12706308,0.05167854,-0.5069064,-0.17165668,0.06118369,-0.6005692,-0.19904271,0.06822282,-0.21268153,-0.07645667,0.06887555,-0.2385273,-0.14083798,0.05377549,-0.1775437,-0.16151214,0.047598124,-0.12038231,-0.16911274
-0.05628085,-0.0137399435,-0.05981334,-0.077733874,-0.10203141,-0.08632279,-0.018668234,-0.17216188,-0.10121683,0.046904624,-0.2129432,-0.11840502,-0.09440631,-0.27479798,-0.073144354,-0.12359303,-0.4137627,-0.11146821,-0.14380544,-0.51954484,-0.14214061,-0.1617052,-0.609622,-0.16621117,-0.034268618,-0.29471058,-0.070797704,-0.037457585,-0.44202515,-0.104936205,-0.037070572,-0.55409646,-0.13642412,-0.037061095,-0.6529079,-0.15688193,0.019467235,-0.27237487,-0.07276006,0.04165417,-0.40390956,-0.12706308,0.05167854,-0.5069064,-0.17165668,0.06118369,-0.6005692,-0.19904271,0.06822282,-0.21268153,-0.07645667,0.06887555,-0.2385273,-0.14083798,0.05377549,-0.1775437,-0.16151214,0.047598124,-0.12038231,-0.16911274
-0.055895567,-0.012918651,-0.059969317,-0.07596171,-0.1011678,-0.087928824,-0.018436432,-0.17076749,-0.104299664,0.048230708,-0.2106145,-0.12297399,-0.0937089,-0.27111566,-0.07418508,-0.123529196,-0.40948266,-0.11280146,-0.14436096,-0.5140121,-0.14320548,-0.16235897,-0.60187566,-0.16687448,-0.034373224,-0.2913034,-0.07111022,-0.038029134,-0.43639705,-0.10562174,-0.037772894,-0.54282814,-0.13571183,-0.03884393,-0.6357423,-0.15474579,0.018595397,-0.2699176,-0.0722919,0.039797068,-0.4026658,-0.12664855,0.04931903,-0.5036864,-0.16966355,0.058591187,-0.5942126,-0.19577642,0.065699816,-0.21291095,-0.07514545,0.06700629,-0.23573333,-0.13952447,0.055048704,-0.17310512,-0.15967695,0.05213958,-0.11532307,-0.16674094
-0.054668188,-0.015105426,-0.062391456,-0.0710634,-0.10188556,-0.09027728,-0.012569547,-0.17145908,-0.10618208,0.05223775,-0.21339291,-0.12398458,-0.09422931,-0.2752124,-0.073644474,-0.12428981,-0.4156225,-0.111784086,-0.14510617,-0.5217801,-0.14196166,-0.16354936,-0.61143893,-0.16545461,-0.03453237,-0.2960049,-0.069425285,-0.037675083,-0.44549358,-0.10281162,-0.036265433,-0.556671,-0.13270864,-0.03655821,-0.65423083,-0.15179825,0.018599331,-0.27307826,-0.06989786,0.040152013,-0.40677655,-0.12281165,0.052161396,-0.5079061,-0.16559589,0.06308156,-0.60009843,-0.19165374,0.066134155,-0.21377581,-0.072480045,0.06876385,-0.24137598,-0.13515027,0.057134032,-0.18325579,-0.15520789,0.053329945,-0.12988245,-0.16246985
-0.05528772,-0.015502632,-0.060678873,-0.07259518,-0.10069221,-0.08929243,-0.01480484,-0.16853368,-0.10632506,0.05041659,-0.20903689,-0.12545316,-0.09372094,-0.27124423,-0.07441073,-0.124275684,-0.41072285,-0.11277363,-0.14526924,-0.5159903,-0.1429838,-0.16343778,-0.6048066,-0.16654997,-0.03436607,-0.291618,-0.07094959,-0.037479877,-0.43943143,-0.10499481,-0.03773868,-0.5495623,-0.13530348,-0.039877653,-0.6455782,-0.15476345,0.018846989,-0.26911962,-0.07175598,0.040949166,-0.4030748,-0.12505332,0.05127299,-0.505273,-0.16818297,0.060441732,-0.59652334,-0.19460271,0.06605202,-0.21099067,-0.07437379,0.06715846,-0.23704624,-0.13775957,0.05371535,-0.17739683,-0.15825514,0.04880637,-0.12181002,-0.16577308
-0.050819516,-0.01077497,-0.05388905,-0.06850618,-0.10334998,-0.07713062,-0.010951638,-0.17359263,-0.08963577,0.054619372,-0.21102941,-0.10463592,-0.090135634,-0.27040714,-0.069241814,-0.122306824,-0.41157192,-0.103500456,-0.14201906,-0.5165204,-0.13030247,-0.16070896,-0.6061828,-0.15181233,-0.031232834,-0.29136926,-0.067772366,-0.03431344,-0.44114548,-0.099850364,-0.032367587,-0.5515716,-0.12876697,-0.032909274,-0.64937425,-0.14713642,0.020824254,-0.26956433,-0.06959254,0.043698013,-0.40083307,-0.12064682,0.05558753,-0.50146717,-0.16215189,0.0660702,-0.59272397,-0.18736036,0.067760825,-0.21189076,-0.07258991,0.0715214,-0.23795003,-0.13193908,0.060132146,-0.17920512,-0.14980733,0.057109594,-0.12507439,-0.15605
-0.050819516,-0.01077497,-0.05388905,-0.06850618,-0.10334998,-0.07713062,-0.010951638,-0.17359263,-0.08963577,0.054619372,-0.21102941,-0.10463592,-0.090135634,-0.27040714,-0.069241814,-0.122306824,-0.41157192,-0.103500456,-0.14201906,-0.5165204,-0.13030247,-0.16070896,-0.6061828,-0.15181233,-0.031232834,-0.29136926,-0.067772366,-0.03431344,-0.44114548,-0.099850364,-0.032367587,-0.5515716,-0.12876697,-0.032909274,-0.64937425,-0.14713642,0.020824254,-0.26956433,-0.06959254,0.043698013,-0.40083307,-0.12064682,0.05558753,-0.50146717,-0.16215189,0.0660702,-0.59272397,-0.18736036,0.067760825,-0.21189076,-0.07258991,0.0715214,-0.23795003,-0.13193908,0.060132146,-0.17920512,-0.14980733,0.057109594,-0.12507439,-0.15605
-0.05512917,-0.012460053,-0.055620234,-0.07462764,-0.10370618,-0.08075878,-0.015790462,-0.17385888,-0.09514429,0.049333155,-0.21279877,-0.11187421,-0.09225777,-0.2722075,-0.070084736,-0.12160337,-0.41167337,-0.10551681,-0.14223123,-0.51680094,-0.1334398,-0.16062456,-0.6048467,-0.15573587,-0.032751203,-0.29267764,-0.0681193,-0.03389454,-0.4397884,-0.10004325,-0.032966495,-0.54842424,-0.1286895,-0.033431172,-0.641943,-0.14720017,0.020461082,-0.26989508,-0.069882214,0.044975758,-0.40378925,-0.12162358,0.055532455,-0.50398684,-0.16382192,0.06565595,-0.5926913,-0.18983808,0.068513095,-0.21040887,-0.07296378,0.07169026,-0.2358563,-0.13505757,0.057144403,-0.17571384,-0.15513803,0.051405013,-0.11988956,-0.16269195
-0.054468095,-0.0142713785,-0.0556624,-0.07387394,-0.10493684,-0.08059185,-0.015899837,-0.17522329,-0.0951704,0.049347043,-0.21413451,-0.1125407,-0.093150795,-0.27381372,-0.06796393,-0.122552216,-0.41212767,-0.10378875,-0.14258373,-0.51727384,-0.13304591,-0.16124249,-0.60553086,-0.15641855,-0.033454478,-0.2945428,-0.06664026,-0.035639405,-0.44138166,-0.09807045,-0.033946037,-0.55062115,-0.1277167,-0.034732997,-0.64550114,-0.14728619,0.01954037,-0.2719996,-0.06931104,0.041454315,-0.40448284,-0.11986739,0.051953435,-0.5047567,-0.16235682,0.06179273,-0.5946097,-0.18905288,0.067400575,-0.21299314,-0.07351539,0.06968117,-0.24053669,-0.13501468,0.057433665,-0.18268567,-0.15523297,0.053534508,-0.12884712,-0.16312431
-0.053735018,-0.015329123,-0.05838958,-0.070432365,-0.10871303,-0.08374468,-0.00998652,-0.17839593,-0.09796936,0.057436526,-0.2165193,-0.11473125,-0.09124321,-0.2755267,-0.0709394,-0.12159839,-0.4156841,-0.10855275,-0.14060989,-0.52202153,-0.13905326,-0.15793669,-0.6124567,-0.16289204,-0.030799806,-0.29604977,-0.068183854,-0.034134805,-0.44371623,-0.10146303,-0.032315314,-0.55583286,-0.13201152,-0.03308654,-0.6545178,-0.15170877,0.022710025,-0.27404183,-0.06963958,0.04344499,-0.40301096,-0.12167339,0.054374576,-0.50574476,-0.16502385,0.06442207,-0.59958804,-0.19173807,0.069378555,-0.2166251,-0.07292187,0.070791304,-0.23997116,-0.13482542,0.057373762,-0.18078291,-0.15496267,0.052847147,-0.12700343,-0.16252127
-0.05317682,-0.013705492,-0.057112433,-0.07134271,-0.10648763,-0.08221459,-0.012216449,-0.17852116,-0.096349604,0.055874288,-0.21623003,-0.1130897,-0.092178494,-0.27486897,-0.06974012,-0.12094432,-0.41470265,-0.105961606,-0.1400218,-0.5205419,-0.13518442,-0.1579456,-0.6105925,-0.15841179,-0.032410204,-0.29444194,-0.06769523,-0.03484589,-0.4433989,-0.10032628,-0.033314347,-0.55451703,-0.13030119,-0.03396678,-0.653107,-0.14962962,0.020866513,-0.2718671,-0.0695938,0.04262936,-0.40311432,-0.121867515,0.05347061,-0.505229,-0.16469978,0.063840926,-0.59832984,-0.19091552,0.068612516,-0.21348739,-0.07309465,0.0697903,-0.23885137,-0.1354674,0.05710274,-0.17884243,-0.15522143,0.0536111,-0.124041975,-0.16235235
-0.05407411,-0.014897823,-0.052270412,-0.070108116,-0.11008364,-0.0736584,-0.009068489,-0.17650151,-0.084570974,0.055437207,-0.21162146,-0.09844854,-0.08884671,-0.27292287,-0.06725723,-0.117456466,-0.41274208,-0.10181452,-0.13661721,-0.51822424,-0.12986502,-0.1543177,-0.6083387,-0.15236929,-0.02841252,-0.29217148,-0.06638876,-0.030203044,-0.43935,-0.097346306,-0.028908491,-0.54894644,-0.12679313,-0.029754221,-0.645936,-0.14616868,0.025037229,-0.2696979,-0.06889717,0.04716271,-0.4021121,-0.11923889,0.057841063,-0.5027414,-0.16187724,0.067629516,-0.5945915,-0.18843022,0.072778046,-0.211389,-0.07247786,0.072454035,-0.23626745,-0.13258082,0.058844864,-0.17691249,-0.15183531,0.054653347,-0.12259102,-0.15924096
-0.05293399,-0.014141142,-0.05349811,-0.06923467,-0.10781509,-0.075799614,-0.009981036,-0.17799526,-0.08779536,0.05513841,-0.21447545,-0.10258764,-0.09200606,-0.27455813,-0.06497096,-0.12160906,-0.4142763,-0.0985221,-0.1406312,-0.5192501,-0.12576851,-0.15849328,-0.6082394,-0.14774218,-0.032639503,-0.2955119,-0.063347004,-0.03425938,-0.4429301,-0.09352467,-0.032203138,-0.5528376,-0.12203962,-0.032831073,-0.6499115,-0.14047608,0.019919336,-0.27281892,-0.06537895,0.04284382,-0.40397874,-0.11528116,0.05468774,-0.5053617,-0.15751572,0.06555033,-0.5971465,-0.18359429,0.06694502,-0.21396506,-0.068679176,0.06953406,-0.2390449,-0.12915044,0.05782336,-0.18073553,-0.148913,0.054587483,-0.12737912,-0.15639125
-0.051645994,-0.017467618,-0.05528816,-0.066972435,-0.1084699,-0.07988777,-0.007684648,-0.17731339,-0.09441725,0.05858624,-0.21414632,-0.11158167,-0.09222937,-0.27097964,-0.06502814,-0.12195167,-0.40951908,-0.10010114,-0.14074111,-0.5150749,-0.129028,-0.1580013,-0.6045632,-0.15207401,-0.03414285,-0.29119104,-0.06328492,-0.036936402,-0.43748432,-0.09440116,-0.033646643,-0.54966545,-0.12442053,-0.032601953,-0.6484145,-0.14409836,0.018361926,-0.2686848,-0.065453164,0.03931123,-0.40112722,-0.115805,0.05165732,-0.50161785,-0.15816016,0.06356776,-0.5921709,-0.18435909,0.06610167,-0.21168667,-0.06915493,0.068293035,-0.23922533,-0.12985265,0.057837844,-0.18371469,-0.14954014,0.056307256,-0.13298994,-0.15694945
-0.05300033,-0.018058896,-0.057029553,-0.06918639,-0.104655266,-0.082997456,-0.011475921,-0.17062908,-0.09865147,0.052212954,-0.2062338,-0.11658342,-0.09292838,-0.2707579,-0.067838155,-0.12241742,-0.40999034,-0.10430731,-0.14212477,-0.515674,-0.13401757,-0.16043109,-0.6053443,-0.15718445,-0.035139084,-0.29071307,-0.065723374,-0.037308753,-0.4371818,-0.098357975,-0.03503555,-0.54973686,-0.12896961,-0.035205185,-0.64872515,-0.14855328,0.017310858,-0.2681054,-0.067576565,0.039360166,-0.4000716,-0.11865055,0.05249214,-0.50122833,-0.16092715,0.06379753,-0.5922997,-0.18659307,0.065425396,-0.2100516,-0.07116281,0.06909001,-0.238742,-0.13083294,0.057611704,-0.18350369,-0.1491834,0.053936362,-0.13081533,-0.1554626
-0.05656016,-0.013263345,-0.057623412,-0.07697016,-0.09977251,-0.08503485,-0.019900978,-0.16566586,-0.10187656,0.04327023,-0.2014724,-0.121485844,-0.094592154,-0.26999128,-0.072156794,-0.12194079,-0.40637407,-0.10961991,-0.14212343,-0.5110023,-0.14044662,-0.16074908,-0.59908485,-0.16491292,-0.035797775,-0.2909268,-0.06953612,-0.037582457,-0.4353211,-0.10337137,-0.036901414,-0.54461277,-0.13482592,-0.038946033,-0.63998103,-0.15560469,0.01703453,-0.26879638,-0.070539586,0.04025787,-0.402888,-0.1221002,0.051050186,-0.5021464,-0.16437219,0.060607493,-0.5903138,-0.19086222,0.06434929,-0.21144551,-0.073143065,0.066470206,-0.23873353,-0.1350797,0.053316414,-0.18162751,-0.15528393,0.04911381,-0.1292144,-0.16309217
-0.0546093,-0.010602117,-0.05359278,-0.07420337,-0.10043895,-0.07756773,-0.016636848,-0.16927177,-0.091455296,0.04561001,-0.20627296,-0.10797484,-0.0934186,-0.27070743,-0.06777616,-0.12368092,-0.40785143,-0.10201852,-0.14289704,-0.51213914,-0.13009259,-0.16126376,-0.60060436,-0.15272614,-0.034346163,-0.29194897,-0.066520944,-0.036182642,-0.43749475,-0.09795552,-0.034621477,-0.5489495,-0.12745667,-0.035913765,-0.6470241,-0.14687742,0.017607212,-0.26900166,-0.06860302,0.041285753,-0.40180385,-0.1179279,0.053133786,-0.5009427,-0.15861705,0.063470125,-0.58949494,-0.18390195,0.064888954,-0.21013427,-0.07206123,0.06899983,-0.24147916,-0.13096702,0.055512547,-0.18649584,-0.14932051,0.049915075,-0.13496578,-0.1561285
-0.055023372,-0.01574254,-0.05471505,-0.07515621,-0.10329771,-0.08036089,-0.018718839,-0.16856432,-0.095532626,0.045684695,-0.20565557,-0.11344004,-0.091085166,-0.27185452,-0.07030805,-0.11989495,-0.40995976,-0.10747213,-0.1398696,-0.5151106,-0.13739215,-0.15795267,-0.60435134,-0.16101436,-0.031765282,-0.29203224,-0.06916565,-0.033813834,-0.43569937,-0.10194196,-0.033379555,-0.5439979,-0.13187182,-0.03504914,-0.6385044,-0.15145233,0.021242976,-0.2696523,-0.07169496,0.043398082,-0.39991105,-0.12327563,0.05329275,-0.5015741,-0.16568626,0.06208682,-0.59200287,-0.19202253,0.068694055,-0.21122986,-0.0755604,0.06795883,-0.23495305,-0.13714215,0.052228272,-0.17515707,-0.15659682,0.045742154,-0.118691504,-0.16379406
-0.05359584,-0.012816548,-0.051713623,-0.07396424,-0.10303724,-0.07461119,-0.016389072,-0.16992646,-0.08775705,0.04732126,-0.20543814,-0.10388295,-0.09037888,-0.27354765,-0.066119984,-0.120103955,-0.41188437,-0.101006046,-0.13926804,-0.51721,-0.13001288,-0.15770409,-0.6072643,-0.15318872,-0.030954897,-0.29360187,-0.0658161,-0.03299278,-0.437936,-0.0967816,-0.031449676,-0.5484095,-0.12675115,-0.032482862,-0.64638627,-0.14658296,0.02161032,-0.2700848,-0.06875278,0.04432386,-0.40015686,-0.117839135,0.05535519,-0.50065184,-0.15952535,0.0649392,-0.59141105,-0.18566035,0.06897074,-0.21062636,-0.07291838,0.071734846,-0.23724341,-0.13155733,0.059234083,-0.18089175,-0.14978029,0.05507016,-0.12827706,-0.15655056
-0.055612504,-0.015624464,-0.06414652,-0.07181549,-0.1003564,-0.09321412,-0.011930108,-0.16441423,-0.1102668,0.050167143,-0.20458168,-0.12947801,-0.09271547,-0.27230662,-0.07527745,-0.1210857,-0.41000268,-0.11528023,-0.1406847,-0.5149559,-0.14827873,-0.15895295,-0.6042392,-0.17382005,-0.032829225,-0.29209113,-0.070994176,-0.034983933,-0.43902665,-0.10618204,-0.033029318,-0.54931676,-0.13889961,-0.03392589,-0.6460825,-0.16026549,0.02019912,-0.26924914,-0.071476184,0.04226905,-0.40048298,-0.12515125,0.053519845,-0.50109726,-0.16909781,0.06311494,-0.59396374,-0.19637915,0.06747812,-0.21201414,-0.07426695,0.07018381,-0.23862565,-0.13734613,0.057275057,-0.18125159,-0.15741915,0.052092433,-0.12877876,-0.16496198
-0.054418564,-0.017647982,-0.050357603,-0.0718227,-0.11001909,-0.07134218,-0.01443851,-0.1753791,-0.082887776,0.04775566,-0.20893472,-0.09737032,-0.090785086,-0.27348924,-0.06214068,-0.12123549,-0.41328394,-0.09504597,-0.1404596,-0.5183897,-0.1221792,-0.15913862,-0.6079284,-0.14414638,-0.03190124,-0.29293084,-0.06233731,-0.034820497,-0.44081217,-0.0919481,-0.034138262,-0.5509053,-0.121109314,-0.035915256,-0.64684045,-0.14040178,0.020757198,-0.2700225,-0.065919094,0.04264158,-0.40402532,-0.11390187,0.052949846,-0.5057789,-0.15584111,0.062256634,-0.5965965,-0.18232742,0.068312705,-0.21201944,-0.07062522,0.06917524,-0.24304605,-0.12856692,0.05615282,-0.1893295,-0.14739114,0.051378846,-0.13823909,-0.15485723
-0.053298116,-0.014554977,-0.051220585,-0.073353946,-0.10685068,-0.07362049,-0.016456366,-0.17472357,-0.08639801,0.04631704,-0.20997822,-0.10200332,-0.09263989,-0.2746868,-0.06497124,-0.12449983,-0.41455895,-0.098622136,-0.14387023,-0.519126,-0.1259382,-0.16286582,-0.6089692,-0.14796366,-0.033482015,-0.29508114,-0.065396056,-0.03692746,-0.44403693,-0.09741726,-0.036821425,-0.5555269,-0.12741548,-0.039045632,-0.65371954,-0.14663401,0.019210637,-0.2721669,-0.068939716,0.041894674,-0.40421382,-0.119216114,0.05359894,-0.5053728,-0.1609447,0.064480305,-0.59660316,-0.18650265,0.06703794,-0.2133621,-0.07360337,0.068959594,-0.24280608,-0.13241898,0.056166768,-0.18573987,-0.15005486,0.05233991,-0.1324054,-0.15620601
-0.05373013,-0.014229536,-0.051280938,-0.07326126,-0.10651833,-0.07459781,-0.017316699,-0.17429471,-0.08835192,0.045891047,-0.2105577,-0.10504261,-0.09243071,-0.2752568,-0.064746864,-0.12281555,-0.41437328,-0.09846461,-0.14262897,-0.51960945,-0.12644719,-0.16182673,-0.6086842,-0.14928554,-0.033405423,-0.2950375,-0.06485495,-0.036845148,-0.4411213,-0.09499726,-0.036163867,-0.54982543,-0.124330245,-0.037891865,-0.6444745,-0.14401929,0.019802928,-0.2712515,-0.06828846,0.040673673,-0.40469497,-0.117244795,0.05056113,-0.5070156,-0.15939571,0.0603835,-0.5977094,-0.18625294,0.06771141,-0.21235788,-0.07278857,0.06754416,-0.24022287,-0.13259074,0.053968012,-0.1839596,-0.15217608,0.049771845,-0.131307,-0.1600655
-0.055706143,-0.015920937,-0.057739094,-0.07637328,-0.10669303,-0.08260917,-0.018645346,-0.17360318,-0.09646575,0.045441926,-0.20972991,-0.1125179,-0.09433773,-0.27723223,-0.06851885,-0.12597275,-0.41473442,-0.104292214,-0.14662021,-0.5191879,-0.13327026,-0.16605043,-0.6077353,-0.15617448,-0.033894658,-0.2978406,-0.0665856,-0.03600818,-0.44567162,-0.09907777,-0.03501618,-0.55821854,-0.12948647,-0.036412895,-0.6573453,-0.14901112,0.019490957,-0.27591902,-0.06888857,0.04089254,-0.40751556,-0.12077846,0.053028047,-0.5089263,-0.16440132,0.063433945,-0.60115576,-0.19114724,0.067801595,-0.21851599,-0.072948314,0.06826258,-0.24430835,-0.13406307,0.055069864,-0.18512505,-0.15362568,0.04969895,-0.13016343,-0.16091795
-0.05644238,-0.013047457,-0.05567194,-0.07834354,-0.1030218,-0.08192216,-0.020631075,-0.1718558,-0.09788987,0.044041634,-0.2095325,-0.11667309,-0.09449968,-0.27757692,-0.069144,-0.123850584,-0.41389042,-0.106099695,-0.14250809,-0.51811105,-0.13707978,-0.16051888,-0.60704696,-0.16180629,-0.03437823,-0.29800677,-0.06789741,-0.036551833,-0.44135693,-0.10084267,-0.035616875,-0.55167437,-0.1322477,-0.037611127,-0.64982474,-0.1532134,0.019100308,-0.27449828,-0.070365,0.041590393,-0.4037596,-0.121306874,0.052796125,-0.505321,-0.1638378,0.063032866,-0.5967524,-0.1906301,0.0669415,-0.21546173,-0.07439938,0.06817216,-0.24187088,-0.13558415,0.054351687,-0.18450397,-0.15510963,0.049465656,-0.13145256,-0.16260293
-0.054260492,-0.013675213,-0.060405605,-0.07459605,-0.09838414,-0.08962755,-0.01891172,-0.16503215,-0.107812814,0.04610938,-0.20339763,-0.12833431,-0.09232938,-0.27170646,-0.07480855,-0.12373334,-0.4118926,-0.113991305,-0.14343059,-0.51743644,-0.1451871,-0.16072866,-0.6067451,-0.16938986,-0.03291619,-0.29237926,-0.07140807,-0.035699487,-0.43818066,-0.10678263,-0.034246266,-0.547806,-0.13808937,-0.035063267,-0.6446878,-0.1579609,0.020120502,-0.26986778,-0.07203136,0.041808307,-0.40159285,-0.12517206,0.052885234,-0.5013793,-0.16723844,0.06292713,-0.5915103,-0.19278009,0.06640625,-0.21229881,-0.07457622,0.0683552,-0.23642516,-0.13734841,0.05652356,-0.1773867,-0.15692419,0.053743243,-0.12298703,-0.16369621
-0.054817438,-0.012162387,-0.05904583,-0.07578355,-0.098300934,-0.08691274,-0.018660724,-0.16626322,-0.10393735,0.04624808,-0.20299536,-0.12334425,-0.09348178,-0.26980203,-0.072385766,-0.12272751,-0.4074445,-0.109718576,-0.14294443,-0.5120501,-0.13986939,-0.16139299,-0.60059726,-0.16368507,-0.034831285,-0.29051048,-0.06952704,-0.03719586,-0.43506077,-0.1038152,-0.037730336,-0.54542994,-0.13511458,-0.040162563,-0.6425426,-0.15533239,0.017847419,-0.26788396,-0.0704794,0.041454554,-0.39917144,-0.12299406,0.051950634,-0.49924868,-0.16522129,0.061552465,-0.5889844,-0.19103847,0.064905226,-0.20937687,-0.073216155,0.06741893,-0.23510355,-0.13555494,0.054169476,-0.17623585,-0.15503563,0.050168276,-0.12157822,-0.16187423
-0.055572987,-0.016157687,-0.05999814,-0.0726046,-0.10680872,-0.08701753,-0.011754394,-0.17468512,-0.10262063,0.054741323,-0.21263552,-0.12060541,-0.091367036,-0.2761855,-0.07362591,-0.12268317,-0.41598994,-0.11256441,-0.14301246,-0.52212936,-0.14380793,-0.1607587,-0.6122607,-0.1681426,-0.031151116,-0.29640943,-0.07076565,-0.03497833,-0.44379425,-0.10477072,-0.033909142,-0.5553857,-0.13577367,-0.03433901,-0.65355945,-0.15587896,0.02265352,-0.27372319,-0.072243646,0.043076277,-0.40443146,-0.12544782,0.054279923,-0.5068735,-0.16931081,0.06458098,-0.5997137,-0.19637102,0.069906116,-0.21562362,-0.075634666,0.06947917,-0.23873687,-0.13878289,0.05508691,-0.17828679,-0.15916324,0.049713552,-0.122688234,-0.16683647
-0.057192624,-0.013876557,-0.054762896,-0.07813883,-0.10143119,-0.08104426,-0.023422837,-0.1682697,-0.097086325,0.037899673,-0.20932186,-0.11575039,-0.0925487,-0.27549052,-0.07155226,-0.1243715,-0.41538697,-0.109580606,-0.1445058,-0.5222072,-0.14036334,-0.16380468,-0.6131879,-0.16473791,-0.032595277,-0.29740316,-0.07116095,-0.036370635,-0.44446483,-0.104928255,-0.035692036,-0.5564426,-0.13622981,-0.037945747,-0.6546861,-0.15705496,0.020811081,-0.27508694,-0.074331544,0.04158765,-0.40705886,-0.12558687,0.05243343,-0.5102388,-0.16846019,0.06166041,-0.6017848,-0.19559619,0.069262624,-0.21684599,-0.07889851,0.06913173,-0.2433843,-0.13971154,0.05440861,-0.18877918,-0.15959924,0.048273444,-0.1373921,-0.16755189
-0.057115197,-0.018388867,-0.052511603,-0.07524839,-0.11320138,-0.07625824,-0.017363548,-0.18046892,-0.08992192,0.046318173,-0.2182365,-0.10664723,-0.09010926,-0.27967203,-0.06826235,-0.12278831,-0.41875315,-0.10448203,-0.14416677,-0.5251873,-0.13350749,-0.16336882,-0.61479896,-0.15661208,-0.030089617,-0.3002351,-0.06878639,-0.033573747,-0.44840252,-0.10057042,-0.03364706,-0.5602952,-0.13036437,-0.03547126,-0.6576525,-0.15011117,0.023227513,-0.2781543,-0.072971664,0.043097913,-0.41002667,-0.1236756,0.051538765,-0.5150151,-0.16765836,0.059542716,-0.6073181,-0.19556615,0.07098192,-0.21978396,-0.07836006,0.067329645,-0.24248242,-0.13941379,0.05037844,-0.18361801,-0.16003415,0.042956054,-0.12783664,-0.16852078
-0.05589801,-0.014048159,-0.053741097,-0.07601184,-0.10639948,-0.076269336,-0.018305957,-0.17419648,-0.0881303,0.044926822,-0.21098429,-0.10287633,-0.09306529,-0.2735104,-0.06793932,-0.12503844,-0.4113874,-0.10306057,-0.14438611,-0.5157519,-0.13184899,-0.16312277,-0.60459757,-0.15495296,-0.03265947,-0.29302782,-0.06768402,-0.036311805,-0.4399923,-0.09979549,-0.036384106,-0.55002177,-0.12996256,-0.039298832,-0.646699,-0.14975311,0.020172358,-0.27072436,-0.07118595,0.039922416,-0.4009601,-0.12216305,0.048673987,-0.5043837,-0.16541883,0.05600065,-0.59788114,-0.19242477,0.06814861,-0.21290326,-0.076007545,0.067515254,-0.24273193,-0.1362424,0.05359018,-0.18653572,-0.1553727,0.047333777,-0.13302338,-0.16278462
-0.05640149,-0.016742527,-0.054386385,-0.07626578,-0.108436465,-0.07822233,-0.01895225,-0.174636,-0.09188224,0.04268664,-0.21210492,-0.1083473,-0.09307179,-0.27874905,-0.06649438,-0.12504926,-0.41624483,-0.10265604,-0.14523035,-0.52193296,-0.13283992,-0.16450447,-0.61118925,-0.1568025,-0.032708645,-0.29798096,-0.066594444,-0.035434246,-0.44501904,-0.098917894,-0.034196436,-0.5577862,-0.13009256,-0.03575802,-0.6562052,-0.15069634,0.020459175,-0.27491325,-0.070742674,0.039936125,-0.40664917,-0.121531546,0.050331652,-0.5099828,-0.16528217,0.059427083,-0.60304743,-0.19292568,0.068739116,-0.21689183,-0.07647627,0.069261074,-0.24433458,-0.1370543,0.056151092,-0.1883483,-0.1568385,0.0508067,-0.13604957,-0.16478133
-0.053471744,-0.016059816,-0.056021664,-0.07262713,-0.10948712,-0.08063931,-0.012274623,-0.17916656,-0.09440768,0.055199683,-0.21611482,-0.11072532,-0.090922356,-0.27542132,-0.06882804,-0.12278283,-0.41407967,-0.104552664,-0.14185011,-0.5182975,-0.13322565,-0.15881068,-0.6061436,-0.15593289,-0.030533671,-0.2951941,-0.06735623,-0.033555925,-0.44249344,-0.100982234,-0.0325014,-0.55270576,-0.13127856,-0.033664703,-0.6491451,-0.15049016,0.022588372,-0.2726341,-0.069788106,0.042880774,-0.4038834,-0.1226546,0.052206457,-0.5059577,-0.16604705,0.060695708,-0.59831345,-0.19242923,0.06887698,-0.21548837,-0.073618695,0.0687145,-0.24022043,-0.13562167,0.056176245,-0.18141115,-0.15518738,0.05247885,-0.1274153,-0.16231927
-0.055226207,-0.017895103,-0.07187562,-0.07133877,-0.105493486,-0.103265695,-0.009581506,-0.17188787,-0.12066269,0.05800277,-0.21261692,-0.13957883,-0.093450606,-0.2746023,-0.0808281,-0.12240085,-0.4134382,-0.12259948,-0.14185855,-0.51895547,-0.15606388,-0.15816718,-0.60765386,-0.18137485,-0.033065796,-0.29268003,-0.073705375,-0.036263347,-0.44262183,-0.10897914,-0.035138786,-0.5552192,-0.14087364,-0.03611958,-0.6529328,-0.16130225,0.020656526,-0.27084517,-0.07256866,0.039720535,-0.40179044,-0.12911211,0.05059141,-0.50510395,-0.1756591,0.05985409,-0.60084087,-0.20409502,0.067551374,-0.21535069,-0.074358486,0.06600362,-0.23790157,-0.14137156,0.05311501,-0.17569566,-0.16353759,0.04792905,-0.11829466,-0.17199111
-0.05513072,-0.01605916,-0.060128618,-0.074310124,-0.10367137,-0.08825778,-0.015803277,-0.17259538,-0.10501527,0.048393846,-0.21383548,-0.123980515,-0.093410015,-0.2749172,-0.072322845,-0.121314794,-0.41442785,-0.10931062,-0.13892204,-0.5191661,-0.13873173,-0.15594363,-0.6075529,-0.16190854,-0.034160197,-0.29472303,-0.06999192,-0.03681457,-0.4441353,-0.10478173,-0.034620643,-0.5546963,-0.13632776,-0.03505844,-0.6520649,-0.15636036,0.018758178,-0.2723943,-0.07180379,0.03965074,-0.4038741,-0.12559892,0.050934494,-0.5078873,-0.1696255,0.060531735,-0.6011857,-0.19659655,0.066633284,-0.21527547,-0.07534157,0.06704652,-0.24066395,-0.13773325,0.05366081,-0.18244112,-0.15732245,0.04855597,-0.12717783,-0.16445233
-0.054996967,-0.016522884,-0.053455353,-0.07654756,-0.1111812,-0.07632239,-0.016434014,-0.18068516,-0.08911214,0.050159037,-0.214804,-0.1048232,-0.09230608,-0.27593106,-0.06455063,-0.121127725,-0.41442627,-0.09660982,-0.13904351,-0.5184045,-0.12256682,-0.15662882,-0.60574114,-0.1439127,-0.03331095,-0.29565233,-0.06377573,-0.03615898,-0.44150168,-0.094180815,-0.03387314,-0.55021465,-0.123206705,-0.033455312,-0.64519787,-0.1420427,0.019142568,-0.27342868,-0.0665926,0.03941667,-0.40464965,-0.11609389,0.049140513,-0.50778043,-0.15917332,0.058549404,-0.5989115,-0.18625298,0.06713939,-0.21643996,-0.07068476,0.06602597,-0.24152893,-0.13051416,0.051937163,-0.18354654,-0.15052992,0.046892703,-0.1286236,-0.15858698
-0.0542804,-0.014678299,-0.058640376,-0.0741241,-0.105247736,-0.08517867,-0.015049219,-0.17598581,-0.10069182,0.0515185,-0.21449,-0.118733786,-0.092169404,-0.27362525,-0.069708556,-0.12039447,-0.41051063,-0.105844595,-0.13848224,-0.5148986,-0.13509575,-0.15555179,-0.6025063,-0.1582326,-0.03311366,-0.2931996,-0.06716702,-0.03678471,-0.4406686,-0.10080316,-0.035442233,-0.5508189,-0.13160232,-0.0364334,-0.6476772,-0.15118302,0.019891798,-0.27092582,-0.06871485,0.040049195,-0.4021721,-0.121981524,0.0503996,-0.5050314,-0.1659089,0.06003672,-0.5971806,-0.19273403,0.06762397,-0.21422362,-0.07189622,0.06834906,-0.23856479,-0.13494149,0.056712806,-0.1793378,-0.15547459,0.054113567,-0.12458897,-0.16315763
-0.05527866,-0.015173674,-0.05705794,-0.076224625,-0.10690951,-0.08413478,-0.017640471,-0.1768527,-0.10013894,0.047047734,-0.21703666,-0.11921349,-0.095653385,-0.27368635,-0.074955754,-0.12216821,-0.4125439,-0.11290643,-0.14096078,-0.5171367,-0.1431367,-0.15762028,-0.6054897,-0.16708082,-0.0348894,-0.2930987,-0.07407135,-0.037837565,-0.44017318,-0.109861575,-0.036671877,-0.551347,-0.14176877,-0.036719143,-0.64936996,-0.162414,0.019280195,-0.27119392,-0.07671672,0.038553834,-0.4021115,-0.13204333,0.047961056,-0.5055555,-0.17668691,0.057759643,-0.59843445,-0.20428707,0.06794304,-0.21474761,-0.08065129,0.0646252,-0.23476827,-0.14580679,0.04873079,-0.17150086,-0.1667016,0.043347,-0.11356354,-0.17461196
-0.05429107,-0.015019059,-0.05658449,-0.07468307,-0.10737598,-0.08176389,-0.015894175,-0.1767869,-0.09574741,0.049400926,-0.21541333,-0.11243323,-0.09198454,-0.27389497,-0.07254772,-0.11996308,-0.41238552,-0.10897367,-0.13864994,-0.5172875,-0.13777103,-0.15572917,-0.6063862,-0.16061936,-0.032462716,-0.29314488,-0.0713849,-0.036394835,-0.43993545,-0.105847575,-0.03603661,-0.5501268,-0.13637418,-0.03736347,-0.6477985,-0.15579747,0.020734012,-0.2713409,-0.07392064,0.04075545,-0.40190837,-0.12811756,0.050745904,-0.50491655,-0.17189121,0.05977291,-0.5983571,-0.19854629,0.06862271,-0.21407074,-0.07781044,0.06611937,-0.23706275,-0.14083114,0.050902426,-0.17412299,-0.16038236,0.04524529,-0.11532998,-0.16747501
-0.054738283,-0.018087208,-0.05567219,-0.07350451,-0.10784823,-0.08279852,-0.017757237,-0.17653215,-0.09956468,0.044577003,-0.21873552,-0.11924101,-0.09493503,-0.2750731,-0.07132317,-0.1222707,-0.41626188,-0.10893239,-0.14021403,-0.5223361,-0.13903548,-0.15640476,-0.61220145,-0.16255447,-0.034933805,-0.2943359,-0.07054262,-0.038465858,-0.4416461,-0.10520951,-0.037173927,-0.5547546,-0.13676196,-0.037117183,-0.654343,-0.1571484,0.01930064,-0.27184165,-0.073244676,0.038138807,-0.4022852,-0.12610167,0.04779172,-0.5069464,-0.1692657,0.058352172,-0.60050076,-0.19595176,0.067694366,-0.21477056,-0.077330396,0.06489819,-0.23914915,-0.13995421,0.048740923,-0.17941707,-0.15940651,0.043554664,-0.123390496,-0.166267
-0.051849842,-0.011256516,-0.051605336,-0.07220352,-0.102844894,-0.07567743,-0.016654849,-0.17296386,-0.09013202,0.05011469,-0.20856023,-0.10769133,-0.09307474,-0.2695902,-0.066108145,-0.12152296,-0.40674767,-0.10008264,-0.13967323,-0.51033235,-0.12823786,-0.15706134,-0.59901917,-0.15107642,-0.035710573,-0.28966355,-0.065986164,-0.039462328,-0.43429565,-0.09754371,-0.03848368,-0.5456226,-0.12796831,-0.039654195,-0.64511156,-0.14813432,0.016700089,-0.2673524,-0.068835884,0.036795437,-0.3987018,-0.119314395,0.047575176,-0.49930212,-0.16163126,0.057869196,-0.5890949,-0.18801947,0.064569116,-0.21063238,-0.07272187,0.066367686,-0.23517197,-0.13304804,0.054956317,-0.17771935,-0.15230186,0.052876532,-0.12455225,-0.15965043
-0.0523597,-0.014168084,-0.055189658,-0.07258296,-0.10373598,-0.080296576,-0.01666677,-0.17286414,-0.09492827,0.04782158,-0.21100199,-0.11223376,-0.09187305,-0.2725339,-0.06906627,-0.12175116,-0.4107977,-0.10451651,-0.14062884,-0.5148396,-0.13297306,-0.15846413,-0.6036401,-0.15557204,-0.033581078,-0.29190725,-0.068469964,-0.037277877,-0.43934345,-0.10211627,-0.036401153,-0.5506468,-0.13273813,-0.03744155,-0.6493401,-0.15211272,0.018552244,-0.2691878,-0.07144154,0.038681805,-0.40113094,-0.124084674,0.0491243,-0.50323045,-0.16683635,0.05867076,-0.5953003,-0.19267659,0.06611395,-0.2107752,-0.0757767,0.06806368,-0.23856473,-0.1370063,0.056368947,-0.17948854,-0.15555644,0.053241313,-0.12356931,-0.16189153
-0.05269444,-0.014036,-0.055030998,-0.072439075,-0.10316402,-0.08107247,-0.016540825,-0.17088628,-0.096903294,0.049751997,-0.20623505,-0.115576714,-0.090262204,-0.2704515,-0.07131311,-0.12028915,-0.40981197,-0.109317414,-0.13870078,-0.51605046,-0.14024514,-0.15615973,-0.60689497,-0.164458,-0.03193772,-0.2893479,-0.07129687,-0.036502063,-0.43561006,-0.10627556,-0.035564005,-0.5482729,-0.1379222,-0.03706205,-0.6478404,-0.15824418,0.020372033,-0.26619983,-0.07478858,0.03847921,-0.39813602,-0.12802821,0.049397767,-0.4999103,-0.17017491,0.059397936,-0.59161055,-0.19559602,0.06822443,-0.20801151,-0.07972954,0.06891793,-0.2381084,-0.14090621,0.057401955,-0.18129456,-0.15859061,0.05440426,-0.12700635,-0.16436748
-0.053156197,-0.012578726,-0.0571544,-0.07306039,-0.10141873,-0.0827982,-0.015191972,-0.17130834,-0.09769563,0.051431477,-0.20782954,-0.1150766,-0.093287945,-0.2678942,-0.06816326,-0.12145835,-0.40489787,-0.102787234,-0.13940406,-0.508494,-0.13083275,-0.15681183,-0.5962564,-0.15335436,-0.035704553,-0.2881952,-0.06600049,-0.03858286,-0.4325307,-0.098771356,-0.037077248,-0.5415007,-0.12907845,-0.037840307,-0.63734335,-0.14842811,0.015975356,-0.2661456,-0.06765079,0.038015902,-0.39696956,-0.120004356,0.048400998,-0.49762928,-0.16274312,0.058077812,-0.5882915,-0.18882963,0.06297636,-0.20919788,-0.07081769,0.066185355,-0.23455638,-0.1328645,0.055091202,-0.1753875,-0.15246275,0.052416086,-0.121156454,-0.15957022
-0.05444038,-0.011139393,-0.053814966,-0.07692662,-0.09928024,-0.07965411,-0.021634042,-0.16927832,-0.09579619,0.043319225,-0.20605499,-0.11481035,-0.09211764,-0.26681834,-0.06898103,-0.1207844,-0.40410298,-0.10459492,-0.13819945,-0.5090401,-0.133998,-0.15548065,-0.59802806,-0.15753587,-0.034026742,-0.28680933,-0.068486854,-0.037457585,-0.43037784,-0.101250574,-0.037089646,-0.5415891,-0.13215989,-0.039666355,-0.6389719,-0.15264411,0.018024802,-0.2637005,-0.071213976,0.039371252,-0.39591926,-0.121551186,0.04915291,-0.49610382,-0.16301586,0.05818045,-0.58440405,-0.18891895,0.0651958,-0.20586139,-0.07530701,0.06807768,-0.23546195,-0.1352534,0.056274652,-0.18145281,-0.15402696,0.053185225,-0.12989646,-0.16105722
-0.0530563,-0.010410845,-0.051938668,-0.07571018,-0.09929085,-0.07662725,-0.020836532,-0.16900915,-0.09149128,0.04144728,-0.20819426,-0.10941053,-0.09272373,-0.2667827,-0.068850115,-0.11952436,-0.40391278,-0.102410674,-0.13737899,-0.5070617,-0.12950318,-0.15523437,-0.5943574,-0.15155783,-0.03429538,-0.28760374,-0.0692358,-0.0380435,-0.43464166,-0.102268316,-0.038149416,-0.5454185,-0.13280633,-0.040829957,-0.64245635,-0.15267986,0.018284917,-0.26566076,-0.07238925,0.040066063,-0.3998062,-0.123988666,0.05021721,-0.50194776,-0.1663506,0.05929494,-0.59172666,-0.19258943,0.06692296,-0.2088108,-0.07638298,0.06818622,-0.23716623,-0.13673781,0.054755032,-0.18083948,-0.15546115,0.050094426,-0.12655687,-0.16244565
-0.05335194,-0.010878503,-0.0603771,-0.075223446,-0.09493512,-0.090656534,-0.020586014,-0.16330355,-0.1094862,0.042134047,-0.20522398,-0.13077064,-0.09322581,-0.268135,-0.0786658,-0.11973587,-0.40541667,-0.118216164,-0.13847297,-0.5091145,-0.14980134,-0.15628242,-0.5968739,-0.17444338,-0.033774972,-0.28804904,-0.076616354,-0.03752762,-0.4351375,-0.11356284,-0.03722155,-0.5449903,-0.14578041,-0.03956753,-0.6414777,-0.16657889,0.01912129,-0.26569057,-0.07831581,0.03985846,-0.3990173,-0.1335596,0.05035007,-0.49985427,-0.17641903,0.060085773,-0.5902127,-0.20260715,0.06711376,-0.20862776,-0.08164568,0.06861997,-0.23771715,-0.14544787,0.055556417,-0.17975414,-0.16463722,0.05093652,-0.12417823,-0.17129049
-0.055069268,-0.015666127,-0.0571036,-0.07448807,-0.10261011,-0.08507883,-0.019401252,-0.16850209,-0.10229693,0.040204823,-0.21140897,-0.12236914,-0.092350215,-0.2771939,-0.07477783,-0.11870751,-0.417609,-0.11373036,-0.13678822,-0.5239657,-0.14495045,-0.15386623,-0.6139617,-0.16927518,-0.032307863,-0.29613078,-0.074260436,-0.034992516,-0.44353348,-0.11056719,-0.032592297,-0.55483186,-0.14262412,-0.032673955,-0.6527966,-0.16320644,0.021502018,-0.27357894,-0.077407554,0.04092002,-0.40405458,-0.13164224,0.05162686,-0.50770754,-0.1751324,0.06125343,-0.6000975,-0.2020645,0.069512546,-0.21647763,-0.08208046,0.06787485,-0.23862171,-0.14472967,0.051852882,-0.17786455,-0.16378242,0.04508847,-0.11955869,-0.17061563
-0.054136872,-0.016347766,-0.05859286,-0.07502514,-0.10546541,-0.08639776,-0.016800106,-0.17362845,-0.103414,0.047635853,-0.21279287,-0.12304094,-0.09376708,-0.27280462,-0.0713106,-0.11998016,-0.4091758,-0.10807348,-0.13787624,-0.51222104,-0.13790807,-0.15434441,-0.5987972,-0.16161124,-0.034126937,-0.29266763,-0.06968547,-0.03622234,-0.4366142,-0.10508985,-0.035024643,-0.5458288,-0.13710478,-0.035653353,-0.6419902,-0.15766996,0.018785477,-0.27079737,-0.07201326,0.03981775,-0.40037596,-0.1260927,0.048464656,-0.50167763,-0.16961905,0.057402313,-0.59338266,-0.19644016,0.06644738,-0.21467048,-0.07601416,0.06654596,-0.23871773,-0.13995677,0.051459193,-0.1787749,-0.16024475,0.04563898,-0.12385148,-0.1676898
-0.054262757,-0.01611638,-0.056771662,-0.07488674,-0.103918016,-0.08348462,-0.019355059,-0.17247957,-0.09935807,0.043359816,-0.21359462,-0.117645994,-0.091453254,-0.27318376,-0.07137366,-0.1205568,-0.40983123,-0.108977996,-0.13919461,-0.5137612,-0.1389821,-0.15684998,-0.6020653,-0.1624854,-0.032268286,-0.29231876,-0.07079596,-0.035751402,-0.438,-0.10666151,-0.03421074,-0.5484798,-0.13775098,-0.035152733,-0.6462951,-0.15732199,0.02036047,-0.2693078,-0.07415282,0.03984642,-0.3981344,-0.1287574,0.050518274,-0.50119025,-0.17134716,0.06033808,-0.5949642,-0.19689077,0.06810838,-0.21123648,-0.07900328,0.067979574,-0.24059051,-0.14120734,0.053787947,-0.18147135,-0.15908839,0.048360765,-0.1251145,-0.16490023
-0.05340165,-0.01540041,-0.053213514,-0.076247066,-0.10600519,-0.07794461,-0.020935297,-0.17557406,-0.092513196,0.040964425,-0.21506327,-0.10974798,-0.091181904,-0.2758842,-0.06957197,-0.12160522,-0.41657966,-0.10424893,-0.14003566,-0.5221337,-0.13193044,-0.15832114,-0.6114653,-0.15415905,-0.031948626,-0.29453987,-0.07004273,-0.035298765,-0.44430393,-0.10291484,-0.03467536,-0.5569737,-0.13293177,-0.036445796,-0.6558823,-0.15237382,0.020311534,-0.27152884,-0.07381194,0.041482747,-0.40502632,-0.12503208,0.05138409,-0.50924265,-0.16743582,0.05994624,-0.60155237,-0.19371255,0.06858963,-0.21335465,-0.078799784,0.06787312,-0.2455799,-0.13893606,0.052719355,-0.19011879,-0.15733527,0.045311153,-0.13511556,-0.16402008
-0.055281878,-0.016677856,-0.060491428,-0.07415676,-0.10962343,-0.08888158,-0.015206516,-0.1784569,-0.10592736,0.049817264,-0.21881258,-0.12565272,-0.09194076,-0.2759465,-0.075901404,-0.120622724,-0.41707367,-0.1154611,-0.13942283,-0.5241788,-0.1466638,-0.15578637,-0.614295,-0.17091046,-0.03178376,-0.2948268,-0.07381293,-0.03632915,-0.44385427,-0.10954545,-0.03458494,-0.55532736,-0.14082408,-0.033947825,-0.65283906,-0.16088676,0.022040188,-0.27301967,-0.07605969,0.040629208,-0.4052826,-0.13071752,0.049985528,-0.50974715,-0.17514363,0.059510946,-0.6034869,-0.20277834,0.06983882,-0.21701247,-0.08021109,0.06687689,-0.2373504,-0.14499271,0.051198542,-0.17573857,-0.16627005,0.045280576,-0.11923295,-0.17458041
-0.056005,-0.015896559,-0.053542167,-0.077929646,-0.1109308,-0.07752531,-0.01837784,-0.18165928,-0.09173513,0.046321034,-0.21900803,-0.10893398,-0.09497455,-0.27350706,-0.065877214,-0.12158519,-0.41301638,-0.09924008,-0.13958102,-0.51876783,-0.12656873,-0.15669492,-0.6071642,-0.14895493,-0.03591734,-0.2943132,-0.06492361,-0.037508905,-0.43960047,-0.096158974,-0.03578937,-0.55092245,-0.1263,-0.035772264,-0.64769846,-0.1463877,0.016903162,-0.27264982,-0.06741891,0.03866887,-0.4059146,-0.11749892,0.04796225,-0.5085325,-0.16067417,0.056945205,-0.5984403,-0.18807079,0.0655638,-0.21616393,-0.07116923,0.065758586,-0.24272573,-0.13258228,0.050133526,-0.18785208,-0.15390168,0.043076158,-0.13634747,-0.16273595
-0.055110812,-0.013445199,-0.054806586,-0.07669699,-0.108647406,-0.07976072,-0.01785779,-0.17988169,-0.09425061,0.047332704,-0.21785796,-0.11175183,-0.0960601,-0.27333194,-0.0711005,-0.122847915,-0.41383842,-0.10678149,-0.14166284,-0.52003646,-0.13524492,-0.15877187,-0.6096878,-0.15818325,-0.036075234,-0.29386765,-0.070361495,-0.038459897,-0.4407323,-0.103889115,-0.0374642,-0.5527798,-0.13452561,-0.037483633,-0.6510236,-0.1545536,0.017830372,-0.27319312,-0.0730045,0.038690865,-0.406147,-0.12595414,0.048146844,-0.5088949,-0.16972901,0.05730301,-0.60067654,-0.1970252,0.06713992,-0.2170946,-0.076863304,0.06667596,-0.24095649,-0.14024436,0.05027771,-0.18020636,-0.16109075,0.043195248,-0.12427825,-0.1692241
-0.05410856,-0.010032177,-0.051780537,-0.07707846,-0.10240507,-0.07433814,-0.020722449,-0.17239076,-0.08675917,0.04333812,-0.20888573,-0.10200523,-0.09269151,-0.2719298,-0.067626506,-0.121843785,-0.41166118,-0.10180625,-0.13949597,-0.51636994,-0.1292699,-0.15679845,-0.6053784,-0.15141715,-0.033482075,-0.29176283,-0.06806128,-0.036885798,-0.4391719,-0.10059347,-0.036351025,-0.54918385,-0.13018388,-0.038288414,-0.6455166,-0.14914262,0.01927036,-0.2689355,-0.07173041,0.040486753,-0.4004806,-0.12350962,0.050968528,-0.5029855,-0.1662184,0.059572935,-0.5948061,-0.19241919,0.06655437,-0.21003598,-0.07637182,0.06794244,-0.23668575,-0.13680585,0.054428697,-0.17788982,-0.15537061,0.049148202,-0.122100115,-0.16216584
-0.057648838,-0.01550287,-0.074140236,-0.072387815,-0.103013396,-0.10761657,-0.009160757,-0.16707194,-0.12701188,0.05649966,-0.20674074,-0.14842914,-0.09296858,-0.27392554,-0.08667356,-0.11970997,-0.41456902,-0.1315073,-0.13805193,-0.5229322,-0.16871808,-0.15394631,-0.6147472,-0.19688772,-0.031455755,-0.2920004,-0.079388894,-0.034936905,-0.43899933,-0.116869666,-0.032830477,-0.5512092,-0.15152021,-0.03359604,-0.64794,-0.17460275,0.023133576,-0.2703551,-0.07800937,0.040468335,-0.40078133,-0.13467397,0.051561773,-0.5030338,-0.18181454,0.060777962,-0.5977081,-0.21174286,0.070714235,-0.21640503,-0.07994866,0.07008737,-0.23652214,-0.14677122,0.057145715,-0.17672831,-0.1694386,0.051603556,-0.121801674,-0.17902707
-0.05674386,-0.018500745,-0.057209894,-0.075470805,-0.11264956,-0.08329619,-0.016683578,-0.1833176,-0.09881611,0.04712653,-0.22243911,-0.11721396,-0.09290227,-0.2792166,-0.0701629,-0.12087676,-0.41828084,-0.10778008,-0.13970539,-0.52448374,-0.13828166,-0.15699804,-0.6131683,-0.16230783,-0.032149196,-0.29864132,-0.069357984,-0.03499782,-0.4465338,-0.10407532,-0.033519804,-0.5594832,-0.13584082,-0.034089327,-0.65834385,-0.15645015,0.021563172,-0.27654064,-0.07267613,0.03990394,-0.40789157,-0.12593201,0.049578488,-0.51174796,-0.16993375,0.05909252,-0.60486233,-0.19734673,0.06976658,-0.21950608,-0.0777286,0.06560415,-0.24512517,-0.14057724,0.048719943,-0.18642831,-0.16096988,0.04101622,-0.13154846,-0.16890994
-0.057288706,-0.019073844,-0.056953836,-0.074285895,-0.112894535,-0.08386257,-0.0145171285,-0.17974555,-0.100363806,0.050066233,-0.21850252,-0.12004682,-0.09016657,-0.2802832,-0.07073557,-0.117700756,-0.41981298,-0.10926698,-0.1369307,-0.525931,-0.1402422,-0.15345576,-0.61499476,-0.16457328,-0.029386222,-0.30008596,-0.06977629,-0.030935824,-0.44613796,-0.10490304,-0.030168891,-0.55673045,-0.13686961,-0.031009257,-0.6541414,-0.15753949,0.024619758,-0.277582,-0.07286516,0.043474138,-0.40832096,-0.1269267,0.051226854,-0.512111,-0.17182073,0.059510946,-0.6057173,-0.19986284,0.07166022,-0.22001529,-0.07750249,0.065056264,-0.23736525,-0.14193802,0.04586953,-0.17427635,-0.16367349,0.037757397,-0.117622435,-0.1723726
-0.057288706,-0.019073844,-0.056953836,-0.074285895,-0.112894535,-0.08386257,-0.0145171285,-0.17974555,-0.100363806,0.050066233,-0.21850252,-0.12004682,-0.09016657,-0.2802832,-0.07073557,-0.117700756,-0.41981298,-0.10926698,-0.1369307,-0.525931,-0.1402422,-0.15345576,-0.61499476,-0.16457328,-0.029386222,-0.30008596,-0.06977629,-0.030935824,-0.44613796,-0.10490304,-0.030168891,-0.55673045,-0.13686961,-0.031009257,-0.6541414,-0.15753949,0.024619758,-0.277582,-0.07286516,0.043474138,-0.40832096,-0.1269267,0.051226854,-0.512111,-0.17182073,0.059510946,-0.6057173,-0.19986284,0.07166022,-0.22001529,-0.07750249,0.065056264,-0.23736525,-0.14193802,0.04586953,-0.17427635,-0.16367349,0.037757397,-0.117622435,-0.1723726
-0.055737853,-0.0125076175,-0.055041496,-0.07762614,-0.10153395,-0.08225404,-0.022532701,-0.17280054,-0.09950856,0.04089296,-0.21370709,-0.11980234,-0.09182316,-0.27033252,-0.07092125,-0.119900525,-0.40814203,-0.10866272,-0.13878691,-0.5132131,-0.13900234,-0.15612027,-0.6011822,-0.16319685,-0.032772064,-0.2906084,-0.07051425,-0.036053896,-0.4361161,-0.10525112,-0.03521514,-0.54610467,-0.13693139,-0.0358572,-0.6416829,-0.15778738,0.02031535,-0.2685684,-0.0736282,0.040086806,-0.40071997,-0.12652254,0.04762876,-0.50356185,-0.16967247,0.05524671,-0.59394455,-0.19682495,0.068190575,-0.21161252,-0.0780577,0.066121876,-0.23589408,-0.14134741,0.049631417,-0.18054694,-0.16241102,0.0427801,-0.12880307,-0.17081119
-0.055876493,-0.020017743,-0.058189284,-0.07260555,-0.11317986,-0.08465309,-0.012218773,-0.18165761,-0.10077609,0.05188769,-0.22301334,-0.11988719,-0.090976775,-0.28159177,-0.069034405,-0.11967051,-0.42049277,-0.1068371,-0.13949105,-0.52723837,-0.13786145,-0.15738577,-0.6162114,-0.1625306,-0.030778587,-0.3016907,-0.068334125,-0.033531666,-0.449287,-0.10219568,-0.0320912,-0.56289345,-0.1343282,-0.03291279,-0.66138095,-0.15579501,0.022204876,-0.27927125,-0.072214544,0.040806115,-0.4107736,-0.12532076,0.049963772,-0.51475817,-0.1709029,0.058626056,-0.607664,-0.20011298,0.069969475,-0.22219259,-0.07799658,0.06598848,-0.24317175,-0.14279033,0.049119234,-0.1845656,-0.16596107,0.040975034,-0.1309712,-0.17610978
-0.054485142,-0.014172912,-0.05445368,-0.07604614,-0.10575265,-0.07943241,-0.020549953,-0.17556643,-0.09456912,0.04254204,-0.21711707,-0.11267155,-0.0897944,-0.27870703,-0.06653629,-0.11972684,-0.41625178,-0.10292879,-0.13814718,-0.52072513,-0.1330909,-0.15638289,-0.6090938,-0.157096,-0.030126512,-0.29857993,-0.06676872,-0.033937514,-0.44572753,-0.10062158,-0.032853603,-0.55723596,-0.13251382,-0.03501135,-0.6549164,-0.1533149,0.022535086,-0.2753014,-0.07084757,0.04272616,-0.4068856,-0.12290222,0.052403152,-0.50997734,-0.16658348,0.060985506,-0.60232425,-0.19396684,0.069838345,-0.21664596,-0.07638712,0.07213998,-0.24405485,-0.13811578,0.059776545,-0.187832,-0.1582299,0.05542189,-0.13523078,-0.16613823
-0.05477953,-0.013394654,-0.052933518,-0.075834244,-0.10802168,-0.07630193,-0.018912792,-0.17892033,-0.08996232,0.04474175,-0.21992439,-0.10681209,-0.09106037,-0.28117406,-0.065937944,-0.12055072,-0.42133433,-0.10174287,-0.13890186,-0.5281491,-0.13165374,-0.15685117,-0.6183338,-0.15575542,-0.0306288,-0.30039233,-0.06672555,-0.033699274,-0.44783607,-0.100210465,-0.03218448,-0.5600275,-0.13173318,-0.033728004,-0.6577934,-0.15250193,0.022392869,-0.2770537,-0.071260184,0.04192841,-0.40930378,-0.123115264,0.051151216,-0.5121147,-0.16655935,0.05950308,-0.6045053,-0.19395474,0.069981396,-0.21821982,-0.07717816,0.07067084,-0.24674958,-0.13883018,0.056801796,-0.19025594,-0.15885241,0.051070213,-0.13752204,-0.16685848
-0.05570799,-0.013347149,-0.060007535,-0.076557666,-0.106496155,-0.08707505,-0.016710997,-0.1744374,-0.102846526,0.049105763,-0.2141689,-0.12152536,-0.09161398,-0.27914852,-0.073347345,-0.11980033,-0.4154938,-0.112457484,-0.13806337,-0.5197041,-0.14483391,-0.15537465,-0.60854423,-0.17032857,-0.030949235,-0.2986529,-0.07222144,-0.034537613,-0.44619378,-0.107801594,-0.034023464,-0.55836064,-0.14101748,-0.035985827,-0.65780866,-0.1629039,0.02237302,-0.2758863,-0.075502865,0.041975677,-0.40774,-0.13076183,0.051802814,-0.51085764,-0.17653622,0.060777545,-0.60506654,-0.2052319,0.070421934,-0.21823472,-0.08061068,0.07117778,-0.24174494,-0.14568438,0.058479488,-0.18147224,-0.16695161,0.054065883,-0.1267283,-0.17553344
-0.055461824,-0.013474464,-0.062504925,-0.07317096,-0.10358024,-0.09135266,-0.013193548,-0.17183208,-0.108472355,0.051011562,-0.21333742,-0.12815827,-0.092143,-0.27720034,-0.07590241,-0.12159902,-0.41756934,-0.11531326,-0.1405701,-0.52327937,-0.14707346,-0.15772715,-0.6123706,-0.17187668,-0.031146824,-0.29628754,-0.07332158,-0.03369677,-0.44561136,-0.109388635,-0.03331548,-0.55774355,-0.14217956,-0.035074413,-0.6566017,-0.16336565,0.02220577,-0.27338177,-0.07524868,0.04282826,-0.40703687,-0.13061869,0.052208483,-0.5098749,-0.17599611,0.061261356,-0.6032642,-0.20431525,0.06927705,-0.21642655,-0.07921681,0.07065475,-0.23625696,-0.14498973,0.058621347,-0.1755715,-0.16696031,0.05510658,-0.12115353,-0.17572755
-0.058011293,-0.017122269,-0.061312404,-0.07683167,-0.108032286,-0.091967195,-0.017343342,-0.17058295,-0.11117108,0.046497107,-0.21105653,-0.13351698,-0.08859709,-0.27973914,-0.08108464,-0.11747372,-0.4196056,-0.123790875,-0.13681665,-0.525623,-0.15841669,-0.15409148,-0.6154508,-0.18524043,-0.026699483,-0.29765654,-0.08035641,-0.029793978,-0.44666868,-0.11920033,-0.029688537,-0.5591133,-0.15385154,-0.032414436,-0.6578063,-0.1766324,0.027394593,-0.27371973,-0.08376843,0.045732558,-0.40509826,-0.14020434,0.05475223,-0.50872505,-0.18588342,0.06292814,-0.6026218,-0.21490735,0.073842645,-0.21608567,-0.08912715,0.06977016,-0.23414427,-0.15504435,0.053016484,-0.17177975,-0.1763317,0.045532525,-0.115692556,-0.1850421
-0.056996703,-0.01990509,-0.052032303,-0.07374668,-0.12028253,-0.07607404,-0.013997674,-0.18701375,-0.0908529,0.04967439,-0.22414488,-0.10923822,-0.087382406,-0.28414458,-0.06586414,-0.1172207,-0.42468202,-0.10195108,-0.1363036,-0.5317396,-0.13154683,-0.15315926,-0.6205528,-0.15541446,-0.026884794,-0.30315727,-0.06710219,-0.0286268,-0.45074266,-0.10059996,-0.027599812,-0.56161535,-0.13205247,-0.028896332,-0.65732694,-0.1528781,0.026440084,-0.27987683,-0.07204006,0.04571414,-0.4131236,-0.12386625,0.053421736,-0.5173186,-0.1686515,0.061140776,-0.60921586,-0.19749428,0.07268822,-0.22198665,-0.078191824,0.066296756,-0.24138641,-0.14129813,0.047073007,-0.1818909,-0.16352625,0.037902594,-0.12788975,-0.17327005
-0.0530805,-0.011720598,-0.056063607,-0.07347253,-0.1058386,-0.08081523,-0.014613688,-0.17812616,-0.095011875,0.052441537,-0.2158708,-0.1118992,-0.09021479,-0.2765875,-0.0687899,-0.12001154,-0.41565752,-0.104579814,-0.13801306,-0.52124536,-0.13370179,-0.15552497,-0.6102934,-0.15698156,-0.030801892,-0.29596,-0.06791978,-0.034866333,-0.4426167,-0.10120997,-0.03399223,-0.5532601,-0.1314724,-0.035842776,-0.65000725,-0.15105098,0.021649778,-0.27283376,-0.07101523,0.042317927,-0.403674,-0.1235889,0.052367628,-0.5064759,-0.16667137,0.0611915,-0.59901905,-0.19331422,0.068698406,-0.21405172,-0.07565308,0.07117206,-0.24080157,-0.13761301,0.058598638,-0.18258971,-0.15718362,0.053714097,-0.12770426,-0.16463415
-0.0530805,-0.011720598,-0.056063607,-0.07347253,-0.1058386,-0.08081523,-0.014613688,-0.17812616,-0.095011875,0.052441537,-0.2158708,-0.1118992,-0.09021479,-0.2765875,-0.0687899,-0.12001154,-0.41565752,-0.104579814,-0.13801306,-0.52124536,-0.13370179,-0.15552497,-0.6102934,-0.15698156,-0.030801892,-0.29596,-0.06791978,-0.034866333,-0.4426167,-0.10120997,-0.03399223,-0.5532601,-0.1314724,-0.035842776,-0.65000725,-0.15105098,0.021649778,-0.27283376,-0.07101523,0.042317927,-0.403674,-0.1235889,0.052367628,-0.5064759,-0.16667137,0.0611915,-0.59901905,-0.19331422,0.068698406,-0.21405172,-0.07565308,0.07117206,-0.24080157,-0.13761301,0.058598638,-0.18258971,-0.15718362,0.053714097,-0.12770426,-0.16463415
-0.054662585,-0.013035655,-0.056935713,-0.07692078,-0.10151923,-0.084858924,-0.021257162,-0.1695351,-0.102245346,0.04349172,-0.20930552,-0.12268558,-0.090001166,-0.27454448,-0.07424779,-0.11799425,-0.41321445,-0.11352756,-0.13659498,-0.5193427,-0.14553964,-0.15372148,-0.6090151,-0.17072499,-0.030170739,-0.29429108,-0.073681176,-0.033879817,-0.4394452,-0.10995646,-0.033486128,-0.55099595,-0.1426144,-0.035544634,-0.6485641,-0.16403802,0.02313006,-0.27159464,-0.07681696,0.043034017,-0.40221426,-0.13130802,0.052666247,-0.50612736,-0.17559692,0.061025023,-0.5987879,-0.20328374,0.070818424,-0.21399218,-0.08143722,0.070035756,-0.23727417,-0.1455004,0.05444956,-0.17814082,-0.16616367,0.047696054,-0.12212294,-0.17423369
-0.05418849,-0.011701584,-0.05303455,-0.07725632,-0.10313141,-0.077737756,-0.023074567,-0.17298192,-0.09276501,0.04181373,-0.21053034,-0.11102751,-0.09185353,-0.27642316,-0.06845051,-0.12127799,-0.41579178,-0.10594548,-0.13975146,-0.523017,-0.13735862,-0.1570831,-0.61425006,-0.16223922,-0.03267628,-0.29613805,-0.06894161,-0.036518157,-0.44083,-0.10189122,-0.036392152,-0.55263126,-0.1330977,-0.038919926,-0.6516149,-0.1539466,0.020210683,-0.27326685,-0.07299478,0.039242804,-0.40425327,-0.123672694,0.048695683,-0.50661844,-0.16636091,0.057266474,-0.5984087,-0.19350654,0.06758404,-0.21466756,-0.078567386,0.06687671,-0.23839861,-0.13968582,0.05359131,-0.18067622,-0.15962724,0.049132347,-0.12695134,-0.16757798
-0.055501223,-0.014392257,-0.05968019,-0.07880342,-0.105834246,-0.087196775,-0.019993126,-0.17685974,-0.103598386,0.047849596,-0.2153601,-0.12260781,-0.09435758,-0.276802,-0.07214664,-0.12266126,-0.414604,-0.1087499,-0.14090726,-0.5193398,-0.13843903,-0.15790302,-0.6073133,-0.16240878,-0.034376383,-0.2968464,-0.07023935,-0.036526084,-0.44166327,-0.104928106,-0.034496546,-0.5512148,-0.13639317,-0.03442514,-0.64677846,-0.15700702,0.018254757,-0.27455747,-0.07258807,0.038849056,-0.40521517,-0.12648194,0.047751725,-0.5078585,-0.1708854,0.056512475,-0.5997532,-0.19878747,0.065917075,-0.21766967,-0.076774836,0.06480205,-0.24171788,-0.14145784,0.04958725,-0.18245667,-0.16328515,0.043139935,-0.12737542,-0.17221338
-0.05392474,-0.0131165385,-0.052236892,-0.074765205,-0.10732508,-0.074577294,-0.016908765,-0.17607975,-0.086904384,0.04863602,-0.21274787,-0.10223099,-0.089894086,-0.27426898,-0.065507635,-0.119724184,-0.41138792,-0.09971768,-0.13784245,-0.5151682,-0.12776546,-0.15531406,-0.60368717,-0.15035558,-0.030739903,-0.2930931,-0.066101186,-0.034522235,-0.4384848,-0.09843357,-0.03458357,-0.54956996,-0.12895337,-0.036794484,-0.64768994,-0.14875051,0.021770477,-0.27024972,-0.070238456,0.042196155,-0.4022163,-0.12175118,0.05117464,-0.50453234,-0.16502619,0.059205234,-0.59725934,-0.19176835,0.06954205,-0.21183556,-0.075520255,0.069633424,-0.23837543,-0.13598798,0.056571662,-0.1798302,-0.15502143,0.05194509,-0.12496108,-0.16224961
-0.05392474,-0.0131165385,-0.052236892,-0.074765205,-0.10732508,-0.074577294,-0.016908765,-0.17607975,-0.086904384,0.04863602,-0.21274787,-0.10223099,-0.089894086,-0.27426898,-0.065507635,-0.119724184,-0.41138792,-0.09971768,-0.13784245,-0.5151682,-0.12776546,-0.15531406,-0.60368717,-0.15035558,-0.030739903,-0.2930931,-0.066101186,-0.034522235,-0.4384848,-0.09843357,-0.03458357,-0.54956996,-0.12895337,-0.036794484,-0.64768994,-0.14875051,0.021770477,-0.27024972,-0.070238456,0.042196155,-0.4022163,-0.12175118,0.05117464,-0.50453234,-0.16502619,0.059205234,-0.59725934,-0.19176835,0.06954205,-0.21183556,-0.075520255,0.069633424,-0.23837543,-0.13598798,0.056571662,-0.1798302,-0.15502143,0.05194509,-0.12496108,-0.16224961
-0.054139316,-0.013646245,-0.05149498,-0.07573897,-0.10892421,-0.07517349,-0.017541528,-0.1795702,-0.08926698,0.046833456,-0.21874392,-0.1065538,-0.090506464,-0.27602786,-0.06654692,-0.1196509,-0.41583842,-0.10063662,-0.13753915,-0.52129745,-0.12848093,-0.15455973,-0.60991305,-0.15112448,-0.031329036,-0.2949764,-0.06734723,-0.03505534,-0.4412989,-0.099768035,-0.034731448,-0.55125135,-0.13009582,-0.036411703,-0.64716613,-0.15005986,0.021370113,-0.27232558,-0.071386494,0.041552424,-0.4057989,-0.122433335,0.04990059,-0.50892127,-0.165304,0.05815637,-0.60026705,-0.19231373,0.06887108,-0.21485627,-0.07643251,0.06741941,-0.24304312,-0.13746148,0.052409172,-0.18639421,-0.15713085,0.046638608,-0.13236737,-0.1648908
-0.056776762,-0.019002914,-0.06316022,-0.07278815,-0.11292797,-0.092396215,-0.010658741,-0.17969716,-0.10988121,0.055884004,-0.2202295,-0.1301317,-0.0904949,-0.27998728,-0.076913476,-0.11776638,-0.42051363,-0.11830922,-0.13708392,-0.52724266,-0.15143578,-0.15327889,-0.6171812,-0.17699605,-0.029830039,-0.2995128,-0.07377213,-0.03401375,-0.44737142,-0.111306615,-0.033157945,-0.5598167,-0.1447278,-0.03342998,-0.6585448,-0.1661748,0.024527192,-0.2780552,-0.075267255,0.043008387,-0.40673453,-0.13161826,0.05238092,-0.51124436,-0.17790546,0.061525166,-0.6070947,-0.20678097,0.07121062,-0.22231328,-0.078893,0.06802833,-0.23456788,-0.14542657,0.051347196,-0.17021066,-0.16814266,0.044911563,-0.11401713,-0.17734405
-0.05659932,-0.020276189,-0.0648605,-0.07319167,-0.113869786,-0.09386891,-0.010668755,-0.18073636,-0.110748455,0.054929197,-0.22211856,-0.12997021,-0.090663016,-0.2798493,-0.07460022,-0.11925453,-0.41944423,-0.11402739,-0.13764822,-0.52550155,-0.14663106,-0.1538961,-0.6142899,-0.17213303,-0.030107021,-0.2986192,-0.07129209,-0.03542179,-0.4448827,-0.10656348,-0.03571725,-0.55614007,-0.14017402,-0.037688315,-0.6530909,-0.16237636,0.023226738,-0.27657568,-0.073118865,0.040865898,-0.40621844,-0.1282144,0.050357997,-0.5105357,-0.17551893,0.059469104,-0.6053156,-0.20567374,0.070341825,-0.2209301,-0.07731818,0.06806356,-0.23949242,-0.14378098,0.05430579,-0.179367,-0.16716501,0.04897821,-0.12485695,-0.17718162
-0.054639757,-0.015244961,-0.05502596,-0.075339556,-0.106514454,-0.07952295,-0.016708553,-0.1734922,-0.09341654,0.047379255,-0.21223056,-0.11011506,-0.09125665,-0.27510482,-0.06919054,-0.12016621,-0.415099,-0.10547343,-0.13813335,-0.51957303,-0.13501617,-0.15546641,-0.60790324,-0.1585071,-0.031425893,-0.29487735,-0.06938784,-0.03639275,-0.4433988,-0.104068324,-0.0370394,-0.55566037,-0.13631138,-0.040014923,-0.6537088,-0.15715675,0.02125907,-0.27316105,-0.0733296,0.040326178,-0.40539646,-0.12750858,0.049357474,-0.50871634,-0.17251247,0.057366908,-0.6016009,-0.20026273,0.06899464,-0.21615648,-0.07847861,0.068133175,-0.24195439,-0.1416229,0.055638254,-0.18415105,-0.16184084,0.051514745,-0.12924415,-0.16958804
-0.057308733,-0.019670665,-0.062888816,-0.07331234,-0.11219907,-0.090467684,-0.01139468,-0.17494583,-0.105830096,0.054272234,-0.21282142,-0.12363978,-0.08999258,-0.27762198,-0.076793045,-0.116731465,-0.41950178,-0.11819627,-0.13578942,-0.5274323,-0.15237927,-0.15245473,-0.61905444,-0.17858358,-0.029126227,-0.29600704,-0.07401418,-0.03354889,-0.44495332,-0.10918401,-0.033499062,-0.55783355,-0.14231668,-0.035464644,-0.655234,-0.16438514,0.024837554,-0.27426714,-0.07616979,0.042892873,-0.40638572,-0.13065955,0.052616715,-0.5101315,-0.17746307,0.06040901,-0.6047976,-0.20706818,0.07218021,-0.21830577,-0.08052873,0.07024056,-0.23935264,-0.1448138,0.05663085,-0.17996383,-0.16658966,0.050296724,-0.12393367,-0.17569126
-0.054469287,-0.015170813,-0.056816597,-0.07249451,-0.11196303,-0.08079033,-0.012190402,-0.18250078,-0.09405883,0.055673838,-0.21922469,-0.110115916,-0.09069687,-0.27739012,-0.06903051,-0.11908737,-0.41944313,-0.10787218,-0.13676071,-0.5284295,-0.14064327,-0.15310898,-0.6212118,-0.16621634,-0.030720651,-0.29763186,-0.06764979,-0.03472036,-0.4443318,-0.10194857,-0.0348047,-0.5580683,-0.13490777,-0.037519038,-0.6579311,-0.15649734,0.023007452,-0.2759297,-0.07038618,0.04124564,-0.40804362,-0.12446986,0.052050173,-0.50972193,-0.16975662,0.061179638,-0.60295886,-0.19755664,0.07135695,-0.21895647,-0.07467608,0.07087475,-0.24363059,-0.13801351,0.05914402,-0.18469644,-0.15847102,0.055808246,-0.13115358,-0.16620696
-0.054350257,-0.013199568,-0.057200525,-0.076459736,-0.10364717,-0.08473952,-0.019779086,-0.17353195,-0.101581216,0.04780674,-0.21264362,-0.121286765,-0.09036511,-0.2724716,-0.07244368,-0.11904028,-0.40932855,-0.111240864,-0.13866621,-0.513533,-0.14270847,-0.15633148,-0.6020028,-0.16762914,-0.031677723,-0.29259032,-0.070744835,-0.036569893,-0.43632773,-0.10685903,-0.036899805,-0.5444602,-0.13868558,-0.039312303,-0.63956994,-0.15928671,0.021258593,-0.27054125,-0.0728592,0.040070415,-0.40062848,-0.1275552,0.04807329,-0.5022063,-0.17068711,0.055793703,-0.59360135,-0.19715734,0.06769574,-0.2138406,-0.076435,0.06452358,-0.23744816,-0.140941,0.049427807,-0.17755759,-0.16146652,0.044439554,-0.12287575,-0.16912292
-0.050359547,-0.01383996,-0.056950755,-0.069343686,-0.10429108,-0.08311989,-0.013184071,-0.17370981,-0.098777205,0.05520338,-0.21094722,-0.11704564,-0.08992949,-0.26950622,-0.0708864,-0.118566304,-0.41050595,-0.10945942,-0.13658726,-0.51685655,-0.14067969,-0.15244794,-0.6076547,-0.16491005,-0.032068253,-0.29034567,-0.0690312,-0.0366354,-0.4377881,-0.103571236,-0.037633598,-0.55083835,-0.13497728,-0.04061693,-0.65123314,-0.15510371,0.020962536,-0.26876765,-0.070932075,0.040216625,-0.39978957,-0.12345484,0.049277604,-0.50012904,-0.16572654,0.05798757,-0.59247524,-0.19146065,0.06742507,-0.21185106,-0.074571565,0.06618327,-0.23254025,-0.13668284,0.052274942,-0.17167151,-0.1559503,0.048659384,-0.11745483,-0.16262695
-0.049363554,-0.0103318095,-0.048868127,-0.07191765,-0.098113656,-0.07330035,-0.01804179,-0.16472119,-0.08907857,0.048558056,-0.19919789,-0.10822249,-0.08635944,-0.26198226,-0.06767196,-0.11536592,-0.4000041,-0.10228388,-0.13252497,-0.5030831,-0.1305383,-0.14894423,-0.5915358,-0.15353625,-0.029797614,-0.28235596,-0.06887152,-0.034112096,-0.42706776,-0.10164632,-0.03549993,-0.5370886,-0.13262174,-0.039370358,-0.63425505,-0.15327333,0.02190429,-0.2597847,-0.07237698,0.043090522,-0.39346462,-0.1224069,0.051646113,-0.4916131,-0.16353838,0.059167325,-0.57837677,-0.18929179,0.06855911,-0.20299947,-0.07660438,0.068808615,-0.22932339,-0.13619742,0.055575192,-0.17485577,-0.15520684,0.052023828,-0.12397647,-0.16258076
-0.053030133,-0.014332414,-0.051958375,-0.07486981,-0.10462636,-0.07650581,-0.019188106,-0.17369401,-0.09147741,0.045130074,-0.21411389,-0.109382436,-0.08993876,-0.27241933,-0.0679251,-0.118038535,-0.4119771,-0.104042456,-0.13566825,-0.5181777,-0.13361433,-0.15244904,-0.60906136,-0.15719385,-0.031392157,-0.2930978,-0.06873436,-0.035610497,-0.44020015,-0.102012806,-0.036112666,-0.55325425,-0.13317095,-0.039096713,-0.6533981,-0.15366234,0.021742105,-0.27142727,-0.072778314,0.041880965,-0.4032843,-0.12412294,0.052350998,-0.5055635,-0.16687112,0.060965538,-0.5968635,-0.19349083,0.07025689,-0.21404725,-0.07801389,0.06978589,-0.23995358,-0.138559,0.05486685,-0.18212634,-0.1578632,0.048490584,-0.12708628,-0.16523321
-0.052773714,-0.014710903,-0.05100462,-0.07222301,-0.11199999,-0.07281263,-0.013582945,-0.18186325,-0.08533554,0.054187715,-0.21650225,-0.10114915,-0.08876011,-0.27411175,-0.06398447,-0.11770958,-0.4138707,-0.098213956,-0.13476914,-0.5204213,-0.1268673,-0.15080935,-0.61036944,-0.149918,-0.030041039,-0.29479778,-0.06381303,-0.03375262,-0.438322,-0.09571613,-0.033677876,-0.54859835,-0.12596352,-0.036701858,-0.6454943,-0.14572898,0.02255547,-0.27333623,-0.06696779,0.042470813,-0.4039238,-0.11655449,0.051635146,-0.5035485,-0.15860243,0.059723973,-0.5929693,-0.18471582,0.069176435,-0.2168712,-0.071339995,0.069373846,-0.24316144,-0.130447,0.05746144,-0.1869691,-0.14968528,0.054733276,-0.13445443,-0.1571289
-0.05333954,-0.018519282,-0.060061976,-0.070608675,-0.108842194,-0.08691697,-0.01184243,-0.17342603,-0.102367535,0.055193543,-0.21032065,-0.12064478,-0.087787,-0.27213442,-0.0736932,-0.11557767,-0.41135892,-0.114374384,-0.13395205,-0.5183244,-0.1480385,-0.14967945,-0.60951585,-0.17361403,-0.028142154,-0.29250044,-0.07062905,-0.032054245,-0.43745708,-0.10601614,-0.03245443,-0.54940176,-0.1388186,-0.03576678,-0.64876497,-0.1598574,0.024471283,-0.27248383,-0.07191622,0.040995955,-0.40197924,-0.12609823,0.0507465,-0.50273794,-0.17070566,0.05845779,-0.595183,-0.19781081,0.07003164,-0.2186141,-0.07508656,0.06761712,-0.23884392,-0.13797851,0.056591988,-0.17764074,-0.15771635,0.05467373,-0.12094331,-0.16476567
-0.052847624,-0.013704717,-0.051132046,-0.0733999,-0.103147745,-0.075578466,-0.017421424,-0.17094994,-0.09088039,0.047384262,-0.20728594,-0.10929398,-0.08911154,-0.26998407,-0.06814472,-0.11873272,-0.41211504,-0.104886934,-0.13512531,-0.52035344,-0.13514374,-0.15134797,-0.61289954,-0.15897855,-0.030708253,-0.29007792,-0.06931588,-0.034784377,-0.43745345,-0.10302007,-0.03465581,-0.5513003,-0.13410713,-0.037878394,-0.6513717,-0.15429395,0.021758914,-0.26716274,-0.073525056,0.041139364,-0.39943343,-0.124129765,0.051555514,-0.50088644,-0.16528663,0.05997455,-0.5912702,-0.19059667,0.06906533,-0.20873171,-0.07895719,0.07040846,-0.23885953,-0.13780518,0.05800283,-0.18405169,-0.15517029,0.05417615,-0.13145643,-0.16114402
-0.05183512,-0.0104602575,-0.051917285,-0.07437402,-0.10045028,-0.07611438,-0.01793611,-0.17101502,-0.09082759,0.04911548,-0.20641416,-0.108592436,-0.08962613,-0.2664653,-0.06895144,-0.11886352,-0.40534133,-0.10538135,-0.13577077,-0.5107537,-0.13557392,-0.1523067,-0.60146797,-0.159624,-0.032568395,-0.2859984,-0.068843,-0.037482023,-0.43003035,-0.10198844,-0.03819567,-0.54213125,-0.13296212,-0.041415155,-0.64125735,-0.1534581,0.019240975,-0.26350594,-0.07171577,0.039637804,-0.39373296,-0.12245807,0.04935783,-0.49395472,-0.16336127,0.057748795,-0.5839024,-0.18855923,0.06621271,-0.20577425,-0.075810835,0.06711161,-0.23665494,-0.13556862,0.05464816,-0.18180466,-0.15326427,0.05117023,-0.12993044,-0.15940091
-0.05521667,-0.018234253,-0.057890587,-0.073783875,-0.110856414,-0.08362071,-0.014002323,-0.17983878,-0.09826437,0.05152929,-0.21681464,-0.115494154,-0.09134826,-0.27631646,-0.07236664,-0.12054849,-0.4188379,-0.11064155,-0.1395095,-0.5258424,-0.14124264,-0.15629825,-0.6156634,-0.16477779,-0.03154415,-0.2945546,-0.07031003,-0.036098957,-0.44422516,-0.10467918,-0.037094474,-0.5566786,-0.13540629,-0.039513648,-0.6541208,-0.15481743,0.021772861,-0.2720914,-0.07231873,0.041021705,-0.4061383,-0.12562197,0.05011344,-0.50978255,-0.16941155,0.058231533,-0.6024251,-0.19600146,0.06846321,-0.21464866,-0.07597889,0.068826675,-0.24130768,-0.138359,0.0561893,-0.18228358,-0.15800864,0.05205041,-0.12624615,-0.1649822
-0.05521667,-0.018234253,-0.057890587,-0.073783875,-0.110856414,-0.08362071,-0.014002323,-0.17983878,-0.09826437,0.05152929,-0.21681464,-0.115494154,-0.09134826,-0.27631646,-0.07236664,-0.12054849,-0.4188379,-0.11064155,-0.1395095,-0.5258424,-0.14124264,-0.15629825,-0.6156634,-0.16477779,-0.03154415,-0.2945546,-0.07031003,-0.036098957,-0.44422516,-0.10467918,-0.037094474,-0.5566786,-0.13540629,-0.039513648,-0.6541208,-0.15481743,0.021772861,-0.2720914,-0.07231873,0.041021705,-0.4061383,-0.12562197,0.05011344,-0.50978255,-0.16941155,0.058231533,-0.6024251,-0.19600146,0.06846321,-0.21464866,-0.07597889,0.068826675,-0.24130768,-0.138359,0.0561893,-0.18228358,-0.15800864,0.05205041,-0.12624615,-0.1649822
-0.05398947,-0.018869638,-0.063373104,-0.06906611,-0.11209297,-0.088547006,-0.0063517094,-0.17876065,-0.10142392,0.060972452,-0.21618211,-0.116613925,-0.09039548,-0.27705753,-0.07217093,-0.11755639,-0.41904506,-0.11184245,-0.13564706,-0.5272776,-0.14498818,-0.15157402,-0.6192805,-0.17036471,-0.03036964,-0.29668754,-0.06833753,-0.034548163,-0.44403347,-0.10220634,-0.035334527,-0.55802715,-0.13524513,-0.037965894,-0.65779495,-0.15675434,0.022744715,-0.2758119,-0.06963062,0.04095459,-0.40792763,-0.1240314,0.051352978,-0.51054317,-0.17083582,0.060061038,-0.6059286,-0.19974202,0.07018602,-0.21929926,-0.073210396,0.06972456,-0.2412399,-0.13788015,0.059168637,-0.18125409,-0.15963295,0.055867314,-0.12559485,-0.16811599
-0.055894315,-0.016581833,-0.067563824,-0.072616935,-0.11050099,-0.09597065,-0.010245323,-0.17777056,-0.11103097,0.057801068,-0.21787983,-0.12847054,-0.088403046,-0.2792521,-0.07885268,-0.11647326,-0.41815034,-0.12078013,-0.13564798,-0.52390116,-0.15528478,-0.1519193,-0.61334336,-0.18160823,-0.027127028,-0.2974462,-0.07402834,-0.03265792,-0.4449454,-0.110164165,-0.033963084,-0.5559715,-0.14335456,-0.03693354,-0.6528039,-0.1649727,0.026070237,-0.2760964,-0.07476294,0.042648494,-0.40456057,-0.1313163,0.05077398,-0.50667274,-0.17849673,0.058246613,-0.6021129,-0.20794061,0.0719412,-0.22058588,-0.07810338,0.068746924,-0.2378074,-0.14509928,0.05542016,-0.17404741,-0.16770148,0.050316215,-0.11651546,-0.17693216
-0.055240452,-0.016256034,-0.06926302,-0.07168198,-0.10674113,-0.10174145,-0.010551393,-0.1754595,-0.121150404,0.056652248,-0.22002959,-0.14296368,-0.091285974,-0.27832735,-0.08439912,-0.11935806,-0.41921943,-0.12793551,-0.13900957,-0.52608454,-0.16262831,-0.15581703,-0.6160464,-0.18915224,-0.03001231,-0.29647446,-0.0800724,-0.035559833,-0.4472825,-0.118904874,-0.0357126,-0.5612745,-0.15241146,-0.037407994,-0.6596985,-0.17401978,0.024296224,-0.2742262,-0.08110309,0.040951014,-0.4060312,-0.13969804,0.050102234,-0.5091354,-0.18588184,0.0594005,-0.60394335,-0.21451226,0.071573555,-0.21846181,-0.08484616,0.069215596,-0.23801374,-0.15398191,0.054659426,-0.1728847,-0.1766451,0.04963994,-0.114498496,-0.1855957
-0.05662954,-0.017120242,-0.071078874,-0.07299256,-0.10936004,-0.0992308,-0.009698927,-0.1770007,-0.113124624,0.05738896,-0.21860516,-0.12879345,-0.09370929,-0.2782377,-0.08010613,-0.12205306,-0.41846478,-0.12221773,-0.14132103,-0.5259122,-0.15654957,-0.15762037,-0.61719894,-0.18258025,-0.032448947,-0.29601896,-0.07415015,-0.03782344,-0.44586158,-0.109037854,-0.038938105,-0.5607997,-0.14146346,-0.04104501,-0.66059375,-0.1626342,0.021103024,-0.2742219,-0.07445325,0.03805417,-0.40445462,-0.13123317,0.04801017,-0.50640535,-0.17874095,0.056976557,-0.60319495,-0.2080762,0.06894016,-0.21698421,-0.07778272,0.06718451,-0.23909754,-0.14546046,0.0550555,-0.17592132,-0.16832316,0.049870312,-0.11835849,-0.17746922
-0.0543862,-0.0136425495,-0.054816745,-0.07704422,-0.106921315,-0.0794221,-0.02097547,-0.18132722,-0.09361237,0.04353851,-0.22269583,-0.11051655,-0.092886865,-0.27773738,-0.06830651,-0.12348777,-0.41553977,-0.10422142,-0.14324272,-0.51995504,-0.13329837,-0.16145521,-0.6074719,-0.15644044,-0.033530354,-0.29678,-0.068211585,-0.039703667,-0.44381166,-0.1014882,-0.04048395,-0.55572,-0.1317305,-0.042844236,-0.6528691,-0.15145707,0.019091308,-0.27415657,-0.072078295,0.03761345,-0.4050788,-0.12407266,0.045690775,-0.50881493,-0.16728382,0.053947866,-0.6016474,-0.19429688,0.06665659,-0.21629083,-0.077470094,0.065282464,-0.24524897,-0.13919455,0.051519632,-0.18769705,-0.15918116,0.046593487,-0.13346696,-0.16707043
-0.05226302,-0.014614582,-0.052839093,-0.07280198,-0.10722375,-0.07841792,-0.018215,-0.17568833,-0.094127156,0.045529366,-0.21573901,-0.11288818,-0.08685851,-0.27516216,-0.06942705,-0.11831406,-0.41242945,-0.10683927,-0.13796633,-0.5165836,-0.13700968,-0.1565808,-0.6041581,-0.16072245,-0.028722167,-0.2944888,-0.06995144,-0.035836935,-0.4414147,-0.10481189,-0.038203955,-0.5514243,-0.13596497,-0.04308057,-0.6479864,-0.15580751,0.023430765,-0.27206063,-0.07384274,0.0404557,-0.40174836,-0.12670377,0.048697054,-0.50586325,-0.16973446,0.05663097,-0.59895766,-0.19618072,0.069725096,-0.21502292,-0.07884261,0.066972315,-0.23808217,-0.14058441,0.053107023,-0.17790496,-0.15961756,0.04922819,-0.12228525,-0.16647081
-0.05366105,-0.014833808,-0.060271002,-0.07312095,-0.10478473,-0.08876277,-0.015784323,-0.17528188,-0.10564616,0.050701916,-0.21647489,-0.12491425,-0.0898346,-0.27329332,-0.074874155,-0.12000203,-0.41054004,-0.11334618,-0.14055455,-0.51407206,-0.14380519,-0.15932417,-0.60142875,-0.1674659,-0.03196299,-0.29266667,-0.0719026,-0.03868246,-0.439603,-0.10784382,-0.04104948,-0.5494529,-0.1392995,-0.04486066,-0.64633596,-0.15895377,0.01998645,-0.27063662,-0.0728904,0.038643956,-0.40140307,-0.12817189,0.047525644,-0.5047745,-0.17171691,0.055735588,-0.5978797,-0.19774278,0.06648755,-0.21312016,-0.07550311,0.064962804,-0.23802662,-0.13958187,0.05136156,-0.17624927,-0.15898985,0.046912074,-0.118349314,-0.1654179
-0.051635265,-0.012527108,-0.058858205,-0.07069838,-0.1023556,-0.08522259,-0.015320301,-0.17464852,-0.10046769,0.051039994,-0.21577173,-0.11794845,-0.0906297,-0.26945263,-0.07088853,-0.12194511,-0.40824398,-0.10830473,-0.14148414,-0.51374006,-0.13762721,-0.15810704,-0.60315144,-0.1603536,-0.032847226,-0.29018855,-0.068134926,-0.038271964,-0.43774724,-0.10174034,-0.040017188,-0.54917115,-0.1314771,-0.04274285,-0.64875597,-0.15001364,0.0192585,-0.2685082,-0.069561414,0.039011598,-0.3991608,-0.12254104,0.048143625,-0.49935892,-0.16458853,0.05726874,-0.59059644,-0.18964309,0.06588143,-0.2104603,-0.072891735,0.065481246,-0.23276728,-0.1359909,0.05262935,-0.17087257,-0.155789,0.04916489,-0.1150043,-0.16241938
-0.054476738,-0.015926003,-0.053639706,-0.074335456,-0.110161066,-0.07716748,-0.0152721405,-0.18211538,-0.09077772,0.050198793,-0.22067297,-0.1072984,-0.08933157,-0.27792782,-0.06593857,-0.11956075,-0.4169411,-0.100776866,-0.13869599,-0.5227413,-0.12908305,-0.15635085,-0.6110654,-0.1516635,-0.030421257,-0.2976244,-0.066062555,-0.03601986,-0.44669235,-0.09809478,-0.037278056,-0.5595827,-0.12787037,-0.040326774,-0.65748465,-0.14711328,0.02210027,-0.27468628,-0.06998461,0.042565584,-0.40626162,-0.12081573,0.051458538,-0.5099431,-0.16362229,0.059917927,-0.6015464,-0.19024852,0.069244444,-0.21537423,-0.07538095,0.06982428,-0.24239206,-0.13628297,0.05643183,-0.18521535,-0.15600935,0.051541507,-0.13070673,-0.16357782
-0.054166257,-0.01967007,-0.055012736,-0.06940746,-0.11613673,-0.079003006,-0.009852886,-0.18540907,-0.09275907,0.05421275,-0.22589695,-0.10949637,-0.08878392,-0.28033435,-0.06609912,-0.11837649,-0.42029098,-0.10209593,-0.136599,-0.52649575,-0.13132922,-0.1538313,-0.6156141,-0.15427485,-0.02904147,-0.29917365,-0.06637265,-0.03380674,-0.45111898,-0.098728225,-0.03431827,-0.56550133,-0.12887228,-0.037415802,-0.66598254,-0.14817089,0.023735046,-0.27581882,-0.07083147,0.0423581,-0.40855783,-0.122804336,0.05180818,-0.5124455,-0.16594209,0.06117183,-0.6062039,-0.192391,0.07088834,-0.21624345,-0.07689657,0.07000852,-0.24351758,-0.13909887,0.057829857,-0.18411511,-0.15864904,0.054326773,-0.12913013,-0.16570716
-0.05343616,-0.017162979,-0.052392803,-0.07307914,-0.11145437,-0.07658487,-0.014351904,-0.1803053,-0.09087075,0.050607383,-0.21751875,-0.1084201,-0.08914843,-0.27445817,-0.069000915,-0.11896446,-0.41559297,-0.10455367,-0.13803661,-0.5208096,-0.13317508,-0.15587968,-0.6097803,-0.1560151,-0.029971361,-0.29398376,-0.06934163,-0.035728216,-0.4425298,-0.10249337,-0.03811288,-0.55527073,-0.13307427,-0.042580128,-0.65410465,-0.15282616,0.022875667,-0.27131313,-0.07284874,0.041897357,-0.40283185,-0.1250494,0.05033368,-0.50776315,-0.168638,0.058294713,-0.600459,-0.19558483,0.06957716,-0.21322215,-0.077365376,0.067415774,-0.23759288,-0.13992493,0.053227007,-0.17853737,-0.16000588,0.048648,-0.12302488,-0.1675039
-0.05474341,-0.018299282,-0.05643892,-0.07161063,-0.11533117,-0.08062163,-0.012936294,-0.1856156,-0.09423301,0.05423087,-0.22349644,-0.11078,-0.09208143,-0.2790333,-0.06754226,-0.12062764,-0.41961,-0.10530757,-0.13888574,-0.52751064,-0.13616551,-0.1547921,-0.6181011,-0.16025223,-0.03208196,-0.2997834,-0.0669507,-0.03778249,-0.44879556,-0.10015269,-0.03835666,-0.5629494,-0.13166861,-0.0406605,-0.6627584,-0.15204073,0.022150218,-0.2785877,-0.070677646,0.03957367,-0.40888566,-0.12443347,0.04890293,-0.51333976,-0.17013477,0.057833374,-0.6075846,-0.19839288,0.07042986,-0.22128588,-0.07597311,0.06651324,-0.23969185,-0.14036027,0.05259967,-0.17707086,-0.16198328,0.048297226,-0.12015194,-0.17049605
-0.054258466,-0.017419517,-0.056150623,-0.07173771,-0.11414403,-0.0807547,-0.01197809,-0.182639,-0.09475566,0.055226564,-0.22079319,-0.11185993,-0.09068963,-0.27833527,-0.06999691,-0.11909646,-0.41979748,-0.10829007,-0.13804656,-0.5270555,-0.13973133,-0.15524185,-0.6176415,-0.16443461,-0.03084284,-0.2974248,-0.06949148,-0.036112845,-0.44515654,-0.103205234,-0.036705375,-0.55743676,-0.13443355,-0.039233148,-0.65515983,-0.15487956,0.022627354,-0.27447897,-0.073154,0.03947693,-0.40415132,-0.12634481,0.048206627,-0.5078081,-0.17061594,0.057226658,-0.60210574,-0.1982948,0.06972879,-0.21595198,-0.07843519,0.06547588,-0.23643798,-0.14227922,0.05155605,-0.17530006,-0.16310912,0.047162354,-0.120505214,-0.17128162
-0.05511105,-0.015683413,-0.05416459,-0.0744583,-0.113655806,-0.07774591,-0.016142905,-0.18676043,-0.09147571,0.05203551,-0.22532654,-0.10836231,-0.09242079,-0.2792216,-0.06656957,-0.122087896,-0.4205981,-0.1038424,-0.1402567,-0.52986974,-0.13479923,-0.15656158,-0.62188053,-0.15925074,-0.032735765,-0.30010188,-0.06652799,-0.037285507,-0.44678694,-0.09878284,-0.037629128,-0.5611501,-0.12958272,-0.040693164,-0.6607424,-0.15005481,0.020902693,-0.27842635,-0.07052377,0.0388245,-0.40890855,-0.12135049,0.047903955,-0.51238596,-0.16477863,0.056257606,-0.6048546,-0.19222666,0.068139255,-0.22062397,-0.0762094,0.06500584,-0.24298638,-0.13788109,0.051080585,-0.18396544,-0.15848044,0.046536505,-0.1294502,-0.16682382
-0.054235935,-0.017115474,-0.058708876,-0.072006226,-0.11313522,-0.08579329,-0.013297856,-0.18542427,-0.101845786,0.05212581,-0.22809064,-0.1208236,-0.09266111,-0.27976614,-0.07269968,-0.120770544,-0.41999146,-0.11109286,-0.14042816,-0.5265486,-0.14196567,-0.15794134,-0.6156877,-0.1662991,-0.033005595,-0.29949695,-0.07139728,-0.038684547,-0.4483098,-0.10635642,-0.038776338,-0.5623629,-0.13796249,-0.040463388,-0.6615567,-0.15864177,0.02079326,-0.27786547,-0.07434158,0.038059115,-0.40894908,-0.12875797,0.047480166,-0.513523,-0.1734403,0.05762744,-0.6067705,-0.20152305,0.06861502,-0.2217322,-0.079090275,0.06454104,-0.24061853,-0.14500606,0.048722684,-0.17865646,-0.16741826,0.043100595,-0.122595966,-0.17655736
-0.053227127,-0.017475724,-0.048945706,-0.0725503,-0.11712766,-0.07019182,-0.015940905,-0.1882298,-0.08285397,0.04801929,-0.22596723,-0.09905545,-0.09090558,-0.27922523,-0.060483035,-0.121121675,-0.41949737,-0.09554724,-0.1385378,-0.5280907,-0.12572865,-0.15554991,-0.61981624,-0.14983603,-0.031585038,-0.29935062,-0.06278082,-0.035440862,-0.44606695,-0.094050765,-0.036268413,-0.5611335,-0.12544946,-0.04049468,-0.66265404,-0.14637886,0.02134198,-0.2776777,-0.06851744,0.03813398,-0.4088477,-0.11760859,0.047571182,-0.5116422,-0.16010387,0.05649823,-0.6037882,-0.18709059,0.06888676,-0.22163099,-0.075572364,0.06592214,-0.24785835,-0.13525018,0.052644193,-0.19074368,-0.15435772,0.048923373,-0.1381141,-0.16181287
-0.052815676,-0.01457876,-0.052112676,-0.07457459,-0.11184591,-0.07534874,-0.01754433,-0.18215495,-0.089023314,0.049168468,-0.21949142,-0.10610522,-0.089637846,-0.2755655,-0.066081524,-0.12044096,-0.41409886,-0.10129328,-0.13822141,-0.51922226,-0.13051537,-0.15458047,-0.60840535,-0.1542434,-0.030037284,-0.2951852,-0.067153715,-0.03518659,-0.44073296,-0.09991383,-0.036464095,-0.5520316,-0.13138554,-0.039987743,-0.6500591,-0.15234096,0.022911906,-0.27280134,-0.0717303,0.041110873,-0.40305972,-0.12343944,0.049433053,-0.50495636,-0.16741414,0.057846367,-0.5965428,-0.19530742,0.07018936,-0.21633255,-0.07755299,0.065883994,-0.2385481,-0.14053607,0.052042365,-0.17887175,-0.16188234,0.047743797,-0.12560403,-0.17082371
-0.053261757,-0.013091564,-0.054686733,-0.07755861,-0.10429752,-0.07953886,-0.024601161,-0.17426795,-0.09415229,0.04151869,-0.21517718,-0.11192002,-0.09159076,-0.2710911,-0.06775851,-0.122599244,-0.40773004,-0.10473678,-0.14109373,-0.5125478,-0.13500042,-0.15805206,-0.6023713,-0.1593161,-0.03189957,-0.29086798,-0.0687039,-0.037173808,-0.43656725,-0.10243969,-0.039135933,-0.5481711,-0.13474107,-0.04294169,-0.64797,-0.15615281,0.021135509,-0.2694168,-0.07355311,0.037149966,-0.39752024,-0.12726158,0.044021785,-0.498162,-0.17189349,0.051602364,-0.5904497,-0.19991818,0.06930065,-0.21365625,-0.07986649,0.06059605,-0.23177719,-0.14521836,0.04629785,-0.16801894,-0.16691655,0.04249394,-0.11212736,-0.17562574
-0.052375823,-0.014984131,-0.061699584,-0.090269685,-0.087530494,-0.10039311,-0.05460596,-0.14432776,-0.12758313,0.007116556,-0.17907536,-0.15958771,-0.05867502,-0.26582807,-0.10421786,-0.083648086,-0.38977015,-0.15561648,-0.102776855,-0.48455352,-0.1958256,-0.11905712,-0.56718147,-0.22584157,0.0024607778,-0.26937848,-0.1058677,0.0015995502,-0.41155493,-0.15628608,-0.004061997,-0.5123426,-0.19690344,-0.00892061,-0.6032845,-0.22262798,0.051473796,-0.23318446,-0.10936925,0.047265828,-0.3515743,-0.17573537,0.03566885,-0.44482538,-0.22134948,0.033151865,-0.5340039,-0.2478947,0.08412051,-0.17146778,-0.11367908,0.0438388,-0.17647982,-0.18378995,0.016646385,-0.124411225,-0.20407593,0.01155591,-0.080100894,-0.21126539
-0.063198835,-0.025477946,-0.05495591,-0.112728655,-0.11166167,-0.08527939,-0.07314548,-0.1655758,-0.106080316,-0.002970457,-0.18069917,-0.13187082,-0.06460935,-0.28675312,-0.090735674,-0.09445888,-0.42300832,-0.14063008,-0.11509025,-0.52664334,-0.17827684,-0.13115752,-0.61438006,-0.20552035,-0.004602194,-0.28789902,-0.09521446,-0.008049786,-0.44312024,-0.14015967,-0.012396336,-0.55427647,-0.17622472,-0.013722479,-0.6521512,-0.19889778,0.041611373,-0.24937528,-0.10274296,0.034024596,-0.3654051,-0.16670653,0.019352317,-0.46219477,-0.2161536,0.014151394,-0.5516888,-0.24494,0.07038909,-0.18425381,-0.110954516,0.025497854,-0.18681675,-0.17932709,-0.0035132766,-0.13082707,-0.20255724,-0.0114581585,-0.080465555,-0.21249995
-0.05489877,-0.0270679,-0.03874219,-0.10139838,-0.10422236,-0.06602738,-0.082920045,-0.15012485,-0.089303374,-0.02038914,-0.15415424,-0.11809766,-0.0474104,-0.28321362,-0.07279775,-0.07757878,-0.40988356,-0.11430193,-0.093557835,-0.50978905,-0.14727928,-0.105882615,-0.5921585,-0.17266719,0.00834769,-0.27800906,-0.085905395,0.014103174,-0.41917756,-0.12413792,0.0107783675,-0.5277127,-0.15599228,0.0042726994,-0.619174,-0.1769597,0.05252993,-0.2309891,-0.101466276,0.049349487,-0.34050417,-0.15399587,0.0272398,-0.42560238,-0.19676444,0.012537658,-0.49946287,-0.22242907,0.079814255,-0.15598708,-0.11736484,0.027231157,-0.17777056,-0.17353144,-0.017203331,-0.14284521,-0.19498469,-0.043226004,-0.10931796,-0.20578332
-0.05209604,-0.028177798,-0.040156238,-0.09736967,-0.09521711,-0.07200318,-0.09667039,-0.14043528,-0.09990613,-0.045163333,-0.15553707,-0.1330717,-0.044785023,-0.28056926,-0.07852732,-0.07116142,-0.40815353,-0.123869345,-0.090243846,-0.5105671,-0.15997967,-0.10385707,-0.59185064,-0.18724875,0.008713424,-0.27092314,-0.091381095,0.018934608,-0.41132712,-0.1333496,0.01663369,-0.51706743,-0.16589512,0.011392534,-0.6024455,-0.18718289,0.052329004,-0.22272688,-0.10648202,0.0499928,-0.3334002,-0.15914224,0.02684182,-0.4158606,-0.19767272,0.010471523,-0.4858085,-0.22079681,0.07930505,-0.14926422,-0.122179374,0.028894186,-0.16644889,-0.17659484,-0.014646232,-0.13884252,-0.19599277,-0.041890383,-0.1133821,-0.2055867
-0.05657801,0.014282346,-0.09866011,-0.095978886,-0.012049317,-0.17080957,-0.11411595,-0.0370965,-0.22767301,-0.08244118,-0.05056238,-0.28530166,-0.060729742,-0.18768138,-0.16580954,-0.093879044,-0.3330698,-0.22422695,-0.11680058,-0.43219525,-0.25929126,-0.12767696,-0.5087066,-0.28129113,-0.014641523,-0.21501714,-0.13530356,-0.015108883,-0.35820574,-0.18564963,-0.012197852,-0.45996135,-0.2066646,-0.009865522,-0.54083914,-0.21824406,0.017608523,-0.2181229,-0.10815738,-0.0051133633,-0.3189007,-0.14632145,-0.035535753,-0.33991724,-0.1580659,-0.055559397,-0.3449286,-0.16111325,0.027750373,-0.20975381,-0.08832529,-0.006890774,-0.27739114,-0.11850033,-0.038687706,-0.29328755,-0.1297897,-0.057003677,-0.29236928,-0.13403408
-0.043319404,0.030081749,-0.101638086,-0.08185738,0.031097174,-0.17610711,-0.1004096,0.02440393,-0.2331744,-0.08260974,0.014256299,-0.29220614,-0.065152764,-0.13839203,-0.18236047,-0.09108898,-0.2591567,-0.24633534,-0.10626063,-0.34466267,-0.28609857,-0.111313164,-0.42005414,-0.3115286,-0.03072691,-0.18346235,-0.15161286,-0.04008591,-0.3122536,-0.20680022,-0.035951674,-0.40530482,-0.23238908,-0.029350877,-0.4821747,-0.24891573,-0.0076937675,-0.20011377,-0.123665296,-0.045368314,-0.2992805,-0.16582334,-0.07310873,-0.36340314,-0.18748291,-0.09145409,-0.41332495,-0.20111048,-0.002133131,-0.19954449,-0.102185644,-0.03817904,-0.26565695,-0.13386215,-0.06317097,-0.3047045,-0.1506668,-0.0802128,-0.3349865,-0.16219467
-0.061000735,-0.009209752,-0.082393445,-0.10873532,-0.062677264,-0.1421285,-0.1095531,-0.101251125,-0.19042619,-0.052694052,-0.11320746,-0.24223737,-0.05023244,-0.2514019,-0.14336066,-0.07314566,-0.39275783,-0.2069864,-0.0879243,-0.48912463,-0.24987517,-0.096102625,-0.569012,-0.2791144,0.00017517805,-0.25742877,-0.13315938,0.004059851,-0.409562,-0.19446647,0.006420672,-0.5170712,-0.23224227,0.005428076,-0.60576284,-0.25536814,0.035925806,-0.2269302,-0.12659441,0.016634881,-0.3378427,-0.18652986,-0.01960957,-0.38691038,-0.2234409,-0.047674716,-0.4258651,-0.24284512,0.050904572,-0.17720503,-0.12444555,0.010766566,-0.22453976,-0.17789963,-0.023801863,-0.22058862,-0.20221956,-0.04646939,-0.20819402,-0.21508667
-0.058588296,-0.026658893,-0.07445977,-0.10289705,-0.088106275,-0.13389875,-0.10673076,-0.12744159,-0.1843522,-0.05267042,-0.14359456,-0.23989141,-0.044454902,-0.27807075,-0.14304787,-0.06839809,-0.41815633,-0.2163185,-0.08543548,-0.520203,-0.26778343,-0.092331976,-0.60358703,-0.30319965,0.008857846,-0.26251233,-0.14445014,0.016627073,-0.41597894,-0.21563397,0.016740382,-0.5284829,-0.26168308,0.015963554,-0.61960536,-0.29057455,0.05071181,-0.20578349,-0.14904149,0.036906064,-0.31276703,-0.22022313,0.0009319186,-0.36876804,-0.26556954,-0.025492668,-0.41520616,-0.29038975,0.072012186,-0.12905127,-0.15670756,0.028777242,-0.14929485,-0.22206928,-0.013866842,-0.14112824,-0.25178358,-0.04323086,-0.13225162,-0.26783955
-0.057328403,-0.01065129,-0.08595924,-0.102721065,-0.064447284,-0.14799681,-0.10865265,-0.10386348,-0.19861002,-0.05486819,-0.11851472,-0.25230756,-0.045597523,-0.25514442,-0.14378989,-0.07463485,-0.39890343,-0.20723838,-0.0933899,-0.49714154,-0.25030607,-0.10375604,-0.5767726,-0.27972603,0.0032972693,-0.2567532,-0.13240929,0.0059435964,-0.40711665,-0.19341882,0.007402718,-0.515688,-0.23164523,0.0075334907,-0.60241055,-0.25535282,0.039093614,-0.22198564,-0.12527156,0.020887256,-0.3388645,-0.18485239,-0.012278199,-0.3926604,-0.22269683,-0.037020296,-0.43198907,-0.2427699,0.05553943,-0.16911703,-0.12293488,0.018819153,-0.2298764,-0.17742182,-0.014465928,-0.24083239,-0.20364659,-0.037578166,-0.23700792,-0.2176427
-0.05743894,-0.02925849,-0.058441013,-0.10339248,-0.09493852,-0.10749565,-0.10426101,-0.12886167,-0.14984243,-0.050853044,-0.13883853,-0.19877991,-0.04721397,-0.2859292,-0.11860329,-0.071725816,-0.4213236,-0.18138118,-0.09050894,-0.5217521,-0.22686148,-0.09985441,-0.60391605,-0.25995293,0.008043647,-0.26901388,-0.12866412,0.016428232,-0.42301473,-0.19159204,0.01692599,-0.53316617,-0.2372411,0.015120149,-0.6255817,-0.26672244,0.051274538,-0.2113201,-0.14078283,0.043789387,-0.32398295,-0.21104713,0.0133728385,-0.39802247,-0.26055074,-0.010022998,-0.46342587,-0.2896038,0.07289219,-0.1320191,-0.15388834,0.026240587,-0.14125538,-0.22127555,-0.015932381,-0.11681026,-0.24955557,-0.04306233,-0.09714711,-0.26520887
-0.058975548,-0.02384448,-0.07044307,-0.1033687,-0.083359,-0.12606423,-0.1011287,-0.11640704,-0.17226754,-0.047051758,-0.13618124,-0.22410187,-0.044656813,-0.26879048,-0.13344729,-0.056025982,-0.39649138,-0.20231794,-0.062756985,-0.48837698,-0.25099486,-0.06293288,-0.5670029,-0.2845009,0.008716464,-0.2598052,-0.13571738,0.017013073,-0.41781887,-0.19668953,0.017488182,-0.52594644,-0.23815729,0.014467001,-0.6215544,-0.26474223,0.049166203,-0.20977676,-0.14166602,0.033874333,-0.32894853,-0.2070697,-0.0030014515,-0.4078686,-0.25543517,-0.03136301,-0.47956806,-0.28497005,0.069504976,-0.13502365,-0.15010136,0.025428355,-0.13971716,-0.21466383,-0.014529705,-0.11978543,-0.24590161,-0.039639592,-0.105144024,-0.26435775
-0.058975548,-0.02384448,-0.07044307,-0.1033687,-0.083359,-0.12606423,-0.1011287,-0.11640704,-0.17226754,-0.047051758,-0.13618124,-0.22410187,-0.044656813,-0.26879048,-0.13344729,-0.056025982,-0.39649138,-0.20231794,-0.062756985,-0.48837698,-0.25099486,-0.06293288,-0.5670029,-0.2845009,0.008716464,-0.2598052,-0.13571738,0.017013073,-0.41781887,-0.19668953,0.017488182,-0.52594644,-0.23815729,0.014467001,-0.6215544,-0.26474223,0.049166203,-0.20977676,-0.14166602,0.033874333,-0.32894853,-0.2070697,-0.0030014515,-0.4078686,-0.25543517,-0.03136301,-0.47956806,-0.28497005,0.069504976,-0.13502365,-0.15010136,0.025428355,-0.13971716,-0.21466383,-0.014529705,-0.11978543,-0.24590161,-0.039639592,-0.105144024,-0.26435775
-0.050619632,-0.029898882,-0.05226337,-0.093192995,-0.09197837,-0.096859336,-0.09180212,-0.12283689,-0.1356863,-0.038939774,-0.13749415,-0.18108235,-0.043779433,-0.28209478,-0.108470485,-0.067289144,-0.41798356,-0.1647866,-0.08667931,-0.5177405,-0.20542412,-0.09689242,-0.60032994,-0.23594677,0.0116532445,-0.2633943,-0.12118034,0.024410844,-0.41667408,-0.17708153,0.027855873,-0.5268714,-0.21906997,0.0289613,-0.62030107,-0.24736698,0.05507344,-0.2036019,-0.13591185,0.054893196,-0.31885633,-0.20129761,0.032499254,-0.39641553,-0.24895386,0.015271246,-0.4645198,-0.2783064,0.07638466,-0.12138033,-0.1513082,0.030637264,-0.12921679,-0.2161682,-0.011970162,-0.10366303,-0.24373204,-0.039582342,-0.08385581,-0.2599175
-0.050486624,-0.031663418,-0.05066348,-0.09688848,-0.08927268,-0.0963819,-0.09043205,-0.12100828,-0.13659084,-0.034073263,-0.13253248,-0.18337625,-0.038988262,-0.2713043,-0.11640617,-0.06825295,-0.41201687,-0.17473023,-0.08704993,-0.5127429,-0.2149001,-0.09820479,-0.5940237,-0.24452546,0.0136297345,-0.25199038,-0.12974238,0.024843514,-0.40824774,-0.19004592,0.028195083,-0.51852256,-0.23198913,0.029030144,-0.60908055,-0.2592936,0.05350721,-0.19094652,-0.14436463,0.05326003,-0.30500847,-0.21131481,0.030380547,-0.3772995,-0.2589895,0.011940718,-0.43846065,-0.28749645,0.07202047,-0.11013281,-0.15934283,0.03330475,-0.11921841,-0.2251742,-0.0018857121,-0.10172969,-0.25441164,-0.024968863,-0.08664733,-0.27124777
-0.055158257,-0.029617846,-0.058888007,-0.10085648,-0.083963156,-0.11039675,-0.09311074,-0.11369288,-0.1552284,-0.03982961,-0.12463379,-0.20636286,-0.044997454,-0.26487666,-0.12942253,-0.073512316,-0.40786052,-0.19077322,-0.09159961,-0.5083555,-0.23279022,-0.10323319,-0.58939934,-0.26346713,0.0066524744,-0.24514598,-0.13907558,0.018846035,-0.3985077,-0.20494296,0.021680593,-0.5123192,-0.2504836,0.022011042,-0.6056951,-0.2803334,0.045325756,-0.18629074,-0.15023302,0.04659176,-0.30106848,-0.21922098,0.027548015,-0.3746787,-0.26873365,0.0112271905,-0.43375552,-0.2982125,0.064454794,-0.11102241,-0.16248073,0.03254229,-0.13393551,-0.2277236,-0.00091671944,-0.12846887,-0.25872475,-0.02657944,-0.11837453,-0.2770254
-0.05365643,-0.032647908,-0.04232103,-0.08915207,-0.11167669,-0.06870552,-0.051086992,-0.15555155,-0.087904,0.009894729,-0.16836894,-0.11196717,-0.04649654,-0.27417707,-0.08123736,-0.07227731,-0.40247384,-0.11937796,-0.09106901,-0.49932814,-0.14835711,-0.106858134,-0.5817528,-0.17131507,0.011380911,-0.27481085,-0.09037725,0.012300551,-0.41708884,-0.12654474,0.006188333,-0.52345914,-0.15903647,0.004068196,-0.6138717,-0.18090041,0.05869311,-0.23326933,-0.100722775,0.06537676,-0.35041794,-0.15358691,0.059268594,-0.45204487,-0.19984536,0.06293893,-0.53998226,-0.22929749,0.09038538,-0.1629675,-0.11086667,0.048799932,-0.16817611,-0.17268422,0.013012409,-0.12515056,-0.19715276,-0.0017710924,-0.08582306,-0.2093731
-0.05365643,-0.032647908,-0.04232103,-0.08915207,-0.11167669,-0.06870552,-0.051086992,-0.15555155,-0.087904,0.009894729,-0.16836894,-0.11196717,-0.04649654,-0.27417707,-0.08123736,-0.07227731,-0.40247384,-0.11937796,-0.09106901,-0.49932814,-0.14835711,-0.106858134,-0.5817528,-0.17131507,0.011380911,-0.27481085,-0.09037725,0.012300551,-0.41708884,-0.12654474,0.006188333,-0.52345914,-0.15903647,0.004068196,-0.6138717,-0.18090041,0.05869311,-0.23326933,-0.100722775,0.06537676,-0.35041794,-0.15358691,0.059268594,-0.45204487,-0.19984536,0.06293893,-0.53998226,-0.22929749,0.09038538,-0.1629675,-0.11086667,0.048799932,-0.16817611,-0.17268422,0.013012409,-0.12515056,-0.19715276,-0.0017710924,-0.08582306,-0.2093731
-0.048858047,-0.015411675,-0.069431044,-0.055918932,-0.099604964,-0.10253238,0.006129682,-0.17586005,-0.12273709,0.058195055,-0.23529994,-0.14337327,-0.10299969,-0.25949228,-0.077950634,-0.13683751,-0.39886105,-0.11227323,-0.15769154,-0.5017563,-0.139518,-0.17583084,-0.584522,-0.1602326,-0.049367607,-0.2839595,-0.06749067,-0.061089516,-0.43577272,-0.10056255,-0.06379515,-0.5519284,-0.13047816,-0.07001203,-0.6497468,-0.14943999,0.0018586516,-0.2673084,-0.061820645,0.016569734,-0.408971,-0.110576,0.027939796,-0.511523,-0.1525495,0.03230542,-0.60037696,-0.17836556,0.050749242,-0.22111541,-0.058687884,0.07073045,-0.26116484,-0.11406353,0.067590296,-0.2281959,-0.13483451,0.0638783,-0.19382149,-0.14340404
-0.045943856,-0.014663696,-0.051131453,-0.06163007,-0.09653014,-0.08156301,-0.0149647,-0.17219299,-0.10280788,0.03426993,-0.22687805,-0.12625626,-0.098392814,-0.24275553,-0.07853313,-0.13098961,-0.38269043,-0.11414523,-0.14855805,-0.48424643,-0.14126319,-0.16424039,-0.56613666,-0.16191243,-0.04624051,-0.26413763,-0.07698225,-0.05721742,-0.4132731,-0.110886976,-0.061295867,-0.5252495,-0.1404373,-0.06898534,-0.6180408,-0.16006014,0.0038536787,-0.24299747,-0.07711212,0.018151522,-0.38802746,-0.12236674,0.029206038,-0.48917228,-0.1586062,0.034537435,-0.5725757,-0.18154585,0.05158353,-0.19261473,-0.077961914,0.07458407,-0.2402628,-0.1276862,0.0815289,-0.23329782,-0.14449714,0.08617365,-0.21962482,-0.15135708
-0.04677254,-0.02208376,-0.048459187,-0.05552745,-0.11166227,-0.075235695,0.0007978678,-0.18576354,-0.0935709,0.053206384,-0.23631054,-0.114473864,-0.093939036,-0.25028282,-0.07133211,-0.123089135,-0.3921553,-0.105374955,-0.13936976,-0.4938286,-0.13157874,-0.15427119,-0.57524043,-0.15126228,-0.041350424,-0.26976973,-0.07126588,-0.05101973,-0.42111942,-0.102632254,-0.055829763,-0.5350219,-0.13121568,-0.06459206,-0.6295712,-0.15022646,0.0089885,-0.24839962,-0.07333081,0.022517204,-0.39510953,-0.1162484,0.0332278,-0.49702984,-0.15244012,0.038046718,-0.5822614,-0.17561729,0.056463838,-0.19748491,-0.07627768,0.08111608,-0.24729753,-0.12363632,0.08711928,-0.23881578,-0.1395991,0.09021729,-0.22434372,-0.14632796
-0.03952962,-0.017869473,-0.079815775,-0.04375869,-0.10735971,-0.1109814,0.021080434,-0.19369596,-0.12532708,0.07806033,-0.25830042,-0.13902439,-0.10250947,-0.2563815,-0.08383142,-0.12723595,-0.3988518,-0.11437779,-0.14380282,-0.5011758,-0.13808157,-0.16013378,-0.5785421,-0.15564209,-0.05276817,-0.27582848,-0.063889176,-0.06290215,-0.42244512,-0.09365848,-0.06548399,-0.52977854,-0.12068814,-0.07069594,-0.61993396,-0.13764752,-0.0053813457,-0.25944042,-0.04943448,0.0060142875,-0.3985842,-0.09551185,0.0155931115,-0.49972713,-0.1358266,0.020856857,-0.59176993,-0.16040033,0.039670825,-0.21778572,-0.038290437,0.061721146,-0.26195157,-0.08942693,0.072229326,-0.23938066,-0.10909214,0.0814988,-0.2150948,-0.117412105
-0.04992199,-0.017748535,-0.07170933,-0.06093496,-0.10350239,-0.10178196,-0.0071968436,-0.18312722,-0.118404984,0.040921032,-0.2370249,-0.1343069,-0.10249531,-0.25845057,-0.072766975,-0.12544167,-0.39924228,-0.10241668,-0.13813147,-0.502048,-0.124093845,-0.15002039,-0.57942414,-0.13995902,-0.050128818,-0.27626318,-0.05780415,-0.059441984,-0.42213506,-0.0851265,-0.06065619,-0.5278853,-0.10795147,-0.063838124,-0.615343,-0.1216434,-0.0027643442,-0.25791204,-0.04862851,0.00971359,-0.39391395,-0.09126747,0.020159721,-0.4925887,-0.12679829,0.025546014,-0.576983,-0.14805074,0.041003823,-0.21334153,-0.042823136,0.066186726,-0.26178312,-0.09150976,0.07421911,-0.2461471,-0.11033407,0.078903496,-0.22434795,-0.117889106
-0.049262166,-0.026352167,-0.08358865,-0.050816894,-0.12364954,-0.10896555,0.006186843,-0.21018767,-0.115065604,0.05607009,-0.26912278,-0.11724146,-0.09836903,-0.26984513,-0.077393875,-0.11925179,-0.41722697,-0.104706995,-0.13197216,-0.5195464,-0.12279942,-0.14302373,-0.59596455,-0.13492554,-0.047563374,-0.28090197,-0.05285584,-0.055640638,-0.43494993,-0.07855119,-0.05667174,-0.54045516,-0.097964175,-0.058708966,-0.628168,-0.10839177,-0.0044671893,-0.26159114,-0.035870846,0.00690192,-0.39953688,-0.07992505,0.018449247,-0.4987395,-0.11643077,0.02526021,-0.5897206,-0.13640188,0.037355483,-0.21762288,-0.022999022,0.0598225,-0.27705473,-0.06778164,0.07306039,-0.2696228,-0.08531557,0.08068633,-0.25494128,-0.092271216
-0.0481894,-0.018427312,-0.080317564,-0.05310291,-0.1160447,-0.10266795,-0.0041752458,-0.20431453,-0.10792332,0.03673005,-0.26627266,-0.110349834,-0.10161403,-0.27618968,-0.06796704,-0.12142575,-0.4227352,-0.09143254,-0.13100225,-0.5244567,-0.107566684,-0.14075834,-0.60209584,-0.119336985,-0.05129242,-0.28935295,-0.047276553,-0.05491793,-0.44167426,-0.06776997,-0.055431843,-0.5433904,-0.08571163,-0.05851394,-0.62944317,-0.09611374,-0.008596301,-0.2692845,-0.034412675,0.011655331,-0.40811616,-0.074363895,0.02244562,-0.5024443,-0.11023145,0.027319849,-0.5901866,-0.13167784,0.03014493,-0.22153771,-0.02600212,0.05709523,-0.27627861,-0.073308036,0.0655781,-0.25248843,-0.092361964,0.06853962,-0.22256249,-0.10043378
-0.046304226,-0.028282523,-0.096790805,-0.044794083,-0.13255763,-0.11627232,0.016521335,-0.22289842,-0.11370704,0.06870872,-0.28929925,-0.106497645,-0.10349864,-0.2809556,-0.07220599,-0.12481856,-0.42335713,-0.0930137,-0.13339081,-0.5213632,-0.10805309,-0.14145026,-0.59751606,-0.1189229,-0.05301571,-0.29181707,-0.04161506,-0.054481268,-0.4440089,-0.05263458,-0.05260867,-0.54487646,-0.06532858,-0.051887214,-0.63150835,-0.0736442,-0.010707438,-0.2714191,-0.021856036,0.007680118,-0.4037062,-0.0571514,0.013060391,-0.49184412,-0.096161835,0.01455915,-0.58223647,-0.12128854,0.0286026,-0.22492772,-0.008478529,0.05717933,-0.26817328,-0.057502657,0.06706709,-0.24295253,-0.08311882,0.07137948,-0.21915632,-0.09656935
-0.04329765,-0.03541857,-0.081835374,-0.040544808,-0.14044303,-0.101181336,0.025134504,-0.22965503,-0.10329712,0.08357239,-0.28730893,-0.10214075,-0.088539064,-0.29530615,-0.054843497,-0.10543373,-0.44081098,-0.07279128,-0.11301997,-0.54262555,-0.08755062,-0.1210376,-0.6223781,-0.098932326,-0.038675547,-0.30619603,-0.03058249,-0.039560795,-0.4544599,-0.04168171,-0.036747873,-0.55795634,-0.05655169,-0.035311043,-0.6465413,-0.065967605,0.004334688,-0.2834134,-0.015214278,0.02957946,-0.41841608,-0.047103286,0.044626594,-0.5156345,-0.082552455,0.05437237,-0.60798115,-0.10511076,0.0438751,-0.23461795,-0.005037544,0.07277793,-0.2863177,-0.04891527,0.079635024,-0.26628715,-0.0688423,0.08134985,-0.24305046,-0.077795446
-0.05015731,-0.031561732,-0.072807,-0.05624211,-0.12744462,-0.09781839,0.006200731,-0.2138983,-0.10958842,0.062784195,-0.26943433,-0.12003361,-0.09666523,-0.28766042,-0.05764253,-0.11360574,-0.43149704,-0.08019864,-0.12158573,-0.5359671,-0.09976994,-0.13007283,-0.617267,-0.11561605,-0.044894874,-0.30186343,-0.040309656,-0.04428351,-0.44498885,-0.0559203,-0.039640307,-0.5483204,-0.07531097,-0.036963344,-0.63633657,-0.08845835,0.0008197427,-0.27572888,-0.029841144,0.021011055,-0.41157562,-0.059776288,0.03815919,-0.5078097,-0.09197726,0.04885727,-0.5953847,-0.11379079,0.041453123,-0.22264767,-0.024057971,0.07103282,-0.2712667,-0.06540293,0.08255494,-0.26846147,-0.08409613,0.08674151,-0.26375896,-0.092842914
-0.0558846,-0.029649496,-0.062375657,-0.06520629,-0.12234217,-0.08808603,-0.012881696,-0.20121258,-0.10148451,0.030709386,-0.2561524,-0.11434435,-0.09113562,-0.27948296,-0.06427694,-0.10825524,-0.42314756,-0.09321895,-0.11852008,-0.5263221,-0.11616208,-0.12750915,-0.6072858,-0.13325262,-0.035097063,-0.293922,-0.05366045,-0.029983819,-0.44026777,-0.082814395,-0.022666216,-0.54627633,-0.10798751,-0.021162689,-0.6359912,-0.12280351,0.012836039,-0.26981002,-0.04775674,0.042063117,-0.40635258,-0.089391716,0.062642395,-0.50368273,-0.12303702,0.07347864,-0.5881548,-0.1425644,0.054991007,-0.2156465,-0.044490013,0.08417076,-0.27008873,-0.088389546,0.08396858,-0.25018108,-0.10161392,0.07747233,-0.22399992,-0.10541315
-0.057029366,-0.032193363,-0.04980549,-0.06675494,-0.12994903,-0.06989069,-0.0057085752,-0.19751966,-0.07976912,0.048602223,-0.23891658,-0.090489395,-0.07766074,-0.28942537,-0.056010913,-0.0957607,-0.43111518,-0.08386894,-0.103242904,-0.53283393,-0.10528362,-0.11184031,-0.61899126,-0.12208282,-0.016178727,-0.30155653,-0.05479588,-0.008740306,-0.45308524,-0.088377975,-0.0010488629,-0.5647904,-0.11612165,0.0015458465,-0.6666281,-0.13180244,0.033403575,-0.27546334,-0.05693625,0.06897205,-0.4053133,-0.10628084,0.09071642,-0.5041457,-0.14221539,0.1070022,-0.59363663,-0.16114555,0.07535875,-0.21469057,-0.060120244,0.084807634,-0.2704935,-0.10880514,0.06624907,-0.2258538,-0.117737286,0.05271226,-0.17430222,-0.11758131
-0.059474528,-0.039446473,-0.04431248,-0.066070855,-0.14460409,-0.059918962,-0.003049612,-0.20912331,-0.06669433,0.054935277,-0.24714887,-0.07442011,-0.0732407,-0.29903072,-0.045878284,-0.09226003,-0.4389931,-0.07224062,-0.099304795,-0.54031825,-0.093537696,-0.10639864,-0.62678164,-0.11064163,-0.010949373,-0.31012207,-0.04784012,-0.004799843,-0.46264726,-0.07769615,0.0033529997,-0.57401776,-0.102905996,0.007141292,-0.67215455,-0.11740025,0.039830327,-0.2820816,-0.053751945,0.07641959,-0.41296095,-0.10013088,0.097025216,-0.5111525,-0.1347167,0.113396525,-0.5991225,-0.15329225,0.08134699,-0.21695304,-0.06071503,0.08715367,-0.275536,-0.10887431,0.064160645,-0.22922528,-0.117172,0.047797084,-0.17425728,-0.116680846
-0.05660808,-0.032715082,-0.05476268,-0.0634765,-0.13622409,-0.07479123,0.0019988418,-0.20171285,-0.08219885,0.06318122,-0.23772013,-0.090300165,-0.07096684,-0.29266256,-0.06849535,-0.09083724,-0.4309951,-0.1027567,-0.1051541,-0.53759086,-0.12890173,-0.11744559,-0.62918556,-0.14887574,-0.01042366,-0.30558908,-0.06550659,-0.0049102902,-0.4554445,-0.09927254,0.0023417473,-0.5698773,-0.12612104,0.0064401627,-0.6702694,-0.14181048,0.040795803,-0.27973992,-0.06636226,0.076331735,-0.40464693,-0.1177572,0.09989172,-0.50537884,-0.15620393,0.11849445,-0.59700525,-0.17705008,0.08201617,-0.21449912,-0.068736,0.082156956,-0.25947982,-0.123084195,0.05756849,-0.20439214,-0.13499855,0.04081428,-0.14424193,-0.13638587
-0.05706978,-0.031411648,-0.060379684,-0.063795924,-0.1325959,-0.08131015,0.0027427673,-0.19946802,-0.08747563,0.06589615,-0.23671019,-0.09344463,-0.07207742,-0.28826445,-0.074390285,-0.09326652,-0.429928,-0.10918296,-0.10786486,-0.53490376,-0.1343032,-0.119568616,-0.6252619,-0.15278308,-0.012203157,-0.30028617,-0.067727014,-0.007121265,-0.44935897,-0.102172285,0.00019794703,-0.5576912,-0.12794237,0.0046411157,-0.6521831,-0.14207044,0.038176894,-0.27534306,-0.06529646,0.075111985,-0.3985425,-0.11833301,0.09872007,-0.49744058,-0.15725015,0.115641475,-0.5892608,-0.17750844,0.07766783,-0.21252668,-0.064581506,0.08048761,-0.25302374,-0.1184555,0.058962345,-0.1953432,-0.12957364,0.043325245,-0.13239217,-0.1301337
-0.05993247,-0.025995433,-0.057293694,-0.072248966,-0.1266241,-0.07988076,-0.010140359,-0.19381505,-0.08969961,0.051849127,-0.23100561,-0.10054656,-0.07272601,-0.29254556,-0.07096909,-0.09222674,-0.43160143,-0.10658065,-0.10563555,-0.53851104,-0.13406715,-0.11660457,-0.631161,-0.15526977,-0.011786461,-0.30727124,-0.06620803,-0.006521702,-0.45678842,-0.10023311,-0.0002439022,-0.569957,-0.12758033,0.0027751923,-0.67116284,-0.14404523,0.039583266,-0.2817065,-0.06535833,0.07626492,-0.4063902,-0.11633414,0.10062039,-0.50675666,-0.15468045,0.12022406,-0.59703076,-0.17624113,0.0802449,-0.21771216,-0.06630845,0.07938379,-0.257639,-0.12222718,0.055015087,-0.19982553,-0.13598107,0.04003632,-0.13921785,-0.13876328
-0.05994746,-0.027423084,-0.06041082,-0.07060093,-0.1306746,-0.085379325,-0.0064463615,-0.19914442,-0.097243406,0.06058526,-0.2331199,-0.11037802,-0.0708102,-0.29523814,-0.0757285,-0.090355575,-0.43492034,-0.11345332,-0.104415536,-0.5435945,-0.1428333,-0.11591095,-0.6370915,-0.16531943,-0.009400785,-0.30952823,-0.07025161,-0.004352212,-0.45759147,-0.10485438,0.0030457377,-0.5716207,-0.13284037,0.006604612,-0.6729516,-0.15021403,0.04250747,-0.28426588,-0.06896848,0.07754427,-0.4046065,-0.12038499,0.10216725,-0.5061933,-0.16027136,0.121518195,-0.5964661,-0.18345496,0.0832296,-0.22208017,-0.06988363,0.08077663,-0.25502795,-0.12717001,0.055673957,-0.1962766,-0.14285845,0.040032208,-0.13487577,-0.1472679
-0.06120345,-0.030493021,-0.052646365,-0.07443291,-0.13394165,-0.07554995,-0.011901319,-0.19919288,-0.08739593,0.05195743,-0.23607093,-0.10134645,-0.07276195,-0.29694557,-0.06821531,-0.09083834,-0.43442672,-0.10405841,-0.10333645,-0.54079854,-0.13212942,-0.11294979,-0.63227075,-0.15434682,-0.010336518,-0.30995584,-0.06744904,-0.0044559836,-0.4582039,-0.10204631,0.002498746,-0.57289493,-0.13067643,0.0067558885,-0.6759442,-0.14890705,0.042433202,-0.2821483,-0.07039595,0.07676375,-0.40361822,-0.12243883,0.09877813,-0.50561893,-0.16307923,0.11755496,-0.59606093,-0.18732792,0.08382434,-0.21869528,-0.07475226,0.07637799,-0.24923563,-0.13404183,0.047607124,-0.19115758,-0.15149647,0.030314982,-0.1330837,-0.1574282
-0.05824104,-0.027931094,-0.055059236,-0.07306051,-0.12835109,-0.07877677,-0.010168612,-0.1921615,-0.09063188,0.053033948,-0.22812754,-0.10406723,-0.06841785,-0.29576296,-0.07170397,-0.089565754,-0.43229884,-0.10748041,-0.10347664,-0.53795385,-0.1351343,-0.11543593,-0.6286006,-0.15712923,-0.007261753,-0.30816108,-0.07077928,-0.0013734698,-0.45394427,-0.10633675,0.0062280297,-0.5644449,-0.1347856,0.010342538,-0.66253734,-0.15269583,0.043757975,-0.2797737,-0.07386177,0.07762945,-0.4033639,-0.12771331,0.09867865,-0.50362945,-0.1687001,0.1154362,-0.5952525,-0.19283247,0.0853793,-0.21431416,-0.07841356,0.080106735,-0.25371027,-0.13820463,0.05202639,-0.19797564,-0.15491791,0.031481147,-0.1407777,-0.16049662
-0.056655675,-0.026338935,-0.055492,-0.06931481,-0.12716866,-0.079016596,-0.0062510967,-0.19000286,-0.090354405,0.05818945,-0.22548938,-0.10313651,-0.06586823,-0.29535395,-0.075257264,-0.08904624,-0.4356309,-0.11299229,-0.10301986,-0.5439702,-0.14229542,-0.11434287,-0.6375176,-0.16486585,-0.0045719743,-0.30699754,-0.07386488,1.3828278e-05,-0.45491272,-0.11007326,0.007677853,-0.56876606,-0.13895442,0.01248467,-0.66936505,-0.15697832,0.046370327,-0.27862322,-0.07628962,0.08055782,-0.4036643,-0.13059041,0.10147834,-0.50468415,-0.17181861,0.117791295,-0.5961794,-0.19553992,0.0872609,-0.21273243,-0.08019812,0.082942724,-0.25152367,-0.13915572,0.055208623,-0.19606727,-0.15479027,0.034873366,-0.13593161,-0.15928866
-0.060632676,-0.026924193,-0.05415663,-0.07459107,-0.12949729,-0.077587456,-0.0126081705,-0.19566715,-0.08928055,0.05100274,-0.23212725,-0.10282081,-0.06930897,-0.29703224,-0.07268161,-0.08777797,-0.43621927,-0.10931941,-0.101311535,-0.54413795,-0.1375394,-0.11296719,-0.6371281,-0.15987143,-0.006550789,-0.3087448,-0.07212058,-0.00050377846,-0.45732242,-0.10781671,0.006942928,-0.57207227,-0.13634296,0.010927856,-0.67367834,-0.15439859,0.046008587,-0.28035653,-0.07537098,0.078784466,-0.40334412,-0.12953635,0.100477874,-0.50682306,-0.17095754,0.117750645,-0.5999528,-0.19537088,0.08843303,-0.21510273,-0.07996321,0.081924796,-0.25287652,-0.1402671,0.052346587,-0.19653088,-0.15736985,0.031174898,-0.13819355,-0.16308394
-0.060560822,-0.0339092,-0.05352325,-0.073834926,-0.13317066,-0.077277556,-0.012474775,-0.19515228,-0.08995761,0.04910451,-0.23322695,-0.10448091,-0.06980461,-0.29825753,-0.069497235,-0.08876318,-0.4386716,-0.10596985,-0.1019856,-0.5453683,-0.13419707,-0.112802565,-0.63782966,-0.15637948,-0.006285131,-0.31022882,-0.07006788,0.00055229664,-0.45885795,-0.10721967,0.0075339675,-0.5755767,-0.1373834,0.01121521,-0.6796074,-0.1562196,0.045872033,-0.28217232,-0.07454053,0.07813364,-0.40601227,-0.12932467,0.098358154,-0.5079541,-0.17064536,0.11484498,-0.6021986,-0.1947053,0.08828002,-0.21709675,-0.080362044,0.08051652,-0.25726295,-0.14047702,0.05050397,-0.20205182,-0.15662101,0.029061317,-0.14537191,-0.16143538
-0.061250478,-0.033799946,-0.056326464,-0.07290131,-0.13094282,-0.083539896,-0.013333917,-0.1917041,-0.09956352,0.045193613,-0.23455262,-0.11763794,-0.07170269,-0.30053717,-0.07299765,-0.08991709,-0.4406007,-0.11307282,-0.10305923,-0.5489841,-0.14503379,-0.11384928,-0.6425837,-0.16960552,-0.0074879527,-0.31427485,-0.07247681,-0.0015247464,-0.46270198,-0.110717095,0.0063861012,-0.57961106,-0.14250669,0.010695279,-0.68442756,-0.16289352,0.045510948,-0.28721774,-0.07602433,0.07682085,-0.40996397,-0.13075949,0.099077165,-0.5116526,-0.1721035,0.11822015,-0.603745,-0.1968421,0.088198304,-0.22397327,-0.08132486,0.08102238,-0.25888532,-0.14225945,0.052975357,-0.20157588,-0.15888923,0.034802794,-0.14348686,-0.16404127
-0.05717519,-0.032638192,-0.05115197,-0.07295549,-0.13365781,-0.07466463,-0.012725711,-0.19844365,-0.088731214,0.051396787,-0.23106563,-0.106013745,-0.06920016,-0.30135608,-0.06460694,-0.09004885,-0.44237918,-0.10014231,-0.101413906,-0.5488908,-0.12936227,-0.111747146,-0.64076567,-0.15265357,-0.0062277317,-0.31299543,-0.06634371,-0.000711143,-0.46231356,-0.1007227,0.00722456,-0.57957184,-0.13233797,0.011669099,-0.6848183,-0.15316752,0.045818925,-0.28386796,-0.07174084,0.076666,-0.40778387,-0.12373691,0.09528798,-0.51152927,-0.16698547,0.11186159,-0.6040964,-0.1936988,0.08910388,-0.22063977,-0.078498825,0.083509326,-0.25549376,-0.13959424,0.05753833,-0.19830436,-0.1588113,0.041854322,-0.14143759,-0.1661049
-0.05805677,-0.031556368,-0.049496744,-0.07292768,-0.13337177,-0.07239197,-0.014028132,-0.19883835,-0.085892774,0.046975017,-0.2343589,-0.10211613,-0.06955084,-0.30159402,-0.063939065,-0.09042603,-0.44221097,-0.09834714,-0.102324665,-0.55009174,-0.12635198,-0.11368537,-0.6425077,-0.14888021,-0.007183969,-0.31510687,-0.06541335,-0.0014260411,-0.46349716,-0.099244215,0.0075899363,-0.579519,-0.12905078,0.012237668,-0.6825901,-0.14850684,0.04452747,-0.28663373,-0.07023937,0.075665,-0.40941745,-0.12044533,0.096309245,-0.5119606,-0.16110247,0.114016175,-0.60199064,-0.18600133,0.087365985,-0.22298479,-0.07634644,0.08065766,-0.2604326,-0.13439792,0.05338019,-0.20681852,-0.15169233,0.036290586,-0.15149647,-0.1578603
-0.056280494,-0.030469954,-0.047619984,-0.074001014,-0.13517094,-0.068108134,-0.0130651,-0.20148909,-0.079732224,0.04969591,-0.23293161,-0.09439996,-0.07138705,-0.30129212,-0.059564922,-0.092377454,-0.4421466,-0.09081373,-0.10353783,-0.54982734,-0.11723834,-0.11616287,-0.6412939,-0.13909958,-0.009684145,-0.31390643,-0.06164422,-0.0016642809,-0.46023482,-0.09261495,0.008410454,-0.5752578,-0.12217164,0.013351977,-0.6771902,-0.14192262,0.041528404,-0.2850439,-0.06694433,0.07300508,-0.41146934,-0.114756994,0.093272686,-0.5135355,-0.15563399,0.11029202,-0.60384274,-0.18133,0.08581036,-0.22165978,-0.0734208,0.0836311,-0.2616533,-0.13007556,0.05989474,-0.21031642,-0.14750668,0.044326663,-0.15801245,-0.1542629
-0.058442086,-0.03142011,-0.050140634,-0.07429838,-0.13231957,-0.073770426,-0.0140711665,-0.19662964,-0.08802263,0.047492266,-0.23159409,-0.10500633,-0.07142717,-0.3000033,-0.06523064,-0.09209111,-0.4420096,-0.099747375,-0.10362142,-0.55036414,-0.1282591,-0.11533812,-0.6426067,-0.15120444,-0.009079993,-0.31331354,-0.06640887,-0.0021523237,-0.46025854,-0.09993774,0.0069568157,-0.5756141,-0.13008529,0.011542678,-0.6766628,-0.15007919,0.042218804,-0.28426397,-0.07088311,0.073488116,-0.40781742,-0.120534614,0.093049884,-0.5098629,-0.16120532,0.10945797,-0.5991338,-0.18654127,0.08480823,-0.22056735,-0.076670915,0.080347896,-0.25859123,-0.13467395,0.05450684,-0.20847988,-0.15225922,0.037326634,-0.15715235,-0.15881544
-0.055927128,-0.030586839,-0.047860615,-0.07109371,-0.13298267,-0.06901076,-0.009560645,-0.19944686,-0.08142714,0.051651895,-0.23442286,-0.096605696,-0.06940511,-0.30162156,-0.05920364,-0.09100348,-0.44256783,-0.09018847,-0.102241814,-0.5505655,-0.11614627,-0.11455509,-0.6418039,-0.13736692,-0.00800091,-0.31431067,-0.06131652,-0.0008750558,-0.46167976,-0.092017874,0.009036839,-0.57708955,-0.120835416,0.014097929,-0.6778793,-0.13976726,0.04287362,-0.2849939,-0.06669119,0.07475674,-0.41109014,-0.11433442,0.09516811,-0.5138341,-0.15472905,0.11210364,-0.6030854,-0.17982511,0.08586788,-0.22049522,-0.0732869,0.08556163,-0.26157773,-0.12960331,0.062580466,-0.21236545,-0.14663756,0.04704511,-0.1602,-0.15283826
-0.0572536,-0.03309697,-0.04871208,-0.071868986,-0.13393754,-0.07052923,-0.011081934,-0.1977796,-0.08319393,0.049989223,-0.23178178,-0.09859979,-0.07096657,-0.29853266,-0.061488315,-0.09207958,-0.44057772,-0.09378392,-0.103208005,-0.54787636,-0.12000521,-0.11483702,-0.6395514,-0.14118391,-0.008760214,-0.31003016,-0.063983805,-0.0013606548,-0.45915186,-0.09641636,0.007899702,-0.5755303,-0.12591845,0.01273948,-0.67866224,-0.14499858,0.042626143,-0.28147972,-0.06987844,0.07398009,-0.40599412,-0.11943191,0.094233155,-0.51047415,-0.16058657,0.11104524,-0.60307336,-0.1858186,0.08634204,-0.21842796,-0.07699424,0.083917975,-0.25854427,-0.13392822,0.059188604,-0.20667869,-0.1503843,0.041989326,-0.15276968,-0.15611696
-0.057113886,-0.03096968,-0.048996788,-0.07095286,-0.13369411,-0.07080427,-0.009270668,-0.1970954,-0.08338057,0.054326534,-0.22914392,-0.09899099,-0.07358712,-0.2969433,-0.062433645,-0.093910515,-0.43936384,-0.09529936,-0.10456973,-0.5462513,-0.121812075,-0.11495525,-0.63770473,-0.14325733,-0.010973215,-0.3091697,-0.06482469,-0.0042434335,-0.46024913,-0.09734575,0.0050606728,-0.57742953,-0.12723787,0.010663211,-0.68189895,-0.1467693,0.040917516,-0.28100657,-0.070596285,0.071929336,-0.407835,-0.121150516,0.09093118,-0.5122687,-0.16360195,0.1074121,-0.60452586,-0.18966636,0.084923506,-0.21849549,-0.077433966,0.08163774,-0.25564122,-0.13635221,0.057003498,-0.20122373,-0.15432397,0.041212678,-0.14522773,-0.16088362
-0.056970477,-0.032952845,-0.044747822,-0.070907146,-0.14011884,-0.063738376,-0.00992924,-0.2082761,-0.07453234,0.052649677,-0.2412262,-0.088359244,-0.07170123,-0.3028807,-0.055553567,-0.093375444,-0.44520602,-0.0848506,-0.104194105,-0.5521594,-0.10905292,-0.11542553,-0.64324707,-0.12928323,-0.009332061,-0.31437433,-0.059306957,-0.004108131,-0.46516714,-0.08936045,0.005205095,-0.5826057,-0.118139565,0.010643899,-0.6860366,-0.13718346,0.042451024,-0.2846517,-0.06617457,0.07255083,-0.41135442,-0.11426961,0.091245174,-0.5173109,-0.15645899,0.10745126,-0.6093079,-0.1827472,0.08562851,-0.2206974,-0.07382985,0.079610825,-0.2609197,-0.13090767,0.052409828,-0.21073437,-0.14925458,0.034104466,-0.15803134,-0.15650567
-0.058154672,-0.030717432,-0.044942167,-0.07460976,-0.13419598,-0.06490397,-0.018022299,-0.19840807,-0.07636325,0.040282965,-0.22910887,-0.090849444,-0.07219246,-0.30189633,-0.059188496,-0.09282923,-0.4443104,-0.08903873,-0.10398057,-0.5515865,-0.11361284,-0.11652404,-0.6432823,-0.13417876,-0.010008395,-0.31302208,-0.06324591,-0.002931416,-0.46206364,-0.09469255,0.006533563,-0.5779342,-0.12415422,0.011234045,-0.67976785,-0.1435014,0.041627645,-0.2836811,-0.07002627,0.07199669,-0.4101626,-0.11822935,0.09112775,-0.5144449,-0.1591568,0.10705012,-0.6054013,-0.18468149,0.08589029,-0.22042388,-0.07761835,0.081291676,-0.26065058,-0.13295399,0.054852426,-0.21057689,-0.14918353,0.03629732,-0.15761292,-0.15523513
-0.057528466,-0.027615607,-0.048737492,-0.073185384,-0.132932,-0.07035,-0.013599157,-0.20018089,-0.082614794,0.051924825,-0.22940958,-0.09814754,-0.072921455,-0.29762048,-0.06344106,-0.09258154,-0.43881398,-0.0959729,-0.103992224,-0.54617214,-0.12247681,-0.11527336,-0.63758755,-0.14416915,-0.010415733,-0.30905998,-0.06562054,-0.0037118196,-0.45640123,-0.097985655,0.005055487,-0.5711764,-0.12741883,0.009847283,-0.67309237,-0.14668015,0.041794002,-0.28101295,-0.071006775,0.07194728,-0.40753978,-0.1212002,0.09059328,-0.5114993,-0.16305655,0.10698193,-0.60307395,-0.1888854,0.08582246,-0.21864742,-0.07745459,0.08261436,-0.25474554,-0.13578384,0.059592605,-0.19867486,-0.15335608,0.04616505,-0.14117128,-0.1598015
-0.05924824,-0.031113207,-0.046876334,-0.0732103,-0.13468546,-0.06841245,-0.0145815015,-0.20195198,-0.0814195,0.04610014,-0.23800427,-0.097102374,-0.07342553,-0.30361968,-0.057851337,-0.09397411,-0.44237107,-0.09003651,-0.10419506,-0.5491127,-0.117310904,-0.1139721,-0.639007,-0.1395923,-0.010944843,-0.31586313,-0.060096875,-0.0041766167,-0.46209925,-0.08972436,0.004893601,-0.57477105,-0.11820906,0.010204971,-0.67306566,-0.13765593,0.041096866,-0.28629452,-0.06575618,0.07191056,-0.4124391,-0.11196091,0.09165245,-0.51381946,-0.15111995,0.1099143,-0.60087043,-0.17628892,0.08436012,-0.22287393,-0.072687924,0.07815367,-0.2585731,-0.12849756,0.051875293,-0.20944434,-0.1459394,0.036056697,-0.15876478,-0.15288246
-0.058790714,-0.030331373,-0.0459247,-0.073129684,-0.13611269,-0.06613018,-0.011507094,-0.20360625,-0.0778309,0.05294472,-0.23435861,-0.09209366,-0.072378665,-0.30125946,-0.056377843,-0.093892366,-0.44130564,-0.086756274,-0.10372472,-0.5471662,-0.111448124,-0.11346719,-0.63601136,-0.13196193,-0.009795666,-0.31155998,-0.058897216,-0.0034902692,-0.4616387,-0.088682085,0.00629282,-0.5746753,-0.11611906,0.012620389,-0.6735449,-0.13428198,0.04211092,-0.28030515,-0.06473881,0.07335329,-0.40731487,-0.112047456,0.09222829,-0.5101199,-0.15143846,0.11002761,-0.59905374,-0.17590027,0.08477986,-0.21517974,-0.07152439,0.07694572,-0.25584418,-0.12757473,0.049229145,-0.20874834,-0.14464691,0.032285392,-0.15886325,-0.15102178
-0.055616617,-0.028695583,-0.04459871,-0.07232824,-0.13256538,-0.06488851,-0.013656557,-0.1993519,-0.076690115,0.048492968,-0.23109919,-0.09163134,-0.071798384,-0.29500014,-0.060474094,-0.092184305,-0.4387448,-0.09104914,-0.10267791,-0.5459595,-0.115386926,-0.11357111,-0.63655406,-0.13551055,-0.010196328,-0.30654716,-0.06399646,-0.0034932494,-0.45865715,-0.09550542,0.006098032,-0.5741762,-0.12416597,0.011844337,-0.67466724,-0.14279717,0.04144609,-0.27770478,-0.07007614,0.07301581,-0.4064343,-0.118725084,0.09149653,-0.51010525,-0.15939455,0.1073308,-0.5987256,-0.1844128,0.085235596,-0.21481842,-0.07670418,0.0817858,-0.25460082,-0.13358696,0.057281375,-0.20470405,-0.1507552,0.04187709,-0.15152991,-0.15691894
-0.057516098,-0.03204471,-0.043550886,-0.07124984,-0.1340298,-0.064337485,-0.016031504,-0.19731504,-0.07729197,0.03909248,-0.23325038,-0.093078524,-0.069577605,-0.30279708,-0.056116838,-0.09044695,-0.44140214,-0.08828193,-0.100616306,-0.54644,-0.11500704,-0.11114448,-0.6357106,-0.13661104,-0.0072036386,-0.31451482,-0.06049329,-0.0018935204,-0.4657566,-0.09259247,0.006989062,-0.5811908,-0.122247614,0.011549115,-0.6827984,-0.14167275,0.044627428,-0.28450817,-0.06778996,0.07375616,-0.4133389,-0.11577719,0.09381133,-0.5157913,-0.1547426,0.111712694,-0.6036445,-0.17877212,0.0880667,-0.22109967,-0.07590591,0.0815689,-0.26163602,-0.13081701,0.054505885,-0.21461678,-0.14629099,0.037354708,-0.16407317,-0.1515733
-0.057839066,-0.029818118,-0.046423912,-0.07215774,-0.13222247,-0.06789525,-0.014777482,-0.1978423,-0.08114807,0.04265511,-0.23262614,-0.097394004,-0.07261878,-0.3021106,-0.057479702,-0.0928784,-0.44127965,-0.08973221,-0.10289478,-0.5479995,-0.117308155,-0.11400074,-0.63851815,-0.1398448,-0.0102264285,-0.31522316,-0.060348652,-0.0046996474,-0.4635176,-0.09049026,0.004584849,-0.57824236,-0.120278254,0.0097724795,-0.6793235,-0.14070249,0.04169625,-0.286323,-0.066445164,0.06997985,-0.415566,-0.11311926,0.090308964,-0.5174539,-0.1529236,0.10913956,-0.6045201,-0.17850003,0.08592504,-0.22451532,-0.073729776,0.07987952,-0.26300752,-0.12964366,0.055149794,-0.21577793,-0.14714824,0.040607393,-0.1662876,-0.1542101
-0.05789882,-0.024720669,-0.049616475,-0.07370937,-0.124175906,-0.073579796,-0.014547527,-0.19084293,-0.08845189,0.047801733,-0.22504604,-0.105768085,-0.070275426,-0.29055756,-0.06444196,-0.08941668,-0.43105352,-0.09803213,-0.10015321,-0.53775567,-0.12497396,-0.1105791,-0.62724787,-0.14672743,-0.008490741,-0.30333775,-0.065297,-0.0011737347,-0.45441642,-0.095920384,0.006530702,-0.56797373,-0.123296835,0.010079801,-0.6662151,-0.14157939,0.04331863,-0.27359486,-0.06937417,0.07796717,-0.40256643,-0.11669357,0.09841043,-0.50253004,-0.15496781,0.116484344,-0.5869274,-0.17900209,0.0858441,-0.20928788,-0.074713744,0.08433032,-0.247801,-0.13195452,0.06060171,-0.19868612,-0.14919525,0.046433806,-0.14639395,-0.15543014
-0.057398617,-0.023012578,-0.05367694,-0.0746004,-0.11801398,-0.080096535,-0.0145715475,-0.18627083,-0.09633513,0.05009687,-0.22239685,-0.114818096,-0.07039267,-0.28935462,-0.06989946,-0.08986086,-0.43093896,-0.105345495,-0.10140172,-0.5387955,-0.13352086,-0.11277205,-0.6305711,-0.1559577,-0.009203732,-0.30314898,-0.06900216,-0.0026961565,-0.453722,-0.10206284,0.005178094,-0.56729853,-0.13050568,0.009185255,-0.6678385,-0.14891365,0.042046547,-0.27466846,-0.07137435,0.07618445,-0.40197527,-0.12115197,0.09755635,-0.5033238,-0.16032177,0.115317404,-0.5898224,-0.1842143,0.08434898,-0.2105369,-0.07525233,0.085342884,-0.24845803,-0.13382246,0.06285173,-0.19478345,-0.15075503,0.049111545,-0.13772321,-0.15623431
-0.05744359,-0.02357477,-0.0493265,-0.078998715,-0.116274536,-0.07539774,-0.026138365,-0.18243212,-0.09195631,0.031923592,-0.2203607,-0.11099946,-0.06838256,-0.2916029,-0.06988187,-0.08671996,-0.4318084,-0.10618181,-0.098066896,-0.53877914,-0.13536198,-0.10902622,-0.6300802,-0.15876764,-0.0053842664,-0.30496693,-0.07092946,0.0018869042,-0.4530646,-0.10506351,0.010106683,-0.56734693,-0.13479546,0.014715433,-0.66822267,-0.15461248,0.04674846,-0.27503294,-0.074614085,0.07948381,-0.4012779,-0.12434837,0.099434495,-0.5026383,-0.16349147,0.116529346,-0.58839405,-0.18794444,0.089871764,-0.21044302,-0.079333454,0.08386952,-0.24708343,-0.13819045,0.054712772,-0.19893402,-0.15598582,0.035428345,-0.14735997,-0.16239199
-0.059372246,-0.027476907,-0.05481894,-0.0756982,-0.12149304,-0.08295023,-0.017055511,-0.18496788,-0.10064661,0.04538095,-0.22283596,-0.12127524,-0.07013965,-0.29090965,-0.07482455,-0.08958703,-0.43138862,-0.11385998,-0.10206869,-0.539558,-0.14509718,-0.11339918,-0.6318074,-0.16971144,-0.007466972,-0.30387855,-0.074546635,0.0001628995,-0.45036352,-0.110131614,0.010389149,-0.562039,-0.14063406,0.016337156,-0.6599208,-0.16085306,0.044590175,-0.27478552,-0.07778011,0.07558596,-0.3990606,-0.12957677,0.09508681,-0.50066423,-0.17072,0.11159384,-0.58912045,-0.19666357,0.08694565,-0.2113055,-0.08256663,0.08273208,-0.2422489,-0.14360625,0.0572142,-0.18695915,-0.1624564,0.04113871,-0.13118732,-0.16969046
-0.05556315,-0.029683352,-0.04858535,-0.07220155,-0.12808448,-0.07093448,-0.013561785,-0.19313937,-0.08429606,0.047830224,-0.22673684,-0.100391634,-0.07006338,-0.29578435,-0.062016413,-0.09179184,-0.43788072,-0.09362241,-0.102715075,-0.5447955,-0.11936441,-0.113791615,-0.6355464,-0.14036731,-0.008303404,-0.3087141,-0.06389252,-0.00062447786,-0.45709914,-0.09383931,0.0085090995,-0.57199943,-0.12218237,0.01356858,-0.6724371,-0.14109962,0.042565882,-0.28024048,-0.06901258,0.07446158,-0.40548322,-0.11598657,0.09343016,-0.50859857,-0.15707265,0.109451115,-0.5978116,-0.18324883,0.085384905,-0.21725035,-0.075372145,0.08238971,-0.2513494,-0.13208364,0.057769,-0.19975013,-0.15039305,0.04124862,-0.14617729,-0.15772954
-0.054979682,-0.029779553,-0.04709285,-0.069482625,-0.13322443,-0.06790075,-0.0084578395,-0.19881874,-0.07986389,0.05501187,-0.2311691,-0.094823815,-0.069407314,-0.2975114,-0.06054538,-0.090898395,-0.4404165,-0.09120339,-0.10185593,-0.54760766,-0.11587195,-0.11207864,-0.6387657,-0.13626319,-0.0075129867,-0.3096481,-0.0631406,-0.0014256835,-0.46026102,-0.09351957,0.007595539,-0.5762384,-0.12184538,0.013469934,-0.6780358,-0.14053787,0.043898582,-0.281322,-0.068903856,0.075518966,-0.40850735,-0.11742381,0.09377694,-0.513263,-0.15979265,0.10962868,-0.60424936,-0.18640716,0.087165594,-0.21840525,-0.07560861,0.083788574,-0.25277042,-0.13377975,0.058915734,-0.19854659,-0.1529494,0.043111265,-0.14279962,-0.16070348
-0.05507964,-0.031219661,-0.047485508,-0.06988412,-0.13355857,-0.06817068,-0.0085991025,-0.19666302,-0.07976442,0.054718196,-0.22737658,-0.0944053,-0.069836706,-0.29445386,-0.061784875,-0.09193045,-0.43842864,-0.0924339,-0.10267413,-0.5450659,-0.116695575,-0.11303452,-0.6363317,-0.13674083,-0.007901549,-0.30590272,-0.064429305,-0.0010176301,-0.45702326,-0.09517048,0.007709801,-0.57355165,-0.12408661,0.013261557,-0.6770697,-0.14311354,0.043138742,-0.2778961,-0.070156775,0.074043274,-0.40515512,-0.1192398,0.092398345,-0.5101019,-0.16206509,0.10842371,-0.60268676,-0.18889241,0.08697921,-0.21654308,-0.0767987,0.08313388,-0.25012976,-0.13483404,0.05833423,-0.19497496,-0.15348901,0.042467892,-0.13881952,-0.16095367
-0.060162604,-0.031481028,-0.046350185,-0.07593027,-0.13605636,-0.06594048,-0.015070975,-0.20187145,-0.07723792,0.049788058,-0.2315064,-0.09164015,-0.07481009,-0.29899615,-0.055850603,-0.09632757,-0.43977582,-0.08749601,-0.1057162,-0.5458461,-0.113894954,-0.11445895,-0.6360134,-0.1356054,-0.011595309,-0.31147426,-0.058257647,-0.0065351725,-0.46170866,-0.08714424,0.002083838,-0.5771693,-0.115408756,0.0074461102,-0.6786549,-0.13468166,0.04058683,-0.28200632,-0.06424387,0.07144469,-0.40876704,-0.110727526,0.089758754,-0.5114743,-0.15150498,0.106438935,-0.6007032,-0.17763937,0.08391273,-0.21835941,-0.071407326,0.07796377,-0.25348353,-0.12843291,0.05256039,-0.2029069,-0.14718811,0.037440956,-0.15145618,-0.15494882
-0.060087264,-0.033450305,-0.044936143,-0.075933486,-0.13797027,-0.064328246,-0.015463948,-0.20220935,-0.07560683,0.047921598,-0.2328583,-0.089967966,-0.07458782,-0.29890954,-0.05519007,-0.0964725,-0.44009405,-0.08655375,-0.106342256,-0.5467898,-0.11263678,-0.116068095,-0.63794315,-0.13437057,-0.011478007,-0.31097883,-0.058691744,-0.0055102706,-0.4612535,-0.08819247,0.0036627054,-0.5780153,-0.1173072,0.009295464,-0.6815702,-0.1372995,0.040462673,-0.28195018,-0.06560854,0.069536984,-0.409769,-0.11334651,0.088152766,-0.51343924,-0.15479638,0.10523713,-0.6046559,-0.1812758,0.08436364,-0.21896362,-0.073444694,0.074353874,-0.25714672,-0.13144985,0.045489013,-0.20677835,-0.15030526,0.027069986,-0.15538675,-0.15815184
-0.05749908,-0.032055795,-0.045938075,-0.071357936,-0.13672179,-0.0649779,-0.009460568,-0.19954836,-0.07521466,0.053822696,-0.2298736,-0.08854784,-0.071302354,-0.29724073,-0.05796994,-0.091992915,-0.43832058,-0.08923064,-0.10236794,-0.5451774,-0.11480214,-0.11217952,-0.63688767,-0.1360353,-0.009469211,-0.308901,-0.061132703,-0.0038003325,-0.45783466,-0.09212619,0.00563848,-0.57317066,-0.121194504,0.012038648,-0.6753901,-0.14046066,0.041998923,-0.2801144,-0.06764829,0.07175088,-0.40602368,-0.117491946,0.09142774,-0.50959533,-0.1598625,0.10862726,-0.60129374,-0.18617286,0.085695624,-0.21665901,-0.075024836,0.078804255,-0.25289,-0.13408081,0.050977826,-0.1980241,-0.1528777,0.032276094,-0.14265412,-0.16031177
-0.057333052,-0.033456445,-0.04661582,-0.07207596,-0.13731718,-0.06621058,-0.010938764,-0.20013988,-0.07702683,0.05283171,-0.22999829,-0.09072521,-0.07041103,-0.29906416,-0.057938755,-0.09183723,-0.44043344,-0.08911892,-0.10225445,-0.5469513,-0.11455251,-0.11245325,-0.63826877,-0.13556285,-0.008270323,-0.31068254,-0.060805406,-0.0033559203,-0.4596913,-0.09218621,0.0056055784,-0.57498497,-0.12140882,0.0114732385,-0.67730486,-0.14063622,0.043205142,-0.2815826,-0.067042805,0.07251668,-0.40731144,-0.1163748,0.091242015,-0.5110724,-0.15808475,0.10777795,-0.6027353,-0.18384688,0.08712143,-0.21786302,-0.07426947,0.08099228,-0.25668782,-0.13177685,0.053806663,-0.20447648,-0.14948131,0.035901606,-0.15021884,-0.15621594
-0.054030746,-0.03060186,-0.05002365,-0.06910497,-0.13090175,-0.0721305,-0.0070583224,-0.19247425,-0.084291525,0.05708891,-0.22217381,-0.09926711,-0.06812769,-0.29198116,-0.066655956,-0.08898023,-0.43531302,-0.09961592,-0.10021716,-0.5428473,-0.12596014,-0.11211398,-0.6347965,-0.14735276,-0.0065356493,-0.303555,-0.06812108,0.0013050437,-0.45248246,-0.100465715,0.009701967,-0.5675224,-0.12999445,0.013803124,-0.6689427,-0.14944789,0.04455942,-0.2757972,-0.07273959,0.0760473,-0.40170956,-0.12245743,0.09523815,-0.50578916,-0.16432776,0.11139405,-0.59764683,-0.19042738,0.08838624,-0.21422577,-0.07850797,0.08505857,-0.25100625,-0.1364547,0.06050116,-0.19747686,-0.15391871,0.043910563,-0.14209527,-0.1604878
-0.057465374,-0.031424522,-0.046403944,-0.07116595,-0.13327539,-0.06755311,-0.010753036,-0.19553208,-0.07969007,0.04952246,-0.22841668,-0.09479608,-0.070041776,-0.2945866,-0.06236742,-0.08951974,-0.43669528,-0.09420065,-0.10026759,-0.5441115,-0.119914755,-0.111769855,-0.6365965,-0.14123252,-0.0077847242,-0.30628312,-0.065362595,-0.0013083816,-0.45476204,-0.098704435,0.0075924397,-0.5701691,-0.1287157,0.01213944,-0.6720212,-0.14832066,0.04422921,-0.27780575,-0.07109256,0.07403344,-0.40502346,-0.12153958,0.09287536,-0.50847375,-0.1623054,0.10861969,-0.5992828,-0.18722422,0.08843553,-0.21488601,-0.07752851,0.08169806,-0.25697923,-0.13494237,0.054095626,-0.20544499,-0.15115243,0.03562987,-0.15154314,-0.15675656
-0.05803165,-0.028564572,-0.049710467,-0.07281771,-0.12481469,-0.07334884,-0.015098155,-0.18810791,-0.08739497,0.046177983,-0.22381997,-0.10382562,-0.07036385,-0.29452914,-0.06539976,-0.08995414,-0.43558428,-0.10078932,-0.10080448,-0.5428057,-0.12905061,-0.11190903,-0.6352312,-0.15170027,-0.0076749325,-0.30754042,-0.06695587,-0.002013743,-0.45633572,-0.10197091,0.0068838,-0.57029605,-0.1320662,0.011386871,-0.67211044,-0.15137118,0.044496655,-0.2788672,-0.07172836,0.07515365,-0.40395907,-0.12328653,0.09595126,-0.5061091,-0.1628004,0.11350596,-0.5962955,-0.18644805,0.088344395,-0.21459675,-0.07767517,0.083204806,-0.25522417,-0.13562065,0.057308376,-0.20364392,-0.15122922,0.040752947,-0.14955544,-0.15597545
-0.057225525,-0.031498253,-0.04539674,-0.073089,-0.13060015,-0.06652346,-0.017141342,-0.19337809,-0.07898764,0.0401749,-0.22754395,-0.09398554,-0.0677495,-0.29802835,-0.06077942,-0.088606596,-0.43886942,-0.09240482,-0.099301755,-0.5458643,-0.118015274,-0.111869335,-0.63765156,-0.1391552,-0.0051978827,-0.30913687,-0.06448426,0.0014727712,-0.45602778,-0.09823794,0.010727882,-0.5696726,-0.12778792,0.0142454505,-0.6691725,-0.14669728,0.046639144,-0.27873385,-0.07093092,0.076974094,-0.4038349,-0.120794505,0.09588075,-0.5075071,-0.16028112,0.11073053,-0.5981003,-0.18412966,0.09005219,-0.21341956,-0.07816265,0.086018085,-0.256756,-0.1340556,0.058665216,-0.20886391,-0.14918162,0.038689613,-0.15669364,-0.1540085
-0.056945533,-0.033353567,-0.046705108,-0.0688456,-0.13569236,-0.06694129,-0.008282661,-0.19680423,-0.07817926,0.053442597,-0.2276699,-0.092022,-0.068143845,-0.29558456,-0.060529772,-0.08933848,-0.43665373,-0.09183906,-0.10109258,-0.54442716,-0.11678279,-0.11311185,-0.6360364,-0.13738146,-0.0060629845,-0.30808926,-0.063374266,0.00018173456,-0.45568898,-0.09467794,0.009346604,-0.57104445,-0.12310924,0.014452755,-0.6707721,-0.14178674,0.04554838,-0.27899897,-0.06943388,0.07694107,-0.40341446,-0.11880895,0.096162796,-0.5076362,-0.16077162,0.11165595,-0.59801674,-0.18673481,0.08858746,-0.21444088,-0.076362416,0.08228284,-0.25102878,-0.13456087,0.054126024,-0.20015901,-0.15321477,0.033731043,-0.14697266,-0.16055605
-0.055260718,-0.02939558,-0.048364848,-0.06908974,-0.12667727,-0.070403256,-0.008800805,-0.18698436,-0.083180815,0.0528422,-0.21735239,-0.098608054,-0.06701845,-0.2931723,-0.06444442,-0.08863482,-0.4330032,-0.097252026,-0.09987068,-0.5388367,-0.123778075,-0.1116139,-0.62919015,-0.14522056,-0.0051863194,-0.30428803,-0.0667518,0.0017161965,-0.45161343,-0.100325055,0.010700583,-0.5663489,-0.1298722,0.014815807,-0.6671079,-0.14893898,0.045672774,-0.27451253,-0.072141305,0.07695812,-0.39970154,-0.1216949,0.09474337,-0.5014825,-0.16187257,0.10880542,-0.59095705,-0.18635379,0.08848572,-0.21022826,-0.07869384,0.08712113,-0.24983972,-0.13466567,0.062225938,-0.20019591,-0.1506052,0.0439862,-0.14746982,-0.15611957
-0.057630956,-0.030562103,-0.046547588,-0.071525395,-0.12906253,-0.068494596,-0.015000701,-0.19185346,-0.08186987,0.043589592,-0.22749668,-0.09826751,-0.07145485,-0.29899657,-0.061519396,-0.093835294,-0.43955767,-0.0955417,-0.10508275,-0.5463568,-0.12355573,-0.11632118,-0.63735867,-0.14586143,-0.009385467,-0.31059003,-0.06539825,-0.0025101304,-0.45890045,-0.09908742,0.006069541,-0.5760697,-0.12976241,0.009193718,-0.67995286,-0.14973499,0.04215628,-0.2812345,-0.07248289,0.07025319,-0.4076959,-0.12271871,0.08745623,-0.5111747,-0.16426884,0.10135287,-0.6025409,-0.18990152,0.08554053,-0.21735668,-0.08058545,0.0806759,-0.25454098,-0.13815553,0.056307554,-0.2026974,-0.15522228,0.03935969,-0.14946145,-0.16140962
-0.05761829,-0.03029859,-0.045953088,-0.07225585,-0.13054866,-0.06658708,-0.013724983,-0.19401556,-0.07880091,0.046684146,-0.22895604,-0.09397,-0.07088429,-0.29940522,-0.059001844,-0.09361768,-0.44070446,-0.091354124,-0.104683965,-0.54856074,-0.11809891,-0.11573288,-0.6398056,-0.1398327,-0.00834626,-0.3120513,-0.06262812,-0.000603199,-0.45982414,-0.09482197,0.008283913,-0.57692474,-0.124963515,0.011847913,-0.6803472,-0.14475422,0.043121755,-0.28281677,-0.06951403,0.07148403,-0.40875626,-0.11891557,0.08816618,-0.51191115,-0.1611026,0.10138601,-0.6030108,-0.18730526,0.086366236,-0.21847343,-0.07737012,0.080411136,-0.25408113,-0.13529696,0.05367595,-0.2032888,-0.15385507,0.033796906,-0.1513648,-0.1611263
-0.057411134,-0.029222727,-0.047266748,-0.0715577,-0.12812626,-0.0694923,-0.014508069,-0.19080198,-0.083317086,0.046238422,-0.2258395,-0.10045712,-0.070310324,-0.29897213,-0.06242123,-0.09210673,-0.44158158,-0.09856843,-0.10463455,-0.55305386,-0.12914453,-0.11637655,-0.6478009,-0.15340406,-0.008728087,-0.31254214,-0.065537095,-0.00074094534,-0.45871407,-0.09895153,0.0076707006,-0.5758523,-0.13027978,0.01043117,-0.6789013,-0.15111728,0.04320544,-0.2838881,-0.07187887,0.07159853,-0.41051674,-0.12133541,0.09002882,-0.51266044,-0.16250528,0.10492343,-0.6032679,-0.18834142,0.086218,-0.2196858,-0.07950183,0.080703974,-0.25333112,-0.13734584,0.056564927,-0.20025778,-0.15477447,0.040725827,-0.1471253,-0.16128066
-0.057687998,-0.03226006,-0.047195774,-0.071389735,-0.13068914,-0.069232024,-0.0141759515,-0.19463396,-0.082234785,0.043106496,-0.23415256,-0.09768547,-0.07158643,-0.30016512,-0.06347014,-0.09377071,-0.44184488,-0.09654558,-0.1052807,-0.54909265,-0.12306357,-0.11736786,-0.6410825,-0.14422472,-0.009625554,-0.3109399,-0.066996835,-0.0034754276,-0.46138763,-0.10193266,0.0048788786,-0.5790985,-0.13178273,0.0084575415,-0.6817455,-0.15032731,0.042105258,-0.28071326,-0.07348056,0.070774674,-0.40863544,-0.12475036,0.08836979,-0.51249313,-0.1648775,0.10272038,-0.60377383,-0.18851003,0.085769296,-0.21495277,-0.08091279,0.081947625,-0.25690764,-0.1373464,0.05537772,-0.20631939,-0.15218621,0.035963893,-0.15211797,-0.15639098
-0.056312203,-0.026760519,-0.047086336,-0.06999919,-0.12867403,-0.06784502,-0.009118557,-0.19008863,-0.07919037,0.054907203,-0.21822375,-0.093470104,-0.068175316,-0.2926427,-0.06478202,-0.0899007,-0.43300265,-0.09697709,-0.10203996,-0.54026353,-0.12290005,-0.11423415,-0.6319132,-0.14402953,-0.0068011284,-0.30432844,-0.06666766,-0.0009686947,-0.44990098,-0.09955094,0.0077205896,-0.56370693,-0.12836243,0.011788249,-0.66388327,-0.14682278,0.04469651,-0.27539778,-0.07129951,0.074688256,-0.39961663,-0.12063434,0.093176365,-0.5025735,-0.16126774,0.107738435,-0.5926834,-0.1859883,0.08755833,-0.21177047,-0.076848045,0.084472,-0.24562114,-0.13252223,0.060061336,-0.19156402,-0.14862525,0.043515205,-0.13549966,-0.15430163
-0.056952298,-0.028686225,-0.046061747,-0.07127598,-0.12951684,-0.06752586,-0.012322009,-0.19339299,-0.079768926,0.04835075,-0.22603607,-0.09469405,-0.07078236,-0.2946458,-0.0631676,-0.0923315,-0.43648398,-0.093760625,-0.103291035,-0.54300046,-0.11794934,-0.115216225,-0.6340141,-0.13807525,-0.008816242,-0.30592775,-0.06587152,-0.0024379492,-0.45292917,-0.098269165,0.007344961,-0.5650723,-0.12620679,0.012302458,-0.66348255,-0.14410484,0.04274273,-0.27686322,-0.07123995,0.072746456,-0.40235814,-0.12059539,0.09240365,-0.5072804,-0.16058677,0.10809559,-0.5982175,-0.18502752,0.086429715,-0.21415627,-0.077296905,0.082512796,-0.25266832,-0.13306698,0.05680877,-0.2009545,-0.14877154,0.038602352,-0.14586502,-0.1542255
-0.056952298,-0.028686225,-0.046061747,-0.07127598,-0.12951684,-0.06752586,-0.012322009,-0.19339299,-0.079768926,0.04835075,-0.22603607,-0.09469405,-0.07078236,-0.2946458,-0.0631676,-0.0923315,-0.43648398,-0.093760625,-0.103291035,-0.54300046,-0.11794934,-0.115216225,-0.6340141,-0.13807525,-0.008816242,-0.30592775,-0.06587152,-0.0024379492,-0.45292917,-0.098269165,0.007344961,-0.5650723,-0.12620679,0.012302458,-0.66348255,-0.14410484,0.04274273,-0.27686322,-0.07123995,0.072746456,-0.40235814,-0.12059539,0.09240365,-0.5072804,-0.16058677,0.10809559,-0.5982175,-0.18502752,0.086429715,-0.21415627,-0.077296905,0.082512796,-0.25266832,-0.13306698,0.05680877,-0.2009545,-0.14877154,0.038602352,-0.14586502,-0.1542255
-0.05830574,-0.028869629,-0.046633206,-0.070450455,-0.1314618,-0.06735266,-0.009280503,-0.19590205,-0.07947624,0.053750157,-0.22797608,-0.09450438,-0.07216984,-0.2960549,-0.059957027,-0.09352797,-0.4366628,-0.09180591,-0.10542625,-0.5442644,-0.11759052,-0.116953194,-0.6358261,-0.13879554,-0.010323167,-0.3084613,-0.06273815,-0.005385816,-0.45670485,-0.09291031,0.0032631159,-0.5721903,-0.12077962,0.008470893,-0.6728221,-0.13943484,0.041674793,-0.2787153,-0.068868294,0.071655214,-0.40458423,-0.11675795,0.08973724,-0.5090784,-0.15790364,0.10502726,-0.59927845,-0.18376184,0.08475691,-0.21377224,-0.07606251,0.07949644,-0.24943858,-0.13330092,0.051923573,-0.19813544,-0.1518323,0.033044875,-0.1448614,-0.15932475
-0.05652398,-0.030284524,-0.045242555,-0.069857836,-0.13477528,-0.06479729,-0.0092448,-0.19815671,-0.07630819,0.05342114,-0.22891057,-0.09105984,-0.07403049,-0.2998504,-0.05618944,-0.09630117,-0.43982428,-0.086503305,-0.10854542,-0.54784644,-0.112255864,-0.12189323,-0.6397169,-0.13375442,-0.012862921,-0.313187,-0.059524138,-0.0062869787,-0.4584573,-0.08781466,0.0037366152,-0.5728352,-0.11595044,0.00905472,-0.6724258,-0.13527754,0.03883463,-0.28496915,-0.066173695,0.068066955,-0.4098288,-0.11191402,0.08759999,-0.51332545,-0.15298362,0.10407561,-0.60274804,-0.17965922,0.08350372,-0.22300541,-0.07398828,0.079927504,-0.25614274,-0.12991089,0.055625618,-0.20373946,-0.14822868,0.039081275,-0.15057027,-0.15608001
-0.056859434,-0.026211977,-0.048466984,-0.07052949,-0.12306976,-0.07100156,-0.012530446,-0.18228966,-0.08462761,0.048902094,-0.21358752,-0.10129317,-0.07224786,-0.29274964,-0.06353912,-0.096686095,-0.43261713,-0.09754997,-0.11010447,-0.5404682,-0.12534206,-0.12252712,-0.63155484,-0.14748852,-0.012121201,-0.30689907,-0.06469692,-0.0067973137,-0.45046198,-0.09684276,0.00078457594,-0.5631461,-0.12590799,0.0045896173,-0.6606961,-0.14458033,0.039328873,-0.2782966,-0.06898518,0.06913215,-0.40191868,-0.11738498,0.08675939,-0.5041003,-0.15840028,0.10170424,-0.59234804,-0.18387917,0.08127195,-0.21451789,-0.074470386,0.07817745,-0.24055511,-0.13211098,0.055279672,-0.18382633,-0.15038876,0.042087376,-0.12832308,-0.1572167
-0.05755061,-0.026113987,-0.04930171,-0.07098392,-0.12221873,-0.07287498,-0.013625979,-0.18325424,-0.08740297,0.047835827,-0.21766907,-0.1047867,-0.075169295,-0.29408038,-0.06426552,-0.09976587,-0.43679047,-0.098877996,-0.113143,-0.5470299,-0.12722105,-0.12609816,-0.64032143,-0.14981897,-0.014618516,-0.30913907,-0.065400004,-0.008734345,-0.4541039,-0.09647401,-0.00016391277,-0.56768966,-0.12509462,0.0039640665,-0.6660788,-0.14390916,0.037325203,-0.2812541,-0.06986352,0.065838575,-0.40487054,-0.11780042,0.08547717,-0.50833595,-0.1586056,0.10231453,-0.59744567,-0.18438874,0.08067083,-0.21825337,-0.07565951,0.0743202,-0.24479014,-0.13388903,0.05133629,-0.1881128,-0.15247977,0.038063526,-0.13253903,-0.15957887
-0.055645913,-0.025333405,-0.0495629,-0.07106465,-0.11925602,-0.07345272,-0.015565753,-0.17879212,-0.088272706,0.04518646,-0.21135628,-0.10630768,-0.07474303,-0.29091394,-0.065811925,-0.09676856,-0.43289053,-0.100691356,-0.11052191,-0.542572,-0.1291176,-0.12403703,-0.6352924,-0.15178646,-0.013818085,-0.30725086,-0.06689642,-0.00646919,-0.45203865,-0.098652326,0.0023311973,-0.5652616,-0.12811661,0.0067338347,-0.6648968,-0.14750756,0.03800404,-0.280931,-0.07104736,0.06831157,-0.40620023,-0.11923438,0.08781606,-0.508209,-0.16040227,0.104534626,-0.59738815,-0.18661316,0.08258802,-0.21927392,-0.076502174,0.0801484,-0.24361855,-0.13459526,0.059753716,-0.18578726,-0.15322787,0.048793733,-0.12957418,-0.16052988
-0.05476153,-0.025947869,-0.04887236,-0.06837699,-0.12490147,-0.0706275,-0.008506119,-0.18677652,-0.082962945,0.05461365,-0.21872932,-0.0981386,-0.0728873,-0.29079413,-0.06283794,-0.09522343,-0.42931318,-0.09398726,-0.10866767,-0.5347867,-0.11855629,-0.12224972,-0.6243049,-0.1387458,-0.0129749775,-0.30558836,-0.063946106,-0.007266164,-0.45282423,-0.0943155,0.00021117926,-0.5652516,-0.12171871,0.003950715,-0.66346043,-0.13939571,0.03827852,-0.27792782,-0.06824739,0.069784164,-0.40373725,-0.11675096,0.08843088,-0.5060682,-0.15790437,0.10416174,-0.5954828,-0.18346153,0.08201176,-0.2149378,-0.07359269,0.078989565,-0.24269503,-0.13146167,0.0559268,-0.18410748,-0.14976716,0.04192543,-0.1265114,-0.15679555
-0.054953992,-0.024974108,-0.0448878,-0.07264748,-0.12237346,-0.06557679,-0.021145046,-0.18463063,-0.07788463,0.035060167,-0.21665639,-0.09330519,-0.06979036,-0.2919733,-0.05909525,-0.09226826,-0.42701557,-0.089822054,-0.10729197,-0.53049326,-0.11499006,-0.12290949,-0.6181171,-0.13561653,-0.010013878,-0.30734485,-0.061807282,-0.0052301288,-0.45387837,-0.09121939,0.0017546415,-0.5661778,-0.11917081,0.004894614,-0.6642785,-0.1375248,0.04106772,-0.27971935,-0.067202896,0.0719834,-0.4059027,-0.11327434,0.08978915,-0.5073107,-0.15349352,0.105068564,-0.59406894,-0.17904009,0.08473623,-0.21731186,-0.07344347,0.08036846,-0.24480957,-0.12874126,0.0580014,-0.19017273,-0.14637876,0.04572606,-0.13528275,-0.15340282
-0.05546832,-0.02537167,-0.0465925,-0.07314178,-0.119365215,-0.06969848,-0.020601511,-0.18026,-0.084119014,0.038528442,-0.21187872,-0.10168169,-0.07121119,-0.29044044,-0.06499786,-0.09229937,-0.43072137,-0.09883863,-0.10524309,-0.5381762,-0.1257779,-0.11838737,-0.62887716,-0.14745957,-0.009809792,-0.30464214,-0.067617185,-0.0023920536,-0.45053852,-0.09974732,0.006243646,-0.56384706,-0.12857023,0.010715306,-0.6622797,-0.14740105,0.04218906,-0.2762971,-0.07290935,0.07260245,-0.40158734,-0.120991215,0.09070778,-0.50430954,-0.16132428,0.10608739,-0.5920254,-0.18672806,0.0862416,-0.21322668,-0.07916734,0.082074106,-0.24065912,-0.13610853,0.05847931,-0.18663526,-0.15393558,0.04449737,-0.13148504,-0.16076289
-0.05600843,-0.025853217,-0.046401914,-0.07144615,-0.12115455,-0.069999635,-0.016686797,-0.18085533,-0.084667616,0.042902708,-0.21266639,-0.10242912,-0.071531296,-0.28925812,-0.067037515,-0.09263533,-0.42940965,-0.10119562,-0.10548112,-0.5367685,-0.12825355,-0.11813182,-0.62855095,-0.15001738,-0.010528564,-0.30317307,-0.06913842,-0.0053595304,-0.44748473,-0.10178182,0.002636373,-0.55911374,-0.13035235,0.00693959,-0.6563591,-0.14891027,0.04197824,-0.27452862,-0.07358365,0.07243723,-0.39797357,-0.12255728,0.09167582,-0.50203437,-0.16271502,0.10731858,-0.59109133,-0.18769698,0.08550322,-0.21117705,-0.07872149,0.08081263,-0.23781258,-0.13600114,0.0553298,-0.18230754,-0.15321426,0.039821863,-0.12618166,-0.15947458
-0.054735154,-0.024706006,-0.04709294,-0.06937128,-0.12011373,-0.07026818,-0.012779057,-0.1799683,-0.084888734,0.046970606,-0.21129304,-0.10282614,-0.07051161,-0.28958207,-0.06449435,-0.09254542,-0.42777395,-0.098276205,-0.10571262,-0.5331587,-0.12586875,-0.11868769,-0.62206715,-0.14797674,-0.010686398,-0.30402458,-0.06653133,-0.0049118996,-0.4495422,-0.09881992,0.002620697,-0.56187665,-0.12835878,0.005725205,-0.65944076,-0.1476225,0.040472507,-0.27565718,-0.07122265,0.07217783,-0.402207,-0.11952456,0.09012824,-0.50312036,-0.16045459,0.1044094,-0.58936477,-0.18622503,0.08350003,-0.21262991,-0.07681288,0.084168255,-0.23877323,-0.13392842,0.0630793,-0.18473494,-0.15219383,0.05051613,-0.13071269,-0.15935262
-0.053611636,-0.02537936,-0.046569366,-0.06765634,-0.12279135,-0.06812461,-0.009487331,-0.18447536,-0.08129508,0.0509699,-0.21364337,-0.0977243,-0.069597274,-0.28944504,-0.060679097,-0.09075862,-0.4258008,-0.09208311,-0.103776306,-0.5307369,-0.11793533,-0.11761606,-0.6189252,-0.13898896,-0.010715365,-0.30355918,-0.06314487,-0.004814565,-0.4494065,-0.09327598,0.0031333566,-0.5626599,-0.12209131,0.0066837072,-0.66095567,-0.14109409,0.039506674,-0.27534163,-0.06842448,0.07200879,-0.40165862,-0.11521509,0.08987433,-0.5029707,-0.15631919,0.10411376,-0.5893525,-0.1823979,0.08248454,-0.21243423,-0.07469819,0.084106624,-0.24078012,-0.1306785,0.06330603,-0.1873442,-0.14876042,0.050536633,-0.13295448,-0.15601033
-0.054874778,-0.024719954,-0.04648041,-0.06952238,-0.12385726,-0.06656555,-0.012727797,-0.18661815,-0.07823308,0.047475338,-0.21755016,-0.092934,-0.07244724,-0.2930153,-0.058615442,-0.09514892,-0.43278793,-0.08981323,-0.10705209,-0.54000413,-0.11567431,-0.12066841,-0.6305764,-0.13668093,-0.012834609,-0.30737954,-0.06096854,-0.00750041,-0.452798,-0.09100079,0.0014163256,-0.5655215,-0.11946868,0.005431533,-0.66361207,-0.13784371,0.03767997,-0.27888638,-0.06637463,0.06872141,-0.4032937,-0.113301754,0.08710134,-0.50578594,-0.15411247,0.10195911,-0.5944573,-0.1795396,0.080666184,-0.21474695,-0.07285206,0.083134055,-0.2458421,-0.12868656,0.063546896,-0.19273192,-0.14607777,0.051512063,-0.13858414,-0.15256004
-0.054095566,-0.026378393,-0.043346453,-0.0694249,-0.12514448,-0.06341612,-0.014548719,-0.18739498,-0.075614,0.0440107,-0.21882206,-0.091173105,-0.073317915,-0.29387563,-0.058266945,-0.09591681,-0.43642974,-0.08824435,-0.10745418,-0.5440743,-0.11278944,-0.12094998,-0.6353766,-0.13325478,-0.013069212,-0.3077485,-0.062390637,-0.006086707,-0.4549823,-0.09196098,0.0035352707,-0.568578,-0.12063483,0.008153677,-0.667832,-0.13967364,0.038003445,-0.27933025,-0.068971254,0.06846112,-0.40572375,-0.11560627,0.087548375,-0.5093223,-0.156886,0.10345274,-0.5981598,-0.18326327,0.082531095,-0.21725404,-0.076193914,0.08088267,-0.24664855,-0.13179637,0.059919417,-0.19385993,-0.1494654,0.046906948,-0.13975686,-0.15661573
-0.055369973,-0.027160287,-0.042665776,-0.06979549,-0.12816507,-0.062874034,-0.014890671,-0.18779379,-0.07530811,0.041931927,-0.21850187,-0.0914142,-0.07274085,-0.29534376,-0.060278296,-0.09467012,-0.4367832,-0.09212862,-0.107290864,-0.54498386,-0.11872363,-0.121016145,-0.6368971,-0.14046375,-0.011424363,-0.3081978,-0.06496327,-0.0048890114,-0.45599383,-0.09617614,0.0032784343,-0.572142,-0.12637652,0.0064468384,-0.6741557,-0.14654791,0.040633023,-0.2794947,-0.07187875,0.06972653,-0.4069689,-0.11901683,0.086945415,-0.51095855,-0.16043663,0.101258755,-0.6008378,-0.18692593,0.08512008,-0.21767682,-0.07939631,0.08227867,-0.24664336,-0.13463445,0.0596717,-0.19429088,-0.15176123,0.045572817,-0.14141488,-0.15860797
-0.055369973,-0.027160287,-0.042665776,-0.06979549,-0.12816507,-0.062874034,-0.014890671,-0.18779379,-0.07530811,0.041931927,-0.21850187,-0.0914142,-0.07274085,-0.29534376,-0.060278296,-0.09467012,-0.4367832,-0.09212862,-0.107290864,-0.54498386,-0.11872363,-0.121016145,-0.6368971,-0.14046375,-0.011424363,-0.3081978,-0.06496327,-0.0048890114,-0.45599383,-0.09617614,0.0032784343,-0.572142,-0.12637652,0.0064468384,-0.6741557,-0.14654791,0.040633023,-0.2794947,-0.07187875,0.06972653,-0.4069689,-0.11901683,0.086945415,-0.51095855,-0.16043663,0.101258755,-0.6008378,-0.18692593,0.08512008,-0.21767682,-0.07939631,0.08227867,-0.24664336,-0.13463445,0.0596717,-0.19429088,-0.15176123,0.045572817,-0.14141488,-0.15860797
-0.05480662,-0.025263906,-0.045864187,-0.07235244,-0.12229502,-0.06780876,-0.016755104,-0.18605173,-0.08104738,0.043394923,-0.21865189,-0.097267136,-0.073239475,-0.2910968,-0.062631756,-0.096370906,-0.43053877,-0.09365103,-0.10881662,-0.5363158,-0.118851304,-0.12277204,-0.6265782,-0.13984619,-0.013083279,-0.30446184,-0.06561407,-0.007974327,-0.44989473,-0.09670469,0.00054854155,-0.5617584,-0.12540501,0.004558921,-0.6597498,-0.14440176,0.038070977,-0.27530771,-0.07115661,0.067735136,-0.40149385,-0.119250365,0.08521581,-0.5054767,-0.16019249,0.09935832,-0.59458494,-0.18605472,0.082353234,-0.2124278,-0.07743842,0.08010852,-0.24560535,-0.13401355,0.057218134,-0.19400734,-0.15159808,0.041980326,-0.13994211,-0.15854773
-0.052959025,-0.02499801,-0.042905454,-0.06851798,-0.12470621,-0.062372107,-0.012623668,-0.18695945,-0.07397517,0.045576096,-0.2182439,-0.089230604,-0.073563755,-0.29216814,-0.05870838,-0.095327675,-0.4334941,-0.088242576,-0.10770148,-0.54055405,-0.11284197,-0.12180263,-0.6316909,-0.13350216,-0.013398409,-0.3051527,-0.06282647,-0.0065668225,-0.45183572,-0.091950156,0.0022838712,-0.56614876,-0.121039905,0.007125616,-0.6664976,-0.14065693,0.038022578,-0.27650875,-0.06921358,0.06753588,-0.4053677,-0.11592175,0.08453882,-0.5084171,-0.15772216,0.09906882,-0.5973695,-0.18464379,0.08308715,-0.21420461,-0.07607503,0.08117771,-0.244228,-0.13228297,0.059655428,-0.19150144,-0.15047106,0.04651332,-0.13824588,-0.15805466
-0.052959025,-0.02499801,-0.042905454,-0.06851798,-0.12470621,-0.062372107,-0.012623668,-0.18695945,-0.07397517,0.045576096,-0.2182439,-0.089230604,-0.073563755,-0.29216814,-0.05870838,-0.095327675,-0.4334941,-0.088242576,-0.10770148,-0.54055405,-0.11284197,-0.12180263,-0.6316909,-0.13350216,-0.013398409,-0.3051527,-0.06282647,-0.0065668225,-0.45183572,-0.091950156,0.0022838712,-0.56614876,-0.121039905,0.007125616,-0.6664976,-0.14065693,0.038022578,-0.27650875,-0.06921358,0.06753588,-0.4053677,-0.11592175,0.08453882,-0.5084171,-0.15772216,0.09906882,-0.5973695,-0.18464379,0.08308715,-0.21420461,-0.07607503,0.08117771,-0.244228,-0.13228297,0.059655428,-0.19150144,-0.15047106,0.04651332,-0.13824588,-0.15805466
-0.054147393,-0.025499701,-0.04416881,-0.06612885,-0.12962312,-0.063803785,-0.0078079104,-0.18900782,-0.075292945,0.052572846,-0.21711904,-0.09066749,-0.071447104,-0.29486507,-0.06073234,-0.09496707,-0.43660426,-0.09304844,-0.10811195,-0.5461534,-0.12067873,-0.12202087,-0.6399832,-0.14324363,-0.011358023,-0.30697972,-0.0643126,-0.005385399,-0.45100474,-0.09457116,0.0020782948,-0.5654924,-0.12463307,0.0051677227,-0.66604817,-0.14493747,0.040342152,-0.27832818,-0.07044104,0.06786114,-0.40568078,-0.117622994,0.08425927,-0.5105382,-0.15981328,0.09829652,-0.6015384,-0.18692979,0.08430129,-0.21611953,-0.07734166,0.08091384,-0.24443603,-0.13382295,0.05829978,-0.18944329,-0.1517217,0.044893026,-0.13431722,-0.15900546
-0.053637475,-0.02606994,-0.044260353,-0.06552076,-0.1302877,-0.06402179,-0.005927384,-0.19147718,-0.07571091,0.055007637,-0.2203731,-0.09096348,-0.071143955,-0.29637325,-0.059028868,-0.09384537,-0.43796295,-0.08924178,-0.106068134,-0.54600924,-0.11483696,-0.119434744,-0.63758886,-0.13616623,-0.010828793,-0.30891186,-0.062360886,-0.0052384734,-0.4538617,-0.091832176,0.002796054,-0.5664432,-0.120907925,0.0066061616,-0.66450596,-0.1405338,0.040534675,-0.27977955,-0.06825874,0.06922752,-0.40762332,-0.11447051,0.086398244,-0.5108167,-0.15569472,0.10164416,-0.5994346,-0.18232836,0.08433461,-0.21749985,-0.074949294,0.080943584,-0.247271,-0.13038182,0.05879605,-0.19371498,-0.14816415,0.045972288,-0.14031392,-0.15562338
-0.054928064,-0.024965107,-0.044727404,-0.07072151,-0.12753224,-0.064663135,-0.013507366,-0.19018042,-0.076383606,0.047449052,-0.22005445,-0.091546886,-0.07314101,-0.29714227,-0.0593233,-0.096330285,-0.43846375,-0.09029594,-0.108578384,-0.5468168,-0.11679103,-0.122338176,-0.63889146,-0.13876687,-0.01270771,-0.30980295,-0.06241401,-0.007322967,-0.45298228,-0.09230513,0.00063717365,-0.5652173,-0.12197162,0.0038620234,-0.6638572,-0.1420674,0.038645864,-0.28115445,-0.06816945,0.06660056,-0.40650162,-0.11463017,0.083415926,-0.5100945,-0.15623993,0.097575426,-0.60030675,-0.18317255,0.08272529,-0.21922112,-0.074805774,0.07988584,-0.24923861,-0.13073307,0.057747126,-0.1965239,-0.14893396,0.043853164,-0.14403892,-0.15661424
-0.05694288,-0.028330564,-0.04448049,-0.069566846,-0.12678647,-0.066026635,-0.014746726,-0.18659925,-0.079266384,0.03996712,-0.22123253,-0.09573707,-0.072938085,-0.29677868,-0.061251484,-0.09441137,-0.43702728,-0.09317515,-0.10686833,-0.5441166,-0.1194162,-0.1204232,-0.63525736,-0.14078051,-0.01235491,-0.30915648,-0.06479567,-0.0076443553,-0.45495766,-0.09745612,0.0009174943,-0.56766737,-0.12743992,0.0052583218,-0.66650754,-0.14691478,0.039582014,-0.2807486,-0.07072206,0.06717229,-0.40648538,-0.119436696,0.08459908,-0.5105821,-0.16015331,0.099662244,-0.60022056,-0.18556656,0.083818614,-0.21907693,-0.07728634,0.07937294,-0.25138676,-0.13274074,0.05560106,-0.19899625,-0.1488499,0.04120004,-0.14504558,-0.15465853
-0.057769388,-0.027331233,-0.04523553,-0.07511878,-0.12339455,-0.067003444,-0.019588172,-0.18661904,-0.08063745,0.03747791,-0.22140473,-0.0972519,-0.07647511,-0.2954185,-0.05879103,-0.0980539,-0.4363731,-0.09031116,-0.10877153,-0.5422738,-0.116796464,-0.12045729,-0.6322788,-0.13855043,-0.014142454,-0.30780655,-0.061163995,-0.0075924397,-0.45465466,-0.090484865,0.0010309219,-0.5651558,-0.119392335,0.0058794618,-0.6629031,-0.13919611,0.037848413,-0.27786744,-0.066215985,0.06624508,-0.4046293,-0.11111494,0.08348185,-0.5057112,-0.1497477,0.099481046,-0.592915,-0.17490998,0.08190811,-0.21522701,-0.07224998,0.07550746,-0.24914604,-0.12581486,0.05100411,-0.20034307,-0.14189753,0.037542403,-0.1504814,-0.14821152
-0.054155827,-0.024068117,-0.04594367,-0.0714598,-0.11913574,-0.0685668,-0.017789125,-0.18328083,-0.082929455,0.040045977,-0.21883488,-0.10080357,-0.07581496,-0.2947011,-0.06249455,-0.09640959,-0.43620765,-0.09561993,-0.107524306,-0.5433333,-0.12321894,-0.12010747,-0.63518155,-0.14568172,-0.014220774,-0.30697066,-0.06608412,-0.008467734,-0.45525268,-0.09688151,0.00069803,-0.5708109,-0.12678677,0.0057129264,-0.6733341,-0.14726476,0.038026333,-0.27745104,-0.072367705,0.06507033,-0.40386263,-0.119482115,0.082540154,-0.5086537,-0.16024184,0.09850919,-0.5996083,-0.1867965,0.083390236,-0.21511573,-0.07965575,0.07808733,-0.24574101,-0.1359511,0.05437112,-0.19497508,-0.15361379,0.040593743,-0.14325738,-0.16092792
-0.052998275,-0.023405552,-0.045325577,-0.07139206,-0.11811966,-0.06759544,-0.018234432,-0.18099874,-0.08201679,0.041401386,-0.21336126,-0.09994911,-0.07345143,-0.2922827,-0.061514948,-0.09783876,-0.4347527,-0.09404553,-0.10922849,-0.5417609,-0.121313915,-0.12107453,-0.6332003,-0.14349963,-0.012955725,-0.30464178,-0.065748826,-0.0070009828,-0.45193815,-0.09628975,0.001052618,-0.5671202,-0.12669185,0.004884362,-0.6695689,-0.14729735,0.037635088,-0.27518958,-0.07261987,0.06598127,-0.4029148,-0.11982597,0.082549274,-0.50585455,-0.16199255,0.096797824,-0.59551024,-0.18944725,0.081293285,-0.21288896,-0.08039804,0.08091521,-0.23954761,-0.13760202,0.062294006,-0.18878984,-0.15677057,0.051525652,-0.13802826,-0.16500218
-0.053197682,-0.025553048,-0.044888575,-0.06797224,-0.12574965,-0.06482181,-0.01031512,-0.18537337,-0.077052526,0.04990238,-0.21288413,-0.092934564,-0.071603864,-0.29585826,-0.057606786,-0.09548205,-0.43645364,-0.088523515,-0.10707691,-0.5444608,-0.1155245,-0.119895875,-0.63722265,-0.1378325,-0.01188153,-0.30738813,-0.06166972,-0.00444752,-0.45093367,-0.090162195,0.0041043162,-0.565411,-0.12030122,0.008174539,-0.66728103,-0.14114675,0.038755953,-0.27800173,-0.06861475,0.06753659,-0.40384904,-0.114105776,0.08519,-0.5059595,-0.15599597,0.1000911,-0.5961033,-0.18349954,0.083114445,-0.21532184,-0.07666977,0.08301234,-0.24428862,-0.13209693,0.062491477,-0.19208568,-0.1501714,0.049129963,-0.14019734,-0.15799876
-0.053408414,-0.024716735,-0.04731328,-0.07152751,-0.119163215,-0.07021272,-0.016872644,-0.18227881,-0.084583074,0.04152614,-0.21689558,-0.10231099,-0.07424551,-0.29370773,-0.06341189,-0.09772429,-0.4348054,-0.09607908,-0.110146284,-0.5410569,-0.12302425,-0.12419462,-0.63136804,-0.14500973,-0.013156235,-0.30578178,-0.06684232,-0.0068299174,-0.45482582,-0.098529294,0.0014335513,-0.57008123,-0.12892304,0.004665613,-0.67176193,-0.14929943,0.037714243,-0.27597517,-0.073116235,0.0663203,-0.404755,-0.12138415,0.08281654,-0.5071003,-0.16273029,0.096386194,-0.5968344,-0.18919256,0.08228904,-0.21307838,-0.08036741,0.082304895,-0.24678516,-0.13719496,0.062315404,-0.1973542,-0.15491922,0.049550533,-0.1467942,-0.1620797
-0.05576265,-0.024006128,-0.04893675,-0.07109386,-0.11695975,-0.07343882,-0.01436317,-0.17805392,-0.08917162,0.046247423,-0.21346164,-0.10769471,-0.07367933,-0.29203963,-0.06499431,-0.09638125,-0.43436798,-0.09970654,-0.108840585,-0.54241896,-0.12790653,-0.12100053,-0.6341423,-0.15049332,-0.013162851,-0.30440652,-0.066732265,-0.008272111,-0.45144033,-0.09868231,1.9133091e-05,-0.56448674,-0.12787472,0.005101621,-0.66289365,-0.147236,0.038204312,-0.2745372,-0.07157349,0.06738597,-0.3999556,-0.11973274,0.08572298,-0.5023789,-0.15983479,0.10215706,-0.5905731,-0.1851715,0.08158636,-0.21044624,-0.07765278,0.07919419,-0.24137127,-0.13468717,0.055940866,-0.18929416,-0.15212338,0.04224348,-0.13563597,-0.15861174
-0.05386269,-0.025588512,-0.045206893,-0.069138795,-0.124039054,-0.06616117,-0.011859417,-0.18668723,-0.0788976,0.049683392,-0.21890843,-0.09490251,-0.07312378,-0.29437727,-0.05988773,-0.09695572,-0.43681753,-0.09103043,-0.109635115,-0.5447011,-0.116747074,-0.12314907,-0.63674504,-0.13791141,-0.013209283,-0.30683345,-0.0628773,-0.00820148,-0.45253617,-0.09244476,-0.0005173087,-0.5650004,-0.12057241,0.0032375455,-0.66365576,-0.13936327,0.037837148,-0.27764696,-0.06870145,0.066869855,-0.40376306,-0.11545189,0.08430934,-0.5082143,-0.15627773,0.09923917,-0.59878993,-0.18232207,0.08178997,-0.21443254,-0.07541788,0.08095503,-0.24612772,-0.13113995,0.05858314,-0.19331688,-0.14847185,0.0444358,-0.1388514,-0.15532972
-0.055419326,-0.025955558,-0.048065893,-0.07234922,-0.121747315,-0.07146164,-0.01459229,-0.18347669,-0.08629178,0.0478853,-0.21436709,-0.104467034,-0.074778974,-0.2914989,-0.06450228,-0.097195625,-0.43489808,-0.09799886,-0.10923034,-0.54288626,-0.12558858,-0.12221643,-0.63599676,-0.14814174,-0.013864934,-0.30455142,-0.06704363,-0.009399772,-0.45211214,-0.09833137,-0.0011911392,-0.5672761,-0.12857983,0.003712833,-0.66926146,-0.14934674,0.037617207,-0.2756605,-0.072462164,0.065962195,-0.40303937,-0.12045851,0.082874954,-0.5077727,-0.16243906,0.097786605,-0.598238,-0.1896747,0.082491755,-0.21377909,-0.07900361,0.08005214,-0.24613804,-0.13635631,0.057406545,-0.19578445,-0.15511878,0.043459654,-0.1441434,-0.16314417
-0.054956436,-0.024784148,-0.047979046,-0.071558595,-0.12230557,-0.07045159,-0.015160263,-0.18574089,-0.08429615,0.044748306,-0.21964848,-0.101645306,-0.07479635,-0.29582536,-0.06342375,-0.098245144,-0.43611902,-0.097586386,-0.111964166,-0.5445925,-0.12613216,-0.12588403,-0.6373167,-0.14933595,-0.013387799,-0.309013,-0.06654521,-0.008352637,-0.45623496,-0.09907887,6.622076e-05,-0.5716878,-0.12980486,0.004224479,-0.6742263,-0.15042052,0.038140655,-0.27980924,-0.07278386,0.06596458,-0.40771973,-0.12222503,0.08192873,-0.5103896,-0.16426185,0.09538871,-0.6010468,-0.19107106,0.08224118,-0.21622258,-0.08018912,0.08136755,-0.24713272,-0.13847338,0.060504496,-0.19328743,-0.156932,0.047858596,-0.13992721,-0.16450176
-0.054956436,-0.024784148,-0.047979046,-0.071558595,-0.12230557,-0.07045159,-0.015160263,-0.18574089,-0.08429615,0.044748306,-0.21964848,-0.101645306,-0.07479635,-0.29582536,-0.06342375,-0.098245144,-0.43611902,-0.097586386,-0.111964166,-0.5445925,-0.12613216,-0.12588403,-0.6373167,-0.14933595,-0.013387799,-0.309013,-0.06654521,-0.008352637,-0.45623496,-0.09907887,6.622076e-05,-0.5716878,-0.12980486,0.004224479,-0.6742263,-0.15042052,0.038140655,-0.27980924,-0.07278386,0.06596458,-0.40771973,-0.12222503,0.08192873,-0.5103896,-0.16426185,0.09538871,-0.6010468,-0.19107106,0.08224118,-0.21622258,-0.08018912,0.08136755,-0.24713272,-0.13847338,0.060504496,-0.19328743,-0.156932,0.047858596,-0.13992721,-0.16450176
-0.0559749,-0.028059483,-0.04846099,-0.0698933,-0.12511581,-0.07155029,-0.010609508,-0.18737572,-0.08586962,0.051298082,-0.22035682,-0.10326604,-0.075004876,-0.2970013,-0.062754855,-0.098455966,-0.44005162,-0.095360436,-0.11095172,-0.547506,-0.12235505,-0.12368339,-0.6392586,-0.14442113,-0.014107883,-0.3091275,-0.06482122,-0.01013571,-0.45486787,-0.096095785,-0.0012921095,-0.5670766,-0.1254871,0.0040807724,-0.66492116,-0.14517547,0.037564695,-0.2799309,-0.070090204,0.064668536,-0.40454873,-0.11815072,0.082347095,-0.50827,-0.15941557,0.0983215,-0.59816134,-0.18575747,0.08169019,-0.21755242,-0.0765501,0.07759607,-0.24942929,-0.13323711,0.054615617,-0.19578719,-0.1509835,0.040854573,-0.14080167,-0.15809941
-0.056370586,-0.0278849,-0.04801278,-0.07016453,-0.12300587,-0.07183722,-0.013001144,-0.18261826,-0.086991444,0.0481627,-0.21525747,-0.10516441,-0.07413903,-0.294935,-0.0632486,-0.097251445,-0.43552795,-0.09694601,-0.1097365,-0.54134357,-0.12403095,-0.12210277,-0.6317328,-0.14588115,-0.012964666,-0.30704635,-0.06611159,-0.0077703,-0.45661,-0.09842774,0.0009403229,-0.5702961,-0.12784818,0.0060492754,-0.67059803,-0.14722218,0.03868556,-0.27757347,-0.07213609,0.06698537,-0.4030544,-0.12128967,0.08469695,-0.5066592,-0.16223566,0.10070628,-0.5968622,-0.18790196,0.08313906,-0.21470028,-0.0792342,0.076693416,-0.24655652,-0.13633835,0.05152762,-0.19357628,-0.15360583,0.03616774,-0.13942021,-0.16012901
-0.05504933,-0.02721572,-0.051600613,-0.06985116,-0.12043095,-0.07763643,-0.0116913915,-0.18437421,-0.0943824,0.053180397,-0.2177763,-0.11397511,-0.074839115,-0.29001892,-0.06780377,-0.099039376,-0.4325641,-0.102716394,-0.11255619,-0.5410508,-0.13084036,-0.12559032,-0.6335054,-0.15342002,-0.0145305395,-0.3030517,-0.06820336,-0.011098802,-0.44780856,-0.0995186,-0.002182901,-0.55978024,-0.1283815,0.0038391352,-0.65695596,-0.14785908,0.037165582,-0.2737667,-0.07187944,0.065797925,-0.39834374,-0.12021581,0.083128154,-0.5036904,-0.1620113,0.098906934,-0.5941357,-0.18894257,0.08128536,-0.21089572,-0.07690928,0.07880223,-0.23888779,-0.13548969,0.056418836,-0.1867708,-0.15518723,0.04322374,-0.13403696,-0.16345803
-0.05459869,-0.028571486,-0.04682766,-0.071326464,-0.127864,-0.06806742,-0.011745095,-0.19242203,-0.08099793,0.052604616,-0.2235958,-0.09728734,-0.07442865,-0.29664946,-0.059927855,-0.09934071,-0.4392377,-0.091578044,-0.11236158,-0.5478407,-0.11802111,-0.12583113,-0.6405167,-0.13994242,-0.013630092,-0.30918413,-0.06301437,-0.009715378,-0.45616114,-0.09317248,-0.0016440153,-0.57161254,-0.12282997,0.0030522346,-0.67278206,-0.14306001,0.037893713,-0.27949506,-0.06928586,0.064861715,-0.40751976,-0.11748893,0.08062291,-0.51221836,-0.16040036,0.09497911,-0.60379,-0.18805,0.08302951,-0.21657813,-0.076571435,0.07801682,-0.24842435,-0.13506828,0.054985166,-0.19734699,-0.15506071,0.04043746,-0.14621198,-0.16384155
-0.052078098,-0.024222434,-0.048095345,-0.07025409,-0.119598866,-0.07184087,-0.012989879,-0.18284541,-0.08677297,0.050726295,-0.21434498,-0.10469812,-0.074082434,-0.29333627,-0.06494878,-0.09775525,-0.43708745,-0.09724589,-0.10976577,-0.54409826,-0.12323567,-0.12242705,-0.6365893,-0.14462665,-0.014047623,-0.30400538,-0.06793611,-0.008623064,-0.45239335,-0.099385045,0.0009781122,-0.5653862,-0.12877946,0.007564485,-0.66506827,-0.14844178,0.037117243,-0.27355945,-0.07369821,0.06738335,-0.40209138,-0.12311806,0.085443914,-0.5065511,-0.16498454,0.10149419,-0.59738886,-0.191584,0.082251966,-0.21030784,-0.080372185,0.08136821,-0.24287266,-0.13850084,0.060361564,-0.18879741,-0.1561951,0.04747057,-0.13307142,-0.16316956
-0.05268365,-0.0267151,-0.046152413,-0.068544805,-0.12539196,-0.06703903,-0.0108341575,-0.18839598,-0.07991069,0.053227723,-0.21767282,-0.096254975,-0.072886825,-0.29393274,-0.058299232,-0.09722912,-0.43528426,-0.08993196,-0.10972366,-0.54252553,-0.11612366,-0.122187406,-0.63421094,-0.1374966,-0.013209701,-0.30580753,-0.061907,-0.0068944097,-0.45417285,-0.09186219,0.0017619729,-0.57085,-0.12164988,0.006923616,-0.674706,-0.14151043,0.037413955,-0.2770731,-0.068634085,0.06671518,-0.40575528,-0.1170776,0.08348149,-0.50922525,-0.16039269,0.09839934,-0.6006409,-0.18793568,0.082056046,-0.2147035,-0.076303035,0.081270635,-0.24309719,-0.13471723,0.061782718,-0.18738836,-0.15426105,0.050941408,-0.13306183,-0.1624715
-0.054534942,-0.025049925,-0.046632927,-0.071650684,-0.1222468,-0.06847718,-0.015131414,-0.18665355,-0.0817847,0.046114206,-0.2206127,-0.098678775,-0.07626027,-0.2944119,-0.061909996,-0.09882155,-0.43568152,-0.093993396,-0.11119351,-0.54222465,-0.12050377,-0.123714805,-0.63360584,-0.14222415,-0.014760673,-0.30642247,-0.06549044,-0.009547651,-0.45604485,-0.095939815,-0.00037378073,-0.5711233,-0.1259399,0.0056210756,-0.6733214,-0.146192,0.037242055,-0.2770962,-0.0719295,0.065600336,-0.40619868,-0.12023834,0.08127636,-0.51004875,-0.1628374,0.09544188,-0.60095155,-0.19023675,0.08223826,-0.21405739,-0.0792339,0.08036852,-0.24337476,-0.13666204,0.06099522,-0.1893388,-0.15513308,0.050550103,-0.13524103,-0.16285028
-0.054413468,-0.02821374,-0.047238257,-0.07069966,-0.12653393,-0.06885878,-0.012008488,-0.18872559,-0.081925355,0.049630582,-0.22123212,-0.09811093,-0.07411936,-0.29625458,-0.060995046,-0.09819764,-0.4394633,-0.092511855,-0.11011037,-0.5460532,-0.11842726,-0.122843444,-0.63803476,-0.13993058,-0.012865841,-0.3076291,-0.064336434,-0.008620143,-0.45580733,-0.09525562,-0.00017249584,-0.570112,-0.12527263,0.005456388,-0.6712106,-0.14557289,0.038333476,-0.27757376,-0.07078511,0.06634694,-0.40377155,-0.119315736,0.08264011,-0.50891906,-0.16173653,0.09731668,-0.60125464,-0.18886615,0.08298999,-0.21449012,-0.07824402,0.079839945,-0.24863964,-0.13574871,0.056135714,-0.19944704,-0.15429522,0.04035437,-0.14870983,-0.16204715
-0.056323975,-0.026021183,-0.05138474,-0.06913301,-0.12291652,-0.07660296,-0.009480596,-0.1855784,-0.092399,0.05457592,-0.21949548,-0.11117209,-0.07359877,-0.2939226,-0.0674576,-0.09721023,-0.43519598,-0.10251417,-0.11068255,-0.54404837,-0.13089103,-0.12354249,-0.6361196,-0.1537697,-0.012798607,-0.3074028,-0.06828667,-0.009068131,-0.45171505,-0.10135592,0.0004313588,-0.5628725,-0.13076414,0.0065315366,-0.6595101,-0.15010954,0.038669586,-0.27859193,-0.07248077,0.06667155,-0.40302476,-0.12284878,0.08456957,-0.5070958,-0.16480124,0.10023165,-0.59688765,-0.1911556,0.08147496,-0.21506011,-0.07794077,0.079488814,-0.2438631,-0.13765197,0.057664275,-0.18970186,-0.15700126,0.045060456,-0.13451624,-0.16467504
-0.05345896,-0.028210342,-0.046042554,-0.0715386,-0.122945726,-0.068249896,-0.015692353,-0.18485314,-0.08228219,0.04413241,-0.216003,-0.09967446,-0.07462075,-0.29537004,-0.06138818,-0.09877133,-0.43839914,-0.09317311,-0.110586286,-0.54465526,-0.11917198,-0.123518586,-0.6361653,-0.1404844,-0.013332844,-0.30665213,-0.06543051,-0.007915616,-0.45697486,-0.09632626,0.00064492226,-0.5724709,-0.12621962,0.0060628057,-0.67511326,-0.14629216,0.03804773,-0.27662152,-0.072263636,0.066437185,-0.40413788,-0.11985163,0.08267182,-0.5093479,-0.16129673,0.0975219,-0.60174274,-0.18787761,0.08335674,-0.2142368,-0.08008334,0.080412805,-0.24845499,-0.1360651,0.058158755,-0.19887853,-0.15330325,0.04421246,-0.14798796,-0.16028212
-0.054916203,-0.028413832,-0.04900606,-0.070280015,-0.12646472,-0.0718833,-0.011738658,-0.18772602,-0.08572984,0.053599596,-0.21673077,-0.102698654,-0.07404888,-0.29446936,-0.06440968,-0.099285424,-0.43620914,-0.09778861,-0.11260241,-0.5433583,-0.12490392,-0.12611419,-0.6355293,-0.14693408,-0.013037324,-0.30687493,-0.06657164,-0.008744121,-0.45325536,-0.098847814,-0.0008175969,-0.5659261,-0.1283043,0.0035876632,-0.6647854,-0.14775601,0.038640738,-0.27734494,-0.07197544,0.066589475,-0.4016596,-0.12164292,0.08245081,-0.5067452,-0.16409002,0.096500754,-0.5987516,-0.19075184,0.08269167,-0.21422338,-0.07850701,0.07998502,-0.2455566,-0.13647307,0.05759144,-0.19294554,-0.15483192,0.043790936,-0.13919777,-0.16224086
-0.054263175,-0.027045608,-0.04797452,-0.070889086,-0.12369931,-0.07029139,-0.013198376,-0.18639922,-0.08402302,0.04985851,-0.217112,-0.10107886,-0.07567018,-0.29407066,-0.061882585,-0.10074532,-0.43599153,-0.09382127,-0.1132136,-0.5425099,-0.12011767,-0.12656409,-0.63417786,-0.14171395,-0.0146923065,-0.3058918,-0.06517108,-0.009930611,-0.45463204,-0.09635521,-0.0012337565,-0.5695858,-0.12640478,0.0037928224,-0.6716373,-0.14653666,0.036345243,-0.27638167,-0.07162327,0.0640679,-0.40396693,-0.12057186,0.07989633,-0.50885713,-0.16327536,0.0935213,-0.60161316,-0.19046347,0.08130157,-0.21372783,-0.079132594,0.08046883,-0.24832326,-0.13673653,0.059933484,-0.19740826,-0.15504092,0.046684027,-0.14554477,-0.1626215
-0.054521263,-0.028101504,-0.047991205,-0.070146084,-0.12590665,-0.06973485,-0.011729538,-0.18979877,-0.08288123,0.05045396,-0.22129673,-0.09921691,-0.07714981,-0.2953033,-0.05997961,-0.10139415,-0.43803674,-0.0910404,-0.11369628,-0.54466736,-0.11670535,-0.12729794,-0.6363274,-0.13780606,-0.01686591,-0.30681574,-0.062865235,-0.01208812,-0.45588788,-0.092693895,-0.0030319095,-0.57093036,-0.122522525,0.0025669932,-0.6738242,-0.14271972,0.03357488,-0.2776184,-0.06894943,0.061564147,-0.4063916,-0.11668264,0.078793526,-0.5112971,-0.1591822,0.093603075,-0.60430413,-0.18644287,0.07879573,-0.21575534,-0.07616519,0.07847518,-0.25231254,-0.13278176,0.057150245,-0.20166922,-0.1508574,0.04244691,-0.14989299,-0.15839028
-0.054854363,-0.028597295,-0.0490099,-0.07137224,-0.12626535,-0.071309164,-0.01301825,-0.18979537,-0.08500573,0.049368322,-0.2218355,-0.10171611,-0.076034665,-0.29807836,-0.06023931,-0.10027024,-0.439583,-0.09175015,-0.112292856,-0.54634666,-0.11811591,-0.12560695,-0.63803554,-0.13995762,-0.015076816,-0.3101319,-0.06300447,-0.009771228,-0.45593867,-0.09247425,-0.0006415248,-0.5693377,-0.12209905,0.0051410794,-0.670287,-0.14257616,0.035658658,-0.28033417,-0.069340475,0.06283754,-0.40543172,-0.116611354,0.07934767,-0.5090847,-0.15905873,0.093922675,-0.6011802,-0.18680573,0.080844164,-0.21773124,-0.07709057,0.07800859,-0.25199902,-0.13432571,0.054067552,-0.20345634,-0.15366587,0.036729455,-0.15471017,-0.16233948
-0.05463925,-0.027290821,-0.048483312,-0.07081649,-0.12723494,-0.070797294,-0.012075126,-0.19064432,-0.084323816,0.052430034,-0.22021878,-0.10115146,-0.07559946,-0.29424244,-0.062458616,-0.09978932,-0.43776584,-0.09424727,-0.11200184,-0.5453243,-0.12027645,-0.12470943,-0.6378738,-0.14188604,-0.014824688,-0.30690175,-0.064780794,-0.011122942,-0.45419872,-0.094853275,-0.0028079152,-0.56857795,-0.124385536,0.0030219555,-0.67006594,-0.14458837,0.03674841,-0.27822644,-0.07023052,0.06328148,-0.40431398,-0.11838288,0.080105305,-0.5091003,-0.16131568,0.095992506,-0.6007716,-0.18907009,0.082142234,-0.21674383,-0.07677337,0.07671547,-0.24748164,-0.13495755,0.053491056,-0.19364244,-0.154437,0.039937675,-0.13984674,-0.16287786
-0.05419618,-0.023299038,-0.050027873,-0.07142636,-0.11971378,-0.073952,-0.014216483,-0.18496966,-0.08841891,0.049724758,-0.21937478,-0.106314525,-0.07660174,-0.29041207,-0.06713502,-0.09998545,-0.43215975,-0.10118413,-0.113055766,-0.5392465,-0.12886487,-0.12583861,-0.63076496,-0.15134734,-0.015566349,-0.30272698,-0.06922266,-0.010480344,-0.45041478,-0.10101862,-0.0024697185,-0.5640178,-0.13163929,0.0024334788,-0.665287,-0.15231472,0.03589964,-0.27419728,-0.07437792,0.06397736,-0.402879,-0.12501925,0.079794526,-0.50577945,-0.16908555,0.094322085,-0.5968425,-0.19731277,0.080946624,-0.21173185,-0.08047274,0.079785705,-0.2387954,-0.14159667,0.060887218,-0.18268555,-0.1623128,0.050851405,-0.12820625,-0.17113045
-0.053123146,-0.023465753,-0.049092777,-0.06685346,-0.12081337,-0.07206745,-0.00882411,-0.18455577,-0.08589023,0.055244803,-0.21744132,-0.10311755,-0.072907776,-0.29212254,-0.06521993,-0.098152995,-0.43394142,-0.099666685,-0.11168867,-0.5430474,-0.12858716,-0.12515387,-0.63720834,-0.15201803,-0.012539983,-0.30467856,-0.06778499,-0.0072543025,-0.4500962,-0.099864855,0.000885129,-0.5645571,-0.1311716,0.0051303506,-0.66681504,-0.15228176,0.038411975,-0.27546972,-0.07335979,0.06516105,-0.40211546,-0.123746075,0.08151376,-0.5044934,-0.16680798,0.09589976,-0.59602344,-0.19401996,0.082262695,-0.21170115,-0.07995419,0.07941896,-0.24180949,-0.1395213,0.05925238,-0.18607235,-0.15796992,0.047773838,-0.13087678,-0.165133
-0.055756748,-0.025835872,-0.054077297,-0.07129073,-0.118938446,-0.08093794,-0.0138120055,-0.1792152,-0.09786624,0.050888956,-0.21189642,-0.118006214,-0.0740785,-0.29075313,-0.071258605,-0.09782183,-0.43170023,-0.108722836,-0.11214411,-0.5393676,-0.13930547,-0.12575138,-0.6314609,-0.1636208,-0.012999296,-0.3034256,-0.071941756,-0.009370029,-0.44717053,-0.10771173,-0.0022656918,-0.5580156,-0.14007133,0.0014687777,-0.6556387,-0.16136453,0.03854984,-0.27506185,-0.07607421,0.065035164,-0.39951035,-0.12932879,0.08067024,-0.50141346,-0.17320557,0.094171464,-0.5916209,-0.20075582,0.08143121,-0.21367782,-0.08157156,0.078391135,-0.23737764,-0.14321868,0.05870819,-0.18016541,-0.16287364,0.048146248,-0.124483466,-0.1707087
-0.05570802,-0.026593566,-0.050860498,-0.070450336,-0.12580895,-0.07421493,-0.010893166,-0.19024527,-0.08823243,0.053626597,-0.22457677,-0.10541577,-0.075187266,-0.29562128,-0.06429084,-0.09978622,-0.43665007,-0.097777985,-0.11222011,-0.544139,-0.12544413,-0.124893785,-0.63546944,-0.14790058,-0.01376915,-0.30817914,-0.06564032,-0.010132253,-0.4522645,-0.09702046,-0.0009570718,-0.5640423,-0.12676592,0.0045350194,-0.6614144,-0.14674015,0.037798107,-0.2790553,-0.07060137,0.06403881,-0.4010293,-0.119799845,0.080160856,-0.5049489,-0.16278666,0.09466809,-0.5961573,-0.19024482,0.08184695,-0.21602654,-0.07687113,0.07917595,-0.24483234,-0.13556214,0.058078468,-0.19244051,-0.15504518,0.045474827,-0.13977212,-0.1632165
-0.05710593,-0.025459766,-0.05268931,-0.07173276,-0.119722486,-0.07857475,-0.014665723,-0.18284404,-0.094829716,0.048690736,-0.21864158,-0.11410064,-0.077118576,-0.2936129,-0.06778739,-0.10109514,-0.43544397,-0.10394007,-0.113854885,-0.5437116,-0.13395235,-0.12678444,-0.63684213,-0.15784186,-0.015715778,-0.3073094,-0.06838459,-0.012587726,-0.4499396,-0.101382874,-0.003998697,-0.56140256,-0.1317411,0.00047641993,-0.65954965,-0.15209343,0.036058664,-0.27894914,-0.07259551,0.06242466,-0.4008218,-0.12207817,0.07907313,-0.50523055,-0.1639229,0.09362376,-0.5967807,-0.19055964,0.07953191,-0.21624446,-0.07836442,0.07769233,-0.24711019,-0.13683377,0.057030737,-0.19418532,-0.15519322,0.045217037,-0.1403616,-0.16238643
-0.057668775,-0.028495014,-0.048454594,-0.072383046,-0.12761933,-0.07063333,-0.01304853,-0.18889284,-0.084364355,0.050396323,-0.21936995,-0.101343974,-0.07562977,-0.29530805,-0.060256444,-0.0989182,-0.4351812,-0.09425759,-0.11118379,-0.5424768,-0.12284556,-0.12284076,-0.63389474,-0.1459209,-0.014549255,-0.30834764,-0.06213262,-0.010672152,-0.45402628,-0.09176988,-0.0023579001,-0.568444,-0.1211601,0.003417313,-0.6686567,-0.14133978,0.037129045,-0.27887392,-0.0675705,0.063802004,-0.40203926,-0.11395842,0.08134377,-0.50352883,-0.15485333,0.09827,-0.59174156,-0.18134804,0.0812006,-0.21533144,-0.074464105,0.0750674,-0.24438393,-0.13119088,0.051618278,-0.1919735,-0.14980479,0.039249778,-0.14030486,-0.15751842
-0.05648139,-0.029963374,-0.052702915,-0.07275632,-0.12479514,-0.078225754,-0.014775038,-0.18541145,-0.09412352,0.049490213,-0.21765846,-0.11335811,-0.077181995,-0.29198605,-0.06892068,-0.101221085,-0.4344278,-0.10588996,-0.11463481,-0.5421437,-0.13576199,-0.12780601,-0.6354299,-0.159501,-0.015809834,-0.30431056,-0.07072788,-0.011953831,-0.45239696,-0.105622604,-0.0035909414,-0.56751096,-0.13781025,0.001863718,-0.6703943,-0.15919314,0.036251843,-0.27691257,-0.07610418,0.061896145,-0.4029914,-0.12849315,0.078553736,-0.50795364,-0.17226271,0.093355894,-0.6018288,-0.19981998,0.08190465,-0.21695483,-0.08291393,0.0773558,-0.2479769,-0.14357445,0.055843174,-0.19254339,-0.16248931,0.04297012,-0.13765925,-0.16998197
-0.05715409,-0.030148804,-0.04943854,-0.06929159,-0.13152558,-0.07260653,-0.009025872,-0.19398898,-0.0866291,0.054701805,-0.22815412,-0.10395201,-0.07341915,-0.29687262,-0.06434361,-0.09802964,-0.43744758,-0.099105366,-0.11137444,-0.5453285,-0.12756872,-0.124029756,-0.63802683,-0.15050809,-0.012064934,-0.3101433,-0.06632661,-0.010044396,-0.45570278,-0.098631725,-0.0021389127,-0.56919336,-0.12813969,0.0028774738,-0.6687386,-0.14786486,0.03993541,-0.28202468,-0.07185846,0.06527817,-0.40525162,-0.1218096,0.08163434,-0.5102383,-0.16436826,0.09694421,-0.6018992,-0.19125585,0.084198,-0.21916497,-0.07863082,0.07615107,-0.24926883,-0.13793588,0.051041424,-0.19417089,-0.15721893,0.03606099,-0.1385352,-0.16508015
-0.056576163,-0.029261053,-0.046491146,-0.070067376,-0.12948823,-0.068278454,-0.011768401,-0.19178468,-0.081560515,0.04867071,-0.22590506,-0.09827349,-0.07263979,-0.29701716,-0.06068391,-0.09590435,-0.43759912,-0.09355268,-0.107759625,-0.5441798,-0.12076848,-0.11991745,-0.635477,-0.14303526,-0.010734737,-0.3089236,-0.06417835,-0.0056709647,-0.45610252,-0.0947345,0.0038835406,-0.5691401,-0.124318786,0.010024011,-0.6688285,-0.14441642,0.041077852,-0.27965254,-0.07088509,0.06684637,-0.40426642,-0.11904781,0.08397102,-0.5081578,-0.16082907,0.100402296,-0.59862125,-0.18766156,0.085722506,-0.21726817,-0.0785986,0.07654178,-0.24920893,-0.13646005,0.050843418,-0.1961149,-0.15494758,0.035794258,-0.14235735,-0.16254127
-0.05457771,-0.025519967,-0.048738416,-0.07101014,-0.12243134,-0.07073478,-0.014733553,-0.18714666,-0.08377735,0.048652828,-0.21977949,-0.09969447,-0.07553497,-0.2946828,-0.06133023,-0.09997839,-0.43608293,-0.093233466,-0.11274299,-0.54292095,-0.1191687,-0.12623194,-0.6340544,-0.1404921,-0.014687598,-0.3071702,-0.06372212,-0.009711087,-0.45348436,-0.0939701,0.0001359582,-0.56578404,-0.12283419,0.0064246655,-0.6645478,-0.14220116,0.036550403,-0.27827746,-0.06962282,0.06465924,-0.40288588,-0.11849699,0.08035278,-0.5067287,-0.16136292,0.09424621,-0.59800744,-0.18863195,0.0813995,-0.21556288,-0.07662835,0.0793823,-0.24619263,-0.1346455,0.057587802,-0.19331801,-0.15379263,0.04340148,-0.13944888,-0.1618831
-0.05379665,-0.024919868,-0.05044878,-0.06967637,-0.123049974,-0.073247306,-0.011515498,-0.18728042,-0.086289294,0.054194927,-0.21986437,-0.1020877,-0.073690385,-0.292467,-0.06590424,-0.099514365,-0.43461534,-0.099465206,-0.11368975,-0.54238033,-0.12594306,-0.12756643,-0.6345862,-0.14747715,-0.013140738,-0.30536675,-0.06785655,-0.010293901,-0.45395374,-0.09989577,-0.002041638,-0.5675508,-0.1289477,0.0032469034,-0.66777325,-0.14799955,0.03815478,-0.2768888,-0.07331863,0.06531209,-0.40199655,-0.12467042,0.08121228,-0.5066362,-0.1682114,0.094763696,-0.5989227,-0.19517784,0.08262938,-0.21348548,-0.07985529,0.07808739,-0.24413401,-0.1400526,0.054525018,-0.18818212,-0.15941522,0.038780093,-0.13080955,-0.16708332
-0.05640343,-0.028685212,-0.050007448,-0.070001006,-0.12790662,-0.07315639,-0.01226151,-0.18956071,-0.08680064,0.049704432,-0.2215575,-0.103317454,-0.0727092,-0.29532433,-0.06576232,-0.09647936,-0.43607932,-0.10008556,-0.11032042,-0.543503,-0.12737682,-0.12424627,-0.6356075,-0.14942431,-0.01215601,-0.3084364,-0.06762007,-0.008374572,-0.45476538,-0.10002564,1.1920929e-05,-0.5679158,-0.12950091,0.005501151,-0.6685451,-0.14906465,0.038875043,-0.28007436,-0.0729337,0.06525928,-0.4039945,-0.12286869,0.082322955,-0.5085544,-0.1652995,0.09742695,-0.60091573,-0.19201334,0.08302802,-0.21746373,-0.079531506,0.07758564,-0.24834526,-0.13793094,0.051425517,-0.19688314,-0.15688577,0.03323853,-0.14442915,-0.16467474
-0.054948926,-0.024859965,-0.05084596,-0.06738216,-0.11804187,-0.076580405,-0.009135067,-0.1795693,-0.09286519,0.052510798,-0.2139675,-0.11200846,-0.072610945,-0.2909972,-0.06752679,-0.09444648,-0.42857334,-0.10202281,-0.10872793,-0.5350112,-0.12984566,-0.12230232,-0.62510186,-0.15238024,-0.012373447,-0.30506617,-0.06823534,-0.00724864,-0.44787323,-0.10119616,0.001319766,-0.5570028,-0.13033327,0.0065104365,-0.6527004,-0.14944735,0.039249897,-0.27707976,-0.07199463,0.06791073,-0.40013605,-0.12163156,0.08576673,-0.5024863,-0.16205741,0.10151291,-0.5905161,-0.18738183,0.08232236,-0.21444601,-0.07697567,0.077478826,-0.24247372,-0.13511996,0.053807974,-0.18730342,-0.15286846,0.04058683,-0.13113976,-0.1595072
-0.054052502,-0.024030149,-0.048658375,-0.068136364,-0.11818677,-0.07310442,-0.010564625,-0.18034494,-0.08882783,0.051428556,-0.21225458,-0.10773889,-0.07179144,-0.28984576,-0.06644965,-0.09256515,-0.43072298,-0.101358585,-0.105125904,-0.53838074,-0.13000569,-0.117976844,-0.62999046,-0.1529409,-0.011665821,-0.30316585,-0.06782037,-0.0060558915,-0.44735807,-0.09919534,0.0023451447,-0.55854726,-0.12830989,0.006662011,-0.6557079,-0.14802945,0.03974849,-0.27428222,-0.0720378,0.06931919,-0.39821485,-0.1190218,0.08676398,-0.5009733,-0.1593572,0.10171598,-0.5881047,-0.18540859,0.08312935,-0.21130908,-0.07747964,0.08262324,-0.23830724,-0.13360879,0.06079793,-0.18644106,-0.15164913,0.0481413,-0.13269818,-0.15901597
-0.05556792,-0.025340438,-0.044879578,-0.07105011,-0.12751067,-0.064086124,-0.0118073225,-0.1879276,-0.0749341,0.047994554,-0.21569782,-0.08917476,-0.07262936,-0.29438353,-0.06001737,-0.096508384,-0.4350216,-0.09056606,-0.10916746,-0.54320824,-0.11675614,-0.12379059,-0.6361882,-0.13860327,-0.012455881,-0.30581474,-0.0637592,-0.006314695,-0.44996002,-0.09437249,0.0022287965,-0.5635761,-0.12514554,0.0060790777,-0.6643662,-0.14584291,0.037977993,-0.276142,-0.06998304,0.06606048,-0.4029376,-0.11761428,0.083593786,-0.5050382,-0.15948527,0.097449124,-0.59501445,-0.18607926,0.08220297,-0.21254653,-0.07698647,0.083338976,-0.2463544,-0.13214637,0.063441515,-0.19508725,-0.14876981,0.04972148,-0.14233649,-0.15532456
-0.05473864,-0.027696967,-0.043439433,-0.070860505,-0.12712014,-0.06320871,-0.014614642,-0.18865597,-0.075442836,0.04237789,-0.21906513,-0.091297194,-0.072267026,-0.29677153,-0.057047322,-0.09635371,-0.4375534,-0.08768077,-0.109096676,-0.54516184,-0.114183,-0.12334061,-0.6367822,-0.13618593,-0.011574864,-0.30893445,-0.061589826,-0.0058740973,-0.45427144,-0.09081634,0.0021366477,-0.5678127,-0.12101683,0.0054199696,-0.66755676,-0.14175074,0.039102793,-0.27928913,-0.06879328,0.067308664,-0.40739715,-0.114515886,0.08379263,-0.51003367,-0.1559783,0.09690571,-0.5986282,-0.18308772,0.08307499,-0.21655303,-0.07683099,0.08248645,-0.25041908,-0.13191421,0.061760545,-0.20117807,-0.14961192,0.047667265,-0.15016335,-0.1571413
-0.05457613,-0.027579904,-0.04322616,-0.06871989,-0.12769395,-0.062370926,-0.011844158,-0.18827462,-0.07417727,0.04595971,-0.21895075,-0.08960097,-0.0719454,-0.297262,-0.055127516,-0.09634206,-0.43686885,-0.085846566,-0.108529896,-0.54381204,-0.11271898,-0.12177673,-0.6353642,-0.13488054,-0.011318684,-0.3095988,-0.060118604,-0.0049533844,-0.45506442,-0.08950686,0.0032616258,-0.57104594,-0.12051206,0.006375134,-0.6744962,-0.1417157,0.03929633,-0.2801751,-0.06792886,0.06746036,-0.40647632,-0.113882,0.08351624,-0.5079088,-0.15596555,0.09600049,-0.5972066,-0.18325101,0.08330548,-0.21688664,-0.07667238,0.084409475,-0.24933165,-0.13147514,0.06436199,-0.19944572,-0.14914535,0.05028963,-0.14869857,-0.15659823
-0.058698416,-0.027226985,-0.05081667,-0.073476106,-0.12344146,-0.075441994,-0.017984152,-0.18242037,-0.09017506,0.040735006,-0.21609664,-0.1076886,-0.072710246,-0.29398602,-0.069849856,-0.09765643,-0.43308264,-0.10526669,-0.11297473,-0.5399063,-0.13345526,-0.12744537,-0.6309862,-0.15597779,-0.011565208,-0.307603,-0.07092981,-0.007800877,-0.4521439,-0.10593044,-0.00044757128,-0.56289595,-0.13583195,0.002937138,-0.6593589,-0.15496063,0.039781034,-0.2791052,-0.07511759,0.067650616,-0.40093476,-0.12636656,0.08435851,-0.50406826,-0.16829109,0.097727776,-0.5935339,-0.19423865,0.08164662,-0.21636742,-0.08048339,0.076937854,-0.24258089,-0.13927208,0.052599072,-0.18767083,-0.15768307,0.03679222,-0.1325075,-0.1647711
-0.05781752,-0.026844382,-0.04831232,-0.075384706,-0.12216163,-0.07208252,-0.021391094,-0.1854685,-0.08700703,0.035912752,-0.22219628,-0.105147935,-0.07585886,-0.29699582,-0.06457677,-0.100049734,-0.43767685,-0.098721065,-0.1132856,-0.5453476,-0.12687041,-0.1269207,-0.6377899,-0.14974515,-0.014249265,-0.31033838,-0.06732423,-0.010422289,-0.45522356,-0.099493764,-0.0022357106,-0.56766343,-0.12958062,0.0021296144,-0.66661847,-0.14997727,0.037564218,-0.28126138,-0.07323841,0.06394023,-0.40437406,-0.122176625,0.081145585,-0.5092888,-0.16431563,0.096265495,-0.6002289,-0.19157644,0.0818975,-0.21856588,-0.08029506,0.07536012,-0.2480076,-0.13856307,0.050857663,-0.19502538,-0.15757757,0.035207868,-0.14137256,-0.16570047
-0.055479676,-0.027649224,-0.052133694,-0.07018298,-0.12263769,-0.07812086,-0.0122926235,-0.18454534,-0.094364256,0.050651968,-0.21798992,-0.11328155,-0.07326612,-0.2964549,-0.06925006,-0.099247396,-0.4385817,-0.10369099,-0.112734795,-0.5455756,-0.13102658,-0.12682086,-0.63769567,-0.15333295,-0.011924863,-0.30897814,-0.07063183,-0.0075383186,-0.45397624,-0.10474609,0.0021773577,-0.5635179,-0.1346347,0.007989883,-0.6598345,-0.15415686,0.039268136,-0.27912223,-0.07531051,0.06693655,-0.40169093,-0.12677293,0.084929824,-0.5068234,-0.16897443,0.10060626,-0.5990828,-0.1954475,0.082698524,-0.21611243,-0.08126076,0.078382015,-0.24698353,-0.14086549,0.05471915,-0.19320601,-0.1593253,0.039314806,-0.13882041,-0.16659144
-0.05874598,-0.028688908,-0.051316734,-0.07077721,-0.1278379,-0.076502666,-0.012452304,-0.19158548,-0.09234752,0.050955415,-0.2263658,-0.11098472,-0.073779196,-0.2993912,-0.06631663,-0.09856132,-0.44014224,-0.101903304,-0.11226809,-0.54847145,-0.13076514,-0.12468538,-0.6406245,-0.15390834,-0.012303233,-0.31304783,-0.06755586,-0.0091333985,-0.45577985,-0.09983819,-0.00015944242,-0.5656763,-0.12872714,0.0055605173,-0.6613934,-0.14810176,0.03955221,-0.28445488,-0.07258952,0.06611329,-0.4053805,-0.12189103,0.082978904,-0.5105572,-0.16377293,0.09824276,-0.6016829,-0.19063888,0.08290923,-0.22134566,-0.07916823,0.07669395,-0.2491116,-0.13813646,0.050088167,-0.19647884,-0.15785584,0.032213926,-0.14291918,-0.16619225
-0.060279787,-0.032650948,-0.047278512,-0.07326487,-0.13540351,-0.06813552,-0.01315546,-0.19622362,-0.08045379,0.049951673,-0.22824925,-0.09551686,-0.07614562,-0.30379647,-0.056708965,-0.10015136,-0.4439531,-0.08915164,-0.11200148,-0.5514395,-0.11628746,-0.123505294,-0.6425811,-0.1384535,-0.01324898,-0.31423503,-0.059336435,-0.008818924,-0.45920095,-0.089220464,-0.0006223917,-0.56931555,-0.11791761,0.0045462847,-0.6669328,-0.1371808,0.039362907,-0.283849,-0.06575201,0.06572217,-0.40657675,-0.11303082,0.081780314,-0.5101742,-0.15362465,0.09739703,-0.60253966,-0.17954661,0.08352202,-0.21945447,-0.07344323,0.07324815,-0.25149792,-0.1297429,0.04578364,-0.20056152,-0.14715473,0.029058814,-0.1500457,-0.15400702
-0.056799233,-0.026869953,-0.050695866,-0.07093242,-0.12796545,-0.0744097,-0.010415792,-0.19169867,-0.088515356,0.055043995,-0.2247029,-0.10574867,-0.07221955,-0.29671383,-0.06684761,-0.096785486,-0.43607134,-0.102278024,-0.1101602,-0.5434456,-0.13137135,-0.12293118,-0.6356336,-0.15485516,-0.011145294,-0.308761,-0.0680126,-0.008302271,-0.45218056,-0.10046254,-0.0002901554,-0.56319344,-0.13012719,0.004717529,-0.6605135,-0.1498912,0.04057467,-0.27866483,-0.07259759,0.06785357,-0.39957115,-0.122659884,0.08495742,-0.50385296,-0.16487914,0.10070628,-0.59490895,-0.1914151,0.08368033,-0.21317858,-0.0784487,0.07785928,-0.24211633,-0.13807528,0.0539667,-0.18617421,-0.15697967,0.040450156,-0.13005167,-0.1643258
-0.055308133,-0.02682203,-0.052665893,-0.06807515,-0.124476135,-0.07709833,-0.009260356,-0.18845588,-0.0917672,0.055307984,-0.22331029,-0.10921389,-0.07514578,-0.2964155,-0.06642897,-0.0994131,-0.43964493,-0.10165629,-0.11202592,-0.5480797,-0.13019192,-0.12490988,-0.6416871,-0.15302394,-0.014243245,-0.3097005,-0.06730454,-0.011105776,-0.45785528,-0.09990503,-0.0024341345,-0.5722405,-0.12997313,0.0025410056,-0.6742617,-0.14989218,0.037299037,-0.28085726,-0.07192071,0.06426799,-0.40441567,-0.12260784,0.08177996,-0.509002,-0.16529651,0.09729302,-0.6021522,-0.1919109,0.08164859,-0.21708852,-0.07803274,0.07883489,-0.24932224,-0.13747773,0.05633712,-0.19387305,-0.15596783,0.042302012,-0.13793504,-0.16298449
-0.05656323,-0.028235912,-0.049929228,-0.06898421,-0.12861806,-0.07186954,-0.0096411705,-0.19061291,-0.0844057,0.05402738,-0.22261506,-0.100012876,-0.07497713,-0.29637784,-0.06243216,-0.09959492,-0.43754295,-0.09613335,-0.11332315,-0.5456568,-0.123750106,-0.12660378,-0.6382474,-0.14612252,-0.014036477,-0.30929768,-0.064475246,-0.010817468,-0.45600992,-0.09526225,-0.0026931763,-0.57034206,-0.12470958,0.0024754405,-0.6714285,-0.14451289,0.037363052,-0.28118342,-0.070292644,0.06390047,-0.4056716,-0.11963649,0.081507325,-0.51099396,-0.16263366,0.09746021,-0.60421425,-0.189837,0.08177626,-0.21831363,-0.07742207,0.07560831,-0.24981362,-0.13600576,0.051725566,-0.19364673,-0.15461975,0.037157238,-0.1366511,-0.16206774
-0.05838281,-0.028275669,-0.048946034,-0.07309508,-0.123998344,-0.07231904,-0.01830709,-0.18476564,-0.08631914,0.03939706,-0.22113931,-0.102749616,-0.07413122,-0.29788858,-0.06533028,-0.099532366,-0.43875754,-0.10000006,-0.11292493,-0.54592013,-0.12756766,-0.12562993,-0.6383853,-0.14966457,-0.012508929,-0.30959928,-0.06802416,-0.009223044,-0.4561283,-0.1020322,-0.00068742037,-0.5681907,-0.13125561,0.0045175552,-0.66662675,-0.1500739,0.03914112,-0.27990633,-0.07411714,0.06620383,-0.40346342,-0.12521456,0.083821535,-0.5077734,-0.16616538,0.099313974,-0.59936243,-0.19123201,0.08274144,-0.21501166,-0.08136736,0.07637167,-0.2501344,-0.13946281,0.04997921,-0.19724268,-0.15626732,0.032221615,-0.14196491,-0.16217771
-0.05671692,-0.027379036,-0.048575327,-0.07088828,-0.12627757,-0.07056071,-0.015848875,-0.1901558,-0.083079726,0.042322934,-0.2266522,-0.09804017,-0.07195577,-0.30010498,-0.06404976,-0.09768146,-0.44130912,-0.097402915,-0.11199409,-0.54893994,-0.12397826,-0.12606418,-0.6413795,-0.14552963,-0.010609925,-0.31225848,-0.0664652,-0.007956803,-0.45974126,-0.09985643,0.00059205294,-0.57174385,-0.12923686,0.0063337088,-0.66990125,-0.14808916,0.04069078,-0.28243387,-0.07211288,0.067338526,-0.40728298,-0.12299376,0.08444041,-0.51100975,-0.16458265,0.099874556,-0.6025361,-0.1900548,0.08407247,-0.2172386,-0.07880829,0.079252005,-0.25204998,-0.13655426,0.053837717,-0.19942695,-0.15371104,0.03680992,-0.14495158,-0.15996665
-0.05472356,-0.02651292,-0.04869623,-0.069217056,-0.12724519,-0.07151623,-0.012109995,-0.18875146,-0.085319325,0.050928175,-0.21936959,-0.10264007,-0.07207799,-0.29927814,-0.06397752,-0.097245604,-0.4388245,-0.09870245,-0.11081046,-0.5458161,-0.12817642,-0.124411404,-0.63806075,-0.1520296,-0.010959327,-0.31101114,-0.06734535,-0.005815327,-0.4569918,-0.100331664,0.0012678504,-0.5720973,-0.13239047,0.0041823387,-0.6764275,-0.15397292,0.04060006,-0.28165132,-0.07393997,0.065240145,-0.40754345,-0.124509595,0.080869675,-0.51189476,-0.16803099,0.094820976,-0.6057273,-0.19568785,0.08500528,-0.2186408,-0.08172978,0.07774252,-0.24800235,-0.14099629,0.05359626,-0.1926195,-0.159589,0.038355947,-0.13779497,-0.16716592
-0.05614078,-0.026005149,-0.051353414,-0.072998255,-0.12046522,-0.0766172,-0.017587662,-0.18277812,-0.09207921,0.044423103,-0.21745086,-0.110306524,-0.074864715,-0.29379278,-0.06947746,-0.1006186,-0.43522686,-0.10510468,-0.11448568,-0.54228216,-0.1333195,-0.12852663,-0.63449055,-0.15597151,-0.013388395,-0.3062985,-0.07156831,-0.008662581,-0.4532084,-0.106159665,1.013279e-06,-0.56580853,-0.13638668,0.0046874285,-0.66561174,-0.15620369,0.03789413,-0.2775169,-0.07706795,0.064790785,-0.40048638,-0.12864998,0.08071554,-0.5059397,-0.17104615,0.09394008,-0.5994022,-0.1975985,0.082715094,-0.21506447,-0.08389238,0.07760614,-0.24661815,-0.14269024,0.051651,-0.19539279,-0.16083907,0.032352865,-0.14230287,-0.16808131
-0.055794597,-0.029623091,-0.046694834,-0.071400195,-0.12643552,-0.06884525,-0.015361249,-0.18613493,-0.082228355,0.044537067,-0.21694905,-0.09843029,-0.07168943,-0.29575425,-0.06339364,-0.096559465,-0.43692046,-0.0955773,-0.11042634,-0.5434052,-0.121273845,-0.12555319,-0.6348202,-0.14242415,-0.010833204,-0.30695617,-0.06704235,-0.0060317516,-0.4537062,-0.0993075,0.0018568039,-0.56625074,-0.12874588,0.006221473,-0.6651234,-0.1482649,0.040284336,-0.27665985,-0.07361273,0.06814355,-0.40194705,-0.12287925,0.08326626,-0.5070879,-0.16452204,0.096037805,-0.5987726,-0.19075379,0.08475959,-0.21279609,-0.08111728,0.080931544,-0.24833643,-0.13742931,0.05372703,-0.20087165,-0.15467326,0.032977104,-0.1499021,-0.16162977
-0.05500865,-0.024449885,-0.05184152,-0.07239324,-0.12091982,-0.07670753,-0.01623118,-0.18561685,-0.09179023,0.047960877,-0.21935093,-0.110046804,-0.076999426,-0.29412007,-0.068591006,-0.10058531,-0.43706125,-0.10321905,-0.11337447,-0.544827,-0.13120547,-0.12723899,-0.6376801,-0.15383816,-0.01578337,-0.3070444,-0.06979411,-0.011257172,-0.45463842,-0.10232162,-0.001972258,-0.56758523,-0.13228826,0.0033279061,-0.6683972,-0.15233614,0.035908878,-0.27908993,-0.074299045,0.06270909,-0.40438452,-0.12430035,0.08008158,-0.50936526,-0.16672981,0.09524053,-0.6021838,-0.19382815,0.08125657,-0.21792889,-0.08016522,0.07947767,-0.24838173,-0.1391179,0.05827886,-0.19327348,-0.15762888,0.045065224,-0.13779962,-0.16511023
-0.054803163,-0.025949538,-0.052533086,-0.07326457,-0.11968881,-0.07791164,-0.018360078,-0.18014443,-0.093490295,0.04501915,-0.21235865,-0.11235263,-0.076527655,-0.2934518,-0.069268204,-0.09913769,-0.43529874,-0.10482752,-0.112965345,-0.54325926,-0.13325642,-0.1274052,-0.63589084,-0.15615694,-0.014716089,-0.30615753,-0.07099944,-0.009153545,-0.45525408,-0.10491995,0.00061416626,-0.5686033,-0.13602634,0.006472826,-0.6694572,-0.15663324,0.03777349,-0.27829254,-0.076158896,0.06424439,-0.4047636,-0.12817591,0.08041996,-0.5094858,-0.17199804,0.094863534,-0.60278517,-0.19975866,0.08357525,-0.21763158,-0.08260767,0.07832587,-0.24485862,-0.1433256,0.057475805,-0.18818396,-0.16269599,0.045558512,-0.13232094,-0.17065556
-0.056986153,-0.02782023,-0.04975627,-0.07406932,-0.12314534,-0.07394217,-0.019356906,-0.18546915,-0.0887508,0.040612698,-0.22137493,-0.106482066,-0.07242471,-0.29665303,-0.06688539,-0.09775406,-0.4359262,-0.100867316,-0.110874295,-0.54154325,-0.12835403,-0.12464231,-0.632112,-0.15073441,-0.010898054,-0.30831617,-0.06916234,-0.0069720745,-0.45236412,-0.103677884,0.0018178225,-0.5628277,-0.13433668,0.0064902306,-0.6594566,-0.15429482,0.040091634,-0.27800685,-0.07455625,0.06637895,-0.39857572,-0.12588322,0.081879675,-0.5028118,-0.16848141,0.09512603,-0.5945279,-0.19509318,0.08269966,-0.2142849,-0.08099422,0.077771485,-0.24580115,-0.1400965,0.05346006,-0.19469774,-0.15878063,0.0373286,-0.14266384,-0.16619411
-0.059861004,-0.030854762,-0.056992803,-0.07523975,-0.12339318,-0.085913695,-0.018868864,-0.18185699,-0.10441999,0.04068184,-0.21996099,-0.12584333,-0.07519117,-0.29781544,-0.07344523,-0.09948078,-0.4372525,-0.112343095,-0.11455959,-0.54451704,-0.1437998,-0.12854719,-0.6368909,-0.16863506,-0.013367355,-0.31089556,-0.07363936,-0.010144711,-0.4556312,-0.11025984,-0.0019560456,-0.56643724,-0.14302722,0.0033462644,-0.66450536,-0.16475269,0.038466632,-0.28250992,-0.077857085,0.06293321,-0.40380582,-0.13152309,0.07967895,-0.5078526,-0.17615949,0.09494579,-0.600337,-0.20472112,0.08161318,-0.22178471,-0.08388913,0.071952224,-0.24487168,-0.14685728,0.046421945,-0.18806171,-0.16818477,0.030774057,-0.13402915,-0.1774047
-0.059528768,-0.028900266,-0.054160625,-0.07508302,-0.123435915,-0.081348985,-0.019922853,-0.1840654,-0.098214895,0.038116157,-0.22218007,-0.11775922,-0.075006485,-0.29715067,-0.07305311,-0.0991348,-0.43686157,-0.11171317,-0.11368817,-0.54462546,-0.14282678,-0.12759471,-0.63704884,-0.16736634,-0.012904346,-0.31023645,-0.07414207,-0.009621501,-0.45536155,-0.111716524,-0.0018034577,-0.5676212,-0.1439375,0.0027385354,-0.66567564,-0.16490646,0.039545894,-0.28114504,-0.07883042,0.064542174,-0.40256965,-0.13279794,0.080975056,-0.50713414,-0.17589985,0.09570074,-0.5995611,-0.2027409,0.08366364,-0.21783924,-0.085026644,0.075653374,-0.24724561,-0.14638992,0.047680914,-0.19524395,-0.16550077,0.028493166,-0.14303833,-0.17303681
-0.059528768,-0.028900266,-0.054160625,-0.07508302,-0.123435915,-0.081348985,-0.019922853,-0.1840654,-0.098214895,0.038116157,-0.22218007,-0.11775922,-0.075006485,-0.29715067,-0.07305311,-0.0991348,-0.43686157,-0.11171317,-0.11368817,-0.54462546,-0.14282678,-0.12759471,-0.63704884,-0.16736634,-0.012904346,-0.31023645,-0.07414207,-0.009621501,-0.45536155,-0.111716524,-0.0018034577,-0.5676212,-0.1439375,0.0027385354,-0.66567564,-0.16490646,0.039545894,-0.28114504,-0.07883042,0.064542174,-0.40256965,-0.13279794,0.080975056,-0.50713414,-0.17589985,0.09570074,-0.5995611,-0.2027409,0.08366364,-0.21783924,-0.085026644,0.075653374,-0.24724561,-0.14638992,0.047680914,-0.19524395,-0.16550077,0.028493166,-0.14303833,-0.17303681
-0.05789423,-0.028315485,-0.05105829,-0.07017252,-0.12600493,-0.074983686,-0.011703312,-0.18860048,-0.089563794,0.048742414,-0.2259633,-0.10684495,-0.07563084,-0.29898047,-0.06287023,-0.09954348,-0.43747503,-0.098429576,-0.11197621,-0.54433966,-0.12773508,-0.12410098,-0.6350405,-0.15112172,-0.014399707,-0.31186116,-0.06471934,-0.012687206,-0.45818502,-0.09706409,-0.0059154034,-0.57143307,-0.12697892,-0.0021825433,-0.67175585,-0.14697911,0.037281454,-0.28295386,-0.070586264,0.06306249,-0.40568924,-0.12018942,0.08042407,-0.5091628,-0.16124484,0.096331656,-0.6010112,-0.18722321,0.081466615,-0.21907127,-0.07801915,0.07441032,-0.25122142,-0.13665424,0.04877913,-0.19927949,-0.15465733,0.032624662,-0.14747459,-0.1616214
-0.05636272,-0.028263092,-0.048217986,-0.07206577,-0.12739682,-0.06988474,-0.016338825,-0.19143766,-0.082802474,0.041944683,-0.2283361,-0.09881463,-0.07694769,-0.30014628,-0.05954316,-0.10116562,-0.4404781,-0.092437044,-0.114037335,-0.5467614,-0.119814985,-0.12807488,-0.637836,-0.14207195,-0.015679002,-0.31317264,-0.062799715,-0.011883795,-0.4619733,-0.09453711,-0.0032334328,-0.57657707,-0.124684125,0.0011889338,-0.67866844,-0.14479418,0.0354203,-0.2842394,-0.06971184,0.06124097,-0.41054899,-0.11892409,0.077756464,-0.5153875,-0.16115399,0.09201372,-0.60917807,-0.18788284,0.08006936,-0.2210316,-0.0778922,0.07633674,-0.25778705,-0.13528073,0.052606642,-0.207241,-0.15311079,0.035894275,-0.15576476,-0.1603241
-0.056301594,-0.02726829,-0.051705666,-0.070251375,-0.12586844,-0.07636056,-0.013243556,-0.19170612,-0.09161855,0.04756105,-0.23081988,-0.10986799,-0.07526082,-0.298267,-0.0652181,-0.09942484,-0.43843204,-0.10147809,-0.11193925,-0.54602444,-0.1316296,-0.12453726,-0.6378497,-0.15576442,-0.013985336,-0.31109548,-0.06704366,-0.010856628,-0.45701903,-0.1003607,-0.0017894506,-0.5698614,-0.13148935,0.0035153627,-0.6696858,-0.15252584,0.037576437,-0.28182018,-0.07271414,0.062210858,-0.40578517,-0.12319914,0.078810275,-0.5095377,-0.16550058,0.09405774,-0.6014843,-0.1924557,0.082059145,-0.21875244,-0.07994615,0.07688022,-0.2534958,-0.1397191,0.05230874,-0.20266569,-0.15874253,0.03635645,-0.15124595,-0.16643342
-0.054705948,-0.027460098,-0.050787922,-0.070047975,-0.12468952,-0.07493908,-0.012380481,-0.18830413,-0.08964196,0.05027622,-0.2240305,-0.107313894,-0.0748395,-0.29647702,-0.0659579,-0.09998381,-0.43669006,-0.10058644,-0.11434609,-0.5440233,-0.12884812,-0.1293,-0.63588905,-0.1517556,-0.014062345,-0.30965477,-0.06816453,-0.010573924,-0.4576188,-0.101462126,-0.0012290478,-0.5712763,-0.1318948,0.004293561,-0.67134213,-0.15216722,0.03739822,-0.2813095,-0.073889844,0.0630433,-0.4065767,-0.124572836,0.07837027,-0.51188356,-0.16735205,0.09177601,-0.6049639,-0.19441997,0.08242172,-0.21908516,-0.08095312,0.07763213,-0.2518909,-0.14012665,0.05241269,-0.20051873,-0.1589254,0.034443676,-0.14825708,-0.16662487
-0.054789722,-0.026120007,-0.050461367,-0.068561256,-0.122888565,-0.07414329,-0.012323439,-0.18567789,-0.088283464,0.048201144,-0.2220105,-0.105479345,-0.07506293,-0.2923749,-0.06535422,-0.099113226,-0.43338495,-0.09982169,-0.11236724,-0.5407539,-0.12770091,-0.12616155,-0.63309926,-0.15012662,-0.014241099,-0.30604404,-0.06739134,-0.010651946,-0.45326105,-0.099498086,-0.0019982457,-0.5670574,-0.12942642,0.0030267835,-0.6681366,-0.1493745,0.037447274,-0.27869165,-0.0729591,0.06319803,-0.40408,-0.12298628,0.080592155,-0.5094739,-0.16583462,0.096132874,-0.60275126,-0.19300856,0.08329171,-0.21753895,-0.07982463,0.07949054,-0.24792719,-0.1389528,0.056439817,-0.19361228,-0.15791431,0.041086376,-0.13910812,-0.16561902
-0.054909557,-0.024591565,-0.045826226,-0.072565734,-0.12050861,-0.068454415,-0.02035129,-0.18365574,-0.082814224,0.0370723,-0.21907455,-0.10029711,-0.073652536,-0.29374468,-0.061645314,-0.09789288,-0.43410543,-0.09542149,-0.11141014,-0.5414579,-0.123339444,-0.1256417,-0.63336754,-0.14617305,-0.012896955,-0.30676222,-0.06524454,-0.009177268,-0.45348558,-0.09685559,-0.0011307597,-0.5667877,-0.12703566,0.0033650994,-0.6671955,-0.14767429,0.038621068,-0.2779622,-0.0717821,0.06466901,-0.40377042,-0.12040016,0.08081794,-0.5078982,-0.16202462,0.09557164,-0.59856844,-0.18886746,0.084150195,-0.21615684,-0.07923433,0.07785541,-0.24878335,-0.13698284,0.052337468,-0.19965124,-0.1556144,0.035652816,-0.14925194,-0.16349356
-0.056062132,-0.027393699,-0.04752515,-0.07076424,-0.1259188,-0.070354104,-0.015649855,-0.19078344,-0.084508926,0.04315704,-0.22848415,-0.10155772,-0.07639766,-0.29889446,-0.061517604,-0.10082641,-0.4400186,-0.09494837,-0.11381167,-0.54790866,-0.12243311,-0.12705871,-0.64020836,-0.14488086,-0.015172541,-0.3118571,-0.064474195,-0.0108680725,-0.45786205,-0.09662037,-0.0016786456,-0.5702741,-0.12618563,0.0037970543,-0.6701577,-0.14602077,0.03671336,-0.2830338,-0.070733495,0.06252056,-0.4089204,-0.11980138,0.079164684,-0.51311827,-0.16063973,0.09433699,-0.6049153,-0.18661146,0.08226079,-0.22072315,-0.07816285,0.07602459,-0.25545853,-0.1354865,0.04964173,-0.20533967,-0.15319449,0.031848192,-0.15408254,-0.16035208
-0.054420114,-0.02700305,-0.047752183,-0.0695914,-0.12757319,-0.069100775,-0.013174057,-0.19127667,-0.081298955,0.046817243,-0.22554982,-0.09660531,-0.07358688,-0.29693526,-0.06301887,-0.09836084,-0.4382884,-0.095686585,-0.11187422,-0.5451713,-0.1225602,-0.1259388,-0.63732064,-0.14455642,-0.012840152,-0.30893946,-0.06591192,-0.009188592,-0.45676166,-0.09801767,-0.00019776821,-0.56996435,-0.1280046,0.005211532,-0.67017186,-0.14788209,0.038711965,-0.2800581,-0.07190627,0.06470251,-0.40662295,-0.12112419,0.08146286,-0.51039404,-0.1626298,0.09625405,-0.6030022,-0.1888204,0.08453077,-0.217255,-0.07897866,0.08052522,-0.25293165,-0.13580038,0.056013584,-0.20049685,-0.15268075,0.039104104,-0.1472705,-0.15923351
-0.056672305,-0.026850402,-0.048325352,-0.07233158,-0.12553018,-0.07110052,-0.016703904,-0.1901561,-0.08529422,0.040571213,-0.22967738,-0.10258738,-0.07606396,-0.30062437,-0.060584895,-0.10010153,-0.4401805,-0.09497203,-0.11238971,-0.54740953,-0.12397448,-0.12507647,-0.63897175,-0.14750373,-0.01488024,-0.31431127,-0.063264385,-0.011080563,-0.46115008,-0.09466778,-0.0027039647,-0.5747111,-0.12494711,0.0018547177,-0.6757996,-0.14571674,0.03643042,-0.28503174,-0.069557,0.06165445,-0.40982884,-0.11788768,0.078635156,-0.5129957,-0.15931545,0.09440386,-0.60416216,-0.18616422,0.08115995,-0.22202504,-0.07720465,0.07348263,-0.2543199,-0.13537519,0.047385156,-0.20445895,-0.15443584,0.03066063,-0.15502113,-0.16259061
-0.054651827,-0.02605468,-0.048792962,-0.07078791,-0.12437588,-0.072000995,-0.014301479,-0.18912661,-0.08582933,0.044502676,-0.22784394,-0.10253064,-0.07644349,-0.29798913,-0.065343164,-0.10163844,-0.43968332,-0.09888985,-0.115044594,-0.54652214,-0.12611482,-0.1291911,-0.6393218,-0.14849181,-0.014943957,-0.30985534,-0.06847693,-0.011392236,-0.45861045,-0.10148472,-0.0028570294,-0.5727109,-0.13210504,0.0023536086,-0.6749841,-0.1527437,0.037323654,-0.2806486,-0.07470705,0.062090755,-0.40789077,-0.12561056,0.07852495,-0.5128532,-0.16758506,0.09369117,-0.6065744,-0.19416651,0.08413464,-0.21817732,-0.08197875,0.07557887,-0.25389415,-0.14090927,0.04764378,-0.20200735,-0.15862334,0.028254867,-0.14939928,-0.16568273
-0.052630424,-0.022117853,-0.05106888,-0.07062623,-0.12287098,-0.07550213,-0.011828721,-0.18798596,-0.089863844,0.05241728,-0.22159004,-0.10737198,-0.07341963,-0.29480076,-0.07103471,-0.09832722,-0.4347142,-0.10617842,-0.11343157,-0.5423169,-0.13486852,-0.1287548,-0.63532776,-0.15849009,-0.012820005,-0.30660963,-0.072963804,-0.010222673,-0.45203212,-0.107910015,-0.0023992658,-0.5647125,-0.13957575,0.0026191473,-0.66523117,-0.1608119,0.039103866,-0.27758884,-0.07777609,0.06379014,-0.40440208,-0.13119847,0.07972485,-0.5067479,-0.17434861,0.09448528,-0.5977005,-0.20135221,0.085408926,-0.21534902,-0.08355932,0.07805717,-0.24627471,-0.14465013,0.051694214,-0.18973136,-0.1631106,0.034603655,-0.13340491,-0.17050123
-0.05540937,-0.024149835,-0.053747095,-0.07397932,-0.121040165,-0.08069905,-0.019153833,-0.18663633,-0.0973115,0.042437136,-0.225353,-0.11709836,-0.07726833,-0.29649568,-0.07291267,-0.10046232,-0.4377141,-0.11082847,-0.11395091,-0.54512453,-0.14177744,-0.12682721,-0.63806826,-0.16670579,-0.01582104,-0.30829412,-0.074113555,-0.011469483,-0.4538014,-0.11041467,-0.0026811957,-0.56468356,-0.14299102,0.0031396747,-0.6642616,-0.16486149,0.03669238,-0.2793519,-0.078685425,0.06088227,-0.40565425,-0.13245378,0.07716471,-0.50928056,-0.17568617,0.092820406,-0.6024722,-0.20314619,0.082597315,-0.21810931,-0.084633484,0.07463074,-0.2487809,-0.14723238,0.048574686,-0.19211853,-0.16666329,0.032722294,-0.13704377,-0.17451078
-0.05423218,-0.024247766,-0.05085392,-0.07196641,-0.12223196,-0.07528484,-0.016891122,-0.18856627,-0.08979736,0.045482576,-0.22509009,-0.10737832,-0.07493004,-0.29493243,-0.06899787,-0.09905547,-0.4370507,-0.104645096,-0.112119615,-0.5445458,-0.13350476,-0.12533525,-0.63722336,-0.15681191,-0.01387459,-0.30710018,-0.07055537,-0.010672033,-0.4530986,-0.10490777,-0.002488196,-0.5639299,-0.1354696,0.002713561,-0.6625333,-0.155698,0.037968755,-0.27837527,-0.07532913,0.06288904,-0.40409425,-0.12740442,0.07854909,-0.5081451,-0.16953877,0.09353167,-0.60097265,-0.19586758,0.083385885,-0.21622634,-0.08123662,0.07765502,-0.2498092,-0.14145704,0.053158104,-0.19514531,-0.15964088,0.038273036,-0.14032245,-0.16662036
-0.055173934,-0.026534438,-0.054786723,-0.07180202,-0.124237776,-0.08193818,-0.014604628,-0.18936318,-0.09862629,0.047192574,-0.22911733,-0.11876314,-0.07544595,-0.29910988,-0.074798904,-0.099208504,-0.44035095,-0.11438313,-0.114093125,-0.54819334,-0.14649245,-0.12786677,-0.641474,-0.17188811,-0.013186097,-0.31177408,-0.076457694,-0.010847688,-0.46331334,-0.11461735,-0.003273666,-0.5807475,-0.14911854,0.0015187263,-0.6859559,-0.17220302,0.039502382,-0.28349763,-0.081570655,0.06308603,-0.40917894,-0.13681601,0.077534676,-0.5144377,-0.18215919,0.09123117,-0.60881066,-0.21081892,0.08485669,-0.22300398,-0.08816244,0.07434034,-0.25020403,-0.15179424,0.04611528,-0.19504398,-0.17267527,0.027962029,-0.14187539,-0.18150562
-0.056837827,-0.025318861,-0.05416417,-0.06990442,-0.12569475,-0.07898868,-0.011287868,-0.18849581,-0.093619525,0.05212307,-0.2243166,-0.111584544,-0.076875925,-0.2995811,-0.06929326,-0.101309925,-0.43910575,-0.10726824,-0.11746216,-0.5485247,-0.139042,-0.13209292,-0.6425961,-0.16424155,-0.015791178,-0.31399465,-0.069976866,-0.013137758,-0.46094775,-0.10458023,-0.006134987,-0.57744825,-0.13725819,-0.0023565292,-0.6826618,-0.15918772,0.036090672,-0.28688717,-0.07452266,0.06076759,-0.41315544,-0.1270918,0.076551914,-0.51533854,-0.17182675,0.09043461,-0.60795724,-0.2001688,0.08080351,-0.22527933,-0.080697976,0.07645571,-0.24800283,-0.14292,0.0545519,-0.1881069,-0.16382433,0.041511595,-0.13206947,-0.17258146
-0.056012154,-0.023031473,-0.059049856,-0.07283482,-0.1221199,-0.086273834,-0.013229966,-0.18684697,-0.101620376,0.053367555,-0.2235651,-0.12003887,-0.077251315,-0.2944259,-0.07847657,-0.101584494,-0.43424937,-0.1191236,-0.11774939,-0.54317534,-0.15202695,-0.13172138,-0.6371701,-0.17790234,-0.015411615,-0.30862033,-0.0775997,-0.013294399,-0.45793635,-0.11521885,-0.0059370995,-0.57267326,-0.14866558,-0.00097477436,-0.6764078,-0.17076103,0.03653711,-0.282192,-0.08069134,0.06089741,-0.40852034,-0.13717732,0.076007426,-0.5107449,-0.182871,0.08985442,-0.6048764,-0.21129753,0.08136046,-0.22177207,-0.08553829,0.07615614,-0.24220765,-0.15076813,0.05464816,-0.17931122,-0.17201309,0.042370617,-0.12131333,-0.18070538
-0.055235296,-0.021748543,-0.050408505,-0.073939145,-0.1170187,-0.07573611,-0.020640254,-0.1833809,-0.09153348,0.04007536,-0.22201085,-0.11050098,-0.076600134,-0.2930084,-0.068758994,-0.10117248,-0.43313512,-0.10479213,-0.11482096,-0.53952724,-0.13398588,-0.1278432,-0.6312841,-0.15754615,-0.015985072,-0.30581993,-0.07121488,-0.014384985,-0.4551925,-0.105436176,-0.0073226094,-0.5693664,-0.13697532,-0.0029752254,-0.6710593,-0.15803151,0.03596258,-0.27714187,-0.07670046,0.061409056,-0.4055352,-0.12825821,0.07773012,-0.508928,-0.17056233,0.09318918,-0.5996299,-0.19727848,0.081668615,-0.21523756,-0.08327096,0.07497853,-0.24527252,-0.14316212,0.05233836,-0.18879664,-0.16144459,0.04027289,-0.13275754,-0.16854206
-0.055018157,-0.021802783,-0.050079122,-0.07319316,-0.11683661,-0.07496838,-0.020001113,-0.18309218,-0.089980476,0.0419755,-0.22086102,-0.108166486,-0.07725489,-0.28958595,-0.070781626,-0.10208455,-0.4318539,-0.107347205,-0.11718848,-0.5411117,-0.13659243,-0.1313487,-0.6344721,-0.16004932,-0.01609832,-0.3031819,-0.07286885,-0.0131851435,-0.45063126,-0.10636306,-0.005446613,-0.56343424,-0.13676484,-0.00052541494,-0.66209626,-0.15709862,0.036554694,-0.27581155,-0.077917494,0.06248772,-0.4030495,-0.1294132,0.07915008,-0.5069381,-0.17213833,0.094415784,-0.5978899,-0.19930996,0.08265817,-0.21448296,-0.0838856,0.07703626,-0.24040979,-0.14414096,0.054629028,-0.18212092,-0.16284288,0.04251647,-0.12502468,-0.17031041
-0.056227356,-0.02254659,-0.050589044,-0.07461709,-0.117661,-0.07599263,-0.02112943,-0.18314242,-0.09132644,0.03997767,-0.22138304,-0.1098755,-0.07726431,-0.2929787,-0.072038166,-0.102609664,-0.43521076,-0.10957739,-0.11733696,-0.54421115,-0.13966545,-0.13106701,-0.6381615,-0.16359292,-0.01569736,-0.30615503,-0.073994726,-0.012785137,-0.45339623,-0.10899281,-0.004821062,-0.5658526,-0.13994943,-0.00017899275,-0.665496,-0.16040745,0.03683406,-0.27847666,-0.078953505,0.062236667,-0.40553594,-0.13171957,0.0788905,-0.5102042,-0.17441307,0.09355533,-0.60259825,-0.20114419,0.08281058,-0.21700507,-0.08487841,0.0780558,-0.24596733,-0.14534612,0.055953324,-0.18718094,-0.16325489,0.04330045,-0.12874705,-0.16997842
-0.056292653,-0.022224486,-0.050076284,-0.07568842,-0.11347282,-0.07718051,-0.02849263,-0.1802476,-0.09482781,0.027269065,-0.22461474,-0.11553463,-0.07646915,-0.29181337,-0.07040047,-0.10051942,-0.43093258,-0.109424934,-0.11431679,-0.5385035,-0.14115871,-0.12686723,-0.6306068,-0.16614488,-0.014517784,-0.30464453,-0.07294566,-0.011477768,-0.45147195,-0.10817912,-0.003214419,-0.5655182,-0.14014317,0.0014720559,-0.6666991,-0.16184087,0.038580477,-0.27660638,-0.07863766,0.06180322,-0.40308216,-0.13013169,0.07749009,-0.5073538,-0.17196503,0.092318416,-0.59802043,-0.19880313,0.08473116,-0.21611214,-0.08553204,0.07471973,-0.24396598,-0.14571117,0.049009383,-0.19019562,-0.16454563,0.033638477,-0.13558435,-0.17209901
-0.05549586,-0.02091378,-0.05841333,-0.07655582,-0.114283144,-0.08863605,-0.023416102,-0.17905837,-0.10745504,0.040129125,-0.21709752,-0.12943332,-0.07640535,-0.2906853,-0.08048588,-0.09973729,-0.4298002,-0.12297813,-0.11523163,-0.5387377,-0.15719575,-0.12881821,-0.6327828,-0.18401566,-0.01482147,-0.30402803,-0.08045721,-0.01168555,-0.44875494,-0.11855001,-0.0034279227,-0.5592528,-0.15161355,0.0026564002,-0.65910995,-0.17377812,0.037711322,-0.2773832,-0.08426293,0.061150253,-0.4026842,-0.14028716,0.0770818,-0.5054835,-0.18439023,0.09248263,-0.5985564,-0.21248752,0.083348274,-0.2186647,-0.089899786,0.07603431,-0.23906565,-0.15581289,0.05331272,-0.17655975,-0.1769591,0.040914774,-0.11892986,-0.18571934
-0.05634713,-0.021428704,-0.06039014,-0.07785863,-0.11150622,-0.09188591,-0.024150968,-0.17565948,-0.11169096,0.039375722,-0.21496141,-0.13415976,-0.077973455,-0.2918288,-0.08152044,-0.103208184,-0.43323112,-0.12351019,-0.118652284,-0.54152906,-0.1569509,-0.13279334,-0.63490844,-0.18330015,-0.016441405,-0.30411702,-0.08127718,-0.013230205,-0.45052242,-0.12084655,-0.0044927,-0.5609584,-0.15503216,0.0015506744,-0.6597078,-0.17765516,0.0356102,-0.2755069,-0.08495281,0.05998051,-0.40162146,-0.14249134,0.075131655,-0.5034781,-0.18726301,0.08946079,-0.5961956,-0.21540879,0.08074057,-0.21529436,-0.09044712,0.07433289,-0.2394383,-0.15665932,0.052091658,-0.17929244,-0.17731476,0.038925707,-0.12318468,-0.18558769
-0.05591902,-0.024949133,-0.054221407,-0.074309886,-0.11958754,-0.08250902,-0.019652367,-0.1829443,-0.10032074,0.04214102,-0.22127801,-0.12128827,-0.0771921,-0.29410726,-0.0758582,-0.100063145,-0.43449074,-0.11524791,-0.11464834,-0.54332525,-0.14693403,-0.12814662,-0.63740075,-0.1720833,-0.015795827,-0.30629045,-0.07662866,-0.011097014,-0.45189285,-0.11251935,-0.001998067,-0.5643463,-0.14506704,0.004396558,-0.66605794,-0.16723321,0.037103593,-0.2783934,-0.08056435,0.060986757,-0.40340436,-0.13345031,0.07750642,-0.50621843,-0.17629994,0.09326255,-0.59800863,-0.20384663,0.083601475,-0.21864301,-0.08598516,0.07521528,-0.24280345,-0.14766937,0.04928547,-0.18432635,-0.16696034,0.03372121,-0.12816167,-0.17487797
-0.054240704,-0.025025487,-0.052097958,-0.06997758,-0.12301397,-0.076550245,-0.012196302,-0.18489319,-0.090745404,0.049675643,-0.22012371,-0.10800303,-0.07634577,-0.29291624,-0.07087377,-0.099971235,-0.43250513,-0.10649274,-0.11519012,-0.54045415,-0.13529521,-0.12974367,-0.63341594,-0.15870795,-0.015722811,-0.30656546,-0.07242358,-0.011914015,-0.45350954,-0.10645979,-0.0041891932,-0.56825864,-0.13787588,0.00024598837,-0.6718047,-0.15913743,0.035695553,-0.27945477,-0.07722808,0.061294317,-0.40488228,-0.12899081,0.07735312,-0.5068765,-0.17228745,0.09134728,-0.59889984,-0.1998685,0.08118397,-0.21915019,-0.08336177,0.0748288,-0.24489051,-0.14402522,0.049513876,-0.18857902,-0.16375016,0.0318771,-0.13446367,-0.17212138
-0.054240704,-0.025025487,-0.052097958,-0.06997758,-0.12301397,-0.076550245,-0.012196302,-0.18489319,-0.090745404,0.049675643,-0.22012371,-0.10800303,-0.07634577,-0.29291624,-0.07087377,-0.099971235,-0.43250513,-0.10649274,-0.11519012,-0.54045415,-0.13529521,-0.12974367,-0.63341594,-0.15870795,-0.015722811,-0.30656546,-0.07242358,-0.011914015,-0.45350954,-0.10645979,-0.0041891932,-0.56825864,-0.13787588,0.00024598837,-0.6718047,-0.15913743,0.035695553,-0.27945477,-0.07722808,0.061294317,-0.40488228,-0.12899081,0.07735312,-0.5068765,-0.17228745,0.09134728,-0.59889984,-0.1998685,0.08118397,-0.21915019,-0.08336177,0.0748288,-0.24489051,-0.14402522,0.049513876,-0.18857902,-0.16375016,0.0318771,-0.13446367,-0.17212138
-0.053498626,-0.020224273,-0.053422686,-0.071976244,-0.11435324,-0.081139095,-0.018207014,-0.18057424,-0.09839187,0.045367897,-0.22058809,-0.118880115,-0.0766516,-0.29086643,-0.07500052,-0.09946388,-0.43069422,-0.11394436,-0.1148237,-0.5390636,-0.14494312,-0.12843707,-0.63272583,-0.16956857,-0.016096473,-0.30352265,-0.07595281,-0.012507439,-0.44942304,-0.112890646,-0.004521847,-0.5611012,-0.14491202,0.0013813376,-0.66286135,-0.16594161,0.036527455,-0.27613527,-0.07990969,0.061399937,-0.404226,-0.13479576,0.07778019,-0.50548,-0.17689939,0.094181955,-0.596547,-0.20297284,0.08289182,-0.21603674,-0.08506769,0.07621372,-0.24028403,-0.14827888,0.05394107,-0.17792392,-0.16690153,0.043706834,-0.11946517,-0.17367308
-0.05519104,-0.02558589,-0.057113316,-0.07085782,-0.12513363,-0.08424296,-0.011540115,-0.18753576,-0.099740244,0.052823424,-0.22683305,-0.11838545,-0.07536551,-0.29414952,-0.07739762,-0.09714964,-0.43436828,-0.11765742,-0.112615764,-0.5428101,-0.14991133,-0.12597138,-0.6361021,-0.175397,-0.01380378,-0.3063643,-0.0778104,-0.010561883,-0.45410374,-0.115144484,-0.0027324557,-0.5676012,-0.14890103,0.0038061738,-0.6696267,-0.1716128,0.038943768,-0.27957624,-0.08200137,0.06298357,-0.4055901,-0.13858245,0.07771742,-0.50829,-0.18470265,0.092840254,-0.6018739,-0.21383275,0.08507085,-0.22011894,-0.08768637,0.074853,-0.24032116,-0.153603,0.04926765,-0.17879903,-0.17529845,0.034349263,-0.12164879,-0.18440355
-0.0546166,-0.024282217,-0.054758117,-0.07248086,-0.1204046,-0.082266614,-0.016597629,-0.18621826,-0.09888154,0.04563111,-0.2280438,-0.11838658,-0.07619074,-0.29749554,-0.075451046,-0.10052985,-0.4381477,-0.11436879,-0.115730405,-0.54646206,-0.14557336,-0.12969804,-0.63976836,-0.17047659,-0.0145462155,-0.30935806,-0.07674145,-0.011893988,-0.45682925,-0.113644384,-0.0039721727,-0.5710454,-0.14650148,0.0022255778,-0.6734623,-0.16864535,0.038006485,-0.28061718,-0.08149362,0.062338173,-0.40754974,-0.13679944,0.077242374,-0.51179266,-0.18108848,0.09212941,-0.6054559,-0.20902336,0.084522486,-0.21893227,-0.08761063,0.076895654,-0.24674028,-0.15170765,0.04967743,-0.19045925,-0.17206116,0.031754613,-0.13569033,-0.18036996
-0.0530456,-0.024441183,-0.046998855,-0.07060394,-0.122437775,-0.06941168,-0.016892314,-0.18668234,-0.0828989,0.04125136,-0.22624391,-0.09959686,-0.075671196,-0.29695553,-0.06367466,-0.10095447,-0.43622932,-0.09688065,-0.11557475,-0.542742,-0.12394475,-0.13034773,-0.6347187,-0.14622684,-0.015091419,-0.30923647,-0.06767986,-0.012347281,-0.45865613,-0.10017482,-0.0041840672,-0.57457745,-0.1311128,0.00096929073,-0.6786691,-0.1520457,0.036541462,-0.2803954,-0.074620575,0.06127131,-0.40850732,-0.12527385,0.076177895,-0.51301754,-0.16853246,0.09026849,-0.60597634,-0.1961113,0.08254725,-0.21875167,-0.08242156,0.07513684,-0.2481938,-0.14176221,0.050587893,-0.19429386,-0.16092575,0.035016775,-0.14115417,-0.1690263
-0.0530456,-0.024441183,-0.046998855,-0.07060394,-0.122437775,-0.06941168,-0.016892314,-0.18668234,-0.0828989,0.04125136,-0.22624391,-0.09959686,-0.075671196,-0.29695553,-0.06367466,-0.10095447,-0.43622932,-0.09688065,-0.11557475,-0.542742,-0.12394475,-0.13034773,-0.6347187,-0.14622684,-0.015091419,-0.30923647,-0.06767986,-0.012347281,-0.45865613,-0.10017482,-0.0041840672,-0.57457745,-0.1311128,0.00096929073,-0.6786691,-0.1520457,0.036541462,-0.2803954,-0.074620575,0.06127131,-0.40850732,-0.12527385,0.076177895,-0.51301754,-0.16853246,0.09026849,-0.60597634,-0.1961113,0.08254725,-0.21875167,-0.08242156,0.07513684,-0.2481938,-0.14176221,0.050587893,-0.19429386,-0.16092575,0.035016775,-0.14115417,-0.1690263
-0.05388409,-0.024426818,-0.05002003,-0.07287359,-0.12030363,-0.07480646,-0.01891172,-0.18596786,-0.089875996,0.039193273,-0.22471583,-0.10781815,-0.07422477,-0.29627514,-0.06945029,-0.099318236,-0.43544197,-0.10489916,-0.11336815,-0.5419788,-0.13376965,-0.12816104,-0.63464934,-0.15718843,-0.013196707,-0.30665535,-0.07228568,-0.010688722,-0.45535356,-0.10770471,-0.0020120144,-0.57014537,-0.13922985,0.002868414,-0.6744032,-0.16030818,0.0382545,-0.27680725,-0.0780848,0.06244886,-0.40551764,-0.12984201,0.078199506,-0.50963247,-0.17078978,0.092390776,-0.6035067,-0.19639009,0.08401835,-0.21431947,-0.08508124,0.079172194,-0.2543981,-0.14280805,0.055127382,-0.20567465,-0.15896551,0.03857565,-0.15514469,-0.16502902
-0.05286053,-0.019593,-0.047193598,-0.07255089,-0.11257249,-0.072339386,-0.025021732,-0.18060666,-0.08787537,0.029287517,-0.2242837,-0.1057908,-0.071590334,-0.29038543,-0.070209555,-0.09672302,-0.42820776,-0.10471401,-0.11202878,-0.5335247,-0.13173665,-0.1265687,-0.62347233,-0.15386447,-0.011309981,-0.30165112,-0.07317987,-0.008882523,-0.44745848,-0.107512735,-0.0014461279,-0.5585521,-0.13730158,0.0030073524,-0.6560148,-0.1572817,0.04064709,-0.2721784,-0.07855121,0.06563103,-0.4000743,-0.1298652,0.07988495,-0.5043628,-0.17106548,0.093110204,-0.5940228,-0.19715874,0.0860042,-0.21016085,-0.084487155,0.077117324,-0.24282312,-0.14323205,0.04697627,-0.1940198,-0.16148533,0.02585721,-0.14224303,-0.16896999
-0.054436952,-0.021595001,-0.051467035,-0.07397321,-0.11808169,-0.077146724,-0.019919276,-0.18432993,-0.092992485,0.041615844,-0.22443962,-0.11204243,-0.07883713,-0.29341274,-0.070259586,-0.102647126,-0.43219155,-0.10686065,-0.11802867,-0.5407129,-0.13644348,-0.13216648,-0.63334584,-0.16033702,-0.01880747,-0.3071769,-0.07194976,-0.016686618,-0.45346132,-0.10703802,-0.008913159,-0.5681975,-0.13880967,-0.003683567,-0.67100894,-0.1600812,0.033355236,-0.2799195,-0.07676654,0.058054388,-0.4084563,-0.12963107,0.07357466,-0.51092833,-0.17277199,0.08799291,-0.60224456,-0.2000163,0.0798341,-0.2195763,-0.08272886,0.07341498,-0.24573344,-0.14463456,0.04985869,-0.1884107,-0.1647072,0.03587866,-0.13359499,-0.17297201
-0.05482608,-0.022274792,-0.05279208,-0.07091457,-0.11781341,-0.079827815,-0.01581961,-0.18427199,-0.09666266,0.044910967,-0.22664917,-0.1166094,-0.076363415,-0.29227102,-0.07278648,-0.099559546,-0.43188313,-0.11008104,-0.114177376,-0.54032063,-0.14026149,-0.12814268,-0.6335912,-0.16441512,-0.015620589,-0.30669224,-0.07334663,-0.012076974,-0.45111677,-0.10701663,-0.004207313,-0.56422293,-0.1376129,0.00072544813,-0.6651778,-0.1584415,0.03684461,-0.27943546,-0.07710164,0.06219858,-0.40434802,-0.12821567,0.07934594,-0.50825894,-0.17055185,0.095484436,-0.5990946,-0.1978588,0.08351135,-0.21887964,-0.08221298,0.07719439,-0.24254996,-0.14312555,0.05216658,-0.18618935,-0.16293575,0.03720367,-0.13117015,-0.17122236
-0.054175973,-0.024619222,-0.04876252,-0.06952143,-0.121025324,-0.07323318,-0.016803503,-0.18663895,-0.08839412,0.042411804,-0.2273227,-0.10682232,-0.07737994,-0.29366648,-0.06706129,-0.10074714,-0.43352488,-0.102692135,-0.115023404,-0.54122484,-0.13165917,-0.12874052,-0.6337353,-0.15486698,-0.01746422,-0.30648804,-0.06944833,-0.01410234,-0.45159215,-0.10211909,-0.006370783,-0.56556094,-0.13245778,-0.0017477274,-0.66691756,-0.1529017,0.03469658,-0.2790346,-0.07484368,0.05992675,-0.40444258,-0.12516172,0.07713193,-0.5092957,-0.16734071,0.093051076,-0.6011286,-0.19424483,0.081003666,-0.21816587,-0.081268474,0.07578057,-0.24471974,-0.14070065,0.052202106,-0.18830276,-0.15929799,0.038169205,-0.13196921,-0.16666596
-0.05460906,-0.023389697,-0.049453255,-0.07469767,-0.11829537,-0.073924765,-0.021499872,-0.18447232,-0.08892862,0.038161755,-0.22329307,-0.107012466,-0.07698631,-0.2933188,-0.068572834,-0.101998925,-0.4349193,-0.103790015,-0.1158787,-0.54241395,-0.13218004,-0.12982866,-0.63507795,-0.15529417,-0.016206741,-0.30609113,-0.071201146,-0.013793647,-0.45413104,-0.10501601,-0.0064105988,-0.5690075,-0.13615945,-0.0018479228,-0.67163396,-0.15720966,0.035549164,-0.27746254,-0.07676667,0.061194837,-0.4043405,-0.12789126,0.0760631,-0.50892574,-0.17043369,0.089565516,-0.6012895,-0.19753681,0.081803024,-0.21569085,-0.08338927,0.0762943,-0.24646693,-0.14307824,0.05169934,-0.19424033,-0.16202526,0.03560549,-0.14185125,-0.16983145
-0.05460906,-0.023389697,-0.049453255,-0.07469767,-0.11829537,-0.073924765,-0.021499872,-0.18447232,-0.08892862,0.038161755,-0.22329307,-0.107012466,-0.07698631,-0.2933188,-0.068572834,-0.101998925,-0.4349193,-0.103790015,-0.1158787,-0.54241395,-0.13218004,-0.12982866,-0.63507795,-0.15529417,-0.016206741,-0.30609113,-0.071201146,-0.013793647,-0.45413104,-0.10501601,-0.0064105988,-0.5690075,-0.13615945,-0.0018479228,-0.67163396,-0.15720966,0.035549164,-0.27746254,-0.07676667,0.061194837,-0.4043405,-0.12789126,0.0760631,-0.50892574,-0.17043369,0.089565516,-0.6012895,-0.19753681,0.081803024,-0.21569085,-0.08338927,0.0762943,-0.24646693,-0.14307824,0.05169934,-0.19424033,-0.16202526,0.03560549,-0.14185125,-0.16983145
-0.05179465,-0.02361703,-0.050769534,-0.06924468,-0.12263453,-0.07548074,-0.013255179,-0.1899668,-0.090270504,0.048862755,-0.22997683,-0.10818318,-0.07411569,-0.29638326,-0.07048419,-0.09981215,-0.4370429,-0.106751785,-0.11471769,-0.5449078,-0.13595706,-0.1290822,-0.63764757,-0.15963951,-0.013565421,-0.30794483,-0.072998844,-0.011438549,-0.45764035,-0.10829351,-0.0030103326,-0.57336473,-0.1401237,0.0029372573,-0.6768224,-0.16149016,0.03824663,-0.27869964,-0.07861958,0.062020063,-0.40609905,-0.13145427,0.07607889,-0.5102193,-0.17443621,0.089764655,-0.6030352,-0.20149514,0.08410221,-0.21664906,-0.08536694,0.076055944,-0.24729323,-0.14640102,0.050151885,-0.1943075,-0.1654951,0.033822715,-0.1415683,-0.17321727
-0.05569917,-0.022048533,-0.051265858,-0.07606965,-0.1120891,-0.07866782,-0.028259575,-0.17706448,-0.096224315,0.02524352,-0.22128558,-0.1165832,-0.07595432,-0.2951485,-0.072875515,-0.10012761,-0.43486786,-0.11117689,-0.11401424,-0.5414157,-0.14170673,-0.12691739,-0.63363093,-0.16584466,-0.013848007,-0.30707675,-0.07567345,-0.0125409365,-0.45670503,-0.11260514,-0.0058110356,-0.57375765,-0.1456112,-0.0016872287,-0.67930305,-0.16773906,0.039093554,-0.27790272,-0.081427276,0.061934054,-0.40470308,-0.13473675,0.07654238,-0.510185,-0.17758103,0.090518594,-0.6027032,-0.20465522,0.08534378,-0.21660686,-0.08835946,0.07466805,-0.2451489,-0.14901872,0.04614377,-0.19395119,-0.16801164,0.02716583,-0.14167958,-0.17569737
-0.054777294,-0.023937881,-0.052830417,-0.07346323,-0.11651027,-0.07986078,-0.020815551,-0.18032199,-0.09675496,0.03751594,-0.22185451,-0.11649318,-0.07746035,-0.2971673,-0.0722015,-0.10233003,-0.4362098,-0.109980166,-0.11665484,-0.54327565,-0.14028646,-0.13051581,-0.63578784,-0.16440748,-0.015946448,-0.30871028,-0.07480173,-0.0141837,-0.4585744,-0.1119141,-0.004968345,-0.57498646,-0.14478698,0.0008993745,-0.6797453,-0.16660462,0.036294818,-0.27931857,-0.08074567,0.059242368,-0.40468228,-0.13485965,0.07543528,-0.50932807,-0.17784472,0.09032637,-0.6030897,-0.20467143,0.08195466,-0.21767706,-0.08801767,0.07332617,-0.24842185,-0.14880629,0.048267543,-0.19425511,-0.16681977,0.032157958,-0.1402229,-0.17379642
-0.054648817,-0.0218423,-0.059548013,-0.0722025,-0.11291373,-0.08942753,-0.014052808,-0.17488873,-0.10753739,0.049102902,-0.21304828,-0.12795624,-0.07481149,-0.2892171,-0.082168795,-0.10107416,-0.42956275,-0.12277025,-0.11677772,-0.53685313,-0.15473261,-0.13098913,-0.6294004,-0.17959681,-0.013970852,-0.30135584,-0.08139496,-0.012624204,-0.4512127,-0.120667525,-0.0054661036,-0.56819606,-0.15458521,-0.00086295605,-0.6732463,-0.17689234,0.03697598,-0.2730118,-0.08415377,0.061690807,-0.398661,-0.1396683,0.07859349,-0.49872467,-0.18312502,0.09353888,-0.5891055,-0.20989409,0.0811016,-0.21255726,-0.08879258,0.0774079,-0.23879015,-0.15066914,0.055502713,-0.18356013,-0.16966264,0.041164935,-0.12942481,-0.17709404
-0.054867506,-0.024896145,-0.05322411,-0.072610915,-0.122072995,-0.07909935,-0.017279387,-0.1851356,-0.09445637,0.0442214,-0.22421515,-0.1129437,-0.07764089,-0.2940818,-0.072288245,-0.102479935,-0.432001,-0.10979766,-0.11782956,-0.5384524,-0.13988088,-0.13163,-0.6303834,-0.16392362,-0.016376615,-0.30607647,-0.07400009,-0.013803184,-0.45431924,-0.10989568,-0.0059772134,-0.56791884,-0.14195517,-0.0005811453,-0.6708176,-0.16324484,0.035989583,-0.27824092,-0.07916856,0.060471773,-0.40659583,-0.1337538,0.07551932,-0.5097667,-0.17771183,0.089877725,-0.6029082,-0.20521122,0.08223599,-0.21793497,-0.0855567,0.07485008,-0.24418712,-0.14850588,0.051157176,-0.18379968,-0.16791193,0.03735578,-0.12590319,-0.17560314
-0.054194868,-0.01959169,-0.057936486,-0.075723976,-0.1116212,-0.087676406,-0.021615505,-0.17626107,-0.10638025,0.042455733,-0.21368456,-0.12803636,-0.0781219,-0.2901389,-0.078062266,-0.10211027,-0.4288396,-0.11759403,-0.11826828,-0.5371711,-0.14906438,-0.13334551,-0.63000154,-0.17404765,-0.018067956,-0.30439353,-0.07756676,-0.015467942,-0.45113644,-0.11498611,-0.008166671,-0.5636263,-0.14729108,-0.0035011172,-0.6655798,-0.16843973,0.0336501,-0.27749246,-0.08060931,0.059468508,-0.4066812,-0.13631979,0.075919926,-0.50820744,-0.1796468,0.09091383,-0.59885335,-0.20653668,0.07940316,-0.2172029,-0.08527578,0.076532006,-0.23958033,-0.15052049,0.056230783,-0.17788345,-0.17117292,0.045398533,-0.119767725,-0.17919055
-0.05431193,-0.018188,-0.062257905,-0.074504316,-0.106858015,-0.09568184,-0.021009028,-0.17425525,-0.117150724,0.04466951,-0.21467221,-0.141345,-0.078385055,-0.2885372,-0.08511842,-0.10105237,-0.42876834,-0.12670699,-0.11816412,-0.53733414,-0.15953824,-0.13313204,-0.62996113,-0.18531649,-0.018193185,-0.30313993,-0.08236722,-0.015356958,-0.44954532,-0.12138517,-0.008678734,-0.562267,-0.15504935,-0.0040094852,-0.6633549,-0.17719921,0.034491062,-0.27661687,-0.08296639,0.060111046,-0.4065225,-0.13904734,0.076324105,-0.5079433,-0.18235704,0.09191847,-0.59725916,-0.20940123,0.080268145,-0.21754587,-0.08549469,0.075656295,-0.23917508,-0.15078816,0.054342628,-0.17894924,-0.17164198,0.043513358,-0.12158805,-0.17972602
-0.055014282,-0.018275023,-0.06663599,-0.07473621,-0.10664582,-0.10211833,-0.019630015,-0.17400521,-0.12466135,0.048510253,-0.21451241,-0.14985643,-0.07739934,-0.28717673,-0.0913842,-0.1003342,-0.4303645,-0.13740426,-0.11750275,-0.5414964,-0.17344475,-0.13173255,-0.6362646,-0.20095441,-0.016908824,-0.30071193,-0.087381475,-0.015051603,-0.44958758,-0.12886953,-0.0072727203,-0.56388175,-0.16366673,-0.00085896254,-0.6659391,-0.18640572,0.036013186,-0.27429897,-0.08730252,0.060169756,-0.403179,-0.14650059,0.076468885,-0.50445276,-0.191065,0.09205729,-0.5951446,-0.21851005,0.0815289,-0.21578872,-0.08945044,0.076530874,-0.23675883,-0.15740773,0.054696202,-0.17492008,-0.1786293,0.043541312,-0.11673123,-0.18659791
-0.056053966,-0.021289885,-0.06453818,-0.07569268,-0.11004692,-0.098625705,-0.021090865,-0.17373621,-0.120676965,0.043831825,-0.21455824,-0.14561383,-0.07886213,-0.29350823,-0.08490253,-0.102354765,-0.43276352,-0.1293402,-0.11757138,-0.54040945,-0.16475143,-0.13105237,-0.63365513,-0.19212337,-0.017115593,-0.30586535,-0.08386315,-0.013817251,-0.45622134,-0.12510937,-0.0047827363,-0.57057524,-0.16057354,0.0013572574,-0.6748703,-0.18391658,0.035592437,-0.2778467,-0.08722253,0.05969864,-0.4055549,-0.14648023,0.07499683,-0.5077172,-0.19202651,0.08929366,-0.60097444,-0.22041103,0.081350505,-0.21830332,-0.09288065,0.077278614,-0.2413922,-0.16088563,0.056693375,-0.1793871,-0.18227893,0.045045614,-0.12138933,-0.19073752
-0.053351134,-0.021320283,-0.05572253,-0.0742414,-0.113404214,-0.08473769,-0.021919072,-0.1790232,-0.10288636,0.04075563,-0.21792251,-0.124219514,-0.07692668,-0.29383475,-0.07888195,-0.100274205,-0.43502903,-0.118287444,-0.11616635,-0.5437175,-0.14941287,-0.1311737,-0.6379665,-0.174131,-0.016074538,-0.30569255,-0.07980818,-0.012935817,-0.45472723,-0.11774822,-0.0048393607,-0.5694131,-0.15080644,0.0007380843,-0.6746577,-0.17257644,0.036317766,-0.27738822,-0.083774835,0.061301053,-0.4049765,-0.13943774,0.077397645,-0.5077201,-0.1827418,0.09190458,-0.6006299,-0.20965715,0.082675755,-0.21647292,-0.08913862,0.07703471,-0.24156398,-0.15272483,0.053871274,-0.1807692,-0.17171058,0.040106297,-0.12212062,-0.1788557
-0.056228876,-0.025440097,-0.046058916,-0.07414341,-0.117535114,-0.070783086,-0.023553252,-0.18021,-0.086963035,0.032960117,-0.2186395,-0.10580521,-0.073734164,-0.29398465,-0.06539189,-0.09904826,-0.43395904,-0.100467406,-0.112529814,-0.53997743,-0.1285957,-0.12555757,-0.6309038,-0.15114935,-0.012532294,-0.3067056,-0.06866126,-0.0080161095,-0.4537801,-0.10099562,-0.00021284819,-0.5648186,-0.13015729,0.0040972233,-0.6627619,-0.14980736,0.039260983,-0.2770731,-0.074612536,0.06598449,-0.40282512,-0.12236264,0.08253902,-0.5057955,-0.16177881,0.09807724,-0.59406245,-0.18712161,0.083985746,-0.2147544,-0.08151531,0.074751675,-0.24426293,-0.13679785,0.04824215,-0.19518453,-0.1535323,0.032455623,-0.1439668,-0.16018482
-0.055481493,-0.025413215,-0.05763561,-0.07130191,-0.11757749,-0.08814448,-0.016690373,-0.18221062,-0.107773684,0.044076025,-0.22656047,-0.13020864,-0.07775682,-0.2943132,-0.077777885,-0.100409955,-0.4353826,-0.11827021,-0.11480391,-0.5433147,-0.1504384,-0.12772924,-0.635888,-0.1756496,-0.015911818,-0.3066587,-0.077847734,-0.011878133,-0.45539021,-0.11561426,-0.003921032,-0.56902003,-0.14869936,0.0014467239,-0.67140996,-0.17071223,0.037299216,-0.27844036,-0.08159188,0.061896205,-0.40700886,-0.13653752,0.07795894,-0.5108029,-0.18003543,0.09342837,-0.6035147,-0.20759015,0.083658755,-0.21804684,-0.087001525,0.07816535,-0.24579382,-0.15046683,0.052966416,-0.1884411,-0.17015152,0.037816644,-0.13304305,-0.17791435
-0.05472845,-0.022216141,-0.053496808,-0.072074085,-0.116280496,-0.08136203,-0.019096017,-0.18319428,-0.09912187,0.042327046,-0.22504127,-0.11982154,-0.07684159,-0.2937466,-0.07217026,-0.10000178,-0.43265986,-0.11034581,-0.114057004,-0.53980905,-0.14104356,-0.12725559,-0.63131094,-0.16538644,-0.015721679,-0.306696,-0.07338355,-0.013117552,-0.4546061,-0.10880285,-0.0046075583,-0.5679802,-0.14068511,0.0011301637,-0.6692289,-0.16195503,0.037090242,-0.27857208,-0.077968284,0.061866343,-0.40598226,-0.13114719,0.078627706,-0.5095362,-0.17455496,0.09449762,-0.60054016,-0.2020434,0.083412826,-0.21729892,-0.083847605,0.078947425,-0.24378777,-0.14609967,0.056638002,-0.18621516,-0.16597481,0.044308603,-0.12999254,-0.17392455
-0.05422485,-0.021273315,-0.05303744,-0.073099285,-0.11305475,-0.081208825,-0.021046162,-0.17805642,-0.09946336,0.039735317,-0.2195347,-0.12087426,-0.07800454,-0.29049015,-0.073769525,-0.10132566,-0.43174136,-0.11282998,-0.116036505,-0.54077446,-0.14393005,-0.12934065,-0.6338061,-0.1685077,-0.016851723,-0.3043726,-0.07520676,-0.013213396,-0.45300072,-0.11131229,-0.004301727,-0.5662204,-0.14327943,0.0016962886,-0.6670495,-0.16451073,0.03600645,-0.27715695,-0.07980123,0.062075377,-0.40608025,-0.13339697,0.07862759,-0.50824904,-0.17645396,0.09407157,-0.59796166,-0.20374651,0.082044244,-0.217354,-0.085620135,0.07823652,-0.24057049,-0.14862747,0.057095468,-0.18127,-0.16876608,0.046454966,-0.124712706,-0.1768186
-0.056379557,-0.023745656,-0.059912324,-0.07396853,-0.11804676,-0.09020685,-0.018258393,-0.18155307,-0.10914334,0.044851303,-0.22328901,-0.13125,-0.07916838,-0.2932198,-0.07847724,-0.10040927,-0.43242595,-0.11984495,-0.11538559,-0.54035383,-0.1531884,-0.12847781,-0.63293725,-0.17950116,-0.017065108,-0.30712742,-0.07814522,-0.013164222,-0.45449525,-0.11654343,-0.0048022866,-0.5672798,-0.15097296,0.0010189414,-0.66974056,-0.17396444,0.036078036,-0.28089905,-0.08188141,0.060809016,-0.4079136,-0.13888596,0.076888084,-0.5082557,-0.18454984,0.09215087,-0.6003052,-0.21358195,0.08226514,-0.22251058,-0.08743161,0.07637447,-0.24076742,-0.15491767,0.05446911,-0.17712176,-0.17757964,0.04277438,-0.12021202,-0.18716583
-0.056935698,-0.0215649,-0.061582837,-0.07537204,-0.111047626,-0.094537094,-0.021378517,-0.17494094,-0.11567395,0.042806208,-0.21556997,-0.13963415,-0.0789887,-0.29264647,-0.08358394,-0.10297793,-0.43349138,-0.12726419,-0.11782637,-0.5423153,-0.16214463,-0.13080746,-0.63608956,-0.18909991,-0.016931415,-0.30553794,-0.08268557,-0.013862193,-0.4543121,-0.12258592,-0.0043882728,-0.56718624,-0.15689424,0.0018497109,-0.6677631,-0.17954892,0.036058187,-0.27780122,-0.08578598,0.060922563,-0.4038307,-0.1437761,0.07823998,-0.50806856,-0.18930405,0.09351188,-0.6008967,-0.21786761,0.08130962,-0.21842289,-0.09076555,0.07788122,-0.24016333,-0.15756139,0.056806028,-0.17821437,-0.17870714,0.044618547,-0.11915362,-0.1871099
-0.056045383,-0.02314961,-0.06466957,-0.070447415,-0.11326808,-0.097887814,-0.015217364,-0.17432094,-0.118708596,0.047110796,-0.2174983,-0.14233182,-0.07888159,-0.2916996,-0.08478727,-0.101465344,-0.43125552,-0.12939346,-0.118208885,-0.5410311,-0.16535826,-0.13249415,-0.63526046,-0.19303982,-0.017322123,-0.30501956,-0.08293062,-0.013800979,-0.45318887,-0.122786656,-0.0049613714,-0.567904,-0.15790594,0.00041347742,-0.67037237,-0.18137945,0.0358575,-0.27814722,-0.08561602,0.05944884,-0.4051139,-0.14383854,0.07640779,-0.507054,-0.18989962,0.091643035,-0.6005754,-0.21904223,0.081306875,-0.21964443,-0.09060566,0.07426864,-0.23967111,-0.15835512,0.051828682,-0.1767922,-0.18032725,0.038856924,-0.11868918,-0.18941754
-0.054003567,-0.023391306,-0.0561869,-0.06962311,-0.11736959,-0.08493084,-0.014483154,-0.18148184,-0.10277487,0.04794514,-0.22296369,-0.1237787,-0.07599792,-0.29237866,-0.07716719,-0.099524796,-0.43194366,-0.11855563,-0.114902556,-0.53972584,-0.15189083,-0.1280284,-0.63224113,-0.17797236,-0.014283955,-0.30578005,-0.078412205,-0.010794222,-0.4555459,-0.11702067,-0.0031776428,-0.5719191,-0.15159082,0.0014335513,-0.67720246,-0.17466404,0.038730323,-0.27818573,-0.083243,0.061577678,-0.40520072,-0.13989955,0.077070355,-0.5069178,-0.1851074,0.09203386,-0.59946376,-0.21354374,0.084323466,-0.21805102,-0.08953993,0.07422459,-0.23818386,-0.15518184,0.04978293,-0.17815083,-0.17644662,0.03595406,-0.1229676,-0.18522543
-0.05352515,-0.02251172,-0.052946668,-0.072126955,-0.11845672,-0.07954836,-0.018589139,-0.18434274,-0.095914535,0.042990148,-0.22546959,-0.11555724,-0.07736811,-0.2957976,-0.07250342,-0.10120025,-0.43573177,-0.11094731,-0.11577344,-0.5443574,-0.14193422,-0.12887338,-0.63792217,-0.16675138,-0.015561223,-0.30882245,-0.075060144,-0.013401091,-0.4588655,-0.110673465,-0.004956603,-0.5753175,-0.14337993,0.0015337467,-0.67985415,-0.16560742,0.0373767,-0.28018433,-0.0810856,0.06108308,-0.4082575,-0.13597724,0.076334834,-0.51279336,-0.18147025,0.09128523,-0.6060648,-0.21050747,0.08405781,-0.21835059,-0.088307016,0.07400936,-0.24208146,-0.15356132,0.048173368,-0.18404591,-0.1755866,0.032061398,-0.12891775,-0.18511052
-0.054452837,-0.022828221,-0.052076917,-0.0746381,-0.118891835,-0.07865319,-0.022659719,-0.18675464,-0.09528524,0.03735459,-0.22987568,-0.11524119,-0.078831255,-0.2941612,-0.071619555,-0.10219681,-0.43442076,-0.10993581,-0.11612165,-0.542753,-0.14101705,-0.1292198,-0.63620484,-0.16590554,-0.016915679,-0.3078788,-0.073618725,-0.013454556,-0.45494074,-0.10831571,-0.004924834,-0.56960905,-0.14047018,0.00088351965,-0.6726998,-0.16260046,0.03606212,-0.28003842,-0.07895813,0.05992621,-0.407068,-0.13201436,0.075255334,-0.5112792,-0.17609465,0.0901258,-0.6040572,-0.20461513,0.08301735,-0.2196328,-0.08552232,0.07415283,-0.24476248,-0.14922339,0.048243403,-0.18856424,-0.17069481,0.032240868,-0.13539374,-0.18005301
-0.055123,-0.02290845,-0.05317059,-0.07397282,-0.11619723,-0.08175634,-0.024986565,-0.18225008,-0.10023377,0.032216668,-0.22863674,-0.12175104,-0.07650688,-0.2953698,-0.07427663,-0.100877345,-0.43620718,-0.11508526,-0.11462149,-0.5439609,-0.14778447,-0.1269218,-0.6366272,-0.17330667,-0.014167368,-0.30694753,-0.07675118,-0.012417495,-0.45711574,-0.115551,-0.004557252,-0.57341635,-0.14961384,0.00016826391,-0.6775138,-0.17206231,0.039141238,-0.2782433,-0.08258614,0.0619303,-0.40627655,-0.1387491,0.07778454,-0.51094055,-0.18280518,0.092748284,-0.6036215,-0.21020134,0.08537936,-0.21718448,-0.08959846,0.07715386,-0.24650508,-0.1538676,0.052018285,-0.19015115,-0.173547,0.03693694,-0.13424158,-0.1809412
-0.055962592,-0.020340443,-0.06219747,-0.07310751,-0.11049247,-0.09508051,-0.01900369,-0.17343718,-0.1162164,0.04255414,-0.21805108,-0.13997772,-0.077178836,-0.2919299,-0.08341068,-0.10220599,-0.4312573,-0.12748078,-0.11832103,-0.54009336,-0.16315989,-0.13237709,-0.6335169,-0.1906286,-0.015051305,-0.3048756,-0.08252437,-0.01277554,-0.45388407,-0.12361265,-0.0038642883,-0.5697652,-0.15904658,0.00092095137,-0.67311555,-0.1825124,0.03728652,-0.27637684,-0.085686564,0.06155759,-0.40305927,-0.14335983,0.07857138,-0.50343037,-0.18744178,0.09363061,-0.5945059,-0.21495391,0.08109188,-0.21643049,-0.09096587,0.07797533,-0.241341,-0.15626673,0.05796951,-0.18268603,-0.17613888,0.04637575,-0.1275692,-0.18382561
-0.055962592,-0.020340443,-0.06219747,-0.07310751,-0.11049247,-0.09508051,-0.01900369,-0.17343718,-0.1162164,0.04255414,-0.21805108,-0.13997772,-0.077178836,-0.2919299,-0.08341068,-0.10220599,-0.4312573,-0.12748078,-0.11832103,-0.54009336,-0.16315989,-0.13237709,-0.6335169,-0.1906286,-0.015051305,-0.3048756,-0.08252437,-0.01277554,-0.45388407,-0.12361265,-0.0038642883,-0.5697652,-0.15904658,0.00092095137,-0.67311555,-0.1825124,0.03728652,-0.27637684,-0.085686564,0.06155759,-0.40305927,-0.14335983,0.07857138,-0.50343037,-0.18744178,0.09363061,-0.5945059,-0.21495391,0.08109188,-0.21643049,-0.09096587,0.07797533,-0.241341,-0.15626673,0.05796951,-0.18268603,-0.17613888,0.04637575,-0.1275692,-0.18382561
-0.053253084,-0.020668387,-0.051979396,-0.07027149,-0.117189884,-0.07663189,-0.014555395,-0.18343937,-0.091214515,0.04828483,-0.22295278,-0.108971424,-0.0769366,-0.29124105,-0.06964716,-0.1022321,-0.42910185,-0.10709396,-0.11776081,-0.53710675,-0.13818745,-0.1320839,-0.6305329,-0.16304465,-0.016745985,-0.3049503,-0.07112966,-0.014083266,-0.44952327,-0.10594284,-0.006947458,-0.5632328,-0.1381294,-0.0028449297,-0.6666768,-0.15968984,0.034890234,-0.27775884,-0.07593621,0.0598377,-0.40384987,-0.12888789,0.07637608,-0.50421596,-0.17207423,0.09129715,-0.5959173,-0.19923204,0.07980758,-0.21672565,-0.08203739,0.07709348,-0.2419436,-0.14396097,0.05705768,-0.18199873,-0.16338007,0.04612899,-0.12600571,-0.1711063
-0.053253084,-0.020668387,-0.051979396,-0.07027149,-0.117189884,-0.07663189,-0.014555395,-0.18343937,-0.091214515,0.04828483,-0.22295278,-0.108971424,-0.0769366,-0.29124105,-0.06964716,-0.1022321,-0.42910185,-0.10709396,-0.11776081,-0.53710675,-0.13818745,-0.1320839,-0.6305329,-0.16304465,-0.016745985,-0.3049503,-0.07112966,-0.014083266,-0.44952327,-0.10594284,-0.006947458,-0.5632328,-0.1381294,-0.0028449297,-0.6666768,-0.15968984,0.034890234,-0.27775884,-0.07593621,0.0598377,-0.40384987,-0.12888789,0.07637608,-0.50421596,-0.17207423,0.09129715,-0.5959173,-0.19923204,0.07980758,-0.21672565,-0.08203739,0.07709348,-0.2419436,-0.14396097,0.05705768,-0.18199873,-0.16338007,0.04612899,-0.12600571,-0.1711063
-0.056199282,-0.02302152,-0.053191483,-0.07454929,-0.116660535,-0.08013127,-0.020048082,-0.183213,-0.09692061,0.04092616,-0.22284931,-0.11643261,-0.07665706,-0.29273087,-0.07216799,-0.101056814,-0.43237978,-0.1097574,-0.11676663,-0.54044706,-0.14002332,-0.13158879,-0.6330095,-0.1642497,-0.016096115,-0.30578935,-0.07342632,-0.013898969,-0.4532516,-0.10921493,-0.0064940453,-0.5681349,-0.14096725,-0.002125442,-0.67085946,-0.16228475,0.035675585,-0.27752477,-0.07808374,0.06126505,-0.40465847,-0.13061939,0.076800525,-0.5081103,-0.17300782,0.09082538,-0.60013944,-0.19984707,0.081026375,-0.21676296,-0.08423529,0.07456291,-0.24582165,-0.14484663,0.05000639,-0.19296205,-0.16419281,0.033422768,-0.14099711,-0.17226304
-0.053492367,-0.021535456,-0.05427576,-0.07102552,-0.1137808,-0.08339435,-0.01824975,-0.17874664,-0.10204779,0.042333424,-0.22248358,-0.12391456,-0.0778614,-0.2904843,-0.07665751,-0.10101491,-0.43130094,-0.11723635,-0.11517969,-0.53934085,-0.1495005,-0.12750453,-0.6313805,-0.17473811,-0.016860545,-0.30336308,-0.07825985,-0.0137450695,-0.4522704,-0.115959704,-0.005124986,-0.5660676,-0.14904715,0.0010300279,-0.66701263,-0.17102501,0.036201596,-0.27502412,-0.083103105,0.06091845,-0.40331388,-0.13806474,0.07629645,-0.5059341,-0.18146037,0.09172261,-0.5966402,-0.20887895,0.08290303,-0.21418929,-0.08922212,0.07571262,-0.23753208,-0.1533416,0.05235505,-0.18010437,-0.17349292,0.03969288,-0.12538755,-0.18142654
-0.054163545,-0.022515953,-0.05413121,-0.07041407,-0.11646432,-0.082380995,-0.015662909,-0.1805433,-0.1004708,0.046345353,-0.22170264,-0.12166503,-0.077157855,-0.29330325,-0.07371123,-0.10123694,-0.43240428,-0.11299022,-0.11668727,-0.5406848,-0.14496131,-0.13082165,-0.6332712,-0.17025727,-0.016135335,-0.30693036,-0.07497408,-0.013222575,-0.45414793,-0.111843646,-0.005171716,-0.568751,-0.14472711,-0.00097578764,-0.67189527,-0.16674078,0.03610444,-0.27914917,-0.07961339,0.06066042,-0.40668494,-0.13361426,0.07669389,-0.50806963,-0.17652434,0.0915553,-0.59860003,-0.20363742,0.08156669,-0.21865594,-0.08569156,0.07638502,-0.2431212,-0.14842086,0.054902613,-0.18476284,-0.16805962,0.043022215,-0.12958544,-0.17590652
-0.053926855,-0.022512197,-0.050646655,-0.07024926,-0.12469655,-0.07452184,-0.011722684,-0.18934274,-0.08829117,0.04918158,-0.22784185,-0.10536031,-0.07615206,-0.2931745,-0.07006929,-0.10068947,-0.4323604,-0.105348125,-0.115932494,-0.5403848,-0.13470876,-0.13088077,-0.6336199,-0.15878576,-0.015582204,-0.30592477,-0.07210734,-0.012411118,-0.45191973,-0.10567093,-0.005287707,-0.56644017,-0.13759282,-0.0013790131,-0.66966563,-0.15956879,0.036077023,-0.27801406,-0.07713218,0.060471654,-0.4058733,-0.12863284,0.07718122,-0.5073565,-0.1717729,0.092879534,-0.59863555,-0.19954218,0.08168805,-0.21705425,-0.083258405,0.07443839,-0.24602234,-0.14444731,0.050122857,-0.1901831,-0.16409123,0.034643054,-0.13677448,-0.17243564
-0.053926855,-0.022512197,-0.050646655,-0.07024926,-0.12469655,-0.07452184,-0.011722684,-0.18934274,-0.08829117,0.04918158,-0.22784185,-0.10536031,-0.07615206,-0.2931745,-0.07006929,-0.10068947,-0.4323604,-0.105348125,-0.115932494,-0.5403848,-0.13470876,-0.13088077,-0.6336199,-0.15878576,-0.015582204,-0.30592477,-0.07210734,-0.012411118,-0.45191973,-0.10567093,-0.005287707,-0.56644017,-0.13759282,-0.0013790131,-0.66966563,-0.15956879,0.036077023,-0.27801406,-0.07713218,0.060471654,-0.4058733,-0.12863284,0.07718122,-0.5073565,-0.1717729,0.092879534,-0.59863555,-0.19954218,0.08168805,-0.21705425,-0.083258405,0.07443839,-0.24602234,-0.14444731,0.050122857,-0.1901831,-0.16409123,0.034643054,-0.13677448,-0.17243564
-0.05509627,-0.024887085,-0.061342925,-0.06813094,-0.11502838,-0.09438202,-0.014230251,-0.17620307,-0.11571765,0.046761513,-0.22092158,-0.14001088,-0.07693213,-0.29018426,-0.083771996,-0.09909603,-0.42978492,-0.13004126,-0.11417395,-0.53857875,-0.16742906,-0.12652928,-0.63181764,-0.19589324,-0.014569521,-0.30117077,-0.08400264,-0.011256576,-0.44802096,-0.12452074,-0.0029280782,-0.56074655,-0.16015951,0.0025537014,-0.6610111,-0.18417732,0.03930849,-0.2733568,-0.0885531,0.062257826,-0.39826095,-0.14728272,0.078764915,-0.50192386,-0.19344127,0.09426296,-0.5954592,-0.22287662,0.0847286,-0.21428806,-0.09508018,0.077421546,-0.23487288,-0.16313882,0.0531227,-0.17372036,-0.18462199,0.038701832,-0.11534351,-0.19331741
-0.053643733,-0.020083487,-0.051283658,-0.07249519,-0.11290133,-0.07837297,-0.019123137,-0.17930716,-0.09546219,0.042616606,-0.21995413,-0.115667865,-0.07553795,-0.28889328,-0.07358397,-0.098893285,-0.42907172,-0.11124009,-0.11431241,-0.537176,-0.14151607,-0.12817436,-0.6296723,-0.16585815,-0.014946997,-0.30243546,-0.07529817,-0.011884034,-0.4474102,-0.10974373,-0.005484283,-0.55891705,-0.1409859,-0.0013459325,-0.6574547,-0.16225532,0.037322044,-0.274446,-0.07989346,0.06387985,-0.4022512,-0.13237514,0.0791713,-0.5044821,-0.17562449,0.093509614,-0.5933094,-0.20345154,0.082930386,-0.21306032,-0.085482284,0.07658732,-0.23618048,-0.14838025,0.05289203,-0.17794323,-0.16923286,0.03917253,-0.12172669,-0.1779955
-0.05442536,-0.021145403,-0.05629106,-0.07219708,-0.11439121,-0.08599772,-0.018623352,-0.17997444,-0.104939975,0.04555005,-0.2216137,-0.12712766,-0.07995096,-0.28941822,-0.077790804,-0.10209584,-0.43174416,-0.11934019,-0.11691415,-0.5413587,-0.15215242,-0.12897304,-0.63496727,-0.17790972,-0.018642128,-0.30380392,-0.07875485,-0.01531595,-0.45306993,-0.11651842,-0.006621778,-0.5673635,-0.14977904,0.00011366606,-0.66916716,-0.1719765,0.034879327,-0.27690512,-0.08329523,0.05969596,-0.40395957,-0.1401536,0.07583338,-0.50740194,-0.18584524,0.09184492,-0.59922785,-0.21481472,0.08110911,-0.21745145,-0.08919057,0.07171273,-0.23212105,-0.15713175,0.048840106,-0.1687212,-0.18021391,0.037449718,-0.11085045,-0.18991198
-0.053462774,-0.02651143,-0.046261806,-0.0670771,-0.12253839,-0.069551416,-0.011494398,-0.18278378,-0.08427322,0.047727406,-0.21536326,-0.101992115,-0.06921828,-0.29461455,-0.063328125,-0.09331587,-0.43209553,-0.09496768,-0.10816792,-0.5370194,-0.120599106,-0.12352988,-0.6270516,-0.14190699,-0.009727776,-0.30742818,-0.06649253,-0.0068618655,-0.45280808,-0.09890894,0.00043338537,-0.5637429,-0.12802859,0.004015267,-0.66087985,-0.14713836,0.041025043,-0.27839333,-0.07222091,0.069117665,-0.4026125,-0.120959386,0.08534622,-0.5053878,-0.1615656,0.09935862,-0.59375644,-0.18713753,0.084780335,-0.2159555,-0.078764565,0.07940596,-0.24556589,-0.13444863,0.054023623,-0.19240767,-0.15113243,0.03786874,-0.13784218,-0.15764225
-0.055708766,-0.0225029,-0.048670843,-0.07149947,-0.117869735,-0.072608404,-0.014888108,-0.18119931,-0.087281294,0.048169434,-0.21494544,-0.10497047,-0.0763728,-0.28929794,-0.06636957,-0.10099912,-0.4304276,-0.09930005,-0.11409962,-0.5366355,-0.12558231,-0.1271967,-0.62761766,-0.14709635,-0.01601863,-0.3031106,-0.068197645,-0.011876345,-0.4477128,-0.09952262,-0.0042659044,-0.5575185,-0.12796646,0.00023758411,-0.6542008,-0.14671831,0.03532231,-0.2749803,-0.07286928,0.06401867,-0.39945346,-0.12200276,0.08037025,-0.50349516,-0.16399994,0.09486771,-0.59371054,-0.19068503,0.07888013,-0.21246326,-0.07843028,0.07745993,-0.23778212,-0.13659324,0.056447506,-0.1812126,-0.15521607,0.044604063,-0.124821424,-0.16272902
-0.05547923,-0.025394201,-0.050767716,-0.07211143,-0.11926627,-0.07636055,-0.013373256,-0.18118834,-0.09261239,0.052521884,-0.21268308,-0.11161657,-0.07402092,-0.2904796,-0.06761759,-0.099178344,-0.43079567,-0.10199542,-0.11439636,-0.53775334,-0.12925696,-0.12872079,-0.62921536,-0.15154941,-0.014137089,-0.30400205,-0.06888883,-0.010461688,-0.44856414,-0.10189625,-0.0031521916,-0.5588149,-0.13135688,0.0016807914,-0.6561634,-0.15083933,0.03716886,-0.27502936,-0.07332523,0.06569439,-0.40058333,-0.124343045,0.08170003,-0.50385356,-0.16710778,0.09582496,-0.5933013,-0.194141,0.08076829,-0.21291918,-0.07886782,0.076235354,-0.23688442,-0.13930231,0.05304569,-0.18080854,-0.15950058,0.039352536,-0.1258421,-0.16800945
-0.054587394,-0.025574446,-0.0477187,-0.07386595,-0.11992496,-0.07101484,-0.018831074,-0.183941,-0.08569971,0.04118973,-0.21908969,-0.10373583,-0.076399565,-0.29525292,-0.06363572,-0.10079348,-0.4369253,-0.097161435,-0.11413133,-0.544087,-0.12457716,-0.12757769,-0.6364207,-0.14704448,-0.014913142,-0.30772692,-0.06709103,-0.0105268955,-0.45590127,-0.098793045,-0.0024470687,-0.5710337,-0.12925267,0.0026159286,-0.67368126,-0.15001665,0.037030697,-0.27839667,-0.073627435,0.063792706,-0.40607515,-0.12315765,0.07997054,-0.51085997,-0.165986,0.09443194,-0.6028632,-0.19360971,0.082949996,-0.21637356,-0.08118946,0.07763386,-0.24835038,-0.14044939,0.0537287,-0.19617587,-0.15994193,0.03830844,-0.14394748,-0.16832225
-0.05574894,-0.02577442,-0.046976037,-0.070651084,-0.12374276,-0.06967038,-0.015661001,-0.18871766,-0.083910584,0.043893337,-0.22528523,-0.10102758,-0.07612905,-0.29749703,-0.058976877,-0.10013634,-0.43671715,-0.092957996,-0.1122022,-0.54402333,-0.12169288,-0.12419832,-0.6358006,-0.14522256,-0.0152769685,-0.3098169,-0.062175326,-0.010732412,-0.4548598,-0.09197891,-0.0016684532,-0.5680721,-0.12200944,0.003631711,-0.67030597,-0.143247,0.03634435,-0.28129846,-0.068906866,0.061516106,-0.40687868,-0.11635632,0.07871121,-0.5099318,-0.15755205,0.09444344,-0.60081124,-0.18475796,0.08230919,-0.22025758,-0.076906785,0.07287091,-0.25172144,-0.13486883,0.044798255,-0.20130676,-0.15406166,0.02596873,-0.15134668,-0.1626091
-0.05619493,-0.024165332,-0.05841725,-0.07428944,-0.120191514,-0.08756555,-0.0179196,-0.18389362,-0.10538547,0.04578775,-0.22319251,-0.12656802,-0.078736424,-0.29642457,-0.07826749,-0.10103357,-0.43793052,-0.11978318,-0.11657369,-0.54845154,-0.1532183,-0.13045126,-0.6439965,-0.17939162,-0.017034948,-0.3101722,-0.07801546,-0.013607085,-0.45873138,-0.11524651,-0.0051239133,-0.5736051,-0.14867555,0.00082439184,-0.6780357,-0.17112914,0.03594643,-0.2837897,-0.08170353,0.0596022,-0.41079196,-0.13758837,0.07729244,-0.5146651,-0.18316701,0.093758404,-0.60940814,-0.21225698,0.08236337,-0.22488326,-0.08716746,0.07396811,-0.2446599,-0.15314423,0.050443888,-0.18071109,-0.17498498,0.037209988,-0.12239361,-0.18426244
-0.057949573,-0.027294993,-0.051729795,-0.0739024,-0.1256684,-0.077499144,-0.018800497,-0.1898641,-0.093810245,0.039382577,-0.2325095,-0.113422155,-0.07766524,-0.3011816,-0.06734132,-0.10119745,-0.4414621,-0.10579388,-0.11462891,-0.5492697,-0.13691434,-0.1267165,-0.6413868,-0.16129844,-0.015028,-0.31441838,-0.069901094,-0.011893511,-0.46702877,-0.10468265,-0.005035937,-0.58539796,-0.13697018,-0.0009506345,-0.6926322,-0.1587155,0.03746468,-0.28609288,-0.07628678,0.061695993,-0.41304728,-0.12855278,0.07735711,-0.5176159,-0.17228256,0.09321576,-0.6110853,-0.20023794,0.082295895,-0.22515452,-0.084133185,0.071214855,-0.25006598,-0.14587975,0.045376062,-0.19392687,-0.16623461,0.03069979,-0.14080054,-0.17479073
-0.055636555,-0.02578026,-0.057412274,-0.071026206,-0.124610245,-0.08482077,-0.012803495,-0.18718356,-0.100974135,0.052583277,-0.22482681,-0.12073313,-0.07802504,-0.29603314,-0.07607974,-0.10117796,-0.43661064,-0.11694282,-0.11644724,-0.5458337,-0.15010424,-0.1296938,-0.63996434,-0.17611516,-0.01574099,-0.3096199,-0.07627062,-0.012443781,-0.45823815,-0.112819314,-0.0031472445,-0.57188725,-0.1459278,0.003357768,-0.6737641,-0.16811112,0.037238717,-0.28342402,-0.080556504,0.06005764,-0.40981543,-0.13634741,0.07678312,-0.5136335,-0.18240044,0.09264785,-0.6078727,-0.21167333,0.08280498,-0.22456974,-0.08651097,0.074864745,-0.24422204,-0.15243936,0.053768694,-0.17984092,-0.17430222,0.04302907,-0.12075782,-0.1835513
-0.058124393,-0.028457403,-0.051107977,-0.075598866,-0.12333089,-0.0767702,-0.020413399,-0.18682212,-0.093230955,0.0390445,-0.22742313,-0.112741716,-0.07773754,-0.299923,-0.06595431,-0.103203356,-0.4398567,-0.10349007,-0.11619237,-0.548143,-0.13443454,-0.12846413,-0.6415037,-0.15909986,-0.01582992,-0.31307244,-0.068719715,-0.012313068,-0.46227312,-0.10244162,-0.0031895041,-0.57776093,-0.13385634,0.0025396347,-0.6816664,-0.15525061,0.035722792,-0.28401488,-0.07532676,0.06133783,-0.40988377,-0.12656145,0.079575956,-0.5137658,-0.16890004,0.0963549,-0.6061692,-0.19604382,0.08062607,-0.22156417,-0.083428584,0.07091278,-0.25300878,-0.1442893,0.045104623,-0.19809765,-0.16352765,0.029130816,-0.14402962,-0.17141972
-0.057420492,-0.025710285,-0.050035503,-0.07527873,-0.12222177,-0.07525676,-0.022013664,-0.18489015,-0.09131019,0.03627807,-0.22357053,-0.11066722,-0.07613337,-0.2996353,-0.06667047,-0.09924644,-0.4394341,-0.10399286,-0.111827195,-0.54753345,-0.1347919,-0.124519646,-0.6404723,-0.15932566,-0.013428509,-0.31235993,-0.06948663,-0.009105802,-0.46147382,-0.10370242,0.00023293495,-0.57545257,-0.13541508,0.005515337,-0.67774177,-0.15668589,0.039233685,-0.28271365,-0.07565529,0.064222336,-0.40834355,-0.12656006,0.08222294,-0.51125187,-0.16824795,0.09926963,-0.6023971,-0.19480206,0.08439988,-0.21967912,-0.083169214,0.0765084,-0.24922204,-0.14287749,0.05276102,-0.19313383,-0.1608603,0.039911866,-0.13824624,-0.1677797
-0.05433333,-0.026463628,-0.045692336,-0.06854054,-0.12515843,-0.068128616,-0.011508346,-0.18388379,-0.08210516,0.051262736,-0.21281087,-0.09939948,-0.07289165,-0.29326177,-0.06281283,-0.097552985,-0.43150783,-0.094716206,-0.11176461,-0.5369469,-0.12076016,-0.12624463,-0.62723505,-0.1424245,-0.012585342,-0.30577207,-0.065910935,-0.009097576,-0.44926637,-0.0979342,-0.0019621253,-0.5588739,-0.12735058,0.0014303327,-0.654827,-0.14684968,0.039247274,-0.27648127,-0.07157777,0.066973984,-0.40014216,-0.1210229,0.08291328,-0.5033938,-0.16329099,0.096750736,-0.592058,-0.19003236,0.08261424,-0.21408933,-0.07785593,0.07714665,-0.23969883,-0.13557719,0.05408901,-0.1838677,-0.1540907,0.041013718,-0.1282227,-0.16174164
-0.05433333,-0.026463628,-0.045692336,-0.06854054,-0.12515843,-0.068128616,-0.011508346,-0.18388379,-0.08210516,0.051262736,-0.21281087,-0.09939948,-0.07289165,-0.29326177,-0.06281283,-0.097552985,-0.43150783,-0.094716206,-0.11176461,-0.5369469,-0.12076016,-0.12624463,-0.62723505,-0.1424245,-0.012585342,-0.30577207,-0.065910935,-0.009097576,-0.44926637,-0.0979342,-0.0019621253,-0.5588739,-0.12735058,0.0014303327,-0.654827,-0.14684968,0.039247274,-0.27648127,-0.07157777,0.066973984,-0.40014216,-0.1210229,0.08291328,-0.5033938,-0.16329099,0.096750736,-0.592058,-0.19003236,0.08261424,-0.21408933,-0.07785593,0.07714665,-0.23969883,-0.13557719,0.05408901,-0.1838677,-0.1540907,0.041013718,-0.1282227,-0.16174164
-0.054970503,-0.025665104,-0.049770974,-0.07187259,-0.124825835,-0.072170086,-0.012860775,-0.18755603,-0.08508229,0.052683294,-0.21916139,-0.10141535,-0.07798374,-0.29155993,-0.065177135,-0.1015774,-0.43303788,-0.098622896,-0.11468056,-0.53994083,-0.12583745,-0.12802011,-0.6322669,-0.14802502,-0.016914189,-0.3041495,-0.0674926,-0.012758315,-0.45174587,-0.09873547,-0.0048229694,-0.56578386,-0.12877633,0.0002654791,-0.6683185,-0.1489116,0.03570777,-0.27677906,-0.07312344,0.062336683,-0.40311223,-0.12318628,0.07876861,-0.507502,-0.16678983,0.09413093,-0.6013167,-0.19457646,0.082805455,-0.21596134,-0.079913296,0.07928896,-0.24329412,-0.13952978,0.057819247,-0.18420744,-0.15875159,0.045594275,-0.12720823,-0.16672821
-0.055428475,-0.026814282,-0.04661653,-0.07008052,-0.12461805,-0.06854042,-0.013119936,-0.18729627,-0.08205308,0.0468418,-0.22186106,-0.098868534,-0.074260145,-0.29476,-0.060346443,-0.09670633,-0.4348544,-0.0929599,-0.10863215,-0.5411663,-0.11980311,-0.12053493,-0.6321735,-0.14178896,-0.01260072,-0.30722713,-0.063401386,-0.0068002343,-0.45475835,-0.09203658,0.0022644997,-0.5685934,-0.12074167,0.008184016,-0.66944766,-0.14069964,0.03974223,-0.27788824,-0.06972791,0.06725913,-0.40306744,-0.11603299,0.08414668,-0.5066085,-0.15776005,0.09981686,-0.59661824,-0.1852398,0.08497375,-0.21547121,-0.07719409,0.07654452,-0.24214023,-0.13446863,0.04940915,-0.18890148,-0.15398064,0.032429755,-0.13608086,-0.16265383
-0.05575928,-0.026778996,-0.046698377,-0.06918374,-0.12412822,-0.06965875,-0.012841225,-0.18468714,-0.08366935,0.046262085,-0.22109431,-0.1008674,-0.073642045,-0.29399258,-0.06562675,-0.097452015,-0.4354385,-0.09967106,-0.110871434,-0.5425483,-0.12661204,-0.12392613,-0.6345961,-0.14858069,-0.012401521,-0.30652982,-0.0690964,-0.008504808,-0.45478997,-0.10129703,-0.000836432,-0.5689644,-0.13079847,0.003506124,-0.66996956,-0.15066914,0.04008329,-0.2772928,-0.075496785,0.06628913,-0.40112823,-0.12545343,0.08285153,-0.5065656,-0.16818516,0.09787929,-0.5990701,-0.19556499,0.08493936,-0.2145921,-0.082678765,0.07414073,-0.23983747,-0.14194468,0.04504317,-0.18501055,-0.16153577,0.026118457,-0.13113236,-0.16994974
-0.057261944,-0.02551657,-0.05020063,-0.07009214,-0.12237513,-0.07461608,-0.011532128,-0.1841842,-0.08969356,0.05167693,-0.21898979,-0.10713519,-0.07545751,-0.29483038,-0.06574623,-0.09956056,-0.43635923,-0.10094938,-0.11349842,-0.5453398,-0.12876669,-0.12555891,-0.63710546,-0.1509468,-0.014680684,-0.3081401,-0.06625214,-0.011135995,-0.4549586,-0.09815577,-0.0041653514,-0.56796086,-0.12614447,0.00047832727,-0.66594875,-0.14443102,0.03796339,-0.2788369,-0.070104465,0.06579256,-0.40065664,-0.11817067,0.08307946,-0.5047379,-0.15807159,0.09974772,-0.5952829,-0.18319175,0.08109182,-0.21468598,-0.07536041,0.07196993,-0.2372343,-0.13230698,0.044099748,-0.18380898,-0.15025671,0.028538942,-0.13134044,-0.15708444
-0.055457294,-0.026815057,-0.046507627,-0.07070482,-0.12339693,-0.069502145,-0.014091313,-0.18588042,-0.084128164,0.045997262,-0.22233278,-0.101293415,-0.075077176,-0.2949534,-0.061540175,-0.09914029,-0.4369622,-0.09461781,-0.11105934,-0.54408884,-0.12140453,-0.12296653,-0.63476384,-0.14322327,-0.0137088895,-0.30668813,-0.064303085,-0.010004222,-0.4555424,-0.09497614,-0.0021309853,-0.5684514,-0.12368392,0.0030356646,-0.6665203,-0.14314398,0.038425744,-0.2760331,-0.07003163,0.06548792,-0.40152225,-0.116623506,0.08195096,-0.50404584,-0.15579373,0.09853828,-0.5922173,-0.18095663,0.08311093,-0.21200752,-0.07683352,0.07350558,-0.24348795,-0.1319747,0.046408832,-0.19683331,-0.14896756,0.030944288,-0.14881563,-0.15568757
-0.054032266,-0.02649796,-0.051457886,-0.069200695,-0.12314808,-0.074819736,-0.010638773,-0.18634361,-0.08857625,0.05336404,-0.22065574,-0.10538784,-0.076048255,-0.2946108,-0.06649051,-0.10137993,-0.43727097,-0.10179936,-0.1156587,-0.54648376,-0.13068874,-0.13040972,-0.64008474,-0.15384972,-0.015201509,-0.30749762,-0.06890708,-0.0121875405,-0.456541,-0.10219018,-0.0038158298,-0.5731181,-0.13319784,0.00088715553,-0.6759582,-0.15367904,0.03634298,-0.27911556,-0.075000875,0.061793387,-0.40437305,-0.12640423,0.0775556,-0.5091231,-0.17002212,0.09080505,-0.60323966,-0.19739091,0.08171892,-0.21596164,-0.08248788,0.08032858,-0.2464602,-0.14209883,0.05934018,-0.19157141,-0.16067395,0.045337737,-0.13702738,-0.16804178
-0.055917144,-0.030016959,-0.04848241,-0.066067815,-0.13249993,-0.07032728,-0.0055682063,-0.1920684,-0.0832311,0.05887729,-0.22350705,-0.09947893,-0.07479888,-0.29834187,-0.06222095,-0.09904632,-0.4405936,-0.0955774,-0.11335379,-0.5496741,-0.12290735,-0.12704426,-0.6427685,-0.14523652,-0.014539003,-0.31218725,-0.06425533,-0.010528803,-0.45691293,-0.09422012,-0.001834631,-0.57001054,-0.123378985,0.0040682554,-0.6691736,-0.14333935,0.0374555,-0.28406692,-0.06981158,0.06334221,-0.40722668,-0.11804372,0.08093333,-0.51285505,-0.16154614,0.09723282,-0.60563064,-0.18985505,0.08157289,-0.2220372,-0.07656546,0.07412118,-0.24591023,-0.13543628,0.048318803,-0.18989569,-0.15596455,0.03244108,-0.13573396,-0.16515787
-0.059897006,-0.030735075,-0.052096143,-0.06968945,-0.1310879,-0.07736503,-0.009820282,-0.1893096,-0.093027025,0.05292678,-0.22423947,-0.111548625,-0.07482529,-0.3014022,-0.067188144,-0.098380655,-0.44100735,-0.105181396,-0.11338773,-0.5508402,-0.13623595,-0.12545192,-0.6434151,-0.16078958,-0.013216794,-0.31596088,-0.06709588,-0.009112477,-0.45949376,-0.10142269,-0.0011267066,-0.57086825,-0.13184156,0.004220605,-0.6679553,-0.15203896,0.039715767,-0.2871526,-0.070665844,0.0658527,-0.40585738,-0.11994079,0.0832001,-0.5086315,-0.16099843,0.100218415,-0.5992998,-0.18734097,0.08189857,-0.22372633,-0.07592496,0.06753659,-0.24132562,-0.13397278,0.03683269,-0.18638164,-0.15293221,0.019945443,-0.13471174,-0.16072881
-0.059509814,-0.026986718,-0.056110587,-0.07244751,-0.12191361,-0.08404763,-0.013653636,-0.1799401,-0.10122206,0.047982097,-0.21749258,-0.12114884,-0.073611826,-0.2958967,-0.07593464,-0.09803051,-0.43526247,-0.116192706,-0.1144391,-0.5436095,-0.14792769,-0.12832686,-0.6367956,-0.17281562,-0.012493432,-0.30988765,-0.075376146,-0.009307563,-0.45464832,-0.112270966,-0.0013415813,-0.56587815,-0.14372543,0.003910482,-0.6637364,-0.16443302,0.039668918,-0.28120035,-0.07857404,0.0651533,-0.40046665,-0.13154827,0.08207387,-0.50305176,-0.17413765,0.0976246,-0.59483504,-0.20103535,0.08178574,-0.2182566,-0.08352995,0.0695017,-0.23826265,-0.14484562,0.03990698,-0.18080032,-0.16460922,0.022230566,-0.12682521,-0.1727042
-0.054703653,-0.027474582,-0.054718107,-0.06986281,-0.11850357,-0.08190498,-0.012647033,-0.18047309,-0.09927445,0.05142361,-0.21598375,-0.119635284,-0.075920224,-0.29513812,-0.07005866,-0.100736916,-0.43916363,-0.10820945,-0.11472154,-0.54817885,-0.13848113,-0.12747669,-0.6413539,-0.1620773,-0.014344573,-0.30870587,-0.07099503,-0.010091662,-0.4594086,-0.10532101,-0.0013478398,-0.57521594,-0.135988,0.0044329762,-0.6776358,-0.15597275,0.037965417,-0.27985215,-0.075970165,0.06493038,-0.40507707,-0.12805304,0.08147001,-0.5105255,-0.1716244,0.096695185,-0.6043385,-0.19901828,0.08229184,-0.21723825,-0.08269214,0.07806033,-0.24115825,-0.14440145,0.05581945,-0.18188947,-0.16449505,0.04338181,-0.12508005,-0.17252773
-0.060910046,-0.028503716,-0.05509534,-0.07678944,-0.12153417,-0.08370527,-0.022249162,-0.18340087,-0.10249189,0.035827816,-0.2263475,-0.12411105,-0.077193975,-0.30034226,-0.07188884,-0.10182232,-0.44139552,-0.112485856,-0.1161018,-0.55117875,-0.14527938,-0.12876442,-0.64457333,-0.17086741,-0.014703274,-0.31468856,-0.07272557,-0.0110016465,-0.46132398,-0.1087239,-0.0024453402,-0.5749327,-0.1407681,0.0027533174,-0.6747203,-0.16241325,0.037665248,-0.28567415,-0.07763764,0.06299335,-0.40562734,-0.12903908,0.0797236,-0.50874823,-0.17151636,0.0956223,-0.5990313,-0.1991459,0.0805853,-0.22338313,-0.0845174,0.06904173,-0.24439651,-0.14548525,0.041888654,-0.19084656,-0.16603872,0.026174009,-0.13959724,-0.17496264
-0.058045536,-0.02759546,-0.0508399,-0.0718821,-0.12131965,-0.07702491,-0.01662004,-0.18189067,-0.09406169,0.042154253,-0.22027129,-0.11397848,-0.075574994,-0.29664755,-0.06780848,-0.10031724,-0.43642655,-0.10574317,-0.11395568,-0.544389,-0.13642435,-0.12650225,-0.6369078,-0.16079378,-0.01374197,-0.30958313,-0.07032277,-0.01035732,-0.45545295,-0.10440759,-0.0015771389,-0.5683497,-0.13500872,0.00366354,-0.6684585,-0.15576716,0.038422942,-0.28008795,-0.07656938,0.06354201,-0.4016142,-0.1271715,0.08059174,-0.5049209,-0.1688453,0.09590548,-0.5957154,-0.19567293,0.08255619,-0.21708238,-0.084337264,0.072668254,-0.24334627,-0.14434907,0.04437256,-0.19049835,-0.16383883,0.025720775,-0.13847011,-0.1720674
-0.0592795,-0.027821958,-0.04892164,-0.07228333,-0.124246776,-0.07342503,-0.01743108,-0.18514311,-0.089040615,0.03964609,-0.2238223,-0.10728345,-0.07575154,-0.2999165,-0.064085945,-0.10084808,-0.43879294,-0.099733606,-0.11470419,-0.5459225,-0.12837158,-0.12731734,-0.6366429,-0.15105285,-0.013548553,-0.31265557,-0.066219196,-0.011220396,-0.4599818,-0.09971597,-0.0050104856,-0.5723581,-0.1285967,-0.0020247698,-0.6711744,-0.14735095,0.03889668,-0.28352875,-0.07182706,0.06532675,-0.40659282,-0.12072954,0.08183503,-0.50991416,-0.15988596,0.09706849,-0.60016364,-0.18439604,0.082122445,-0.2199431,-0.07882561,0.07356155,-0.24874228,-0.13512279,0.046106875,-0.19690621,-0.15149035,0.029729366,-0.14443576,-0.15733257
-0.05737993,-0.02941072,-0.05563723,-0.069686234,-0.12750262,-0.083074756,-0.010792255,-0.18915284,-0.100448504,0.05272776,-0.22528756,-0.12112884,-0.07792431,-0.29664034,-0.07101054,-0.10120794,-0.43844602,-0.11070379,-0.115189195,-0.548565,-0.14339584,-0.12802517,-0.6423359,-0.16906597,-0.016216755,-0.30965137,-0.07189345,-0.011940539,-0.45564568,-0.106612004,-0.0020065904,-0.56953025,-0.13901073,0.004391849,-0.6698724,-0.16116527,0.036657274,-0.2820176,-0.07707167,0.060353696,-0.4048711,-0.12935738,0.07816428,-0.5104044,-0.17402995,0.09475154,-0.60402596,-0.2031275,0.081900775,-0.22241855,-0.084182635,0.07437199,-0.24559426,-0.1470532,0.05057341,-0.18992674,-0.16865061,0.03614831,-0.13665855,-0.17825092
-0.05748278,-0.031822264,-0.04775226,-0.07140216,-0.1318214,-0.07110379,-0.014882445,-0.19160187,-0.08605129,0.042214155,-0.22811234,-0.104626276,-0.0755437,-0.30100834,-0.063233316,-0.09883094,-0.44205427,-0.09859632,-0.11204654,-0.54955494,-0.1276609,-0.12486607,-0.6412814,-0.15105745,-0.013291359,-0.31424898,-0.06727299,-0.009213567,-0.46363074,-0.100180194,-0.0015731454,-0.580268,-0.13179488,0.0027242303,-0.68343246,-0.15346424,0.038960695,-0.28600287,-0.074764796,0.06352216,-0.41219625,-0.12502769,0.07991153,-0.51631624,-0.16897385,0.09510946,-0.60741085,-0.19753228,0.08398479,-0.22517085,-0.08336722,0.07248753,-0.2529611,-0.14364383,0.045422494,-0.20101392,-0.16468164,0.028232396,-0.15029168,-0.17420933
-0.0580571,-0.03277433,-0.046981715,-0.0668149,-0.13382542,-0.069734514,-0.008189499,-0.1903975,-0.08416044,0.050285876,-0.22409534,-0.10213991,-0.07417157,-0.2995023,-0.06296853,-0.09874523,-0.44011867,-0.09864599,-0.11289886,-0.5490492,-0.12795855,-0.12546697,-0.6416292,-0.15131097,-0.012504458,-0.31315935,-0.06621378,-0.009067297,-0.45853156,-0.09857247,-0.0006635785,-0.5721532,-0.128694,0.0049629807,-0.67089003,-0.14902131,0.040074766,-0.28466153,-0.07282986,0.064979434,-0.40717012,-0.12175997,0.08242613,-0.5111395,-0.16411234,0.09897441,-0.6011133,-0.19139025,0.08378351,-0.2221005,-0.08061613,0.07370919,-0.24738413,-0.13892661,0.046988904,-0.19343865,-0.1584092,0.031274676,-0.14023542,-0.16673546
-0.05778289,-0.03162098,-0.05888888,-0.06994575,-0.12477261,-0.08861196,-0.011623502,-0.18140191,-0.10734369,0.04717201,-0.22095466,-0.12924069,-0.07696,-0.2973581,-0.07724946,-0.101124495,-0.4373784,-0.11831391,-0.11599305,-0.54493725,-0.1518962,-0.12912583,-0.6374339,-0.1778376,-0.013850212,-0.30970377,-0.0775989,-0.009894252,-0.45801738,-0.11483883,-0.00032168627,-0.57161415,-0.14829871,0.005287707,-0.6712972,-0.17075445,0.03887409,-0.28140348,-0.08227462,0.062470198,-0.4059446,-0.13631545,0.07904565,-0.5106535,-0.18124416,0.093750775,-0.6043321,-0.21021877,0.082413256,-0.22155601,-0.089031436,0.07460779,-0.24666923,-0.15182005,0.050895154,-0.1903007,-0.17224596,0.036245286,-0.1356622,-0.18108106
-0.05963421,-0.026590466,-0.072986454,-0.06951454,-0.117056906,-0.11109802,-0.009960711,-0.17391443,-0.13587824,0.055997252,-0.21440935,-0.16361779,-0.07508886,-0.29197317,-0.09250908,-0.09828654,-0.4306242,-0.14214566,-0.114895344,-0.53996944,-0.182838,-0.12715271,-0.63255024,-0.21344747,-0.012190819,-0.30427396,-0.08762561,-0.008638501,-0.44874376,-0.12810443,-0.00022774935,-0.5604831,-0.16375054,0.004592359,-0.6557779,-0.18816313,0.041812897,-0.2768877,-0.08860263,0.06479716,-0.39861315,-0.146168,0.081738055,-0.50130963,-0.19325057,0.097367525,-0.5938424,-0.224479,0.08483267,-0.21947104,-0.09302962,0.07709217,-0.23139596,-0.16300462,0.053776205,-0.16887558,-0.18784943,0.04078263,-0.11205852,-0.19931489
-0.055408835,-0.024644732,-0.06058693,-0.070662975,-0.12031603,-0.08974357,-0.011563599,-0.1836319,-0.107046865,0.05445081,-0.22204202,-0.12731542,-0.07697877,-0.2938127,-0.0787697,-0.10057083,-0.4339596,-0.11972728,-0.11713004,-0.5429982,-0.15315284,-0.13141072,-0.6360308,-0.17947496,-0.01535219,-0.30680513,-0.07759006,-0.012060523,-0.45213276,-0.11555334,-0.0046619773,-0.5643434,-0.14962883,-0.00035059452,-0.66416407,-0.17225692,0.037433207,-0.27955037,-0.08057266,0.062188983,-0.40471348,-0.13732108,0.07867366,-0.5072284,-0.1831333,0.0934028,-0.60048586,-0.21206379,0.08197403,-0.21956843,-0.08548371,0.07564646,-0.2391395,-0.152048,0.052681208,-0.17603624,-0.17378934,0.03925526,-0.11746669,-0.18281591
-0.058651716,-0.026855707,-0.057166908,-0.07573724,-0.12140113,-0.08561512,-0.017980754,-0.1834299,-0.10317114,0.045411766,-0.22136736,-0.12361344,-0.075494796,-0.29529083,-0.07670885,-0.10035285,-0.43494308,-0.11781281,-0.11649817,-0.5442588,-0.1509084,-0.13010943,-0.63804954,-0.17696051,-0.012999415,-0.3094607,-0.07615956,-0.009860754,-0.4529586,-0.11379934,-0.0027996898,-0.5642304,-0.1461121,0.0014942884,-0.66237974,-0.16766876,0.0399096,-0.28059113,-0.07960862,0.0644204,-0.4023936,-0.13423517,0.07986671,-0.50542915,-0.17813174,0.09368163,-0.59755576,-0.20593636,0.08335173,-0.21777642,-0.08487532,0.07415426,-0.24137914,-0.14839397,0.046205103,-0.18413526,-0.16928713,0.028335392,-0.12914729,-0.17815973
-0.05681491,-0.029311419,-0.056265865,-0.06794953,-0.12717932,-0.08348971,-0.008416414,-0.18488246,-0.09978446,0.055269957,-0.22057778,-0.11955691,-0.073799014,-0.2936597,-0.07526293,-0.097240835,-0.4317948,-0.11704311,-0.11358994,-0.5410249,-0.1515136,-0.12722537,-0.63427055,-0.17819989,-0.011369407,-0.30697757,-0.07510098,-0.008956909,-0.4498112,-0.11163112,-0.0013958812,-0.56149805,-0.14453834,0.0032378435,-0.6583808,-0.16672061,0.041792452,-0.2796644,-0.07902377,0.06490469,-0.40057108,-0.13342926,0.0807417,-0.5043219,-0.17855404,0.095345736,-0.59723926,-0.20735416,0.08505213,-0.21905923,-0.084596336,0.075915694,-0.23841113,-0.14819688,0.05086261,-0.17732298,-0.16879079,0.036550045,-0.11921698,-0.17745571
-0.054255307,-0.019670308,-0.049694203,-0.073628485,-0.11373377,-0.07606991,-0.020414293,-0.17972887,-0.09266522,0.042625427,-0.2172082,-0.11262417,-0.07394329,-0.28727424,-0.073667936,-0.09855899,-0.42568284,-0.11236135,-0.11421901,-0.5331422,-0.14345168,-0.127823,-0.62493944,-0.16821337,-0.013086975,-0.30124205,-0.0755886,-0.011081934,-0.4471614,-0.11025351,-0.0040053725,-0.55818295,-0.14102077,0.00072413683,-0.65569514,-0.16187307,0.039344966,-0.27321267,-0.08025151,0.064472914,-0.3997553,-0.13245247,0.07935244,-0.5022543,-0.17531833,0.093452394,-0.59059584,-0.20274805,0.08426595,-0.21147972,-0.08575598,0.076732695,-0.23415214,-0.14778124,0.052569687,-0.17591333,-0.16810448,0.03965795,-0.11919111,-0.1766126
-0.055177987,-0.019967794,-0.056961782,-0.07356471,-0.11147344,-0.08715761,-0.019699633,-0.17560446,-0.10613909,0.044002533,-0.21472663,-0.12819329,-0.075169116,-0.2897433,-0.07930256,-0.09777406,-0.425914,-0.12120987,-0.11365795,-0.53241485,-0.15470271,-0.12760496,-0.62376356,-0.18089515,-0.013427913,-0.3039292,-0.07934327,-0.011787951,-0.44987786,-0.117955804,-0.0043494105,-0.56012034,-0.15083386,0.00083613396,-0.65871483,-0.1724121,0.039360285,-0.2763306,-0.08287244,0.06399351,-0.4003137,-0.13906017,0.079636514,-0.50214857,-0.18276364,0.09444392,-0.59324574,-0.21005706,0.08387494,-0.21504265,-0.08788106,0.07667613,-0.23547214,-0.15290435,0.05327964,-0.17351538,-0.17315456,0.04079014,-0.11570519,-0.18102534
-0.052778512,-0.019258976,-0.050223626,-0.07417053,-0.11326039,-0.07635411,-0.019682765,-0.1759209,-0.09237662,0.04472238,-0.20797896,-0.11176272,-0.07189688,-0.2844342,-0.07432408,-0.09630379,-0.42301753,-0.111948065,-0.11215922,-0.5292698,-0.1420217,-0.12643659,-0.62067866,-0.1663652,-0.011523843,-0.29746962,-0.07649419,-0.009575129,-0.4433936,-0.111128114,-0.0038553476,-0.5528405,-0.14214431,0.00057923794,-0.6499015,-0.1630262,0.040335417,-0.26881725,-0.08134437,0.06664395,-0.3972237,-0.13459173,0.0822947,-0.49836123,-0.1777511,0.09780151,-0.58685404,-0.20512804,0.08572304,-0.20657939,-0.08693012,0.07828957,-0.2313599,-0.15075219,0.054859996,-0.17124963,-0.17123437,0.04253024,-0.114124596,-0.17957403
-0.055276543,-0.018370867,-0.060570043,-0.073549986,-0.10854083,-0.09296819,-0.018648744,-0.17250228,-0.11338932,0.04899472,-0.21040922,-0.13695203,-0.07672298,-0.28379482,-0.08532618,-0.09969127,-0.42159572,-0.13074428,-0.11578858,-0.52946675,-0.1670036,-0.12929887,-0.6217812,-0.1949724,-0.015604675,-0.2979355,-0.08419442,-0.013895452,-0.44161835,-0.12494021,-0.006251633,-0.5496123,-0.15904014,-0.001224637,-0.6454345,-0.18151625,0.037276506,-0.27134317,-0.08687545,0.061345994,-0.3950444,-0.14574803,0.07731551,-0.49557012,-0.1904688,0.092318475,-0.5854122,-0.21826676,0.081977606,-0.21215093,-0.09116982,0.07593542,-0.23034501,-0.15909801,0.054556906,-0.16720963,-0.18047601,0.043767035,-0.1090498,-0.18885265
-0.055719227,-0.020474255,-0.057748053,-0.075938165,-0.10946751,-0.09045182,-0.025467098,-0.17472136,-0.11209701,0.038550436,-0.21541792,-0.13703279,-0.0750958,-0.2903006,-0.08333306,-0.09894574,-0.42864147,-0.12864718,-0.11521131,-0.5373791,-0.16484445,-0.12871295,-0.6300496,-0.19265142,-0.013393104,-0.30429536,-0.08327842,-0.010999918,-0.4515599,-0.12352202,-0.002706647,-0.56325716,-0.15726827,0.0026655793,-0.66201735,-0.17958139,0.039815664,-0.27614057,-0.08671138,0.0632965,-0.4026826,-0.14370997,0.07949841,-0.50593543,-0.187709,0.09468901,-0.5958475,-0.21536101,0.08433843,-0.21548676,-0.091636494,0.076017976,-0.23634553,-0.15791774,0.052818,-0.17668813,-0.17898259,0.041350543,-0.119323194,-0.18726574
-0.05462995,-0.025660396,-0.049551137,-0.069526374,-0.12160635,-0.0751492,-0.015278935,-0.1878714,-0.09174509,0.045779884,-0.22676224,-0.11126629,-0.07374883,-0.29760242,-0.06644337,-0.09779489,-0.438442,-0.103026375,-0.110996366,-0.5461876,-0.13272394,-0.123031914,-0.6374209,-0.15625043,-0.013165414,-0.30982596,-0.06825745,-0.010779202,-0.45916831,-0.101600155,-0.0029703975,-0.57197225,-0.13174456,0.0023218393,-0.6714674,-0.15178084,0.03871596,-0.27982754,-0.07317811,0.0652585,-0.40791634,-0.122430936,0.082859516,-0.5097648,-0.16224046,0.100384176,-0.5971614,-0.18742512,0.08289361,-0.21602654,-0.079364866,0.07692933,-0.24632013,-0.13716911,0.054837942,-0.1920315,-0.15425648,0.044702053,-0.13646078,-0.16042581
-0.05961162,-0.02815324,-0.049552657,-0.07570025,-0.12368965,-0.074973494,-0.018796086,-0.18463093,-0.09151082,0.040138364,-0.22090197,-0.110973366,-0.07416129,-0.29921335,-0.06537812,-0.09807378,-0.43905708,-0.10189471,-0.11063951,-0.54733765,-0.13218519,-0.122636795,-0.6394255,-0.15644133,-0.011343241,-0.310341,-0.06745268,-0.008289695,-0.45722777,-0.10091241,-0.00026661158,-0.5682976,-0.13152814,0.0046755075,-0.66579175,-0.15222369,0.0412578,-0.27950007,-0.07283736,0.066969514,-0.4067347,-0.12181406,0.083761156,-0.50919294,-0.16138008,0.1000787,-0.59771913,-0.18670592,0.08550328,-0.2151823,-0.07955625,0.07638264,-0.2490784,-0.13665494,0.050723493,-0.19912767,-0.15338676,0.036679685,-0.1475336,-0.15968996
-0.055449277,-0.025218904,-0.04847675,-0.071317405,-0.11847228,-0.073889695,-0.017651677,-0.18081701,-0.090668656,0.041345417,-0.217085,-0.11042018,-0.07450679,-0.29521275,-0.064970106,-0.09836653,-0.4340179,-0.10066996,-0.11157194,-0.5405839,-0.1299376,-0.124354064,-0.6311958,-0.15335777,-0.013962626,-0.30745715,-0.06739693,-0.010723472,-0.45314464,-0.09933658,-0.0027163625,-0.56487966,-0.12916332,0.0022708774,-0.6638503,-0.14952806,0.03809482,-0.27778035,-0.072960965,0.06367272,-0.40420827,-0.121351205,0.08096743,-0.50624895,-0.16140363,0.097161055,-0.59355295,-0.1871895,0.08355087,-0.2152797,-0.079731256,0.07669866,-0.2446956,-0.13719977,0.053506613,-0.19208992,-0.15489209,0.04095924,-0.13775986,-0.16186394
-0.055449277,-0.025218904,-0.04847675,-0.071317405,-0.11847228,-0.073889695,-0.017651677,-0.18081701,-0.090668656,0.041345417,-0.217085,-0.11042018,-0.07450679,-0.29521275,-0.064970106,-0.09836653,-0.4340179,-0.10066996,-0.11157194,-0.5405839,-0.1299376,-0.124354064,-0.6311958,-0.15335777,-0.013962626,-0.30745715,-0.06739693,-0.010723472,-0.45314464,-0.09933658,-0.0027163625,-0.56487966,-0.12916332,0.0022708774,-0.6638503,-0.14952806,0.03809482,-0.27778035,-0.072960965,0.06367272,-0.40420827,-0.121351205,0.08096743,-0.50624895,-0.16140363,0.097161055,-0.59355295,-0.1871895,0.08355087,-0.2152797,-0.079731256,0.07669866,-0.2446956,-0.13719977,0.053506613,-0.19208992,-0.15489209,0.04095924,-0.13775986,-0.16186394
-0.05460444,-0.022438645,-0.04810944,-0.070765674,-0.11949843,-0.0722016,-0.015237689,-0.18523216,-0.087133825,0.04620886,-0.22208077,-0.105040036,-0.07365081,-0.2937699,-0.065584086,-0.09751451,-0.4316514,-0.10100854,-0.111558974,-0.539261,-0.13019577,-0.12538242,-0.63019216,-0.15389328,-0.012230933,-0.30654728,-0.067255124,-0.0086141825,-0.4507391,-0.09879044,-0.0004963875,-0.56161237,-0.12802166,0.0041787624,-0.65952307,-0.14815395,0.040133774,-0.27704835,-0.07191519,0.06565702,-0.4016817,-0.12019967,0.082455814,-0.5034821,-0.16020238,0.09891075,-0.5919049,-0.18615209,0.085228086,-0.2136451,-0.0776904,0.07538837,-0.24021608,-0.13565116,0.049414337,-0.18665808,-0.15390679,0.03554076,-0.13410336,-0.16143385
-0.05677834,-0.026935637,-0.045784455,-0.07124996,-0.12438893,-0.068376444,-0.01493305,-0.18582386,-0.08262529,0.0438897,-0.22053379,-0.09975876,-0.07435149,-0.29608953,-0.06095637,-0.09947637,-0.43527108,-0.094907925,-0.113131434,-0.5428083,-0.12315548,-0.12652409,-0.63427293,-0.14616899,-0.013287187,-0.30846918,-0.063598804,-0.009627581,-0.45295575,-0.09449118,-0.0021145344,-0.563853,-0.12377392,0.0019977689,-0.66154325,-0.14383394,0.03851074,-0.2780128,-0.06912017,0.06500149,-0.40236363,-0.115561835,0.081395924,-0.5040852,-0.15460713,0.09648776,-0.59288096,-0.17984882,0.08220285,-0.21356672,-0.07570955,0.07320917,-0.24511456,-0.13066278,0.0456149,-0.19511062,-0.1470715,0.028974533,-0.14463514,-0.15348804
-0.056055874,-0.026655078,-0.052995652,-0.06839901,-0.12191802,-0.080347486,-0.012117684,-0.18530965,-0.09744055,0.049215317,-0.22449249,-0.11761657,-0.0747447,-0.2927143,-0.07360004,-0.09861517,-0.4320141,-0.113087825,-0.11323461,-0.54006946,-0.14501795,-0.1264514,-0.63243437,-0.17003298,-0.013033509,-0.30540407,-0.07440368,-0.010325432,-0.44906655,-0.11030387,-0.0018837452,-0.5596576,-0.14164266,0.0032094717,-0.65705514,-0.16262397,0.040042818,-0.2768842,-0.07866208,0.06350827,-0.40072978,-0.13192289,0.0790512,-0.50537324,-0.17483309,0.09373641,-0.59731925,-0.20200351,0.08497393,-0.21538669,-0.08418291,0.07730061,-0.24166071,-0.14556174,0.050990045,-0.18590909,-0.16466647,0.034942806,-0.13099337,-0.17239518
-0.056654036,-0.02703762,-0.047502562,-0.070432425,-0.12370747,-0.070880726,-0.013327122,-0.1866132,-0.085580446,0.046638906,-0.22358233,-0.1031668,-0.07462025,-0.2954517,-0.062321056,-0.10039449,-0.43508935,-0.09740488,-0.11334577,-0.5429908,-0.12640266,-0.12628853,-0.6351004,-0.14972116,-0.013189614,-0.30651134,-0.06519274,-0.010500133,-0.4548057,-0.097448684,-0.0025514364,-0.5679585,-0.1276243,0.0019021034,-0.6681275,-0.14792515,0.03893894,-0.27600777,-0.07123756,0.06404203,-0.40256587,-0.11983474,0.08065677,-0.50525486,-0.15942591,0.09602255,-0.5953677,-0.18448384,0.0836972,-0.21190006,-0.07842256,0.07725263,-0.24764824,-0.13485524,0.050653636,-0.19711578,-0.150795,0.03415203,-0.14511174,-0.15647084
-0.056784064,-0.024613261,-0.055991065,-0.07292962,-0.118716836,-0.08589341,-0.017367542,-0.1846003,-0.10526995,0.04612267,-0.22540241,-0.12799993,-0.07680839,-0.29505932,-0.077760234,-0.09975353,-0.43389267,-0.12021181,-0.11506903,-0.5427617,-0.15474755,-0.12842166,-0.6356085,-0.18175384,-0.0151491165,-0.30715472,-0.07817364,-0.012518942,-0.45139623,-0.115921654,-0.0039693117,-0.5632601,-0.14902481,0.001668036,-0.66242284,-0.17148022,0.037905812,-0.27785248,-0.08223259,0.06074655,-0.40232986,-0.13700312,0.07685149,-0.50590926,-0.18057834,0.092368305,-0.5970391,-0.20848429,0.08240658,-0.21575928,-0.0878877,0.07351446,-0.23920107,-0.15173076,0.0477162,-0.18153983,-0.17212796,0.033444285,-0.12544501,-0.18057913
-0.057568282,-0.025224268,-0.050230846,-0.073608875,-0.11919469,-0.07742793,-0.021869898,-0.1831268,-0.09517749,0.03388381,-0.22412139,-0.11555151,-0.073598504,-0.29616857,-0.07098949,-0.096870005,-0.43145698,-0.10972769,-0.111760765,-0.53790534,-0.14109564,-0.12525073,-0.6286018,-0.16597272,-0.01246953,-0.3088444,-0.07265116,-0.009963632,-0.4530207,-0.110117935,-0.00205338,-0.56442285,-0.14161205,0.0027434826,-0.6624692,-0.16225764,0.039999247,-0.27892107,-0.07723683,0.064528346,-0.40138042,-0.12978603,0.081403434,-0.50367194,-0.17016223,0.096912205,-0.591918,-0.1951895,0.083621025,-0.21524858,-0.08299495,0.07315713,-0.24305475,-0.14240116,0.043645382,-0.19166726,-0.1600868,0.02543521,-0.13904613,-0.16660783
-0.061058164,-0.026491404,-0.04721412,-0.07735443,-0.123885095,-0.070675276,-0.0237903,-0.18854505,-0.08552589,0.034338176,-0.22699821,-0.10284798,-0.07826802,-0.29872835,-0.061321285,-0.10474607,-0.4382956,-0.09699537,-0.11774874,-0.54747087,-0.12618497,-0.12955683,-0.63964283,-0.14940044,-0.015109539,-0.3105809,-0.06383684,-0.011728823,-0.45733786,-0.095638886,-0.0030703545,-0.56791794,-0.12442406,0.0023835897,-0.665225,-0.14374761,0.037645817,-0.2810387,-0.06981234,0.0620389,-0.4068694,-0.11722395,0.0773018,-0.50971884,-0.15582745,0.09204066,-0.5991999,-0.18046279,0.081743956,-0.21784246,-0.077058665,0.07086378,-0.2509622,-0.13229664,0.04274845,-0.20345664,-0.14858243,0.025605083,-0.1545273,-0.15469804
-0.055502534,-0.022879362,-0.048413817,-0.071413934,-0.11941898,-0.0731302,-0.01742816,-0.18509912,-0.08876283,0.04152584,-0.22462958,-0.10759115,-0.07355407,-0.294603,-0.06671105,-0.09802741,-0.43337765,-0.10225998,-0.11217111,-0.5410366,-0.13161339,-0.12559304,-0.6327725,-0.15545703,-0.012690306,-0.30861956,-0.06865704,-0.008883417,-0.45184803,-0.100379355,-0.00086677074,-0.5617161,-0.13005751,0.0039120317,-0.658265,-0.15052623,0.038968086,-0.28009707,-0.073592484,0.06443471,-0.40421212,-0.12181531,0.08075011,-0.50644255,-0.16313559,0.09647179,-0.5944078,-0.19033004,0.0830729,-0.21821553,-0.0796611,0.07336211,-0.24136907,-0.13824949,0.048688233,-0.18676972,-0.15810186,0.03538674,-0.13318884,-0.16687863
-0.060451686,-0.02686435,-0.052993078,-0.07506049,-0.11918849,-0.081163585,-0.019923985,-0.18051475,-0.099363804,0.0377692,-0.22110003,-0.12005354,-0.0770849,-0.29572624,-0.0717537,-0.10135242,-0.4343329,-0.11044845,-0.1152837,-0.54172677,-0.14122947,-0.1278114,-0.632857,-0.16539024,-0.015092254,-0.30837196,-0.07228107,-0.012884736,-0.45332724,-0.108605914,-0.005110085,-0.562606,-0.13930622,-0.00027185678,-0.6594871,-0.1595406,0.037201226,-0.2795422,-0.07624531,0.061940312,-0.4009965,-0.12758958,0.07886839,-0.5033134,-0.1676239,0.095219195,-0.59293437,-0.19294122,0.08077425,-0.21818435,-0.08174369,0.069961786,-0.24447298,-0.14012502,0.041514516,-0.19247586,-0.15757485,0.02468437,-0.14098608,-0.16429009
-0.05864474,-0.024725199,-0.052921392,-0.07592398,-0.11616075,-0.081105605,-0.02362901,-0.17934412,-0.09951909,0.033878744,-0.22161025,-0.1206733,-0.07845998,-0.2959544,-0.07180012,-0.10247037,-0.43462926,-0.11131782,-0.1166766,-0.54342616,-0.14345382,-0.1297006,-0.6358529,-0.16861673,-0.016579866,-0.3092401,-0.07295104,-0.014046192,-0.45479897,-0.10893093,-0.0065979958,-0.56614643,-0.14040728,-0.0021049976,-0.6645708,-0.16134502,0.03585279,-0.28029656,-0.07748858,0.061276913,-0.40435436,-0.12884043,0.077867925,-0.50658405,-0.16928014,0.09351468,-0.5962751,-0.19509384,0.07982916,-0.21757764,-0.08357613,0.07141268,-0.24390554,-0.1430306,0.04614204,-0.1907075,-0.16074272,0.032227576,-0.13845706,-0.16744147
-0.059747368,-0.025405824,-0.05803842,-0.076509446,-0.11566895,-0.08975722,-0.024142742,-0.17768258,-0.11082801,0.035206556,-0.22119468,-0.13491522,-0.07856196,-0.29610592,-0.08015651,-0.10278565,-0.43695113,-0.12443999,-0.11815286,-0.5471405,-0.15990601,-0.13100904,-0.6414146,-0.18718763,-0.015850246,-0.30979156,-0.08043779,-0.013403535,-0.45757645,-0.12007059,-0.004852712,-0.57172215,-0.15357594,0.00015062094,-0.6723937,-0.17596461,0.03737986,-0.28120434,-0.08473236,0.060694277,-0.40430975,-0.14007999,0.07692075,-0.50882715,-0.18385066,0.09166086,-0.60122705,-0.21184906,0.08099961,-0.21983367,-0.090979725,0.0710299,-0.24227858,-0.15493752,0.04409814,-0.18526262,-0.17558457,0.027860045,-0.13019192,-0.18420796
-0.056532413,-0.02157265,-0.05712163,-0.07567233,-0.11161482,-0.08810046,-0.02196163,-0.17502517,-0.10803096,0.041398525,-0.21399158,-0.13118698,-0.07767993,-0.29061788,-0.08036108,-0.10052204,-0.42961746,-0.122005284,-0.11601099,-0.53730404,-0.15555793,-0.13044918,-0.6303932,-0.18202546,-0.016286671,-0.3038736,-0.08012316,-0.013532221,-0.4475562,-0.118262745,-0.0066179633,-0.55880046,-0.15162008,-0.0028715134,-0.6593046,-0.17414083,0.036500692,-0.27599823,-0.08325449,0.06008768,-0.40037546,-0.13838862,0.07625109,-0.50461894,-0.18226896,0.091154575,-0.5976065,-0.21039733,0.08150035,-0.21588254,-0.08795221,0.07272518,-0.2379666,-0.152347,0.047415018,-0.17851746,-0.17306578,0.032839835,-0.12249458,-0.18176293
-0.05755642,-0.025008023,-0.05471324,-0.07282412,-0.11946237,-0.08451958,-0.016680956,-0.18140733,-0.1037065,0.044441164,-0.22191328,-0.12582886,-0.07492602,-0.29427987,-0.079456456,-0.099057525,-0.432827,-0.12024648,-0.114720404,-0.5408954,-0.15251236,-0.12834048,-0.6336831,-0.17801428,-0.013462126,-0.30678886,-0.079856165,-0.011866212,-0.45092413,-0.11794737,-0.0041187406,-0.5617539,-0.149603,0.0011155009,-0.6595657,-0.17083883,0.03940922,-0.27724373,-0.083499014,0.06250179,-0.39951634,-0.13778324,0.07878691,-0.50425416,-0.18046917,0.09428668,-0.5960039,-0.20761892,0.0830363,-0.21471721,-0.08851012,0.070661545,-0.23915517,-0.15063137,0.04019642,-0.1844464,-0.17032856,0.021448791,-0.13030964,-0.17859924
-0.056474686,-0.020114958,-0.061163757,-0.07507205,-0.10951316,-0.09562785,-0.02158916,-0.17578256,-0.11836299,0.04378277,-0.2185458,-0.14414722,-0.07833958,-0.28944528,-0.08693645,-0.10134113,-0.42974436,-0.13276365,-0.11750233,-0.5388606,-0.16901089,-0.130992,-0.6324712,-0.19699076,-0.016673863,-0.3033393,-0.08535187,-0.014249086,-0.4482659,-0.12560095,-0.007066548,-0.55913126,-0.15929332,-0.0022455454,-0.65830827,-0.18195245,0.03684938,-0.27553016,-0.08752638,0.05951774,-0.40108442,-0.14529248,0.07568592,-0.50466037,-0.18963619,0.09165138,-0.5964028,-0.2178933,0.08192766,-0.21599096,-0.091509156,0.07169199,-0.23429596,-0.15953018,0.045718014,-0.17305893,-0.18185624,0.032082796,-0.116162,-0.19113338
-0.058006495,-0.02223146,-0.06790046,-0.0720025,-0.11396372,-0.10429834,-0.016552389,-0.17764497,-0.12733418,0.047906518,-0.22203463,-0.15272152,-0.073940575,-0.29156613,-0.092212334,-0.097554296,-0.42796332,-0.14031354,-0.115338564,-0.5357537,-0.17808734,-0.12893233,-0.6275054,-0.20667918,-0.011609912,-0.30367494,-0.08841172,-0.0100464225,-0.44834954,-0.12969142,-0.0027837157,-0.557804,-0.16284363,0.0021330714,-0.6536648,-0.18507133,0.041936934,-0.275796,-0.08962015,0.064204276,-0.39890873,-0.1485417,0.08020568,-0.50119627,-0.19311687,0.095487714,-0.5935604,-0.22148046,0.08542317,-0.21641725,-0.09342058,0.07339889,-0.23675376,-0.16189109,0.043384492,-0.1766975,-0.18413489,0.024257362,-0.11982679,-0.19359049
-0.059375465,-0.02454412,-0.06385392,-0.0718348,-0.115878284,-0.09811058,-0.015809953,-0.17798346,-0.12023794,0.044448078,-0.22359878,-0.1449406,-0.076462954,-0.29533696,-0.08637591,-0.09988013,-0.43213278,-0.13197835,-0.116836786,-0.5400247,-0.16831663,-0.1304205,-0.63215196,-0.19606356,-0.014385402,-0.30838066,-0.08388144,-0.012072682,-0.45418108,-0.123996146,-0.0042363405,-0.5660233,-0.15676767,0.0007954836,-0.66383123,-0.17873733,0.038784742,-0.27942646,-0.085986696,0.06253672,-0.40368795,-0.14244102,0.07825631,-0.5068196,-0.18600821,0.09301472,-0.5984429,-0.21376893,0.082125664,-0.21765417,-0.090484336,0.07283324,-0.24153066,-0.15566039,0.04366082,-0.18494213,-0.17663895,0.025059938,-0.12969965,-0.1854595
-0.059375465,-0.02454412,-0.06385392,-0.0718348,-0.115878284,-0.09811058,-0.015809953,-0.17798346,-0.12023794,0.044448078,-0.22359878,-0.1449406,-0.076462954,-0.29533696,-0.08637591,-0.09988013,-0.43213278,-0.13197835,-0.116836786,-0.5400247,-0.16831663,-0.1304205,-0.63215196,-0.19606356,-0.014385402,-0.30838066,-0.08388144,-0.012072682,-0.45418108,-0.123996146,-0.0042363405,-0.5660233,-0.15676767,0.0007954836,-0.66383123,-0.17873733,0.038784742,-0.27942646,-0.085986696,0.06253672,-0.40368795,-0.14244102,0.07825631,-0.5068196,-0.18600821,0.09301472,-0.5984429,-0.21376893,0.082125664,-0.21765417,-0.090484336,0.07283324,-0.24153066,-0.15566039,0.04366082,-0.18494213,-0.17663895,0.025059938,-0.12969965,-0.1854595
-0.05941081,-0.027646184,-0.066861905,-0.07057816,-0.1210013,-0.10145844,-0.01110357,-0.1800906,-0.12368316,0.051045537,-0.2216456,-0.14866415,-0.07695216,-0.29591173,-0.08654148,-0.101126075,-0.43489486,-0.13285057,-0.11707908,-0.5444237,-0.1708369,-0.12971687,-0.63810384,-0.20007558,-0.014061034,-0.30825293,-0.08382848,-0.012479484,-0.45280308,-0.12440137,-0.00362432,-0.5654931,-0.15963016,0.0023539662,-0.66331387,-0.18380165,0.039556444,-0.27992558,-0.086301126,0.06081927,-0.40321833,-0.14428288,0.07723087,-0.5071517,-0.1909133,0.092663586,-0.60044336,-0.22122331,0.08378416,-0.22093922,-0.091466404,0.07319534,-0.2430852,-0.15958273,0.04557872,-0.1867609,-0.18319406,0.027902663,-0.1329968,-0.19404647
-0.05795312,-0.027113914,-0.05074716,-0.073824376,-0.124372005,-0.07702732,-0.018432975,-0.18781376,-0.09400361,0.040130258,-0.22798061,-0.113845386,-0.075858265,-0.29862744,-0.06856141,-0.10081828,-0.43598253,-0.1064032,-0.11569917,-0.54431045,-0.13760641,-0.12927479,-0.6368288,-0.1626026,-0.0142095685,-0.3120954,-0.070158206,-0.013708591,-0.45824334,-0.10640731,-0.0071142316,-0.5715271,-0.13811815,-0.00312078,-0.67176515,-0.15923144,0.038406312,-0.282915,-0.07491943,0.062737465,-0.40803373,-0.12660977,0.079422235,-0.51063937,-0.16709265,0.09513444,-0.6005862,-0.19257833,0.08274233,-0.21936613,-0.08099089,0.072393596,-0.2505409,-0.14027861,0.044276655,-0.19902384,-0.15778673,0.027689457,-0.14742672,-0.16434374
-0.060822397,-0.028593183,-0.06260622,-0.07450187,-0.12306607,-0.094782755,-0.016888559,-0.18137723,-0.115331136,0.04367274,-0.22168112,-0.13889976,-0.07784468,-0.29841894,-0.08178928,-0.100319326,-0.4380638,-0.12575695,-0.11472994,-0.54783356,-0.16190323,-0.12677121,-0.6415298,-0.18989746,-0.01419884,-0.3113672,-0.08012333,-0.01075232,-0.45627683,-0.11910479,-0.00074493885,-0.5678379,-0.15341118,0.0055458546,-0.66514754,-0.17675866,0.039623618,-0.28353518,-0.08312175,0.06282967,-0.40509844,-0.1386745,0.080586314,-0.5079837,-0.1840157,0.09655696,-0.59954774,-0.21361174,0.08393198,-0.22445524,-0.08851798,0.07425803,-0.24299353,-0.15384665,0.048078954,-0.18413419,-0.17619541,0.031986475,-0.12860334,-0.18631388
-0.058986574,-0.028943837,-0.053334165,-0.07590225,-0.121355295,-0.08181007,-0.021603703,-0.18123078,-0.10049119,0.037275493,-0.22043914,-0.12209818,-0.07609928,-0.2991249,-0.07290143,-0.10016662,-0.44045904,-0.111951336,-0.114035845,-0.54967296,-0.14382444,-0.12721181,-0.6430356,-0.16909799,-0.013604343,-0.31196028,-0.07397327,-0.009518981,-0.45543844,-0.111451544,-0.0008401871,-0.5668922,-0.14415509,0.0035868287,-0.6642269,-0.1658262,0.0392915,-0.28221112,-0.07839044,0.06470734,-0.4037096,-0.13149299,0.081715226,-0.5070983,-0.17422028,0.0967617,-0.5976656,-0.2013533,0.08325118,-0.21981138,-0.08420077,0.07485366,-0.24486458,-0.14506486,0.048691392,-0.18907928,-0.16411279,0.033056676,-0.13445497,-0.17179129
-0.058225393,-0.030173779,-0.04973515,-0.07224625,-0.124341846,-0.07621372,-0.018658936,-0.18592554,-0.09407275,0.03955394,-0.22458857,-0.11522035,-0.074692845,-0.29856277,-0.068219446,-0.09833434,-0.4409285,-0.107641,-0.11264905,-0.5513365,-0.13969705,-0.12526506,-0.6450281,-0.16491616,-0.012625992,-0.31179708,-0.070999116,-0.008871734,-0.4600708,-0.106332615,-5.364418e-05,-0.5750272,-0.13825037,0.0054855943,-0.6754324,-0.15993968,0.040104687,-0.28249252,-0.07719201,0.065006316,-0.40685645,-0.12808028,0.08172184,-0.50942016,-0.17020492,0.097109735,-0.5982131,-0.19745344,0.084344804,-0.21987873,-0.084775575,0.07309383,-0.24528801,-0.1448881,0.044847727,-0.19367838,-0.16497505,0.027293265,-0.14272094,-0.17358094
-0.059869677,-0.029964149,-0.05028329,-0.074686974,-0.12501627,-0.07585841,-0.020402968,-0.18537998,-0.09228601,0.037895203,-0.22376674,-0.11124755,-0.075482726,-0.30258858,-0.066232234,-0.099796325,-0.44143152,-0.10316821,-0.11404827,-0.54967743,-0.13320206,-0.12662548,-0.64213926,-0.15710406,-0.01299113,-0.31366986,-0.0677733,-0.009566963,-0.45932156,-0.10238612,-0.0020710826,-0.5697714,-0.13260865,0.002617538,-0.6664095,-0.15251999,0.040129066,-0.2831539,-0.072716184,0.065223455,-0.4053567,-0.12236449,0.080766976,-0.5077584,-0.16209596,0.09629083,-0.5979388,-0.18730861,0.083871126,-0.21907753,-0.07912229,0.07118702,-0.24545485,-0.13619006,0.041608334,-0.1937846,-0.1533139,0.024831653,-0.14285779,-0.15981689
-0.059681416,-0.02594316,-0.057862584,-0.075405926,-0.11688185,-0.090688005,-0.020696819,-0.17764777,-0.11277382,0.039836824,-0.2186554,-0.1379446,-0.07479346,-0.29684615,-0.08215449,-0.09757882,-0.4341621,-0.12696636,-0.112567306,-0.54180574,-0.16355059,-0.124833524,-0.63445437,-0.1918414,-0.011938393,-0.30883873,-0.081707776,-0.00870496,-0.45141417,-0.12225144,0.00035184622,-0.56159604,-0.15657897,0.006031215,-0.6587304,-0.17973395,0.04180205,-0.27819312,-0.08481997,0.06545949,-0.39828488,-0.14004244,0.082027495,-0.5013139,-0.18288606,0.09740746,-0.5914105,-0.21038376,0.08505261,-0.2154082,-0.08971876,0.073993444,-0.23728126,-0.1529377,0.045190215,-0.1829837,-0.17289957,0.02826035,-0.13010645,-0.18115014
-0.05757302,-0.029522061,-0.046622187,-0.06837314,-0.13034612,-0.06845369,-0.009633124,-0.1915347,-0.08180172,0.050113857,-0.22587126,-0.09792927,-0.075493336,-0.2983026,-0.059407685,-0.09946728,-0.43841854,-0.09241826,-0.11159769,-0.5463564,-0.11968111,-0.12382278,-0.637781,-0.14204882,-0.013580799,-0.31015188,-0.06228562,-0.010036528,-0.45733732,-0.09291527,-0.0019084811,-0.56993186,-0.12222762,0.002919376,-0.6690638,-0.1423065,0.03894627,-0.28034312,-0.068473026,0.06511372,-0.40493438,-0.11618652,0.08209592,-0.5086057,-0.15713301,0.09798312,-0.5993222,-0.1836588,0.084003985,-0.21688503,-0.07573155,0.07463628,-0.2468341,-0.13241674,0.04539877,-0.19703627,-0.15067272,0.026495576,-0.14767432,-0.15848048
-0.058226913,-0.026742935,-0.0483999,-0.07350433,-0.12228584,-0.07332163,-0.02001983,-0.18513668,-0.08940068,0.03610307,-0.22292703,-0.10816466,-0.07630026,-0.2971316,-0.06577389,-0.10041419,-0.4356096,-0.10156477,-0.1131407,-0.5426589,-0.13090234,-0.12531987,-0.63442856,-0.15458384,-0.014184952,-0.3096375,-0.06841201,-0.0116150975,-0.45572942,-0.102072656,-0.0034512281,-0.5672159,-0.13244954,0.0014923811,-0.6656899,-0.15305062,0.03846687,-0.27962875,-0.07409435,0.06355083,-0.40390766,-0.12321887,0.0804261,-0.5055338,-0.16295995,0.09613246,-0.5937662,-0.18845908,0.08342248,-0.21619833,-0.08098828,0.073120475,-0.24865943,-0.13781081,0.044957757,-0.20026797,-0.15506952,0.027612507,-0.1508438,-0.1620451
-0.055306464,-0.027067542,-0.048605047,-0.068903655,-0.1268059,-0.07287308,-0.0121590495,-0.18982464,-0.088132046,0.04869622,-0.22604227,-0.10652246,-0.07345185,-0.29688722,-0.06757861,-0.09887409,-0.43739438,-0.10440735,-0.11308122,-0.5456974,-0.13437136,-0.12673959,-0.63854045,-0.1585611,-0.011854947,-0.30932504,-0.07037359,-0.008429885,-0.45593175,-0.10449491,0.00021535158,-0.5688343,-0.13525568,0.0053007603,-0.66798896,-0.15616448,0.040350497,-0.27943593,-0.076335534,0.06444901,-0.40424046,-0.12703755,0.07973057,-0.50782084,-0.16903904,0.09394038,-0.5986564,-0.19595142,0.084848344,-0.21630704,-0.08341976,0.07522625,-0.24623066,-0.14277641,0.046575546,-0.19538331,-0.16192555,0.028068125,-0.14469463,-0.17005697
-0.056549013,-0.022720635,-0.05698044,-0.074201494,-0.11275029,-0.087798886,-0.021399021,-0.1795764,-0.10797165,0.03971362,-0.22212839,-0.13081056,-0.07683042,-0.29348207,-0.07776844,-0.10110602,-0.4322188,-0.11912197,-0.11590546,-0.53991044,-0.15231377,-0.12986943,-0.63207906,-0.17847279,-0.01544261,-0.3070296,-0.077703334,-0.012482405,-0.45122322,-0.115698725,-0.0037156343,-0.5621799,-0.1483924,0.0010899305,-0.6607679,-0.17035928,0.037181973,-0.27775013,-0.081348084,0.061112344,-0.40128374,-0.13575585,0.07782757,-0.50492865,-0.17844492,0.092653096,-0.5961975,-0.20566435,0.082475305,-0.21583521,-0.086727075,0.07571608,-0.24303454,-0.14996193,0.048665047,-0.18959719,-0.17024574,0.030426204,-0.13708186,-0.17867158
-0.054846287,-0.023937345,-0.04794284,-0.07207894,-0.119190454,-0.072311155,-0.017652273,-0.18357724,-0.088150784,0.041267216,-0.22087836,-0.10710985,-0.076871574,-0.29621702,-0.06373104,-0.100501835,-0.43600976,-0.09934727,-0.113040864,-0.54379356,-0.1292733,-0.12568471,-0.63567543,-0.15348072,-0.015586376,-0.3095004,-0.06631618,-0.011942744,-0.4559036,-0.09696727,-0.0036435723,-0.5704243,-0.12721689,0.001459837,-0.67203736,-0.14858745,0.036482215,-0.27996683,-0.07209369,0.06124884,-0.40663466,-0.11935415,0.077608585,-0.50911826,-0.1601769,0.093295395,-0.5977474,-0.18720746,0.08230305,-0.21728927,-0.07912482,0.07163066,-0.24633092,-0.13722269,0.044894516,-0.19796473,-0.15672371,0.029102981,-0.1496315,-0.1653093
-0.054461062,-0.024712324,-0.048467517,-0.07404116,-0.12308347,-0.07166623,-0.017730176,-0.18638188,-0.08589735,0.044670343,-0.2194112,-0.104175046,-0.07631171,-0.29482293,-0.06650458,-0.09945905,-0.43626237,-0.102237,-0.113189876,-0.5453358,-0.13198839,-0.12657309,-0.6393846,-0.15619096,-0.014667034,-0.30794972,-0.06950198,-0.010257721,-0.45487088,-0.101154044,-0.0029409528,-0.5705898,-0.13262755,0.002050221,-0.67488277,-0.15449254,0.03790486,-0.27976036,-0.07550973,0.062927365,-0.40630594,-0.12558284,0.07870364,-0.5109455,-0.16994236,0.09430736,-0.6035305,-0.19909042,0.08436799,-0.2184993,-0.082599275,0.076387405,-0.23981106,-0.1444392,0.05326122,-0.18172652,-0.166059,0.041261554,-0.1268686,-0.17579392
-0.055152327,-0.02837354,-0.05128682,-0.07010746,-0.124839425,-0.07780835,-0.013701618,-0.18511903,-0.094927,0.048383713,-0.2209025,-0.11602523,-0.07607022,-0.29599023,-0.070172586,-0.09803724,-0.4372385,-0.10925736,-0.11277938,-0.54632974,-0.14170484,-0.1259439,-0.6399845,-0.16758636,-0.014250815,-0.30874586,-0.07243179,-0.0098670125,-0.45302027,-0.10741553,-0.0015466809,-0.5664893,-0.14071062,0.004327655,-0.66803694,-0.16368748,0.039249122,-0.2815596,-0.07802728,0.0619272,-0.40699813,-0.13095824,0.0783183,-0.5119367,-0.17581324,0.09468919,-0.6044053,-0.20511399,0.08556378,-0.22305965,-0.08485014,0.07146007,-0.24215698,-0.14908506,0.045567095,-0.18368614,-0.17131272,0.03186941,-0.12875366,-0.18120745
-0.055085063,-0.02589196,-0.05258662,-0.0731363,-0.12305552,-0.078581505,-0.015084386,-0.18850172,-0.095277645,0.051459014,-0.22454876,-0.11568627,-0.078618795,-0.29361677,-0.068872556,-0.102294296,-0.43538186,-0.1076538,-0.11527473,-0.5436862,-0.1395539,-0.12660715,-0.63660026,-0.16486818,-0.016800582,-0.30657238,-0.071158685,-0.014291942,-0.4567248,-0.10455182,-0.006200671,-0.57429147,-0.13695194,6.735325e-05,-0.6799357,-0.15933907,0.035832286,-0.27825356,-0.077226385,0.059728563,-0.40418363,-0.12924613,0.07512432,-0.5077249,-0.17398822,0.09102976,-0.5993819,-0.20298873,0.081246555,-0.21698898,-0.08476786,0.07208902,-0.23908114,-0.1488229,0.05018103,-0.1812607,-0.17111078,0.04031855,-0.12665486,-0.18077305
-0.05715266,-0.027598321,-0.05159956,-0.07512519,-0.123016775,-0.077653036,-0.018938243,-0.18657935,-0.09457244,0.044858277,-0.22451496,-0.11543167,-0.0793567,-0.29734337,-0.06784692,-0.101558864,-0.4377271,-0.10699388,-0.113946706,-0.545116,-0.13969405,-0.12497893,-0.63784444,-0.16548505,-0.016794622,-0.31027615,-0.070795365,-0.014454007,-0.46069366,-0.10513643,-0.0067850947,-0.57885313,-0.13858889,-0.0015432239,-0.68604535,-0.16172297,0.035999358,-0.28145707,-0.07743151,0.059612155,-0.40647835,-0.1296929,0.075408876,-0.51114726,-0.17455557,0.09155184,-0.6045144,-0.2036522,0.081287265,-0.21970427,-0.08546574,0.070607185,-0.24317932,-0.14817771,0.047529876,-0.1860022,-0.16938514,0.03635776,-0.13194948,-0.1786206
-0.05683276,-0.02566129,-0.051213853,-0.077317834,-0.118873775,-0.07733026,-0.024725318,-0.18516451,-0.09448178,0.03639698,-0.22618681,-0.11483795,-0.08057782,-0.29976338,-0.06653602,-0.10525042,-0.44287962,-0.10353148,-0.11684036,-0.55033946,-0.13373794,-0.12794429,-0.64279026,-0.15763828,-0.018265009,-0.31267744,-0.06968117,-0.015510976,-0.4657991,-0.10285627,-0.008538663,-0.5856476,-0.13483761,-0.004409969,-0.6931701,-0.1568038,0.033863008,-0.28311133,-0.07651796,0.059375107,-0.4109674,-0.12746292,0.07472873,-0.5167699,-0.17160575,0.08910614,-0.6099502,-0.20018786,0.07926077,-0.22082275,-0.0847414,0.07163364,-0.24861014,-0.14558928,0.048709095,-0.19616437,-0.16629633,0.034918785,-0.14434874,-0.17534891
-0.057921797,-0.02772659,-0.051378854,-0.07498863,-0.12315869,-0.077669114,-0.017428935,-0.18521172,-0.094865546,0.04517424,-0.22093308,-0.11541381,-0.07821804,-0.29837167,-0.06737487,-0.10248977,-0.43869463,-0.105446056,-0.1147607,-0.54730326,-0.13734518,-0.12648255,-0.64070785,-0.16283281,-0.016123652,-0.31121534,-0.069507025,-0.014306188,-0.458943,-0.103763916,-0.005584717,-0.57502663,-0.1359511,0.00012725592,-0.67913914,-0.15813458,0.03592223,-0.2819841,-0.07520374,0.060568452,-0.40638387,-0.12601389,0.078098714,-0.5108019,-0.16849193,0.094469845,-0.6027577,-0.19603582,0.08043432,-0.21988964,-0.08239334,0.07113695,-0.24855685,-0.14288658,0.04621017,-0.19519043,-0.16245937,0.03229183,-0.14307237,-0.17074327
-0.055833697,-0.025944829,-0.051701356,-0.07250944,-0.122213244,-0.07722187,-0.016580105,-0.18565953,-0.09367153,0.046981335,-0.22268826,-0.1139402,-0.078109115,-0.29576433,-0.06747747,-0.10108179,-0.4367435,-0.10595383,-0.11396924,-0.5448363,-0.13774647,-0.12540215,-0.6377752,-0.16274408,-0.01661539,-0.30933118,-0.070057444,-0.014806747,-0.46154296,-0.10396273,-0.007888854,-0.5817207,-0.13676071,-0.0031301975,-0.6900141,-0.1590981,0.035656035,-0.28139734,-0.076316506,0.059843123,-0.40846014,-0.1283944,0.07600117,-0.51269585,-0.17342648,0.09167296,-0.60503864,-0.20228693,0.080779195,-0.22022921,-0.083959684,0.07292485,-0.24204797,-0.14653113,0.05137801,-0.18387234,-0.16803966,0.041148365,-0.128348,-0.1772327
-0.05596319,-0.02724266,-0.05037847,-0.07510799,-0.122929275,-0.075563155,-0.018272579,-0.18381101,-0.09167516,0.044454753,-0.2182048,-0.111685544,-0.07708895,-0.29476976,-0.0683923,-0.099853784,-0.4366449,-0.10534252,-0.11248708,-0.543429,-0.13565782,-0.12429494,-0.6356983,-0.1599951,-0.014713883,-0.3073374,-0.0714715,-0.01131475,-0.45865557,-0.10564879,-0.004766941,-0.57658654,-0.13879614,-0.00012201071,-0.6830307,-0.1613966,0.037740767,-0.27887803,-0.07773619,0.061994195,-0.40671915,-0.13008653,0.07760298,-0.5113634,-0.17545255,0.093265116,-0.6037129,-0.20471393,0.08353305,-0.21811432,-0.08505946,0.07385671,-0.2409311,-0.1477943,0.05164051,-0.18453622,-0.16950092,0.040724397,-0.13029695,-0.1790263
-0.05596319,-0.02724266,-0.05037847,-0.07510799,-0.122929275,-0.075563155,-0.018272579,-0.18381101,-0.09167516,0.044454753,-0.2182048,-0.111685544,-0.07708895,-0.29476976,-0.0683923,-0.099853784,-0.4366449,-0.10534252,-0.11248708,-0.543429,-0.13565782,-0.12429494,-0.6356983,-0.1599951,-0.014713883,-0.3073374,-0.0714715,-0.01131475,-0.45865557,-0.10564879,-0.004766941,-0.57658654,-0.13879614,-0.00012201071,-0.6830307,-0.1613966,0.037740767,-0.27887803,-0.07773619,0.061994195,-0.40671915,-0.13008653,0.07760298,-0.5113634,-0.17545255,0.093265116,-0.6037129,-0.20471393,0.08353305,-0.21811432,-0.08505946,0.07385671,-0.2409311,-0.1477943,0.05164051,-0.18453622,-0.16950092,0.040724397,-0.13029695,-0.1790263
-0.054929733,-0.026779056,-0.046357814,-0.07386637,-0.12127656,-0.069749355,-0.020430267,-0.18388218,-0.0849451,0.038824916,-0.21917748,-0.10357455,-0.0744091,-0.29695493,-0.063338615,-0.09853214,-0.4406491,-0.098312765,-0.11138317,-0.5497503,-0.12733692,-0.12424278,-0.6435524,-0.15093297,-0.012927949,-0.30990267,-0.0671748,-0.008497238,-0.45721987,-0.0987284,-2.9683113e-05,-0.5720253,-0.12946758,0.0052863955,-0.6732826,-0.15080324,0.038942456,-0.28076977,-0.07403123,0.064471304,-0.4068089,-0.122428745,0.08112526,-0.51085037,-0.16479224,0.09656018,-0.600727,-0.19266722,0.08432895,-0.21924073,-0.08194253,0.0751937,-0.24689066,-0.14072156,0.050319076,-0.1955592,-0.16079135,0.035080016,-0.1441853,-0.16978027
-0.055227697,-0.02683127,-0.048537426,-0.07533389,-0.121317446,-0.073338695,-0.021660864,-0.18281132,-0.089445435,0.03955549,-0.21699625,-0.109191634,-0.07602996,-0.29734504,-0.066333406,-0.09887159,-0.43912446,-0.10223979,-0.111694306,-0.54691565,-0.13203846,-0.12388104,-0.6395786,-0.15609533,-0.013851583,-0.30888474,-0.06991085,-0.009300053,-0.45643905,-0.103244044,-0.0015371442,-0.5711677,-0.13525192,0.0037289262,-0.6736114,-0.15713544,0.038743675,-0.2797137,-0.07655073,0.06413579,-0.40608698,-0.12714933,0.079877675,-0.5106392,-0.17094049,0.09478742,-0.60188234,-0.1994944,0.084171,-0.21887684,-0.084296875,0.076138675,-0.24307823,-0.14486565,0.053384006,-0.18803668,-0.16537142,0.040917635,-0.13426423,-0.17440382
-0.055782348,-0.0257473,-0.048747297,-0.075894535,-0.11899853,-0.0738839,-0.023125827,-0.18186498,-0.09026455,0.036812007,-0.21856928,-0.11027071,-0.076836675,-0.29474324,-0.06662893,-0.10062048,-0.43667236,-0.10291084,-0.11376196,-0.54386234,-0.13276723,-0.12619922,-0.63596874,-0.15675102,-0.014914215,-0.30779827,-0.07002511,-0.011087716,-0.45669037,-0.10283556,-0.0035213828,-0.57156473,-0.13430662,0.0014695525,-0.6737214,-0.15588343,0.037311792,-0.2799682,-0.076596916,0.06225437,-0.40798384,-0.12673597,0.078191936,-0.5119185,-0.16997313,0.09362596,-0.60238796,-0.19819498,0.083548665,-0.21999192,-0.084299706,0.07504684,-0.24678916,-0.14480057,0.052328765,-0.19185108,-0.16511832,0.039827764,-0.13751578,-0.17394508
-0.05715391,-0.026834607,-0.053744912,-0.073940694,-0.12044394,-0.08211508,-0.017563105,-0.18123299,-0.100899085,0.04635763,-0.21646154,-0.12323787,-0.07629937,-0.29426235,-0.07309514,-0.09959948,-0.4366954,-0.11380911,-0.11301455,-0.54606193,-0.14704092,-0.12508783,-0.63939106,-0.17305243,-0.013590276,-0.3077669,-0.07463472,-0.009734511,-0.45635265,-0.110367775,-0.0006387234,-0.5713688,-0.14276406,0.0052330494,-0.672701,-0.1648494,0.039214015,-0.27924258,-0.07989914,0.063928664,-0.4028208,-0.13192043,0.08052486,-0.5071771,-0.17551817,0.0964877,-0.5983278,-0.2038493,0.08368319,-0.21799564,-0.08683072,0.07422584,-0.24041587,-0.14924936,0.04957837,-0.18457949,-0.17032363,0.03613144,-0.13063377,-0.1794555
-0.05715391,-0.026834607,-0.053744912,-0.073940694,-0.12044394,-0.08211508,-0.017563105,-0.18123299,-0.100899085,0.04635763,-0.21646154,-0.12323787,-0.07629937,-0.29426235,-0.07309514,-0.09959948,-0.4366954,-0.11380911,-0.11301455,-0.54606193,-0.14704092,-0.12508783,-0.63939106,-0.17305243,-0.013590276,-0.3077669,-0.07463472,-0.009734511,-0.45635265,-0.110367775,-0.0006387234,-0.5713688,-0.14276406,0.0052330494,-0.672701,-0.1648494,0.039214015,-0.27924258,-0.07989914,0.063928664,-0.4028208,-0.13192043,0.08052486,-0.5071771,-0.17551817,0.0964877,-0.5983278,-0.2038493,0.08368319,-0.21799564,-0.08683072,0.07422584,-0.24041587,-0.14924936,0.04957837,-0.18457949,-0.17032363,0.03613144,-0.13063377,-0.1794555
-0.056048095,-0.027752757,-0.050214306,-0.07411066,-0.12501842,-0.07562751,-0.015108764,-0.18590444,-0.09211901,0.049399376,-0.21891147,-0.11232904,-0.07548484,-0.29519415,-0.067901,-0.099710435,-0.4355161,-0.105112605,-0.11337429,-0.54325366,-0.13624392,-0.12581104,-0.63615656,-0.16141295,-0.013757825,-0.30720413,-0.0706878,-0.010788262,-0.45047706,-0.10402279,-0.0032240748,-0.5625587,-0.13558607,0.0020436645,-0.66185844,-0.15756398,0.038362026,-0.27775413,-0.076971784,0.06281823,-0.40093228,-0.12784162,0.07771295,-0.50542486,-0.17197488,0.09231293,-0.59697145,-0.20109208,0.082749546,-0.21627003,-0.08458632,0.07394278,-0.23885739,-0.14674419,0.0493868,-0.1832667,-0.16854772,0.035481572,-0.13009071,-0.17860481
-0.05362594,-0.023403645,-0.049147237,-0.075060904,-0.11870891,-0.07474497,-0.019775152,-0.18357635,-0.09124471,0.041986823,-0.21927327,-0.11147354,-0.07563475,-0.29475296,-0.07031075,-0.0992493,-0.43705982,-0.1068541,-0.11301035,-0.54514194,-0.13692029,-0.12609142,-0.63894486,-0.16149691,-0.014101982,-0.3057775,-0.07387485,-0.010724425,-0.45379075,-0.10815283,-0.0037239194,-0.5693581,-0.14064547,0.0010251403,-0.6731558,-0.1631221,0.038649023,-0.2759567,-0.08020024,0.062430024,-0.40405625,-0.13231124,0.077150285,-0.50888205,-0.17623188,0.09183252,-0.6010964,-0.20483872,0.085270464,-0.2146473,-0.08748322,0.073480844,-0.24256676,-0.15004185,0.04685253,-0.18748713,-0.17073506,0.031642318,-0.13356364,-0.17978737
-0.053451568,-0.024771094,-0.047550783,-0.07384133,-0.11935246,-0.07200953,-0.018300712,-0.18141615,-0.08778008,0.04396069,-0.21369928,-0.10722177,-0.0735369,-0.29450357,-0.067626856,-0.098844916,-0.4365154,-0.10280109,-0.11318496,-0.5444137,-0.13180706,-0.12685001,-0.63744885,-0.15557095,-0.011911094,-0.3068909,-0.07105231,-0.008538306,-0.45357484,-0.10362105,-0.0016165376,-0.56706214,-0.13456742,0.002795279,-0.66724765,-0.15593088,0.040207148,-0.27671236,-0.077234775,0.06577027,-0.40381342,-0.12726587,0.07990062,-0.50876784,-0.1707153,0.09320831,-0.5994264,-0.19913687,0.08477205,-0.21432155,-0.08428744,0.07518405,-0.23956084,-0.1450294,0.05040908,-0.1861853,-0.16581741,0.036091626,-0.13343132,-0.17512316
-0.054925323,-0.024491847,-0.049445227,-0.073726505,-0.11838186,-0.07616462,-0.019475818,-0.18058628,-0.09363066,0.04105991,-0.21634978,-0.11462584,-0.0751389,-0.29340994,-0.07248872,-0.09983039,-0.4340734,-0.11017798,-0.11446637,-0.54175663,-0.14081146,-0.1277799,-0.6348183,-0.16527586,-0.013496339,-0.30651492,-0.07484176,-0.011064529,-0.45190877,-0.109798245,-0.005127847,-0.5652621,-0.14159028,-0.0018213391,-0.6655665,-0.16327213,0.039301455,-0.27720338,-0.07979685,0.06438285,-0.40207836,-0.13095202,0.07934928,-0.50775796,-0.17401302,0.09329742,-0.59852976,-0.20191967,0.08395475,-0.21578187,-0.08569962,0.07313186,-0.23879254,-0.14589888,0.04685116,-0.18618351,-0.16588004,0.031956553,-0.13359809,-0.17453945
-0.05289769,-0.021100938,-0.046082232,-0.07106048,-0.11869514,-0.069109865,-0.01551348,-0.1829921,-0.083578095,0.04696542,-0.21710396,-0.10193315,-0.07340273,-0.2917112,-0.06641407,-0.09883714,-0.43187907,-0.10117508,-0.11327684,-0.5397526,-0.13037223,-0.12729496,-0.6325196,-0.15427497,-0.012796104,-0.30482042,-0.069983065,-0.010945678,-0.450624,-0.10247857,-0.004666686,-0.56494284,-0.13372144,-0.0019385815,-0.66668,-0.15517733,0.03874582,-0.2755561,-0.07600457,0.06523973,-0.40206754,-0.12534814,0.079812944,-0.50553495,-0.16851322,0.09246272,-0.59512866,-0.19663684,0.082389,-0.21317786,-0.082793705,0.07820904,-0.23627943,-0.1421394,0.057571888,-0.1807211,-0.1622721,0.046624362,-0.12676,-0.17119877
-0.052928925,-0.024340212,-0.04722836,-0.069319546,-0.1275335,-0.06838849,-0.009085178,-0.1895268,-0.08049727,0.05448866,-0.21908402,-0.09610137,-0.06921837,-0.29573947,-0.06507264,-0.09611276,-0.43463945,-0.0992686,-0.11032486,-0.54127353,-0.12819003,-0.12400246,-0.63413215,-0.15184957,-0.008934498,-0.30780053,-0.068965755,-0.009044111,-0.45582885,-0.10205537,-0.0037266016,-0.5724988,-0.13448496,-0.0007378459,-0.6775639,-0.15651321,0.04143864,-0.27793008,-0.07556672,0.06731516,-0.40186784,-0.12578775,0.083333075,-0.50333095,-0.16903166,0.09789419,-0.5937923,-0.19645122,0.08511031,-0.21426624,-0.08318284,0.08127141,-0.24349421,-0.14164506,0.05975306,-0.18867272,-0.15986781,0.046803117,-0.1348427,-0.16735369
-0.05370477,-0.024944901,-0.04803509,-0.073317856,-0.124078155,-0.07277985,-0.016373277,-0.18767369,-0.088626795,0.047753513,-0.22088933,-0.10843104,-0.07174036,-0.295691,-0.069238655,-0.09639838,-0.43448508,-0.10571668,-0.11152238,-0.5419946,-0.13631964,-0.12557352,-0.63495845,-0.16133425,-0.010271549,-0.3084755,-0.072985776,-0.008820534,-0.45529243,-0.107285716,-0.0029329062,-0.5719608,-0.14038451,0.00025635958,-0.67699707,-0.16344918,0.04204893,-0.2790979,-0.07936338,0.06602764,-0.4054401,-0.13080823,0.080201745,-0.5094711,-0.17553672,0.09322029,-0.60047555,-0.20481697,0.08739936,-0.21731788,-0.08665961,0.07651538,-0.24095583,-0.14877933,0.049610972,-0.18677557,-0.17066106,0.032667816,-0.13453692,-0.18075572
-0.052991122,-0.023926258,-0.048168506,-0.073364705,-0.121341705,-0.07234461,-0.018853009,-0.18584383,-0.087755844,0.044155657,-0.2190637,-0.107077554,-0.07358357,-0.29446024,-0.06767843,-0.09687412,-0.43758786,-0.10405326,-0.11059761,-0.5467788,-0.13400735,-0.123958886,-0.64107484,-0.15823169,-0.012388825,-0.3083648,-0.070955895,-0.010291159,-0.45812875,-0.103778504,-0.0040636063,-0.5755618,-0.13542777,-0.00028145313,-0.6801965,-0.15720244,0.040227056,-0.2800011,-0.077092975,0.06660557,-0.40741023,-0.12754592,0.08303702,-0.51247466,-0.1716557,0.098457634,-0.6040776,-0.20037518,0.08628929,-0.21816516,-0.08422465,0.07952297,-0.24259388,-0.14567517,0.056328893,-0.18616188,-0.16692355,0.04381156,-0.13141125,-0.17635371
-0.053666443,-0.024500132,-0.05099653,-0.07310337,-0.119062245,-0.07690996,-0.017142355,-0.18142521,-0.09342195,0.04705608,-0.214064,-0.1137183,-0.07552162,-0.292037,-0.070528105,-0.09847647,-0.43275064,-0.10800606,-0.11226672,-0.5405828,-0.13890152,-0.12499386,-0.6338625,-0.16369344,-0.014249384,-0.30404043,-0.07319543,-0.011763334,-0.45003688,-0.10728665,-0.0049826503,-0.5638226,-0.13975434,-4.529953e-05,-0.66636145,-0.1619393,0.038596988,-0.2758965,-0.07895832,0.06444287,-0.40187752,-0.13134384,0.080216944,-0.5057167,-0.17588991,0.09531331,-0.5971223,-0.20472531,0.08486539,-0.21526241,-0.08590151,0.080688715,-0.23681891,-0.1491858,0.060064554,-0.17768246,-0.1704972,0.04955995,-0.1212244,-0.17967238
-0.053666443,-0.024500132,-0.05099653,-0.07310337,-0.119062245,-0.07690996,-0.017142355,-0.18142521,-0.09342195,0.04705608,-0.214064,-0.1137183,-0.07552162,-0.292037,-0.070528105,-0.09847647,-0.43275064,-0.10800606,-0.11226672,-0.5405828,-0.13890152,-0.12499386,-0.6338625,-0.16369344,-0.014249384,-0.30404043,-0.07319543,-0.011763334,-0.45003688,-0.10728665,-0.0049826503,-0.5638226,-0.13975434,-4.529953e-05,-0.66636145,-0.1619393,0.038596988,-0.2758965,-0.07895832,0.06444287,-0.40187752,-0.13134384,0.080216944,-0.5057167,-0.17588991,0.09531331,-0.5971223,-0.20472531,0.08486539,-0.21526241,-0.08590151,0.080688715,-0.23681891,-0.1491858,0.060064554,-0.17768246,-0.1704972,0.04955995,-0.1212244,-0.17967238
-0.053926706,-0.02214235,-0.052959938,-0.072179556,-0.116437614,-0.08046384,-0.016626954,-0.1819377,-0.09805857,0.04866928,-0.21895301,-0.11909152,-0.07683748,-0.29258025,-0.0736441,-0.10143399,-0.43517998,-0.11341509,-0.11591411,-0.5448631,-0.14606087,-0.12880659,-0.6390849,-0.17200115,-0.015076518,-0.3068608,-0.0748282,-0.0133138895,-0.45143718,-0.11115676,-0.0066303015,-0.56377083,-0.14377517,-0.002753675,-0.6638477,-0.16579977,0.037689447,-0.27847624,-0.07925456,0.06313616,-0.4024791,-0.13340819,0.078027904,-0.5067965,-0.17780754,0.091644526,-0.5989119,-0.2061857,0.08177662,-0.2167337,-0.08486379,0.07562274,-0.23630768,-0.14920555,0.052910745,-0.1774059,-0.17055365,0.04106468,-0.12177873,-0.17950712
-0.052618593,-0.023982763,-0.04758186,-0.07091409,-0.12501091,-0.070283815,-0.012582064,-0.18752134,-0.0838283,0.051219642,-0.21897608,-0.10131861,-0.07314563,-0.2948172,-0.06750274,-0.097623765,-0.43513212,-0.10159621,-0.11305207,-0.54254746,-0.12988381,-0.12744313,-0.6351674,-0.15344709,-0.011694193,-0.30770046,-0.07071584,-0.009820938,-0.4553095,-0.10335845,-0.0041574836,-0.57020116,-0.1351693,-0.00044113398,-0.67330104,-0.15719162,0.041022837,-0.2790004,-0.07651645,0.065841556,-0.4063968,-0.12755294,0.08003533,-0.5101006,-0.17244749,0.09381592,-0.6011245,-0.20170195,0.08687574,-0.21746302,-0.08306261,0.07479751,-0.23850143,-0.14529552,0.048684,-0.18127137,-0.16750082,0.033675432,-0.12714571,-0.1777344
-0.054348648,-0.022621512,-0.047829784,-0.07351339,-0.11889756,-0.071815856,-0.017332494,-0.18247777,-0.08676925,0.045411885,-0.217825,-0.105280526,-0.07336521,-0.29072195,-0.067878634,-0.0989221,-0.4310503,-0.10313117,-0.11336139,-0.5373533,-0.13239019,-0.12631601,-0.62949735,-0.15641867,-0.011730611,-0.30468035,-0.07093233,-0.010935247,-0.4513525,-0.10459971,-0.0058916807,-0.5661561,-0.13689005,-0.003300786,-0.6699845,-0.15924142,0.039942443,-0.27575022,-0.076557234,0.065267324,-0.4002614,-0.12691458,0.07902646,-0.5027342,-0.17040327,0.09163314,-0.59268445,-0.19874616,0.08364725,-0.2147187,-0.08306373,0.073515356,-0.23674417,-0.14317007,0.0491246,-0.1837843,-0.16396298,0.034938157,-0.13326627,-0.17341162
-0.054612488,-0.024352252,-0.051766306,-0.07332873,-0.122281194,-0.076997586,-0.014689803,-0.1855349,-0.092327215,0.050272048,-0.22012085,-0.11100287,-0.07594088,-0.2917508,-0.070753396,-0.09979588,-0.43265468,-0.10850296,-0.1153515,-0.54127294,-0.13977009,-0.1296528,-0.6342082,-0.16497706,-0.014893174,-0.30416578,-0.07269487,-0.013485193,-0.45135128,-0.108286045,-0.006536782,-0.5659938,-0.1414353,-0.002309084,-0.66855013,-0.16407184,0.03717369,-0.27601695,-0.07783721,0.06272447,-0.40350142,-0.13086113,0.07850945,-0.5061792,-0.17494783,0.09279871,-0.5978383,-0.20324452,0.08232099,-0.21526223,-0.08418899,0.07552189,-0.2407223,-0.14656967,0.05298078,-0.18486494,-0.16701925,0.039883554,-0.13162166,-0.175803
-0.052730978,-0.024956703,-0.053698104,-0.07186103,-0.120646596,-0.0807979,-0.015601158,-0.1843605,-0.09783468,0.05057901,-0.21840078,-0.118498474,-0.0765672,-0.29473788,-0.073941335,-0.10051158,-0.43877763,-0.11381633,-0.11515507,-0.5487884,-0.14601916,-0.12807369,-0.64368796,-0.17149481,-0.015420675,-0.30686855,-0.075768135,-0.014398932,-0.45888084,-0.11329065,-0.0078095794,-0.5772584,-0.1478063,-0.002925098,-0.6838974,-0.17076936,0.037905276,-0.27846622,-0.08073415,0.062110245,-0.40547782,-0.13613197,0.07833129,-0.5111675,-0.18151708,0.09389204,-0.6057325,-0.20997117,0.083707035,-0.2177651,-0.08694804,0.0735203,-0.24050146,-0.15149488,0.050117552,-0.18006396,-0.17214179,0.03884846,-0.12248629,-0.180346
-0.05322817,-0.023786902,-0.05825846,-0.06957066,-0.11827779,-0.086075954,-0.009865999,-0.17938846,-0.10255075,0.057824552,-0.21427089,-0.1222385,-0.07635856,-0.2912585,-0.07719185,-0.100235224,-0.4326265,-0.117895894,-0.11631724,-0.54258454,-0.15129721,-0.13075179,-0.63753986,-0.17756799,-0.014896452,-0.30462652,-0.07682572,-0.015096962,-0.45306516,-0.114519514,-0.0076618195,-0.56769556,-0.14899375,-0.0024724007,-0.67088515,-0.1718932,0.037607968,-0.27771133,-0.08015573,0.06115663,-0.4035179,-0.13643503,0.077459514,-0.5057793,-0.18231465,0.09207249,-0.59933335,-0.21098596,0.082404494,-0.21763593,-0.08512518,0.0766474,-0.2367996,-0.15026833,0.057843685,-0.17407274,-0.1711265,0.048812687,-0.11602461,-0.1794772
-0.056842506,-0.022336125,-0.065970115,-0.07577917,-0.11068082,-0.10191962,-0.019902825,-0.17030776,-0.12569666,0.047035933,-0.20786941,-0.15297413,-0.08091155,-0.2897216,-0.08929093,-0.1035344,-0.43126482,-0.13603146,-0.11914134,-0.53966427,-0.17391671,-0.13186696,-0.6334806,-0.20305155,-0.018644929,-0.30334312,-0.087390386,-0.017578423,-0.45231473,-0.12999737,-0.011043608,-0.5670242,-0.16766259,-0.006554365,-0.6706283,-0.1927988,0.035695195,-0.27728528,-0.089569606,0.05737531,-0.4036735,-0.14982793,0.07409608,-0.5075457,-0.19722818,0.090124965,-0.60103226,-0.22737427,0.08138454,-0.22132027,-0.09397511,0.071621716,-0.233868,-0.1639683,0.051335275,-0.17001998,-0.1871262,0.042937458,-0.11177361,-0.19687115
-0.054967403,-0.02187413,-0.060185824,-0.075266,-0.11323154,-0.092182875,-0.019652188,-0.17617041,-0.11286401,0.04722923,-0.21269417,-0.13695171,-0.07966012,-0.29106718,-0.08255973,-0.10252452,-0.43167207,-0.12521102,-0.11796892,-0.53973293,-0.15965928,-0.13180679,-0.6328769,-0.18658958,-0.018178761,-0.30523014,-0.08207802,-0.01701039,-0.45357716,-0.1227397,-0.010429263,-0.56738883,-0.15833938,-0.0059937835,-0.67031384,-0.18167198,0.035140634,-0.27848953,-0.08499927,0.058718204,-0.4057325,-0.14366288,0.07509869,-0.50844973,-0.18940979,0.0903337,-0.6004275,-0.21788636,0.08081108,-0.21983296,-0.08954879,0.07441813,-0.2365861,-0.15702754,0.05424571,-0.17363226,-0.1784308,0.04517758,-0.11521578,-0.1868456
-0.05459854,-0.024266481,-0.046720438,-0.0760749,-0.114385605,-0.07039695,-0.021478832,-0.17247683,-0.08576554,0.040478468,-0.19977456,-0.10408899,-0.066111624,-0.2880776,-0.0638955,-0.08443844,-0.42718244,-0.09665616,-0.09581405,-0.53173375,-0.12262232,-0.10621172,-0.62074643,-0.14396924,-0.0058992505,-0.2988909,-0.06616195,0.0012585521,-0.44360673,-0.09585404,0.008277357,-0.5522354,-0.12422437,0.015209258,-0.6467694,-0.14353494,0.045467317,-0.2664922,-0.07098893,0.075582445,-0.38940358,-0.11696887,0.090375185,-0.48810437,-0.15706708,0.10630435,-0.5727215,-0.18334316,0.089022875,-0.201132,-0.076841824,0.076370776,-0.21924269,-0.13300793,0.050426364,-0.16782123,-0.15219808,0.03826022,-0.11734289,-0.16063851
-0.054921776,-0.037184954,-0.048766457,-0.082390696,-0.12598085,-0.07587892,-0.032153845,-0.16614628,-0.095044255,0.034434497,-0.17471927,-0.118684344,-0.041712582,-0.29414314,-0.072859496,-0.060150743,-0.43751413,-0.11224451,-0.069013834,-0.5438243,-0.14404278,-0.07613915,-0.63672626,-0.16876054,0.01923436,-0.2935347,-0.077719726,0.02955532,-0.44215026,-0.110735275,0.033771634,-0.5539187,-0.14338577,0.038909376,-0.653263,-0.16604538,0.06730592,-0.25434446,-0.08529087,0.09343648,-0.37421983,-0.13469945,0.10146803,-0.4707873,-0.1783612,0.11383808,-0.55550766,-0.2071261,0.10481399,-0.18690264,-0.094058275,0.0819149,-0.20606595,-0.15348192,0.051546395,-0.15202749,-0.17330922,0.037777126,-0.10082269,-0.18215172
-0.047862202,-0.02623403,-0.07652068,-0.078185946,-0.0754931,-0.13526705,-0.06510672,-0.09160626,-0.18487155,-0.038620204,-0.09218967,-0.23915629,-0.028633356,-0.24873167,-0.13836989,-0.03771466,-0.3917334,-0.19916677,-0.044760317,-0.49490225,-0.2408006,-0.050085217,-0.5814544,-0.27026886,0.017122984,-0.23053795,-0.1362469,0.03696084,-0.37584877,-0.1965797,0.051028073,-0.4821087,-0.23829702,0.061911166,-0.5723689,-0.26581904,0.051420093,-0.180031,-0.13747998,0.077872396,-0.28926277,-0.19876994,0.084216714,-0.35406923,-0.2379091,0.08824903,-0.41059566,-0.2604005,0.07901555,-0.11579883,-0.14232855,0.077736855,-0.17140955,-0.19739412,0.062425315,-0.19047761,-0.22048494,0.046557784,-0.20369112,-0.23349719
-0.058826923,-0.006255865,-0.099175885,-0.100599855,-0.07093692,-0.15995713,-0.10856345,-0.11834687,-0.20180623,-0.074276924,-0.1244176,-0.24405813,-0.018459857,-0.24961078,-0.16513482,-0.04231894,-0.40499046,-0.2221518,-0.056957126,-0.5069777,-0.25932318,-0.06188649,-0.591154,-0.2823585,0.01301229,-0.26167148,-0.12785491,0.016006887,-0.3994435,-0.17882182,0.022390544,-0.49274415,-0.20224702,0.03486371,-0.5648211,-0.21573383,0.03510517,-0.24633253,-0.09254399,0.031176627,-0.34474498,-0.13367876,0.015132308,-0.39702538,-0.15015237,0.011066914,-0.43476948,-0.15613309,0.045202255,-0.21966767,-0.063422926,0.040757,-0.29786414,-0.094135225,0.032618165,-0.33925986,-0.10465271,0.029855013,-0.36911198,-0.10889826
-0.0666073,-0.014431059,-0.09492112,-0.10592723,-0.0748896,-0.15101117,-0.116126955,-0.12255162,-0.19007872,-0.09022501,-0.13368088,-0.22859997,-0.027724326,-0.26307327,-0.13914135,-0.053470314,-0.41271102,-0.1879717,-0.069500625,-0.5108707,-0.2194206,-0.07798642,-0.5880666,-0.23867527,0.004144788,-0.27268386,-0.10762701,-0.006974697,-0.42137367,-0.15374449,-0.007542968,-0.51709294,-0.17724106,-0.00033897161,-0.58738166,-0.18964015,0.027244568,-0.25580466,-0.08004117,0.00895983,-0.37482464,-0.11868296,-0.011407256,-0.46501625,-0.14184923,-0.018336833,-0.5371419,-0.1540446,0.041052163,-0.22677994,-0.05888918,0.030317664,-0.30404615,-0.08859953,0.010700345,-0.3550303,-0.1031513,-0.00167346,-0.39687693,-0.11103696
-0.052716374,-0.019439816,-0.0788053,-0.09028399,-0.06992513,-0.13123472,-0.10804278,-0.11636782,-0.17006417,-0.10320389,-0.13462704,-0.20845808,-0.023385584,-0.2553994,-0.12302662,-0.0520041,-0.39009407,-0.16958062,-0.06982559,-0.47688928,-0.19976866,-0.08005571,-0.54605365,-0.21968898,0.0034022331,-0.2794224,-0.10444194,-0.030200303,-0.42779902,-0.15288249,-0.046288967,-0.52594274,-0.18010533,-0.053355336,-0.603562,-0.19554922,0.021911323,-0.27182978,-0.08849469,-0.0023471117,-0.40127623,-0.13137347,-0.011610806,-0.48981375,-0.15594634,-0.012188911,-0.55958486,-0.16935994,0.02938211,-0.24590546,-0.07745794,0.006381929,-0.3102665,-0.113402165,-0.014326692,-0.35409367,-0.13055103,-0.026756048,-0.39148253,-0.13963914
-0.053337693,-0.02794218,-0.07196933,-0.09182778,-0.08786976,-0.1192035,-0.108855814,-0.1289264,-0.15462372,-0.10429463,-0.13271362,-0.19061698,-0.022514462,-0.26267081,-0.11082989,-0.05226147,-0.39366406,-0.15343152,-0.07115945,-0.48134214,-0.18120518,-0.08317447,-0.54911005,-0.20058796,0.0033057928,-0.2852077,-0.096927196,-0.029563487,-0.4329831,-0.14287585,-0.044951677,-0.52861726,-0.16870552,-0.052598536,-0.6029831,-0.1834662,0.020697415,-0.27485055,-0.086136036,-0.006911218,-0.4077487,-0.12945287,-0.017811298,-0.49391952,-0.15511829,-0.020258307,-0.5631324,-0.169471,0.026111245,-0.24554539,-0.079789735,-0.0022167563,-0.309088,-0.1178683,-0.025804937,-0.35188788,-0.13715445,-0.039768755,-0.39045155,-0.14812624
-0.05532658,-0.034368157,-0.07414328,-0.09621775,-0.101682305,-0.121619515,-0.11549604,-0.13697374,-0.15623036,-0.10713893,-0.12783986,-0.19126163,-0.024555862,-0.26746643,-0.115550965,-0.057990372,-0.4076501,-0.15628204,-0.07646373,-0.49917036,-0.1824169,-0.08825627,-0.57095397,-0.2001065,0.005828798,-0.28679377,-0.09770194,-0.025234401,-0.4319934,-0.13910052,-0.0362705,-0.5246995,-0.16094609,-0.040875256,-0.5952848,-0.17301685,0.023789227,-0.27493292,-0.082546964,-0.014987826,-0.39517814,-0.1182406,-0.02821505,-0.48087072,-0.13841593,-0.030604124,-0.55008423,-0.14973302,0.0258919,-0.24624813,-0.07248995,-0.0071678758,-0.3074636,-0.10111383,-0.028871477,-0.34871745,-0.11391247,-0.039303064,-0.3841562,-0.12099824
-0.0682317,-0.0072669387,-0.09433692,-0.1078082,-0.06508821,-0.14888045,-0.12703389,-0.113883376,-0.1840471,-0.114376485,-0.13190222,-0.21745883,-0.034327924,-0.24583465,-0.14992549,-0.066061914,-0.40789017,-0.19960679,-0.08387804,-0.5109588,-0.23058392,-0.09201908,-0.593593,-0.24862039,0.0043400526,-0.2619717,-0.110661544,-0.01098609,-0.40828896,-0.15192676,-0.0080907345,-0.5004475,-0.16884832,0.001850307,-0.5682996,-0.17791918,0.0285694,-0.25364715,-0.07384855,-0.0028045774,-0.34097695,-0.102456145,-0.03765279,-0.3765667,-0.11102123,-0.05617845,-0.39674705,-0.11256161,0.03744775,-0.23429662,-0.04410644,0.016237259,-0.30652845,-0.06804871,-0.0047077537,-0.3418283,-0.077136256,-0.01661104,-0.3685519,-0.0795906
-0.062244356,-0.0075540543,-0.08941027,-0.10435709,-0.06518781,-0.14700301,-0.11488199,-0.09617591,-0.19103336,-0.082696766,-0.103458166,-0.23536004,-0.041253746,-0.26272857,-0.1294809,-0.06212288,-0.4084714,-0.18047394,-0.07643771,-0.503026,-0.21577519,-0.08267051,-0.5801034,-0.23906372,-0.00012844801,-0.26078463,-0.10362368,0.004095793,-0.40063205,-0.14744365,0.014298022,-0.4883883,-0.17155327,0.029129207,-0.559885,-0.18675476,0.032296658,-0.22872525,-0.082498826,0.039002717,-0.3166231,-0.119998984,0.028094888,-0.346533,-0.13407102,0.02452755,-0.3714479,-0.1387329,0.05368048,-0.18556815,-0.06831021,0.052328944,-0.26418406,-0.098932385,0.043884873,-0.30738527,-0.10891023,0.03943485,-0.34667754,-0.112830795
-0.052477658,-0.03809905,-0.050167125,-0.09332448,-0.101086795,-0.09014238,-0.081596404,-0.121273875,-0.12304727,-0.041383266,-0.11226201,-0.16185418,-0.036524475,-0.27299565,-0.10716585,-0.056536287,-0.41351992,-0.15605877,-0.07539159,-0.517725,-0.19046345,-0.086601794,-0.60409176,-0.21568085,0.023670971,-0.2617404,-0.11744243,0.037017524,-0.41213673,-0.16240413,0.04054433,-0.5239192,-0.19751613,0.04757434,-0.6139667,-0.22051723,0.069698274,-0.21007729,-0.12858918,0.08953273,-0.31943536,-0.18382096,0.08991909,-0.4044541,-0.2260809,0.09926236,-0.47516257,-0.2528586,0.09720129,-0.13504863,-0.14058591,0.052533925,-0.13845164,-0.19806577,0.011925042,-0.10505867,-0.2181867,-0.0066488385,-0.07276893,-0.22822264
-0.053195834,-0.03544414,-0.050188176,-0.085926086,-0.1031481,-0.08790289,-0.050800443,-0.13166928,-0.11726502,0.0068489313,-0.13057369,-0.15137464,-0.039336443,-0.2819819,-0.10118042,-0.060825706,-0.42174765,-0.14540148,-0.07813379,-0.52449846,-0.1783494,-0.0914,-0.6141404,-0.20420885,0.022794724,-0.27576035,-0.10875004,0.035760462,-0.42679358,-0.15018792,0.039853454,-0.54036015,-0.18545492,0.044728577,-0.6370995,-0.21002379,0.071979284,-0.2294243,-0.11694497,0.0942471,-0.35095704,-0.17135008,0.102686584,-0.44220197,-0.21431887,0.11759126,-0.5172759,-0.24252498,0.106640875,-0.15950274,-0.12580317,0.067674935,-0.18027306,-0.1871404,0.028083503,-0.13728935,-0.20808977,0.009382725,-0.09314418,-0.21818666
-0.057527572,-0.018372893,-0.08356138,-0.08087081,-0.08689344,-0.1354162,-0.024730682,-0.12521768,-0.17214021,0.044724643,-0.15090501,-0.21209145,-0.07270661,-0.27533633,-0.12086028,-0.09890285,-0.41505045,-0.17615943,-0.11635944,-0.51873577,-0.22004917,-0.12928885,-0.6107441,-0.25336435,-0.01000452,-0.28265864,-0.112776674,-0.0063917637,-0.42668164,-0.16571108,-0.0016129613,-0.53323305,-0.2101874,0.0020777583,-0.6320083,-0.2398923,0.0433473,-0.24948704,-0.10811667,0.06656051,-0.37097645,-0.1742347,0.08253324,-0.4686316,-0.2217823,0.0996806,-0.55950654,-0.25230375,0.08247006,-0.19412696,-0.10669185,0.06488258,-0.19677562,-0.17976855,0.04013419,-0.13330197,-0.2023618,0.032150626,-0.07940549,-0.21201715
-0.048449457,-0.019291043,-0.06340665,-0.06496146,-0.09623581,-0.09956112,-0.006704867,-0.14811647,-0.12285697,0.055583954,-0.17973185,-0.1486209,-0.08268279,-0.26764607,-0.09830024,-0.11121184,-0.40915513,-0.14241776,-0.12948045,-0.51366943,-0.17672339,-0.14621758,-0.60674834,-0.20296405,-0.023139,-0.28229034,-0.09463497,-0.026347458,-0.43499115,-0.13945824,-0.023798823,-0.5529643,-0.17783625,-0.023717344,-0.6624503,-0.2027685,0.02901727,-0.25764775,-0.09254526,0.053960085,-0.38753045,-0.15072443,0.075828314,-0.48808518,-0.19309242,0.09428805,-0.579184,-0.21840397,0.074908674,-0.20632583,-0.091990806,0.07204151,-0.22792572,-0.15199243,0.055332243,-0.16975379,-0.16709423,0.048269987,-0.11537534,-0.17175987
-0.052013457,-0.020389915,-0.06413137,-0.06881899,-0.092934966,-0.104353264,-0.013469815,-0.14261198,-0.1317902,0.04504776,-0.17649758,-0.16137286,-0.08497056,-0.2688229,-0.10331278,-0.11180371,-0.40830147,-0.14891845,-0.13092309,-0.51114994,-0.18369101,-0.14735597,-0.60097134,-0.2100357,-0.024857879,-0.2824375,-0.098977216,-0.029510379,-0.4346574,-0.14720342,-0.027668893,-0.5529285,-0.18703288,-0.027904272,-0.6605174,-0.21304792,0.02827841,-0.25771773,-0.09577281,0.051939905,-0.38877916,-0.15451439,0.07333821,-0.48783022,-0.1956795,0.09300554,-0.5748501,-0.2203193,0.07451129,-0.20876324,-0.094051,0.07223129,-0.2295003,-0.15280972,0.057153046,-0.17540091,-0.16795228,0.052727222,-0.1245597,-0.17293036
-0.055446982,-0.016814053,-0.06964584,-0.07249713,-0.08997685,-0.10403368,-0.016488552,-0.15288901,-0.12570953,0.043164134,-0.1962812,-0.14864558,-0.08904272,-0.25784528,-0.0752173,-0.11126852,-0.37087774,-0.110101,-0.12753257,-0.45373708,-0.13933086,-0.14184251,-0.52768135,-0.1625947,-0.032801926,-0.28277487,-0.067345254,-0.04002118,-0.42130703,-0.0995589,-0.037151515,-0.5243091,-0.12998545,-0.037493765,-0.6153672,-0.1507271,0.017629921,-0.26592433,-0.06501006,0.04264289,-0.3873484,-0.11362295,0.062494278,-0.47790208,-0.15473907,0.07779294,-0.5571029,-0.18120341,0.06346613,-0.22315228,-0.0659046,0.07324338,-0.24449301,-0.12106027,0.06489265,-0.18644714,-0.14017107,0.06258464,-0.13124216,-0.14925474
-0.055446982,-0.016814053,-0.06964584,-0.07249713,-0.08997685,-0.10403368,-0.016488552,-0.15288901,-0.12570953,0.043164134,-0.1962812,-0.14864558,-0.08904272,-0.25784528,-0.0752173,-0.11126852,-0.37087774,-0.110101,-0.12753257,-0.45373708,-0.13933086,-0.14184251,-0.52768135,-0.1625947,-0.032801926,-0.28277487,-0.067345254,-0.04002118,-0.42130703,-0.0995589,-0.037151515,-0.5243091,-0.12998545,-0.037493765,-0.6153672,-0.1507271,0.017629921,-0.26592433,-0.06501006,0.04264289,-0.3873484,-0.11362295,0.062494278,-0.47790208,-0.15473907,0.07779294,-0.5571029,-0.18120341,0.06346613,-0.22315228,-0.0659046,0.07324338,-0.24449301,-0.12106027,0.06489265,-0.18644714,-0.14017107,0.06258464,-0.13124216,-0.14925474
-0.056699216,-0.025349617,-0.029227423,-0.08585024,-0.090544105,-0.04384504,-0.05871594,-0.13711512,-0.05597236,-0.03121233,-0.16375601,-0.06910029,-0.0825851,-0.248599,-0.025060218,-0.10030806,-0.33908236,-0.042944144,-0.111673534,-0.39509857,-0.06005342,-0.122862846,-0.44454175,-0.07437987,-0.02748251,-0.2733364,-0.03220723,-0.032651246,-0.39668047,-0.048719376,-0.034671783,-0.47793144,-0.06721483,-0.03724253,-0.5444489,-0.08048301,0.023402214,-0.25807,-0.04300452,0.04565257,-0.35522294,-0.06926551,0.059592366,-0.40908676,-0.092646696,0.071636915,-0.4548854,-0.1083105,0.07011044,-0.2153539,-0.0554031,0.08098835,-0.25290334,-0.08261918,0.07007897,-0.22193849,-0.08823643,0.06375331,-0.18869454,-0.090637386
-0.058850586,-0.0332309,-0.028407492,-0.08508155,-0.10899806,-0.039339002,-0.047441006,-0.1586808,-0.048514616,-0.008030534,-0.18599033,-0.05831895,-0.084907174,-0.26115394,-0.013644473,-0.10507965,-0.35277623,-0.028235994,-0.11586082,-0.40635526,-0.04388237,-0.12543717,-0.45445454,-0.057653017,-0.030079007,-0.28606576,-0.019651778,-0.036363184,-0.40292412,-0.032228384,-0.037975073,-0.4765399,-0.04983787,-0.03985685,-0.5395565,-0.06294836,0.020336151,-0.2725461,-0.030026264,0.04026687,-0.3572861,-0.052359752,0.054159522,-0.4044428,-0.07570362,0.06708783,-0.44756204,-0.0923987,0.06734395,-0.2326982,-0.042605184,0.07486397,-0.25719404,-0.067173496,0.06367022,-0.22197127,-0.07353033,0.059491694,-0.18679488,-0.07712919
-0.05915934,-0.02954793,-0.030267552,-0.08594459,-0.10223585,-0.04233031,-0.05123043,-0.15380472,-0.05197499,-0.016451538,-0.18833363,-0.061591942,-0.086682975,-0.25620812,-0.015456716,-0.108074725,-0.34459484,-0.030716157,-0.118926674,-0.39697516,-0.04661191,-0.12805519,-0.4435116,-0.060262535,-0.032254457,-0.28101444,-0.0204098,-0.039443254,-0.39596784,-0.033429824,-0.04144478,-0.46855772,-0.050249044,-0.043673158,-0.52975357,-0.062617235,0.0174914,-0.26711679,-0.03001329,0.03527665,-0.351125,-0.053149395,0.048365176,-0.39546472,-0.07506868,0.06078911,-0.43538815,-0.09029276,0.06324291,-0.22689784,-0.041906893,0.069360554,-0.25410706,-0.06715241,0.058733404,-0.21814555,-0.07290344,0.05423397,-0.18194914,-0.07571144
-0.058642596,-0.027578592,-0.024928989,-0.08564308,-0.10400891,-0.033124655,-0.05383122,-0.15502548,-0.040342964,-0.021471202,-0.18300521,-0.04842406,-0.08578929,-0.25861573,-0.008240763,-0.10560927,-0.34462702,-0.02106796,-0.1150246,-0.3954907,-0.03633734,-0.12285191,-0.4411072,-0.04977495,-0.03303027,-0.28283513,-0.014743587,-0.040017962,-0.39492297,-0.023898222,-0.04194212,-0.46463618,-0.03929122,-0.044148386,-0.5235195,-0.051262163,0.016894758,-0.26975358,-0.02563168,0.036290705,-0.35591125,-0.0450859,0.049756408,-0.39947534,-0.06677144,0.06198144,-0.43873996,-0.08278648,0.06321299,-0.23003435,-0.03860925,0.07449722,-0.25667894,-0.06161234,0.06456298,-0.22113419,-0.0676544,0.05989957,-0.18500626,-0.071143135
-0.058642596,-0.027578592,-0.024928989,-0.08564308,-0.10400891,-0.033124655,-0.05383122,-0.15502548,-0.040342964,-0.021471202,-0.18300521,-0.04842406,-0.08578929,-0.25861573,-0.008240763,-0.10560927,-0.34462702,-0.02106796,-0.1150246,-0.3954907,-0.03633734,-0.12285191,-0.4411072,-0.04977495,-0.03303027,-0.28283513,-0.014743587,-0.040017962,-0.39492297,-0.023898222,-0.04194212,-0.46463618,-0.03929122,-0.044148386,-0.5235195,-0.051262163,0.016894758,-0.26975358,-0.02563168,0.036290705,-0.35591125,-0.0450859,0.049756408,-0.39947534,-0.06677144,0.06198144,-0.43873996,-0.08278648,0.06321299,-0.23003435,-0.03860925,0.07449722,-0.25667894,-0.06161234,0.06456298,-0.22113419,-0.0676544,0.05989957,-0.18500626,-0.071143135
-0.056203723,-0.02751118,-0.029786218,-0.0850434,-0.09719181,-0.04286806,-0.057558477,-0.14868104,-0.053202953,-0.030508578,-0.18024063,-0.064137764,-0.087157905,-0.24863899,-0.023625052,-0.10889712,-0.34846908,-0.041007124,-0.121147156,-0.41143233,-0.056999337,-0.1312713,-0.46614158,-0.07032068,-0.033116102,-0.27182698,-0.029445473,-0.041741967,-0.39233214,-0.044347174,-0.04436338,-0.47155553,-0.06266825,-0.04656422,-0.5366627,-0.07595249,0.016906798,-0.25830698,-0.039077368,0.034695566,-0.34975952,-0.06380584,0.046221256,-0.40329742,-0.08721499,0.056144774,-0.4490478,-0.10332403,0.06255323,-0.21879154,-0.050513364,0.07261419,-0.2527631,-0.07748058,0.06415045,-0.22085655,-0.08406621,0.059878707,-0.18828112,-0.08712971
-0.05653608,-0.016388357,-0.043901946,-0.084307134,-0.08423573,-0.071021505,-0.048665345,-0.14298391,-0.090646066,-0.009916842,-0.18474895,-0.112187,-0.092506975,-0.25859112,-0.06676573,-0.11668444,-0.38853455,-0.09936547,-0.12803799,-0.47819656,-0.124165714,-0.13869157,-0.5545483,-0.1430672,-0.035262406,-0.27397704,-0.07040289,-0.044754922,-0.41339767,-0.10287215,-0.046114624,-0.51175714,-0.12954722,-0.0497666,-0.59619164,-0.14715357,0.01649493,-0.25316858,-0.076347575,0.029966474,-0.369699,-0.11754568,0.039753377,-0.45142013,-0.14685218,0.048944235,-0.5200379,-0.16521658,0.06281453,-0.20554751,-0.08373705,0.061472893,-0.24591857,-0.12506768,0.054187953,-0.20873535,-0.13318565,0.0538525,-0.16899812,-0.13533588
-0.051769376,-0.012373626,-0.04410923,-0.078404814,-0.08566493,-0.069639735,-0.041032016,-0.1497519,-0.0876812,0.004049778,-0.19450575,-0.10816612,-0.09063327,-0.25897115,-0.066017024,-0.11956155,-0.39379716,-0.09829894,-0.13385168,-0.49046755,-0.1222622,-0.14730176,-0.5721054,-0.14073561,-0.033878684,-0.2754513,-0.07044048,-0.044013977,-0.41934884,-0.102712914,-0.045484066,-0.52306294,-0.1293809,-0.04944384,-0.6124846,-0.14644551,0.017367065,-0.25376886,-0.077229984,0.025952399,-0.37591392,-0.1206602,0.030808806,-0.46382058,-0.15240645,0.0363279,-0.5391281,-0.1719201,0.06368917,-0.20339787,-0.08531516,0.06250471,-0.24474066,-0.13056618,0.056183755,-0.20300162,-0.14030656,0.057497203,-0.15902907,-0.14290272
-0.05914271,-0.003476262,-0.04046525,-0.08938575,-0.08121389,-0.064477935,-0.06151116,-0.14966387,-0.080124035,-0.022764802,-0.19769186,-0.09863215,-0.09602946,-0.24277282,-0.06437339,-0.1241869,-0.3734474,-0.09345875,-0.13908574,-0.46488342,-0.11433659,-0.1535579,-0.5425776,-0.13069452,-0.039858818,-0.2637537,-0.06693339,-0.049483955,-0.41100457,-0.099131554,-0.055499732,-0.5118544,-0.1248071,-0.06455439,-0.60116553,-0.14000207,0.010895252,-0.24616063,-0.07039714,0.021377027,-0.38518882,-0.1161202,0.023884952,-0.47998053,-0.14982164,0.026280224,-0.5616561,-0.16948287,0.055445492,-0.19890243,-0.07350176,0.050210238,-0.23703998,-0.1205038,0.04115677,-0.18989056,-0.1308827,0.042373,-0.1411283,-0.13303207
-0.053907365,-0.0033704042,-0.044612676,-0.08066437,-0.08295703,-0.06984807,-0.045715332,-0.15525848,-0.08565721,0.00045478344,-0.20928657,-0.103861466,-0.09843886,-0.24853283,-0.06936314,-0.12821522,-0.3867972,-0.10071512,-0.1443088,-0.48534152,-0.12321765,-0.16013801,-0.56930685,-0.14048536,-0.042539775,-0.26991773,-0.070273526,-0.05319929,-0.42054015,-0.105299205,-0.05774206,-0.5268574,-0.13238733,-0.06376502,-0.61970645,-0.14780925,0.008837879,-0.25378966,-0.072154775,0.017310083,-0.39454,-0.121765,0.019020975,-0.49379522,-0.15646107,0.022099257,-0.5793664,-0.17559834,0.05541742,-0.20650607,-0.07383399,0.047323942,-0.24738455,-0.12400493,0.035576105,-0.19651592,-0.13355172,0.0362069,-0.142281,-0.13392825
-0.057754904,-0.014407635,-0.04002992,-0.0747492,-0.10374802,-0.06044692,-0.031508327,-0.17873085,-0.07236358,0.012593389,-0.23485541,-0.08691815,-0.0983749,-0.26117283,-0.060774803,-0.12727618,-0.40461117,-0.09108712,-0.14303544,-0.5077646,-0.11316991,-0.15780354,-0.5942435,-0.12979445,-0.042127132,-0.28086746,-0.062388163,-0.052192688,-0.43297952,-0.09418171,-0.05482346,-0.5407311,-0.11934278,-0.058012843,-0.6328932,-0.13343138,0.010554433,-0.26262295,-0.06514998,0.019025028,-0.40389144,-0.11085786,0.021183968,-0.5061408,-0.14455785,0.026212513,-0.5942427,-0.16350654,0.057156682,-0.2120133,-0.0676918,0.04625106,-0.2492618,-0.114394225,0.03353244,-0.20032245,-0.12344685,0.036146343,-0.14979118,-0.12384608
-0.06132549,-0.0076674223,-0.046727054,-0.083299875,-0.08883369,-0.07430881,-0.052235603,-0.15281135,-0.092233434,-0.010515332,-0.20126265,-0.112928115,-0.09668741,-0.2578948,-0.07329193,-0.124542,-0.3958451,-0.109342314,-0.14104599,-0.49506837,-0.13619009,-0.15474373,-0.5783159,-0.1559719,-0.03763181,-0.27915812,-0.07303791,-0.044991255,-0.42696688,-0.109010585,-0.048584998,-0.5331793,-0.13635759,-0.054189116,-0.6231511,-0.1522713,0.015956044,-0.26176697,-0.07428369,0.02579683,-0.39690545,-0.12256059,0.027371466,-0.49769354,-0.15754728,0.03086543,-0.5832404,-0.1780057,0.060050726,-0.21392226,-0.07592906,0.04850614,-0.23746043,-0.12668583,0.033561945,-0.18690914,-0.13881448,0.033123016,-0.13731533,-0.14136977
-0.05763325,-0.01762122,-0.047403004,-0.068270504,-0.10862255,-0.07315504,-0.023873031,-0.18174446,-0.088845626,0.021885633,-0.23874635,-0.10693886,-0.09871513,-0.26034522,-0.07276221,-0.12752375,-0.40548974,-0.10981654,-0.14575857,-0.5092065,-0.1363014,-0.16023892,-0.5959972,-0.15550247,-0.040504396,-0.28276473,-0.07141758,-0.050383806,-0.43293762,-0.10769273,-0.05382806,-0.5407026,-0.13438924,-0.057386428,-0.6319716,-0.1496321,0.013654172,-0.26590514,-0.07177041,0.02282387,-0.39968583,-0.120724365,0.024038136,-0.5038402,-0.1562127,0.028731704,-0.5948248,-0.17718552,0.058267534,-0.21747589,-0.07257964,0.04600519,-0.23215055,-0.12423962,0.029044628,-0.1813761,-0.13765347,0.029034734,-0.1354031,-0.14120886
-0.059197098,-0.016248345,-0.06995615,-0.0708895,-0.10918391,-0.10141454,-0.019471943,-0.1829837,-0.118864544,0.03406471,-0.24040365,-0.13819444,-0.101481944,-0.26492947,-0.07882416,-0.12976861,-0.40259534,-0.11931221,-0.15042347,-0.5047954,-0.15160637,-0.1654222,-0.5891596,-0.17467667,-0.042841315,-0.2854463,-0.067949764,-0.053281307,-0.43217307,-0.101252906,-0.057242483,-0.5396719,-0.12986173,-0.06104535,-0.62953305,-0.14720678,0.012155056,-0.2696355,-0.062411625,0.020275056,-0.40250844,-0.1131659,0.021475077,-0.50491595,-0.1545226,0.025753021,-0.5987288,-0.17997093,0.058081985,-0.22452015,-0.05965956,0.049958527,-0.2364533,-0.11882135,0.037400484,-0.17574614,-0.13768713,0.039566636,-0.123233974,-0.14444155
-0.062161,-0.013418376,-0.053354878,-0.07692671,-0.10719532,-0.080153406,-0.027857482,-0.1796608,-0.095637284,0.023008823,-0.23090005,-0.11337414,-0.09874076,-0.25616765,-0.074789524,-0.12802505,-0.39845568,-0.111852966,-0.14688373,-0.50028,-0.13835129,-0.1620695,-0.5845642,-0.15715915,-0.039911985,-0.27940917,-0.06909394,-0.052260607,-0.42995086,-0.10559178,-0.05695209,-0.53579414,-0.13249038,-0.061591268,-0.6260191,-0.14703469,0.015308201,-0.263843,-0.06550261,0.023605108,-0.39750445,-0.11492321,0.024913847,-0.50122535,-0.15016651,0.03011632,-0.59098804,-0.16973652,0.061049104,-0.21704793,-0.06270519,0.049105644,-0.23659194,-0.113388956,0.034113526,-0.18415016,-0.12462207,0.03622228,-0.134206,-0.12586066
-0.058217943,-0.014652848,-0.043790627,-0.081062734,-0.10529691,-0.06575208,-0.03968513,-0.18014646,-0.07923853,0.0052059293,-0.23074889,-0.09486562,-0.09688717,-0.2678731,-0.058960814,-0.12803844,-0.40673956,-0.08964727,-0.14644721,-0.50960785,-0.11309003,-0.16450143,-0.59469974,-0.13113868,-0.039334893,-0.2892226,-0.059988763,-0.050171345,-0.44041067,-0.09251456,-0.053542525,-0.5478538,-0.11954432,-0.058095664,-0.6398746,-0.13522756,0.013079405,-0.271163,-0.06280288,0.023652077,-0.40952498,-0.10882552,0.025816679,-0.5120359,-0.142814,0.030922234,-0.5986959,-0.16209616,0.06085819,-0.22043794,-0.06603983,0.04998207,-0.26321983,-0.11432925,0.0347448,-0.21889311,-0.12419516,0.03367287,-0.1694684,-0.12488093
-0.058217943,-0.014652848,-0.043790627,-0.081062734,-0.10529691,-0.06575208,-0.03968513,-0.18014646,-0.07923853,0.0052059293,-0.23074889,-0.09486562,-0.09688717,-0.2678731,-0.058960814,-0.12803844,-0.40673956,-0.08964727,-0.14644721,-0.50960785,-0.11309003,-0.16450143,-0.59469974,-0.13113868,-0.039334893,-0.2892226,-0.059988763,-0.050171345,-0.44041067,-0.09251456,-0.053542525,-0.5478538,-0.11954432,-0.058095664,-0.6398746,-0.13522756,0.013079405,-0.271163,-0.06280288,0.023652077,-0.40952498,-0.10882552,0.025816679,-0.5120359,-0.142814,0.030922234,-0.5986959,-0.16209616,0.06085819,-0.22043794,-0.06603983,0.04998207,-0.26321983,-0.11432925,0.0347448,-0.21889311,-0.12419516,0.03367287,-0.1694684,-0.12488093
-0.06391999,-0.011756241,-0.042073954,-0.08751419,-0.09685445,-0.06616778,-0.056888074,-0.16423684,-0.08172783,-0.022614181,-0.21218002,-0.1001914,-0.09658551,-0.26751083,-0.06773369,-0.125258,-0.40937415,-0.104560845,-0.14482936,-0.51500076,-0.13204421,-0.16154769,-0.60133046,-0.15186283,-0.035794675,-0.29010636,-0.0680202,-0.045493633,-0.4422695,-0.10321367,-0.049823076,-0.5506214,-0.1299265,-0.05545637,-0.6413928,-0.14517005,0.019717872,-0.27199024,-0.06947599,0.028122425,-0.4092492,-0.114721105,0.029866576,-0.5097606,-0.1469498,0.03578043,-0.5930928,-0.16545941,0.06670314,-0.22051471,-0.071247555,0.054079533,-0.25074822,-0.11784772,0.038311124,-0.20729142,-0.12765637,0.040023148,-0.16111141,-0.12852812
-0.056439847,-0.0077215433,-0.04685226,-0.082511395,-0.09151012,-0.07253436,-0.04796508,-0.16599172,-0.088872656,-0.008640647,-0.2198242,-0.107490025,-0.0956648,-0.2645141,-0.06571276,-0.12436032,-0.39933395,-0.09829354,-0.1419935,-0.4985179,-0.12342575,-0.16055977,-0.5816953,-0.1428802,-0.038588822,-0.28670156,-0.06593009,-0.04831603,-0.43370777,-0.099439986,-0.051934034,-0.53896487,-0.1276742,-0.05755624,-0.6315632,-0.14480467,0.013408184,-0.26856154,-0.067854576,0.024924874,-0.40419942,-0.11508663,0.027989209,-0.50596064,-0.15012525,0.033765614,-0.59410894,-0.17095181,0.061165392,-0.21850944,-0.07022791,0.04959041,-0.2552266,-0.121142805,0.034940124,-0.20971513,-0.13292907,0.03455746,-0.16253328,-0.13527253
-0.05622375,-0.011410117,-0.041067887,-0.08103457,-0.100436985,-0.061578956,-0.043646455,-0.17573845,-0.07423978,-0.0039116144,-0.22849739,-0.08934495,-0.09638184,-0.27214617,-0.054391067,-0.12558913,-0.40684384,-0.08288577,-0.14262062,-0.50742936,-0.10579968,-0.16081786,-0.59020543,-0.12392084,-0.039224803,-0.2937004,-0.056577906,-0.04703641,-0.44009042,-0.08534788,-0.048093677,-0.5454209,-0.11142134,-0.051585585,-0.6363863,-0.12748136,0.012414098,-0.27531552,-0.0606231,0.022975564,-0.40973026,-0.103048205,0.026962698,-0.51036996,-0.13658613,0.033811152,-0.5969452,-0.15707944,0.061052203,-0.22446209,-0.065057114,0.049317062,-0.26272506,-0.11170765,0.03525722,-0.22091353,-0.12257732,0.034724057,-0.17607355,-0.12490683
-0.05460474,-0.010080993,-0.041100796,-0.08234209,-0.10148913,-0.06124535,-0.048680067,-0.1808309,-0.07387835,-0.0076466203,-0.23608947,-0.08935885,-0.09619218,-0.27318656,-0.055880822,-0.12576842,-0.40982777,-0.08635977,-0.14278433,-0.51386064,-0.1107908,-0.16081476,-0.60024047,-0.13022517,-0.040008724,-0.29461932,-0.059421383,-0.048641026,-0.44203615,-0.0898561,-0.049687743,-0.5502218,-0.1176008,-0.053168803,-0.6455778,-0.1349689,0.011624515,-0.27616078,-0.064911924,0.021160543,-0.4098978,-0.10945619,0.024594903,-0.5114753,-0.1449919,0.030794084,-0.6000687,-0.16696714,0.059708476,-0.22552651,-0.07091729,0.048351943,-0.261541,-0.1213115,0.03387946,-0.21727556,-0.13491175,0.033353627,-0.17205006,-0.13895057
-0.055696487,-0.016433597,-0.040647686,-0.08161941,-0.11193699,-0.058590844,-0.040813744,-0.19286376,-0.06946326,0.0064507127,-0.24458915,-0.083005905,-0.09443635,-0.27560955,-0.046904255,-0.123399705,-0.4067825,-0.07324021,-0.14043921,-0.50641525,-0.09505111,-0.1584329,-0.5876477,-0.11265623,-0.03902656,-0.29629207,-0.04993035,-0.04557693,-0.4412911,-0.07647996,-0.04660994,-0.5465126,-0.10193445,-0.049849838,-0.63752466,-0.117554635,0.01117909,-0.27704656,-0.05555491,0.023304522,-0.4105442,-0.09744721,0.026770592,-0.5096774,-0.13188812,0.03272015,-0.5957339,-0.15294726,0.058523,-0.22458178,-0.06191134,0.05238837,-0.26605344,-0.11002823,0.039927065,-0.220424,-0.12242528,0.039601684,-0.17248029,-0.12562215
-0.056147665,-0.013459623,-0.044473737,-0.08183542,-0.10649592,-0.06575389,-0.04229331,-0.18701845,-0.079075366,0.0041644573,-0.2421655,-0.09524655,-0.09743354,-0.2760976,-0.05701084,-0.12797832,-0.41344646,-0.08863355,-0.14600724,-0.5181719,-0.114023134,-0.16434708,-0.6047158,-0.13385144,-0.040257514,-0.29795396,-0.058599044,-0.049295604,-0.44565335,-0.08801914,-0.050450444,-0.55340827,-0.114560574,-0.053564698,-0.64668965,-0.1311518,0.011685252,-0.27890617,-0.062796675,0.021800876,-0.4121762,-0.10630033,0.025034904,-0.5130025,-0.14126146,0.030816138,-0.6004673,-0.16305503,0.059386373,-0.22660786,-0.06802443,0.051127255,-0.2615835,-0.11874527,0.037934184,-0.21531671,-0.13276227,0.037931144,-0.16859359,-0.13691154
-0.05436513,-0.015731096,-0.045387585,-0.08054939,-0.11088467,-0.065620534,-0.0379768,-0.19438654,-0.07768941,0.014011562,-0.24702287,-0.09202398,-0.09778121,-0.27664137,-0.052935477,-0.12868163,-0.40965158,-0.081982,-0.14674538,-0.51105416,-0.10558574,-0.16522637,-0.59353757,-0.12442143,-0.041635513,-0.29712588,-0.054683547,-0.048705876,-0.44345835,-0.08294658,-0.050623655,-0.5506197,-0.10907452,-0.05456537,-0.6431106,-0.12533936,0.009417653,-0.27758706,-0.059496865,0.021981776,-0.41118523,-0.10320873,0.024822593,-0.5107088,-0.13828349,0.030209064,-0.59819424,-0.15977156,0.057460487,-0.22416848,-0.0654669,0.049279273,-0.2662319,-0.11647805,0.03412801,-0.21959049,-0.13000886,0.031570196,-0.17131126,-0.13368048
-0.055317044,-0.013155103,-0.04658558,-0.0811761,-0.1071322,-0.06896639,-0.038499594,-0.18630421,-0.08298791,0.014045417,-0.23801714,-0.10019334,-0.09608221,-0.27114326,-0.060920715,-0.12693208,-0.4102562,-0.09394536,-0.14442497,-0.51587766,-0.12032726,-0.16143337,-0.6030505,-0.14093621,-0.039646447,-0.2916568,-0.06224526,-0.048478723,-0.4390025,-0.09279243,-0.050833672,-0.5481554,-0.121074766,-0.054222673,-0.6424032,-0.13907175,0.011780858,-0.27339768,-0.066222265,0.02168119,-0.40766448,-0.11233475,0.02257055,-0.50986993,-0.151036,0.026462495,-0.59806,-0.17532922,0.059419215,-0.22236252,-0.071113974,0.049887538,-0.25280064,-0.12627652,0.036458075,-0.20402336,-0.14368992,0.035992563,-0.15559816,-0.14986622
-0.055596203,-0.013818443,-0.05487838,-0.07669222,-0.1065892,-0.08131992,-0.031018794,-0.18344295,-0.09778891,0.022984803,-0.23554528,-0.117111534,-0.09278163,-0.27285188,-0.06489441,-0.12227249,-0.4062928,-0.099702075,-0.13994876,-0.5074111,-0.12836163,-0.15708783,-0.5922068,-0.15037037,-0.03650707,-0.29294848,-0.06305048,-0.04774928,-0.43878704,-0.0967201,-0.04888594,-0.54574275,-0.1266103,-0.05195117,-0.6380974,-0.14480047,0.015165269,-0.27475452,-0.06484163,0.024080992,-0.4073273,-0.11537363,0.027109921,-0.50989777,-0.1556544,0.03227508,-0.60053056,-0.1798967,0.062244713,-0.22467017,-0.06807986,0.056690156,-0.25515348,-0.12602405,0.04716909,-0.19813198,-0.14264481,0.05021876,-0.1430344,-0.14762717
-0.055603653,-0.009124935,-0.052589018,-0.07890862,-0.09868044,-0.07910786,-0.036796153,-0.176584,-0.09571015,0.010802567,-0.2320584,-0.11536998,-0.0946157,-0.2693771,-0.070385605,-0.12250441,-0.4064905,-0.107005745,-0.13933027,-0.5100516,-0.13683037,-0.15658829,-0.597798,-0.15954657,-0.03779745,-0.28944552,-0.06967119,-0.047873914,-0.43588397,-0.10487749,-0.050101757,-0.5438229,-0.13572662,-0.054385036,-0.6382245,-0.1548063,0.014729679,-0.2709394,-0.07158034,0.024285138,-0.4039132,-0.12189912,0.027656972,-0.5058968,-0.16039215,0.032690704,-0.5965339,-0.18366063,0.062287092,-0.21956992,-0.074666195,0.055690527,-0.2517569,-0.13103919,0.044145525,-0.1977331,-0.1455692,0.045291245,-0.14515823,-0.14929584
-0.055526555,-0.011951625,-0.054617718,-0.078338236,-0.10398275,-0.08152118,-0.033239543,-0.18296081,-0.09810061,0.02020657,-0.2365154,-0.117820695,-0.09357375,-0.2704007,-0.07027445,-0.1217159,-0.40781048,-0.10670539,-0.13851479,-0.51086557,-0.13644679,-0.15475035,-0.59836197,-0.15911515,-0.036434233,-0.2905265,-0.0683279,-0.046079695,-0.43531334,-0.102477826,-0.048328042,-0.5420296,-0.13304128,-0.05201447,-0.63514674,-0.15201119,0.015920877,-0.2724985,-0.06942623,0.025749087,-0.40514392,-0.12048055,0.02879107,-0.5065717,-0.16103223,0.033180892,-0.5965777,-0.18563144,0.06321257,-0.22233558,-0.0717557,0.056442678,-0.25136548,-0.13010089,0.04517579,-0.19394207,-0.14668998,0.045921624,-0.13894993,-0.15170634
-0.0532721,-0.010143161,-0.0608375,-0.077204525,-0.098167956,-0.091373235,-0.035398245,-0.17646873,-0.11053037,0.017439723,-0.23491526,-0.13245887,-0.09417921,-0.2704574,-0.07935607,-0.12209225,-0.41127253,-0.12088499,-0.13869244,-0.5175334,-0.1534666,-0.15384457,-0.6080616,-0.1777421,-0.0372566,-0.29017907,-0.0758331,-0.04741001,-0.4383958,-0.11524718,-0.04857564,-0.54761976,-0.1471792,-0.051406264,-0.64338535,-0.16638099,0.015436828,-0.27193564,-0.075883575,0.025337815,-0.40123543,-0.13002178,0.028596759,-0.50400144,-0.16960746,0.033676267,-0.5971102,-0.19320177,0.061139345,-0.22158599,-0.07802462,0.053233027,-0.24472052,-0.13887629,0.039316475,-0.18516606,-0.15559106,0.039275825,-0.12981516,-0.16027828
-0.05601275,-0.011632681,-0.063887954,-0.077543885,-0.10126096,-0.094722204,-0.033972085,-0.1792239,-0.11370477,0.019210994,-0.2377184,-0.13520525,-0.09164998,-0.2690159,-0.07425619,-0.119161844,-0.4001869,-0.11289794,-0.13616449,-0.5010015,-0.14403804,-0.15060166,-0.58609515,-0.16771121,-0.03470707,-0.28987014,-0.07020887,-0.04297179,-0.43560135,-0.10488939,-0.04431373,-0.5426295,-0.13516127,-0.047748923,-0.636392,-0.15411817,0.016814291,-0.27353263,-0.0711165,0.027042687,-0.40257892,-0.12332007,0.030115783,-0.50294113,-0.16518547,0.034597635,-0.5938427,-0.19127296,0.062298834,-0.2264452,-0.07458046,0.05314803,-0.24601322,-0.13691029,0.039146066,-0.18335092,-0.15737826,0.037654936,-0.12621558,-0.16524838
-0.053897858,-0.014918327,-0.04531339,-0.08173701,-0.110636175,-0.066199005,-0.03797853,-0.19119877,-0.078867376,0.016732275,-0.24259627,-0.09514027,-0.09196165,-0.27764887,-0.05919907,-0.12071365,-0.41598064,-0.09242741,-0.1349335,-0.5215877,-0.12002131,-0.14982519,-0.6113124,-0.14196594,-0.03562194,-0.29662758,-0.062033493,-0.04365951,-0.44136524,-0.09476973,-0.044580817,-0.5502713,-0.12457034,-0.047799766,-0.64762425,-0.14326474,0.015405893,-0.27727848,-0.067571916,0.025614202,-0.4079547,-0.11678773,0.029195547,-0.510829,-0.1565081,0.033677757,-0.6030776,-0.18083696,0.06255174,-0.22428453,-0.073941134,0.05421698,-0.25685275,-0.1311275,0.041532278,-0.20127356,-0.14771946,0.040697098,-0.14811236,-0.15310098
-0.053673893,-0.016678333,-0.045689624,-0.0802598,-0.1124292,-0.066405974,-0.03574592,-0.19158208,-0.07881702,0.018466353,-0.24329793,-0.094714105,-0.093535185,-0.27896726,-0.05877675,-0.12098098,-0.418985,-0.092173696,-0.13464057,-0.5250272,-0.11991431,-0.14869076,-0.6148268,-0.14178427,-0.037060738,-0.29711825,-0.062001362,-0.046013772,-0.44270134,-0.09444744,-0.04677862,-0.55238783,-0.124499366,-0.049345553,-0.65120447,-0.14342576,0.01438272,-0.2776041,-0.06816975,0.023586273,-0.4095729,-0.11802103,0.02753222,-0.5128119,-0.15863404,0.032452404,-0.60617197,-0.18346079,0.0628894,-0.22413862,-0.075154446,0.054669023,-0.25767595,-0.1325541,0.0417161,-0.20202696,-0.14914595,0.03995347,-0.14797246,-0.15451753
-0.05439514,-0.017401814,-0.0440879,-0.07968888,-0.11172712,-0.06544233,-0.03789395,-0.18911588,-0.079136275,0.012662172,-0.24208337,-0.09655291,-0.09347236,-0.28290957,-0.05867832,-0.12068832,-0.4222918,-0.09307413,-0.13451484,-0.52873653,-0.12192991,-0.14838392,-0.61933887,-0.14453995,-0.03595996,-0.30060512,-0.062870145,-0.04350543,-0.4466402,-0.095507696,-0.043964863,-0.5575618,-0.12548809,-0.04713458,-0.6580106,-0.14462379,0.016180158,-0.27994275,-0.069860175,0.025582314,-0.41161692,-0.118396446,0.028998852,-0.514871,-0.15722345,0.033496678,-0.6075003,-0.18125328,0.063925624,-0.22591662,-0.07781083,0.05383247,-0.25987816,-0.13420318,0.038514137,-0.20566261,-0.15008949,0.035128534,-0.15283883,-0.15513326
-0.054512918,-0.018263817,-0.047248855,-0.0764879,-0.111603975,-0.06978955,-0.0312531,-0.189856,-0.08426866,0.022961378,-0.24243975,-0.10168374,-0.09236553,-0.28191203,-0.058418352,-0.11965543,-0.4211683,-0.09281298,-0.13405356,-0.5263666,-0.12106877,-0.14743984,-0.61490154,-0.14274758,-0.03565669,-0.29933846,-0.06103547,-0.044698536,-0.44666648,-0.09253817,-0.04554814,-0.5573281,-0.1206588,-0.04815483,-0.6549432,-0.13845082,0.0155130625,-0.27885967,-0.067157224,0.026206255,-0.4107216,-0.113927856,0.030148745,-0.51336515,-0.15120012,0.03540176,-0.6051021,-0.17422916,0.0619303,-0.22468013,-0.07475788,0.055809557,-0.26245373,-0.12903357,0.04184282,-0.21326149,-0.14418411,0.039484084,-0.16379249,-0.1488406
-0.055364847,-0.017844021,-0.04595387,-0.079903394,-0.10810751,-0.06851468,-0.039104283,-0.18506789,-0.08324307,0.013243556,-0.23834199,-0.10109765,-0.09223324,-0.28107613,-0.057815053,-0.11885348,-0.41968137,-0.0920729,-0.1325944,-0.524088,-0.120050415,-0.14517957,-0.61234635,-0.14169082,-0.035069466,-0.2996093,-0.06131502,-0.043534756,-0.447166,-0.093036406,-0.043847322,-0.5583848,-0.121670805,-0.045984447,-0.6576588,-0.13993093,0.01611042,-0.27987546,-0.068193674,0.026099205,-0.41077593,-0.11524526,0.029169917,-0.51306045,-0.15317972,0.033825994,-0.6044763,-0.17688638,0.06272668,-0.22702736,-0.0764157,0.053619504,-0.26034844,-0.1314335,0.038905084,-0.20879662,-0.14761217,0.036020756,-0.15812933,-0.1531323
-0.054407626,-0.017403185,-0.04352166,-0.078602195,-0.11553556,-0.061384678,-0.032990217,-0.19401866,-0.07118564,0.020568669,-0.2427637,-0.084440745,-0.09262228,-0.2779656,-0.055339333,-0.11995888,-0.41738385,-0.08654,-0.13281196,-0.5219196,-0.11210995,-0.14486557,-0.60985667,-0.1324612,-0.035228193,-0.29493076,-0.06009147,-0.042721033,-0.44406062,-0.089570746,-0.043465078,-0.5562673,-0.118071236,-0.045509934,-0.65586776,-0.13641825,0.015950263,-0.27477872,-0.06805096,0.027538478,-0.4070931,-0.11574361,0.030137956,-0.51017034,-0.15703198,0.03393954,-0.6026517,-0.1828056,0.06333202,-0.22052765,-0.07684595,0.05545497,-0.25394648,-0.1337539,0.040685236,-0.19945955,-0.1517789,0.036323905,-0.14513326,-0.1585507
-0.056115597,-0.017849445,-0.047532227,-0.083313346,-0.10953987,-0.06940187,-0.0420174,-0.18697256,-0.08291379,0.010491908,-0.2399714,-0.099554084,-0.09344989,-0.28386056,-0.059513282,-0.12020463,-0.4249328,-0.09444639,-0.1337826,-0.5310091,-0.12302209,-0.14683011,-0.62097704,-0.14515343,-0.036169827,-0.30089647,-0.063184045,-0.045299232,-0.45036075,-0.09574911,-0.047039986,-0.56373715,-0.12570505,-0.049984574,-0.6649017,-0.14485466,0.014676154,-0.28021336,-0.07048381,0.02533245,-0.4129256,-0.11949546,0.02875632,-0.5152391,-0.15929015,0.033533514,-0.60788214,-0.18396111,0.06215483,-0.22541672,-0.079210915,0.05452752,-0.26180083,-0.1360584,0.04090792,-0.20783484,-0.15269053,0.037700593,-0.1543976,-0.15836036
-0.056928337,-0.019094944,-0.04570838,-0.084409475,-0.110301614,-0.06799835,-0.043239534,-0.18641824,-0.082291745,0.0068998337,-0.23904645,-0.100015536,-0.093019545,-0.28511286,-0.060751703,-0.11926794,-0.42657334,-0.095704384,-0.1321209,-0.5315918,-0.124163,-0.14445958,-0.61987764,-0.14644168,-0.034515142,-0.30167657,-0.065436386,-0.041997194,-0.45271495,-0.09799846,-0.043284416,-0.5651003,-0.12841114,-0.046599448,-0.6642792,-0.14840041,0.017017066,-0.27937126,-0.07331338,0.028316557,-0.411121,-0.12136454,0.031062186,-0.513173,-0.16121756,0.03503555,-0.60381174,-0.18675117,0.06345612,-0.22443265,-0.082384765,0.05305624,-0.25779492,-0.13889611,0.036578953,-0.20742464,-0.15655312,0.03127271,-0.15783745,-0.16348758
-0.05669713,-0.021795213,-0.046815813,-0.08338845,-0.114160836,-0.06863359,-0.04010135,-0.19148499,-0.08241029,0.014132202,-0.24308646,-0.09947704,-0.0920423,-0.2830798,-0.05809968,-0.11935815,-0.42216492,-0.09307724,-0.13324082,-0.52644545,-0.12209679,-0.14674622,-0.61450416,-0.14479746,-0.034789085,-0.3008212,-0.062432643,-0.042080283,-0.45099556,-0.09454399,-0.041994452,-0.5642165,-0.12504065,-0.044642806,-0.6637566,-0.14507349,0.015546441,-0.28042406,-0.070537835,0.02627647,-0.41232276,-0.118942074,0.029230535,-0.5161028,-0.16023333,0.03268975,-0.60877067,-0.18662576,0.06176269,-0.22723424,-0.08002268,0.053529084,-0.2615946,-0.13770874,0.040248394,-0.211101,-0.1565844,0.036688805,-0.16133475,-0.16421452
-0.055681676,-0.019323349,-0.044515807,-0.08344394,-0.113300204,-0.06467063,-0.04108882,-0.19170171,-0.076970436,0.012221754,-0.24234426,-0.09268816,-0.09411228,-0.28312594,-0.05798949,-0.12147358,-0.42515096,-0.092039205,-0.1349827,-0.5327153,-0.1202867,-0.14871463,-0.6231214,-0.14258252,-0.036286116,-0.301053,-0.0625146,-0.043736935,-0.45044386,-0.093848854,-0.044992268,-0.56457263,-0.12416339,-0.048606277,-0.6652895,-0.14415677,0.01530987,-0.27991056,-0.07008872,0.026505709,-0.409626,-0.117286325,0.029235125,-0.51245433,-0.15722434,0.03278655,-0.6038078,-0.18264039,0.06283891,-0.2248972,-0.07879202,0.051654756,-0.2589776,-0.13495266,0.033709943,-0.20860744,-0.15235949,0.026685774,-0.1585623,-0.15889356
-0.055948883,-0.018541276,-0.04467953,-0.08218017,-0.11361319,-0.06404575,-0.038724363,-0.19118088,-0.075454004,0.012624621,-0.24212998,-0.0901494,-0.09350675,-0.2810554,-0.057034157,-0.120681226,-0.42243916,-0.09021758,-0.13427538,-0.52872133,-0.11719681,-0.14831638,-0.6183485,-0.13840555,-0.035310626,-0.2985214,-0.06116999,-0.04261917,-0.44945127,-0.09244546,-0.042829216,-0.56280667,-0.121535316,-0.045082092,-0.6626016,-0.14012197,0.016326785,-0.2775103,-0.068464145,0.027249396,-0.408594,-0.11598658,0.030091405,-0.50982386,-0.15440062,0.03397447,-0.6000313,-0.17813227,0.06418812,-0.22236395,-0.076893605,0.054772675,-0.2585258,-0.13214609,0.0388391,-0.20624614,-0.1476338,0.033739388,-0.15391606,-0.15257867
-0.05622539,-0.020245433,-0.044060018,-0.080372095,-0.11633229,-0.062075175,-0.036012113,-0.19304132,-0.072305605,0.016537488,-0.24351239,-0.08596189,-0.09402996,-0.2851177,-0.052987907,-0.11980164,-0.4254345,-0.08523958,-0.13261098,-0.5310894,-0.11248515,-0.14519739,-0.6191771,-0.13389511,-0.036226988,-0.30263716,-0.05733056,-0.043854654,-0.45180842,-0.08619619,-0.043738604,-0.5643297,-0.11497828,-0.045492947,-0.66261196,-0.13379782,0.015306056,-0.282075,-0.06523821,0.025755525,-0.41300058,-0.11057778,0.029393733,-0.5143832,-0.15009405,0.034332633,-0.6053085,-0.17535596,0.063008845,-0.22695321,-0.07443396,0.055015862,-0.25957698,-0.12881674,0.041199625,-0.20633745,-0.14560822,0.03824252,-0.15456718,-0.15191312
-0.055079967,-0.018512726,-0.04559554,-0.07952446,-0.111383796,-0.066421464,-0.0373953,-0.18659121,-0.0790238,0.012237191,-0.2400127,-0.09501208,-0.0920282,-0.28244537,-0.05875244,-0.11784798,-0.42284477,-0.09296747,-0.1305694,-0.52793187,-0.120537825,-0.14212534,-0.61708057,-0.14183581,-0.03397703,-0.2991922,-0.06277094,-0.041665375,-0.4479726,-0.095724404,-0.041665018,-0.55984473,-0.12486507,-0.043061197,-0.6592734,-0.14289448,0.017882407,-0.27865207,-0.07008915,0.029349804,-0.4083449,-0.11909494,0.033093035,-0.5109239,-0.15810305,0.037909627,-0.60385036,-0.18202814,0.06509566,-0.22470653,-0.07863247,0.055731475,-0.25311518,-0.1352466,0.039498866,-0.19533771,-0.15129173,0.034521163,-0.13993937,-0.1564175
-0.05533883,-0.01895094,-0.043216906,-0.08167651,-0.1122182,-0.063778095,-0.04009533,-0.18788517,-0.07706941,0.010887086,-0.23828942,-0.09405266,-0.09017038,-0.2835796,-0.055731107,-0.1171419,-0.4230325,-0.08891789,-0.13045591,-0.52902615,-0.116910264,-0.14430693,-0.6190011,-0.13893567,-0.032913744,-0.30086988,-0.060199384,-0.04069853,-0.4469614,-0.09114361,-0.04164523,-0.5574822,-0.120588005,-0.0449031,-0.65640765,-0.13957283,0.018690169,-0.28017384,-0.06746595,0.028172135,-0.41059092,-0.11329174,0.031227887,-0.5131286,-0.15075372,0.036050916,-0.60501814,-0.17441525,0.06606859,-0.2264998,-0.07588408,0.05476433,-0.2597391,-0.129823,0.03885275,-0.20668954,-0.14471546,0.035490632,-0.15526903,-0.14944693
-0.055664867,-0.020021081,-0.046759043,-0.081309885,-0.11481929,-0.06826578,-0.0383265,-0.19184196,-0.08160905,0.014255166,-0.24457544,-0.09849713,-0.09259242,-0.2845286,-0.058439992,-0.11839783,-0.42392367,-0.09367438,-0.13148078,-0.5293343,-0.122772336,-0.14389545,-0.61839545,-0.1453388,-0.034439564,-0.3018285,-0.062252093,-0.042803884,-0.45046675,-0.095348485,-0.042898476,-0.56316334,-0.12577675,-0.044683516,-0.663434,-0.14516695,0.01751995,-0.28151196,-0.069634974,0.026706755,-0.41115505,-0.11879603,0.030153513,-0.51362604,-0.15887041,0.035325587,-0.60667974,-0.18386436,0.06463146,-0.22838676,-0.07836326,0.053326488,-0.25828075,-0.13593182,0.038067043,-0.2015847,-0.15307963,0.034895122,-0.14825714,-0.1590799
-0.05541566,-0.019337118,-0.044258535,-0.081915855,-0.11522347,-0.06294735,-0.038035154,-0.19230372,-0.073624425,0.01694423,-0.2408129,-0.08773921,-0.090940624,-0.280702,-0.055495337,-0.11810556,-0.4209885,-0.0888563,-0.1320644,-0.5260601,-0.116302125,-0.1457546,-0.61508393,-0.13775739,-0.033740103,-0.29851872,-0.0599001,-0.041464686,-0.44729918,-0.091719225,-0.043169618,-0.5596303,-0.12128538,-0.04714042,-0.6599608,-0.1398102,0.016976893,-0.27879333,-0.06762294,0.028593957,-0.40793067,-0.11630995,0.031940043,-0.5102588,-0.15678269,0.035335004,-0.60405535,-0.1815173,0.0635466,-0.22487754,-0.07641871,0.054903686,-0.2553743,-0.13300188,0.04040104,-0.1977396,-0.14962418,0.036214173,-0.14286119,-0.15510197
-0.05662304,-0.017362475,-0.044021614,-0.0815267,-0.11435306,-0.06384952,-0.038759887,-0.1922375,-0.075854614,0.014502108,-0.24434108,-0.09172756,-0.09400177,-0.27986813,-0.05608012,-0.11999625,-0.41957584,-0.08999774,-0.13325879,-0.5250392,-0.1178224,-0.14509907,-0.6135004,-0.13961302,-0.036198974,-0.29886794,-0.06054772,-0.04444152,-0.44626534,-0.091999516,-0.04394138,-0.55797505,-0.12144282,-0.045386374,-0.65746963,-0.14026405,0.015859127,-0.2805419,-0.068324916,0.025313973,-0.41073236,-0.11679534,0.02946347,-0.5136063,-0.15710205,0.035096765,-0.60614157,-0.18244714,0.064155996,-0.22943139,-0.07713503,0.053159893,-0.25407267,-0.13455848,0.03818804,-0.19422024,-0.15230301,0.03542322,-0.13868785,-0.15891947
-0.055351704,-0.017288089,-0.04869327,-0.08042085,-0.111249626,-0.07155679,-0.03785336,-0.19058836,-0.085725315,0.015772343,-0.24461877,-0.103335954,-0.0940662,-0.27839613,-0.061770886,-0.12001616,-0.41899204,-0.09826953,-0.13307422,-0.52587444,-0.12814648,-0.14557803,-0.6155104,-0.15107565,-0.036420047,-0.29694122,-0.06464585,-0.04422605,-0.4436207,-0.09793569,-0.043945193,-0.5557002,-0.12840514,-0.046297908,-0.6556506,-0.147781,0.015880823,-0.27822185,-0.07106739,0.025625348,-0.40820053,-0.12113403,0.030884385,-0.51131344,-0.16140804,0.036910772,-0.604741,-0.18642,0.06446713,-0.22661299,-0.078883074,0.0547989,-0.2548474,-0.137507,0.04041338,-0.19587094,-0.15460111,0.03753996,-0.1401298,-0.16034827
-0.056570023,-0.022973776,-0.05243227,-0.07642105,-0.12045103,-0.07561301,-0.029286265,-0.19538593,-0.0895604,0.024926782,-0.24891233,-0.10678267,-0.08982268,-0.28276813,-0.06240262,-0.116107345,-0.42183077,-0.1016065,-0.13104364,-0.528878,-0.13454817,-0.14407054,-0.61989164,-0.15940996,-0.031633914,-0.3002001,-0.064871825,-0.040486634,-0.44721863,-0.09816617,-0.04195273,-0.56160706,-0.12976508,-0.045546353,-0.6638077,-0.1504328,0.020039856,-0.28146416,-0.07204071,0.028240383,-0.40998685,-0.1233746,0.032524347,-0.5124577,-0.16618869,0.037302494,-0.60792077,-0.19304842,0.06692064,-0.2299006,-0.08116307,0.056782365,-0.2573884,-0.1423087,0.04224652,-0.19750345,-0.16149713,0.038453937,-0.14206588,-0.16864046
-0.054038584,-0.021428883,-0.041841324,-0.078439355,-0.119475186,-0.059541743,-0.033794582,-0.19834167,-0.07009792,0.020667195,-0.24818838,-0.08431027,-0.08994439,-0.28564608,-0.051678352,-0.11762291,-0.42513043,-0.0839458,-0.13167343,-0.53117365,-0.111381,-0.1458219,-0.6200408,-0.1330855,-0.03309405,-0.30301738,-0.05741718,-0.039947033,-0.45108086,-0.08711141,-0.042103887,-0.56520057,-0.116880864,-0.047024965,-0.6659372,-0.13631502,0.017733812,-0.28210813,-0.06638895,0.027931213,-0.41217852,-0.11340825,0.03104788,-0.51536655,-0.15422054,0.0350821,-0.60885894,-0.17983519,0.064628065,-0.2269702,-0.076269425,0.054206014,-0.26127803,-0.13283466,0.03970194,-0.20793742,-0.15032515,0.0361287,-0.1563732,-0.15664326
-0.056773186,-0.02378738,-0.049035925,-0.07990995,-0.117869854,-0.07232598,-0.037599564,-0.18950444,-0.08741379,0.013015151,-0.24145943,-0.10609044,-0.09092453,-0.2878042,-0.05937936,-0.11710277,-0.42612243,-0.097520396,-0.13115883,-0.53244424,-0.1298606,-0.14377296,-0.62199366,-0.15452285,-0.032163203,-0.30441457,-0.063054584,-0.039640665,-0.44868922,-0.09559621,-0.039506316,-0.56006634,-0.12671387,-0.041879952,-0.6591573,-0.14729579,0.020553708,-0.28398848,-0.07100828,0.029473662,-0.40907624,-0.11962853,0.033762753,-0.51205456,-0.16030256,0.039134502,-0.60665977,-0.18672362,0.06796181,-0.23124433,-0.08087279,0.05530399,-0.25668138,-0.14005488,0.037087917,-0.19812453,-0.1583584,0.030427635,-0.14440131,-0.1653957
-0.058228076,-0.025084496,-0.053560957,-0.07852277,-0.11986345,-0.07968275,-0.033015966,-0.19285804,-0.09735562,0.021062374,-0.24575794,-0.11870564,-0.09111774,-0.28829545,-0.06183017,-0.116458654,-0.42626357,-0.10198281,-0.13078955,-0.53344375,-0.13648035,-0.14298138,-0.62330776,-0.16265318,-0.032393456,-0.30509752,-0.06411897,-0.04084748,-0.45003736,-0.097324364,-0.040983498,-0.56440055,-0.1299712,-0.043635905,-0.66457725,-0.15206923,0.020504951,-0.28452605,-0.071303956,0.028284788,-0.4101996,-0.120559186,0.03203374,-0.5136777,-0.1631085,0.037329137,-0.6078748,-0.19121209,0.06749904,-0.23305106,-0.08089002,0.05451393,-0.25569052,-0.14236832,0.036438942,-0.198111,-0.16351943,0.030295968,-0.14614046,-0.17254205
-0.056616426,-0.023029804,-0.053501382,-0.07910916,-0.11715007,-0.07912747,-0.032889307,-0.19068033,-0.09530129,0.020659566,-0.24435043,-0.114753015,-0.090290576,-0.2883625,-0.06689605,-0.11640975,-0.4276089,-0.10715139,-0.13115028,-0.5335816,-0.1403703,-0.14409876,-0.62285626,-0.16558684,-0.030759394,-0.3041237,-0.06876276,-0.038975537,-0.4510404,-0.10470273,-0.03943038,-0.5616166,-0.13700582,-0.041936398,-0.65969026,-0.15803628,0.022195399,-0.2824505,-0.07497503,0.030101001,-0.40852708,-0.12661697,0.032852054,-0.5100812,-0.1674735,0.037279844,-0.60361177,-0.19322872,0.06890023,-0.2285198,-0.08322801,0.05452639,-0.25757927,-0.14364757,0.034950316,-0.20103544,-0.16176867,0.027682066,-0.14777297,-0.16835506
-0.05537325,-0.021202385,-0.05405874,-0.07759169,-0.11568695,-0.08018772,-0.03095454,-0.19085288,-0.09707032,0.025655508,-0.24292767,-0.11726903,-0.088511914,-0.28195417,-0.0661046,-0.11531907,-0.42095494,-0.10594682,-0.13030341,-0.52726954,-0.1388708,-0.14365327,-0.6179521,-0.1637555,-0.031472504,-0.2982396,-0.06798895,-0.03932357,-0.4458306,-0.10310978,-0.040459394,-0.55869126,-0.13523506,-0.043965638,-0.6592421,-0.15593842,0.019748807,-0.27874726,-0.07423099,0.029024959,-0.40755177,-0.12629068,0.032895863,-0.5104908,-0.1684358,0.03751278,-0.6047792,-0.194796,0.06550038,-0.22778535,-0.08247814,0.05630535,-0.25258666,-0.14384109,0.042118073,-0.19181329,-0.16261256,0.039228797,-0.13572502,-0.16938306
-0.056772888,-0.025202334,-0.05263747,-0.07797325,-0.12160689,-0.07609837,-0.029081285,-0.19415867,-0.09039992,0.02713412,-0.24410379,-0.10798987,-0.089340866,-0.28548646,-0.061442416,-0.11570227,-0.4243696,-0.09916441,-0.12992525,-0.529957,-0.13057676,-0.14195478,-0.61915624,-0.1545741,-0.031081498,-0.30136144,-0.06412801,-0.0394997,-0.4509583,-0.09645738,-0.03984654,-0.56463325,-0.12785976,-0.041111767,-0.6665522,-0.14847805,0.020436466,-0.28147084,-0.07158158,0.029019475,-0.41131237,-0.12244497,0.03253138,-0.51389176,-0.165978,0.03769195,-0.6090344,-0.19364333,0.06781483,-0.22918731,-0.081001595,0.056663692,-0.25556344,-0.14239624,0.04076487,-0.19454348,-0.16252445,0.03626418,-0.13846368,-0.1705272
-0.056337863,-0.025564075,-0.050117046,-0.077430695,-0.120352805,-0.073306166,-0.030424178,-0.19039828,-0.087918095,0.023459971,-0.23988032,-0.10613819,-0.08863196,-0.28584915,-0.060814217,-0.11384773,-0.42402202,-0.098755695,-0.12814632,-0.5291641,-0.13069887,-0.14093432,-0.6189695,-0.15533446,-0.030619383,-0.30204815,-0.06472983,-0.038215995,-0.4484883,-0.09875421,-0.03840977,-0.5603979,-0.13088642,-0.040619016,-0.6611293,-0.15188058,0.020774126,-0.28208655,-0.07295817,0.029540956,-0.40816507,-0.12440199,0.032948434,-0.5108734,-0.16723862,0.037133336,-0.6067277,-0.19439448,0.067221284,-0.22987217,-0.08289689,0.054002166,-0.25388384,-0.14385293,0.037195325,-0.1934861,-0.16298583,0.031758964,-0.13881409,-0.17038143
-0.056337863,-0.025564075,-0.050117046,-0.077430695,-0.120352805,-0.073306166,-0.030424178,-0.19039828,-0.087918095,0.023459971,-0.23988032,-0.10613819,-0.08863196,-0.28584915,-0.060814217,-0.11384773,-0.42402202,-0.098755695,-0.12814632,-0.5291641,-0.13069887,-0.14093432,-0.6189695,-0.15533446,-0.030619383,-0.30204815,-0.06472983,-0.038215995,-0.4484883,-0.09875421,-0.03840977,-0.5603979,-0.13088642,-0.040619016,-0.6611293,-0.15188058,0.020774126,-0.28208655,-0.07295817,0.029540956,-0.40816507,-0.12440199,0.032948434,-0.5108734,-0.16723862,0.037133336,-0.6067277,-0.19439448,0.067221284,-0.22987217,-0.08289689,0.054002166,-0.25388384,-0.14385293,0.037195325,-0.1934861,-0.16298583,0.031758964,-0.13881409,-0.17038143
-0.055177927,-0.020344734,-0.051162157,-0.07853937,-0.11440402,-0.076506175,-0.03220749,-0.18741304,-0.093010195,0.023534238,-0.23690116,-0.11336895,-0.08849949,-0.28059143,-0.066050395,-0.11340332,-0.41876692,-0.10463458,-0.12699664,-0.5248128,-0.13683282,-0.13959664,-0.61502177,-0.1615947,-0.030916631,-0.29790008,-0.06847938,-0.039054632,-0.44389048,-0.103187405,-0.039296508,-0.5552844,-0.13537961,-0.041623235,-0.6551372,-0.15633611,0.02107346,-0.2789302,-0.07453807,0.030007064,-0.4064857,-0.12582223,0.033678174,-0.5086474,-0.16776326,0.038205802,-0.60198224,-0.19433148,0.06858671,-0.22827536,-0.08215223,0.05792439,-0.250544,-0.14250414,0.041569173,-0.19035679,-0.16117865,0.03701043,-0.13525319,-0.16821587
-0.057073474,-0.01707691,-0.04874099,-0.08464503,-0.099665284,-0.07482011,-0.048141718,-0.16646808,-0.09247583,-0.001347363,-0.21578354,-0.11348008,-0.08966872,-0.2785321,-0.06869972,-0.11706954,-0.4200111,-0.10854727,-0.13252929,-0.52734935,-0.14004263,-0.14751732,-0.617906,-0.16354789,-0.030411959,-0.29621428,-0.07168754,-0.038333416,-0.44740987,-0.10809766,-0.0400666,-0.55933475,-0.13882394,-0.04489091,-0.65793544,-0.1578434,0.022616148,-0.27564257,-0.07765482,0.033162594,-0.40057534,-0.12706175,0.035165787,-0.5020499,-0.16436312,0.037531734,-0.5911463,-0.1873516,0.06959224,-0.2226575,-0.085201934,0.057860255,-0.24523038,-0.14055969,0.03864813,-0.18979728,-0.15487511,0.032135546,-0.13549,-0.15882018
-0.058113933,-0.015987277,-0.05746227,-0.082383156,-0.10215765,-0.08702018,-0.04129803,-0.17222351,-0.10643239,0.008932948,-0.22402316,-0.12891057,-0.091834515,-0.2768975,-0.073796496,-0.1186454,-0.4166764,-0.11562229,-0.13574323,-0.52357435,-0.14903523,-0.15141794,-0.61278415,-0.17371339,-0.032333493,-0.29519302,-0.072183624,-0.04136032,-0.44628757,-0.10975401,-0.041717947,-0.5559997,-0.14124505,-0.04477471,-0.65041304,-0.16057469,0.021346211,-0.2752521,-0.07434885,0.028605938,-0.40056354,-0.1246277,0.030343711,-0.5015983,-0.16243331,0.034114122,-0.59176147,-0.18575962,0.06715149,-0.22459376,-0.078846335,0.05412078,-0.24347621,-0.13563746,0.036385,-0.18543005,-0.15088321,0.033565283,-0.13080263,-0.15530752
-0.056661785,-0.014846206,-0.06236102,-0.08140108,-0.09968549,-0.09581603,-0.04384768,-0.17014438,-0.11861743,0.0054291487,-0.22435647,-0.14439842,-0.08992314,-0.28057098,-0.07865205,-0.1161297,-0.41922605,-0.122627586,-0.13257557,-0.5261388,-0.15853164,-0.14709476,-0.6160114,-0.18523344,-0.030666292,-0.2979489,-0.07623604,-0.03927064,-0.44393137,-0.11515798,-0.039467394,-0.5526477,-0.14866202,-0.041974336,-0.6461865,-0.17003423,0.023596585,-0.27712637,-0.07802933,0.030106485,-0.40144867,-0.12962228,0.031751037,-0.5024598,-0.16862832,0.0368855,-0.5936748,-0.1936065,0.070334494,-0.22645807,-0.08269389,0.053544044,-0.2444756,-0.14276692,0.03278494,-0.18588269,-0.15998717,0.027918875,-0.13192046,-0.16590755
-0.05853194,-0.015688956,-0.063617095,-0.08239621,-0.09944224,-0.09850419,-0.04676962,-0.16653919,-0.122751184,-0.0027962923,-0.22341788,-0.15056868,-0.090040386,-0.28064054,-0.07992208,-0.11407894,-0.4169823,-0.1262418,-0.12966967,-0.52239615,-0.16566297,-0.14188603,-0.611907,-0.19510345,-0.029776871,-0.29730207,-0.07837083,-0.0371781,-0.44141436,-0.11814059,-0.03814888,-0.55170953,-0.15469442,-0.041487366,-0.6482198,-0.17918915,0.02505833,-0.2772404,-0.08145571,0.030950487,-0.4031785,-0.13537444,0.032780945,-0.5050112,-0.17802432,0.037490904,-0.59828204,-0.20624581,0.071181715,-0.22903019,-0.087459005,0.051711738,-0.24478662,-0.1526341,0.029280007,-0.18355072,-0.1736081,0.022639275,-0.12932092,-0.18224348
-0.0579769,-0.01125598,-0.066396706,-0.083440006,-0.09256661,-0.103139006,-0.05001557,-0.16345847,-0.12847011,-0.0052886605,-0.2240122,-0.15696985,-0.092648566,-0.2751791,-0.08293282,-0.116524816,-0.4100632,-0.12809247,-0.13146245,-0.51324415,-0.16618992,-0.14384484,-0.6012564,-0.1947339,-0.033041418,-0.2935316,-0.079719044,-0.04022968,-0.43748695,-0.11900425,-0.04119283,-0.54632086,-0.15476416,-0.045731902,-0.6418327,-0.17862746,0.021036267,-0.27419436,-0.0810441,0.028674185,-0.4011244,-0.13448992,0.030873835,-0.50254965,-0.17695981,0.034522474,-0.59413755,-0.2050597,0.06667584,-0.2265855,-0.08532389,0.05275148,-0.24206859,-0.1494854,0.034561217,-0.18058789,-0.17022225,0.030687988,-0.1250633,-0.17878783
-0.056740105,-0.02016592,-0.054781117,-0.079193056,-0.107254505,-0.08378018,-0.0409849,-0.17581326,-0.103273034,0.0020614862,-0.231031,-0.12585036,-0.08743513,-0.2833464,-0.07278084,-0.11277619,-0.42212188,-0.114914075,-0.12764734,-0.52823937,-0.14895704,-0.14113271,-0.61724985,-0.17419614,-0.027802408,-0.29886645,-0.07397809,-0.03662908,-0.4492485,-0.112886816,-0.03837484,-0.5615486,-0.14609423,-0.042583734,-0.6599057,-0.16708446,0.025640786,-0.27719718,-0.07881768,0.03419739,-0.4037938,-0.13068673,0.035431087,-0.50563896,-0.16948505,0.038577497,-0.5969248,-0.19358443,0.07112038,-0.22447729,-0.085735194,0.05668372,-0.24983585,-0.1442926,0.034070313,-0.19603896,-0.16023727,0.02522397,-0.14412355,-0.16521549
-0.057744265,-0.019796431,-0.05290828,-0.079651445,-0.10806471,-0.08086763,-0.043415874,-0.17647898,-0.09989261,-0.00170362,-0.23244315,-0.12216111,-0.0878804,-0.2836094,-0.06866145,-0.11306211,-0.4204607,-0.10980143,-0.12755132,-0.52588916,-0.14424045,-0.14001909,-0.6149394,-0.17024206,-0.028253257,-0.29987252,-0.070953235,-0.03529495,-0.44552064,-0.10652996,-0.036010683,-0.55649525,-0.1387188,-0.039703906,-0.65438616,-0.16008583,0.025244713,-0.27866882,-0.07732931,0.033659935,-0.40383685,-0.12747271,0.036993325,-0.50642586,-0.16750994,0.041448414,-0.5987239,-0.19365522,0.07139379,-0.22661418,-0.08582047,0.05677545,-0.2502486,-0.14620884,0.033871233,-0.19466585,-0.16495477,0.023798704,-0.14284849,-0.17231232
-0.055048108,-0.014763713,-0.055854198,-0.08025479,-0.10207349,-0.08639486,-0.042277396,-0.17632902,-0.10717059,0.0053590536,-0.23357189,-0.13097504,-0.08892521,-0.28203857,-0.07693372,-0.11516479,-0.42175737,-0.12056438,-0.13067964,-0.5292996,-0.15580474,-0.14476067,-0.6197672,-0.18186502,-0.030120313,-0.2975043,-0.07723086,-0.038385034,-0.44535077,-0.11765591,-0.04134339,-0.55532646,-0.15085429,-0.04651478,-0.65227973,-0.1715637,0.023264885,-0.27502692,-0.08080854,0.030950427,-0.4036126,-0.13279307,0.03137052,-0.5048712,-0.16953267,0.034682453,-0.5953455,-0.19197503,0.068580866,-0.2210043,-0.08657733,0.0545128,-0.24948072,-0.14385334,0.0330714,-0.19789273,-0.15811692,0.02663678,-0.14722723,-0.1617774
-0.055048108,-0.014763713,-0.055854198,-0.08025479,-0.10207349,-0.08639486,-0.042277396,-0.17632902,-0.10717059,0.0053590536,-0.23357189,-0.13097504,-0.08892521,-0.28203857,-0.07693372,-0.11516479,-0.42175737,-0.12056438,-0.13067964,-0.5292996,-0.15580474,-0.14476067,-0.6197672,-0.18186502,-0.030120313,-0.2975043,-0.07723086,-0.038385034,-0.44535077,-0.11765591,-0.04134339,-0.55532646,-0.15085429,-0.04651478,-0.65227973,-0.1715637,0.023264885,-0.27502692,-0.08080854,0.030950427,-0.4036126,-0.13279307,0.03137052,-0.5048712,-0.16953267,0.034682453,-0.5953455,-0.19197503,0.068580866,-0.2210043,-0.08657733,0.0545128,-0.24948072,-0.14385334,0.0330714,-0.19789273,-0.15811692,0.02663678,-0.14722723,-0.1617774
-0.05986014,-0.01860547,-0.07537554,-0.07955468,-0.10405189,-0.11585162,-0.03759879,-0.17129505,-0.14413358,0.0108347535,-0.23080051,-0.17556104,-0.08958113,-0.2815416,-0.08713069,-0.11561754,-0.4181278,-0.13651393,-0.13174596,-0.5255551,-0.17821331,-0.14287227,-0.6147284,-0.20888676,-0.029583573,-0.29612726,-0.082090124,-0.037935317,-0.4423336,-0.12190285,-0.03917873,-0.55369496,-0.15788662,-0.042669743,-0.6498524,-0.18200916,0.025084913,-0.27608174,-0.08360921,0.0296489,-0.4002811,-0.13815829,0.03182012,-0.5021517,-0.18201196,0.036848247,-0.59599626,-0.21161999,0.07019746,-0.23008198,-0.08954738,0.053886235,-0.23984402,-0.1569905,0.034633517,-0.17554837,-0.18006568,0.030820608,-0.119576216,-0.19035594
-0.05880013,-0.016698599,-0.049250722,-0.08711785,-0.09969497,-0.07485905,-0.053753197,-0.16861647,-0.092054516,-0.0110631585,-0.22048432,-0.112162106,-0.09240776,-0.27805185,-0.062204916,-0.11795211,-0.4097365,-0.098674774,-0.1339773,-0.5112164,-0.1287295,-0.1488691,-0.59486914,-0.15170892,-0.03354466,-0.29678833,-0.06393291,-0.04009825,-0.44088686,-0.096904665,-0.040495157,-0.54685485,-0.1265858,-0.043789536,-0.63821256,-0.14570327,0.01976037,-0.27675068,-0.069152035,0.02776128,-0.3997364,-0.11513079,0.028019428,-0.4987626,-0.15230542,0.031004906,-0.58577514,-0.17630261,0.06702858,-0.22598732,-0.0761625,0.04782486,-0.24641263,-0.13022003,0.025949836,-0.19502896,-0.1466695,0.019385397,-0.14549357,-0.15282686
-0.054129243,-0.013519049,-0.048040487,-0.08255318,-0.10117328,-0.07309991,-0.043895066,-0.17669636,-0.089756586,0.006114602,-0.23186326,-0.109737866,-0.090958506,-0.27606434,-0.06325747,-0.11742473,-0.40969822,-0.09895078,-0.13230959,-0.5108512,-0.12819535,-0.14629143,-0.597031,-0.15112613,-0.03367448,-0.2943151,-0.06596586,-0.042564094,-0.43966967,-0.100240566,-0.043908417,-0.5462087,-0.1307728,-0.046814382,-0.6415746,-0.15035103,0.018506348,-0.27406663,-0.07165196,0.026322067,-0.40326947,-0.12079669,0.027604401,-0.5041336,-0.15933365,0.031265914,-0.59516346,-0.18354361,0.06567353,-0.22178805,-0.07854228,0.049925745,-0.24976063,-0.13519661,0.03178531,-0.19587111,-0.1515792,0.027381182,-0.14463592,-0.1572854
-0.05298695,-0.017881572,-0.04467448,-0.07860714,-0.10609931,-0.06859642,-0.04077801,-0.17898244,-0.08506234,0.008235753,-0.23141092,-0.1049264,-0.08624819,-0.27934712,-0.062485684,-0.1134609,-0.41727614,-0.100126885,-0.12841189,-0.52265406,-0.13114144,-0.14216015,-0.61129403,-0.15490574,-0.028431296,-0.29638708,-0.06657973,-0.03551197,-0.44202837,-0.10071527,-0.037269473,-0.5518648,-0.13092472,-0.04161048,-0.64717364,-0.15053673,0.024136662,-0.27457726,-0.07342406,0.03224528,-0.40348148,-0.12026223,0.032966435,-0.50387204,-0.1565142,0.036077082,-0.5915991,-0.17948622,0.07055777,-0.22039825,-0.0815692,0.05273187,-0.25003344,-0.13584106,0.031117737,-0.201541,-0.15090643,0.023947895,-0.15314108,-0.15584727
-0.05485016,-0.0153695345,-0.05061232,-0.07983118,-0.10250378,-0.07725227,-0.04124224,-0.17619741,-0.095249824,0.009716511,-0.22860485,-0.11646625,-0.09007776,-0.27719247,-0.06670904,-0.11614281,-0.4146096,-0.10587839,-0.13159198,-0.52054906,-0.13790576,-0.14541608,-0.60967815,-0.16210508,-0.03196442,-0.29437834,-0.06796636,-0.039728105,-0.4393053,-0.10362175,-0.0404045,-0.5478171,-0.13439173,-0.043034613,-0.6418482,-0.15387718,0.021447897,-0.2731992,-0.07244878,0.027956188,-0.40024334,-0.1216172,0.028286994,-0.50114685,-0.15897629,0.03189993,-0.59066916,-0.18221845,0.068184376,-0.22029853,-0.07859774,0.05123484,-0.24506313,-0.13489644,0.03142619,-0.19148624,-0.15041612,0.027067482,-0.13974202,-0.15524414
-0.054846168,-0.016775787,-0.052838463,-0.07952395,-0.10389757,-0.08028571,-0.038357496,-0.17913747,-0.098897986,0.0149335265,-0.23238283,-0.120942295,-0.08949667,-0.27654964,-0.06743617,-0.11488524,-0.41393924,-0.10712882,-0.12962574,-0.5195848,-0.14011711,-0.1423096,-0.60863554,-0.1651378,-0.031979978,-0.29390484,-0.0680945,-0.039337873,-0.43859532,-0.1041702,-0.039390266,-0.5476499,-0.13623486,-0.04143673,-0.6422719,-0.15675944,0.020757675,-0.273593,-0.072248444,0.029159486,-0.40123212,-0.122074656,0.031026125,-0.50204945,-0.16111715,0.034820437,-0.59097385,-0.18581307,0.06685203,-0.22181153,-0.07833395,0.054234684,-0.24444842,-0.13655066,0.03674352,-0.187814,-0.1538694,0.03297174,-0.13385087,-0.15988591
-0.05589828,-0.019068182,-0.054913227,-0.0756993,-0.10907686,-0.08236539,-0.031615615,-0.18152851,-0.10071095,0.021229506,-0.23320085,-0.1220417,-0.088464975,-0.27862638,-0.06329064,-0.113539964,-0.4146237,-0.10031466,-0.12751052,-0.5185963,-0.13197209,-0.13991198,-0.606179,-0.15635101,-0.030962646,-0.2954023,-0.06293697,-0.038086295,-0.4392317,-0.09632174,-0.037658513,-0.5464941,-0.12716602,-0.040112972,-0.64127505,-0.1471485,0.021122396,-0.27555317,-0.06682235,0.029812992,-0.40410262,-0.11494834,0.033628464,-0.5042998,-0.15379317,0.038951814,-0.59508896,-0.17877674,0.066519976,-0.2256751,-0.07299842,0.056083083,-0.25056332,-0.12994576,0.040288866,-0.19259524,-0.14684759,0.038387418,-0.13874638,-0.1530796
-0.055668324,-0.015707612,-0.05556656,-0.07924935,-0.10336006,-0.08504486,-0.037939847,-0.17666078,-0.105099455,0.014056027,-0.23139852,-0.12830019,-0.09044063,-0.2785595,-0.07054267,-0.11552468,-0.4163795,-0.11156231,-0.1301685,-0.52352095,-0.14594121,-0.14290178,-0.61417985,-0.17213112,-0.03221172,-0.29544163,-0.0705995,-0.04077494,-0.43890184,-0.10733183,-0.041265786,-0.5473851,-0.14040335,-0.04321146,-0.64374256,-0.16208865,0.021351874,-0.2747354,-0.07438212,0.027553797,-0.40230483,-0.12521154,0.02922976,-0.50323,-0.16440006,0.03443557,-0.59499735,-0.18938506,0.06816095,-0.22334039,-0.08028847,0.05016303,-0.24938542,-0.13959065,0.029183805,-0.19454199,-0.15686034,0.023966014,-0.14355576,-0.16295096
-0.05299586,-0.009288669,-0.046899255,-0.08247715,-0.09848642,-0.07097657,-0.05005592,-0.17658615,-0.086569384,-0.00016391277,-0.2303341,-0.105187185,-0.089319736,-0.27812046,-0.06479109,-0.117726,-0.41527778,-0.101094134,-0.13349354,-0.51958895,-0.1298463,-0.14854771,-0.6074796,-0.15157673,-0.032769144,-0.29353237,-0.06731827,-0.040876865,-0.44297653,-0.10396193,-0.04132247,-0.55105567,-0.13312529,-0.04417202,-0.6445428,-0.1499336,0.019170046,-0.2719599,-0.07234622,0.02805698,-0.40634435,-0.12321987,0.030423343,-0.50558424,-0.15835266,0.03431195,-0.592362,-0.17823483,0.065226614,-0.21716058,-0.07840982,0.057106555,-0.25416595,-0.13355112,0.042743623,-0.19730294,-0.14500919,0.041893482,-0.1388995,-0.14602295
-0.05522719,-0.00877136,-0.06736095,-0.076167226,-0.097040534,-0.102320045,-0.03497553,-0.17230809,-0.1252197,0.021120906,-0.22916418,-0.15122439,-0.0880864,-0.27338988,-0.08361506,-0.11385703,-0.4106445,-0.12817802,-0.13018316,-0.5151941,-0.16473183,-0.14347759,-0.604386,-0.19177885,-0.030401409,-0.28899664,-0.079117365,-0.03966096,-0.4360202,-0.118453026,-0.039343238,-0.54413086,-0.15197398,-0.04096201,-0.63680243,-0.1730711,0.022794604,-0.2697091,-0.07934318,0.030084789,-0.398899,-0.13468073,0.03374076,-0.5002011,-0.17686458,0.03903061,-0.59158266,-0.20333117,0.06793016,-0.22094393,-0.082411565,0.060756385,-0.23846608,-0.14631213,0.04901731,-0.17212349,-0.16504459,0.050926745,-0.11098403,-0.17158355
-0.053358585,-0.009690821,-0.055948954,-0.07830456,-0.10044783,-0.08433279,-0.038653493,-0.18106997,-0.10273294,0.014455974,-0.23743469,-0.1241616,-0.089107364,-0.27545452,-0.07044646,-0.11525011,-0.4114724,-0.10910659,-0.130988,-0.5158484,-0.14069027,-0.14546475,-0.6028488,-0.16461487,-0.032229125,-0.29266793,-0.06951483,-0.03963399,-0.43945062,-0.105792746,-0.038868606,-0.54636705,-0.1366323,-0.040921092,-0.6385176,-0.15565877,0.019645333,-0.27304214,-0.07219694,0.028787374,-0.4015891,-0.12311865,0.03140658,-0.5012847,-0.16136101,0.035819054,-0.58926964,-0.18495753,0.064739764,-0.22206956,-0.07687715,0.05622381,-0.24578458,-0.13555788,0.041612327,-0.18569386,-0.15171127,0.04120195,-0.12814516,-0.15658222
-0.056615233,-0.011101246,-0.052806806,-0.085130036,-0.09684962,-0.082183406,-0.050431132,-0.16758484,-0.10192373,-0.0031315088,-0.21921623,-0.12511007,-0.090348125,-0.27651304,-0.074148804,-0.116070956,-0.4136498,-0.11545116,-0.13191742,-0.51825905,-0.14900489,-0.14718747,-0.6060761,-0.17412141,-0.029975295,-0.2931021,-0.074172474,-0.037671328,-0.4392938,-0.11297221,-0.038155437,-0.545015,-0.14535308,-0.041690946,-0.6369848,-0.16557144,0.024409354,-0.27223504,-0.076930285,0.030179441,-0.40065268,-0.12788543,0.031182766,-0.501415,-0.16470918,0.035684645,-0.59042764,-0.18734594,0.07069069,-0.2209261,-0.0812274,0.05257857,-0.24709243,-0.13732845,0.03436333,-0.19411898,-0.15109654,0.033598125,-0.14175522,-0.15457352
-0.0597409,-0.011345506,-0.052884515,-0.08556935,-0.100305855,-0.0791385,-0.04972765,-0.174959,-0.09570186,-0.0054977536,-0.23125005,-0.11484896,-0.09349179,-0.27925473,-0.06580675,-0.11806309,-0.41924357,-0.10114692,-0.13105762,-0.52177745,-0.12986347,-0.1448783,-0.60635895,-0.1514129,-0.033331215,-0.29519784,-0.06414157,-0.039330244,-0.44590694,-0.09611831,-0.041000128,-0.54964817,-0.123762414,-0.046081036,-0.63932925,-0.14088897,0.020462394,-0.2737695,-0.065945014,0.026090324,-0.40431577,-0.110636495,0.024682462,-0.50391614,-0.14503305,0.028075635,-0.59157735,-0.16659278,0.065938175,-0.22210991,-0.06972561,0.0533911,-0.25636613,-0.12102033,0.03798783,-0.21021861,-0.13402416,0.039102018,-0.16295278,-0.13740577
-0.069410354,-0.043545842,-0.04085212,-0.08966422,-0.15769601,-0.049208842,-0.046689034,-0.25049287,-0.05127923,0.0030021667,-0.3054192,-0.054827426,-0.08167431,-0.25385904,-0.015169178,-0.1080479,-0.37495053,-0.024736362,-0.12152955,-0.45824438,-0.035304002,-0.12866923,-0.52528536,-0.04589794,-0.029412866,-0.26355165,-0.013805059,-0.032048732,-0.39921108,-0.025041774,-0.036839157,-0.48346984,-0.04462824,-0.035708606,-0.55517244,-0.05799546,0.01445061,-0.24796814,-0.017861405,0.022177517,-0.39145905,-0.05198227,0.007938743,-0.47595417,-0.08897954,0.004339874,-0.54623735,-0.11266731,0.052290976,-0.21451145,-0.023165576,0.030586362,-0.2837715,-0.07072133,0.0057356954,-0.24146467,-0.089927845,-0.0004530549,-0.19145232,-0.09887408
-0.06709427,-0.054065645,-0.025555968,-0.08806509,-0.17505348,-0.024986297,-0.048321098,-0.27172893,-0.0221474,0.0050768256,-0.3190167,-0.020920224,-0.07770854,-0.24801004,0.011075109,-0.10537377,-0.36210382,0.010856138,-0.12101117,-0.43882856,0.0068634097,-0.12890363,-0.5029455,0.00025272128,-0.030365497,-0.25795972,0.007232388,-0.033286512,-0.3857273,0.0068042045,-0.037559867,-0.46455705,-0.0032827547,-0.034759372,-0.53255224,-0.010614883,0.011556566,-0.24478239,-0.0026287064,0.01858306,-0.38359672,-0.027321381,0.0062256455,-0.466175,-0.057573155,0.004242122,-0.53543997,-0.077209406,0.05148238,-0.214903,-0.013409057,0.029916346,-0.29499865,-0.052754518,0.005823195,-0.25186348,-0.067615524,-0.0003477335,-0.19678932,-0.07450087
-0.07429081,-0.063280165,-0.01702803,-0.097240806,-0.18852842,-0.005457397,-0.058552295,-0.2839995,0.0044417665,-0.011143029,-0.32699972,0.0136658745,-0.08236936,-0.24382734,0.046379603,-0.10830414,-0.3436036,0.06288068,-0.12742352,-0.41341197,0.069607876,-0.13684872,-0.4674775,0.06961705,-0.035752237,-0.25493068,0.04066982,-0.042174727,-0.37575105,0.062318355,-0.05167803,-0.44468358,0.06425688,-0.05239719,-0.50286895,0.062422775,0.0056556463,-0.2449823,0.026084282,0.008972526,-0.385685,0.018301036,-0.0077466965,-0.45922655,-0.009227196,-0.0140349865,-0.51427555,-0.029903518,0.04285121,-0.22331804,0.009699402,0.019442976,-0.31567323,-0.018166186,-0.0054537654,-0.28900117,-0.03623606,-0.014425218,-0.2386226,-0.048490576
-0.0796746,-0.07637596,-0.022595044,-0.1021893,-0.19517517,-0.009295676,-0.06062165,-0.28823167,0.0024063757,-0.016442835,-0.33324355,0.014380851,-0.09364158,-0.2371496,0.06841858,-0.11919209,-0.3305254,0.09779826,-0.13402799,-0.39880586,0.111834176,-0.14136922,-0.44783366,0.115894996,-0.044243157,-0.24618149,0.06605892,-0.05188936,-0.36308992,0.10285929,-0.05684045,-0.42557847,0.108502686,-0.055027366,-0.47989383,0.106649525,-0.00056004524,-0.23963577,0.051933914,0.0016743541,-0.37594044,0.052332677,-0.010873139,-0.45114192,0.017576376,-0.016021132,-0.5054677,-0.01055613,0.039973676,-0.22897518,0.035064507,0.013682604,-0.3201465,0.011319351,-0.00816685,-0.29803526,-0.013815453,-0.018241107,-0.25017923,-0.03376047
-0.07855767,-0.07860553,-0.017995253,-0.09995952,-0.19473332,-0.0021987592,-0.0577403,-0.28422135,0.011737476,-0.014512956,-0.32717723,0.026327228,-0.090056986,-0.23447388,0.066999525,-0.11630982,-0.32600784,0.09352636,-0.13343298,-0.39227927,0.1070129,-0.14180338,-0.44086576,0.11154211,-0.04139766,-0.2435025,0.061799146,-0.049022615,-0.35929477,0.09689823,-0.055675656,-0.42244238,0.1043028,-0.055449307,-0.4752158,0.1044094,0.00083619356,-0.2371527,0.044996925,0.003689289,-0.37026253,0.0438436,-0.010047793,-0.44390845,0.01181096,-0.017818749,-0.4964821,-0.013321784,0.041399956,-0.22554833,0.025703505,0.017228901,-0.31447512,0.0011647268,-0.0051086545,-0.29334754,-0.02244192,-0.017929077,-0.24421209,-0.04036774
-0.07567626,-0.05873096,-0.0183441,-0.09688157,-0.18685961,-0.006321503,-0.052899122,-0.28256184,0.00482853,-0.006729841,-0.3188643,0.015350864,-0.08523935,-0.23333889,0.0393429,-0.11215514,-0.32676578,0.052732788,-0.12941122,-0.3907373,0.056388546,-0.13948306,-0.44382095,0.053804506,-0.03689009,-0.24649572,0.03517401,-0.04134503,-0.35799628,0.050529867,-0.048091203,-0.4217432,0.046429645,-0.048244,-0.47540382,0.039983466,0.005079448,-0.23774225,0.023075543,0.007899582,-0.36553252,0.0112632075,-0.012219787,-0.43804556,-0.019897416,-0.02323687,-0.48954564,-0.042708095,0.04294038,-0.21853173,0.009437481,0.023265004,-0.30787134,-0.016965758,-0.002769053,-0.2876861,-0.03543914,-0.015705884,-0.2437334,-0.048882153
-0.07567626,-0.05873096,-0.0183441,-0.09688157,-0.18685961,-0.006321503,-0.052899122,-0.28256184,0.00482853,-0.006729841,-0.3188643,0.015350864,-0.08523935,-0.23333889,0.0393429,-0.11215514,-0.32676578,0.052732788,-0.12941122,-0.3907373,0.056388546,-0.13948306,-0.44382095,0.053804506,-0.03689009,-0.24649572,0.03517401,-0.04134503,-0.35799628,0.050529867,-0.048091203,-0.4217432,0.046429645,-0.048244,-0.47540382,0.039983466,0.005079448,-0.23774225,0.023075543,0.007899582,-0.36553252,0.0112632075,-0.012219787,-0.43804556,-0.019897416,-0.02323687,-0.48954564,-0.042708095,0.04294038,-0.21853173,0.009437481,0.023265004,-0.30787134,-0.016965758,-0.002769053,-0.2876861,-0.03543914,-0.015705884,-0.2437334,-0.048882153
-0.072743624,-0.051798224,-0.016787816,-0.09434664,-0.1808998,-0.005816973,-0.05154261,-0.2756003,0.0047351555,-0.006084144,-0.3111061,0.014238346,-0.08298403,-0.22689146,0.030496156,-0.10988793,-0.32135737,0.04038126,-0.12574935,-0.3846475,0.041870866,-0.13485396,-0.43818897,0.03801508,-0.035658777,-0.24044669,0.026031874,-0.041252464,-0.35162187,0.036203228,-0.048023105,-0.41520518,0.03004212,-0.047864735,-0.46688396,0.022893509,0.0062543154,-0.23164415,0.01504853,0.009180188,-0.35976,0.00094761816,-0.009844363,-0.43283248,-0.02816946,-0.01902777,-0.48631567,-0.049196728,0.044510305,-0.21014446,0.0030775832,0.027090847,-0.29897898,-0.022532025,0.0031929612,-0.27645588,-0.037026677,-0.0070863366,-0.23217374,-0.047516868
-0.07419276,-0.054293275,-0.018504292,-0.094314754,-0.18131733,-0.006897344,-0.04879394,-0.27438354,0.0053722546,-0.0033103228,-0.30961835,0.017182428,-0.08533847,-0.22877878,0.032931108,-0.11302292,-0.32471055,0.04382425,-0.129937,-0.38935137,0.045810737,-0.14014143,-0.4433655,0.042263873,-0.03755364,-0.24292618,0.029571725,-0.047651827,-0.35237738,0.041636106,-0.056197613,-0.4151054,0.03614169,-0.057828248,-0.46716338,0.029295526,0.0040262938,-0.2351346,0.019005978,0.006704688,-0.36191154,0.0041821506,-0.009127438,-0.43637753,-0.026266985,-0.016228378,-0.492466,-0.04798597,0.04447502,-0.21381861,0.007447989,0.025707364,-0.30059886,-0.020412562,0.0028095841,-0.2757678,-0.03621559,-0.008102655,-0.22921532,-0.04722141
-0.066447645,-0.04869336,-0.021672368,-0.089799345,-0.18317276,-0.01528427,-0.04649669,-0.2807055,-0.0069581773,0.008908987,-0.32198298,-0.0008816197,-0.08107224,-0.24325275,0.012113655,-0.110456854,-0.35748622,0.013884191,-0.12724805,-0.43430915,0.011139275,-0.13603276,-0.4985963,0.0050648088,-0.033118844,-0.25620204,0.007974696,-0.044334173,-0.38502473,0.010716774,-0.05330828,-0.46444148,0.0018821385,-0.05352962,-0.53065526,-0.0055646887,0.009930551,-0.24507153,-0.0015754292,0.016904831,-0.38515168,-0.022443173,0.0037282705,-0.46631235,-0.051613905,0.0017690659,-0.5324385,-0.071659304,0.050201833,-0.21593058,-0.011859265,0.030681312,-0.29678673,-0.04865923,0.008447647,-0.25599295,-0.06340449,0.00388515,-0.20326757,-0.07120853
-0.06041017,-0.042470455,-0.031739045,-0.08071953,-0.16628778,-0.03627614,-0.038794667,-0.26209068,-0.035284247,0.012393773,-0.3104716,-0.036958084,-0.086094946,-0.2751249,-0.019869983,-0.11392704,-0.40445256,-0.03448684,-0.12782109,-0.49279234,-0.048317302,-0.13866258,-0.5669471,-0.060955178,-0.032720596,-0.28567886,-0.02592698,-0.042600095,-0.43179584,-0.04496347,-0.04869467,-0.5294237,-0.06610574,-0.0525828,-0.6137694,-0.07900165,0.013602018,-0.26843107,-0.035984226,0.025981486,-0.41093183,-0.075971805,0.020671904,-0.50633085,-0.11116382,0.020656168,-0.5908926,-0.1319209,0.056804538,-0.22483051,-0.046374496,0.04355365,-0.2958284,-0.09492664,0.024823904,-0.24661851,-0.10787162,0.019593477,-0.19077271,-0.11180621
-0.06041017,-0.042470455,-0.031739045,-0.08071953,-0.16628778,-0.03627614,-0.038794667,-0.26209068,-0.035284247,0.012393773,-0.3104716,-0.036958084,-0.086094946,-0.2751249,-0.019869983,-0.11392704,-0.40445256,-0.03448684,-0.12782109,-0.49279234,-0.048317302,-0.13866258,-0.5669471,-0.060955178,-0.032720596,-0.28567886,-0.02592698,-0.042600095,-0.43179584,-0.04496347,-0.04869467,-0.5294237,-0.06610574,-0.0525828,-0.6137694,-0.07900165,0.013602018,-0.26843107,-0.035984226,0.025981486,-0.41093183,-0.075971805,0.020671904,-0.50633085,-0.11116382,0.020656168,-0.5908926,-0.1319209,0.056804538,-0.22483051,-0.046374496,0.04355365,-0.2958284,-0.09492664,0.024823904,-0.24661851,-0.10787162,0.019593477,-0.19077271,-0.11180621
-0.054374993,-0.021710336,-0.05057555,-0.06995726,-0.11925608,-0.07261277,-0.025714338,-0.20346826,-0.084756084,0.024596334,-0.2615049,-0.09912645,-0.092008024,-0.2719367,-0.05814549,-0.11961591,-0.40896738,-0.08970362,-0.13628593,-0.5105492,-0.11481818,-0.15130141,-0.5966679,-0.13416708,-0.03566301,-0.29249334,-0.056824297,-0.045694113,-0.43777958,-0.08751566,-0.0481084,-0.54701596,-0.114791684,-0.051850736,-0.6431018,-0.13146648,0.01566863,-0.27453804,-0.05898529,0.028016686,-0.4069,-0.106941916,0.033462822,-0.5096853,-0.14417371,0.041128755,-0.60136175,-0.16616014,0.061146617,-0.22492987,-0.062476702,0.04807985,-0.26320148,-0.11798998,0.029684067,-0.21130556,-0.13323106,0.025117755,-0.15963358,-0.13736701
-0.060787648,-0.01652801,-0.057505045,-0.07632521,-0.10610139,-0.08603675,-0.034890056,-0.18374896,-0.10338309,0.008076072,-0.24391568,-0.12255708,-0.094560266,-0.2687676,-0.06921119,-0.12238282,-0.40567282,-0.104682796,-0.14190605,-0.5087015,-0.1328539,-0.15860468,-0.5947634,-0.15410611,-0.03719735,-0.29153728,-0.063656524,-0.047875255,-0.43686694,-0.09566149,-0.04919955,-0.54466563,-0.12379884,-0.05211982,-0.6364815,-0.1416409,0.015621185,-0.27388644,-0.06162159,0.030561566,-0.40493226,-0.10870445,0.038172126,-0.5101275,-0.14648734,0.04734379,-0.5997759,-0.17018813,0.0613001,-0.2264545,-0.06142357,0.05235809,-0.25419313,-0.11679658,0.034466207,-0.20578092,-0.13397613,0.030073345,-0.15746135,-0.1400681
-0.061055988,-0.015003204,-0.060003385,-0.07784894,-0.102665305,-0.09105678,-0.03650886,-0.18021321,-0.11062608,0.009324849,-0.23890948,-0.13173535,-0.09243226,-0.26612705,-0.07228285,-0.11904061,-0.39980805,-0.10911208,-0.13767168,-0.50136817,-0.1384524,-0.15335837,-0.58438194,-0.1602101,-0.034983695,-0.2881933,-0.0658831,-0.04404196,-0.43240136,-0.09862279,-0.04526958,-0.54007995,-0.12664354,-0.048835546,-0.6297764,-0.14413181,0.017751455,-0.2709422,-0.06318411,0.033466935,-0.40147778,-0.10948527,0.041076303,-0.50413835,-0.14563347,0.049705565,-0.58964616,-0.16819005,0.06274027,-0.22404683,-0.06274048,0.056114018,-0.25205886,-0.117357165,0.039095283,-0.20601666,-0.13391443,0.03453535,-0.15839589,-0.13938393
-0.05887276,-0.01641202,-0.050572824,-0.0771783,-0.10495412,-0.077274956,-0.0381881,-0.17786282,-0.093743905,0.0026873946,-0.23409063,-0.112219505,-0.09275061,-0.27369642,-0.06924493,-0.12037751,-0.40932447,-0.10513108,-0.13756502,-0.5107745,-0.13306971,-0.15357599,-0.5960291,-0.1541482,-0.033956945,-0.29450905,-0.06811507,-0.043538243,-0.43980873,-0.10270306,-0.044988066,-0.5466951,-0.13060883,-0.049093038,-0.64054173,-0.14789906,0.019076526,-0.2748695,-0.06970649,0.034352064,-0.40125313,-0.11780481,0.04232973,-0.5061187,-0.15355955,0.052030087,-0.59666705,-0.17525475,0.06514543,-0.22394335,-0.07251615,0.052143097,-0.25567204,-0.12589365,0.030625224,-0.20868015,-0.13977547,0.023466468,-0.1595996,-0.1436541
-0.05887276,-0.01641202,-0.050572824,-0.0771783,-0.10495412,-0.077274956,-0.0381881,-0.17786282,-0.093743905,0.0026873946,-0.23409063,-0.112219505,-0.09275061,-0.27369642,-0.06924493,-0.12037751,-0.40932447,-0.10513108,-0.13756502,-0.5107745,-0.13306971,-0.15357599,-0.5960291,-0.1541482,-0.033956945,-0.29450905,-0.06811507,-0.043538243,-0.43980873,-0.10270306,-0.044988066,-0.5466951,-0.13060883,-0.049093038,-0.64054173,-0.14789906,0.019076526,-0.2748695,-0.06970649,0.034352064,-0.40125313,-0.11780481,0.04232973,-0.5061187,-0.15355955,0.052030087,-0.59666705,-0.17525475,0.06514543,-0.22394335,-0.07251615,0.052143097,-0.25567204,-0.12589365,0.030625224,-0.20868015,-0.13977547,0.023466468,-0.1595996,-0.1436541
-0.054477423,-0.0093874335,-0.040893335,-0.077953756,-0.09225458,-0.063781284,-0.050138205,-0.16113067,-0.07797211,-0.017031848,-0.21434861,-0.09384257,-0.08420986,-0.26634347,-0.061372843,-0.111305535,-0.3946478,-0.09180478,-0.12844148,-0.48864853,-0.114723034,-0.14518052,-0.56835926,-0.13229448,-0.02779764,-0.28591943,-0.062267452,-0.037695915,-0.42743447,-0.09581175,-0.040305853,-0.52696234,-0.121075094,-0.04499063,-0.6131028,-0.13520941,0.024807096,-0.26496238,-0.06417447,0.041747868,-0.39482707,-0.11004623,0.04842174,-0.49617833,-0.1406796,0.05662,-0.58130443,-0.15730749,0.0696162,-0.21148467,-0.0660836,0.062283814,-0.2543816,-0.11296193,0.041935086,-0.21116388,-0.12032386,0.035785675,-0.1601286,-0.119108476
-0.05333075,-0.008561611,-0.044581916,-0.07641104,-0.09815568,-0.067850664,-0.041136146,-0.17304033,-0.08176489,0.00043922663,-0.22555679,-0.09757053,-0.08261618,-0.26990342,-0.06417901,-0.111126006,-0.40101874,-0.0959226,-0.1280159,-0.49829504,-0.12060594,-0.14662182,-0.58181477,-0.1398527,-0.026049316,-0.28797817,-0.06471876,-0.037094623,-0.43266308,-0.100060105,-0.03905514,-0.5332222,-0.12671703,-0.04465705,-0.621466,-0.14185598,0.025290668,-0.26642638,-0.066803545,0.039585352,-0.39934045,-0.11537827,0.046680152,-0.5003867,-0.14664444,0.05427456,-0.5876862,-0.16334936,0.07019752,-0.2124846,-0.06920357,0.06431335,-0.26645446,-0.11788491,0.04707992,-0.2219274,-0.12433788,0.042482078,-0.16988719,-0.12244524
-0.053870887,-0.008981526,-0.052046787,-0.07565111,-0.097620904,-0.07961455,-0.03917411,-0.17482656,-0.096763924,0.0057994127,-0.23046803,-0.1156822,-0.083521366,-0.27022576,-0.06955813,-0.112362325,-0.4003075,-0.104279175,-0.1305502,-0.49894714,-0.13132556,-0.14919463,-0.58245945,-0.15210979,-0.027103186,-0.289737,-0.06806693,-0.039830893,-0.43573475,-0.10509323,-0.0428105,-0.5385674,-0.13295755,-0.04929775,-0.62851167,-0.14897484,0.024248421,-0.2702806,-0.0691177,0.03775704,-0.40305257,-0.119021855,0.043994904,-0.50446415,-0.15156701,0.051133394,-0.5920646,-0.16959073,0.06936693,-0.21826172,-0.0713777,0.06277895,-0.2661782,-0.123003,0.046851277,-0.21787113,-0.13176608,0.04407984,-0.16354227,-0.1313379
-0.056745976,-0.014812529,-0.05934965,-0.07759157,-0.10510689,-0.092083044,-0.03452757,-0.17893225,-0.11379118,0.01617974,-0.23474789,-0.13776962,-0.08576813,-0.27723402,-0.07709627,-0.11509052,-0.41014078,-0.11655413,-0.13453832,-0.5112794,-0.147728,-0.15250951,-0.5968139,-0.17165391,-0.028170645,-0.29594457,-0.07481668,-0.03939435,-0.44173712,-0.11481568,-0.042298347,-0.5475893,-0.14636171,-0.047429293,-0.6392557,-0.16559291,0.02482003,-0.2750541,-0.07597117,0.037927747,-0.40574163,-0.12949428,0.043198287,-0.50964737,-0.16695565,0.051135957,-0.6006443,-0.18950504,0.070477486,-0.22388035,-0.07908777,0.05856192,-0.25701785,-0.13822842,0.03891754,-0.20206314,-0.15298262,0.035103202,-0.14706951,-0.15686508
-0.055951864,-0.011077106,-0.050233617,-0.0790737,-0.098192096,-0.07749624,-0.0422692,-0.1709395,-0.0948132,0.0025544763,-0.22383463,-0.11435587,-0.08429435,-0.27024537,-0.06606092,-0.11167899,-0.39551502,-0.09946825,-0.1295991,-0.48976892,-0.12523362,-0.14660877,-0.56898373,-0.14533561,-0.027149916,-0.29188806,-0.06585088,-0.03723696,-0.43712896,-0.10164616,-0.039738715,-0.5402485,-0.1294407,-0.045465797,-0.6303047,-0.14568289,0.024297774,-0.2736761,-0.06832191,0.040261745,-0.40470496,-0.118998475,0.046456337,-0.5075417,-0.15513615,0.053456664,-0.5956532,-0.17615257,0.06994289,-0.223818,-0.07164497,0.05903834,-0.2565139,-0.12706153,0.040436864,-0.20203048,-0.14060101,0.035903335,-0.14571899,-0.14371584
-0.05637458,-0.014182389,-0.054273706,-0.07669598,-0.10844958,-0.083054535,-0.032859683,-0.18623722,-0.10138568,0.017128289,-0.24251759,-0.12237,-0.08699831,-0.27566737,-0.07179698,-0.11584371,-0.40730232,-0.10914085,-0.13510516,-0.50781834,-0.13889836,-0.15316564,-0.5927155,-0.16192828,-0.02997148,-0.2948026,-0.070847124,-0.04110244,-0.44040394,-0.10867729,-0.04256305,-0.54507375,-0.13899183,-0.0467138,-0.6364263,-0.15762046,0.022109687,-0.2752806,-0.07300818,0.03658551,-0.4062593,-0.12587042,0.04350388,-0.5100328,-0.16392936,0.051594853,-0.60138357,-0.18691233,0.068171084,-0.22499603,-0.076460786,0.059464633,-0.26017296,-0.13514327,0.043078125,-0.20349818,-0.149989,0.04089117,-0.14750177,-0.15412267
-0.05751124,-0.016823292,-0.06694264,-0.075876504,-0.108474016,-0.10211114,-0.031014025,-0.18233281,-0.12501428,0.023427665,-0.24091625,-0.1504689,-0.087602496,-0.2783665,-0.08394738,-0.11724913,-0.41562247,-0.12976213,-0.13683042,-0.5218548,-0.16647635,-0.15279818,-0.61158514,-0.19386074,-0.028501213,-0.2965024,-0.08027116,-0.04042548,-0.44470745,-0.12124156,-0.041763127,-0.5534853,-0.15448347,-0.045038104,-0.6465405,-0.17559697,0.025536537,-0.27649885,-0.081675604,0.036320567,-0.40638852,-0.13809907,0.042106986,-0.51109076,-0.17963609,0.050027013,-0.60509914,-0.20561206,0.07183516,-0.22668642,-0.08590938,0.057901382,-0.2542147,-0.15171295,0.03827387,-0.19364369,-0.1712223,0.03315252,-0.13600588,-0.1781735
-0.060666382,-0.01722598,-0.079064146,-0.075573206,-0.109499335,-0.118523814,-0.025833309,-0.18135107,-0.14347412,0.0316813,-0.24021953,-0.17067708,-0.08864656,-0.2770819,-0.091688424,-0.11741847,-0.4120816,-0.14022477,-0.13723263,-0.51833546,-0.17988597,-0.15215969,-0.60676455,-0.20912081,-0.02958113,-0.29366553,-0.08369965,-0.040467232,-0.4405332,-0.12351793,-0.04169342,-0.5493799,-0.15654409,-0.045464903,-0.64095795,-0.17814685,0.023860514,-0.27532244,-0.082785115,0.034567773,-0.40236628,-0.13936247,0.04061997,-0.5064999,-0.183414,0.047906518,-0.6017016,-0.21224572,0.06862825,-0.23026186,-0.08621028,0.057345986,-0.24747634,-0.15539883,0.040725112,-0.18258345,-0.17899227,0.03709364,-0.124010086,-0.18923475
-0.057136327,-0.01805693,-0.051628355,-0.07834849,-0.1100589,-0.077652305,-0.036381543,-0.18649602,-0.09429033,0.012856841,-0.24323368,-0.1134465,-0.088588625,-0.28405434,-0.06505001,-0.118246734,-0.42036963,-0.102321036,-0.13546175,-0.5253912,-0.13162233,-0.1522376,-0.6131549,-0.15395045,-0.029561698,-0.30283695,-0.06582102,-0.038407028,-0.45037365,-0.101438306,-0.038618922,-0.5583252,-0.12986615,-0.042150468,-0.6523803,-0.14713854,0.022592306,-0.281478,-0.07034485,0.03539169,-0.40817463,-0.11961819,0.039976418,-0.51002854,-0.15501674,0.046309233,-0.600039,-0.17645045,0.06807691,-0.22733259,-0.07670201,0.057094157,-0.25944042,-0.13216537,0.03808129,-0.20584482,-0.14594021,0.032301843,-0.1524089,-0.14943723
-0.053287387,-0.0128109455,-0.04655331,-0.07863954,-0.10253847,-0.07069045,-0.042344093,-0.1812486,-0.08606196,0.0073544383,-0.23463845,-0.10409072,-0.08324891,-0.27539682,-0.062161535,-0.11117172,-0.4059859,-0.095804445,-0.12938315,-0.5050514,-0.122465506,-0.14653578,-0.58811706,-0.14321917,-0.027169049,-0.29426926,-0.063140556,-0.03507343,-0.43855733,-0.09629261,-0.036841482,-0.5424154,-0.12380894,-0.040592283,-0.63238263,-0.14057827,0.024332106,-0.27411038,-0.06659542,0.03872794,-0.4043302,-0.1132958,0.043394744,-0.50536156,-0.14835723,0.05029744,-0.5919515,-0.16971296,0.07050794,-0.22210675,-0.0710507,0.059693217,-0.25075495,-0.123569734,0.04285842,-0.19894135,-0.13713756,0.04087192,-0.14582187,-0.14075986
-0.057850957,-0.012249768,-0.060523026,-0.08086446,-0.10362208,-0.09162881,-0.03983563,-0.17865771,-0.111815184,0.013810635,-0.23119098,-0.13477793,-0.084127635,-0.2741974,-0.071724735,-0.110710025,-0.4000378,-0.109207466,-0.12982461,-0.49548674,-0.13941829,-0.14576569,-0.5751013,-0.16268584,-0.026603162,-0.29222935,-0.069349244,-0.03344807,-0.43613017,-0.10351395,-0.034086585,-0.5394029,-0.13335969,-0.03613627,-0.627797,-0.15234107,0.025241733,-0.2733965,-0.0715177,0.039927125,-0.40116137,-0.12279998,0.04409969,-0.5032698,-0.16426808,0.050380945,-0.5920621,-0.19108011,0.07036102,-0.2260536,-0.07595881,0.06023103,-0.23963672,-0.1379906,0.041513562,-0.1755786,-0.15843546,0.036878943,-0.11630154,-0.16685513
-0.057632297,-0.016804695,-0.042208835,-0.08281395,-0.11586344,-0.061004464,-0.041657478,-0.19194376,-0.072436385,0.011900306,-0.23823619,-0.08754298,-0.08573139,-0.2842064,-0.05269152,-0.11209592,-0.4208334,-0.0843844,-0.12810174,-0.5258405,-0.11036837,-0.14321417,-0.61451566,-0.1309333,-0.026692152,-0.3008514,-0.056565277,-0.034703135,-0.4483741,-0.08535358,-0.036260813,-0.55835044,-0.11213198,-0.038403004,-0.6535665,-0.12901354,0.026222348,-0.27893883,-0.06341457,0.038501322,-0.4105675,-0.10867884,0.04180026,-0.5133374,-0.14578913,0.04948938,-0.60287666,-0.16904718,0.07355529,-0.2231493,-0.07122485,0.057724893,-0.24865699,-0.12518317,0.03828758,-0.19135517,-0.1402848,0.035145223,-0.13427663,-0.14502844
-0.05549845,-0.01598376,-0.042518605,-0.0816271,-0.11324656,-0.06205439,-0.042096317,-0.18917525,-0.07370547,0.011283457,-0.23559314,-0.08869783,-0.08438462,-0.28077388,-0.056727443,-0.11323199,-0.41961658,-0.08913489,-0.12952426,-0.5249447,-0.11483866,-0.14543906,-0.6141468,-0.13495435,-0.025833607,-0.29776376,-0.06000208,-0.033230305,-0.44699252,-0.09090439,-0.034354657,-0.55627143,-0.11758833,-0.03696245,-0.6505846,-0.13371997,0.02684766,-0.276137,-0.065802604,0.04016298,-0.40542686,-0.11191075,0.044161916,-0.50909084,-0.14784338,0.051336944,-0.599379,-0.16966473,0.07338452,-0.22105825,-0.072498515,0.05876255,-0.2474218,-0.12565951,0.03845769,-0.19008023,-0.13902843,0.033594906,-0.13272285,-0.14232436
-0.056608617,-0.019845009,-0.043606196,-0.084709585,-0.115098774,-0.06485556,-0.042660713,-0.18964708,-0.0784397,0.009940863,-0.2368958,-0.09517151,-0.083025545,-0.28543955,-0.057754282,-0.11202502,-0.42278814,-0.09164825,-0.12774104,-0.5286794,-0.119888425,-0.14362651,-0.6181532,-0.1422687,-0.02430594,-0.30090064,-0.061327945,-0.031245112,-0.44565874,-0.093172766,-0.030772686,-0.5532241,-0.12167952,-0.03224063,-0.64650893,-0.14005247,0.027482986,-0.27683842,-0.06766387,0.040292144,-0.405177,-0.11318166,0.044616044,-0.50716275,-0.14880471,0.05142075,-0.59607863,-0.17127363,0.07350075,-0.21957433,-0.0751579,0.059647143,-0.2553771,-0.12799878,0.03849131,-0.2063002,-0.14179109,0.031222522,-0.1554743,-0.14593337
-0.055261046,-0.018705308,-0.04268738,-0.081493795,-0.11527133,-0.062343266,-0.038963825,-0.18881899,-0.074361086,0.012973189,-0.23388201,-0.089491755,-0.08167195,-0.28215796,-0.055846717,-0.10945836,-0.41767862,-0.087895766,-0.12421626,-0.52228487,-0.11434274,-0.13989228,-0.610577,-0.13541454,-0.02338636,-0.29739088,-0.059605017,-0.029182613,-0.44364682,-0.090453595,-0.0289464,-0.55228114,-0.11825348,-0.031242669,-0.6465267,-0.13578886,0.028110743,-0.27420765,-0.06596622,0.042586565,-0.40226763,-0.11090088,0.04678595,-0.50455046,-0.14648475,0.05256796,-0.5934422,-0.16866137,0.07362658,-0.2177921,-0.073409095,0.062717974,-0.25168663,-0.12544438,0.04264593,-0.20156133,-0.13877039,0.03587997,-0.14976615,-0.14249799
-0.05540687,-0.016358197,-0.036222313,-0.08423695,-0.10597265,-0.055208366,-0.052947372,-0.17304373,-0.067525536,-0.008771002,-0.2150656,-0.08294129,-0.078407705,-0.2840588,-0.055677295,-0.10611737,-0.42087924,-0.08770154,-0.12051594,-0.52506626,-0.11385859,-0.13621253,-0.6127049,-0.1345618,-0.017631829,-0.29684693,-0.062254507,-0.022541404,-0.44425967,-0.094101064,-0.02303946,-0.550872,-0.12168615,-0.026676357,-0.6430919,-0.13883923,0.035779774,-0.27128255,-0.070304774,0.04784262,-0.40057766,-0.11521499,0.05081004,-0.5021877,-0.14902757,0.05654466,-0.58925694,-0.16972117,0.08175993,-0.2132209,-0.07862198,0.063284814,-0.24867642,-0.1281348,0.039479017,-0.20263106,-0.13876745,0.031616986,-0.15290058,-0.1407395
-0.056515366,-0.017409861,-0.04242213,-0.08393529,-0.11305058,-0.062404398,-0.044546187,-0.18724275,-0.07500462,0.008063793,-0.2336216,-0.09109093,-0.0809243,-0.2856561,-0.055450983,-0.10631955,-0.42422017,-0.0881053,-0.12103653,-0.5293374,-0.1148841,-0.1363095,-0.617656,-0.13609038,-0.021951139,-0.30016732,-0.060074255,-0.029274762,-0.45002827,-0.0910617,-0.03242576,-0.5612476,-0.119772375,-0.037074894,-0.6571504,-0.1380536,0.029948175,-0.27571523,-0.06733528,0.04344994,-0.40795603,-0.11331471,0.045753956,-0.51053584,-0.15059872,0.051842332,-0.5999185,-0.17414673,0.075461805,-0.21754056,-0.075477585,0.060860693,-0.24904132,-0.12954566,0.040438175,-0.19792706,-0.14442064,0.03584361,-0.14533263,-0.14910817
-0.057055205,-0.019711792,-0.0453063,-0.0813466,-0.11438882,-0.06671303,-0.039560705,-0.18651646,-0.08013061,0.013053,-0.23274177,-0.09647719,-0.07804698,-0.28730512,-0.058158796,-0.10523668,-0.4230708,-0.09333442,-0.12136951,-0.5277307,-0.121956356,-0.13703436,-0.615336,-0.14407402,-0.019614875,-0.30063444,-0.061581556,-0.026197314,-0.4473732,-0.095943995,-0.026511967,-0.5548487,-0.12453578,-0.028651893,-0.6469109,-0.14173776,0.031600058,-0.2757284,-0.06820979,0.04512739,-0.40378907,-0.1168047,0.04875195,-0.50596523,-0.15293363,0.054321885,-0.59500027,-0.17445445,0.07602817,-0.21683276,-0.07611641,0.06711507,-0.25090545,-0.13049345,0.047767878,-0.19899774,-0.14388028,0.041957855,-0.14491558,-0.14693786
-0.05880025,-0.016898692,-0.05792448,-0.08408049,-0.105854094,-0.08990592,-0.0470798,-0.16999751,-0.11202314,0.0052722096,-0.21547168,-0.13774332,-0.07745862,-0.2819156,-0.077836856,-0.1050483,-0.41678575,-0.12281342,-0.12323326,-0.52248377,-0.16033486,-0.13788301,-0.61188257,-0.1886406,-0.01818484,-0.2960919,-0.07855686,-0.027296185,-0.44251668,-0.11818454,-0.028404713,-0.5526901,-0.15205029,-0.031983078,-0.6468996,-0.17400347,0.035158515,-0.27318537,-0.0833697,0.04555714,-0.40226087,-0.13720393,0.050132036,-0.50584483,-0.17849053,0.05547148,-0.5958003,-0.20485872,0.08000398,-0.21907103,-0.090479575,0.06647712,-0.24174333,-0.15378651,0.04509169,-0.18263322,-0.17265996,0.03765154,-0.12497735,-0.17955807
-0.057027757,-0.015724123,-0.05477666,-0.08308262,-0.09941161,-0.086723045,-0.04977259,-0.16187608,-0.1091696,0.0003966689,-0.20690852,-0.13513084,-0.07635781,-0.28157455,-0.07797759,-0.10295102,-0.41786957,-0.122122206,-0.11992487,-0.52295816,-0.15805845,-0.13414508,-0.6127373,-0.18518351,-0.016627729,-0.294901,-0.08003684,-0.024632335,-0.44043082,-0.12132277,-0.025186539,-0.5507382,-0.15525112,-0.028247207,-0.64598644,-0.17669427,0.037014663,-0.270769,-0.085422784,0.047719657,-0.398326,-0.14033279,0.0524233,-0.50271326,-0.18071023,0.058253467,-0.5937154,-0.20577677,0.08174878,-0.21568048,-0.092597045,0.066265166,-0.23854804,-0.15463766,0.043156028,-0.17956531,-0.1715619,0.03476107,-0.12151617,-0.17693406
-0.055797696,-0.013195455,-0.052444167,-0.08527571,-0.09841657,-0.08248471,-0.049564213,-0.1666891,-0.10297522,0.003508091,-0.21132529,-0.12682937,-0.075867385,-0.2795233,-0.07687944,-0.10202852,-0.41428316,-0.11795298,-0.118189335,-0.5173748,-0.1512794,-0.13248664,-0.60549927,-0.1769717,-0.016042352,-0.29425567,-0.07872764,-0.0238173,-0.43986684,-0.11970558,-0.024813771,-0.5499945,-0.15350275,-0.027850032,-0.6449838,-0.17481093,0.03712368,-0.26996946,-0.08309862,0.048568904,-0.39739758,-0.1374679,0.05147344,-0.501428,-0.17824084,0.05571437,-0.5916767,-0.20328571,0.0817036,-0.21403849,-0.088727035,0.06480235,-0.23912686,-0.1494103,0.03952974,-0.18597525,-0.1670098,0.02890122,-0.13292104,-0.17301524
-0.05474457,-0.017918408,-0.041855525,-0.08358315,-0.11075771,-0.063691,-0.048205346,-0.1819359,-0.07793502,0.00015807152,-0.2282142,-0.095657416,-0.07647863,-0.28602034,-0.060880713,-0.104705065,-0.41867372,-0.095443115,-0.1222468,-0.5210825,-0.12406663,-0.13950881,-0.6082577,-0.14698987,-0.017885506,-0.30039644,-0.06635982,-0.02551639,-0.44630253,-0.10231208,-0.027599335,-0.5557848,-0.13387671,-0.031369448,-0.6512807,-0.15390408,0.034424484,-0.27628994,-0.073866844,0.046462953,-0.4069723,-0.124534965,0.04825008,-0.51036745,-0.1638527,0.05192846,-0.59998274,-0.1880141,0.08073568,-0.21922922,-0.08177624,0.061688006,-0.2523945,-0.1392869,0.034131587,-0.20319623,-0.15568815,0.02093041,-0.15232676,-0.16114593
-0.05474457,-0.017918408,-0.041855525,-0.08358315,-0.11075771,-0.063691,-0.048205346,-0.1819359,-0.07793502,0.00015807152,-0.2282142,-0.095657416,-0.07647863,-0.28602034,-0.060880713,-0.104705065,-0.41867372,-0.095443115,-0.1222468,-0.5210825,-0.12406663,-0.13950881,-0.6082577,-0.14698987,-0.017885506,-0.30039644,-0.06635982,-0.02551639,-0.44630253,-0.10231208,-0.027599335,-0.5557848,-0.13387671,-0.031369448,-0.6512807,-0.15390408,0.034424484,-0.27628994,-0.073866844,0.046462953,-0.4069723,-0.124534965,0.04825008,-0.51036745,-0.1638527,0.05192846,-0.59998274,-0.1880141,0.08073568,-0.21922922,-0.08177624,0.061688006,-0.2523945,-0.1392869,0.034131587,-0.20319623,-0.15568815,0.02093041,-0.15232676,-0.16114593
-0.05790791,-0.019000292,-0.05823799,-0.0810169,-0.116963625,-0.08798538,-0.033120662,-0.19295436,-0.107355416,0.026655495,-0.24217665,-0.12996314,-0.07708341,-0.28365052,-0.07202598,-0.104828894,-0.41660622,-0.11113244,-0.12282899,-0.5169171,-0.14352328,-0.13780165,-0.6025902,-0.16895334,-0.019067109,-0.29730505,-0.072256915,-0.027965426,-0.44424227,-0.11028863,-0.029617459,-0.5522418,-0.14466925,-0.03102091,-0.6451093,-0.16693875,0.03303057,-0.27452004,-0.076564185,0.04504478,-0.40573782,-0.13219298,0.047700882,-0.50970507,-0.17709401,0.05406964,-0.60026395,-0.20544757,0.078739285,-0.22219199,-0.08260391,0.062462687,-0.24826258,-0.1483266,0.03975588,-0.18765903,-0.16989847,0.03251058,-0.1295504,-0.17863114
-0.059143275,-0.01795578,-0.058444463,-0.08146992,-0.11407983,-0.08851463,-0.035404593,-0.18501616,-0.10833492,0.021184921,-0.23303235,-0.13145472,-0.08122164,-0.28532124,-0.07260439,-0.107908994,-0.41751507,-0.11254294,-0.12560886,-0.5202705,-0.14591834,-0.14061227,-0.6075169,-0.1719796,-0.022373676,-0.30081367,-0.07293755,-0.029301286,-0.4452351,-0.109878995,-0.03012216,-0.55391157,-0.14314486,-0.032618403,-0.6474154,-0.16498697,0.030586421,-0.27809453,-0.07757166,0.042418182,-0.40529698,-0.13118367,0.045920968,-0.50928783,-0.17507163,0.051984727,-0.60122335,-0.20342945,0.075808406,-0.22448426,-0.08430918,0.058016956,-0.24392092,-0.1484004,0.03372079,-0.18305606,-0.16978373,0.025343776,-0.12590426,-0.17888272
-0.054643363,-0.020137548,-0.050429486,-0.076586336,-0.11701769,-0.07526279,-0.030380905,-0.18854493,-0.09103497,0.024378598,-0.23528075,-0.11028323,-0.07799056,-0.28408527,-0.06579222,-0.10462451,-0.41640064,-0.10335241,-0.12224281,-0.5182908,-0.13425346,-0.13865426,-0.60343885,-0.15821779,-0.01987493,-0.29917306,-0.06771159,-0.027817965,-0.44711286,-0.1052894,-0.028865814,-0.5549749,-0.13747138,-0.031588465,-0.648106,-0.15732814,0.03170502,-0.27663648,-0.072775505,0.044861436,-0.40430856,-0.12488568,0.0483737,-0.5059338,-0.1650339,0.053241193,-0.59512806,-0.18955876,0.07575899,-0.22161949,-0.07918351,0.06495321,-0.24550939,-0.13782246,0.04561025,-0.18811941,-0.15448016,0.040655613,-0.13300443,-0.15989245
-0.05753559,-0.020859718,-0.04800086,-0.081753135,-0.119375765,-0.070753336,-0.033422947,-0.19271433,-0.08497233,0.025409222,-0.2371698,-0.10262609,-0.0794833,-0.28499782,-0.05917133,-0.1059528,-0.41565,-0.092219874,-0.12133753,-0.51526546,-0.11996299,-0.13554615,-0.6000948,-0.14237566,-0.021544099,-0.3019845,-0.062001593,-0.028263092,-0.44571137,-0.09531089,-0.02890122,-0.55347985,-0.12568167,-0.031205446,-0.64726275,-0.14513026,0.029684484,-0.28001106,-0.068201,0.04416752,-0.40819693,-0.11828545,0.047920942,-0.5112673,-0.16007608,0.05297655,-0.6018435,-0.18630558,0.07475096,-0.22501594,-0.07554524,0.061970234,-0.2524572,-0.13464704,0.04000783,-0.19532377,-0.15376818,0.031812966,-0.1395868,-0.16137493
-0.05473572,-0.020632029,-0.046088982,-0.07611126,-0.12025505,-0.06694178,-0.02747196,-0.1948973,-0.0795314,0.030380666,-0.23858845,-0.09518649,-0.079303294,-0.28178096,-0.057010975,-0.10674548,-0.4149293,-0.08973586,-0.1236192,-0.51786566,-0.11669654,-0.13977769,-0.60334307,-0.13843715,-0.020923018,-0.2977512,-0.059634697,-0.02716583,-0.44334203,-0.09318191,-0.027001858,-0.55097014,-0.12245225,-0.028130293,-0.6433488,-0.14061776,0.030522406,-0.27486622,-0.06538766,0.04415506,-0.40400583,-0.114366144,0.046842575,-0.5065493,-0.1527618,0.05222583,-0.5963317,-0.17616652,0.07604951,-0.21839315,-0.072211504,0.061938643,-0.25161195,-0.12861367,0.038588524,-0.20047283,-0.14486156,0.029696167,-0.14898074,-0.15020108
-0.054644853,-0.019257843,-0.047250807,-0.079182714,-0.119654715,-0.069116145,-0.031096727,-0.19423199,-0.08218706,0.029021978,-0.23788577,-0.09885755,-0.07902467,-0.28276467,-0.063459575,-0.10766226,-0.4208231,-0.09952823,-0.12445623,-0.5267323,-0.1290275,-0.14035723,-0.6166196,-0.15236688,-0.02101034,-0.29850566,-0.06602969,-0.030231416,-0.44585472,-0.10160659,-0.031253755,-0.55624735,-0.13243902,-0.033214092,-0.651978,-0.15175766,0.030679822,-0.27559638,-0.07148883,0.04324925,-0.40525025,-0.12312098,0.047589004,-0.5099224,-0.16341323,0.053999007,-0.60250837,-0.18786357,0.07627201,-0.21852648,-0.07791123,0.06328398,-0.2504151,-0.13718912,0.042153418,-0.19384223,-0.1540654,0.03528297,-0.13819134,-0.15948205
-0.054644853,-0.019257843,-0.047250807,-0.079182714,-0.119654715,-0.069116145,-0.031096727,-0.19423199,-0.08218706,0.029021978,-0.23788577,-0.09885755,-0.07902467,-0.28276467,-0.063459575,-0.10766226,-0.4208231,-0.09952823,-0.12445623,-0.5267323,-0.1290275,-0.14035723,-0.6166196,-0.15236688,-0.02101034,-0.29850566,-0.06602969,-0.030231416,-0.44585472,-0.10160659,-0.031253755,-0.55624735,-0.13243902,-0.033214092,-0.651978,-0.15175766,0.030679822,-0.27559638,-0.07148883,0.04324925,-0.40525025,-0.12312098,0.047589004,-0.5099224,-0.16341323,0.053999007,-0.60250837,-0.18786357,0.07627201,-0.21852648,-0.07791123,0.06328398,-0.2504151,-0.13718912,0.042153418,-0.19384223,-0.1540654,0.03528297,-0.13819134,-0.15948205
-0.053544402,-0.017094612,-0.052606877,-0.076221496,-0.11330235,-0.07842376,-0.029132009,-0.18681622,-0.09486238,0.028525233,-0.23474085,-0.11439256,-0.08037695,-0.27974486,-0.065152995,-0.10884291,-0.41152036,-0.101954415,-0.1263985,-0.5134475,-0.13217731,-0.14246377,-0.59861094,-0.15578249,-0.022225678,-0.29692644,-0.06618962,-0.03018248,-0.44317102,-0.10160689,-0.031484455,-0.5518121,-0.13240184,-0.034392744,-0.64535236,-0.15179966,0.029110253,-0.2754104,-0.07093121,0.04186845,-0.4037694,-0.12177028,0.04444027,-0.50643057,-0.16152307,0.04953754,-0.5965884,-0.18628429,0.07412696,-0.22144264,-0.077393554,0.061412513,-0.24640703,-0.13679965,0.041232526,-0.1896838,-0.1544981,0.035206676,-0.13512546,-0.16073385
-0.053544402,-0.017094612,-0.052606877,-0.076221496,-0.11330235,-0.07842376,-0.029132009,-0.18681622,-0.09486238,0.028525233,-0.23474085,-0.11439256,-0.08037695,-0.27974486,-0.065152995,-0.10884291,-0.41152036,-0.101954415,-0.1263985,-0.5134475,-0.13217731,-0.14246377,-0.59861094,-0.15578249,-0.022225678,-0.29692644,-0.06618962,-0.03018248,-0.44317102,-0.10160689,-0.031484455,-0.5518121,-0.13240184,-0.034392744,-0.64535236,-0.15179966,0.029110253,-0.2754104,-0.07093121,0.04186845,-0.4037694,-0.12177028,0.04444027,-0.50643057,-0.16152307,0.04953754,-0.5965884,-0.18628429,0.07412696,-0.22144264,-0.077393554,0.061412513,-0.24640703,-0.13679965,0.041232526,-0.1896838,-0.1544981,0.035206676,-0.13512546,-0.16073385
-0.054537028,-0.016719103,-0.04879159,-0.07782602,-0.111546636,-0.0731096,-0.032958895,-0.18424201,-0.08870535,0.02042526,-0.23251033,-0.10755428,-0.08055955,-0.27911294,-0.06381081,-0.10823065,-0.4107659,-0.10033634,-0.12643987,-0.5128422,-0.13019729,-0.1435894,-0.5979623,-0.15361327,-0.0224092,-0.296156,-0.06605268,-0.030418575,-0.44136238,-0.10138934,-0.03192249,-0.54842883,-0.1317293,-0.03534913,-0.6408412,-0.15091471,0.029395282,-0.27426195,-0.07149479,0.041615963,-0.40413672,-0.121368244,0.044218898,-0.50565326,-0.15972848,0.04875189,-0.5943259,-0.18352878,0.07485366,-0.21946836,-0.078267254,0.061273217,-0.24880439,-0.13569845,0.040409505,-0.19629848,-0.15228853,0.033520043,-0.1442982,-0.15793635
-0.05417025,-0.013842821,-0.046608005,-0.07757357,-0.10977465,-0.068659075,-0.032664776,-0.18681908,-0.08208467,0.024479568,-0.2352351,-0.09898221,-0.07933387,-0.27867675,-0.06033039,-0.10741669,-0.41039288,-0.09400212,-0.12424004,-0.51098764,-0.121543504,-0.13943765,-0.5958849,-0.14314844,-0.022639334,-0.296355,-0.06268146,-0.03041178,-0.4415776,-0.09621014,-0.031609505,-0.5483927,-0.12513135,-0.03427297,-0.64013183,-0.1425693,0.02779591,-0.27517587,-0.06790296,0.042354584,-0.4046207,-0.11742536,0.045410156,-0.50651145,-0.1563707,0.049731553,-0.5944313,-0.17978549,0.0720191,-0.219325,-0.07405296,0.06458449,-0.24484569,-0.13078238,0.049374104,-0.18704337,-0.14681742,0.04722941,-0.13008714,-0.15163596
-0.05599138,-0.015326083,-0.050778903,-0.08287266,-0.10454023,-0.07839341,-0.04042068,-0.17907578,-0.09701252,0.017867088,-0.2273786,-0.11906941,-0.08035821,-0.2782547,-0.0697751,-0.10863423,-0.4122507,-0.10852072,-0.1255632,-0.51467884,-0.14043944,-0.14004916,-0.6019217,-0.1651679,-0.022177875,-0.29432738,-0.07212346,-0.02916956,-0.43838403,-0.10828495,-0.03241363,-0.54744554,-0.14011928,-0.03697136,-0.6411557,-0.16082804,0.029717863,-0.27134562,-0.07748612,0.04305744,-0.40115875,-0.12807797,0.044653058,-0.5039923,-0.16833092,0.048529923,-0.59295845,-0.1938746,0.07415503,-0.21564102,-0.08424815,0.058927357,-0.2430017,-0.14364697,0.037333906,-0.1903072,-0.16196503,0.029756248,-0.1380828,-0.16884972
-0.058520317,-0.018241346,-0.055199683,-0.084920466,-0.11181325,-0.08244497,-0.04028809,-0.18572283,-0.10058554,0.01704675,-0.23297393,-0.12194411,-0.08346912,-0.28113246,-0.06594224,-0.11195031,-0.41473436,-0.10557306,-0.12973431,-0.51875687,-0.138439,-0.14489734,-0.60538757,-0.16362159,-0.024917364,-0.2970323,-0.06715709,-0.033359528,-0.4439823,-0.10203857,-0.03370151,-0.5541079,-0.13343826,-0.034537226,-0.64764094,-0.15385784,0.02712661,-0.27537882,-0.07299624,0.038514614,-0.4041487,-0.12413351,0.041817963,-0.5060349,-0.16552626,0.047476232,-0.5954211,-0.19217317,0.073220074,-0.22247839,-0.081098884,0.061797082,-0.24706459,-0.14337307,0.043304503,-0.18827796,-0.16349837,0.038408518,-0.13228238,-0.17144156
-0.057266176,-0.02077055,-0.050963238,-0.08495325,-0.117929935,-0.07537362,-0.03965223,-0.19358134,-0.09108263,0.018859267,-0.24018812,-0.11026699,-0.084417164,-0.28897792,-0.063129105,-0.11394054,-0.42458385,-0.10131408,-0.13181686,-0.5301962,-0.1331179,-0.14849344,-0.61889386,-0.15785152,-0.025514662,-0.30428416,-0.06562636,-0.034296572,-0.45096755,-0.10178712,-0.035007864,-0.56165296,-0.13381043,-0.03721875,-0.6566544,-0.15417914,0.026886344,-0.2813592,-0.07196738,0.038062155,-0.40925276,-0.12376073,0.04088527,-0.51247716,-0.16419958,0.04553002,-0.60351574,-0.18934007,0.07319254,-0.22578299,-0.080048315,0.061015427,-0.2562523,-0.14065492,0.040572464,-0.19892085,-0.15820982,0.03307098,-0.14286864,-0.1641266
-0.05866897,-0.017542243,-0.056864146,-0.086300135,-0.1125924,-0.08493594,-0.04126811,-0.18693268,-0.10317312,0.018073022,-0.23420244,-0.12458914,-0.084807694,-0.28422517,-0.067882,-0.11462489,-0.41734055,-0.10741287,-0.13281187,-0.5203942,-0.14049698,-0.14923975,-0.60708183,-0.16595864,-0.025525212,-0.29985124,-0.06795003,-0.03372848,-0.44599992,-0.10439859,-0.03426528,-0.5547384,-0.13668263,-0.036249608,-0.6484574,-0.15720661,0.026964486,-0.27800566,-0.072409354,0.03678769,-0.40511578,-0.124514535,0.039505422,-0.50763667,-0.16528909,0.045466483,-0.5993824,-0.19094248,0.07308531,-0.22549856,-0.07913345,0.058460414,-0.25094157,-0.14082576,0.039064467,-0.19031942,-0.15898067,0.034831345,-0.13330603,-0.16530131
-0.05820501,-0.016535878,-0.06450488,-0.082740605,-0.11027938,-0.09692067,-0.03536141,-0.18240392,-0.11861042,0.024424255,-0.22681737,-0.14330228,-0.08104977,-0.2802235,-0.07294626,-0.10784164,-0.409027,-0.11387754,-0.12565356,-0.5094867,-0.14855532,-0.14093876,-0.5924288,-0.17507884,-0.023039103,-0.29539996,-0.07033934,-0.030408323,-0.43990046,-0.10696872,-0.03139496,-0.54791576,-0.1405824,-0.03359437,-0.6392502,-0.16246386,0.02887392,-0.2737385,-0.072959684,0.04174167,-0.40168506,-0.12575242,0.04408413,-0.50388753,-0.1693352,0.0485695,-0.592731,-0.19763336,0.07404584,-0.2230112,-0.0785515,0.065268755,-0.24323809,-0.14282311,0.047044814,-0.18398023,-0.16466089,0.041889727,-0.12753832,-0.17379385
-0.054724544,-0.01663047,-0.05068491,-0.08063066,-0.112093925,-0.07485296,-0.035023153,-0.18779439,-0.08988308,0.02254337,-0.23458731,-0.10808118,-0.07990867,-0.28111404,-0.06369293,-0.10741317,-0.41298717,-0.09909678,-0.12400371,-0.513874,-0.12876979,-0.13945985,-0.59964335,-0.15227938,-0.022589684,-0.29695797,-0.06530151,-0.03126782,-0.44114202,-0.09995306,-0.032595754,-0.55007184,-0.13130324,-0.034962237,-0.64495903,-0.15150087,0.028705657,-0.2750218,-0.070374355,0.04148078,-0.4045894,-0.12121917,0.04328841,-0.5084115,-0.1625647,0.046505153,-0.59965533,-0.18830477,0.074664,-0.22074348,-0.076841764,0.06406784,-0.2541607,-0.13625856,0.043053687,-0.20176864,-0.1547082,0.03404379,-0.14868832,-0.16154386
-0.055459023,-0.015113831,-0.058384538,-0.07782948,-0.10931772,-0.08755591,-0.030804306,-0.18355578,-0.10617723,0.026974797,-0.2326259,-0.12779409,-0.08048344,-0.2788574,-0.07208284,-0.10849637,-0.4102987,-0.111363485,-0.12644938,-0.51154566,-0.14358298,-0.14231306,-0.5963377,-0.16845866,-0.021894813,-0.29391652,-0.07118443,-0.031248242,-0.43919468,-0.10912058,-0.03302276,-0.5462987,-0.1416984,-0.036067665,-0.6381419,-0.1622332,0.030216217,-0.27173615,-0.07440379,0.042014837,-0.40103543,-0.1282414,0.044304788,-0.5035107,-0.16982695,0.04852432,-0.59318817,-0.19558445,0.075060725,-0.21841478,-0.07964297,0.06485963,-0.24486,-0.14180863,0.04657322,-0.18710488,-0.16055824,0.041461885,-0.13042122,-0.16726057
-0.05587277,-0.0143787265,-0.06658369,-0.07733616,-0.101941645,-0.10249441,-0.033336967,-0.17244452,-0.12689045,0.021532953,-0.22550207,-0.15399663,-0.078537166,-0.27530587,-0.08163989,-0.10501304,-0.40335858,-0.1244437,-0.12214115,-0.50183296,-0.15972555,-0.13606307,-0.58437335,-0.18667924,-0.019876301,-0.29059637,-0.07923981,-0.027455032,-0.43450806,-0.11735844,-0.02865675,-0.5409194,-0.1510428,-0.031188339,-0.6323355,-0.17336772,0.032809734,-0.26826662,-0.081922635,0.04457283,-0.3945702,-0.13631044,0.04637742,-0.49730223,-0.18035805,0.050219536,-0.58768654,-0.20924619,0.077879846,-0.2170198,-0.08751477,0.06597412,-0.23730433,-0.15312085,0.042908132,-0.18092388,-0.17585078,0.03262478,-0.12650341,-0.18594398
-0.057751626,-0.01567316,-0.06863938,-0.07887003,-0.1075207,-0.10414099,-0.032485813,-0.1793977,-0.12808166,0.02511841,-0.23198032,-0.15515396,-0.08049485,-0.2790227,-0.0821377,-0.1093477,-0.4124879,-0.12808664,-0.12904501,-0.5170245,-0.16666456,-0.14436424,-0.6048157,-0.19574398,-0.021889448,-0.29371923,-0.079240635,-0.031298757,-0.43954897,-0.11820883,-0.033719808,-0.550688,-0.15348424,-0.036469966,-0.64446914,-0.17691772,0.031182885,-0.27162927,-0.08189963,0.04151672,-0.40086186,-0.13730639,0.04399234,-0.50389135,-0.18221118,0.049259603,-0.5950171,-0.2117616,0.0762403,-0.21994954,-0.087870866,0.06422609,-0.23638487,-0.15584648,0.044194758,-0.1744315,-0.17920607,0.03821695,-0.11714578,-0.18927236
-0.053984076,-0.018744648,-0.046005804,-0.08091357,-0.11121583,-0.068063565,-0.03880298,-0.18169433,-0.082026,0.0144712925,-0.22553152,-0.0994986,-0.079423636,-0.2824492,-0.059195984,-0.105928004,-0.41199607,-0.092212014,-0.12039754,-0.5113009,-0.11983752,-0.13527155,-0.5949302,-0.14189324,-0.021416724,-0.29894572,-0.06255521,-0.028933585,-0.44247288,-0.09716373,-0.02926442,-0.55013174,-0.12786612,-0.03264591,-0.6443268,-0.14694442,0.030064225,-0.27661473,-0.068751186,0.042637587,-0.40399176,-0.11855845,0.0454458,-0.50678563,-0.15858059,0.048227668,-0.5970979,-0.18311323,0.075362265,-0.22129637,-0.07592418,0.06540936,-0.25037527,-0.13244034,0.045189142,-0.19659144,-0.14897822,0.036747456,-0.14273953,-0.1546823
-0.055626363,-0.021291733,-0.048308805,-0.08143231,-0.117568016,-0.07059857,-0.03646761,-0.19160712,-0.08452691,0.019022584,-0.23805487,-0.101886354,-0.08136013,-0.28372443,-0.060608793,-0.111067116,-0.41996592,-0.097271405,-0.12857765,-0.5259531,-0.12766625,-0.14487827,-0.61446,-0.15129696,-0.023868918,-0.30041617,-0.06359252,-0.03207326,-0.4470359,-0.09871452,-0.033180058,-0.55813086,-0.12984589,-0.036129832,-0.6533323,-0.1492743,0.027491748,-0.27897722,-0.07008763,0.040749013,-0.40771425,-0.12053163,0.04413855,-0.51067543,-0.16026238,0.047812045,-0.60102487,-0.18471725,0.07355803,-0.22386843,-0.078085504,0.064978,-0.2533579,-0.1366779,0.045637667,-0.19690812,-0.15335639,0.03794259,-0.14087617,-0.158686
-0.054431826,-0.016265154,-0.04907091,-0.081193894,-0.10853493,-0.07280329,-0.03968665,-0.18298906,-0.087913424,0.015346348,-0.22974086,-0.1063969,-0.07938731,-0.27867472,-0.06148508,-0.10684419,-0.40794238,-0.09676759,-0.122279644,-0.50779986,-0.12617545,-0.13668334,-0.59158754,-0.14924459,-0.022076428,-0.29547572,-0.064189814,-0.030771285,-0.43984166,-0.09926065,-0.030883372,-0.54801345,-0.13030344,-0.033181608,-0.6411982,-0.1497458,0.028891146,-0.27400452,-0.07028605,0.041391075,-0.40155685,-0.12116121,0.04462868,-0.50418645,-0.16188326,0.048194885,-0.59364325,-0.18698774,0.07406485,-0.21944082,-0.07767854,0.06660181,-0.24859768,-0.13627616,0.04993844,-0.19373679,-0.15383868,0.044546068,-0.13860345,-0.16003364
-0.054543942,-0.017248333,-0.046345245,-0.08147913,-0.11041474,-0.06885111,-0.040880322,-0.18346477,-0.083481595,0.011647582,-0.23091745,-0.10155969,-0.07900366,-0.28406686,-0.05978012,-0.10664749,-0.41705066,-0.095419705,-0.12414089,-0.5207374,-0.12538397,-0.14118364,-0.60672,-0.14860182,-0.021498978,-0.30056238,-0.06261379,-0.029457182,-0.44618732,-0.097109094,-0.03182563,-0.5553678,-0.1276152,-0.03649056,-0.6482186,-0.14653276,0.030016363,-0.2782089,-0.06837803,0.042361736,-0.408285,-0.11609389,0.04434657,-0.50874406,-0.15320098,0.04768294,-0.595058,-0.17598501,0.07532728,-0.22160858,-0.075517856,0.067682445,-0.25163567,-0.12989064,0.05085957,-0.19959056,-0.14450443,0.04682988,-0.14628881,-0.14864561
-0.054543942,-0.017248333,-0.046345245,-0.08147913,-0.11041474,-0.06885111,-0.040880322,-0.18346477,-0.083481595,0.011647582,-0.23091745,-0.10155969,-0.07900366,-0.28406686,-0.05978012,-0.10664749,-0.41705066,-0.095419705,-0.12414089,-0.5207374,-0.12538397,-0.14118364,-0.60672,-0.14860182,-0.021498978,-0.30056238,-0.06261379,-0.029457182,-0.44618732,-0.097109094,-0.03182563,-0.5553678,-0.1276152,-0.03649056,-0.6482186,-0.14653276,0.030016363,-0.2782089,-0.06837803,0.042361736,-0.408285,-0.11609389,0.04434657,-0.50874406,-0.15320098,0.04768294,-0.595058,-0.17598501,0.07532728,-0.22160858,-0.075517856,0.067682445,-0.25163567,-0.12989064,0.05085957,-0.19959056,-0.14450443,0.04682988,-0.14628881,-0.14864561
-0.052043855,-0.012230456,-0.050454196,-0.07662597,-0.10748154,-0.074332125,-0.034468085,-0.18225944,-0.089027606,0.021482527,-0.23064107,-0.10726714,-0.080121815,-0.27733964,-0.064321905,-0.10670146,-0.4100008,-0.099342674,-0.122142255,-0.51012456,-0.12804045,-0.13683984,-0.59462637,-0.1505354,-0.02325666,-0.29413748,-0.06599376,-0.031432778,-0.44034505,-0.10132349,-0.032060027,-0.54825747,-0.13257775,-0.034917176,-0.6408992,-0.15179536,0.028008282,-0.27371347,-0.07083158,0.040802598,-0.40303612,-0.122865155,0.04293132,-0.506582,-0.16499893,0.045909703,-0.59717536,-0.19092616,0.07287526,-0.22061592,-0.0768018,0.067043126,-0.24148381,-0.13674903,0.051889658,-0.18200672,-0.1550543,0.04847896,-0.12446809,-0.16155589
-0.054139197,-0.015101552,-0.05079555,-0.08011466,-0.10911286,-0.075373486,-0.037336648,-0.17841625,-0.090802655,0.019545138,-0.2233628,-0.10996984,-0.0794093,-0.2781213,-0.06685419,-0.10666177,-0.41212225,-0.104124054,-0.12289816,-0.51412976,-0.13423641,-0.13765961,-0.6012208,-0.15751728,-0.021609545,-0.29423994,-0.06913201,-0.03010711,-0.44110906,-0.105600856,-0.031623334,-0.5503754,-0.1372045,-0.0346438,-0.6451058,-0.15658718,0.03005433,-0.27310413,-0.07471049,0.042415023,-0.40086603,-0.12791954,0.044125557,-0.50560045,-0.17059465,0.046962023,-0.59837097,-0.19673231,0.07454616,-0.21862489,-0.08152911,0.06598419,-0.23680186,-0.14265572,0.04900217,-0.17513764,-0.1612601,0.04489869,-0.116202116,-0.16783124
-0.057406545,-0.01674521,-0.059802473,-0.08343458,-0.109983265,-0.09049702,-0.037632585,-0.18042642,-0.1110542,0.022631288,-0.22665411,-0.13525295,-0.08045116,-0.28380704,-0.07616605,-0.10977745,-0.41956294,-0.12027737,-0.12879997,-0.5246845,-0.15728226,-0.14460433,-0.614079,-0.18537866,-0.021362543,-0.29841918,-0.07594098,-0.031937867,-0.445832,-0.11517052,-0.035761237,-0.5567453,-0.1499265,-0.040069997,-0.6522016,-0.17255704,0.03155017,-0.2756217,-0.08011049,0.041152596,-0.40354258,-0.13413404,0.04209882,-0.50648516,-0.17651115,0.045754373,-0.59790194,-0.2035017,0.076805055,-0.22115362,-0.08681423,0.06476921,-0.24513668,-0.15068494,0.04450792,-0.18583256,-0.17029135,0.038356364,-0.12930977,-0.1775942
-0.057406545,-0.01674521,-0.059802473,-0.08343458,-0.109983265,-0.09049702,-0.037632585,-0.18042642,-0.1110542,0.022631288,-0.22665411,-0.13525295,-0.08045116,-0.28380704,-0.07616605,-0.10977745,-0.41956294,-0.12027737,-0.12879997,-0.5246845,-0.15728226,-0.14460433,-0.614079,-0.18537866,-0.021362543,-0.29841918,-0.07594098,-0.031937867,-0.445832,-0.11517052,-0.035761237,-0.5567453,-0.1499265,-0.040069997,-0.6522016,-0.17255704,0.03155017,-0.2756217,-0.08011049,0.041152596,-0.40354258,-0.13413404,0.04209882,-0.50648516,-0.17651115,0.045754373,-0.59790194,-0.2035017,0.076805055,-0.22115362,-0.08681423,0.06476921,-0.24513668,-0.15068494,0.04450792,-0.18583256,-0.17029135,0.038356364,-0.12930977,-0.1775942
-0.055077583,-0.018358707,-0.047923785,-0.08338255,-0.111632824,-0.071967684,-0.03921303,-0.18354154,-0.08780015,0.01664412,-0.22830927,-0.107411206,-0.07884973,-0.28318584,-0.06526378,-0.10684678,-0.41815573,-0.10225596,-0.12313467,-0.5234275,-0.13310987,-0.13837153,-0.61252904,-0.15738499,-0.021607876,-0.29881597,-0.06880137,-0.030863434,-0.4464651,-0.10591189,-0.032646686,-0.55923855,-0.13813336,-0.035942256,-0.65591574,-0.15832628,0.030184865,-0.27554882,-0.0751645,0.042024374,-0.4070862,-0.12684213,0.043456554,-0.51054794,-0.16689962,0.046133816,-0.6004437,-0.19137411,0.076247394,-0.2180509,-0.082740314,0.06652653,-0.24954319,-0.1418325,0.045442462,-0.1958484,-0.1587939,0.036925793,-0.14144397,-0.16433673
-0.060653806,-0.021354914,-0.06319942,-0.08693445,-0.113928795,-0.09528348,-0.038852185,-0.1836378,-0.11707657,0.022664666,-0.22714108,-0.14222415,-0.08423683,-0.2830267,-0.07429988,-0.11316174,-0.41774857,-0.11757926,-0.13096136,-0.5235592,-0.15459794,-0.14624298,-0.61236024,-0.18293165,-0.024264157,-0.29730362,-0.073250175,-0.03258133,-0.44250515,-0.109503105,-0.033722818,-0.55326045,-0.1434706,-0.036293834,-0.646243,-0.16653663,0.029085517,-0.27520669,-0.077630684,0.03820485,-0.40147668,-0.1293334,0.039616466,-0.50474566,-0.17270975,0.0437153,-0.59549487,-0.20172887,0.075975955,-0.22440499,-0.08521613,0.06223899,-0.24738503,-0.14950988,0.040828943,-0.18958342,-0.17155519,0.032802105,-0.13464403,-0.18125717
-0.05838096,-0.021853209,-0.051911898,-0.08814171,-0.1159637,-0.07797065,-0.043061435,-0.1874913,-0.09547219,0.015183687,-0.2296822,-0.11653564,-0.08202472,-0.28795433,-0.06559395,-0.110949755,-0.42369992,-0.10379069,-0.12841046,-0.52918744,-0.13632487,-0.14558035,-0.6176981,-0.16176985,-0.022126317,-0.30253768,-0.06790022,-0.029860139,-0.44915378,-0.102854855,-0.03077671,-0.55919635,-0.13520533,-0.033838183,-0.6526569,-0.1566216,0.030569613,-0.2792977,-0.073947504,0.039736748,-0.40651596,-0.12260942,0.040372252,-0.50853544,-0.16245013,0.043648303,-0.59771585,-0.18842112,0.07711935,-0.22503722,-0.08205288,0.061962485,-0.25522172,-0.13995129,0.03946352,-0.20245373,-0.15753277,0.03118217,-0.1499461,-0.16432063
-0.0571135,-0.014474928,-0.06494135,-0.08311415,-0.10469097,-0.099461116,-0.037635803,-0.17409265,-0.12320322,0.022791982,-0.21951228,-0.15030248,-0.0803723,-0.27617812,-0.07941401,-0.10874304,-0.40904593,-0.12313654,-0.1264553,-0.5120083,-0.16003364,-0.14113954,-0.5990313,-0.1882769,-0.022346616,-0.2915901,-0.07762608,-0.03151381,-0.43709043,-0.116609044,-0.033423066,-0.5472398,-0.15214866,-0.036231726,-0.6401998,-0.17554456,0.030180514,-0.27057004,-0.08062322,0.040342808,-0.39958856,-0.13547523,0.04213071,-0.5020094,-0.1800041,0.045998275,-0.59192264,-0.209033,0.0755353,-0.22064853,-0.08642017,0.064433455,-0.23770052,-0.15272786,0.046301126,-0.17679667,-0.17501079,0.04184562,-0.12058318,-0.18443462
-0.055422604,-0.018676996,-0.0460717,-0.08234197,-0.12068081,-0.065328635,-0.032853603,-0.19790691,-0.07653261,0.02986896,-0.23794287,-0.09109222,-0.08117598,-0.28124714,-0.055544034,-0.11025411,-0.4155414,-0.08723278,-0.12616149,-0.5189847,-0.11316565,-0.14145884,-0.60440785,-0.13382125,-0.023825467,-0.29744273,-0.057710256,-0.03216952,-0.44451046,-0.08955287,-0.033248156,-0.5532707,-0.11763352,-0.035443574,-0.64491653,-0.13466775,0.027245045,-0.27593523,-0.06311049,0.039667368,-0.40385744,-0.11037264,0.040693283,-0.505527,-0.14871722,0.043643773,-0.5932336,-0.17198144,0.07295674,-0.2205264,-0.06979637,0.06552881,-0.25112587,-0.12502478,0.04828155,-0.19653797,-0.14120169,0.04400468,-0.14176154,-0.1464057
-0.056457818,-0.019578338,-0.047509108,-0.082742035,-0.11860669,-0.06836074,-0.035046548,-0.19316423,-0.08097309,0.024438381,-0.23575342,-0.09707946,-0.08209795,-0.28341472,-0.055444118,-0.11016756,-0.41442734,-0.0880427,-0.12665957,-0.5150732,-0.1153469,-0.14243025,-0.598276,-0.13692386,-0.023780823,-0.29912996,-0.05779949,-0.031205684,-0.44421458,-0.08973335,-0.032872766,-0.55092704,-0.11843669,-0.035984457,-0.6417988,-0.13610326,0.027744591,-0.27775258,-0.06384341,0.038834035,-0.40530917,-0.1116109,0.039808273,-0.50664693,-0.15012966,0.043546617,-0.59562963,-0.17394982,0.07337558,-0.22337931,-0.0713944,0.06254524,-0.2513082,-0.12759778,0.04429412,-0.19319212,-0.1435528,0.040037215,-0.13642001,-0.14867955
-0.054563075,-0.017820716,-0.043300074,-0.08367041,-0.11590707,-0.061618544,-0.038537264,-0.19087833,-0.07225407,0.019678414,-0.23309726,-0.086271726,-0.080474794,-0.2835927,-0.051663905,-0.10901776,-0.41401356,-0.08110036,-0.12573826,-0.512911,-0.10504126,-0.14201877,-0.59480655,-0.124346845,-0.022666693,-0.29972923,-0.05505491,-0.029604673,-0.44617593,-0.08527183,-0.03134498,-0.5526695,-0.11216515,-0.03411609,-0.64371926,-0.12835504,0.027905583,-0.2779767,-0.061568744,0.041060388,-0.4057105,-0.10794712,0.041658103,-0.5067258,-0.14577435,0.04477495,-0.594854,-0.16877864,0.0728302,-0.22230786,-0.06909422,0.06272197,-0.25061554,-0.12339683,0.044311464,-0.19434029,-0.13902009,0.03945923,-0.13794321,-0.14396721
-0.057273656,-0.019827664,-0.048456833,-0.08572492,-0.114762485,-0.07159761,-0.040073544,-0.18984258,-0.08632337,0.018569767,-0.23489249,-0.104495846,-0.081756204,-0.28403246,-0.06060336,-0.11072737,-0.41550133,-0.095915325,-0.1279467,-0.5165433,-0.12489037,-0.14350861,-0.60069996,-0.14782147,-0.023121357,-0.29984504,-0.06391545,-0.031419307,-0.44540992,-0.09857729,-0.033369392,-0.55315864,-0.1290974,-0.036085576,-0.64462745,-0.14831388,0.028341591,-0.2771349,-0.07081135,0.03965527,-0.40185326,-0.12127074,0.039683104,-0.5039617,-0.16191655,0.042162895,-0.59325546,-0.18743816,0.073619545,-0.22119796,-0.079126924,0.060799003,-0.24585354,-0.13867041,0.039064765,-0.18920606,-0.15723675,0.030786812,-0.13431007,-0.16421066
-0.057406753,-0.01784426,-0.045922425,-0.08967847,-0.114106834,-0.06626528,-0.04694575,-0.18993348,-0.07899411,0.012678266,-0.22932267,-0.095237136,-0.08251053,-0.28218466,-0.054158267,-0.11012855,-0.41530252,-0.08611049,-0.12568784,-0.5162481,-0.113040134,-0.1412726,-0.59976465,-0.13444826,-0.024422467,-0.2990203,-0.057254862,-0.03178686,-0.44621974,-0.08684768,-0.034603387,-0.55670744,-0.11585571,-0.038444757,-0.6497987,-0.13455431,0.027083397,-0.27708024,-0.063789465,0.039874196,-0.40620947,-0.1090524,0.040374637,-0.5083886,-0.14901625,0.043548346,-0.5966065,-0.17470703,0.07364029,-0.22188133,-0.07173963,0.063907504,-0.2506057,-0.12745273,0.04574555,-0.19833237,-0.1458097,0.04025334,-0.14560002,-0.15301606
-0.057406753,-0.01784426,-0.045922425,-0.08967847,-0.114106834,-0.06626528,-0.04694575,-0.18993348,-0.07899411,0.012678266,-0.22932267,-0.095237136,-0.08251053,-0.28218466,-0.054158267,-0.11012855,-0.41530252,-0.08611049,-0.12568784,-0.5162481,-0.113040134,-0.1412726,-0.59976465,-0.13444826,-0.024422467,-0.2990203,-0.057254862,-0.03178686,-0.44621974,-0.08684768,-0.034603387,-0.55670744,-0.11585571,-0.038444757,-0.6497987,-0.13455431,0.027083397,-0.27708024,-0.063789465,0.039874196,-0.40620947,-0.1090524,0.040374637,-0.5083886,-0.14901625,0.043548346,-0.5966065,-0.17470703,0.07364029,-0.22188133,-0.07173963,0.063907504,-0.2506057,-0.12745273,0.04574555,-0.19833237,-0.1458097,0.04025334,-0.14560002,-0.15301606
-0.05873373,-0.01647669,-0.063115,-0.08634275,-0.10615581,-0.096972704,-0.042084605,-0.17769057,-0.120562606,0.017120183,-0.22370708,-0.14735559,-0.079164684,-0.27973408,-0.07933958,-0.10819113,-0.41021514,-0.1238322,-0.12793314,-0.51325166,-0.1615807,-0.1441417,-0.59981155,-0.19054222,-0.020553827,-0.29493988,-0.078184485,-0.03026256,-0.44004354,-0.116600305,-0.03356895,-0.55054855,-0.15152246,-0.036898255,-0.6429151,-0.17533988,0.032224894,-0.27100593,-0.08184668,0.041360557,-0.40018642,-0.13495901,0.04076481,-0.5017854,-0.17838733,0.04306978,-0.5885725,-0.20705366,0.07809949,-0.21699774,-0.08843648,0.066024244,-0.2467416,-0.15340397,0.040585876,-0.19671464,-0.17635812,0.027348995,-0.14566475,-0.18656424
-0.05410418,-0.016837955,-0.04973314,-0.08353999,-0.113897085,-0.07303458,-0.040440172,-0.1879673,-0.08775024,0.017783642,-0.23022741,-0.105960585,-0.07904774,-0.28122115,-0.05957983,-0.10648209,-0.4093228,-0.09340817,-0.1235756,-0.5069059,-0.121414565,-0.13917822,-0.58807933,-0.14375596,-0.020869076,-0.2962849,-0.06214296,-0.028926909,-0.44163266,-0.094971515,-0.031199098,-0.5479028,-0.12521072,-0.033789307,-0.6400722,-0.14447543,0.031077862,-0.27471095,-0.06847384,0.04023242,-0.40115547,-0.11857154,0.040146828,-0.50260085,-0.15976828,0.043593347,-0.59283006,-0.18575937,0.07775062,-0.22232348,-0.07628067,0.06049502,-0.24494243,-0.13636024,0.038030207,-0.18526673,-0.15540431,0.030424058,-0.12857288,-0.16279314
-0.056185007,-0.017647147,-0.049133908,-0.08546609,-0.109619856,-0.07458087,-0.044419616,-0.1828708,-0.09180985,0.011803865,-0.22734696,-0.11260678,-0.078020275,-0.27896917,-0.06518798,-0.106236815,-0.41276994,-0.102836,-0.123627424,-0.5155808,-0.13425252,-0.13943219,-0.60227245,-0.15887734,-0.020231485,-0.295061,-0.06815718,-0.029029757,-0.44078988,-0.103042305,-0.031660467,-0.55171776,-0.1351595,-0.035553247,-0.6457716,-0.15635623,0.031724393,-0.27297378,-0.07438693,0.04136908,-0.40189594,-0.124025725,0.041306674,-0.5055796,-0.16528073,0.043133438,-0.5942948,-0.19183105,0.07764268,-0.21940827,-0.08208472,0.06191051,-0.24629766,-0.14183478,0.03720343,-0.19507968,-0.16176283,0.025283396,-0.14361686,-0.16992275
-0.054385424,-0.018898427,-0.043762546,-0.083566755,-0.115584314,-0.06299856,-0.03977859,-0.19140744,-0.07456263,0.018386245,-0.23187578,-0.0893466,-0.07996568,-0.28109843,-0.051304527,-0.107329816,-0.40832788,-0.08038911,-0.12292752,-0.5048482,-0.10479423,-0.13843352,-0.5851383,-0.124705516,-0.02249372,-0.2968914,-0.054626945,-0.02988702,-0.44058645,-0.08476452,-0.031006962,-0.5461407,-0.112571776,-0.033269823,-0.63694227,-0.13002665,0.028336942,-0.2751521,-0.061124146,0.04038894,-0.40355155,-0.107145056,0.040026486,-0.5040878,-0.14517887,0.042295873,-0.59208167,-0.16865245,0.07492012,-0.22097963,-0.0686314,0.061315358,-0.25732726,-0.12242282,0.039905846,-0.20572442,-0.13798939,0.031612277,-0.15237951,-0.14324881
-0.056832165,-0.019121349,-0.04708193,-0.08660594,-0.11344415,-0.06853545,-0.042425215,-0.18868548,-0.08210514,0.017383814,-0.22912794,-0.099048756,-0.079082906,-0.28293693,-0.05358948,-0.106167436,-0.410859,-0.08499138,-0.12187427,-0.50829303,-0.1115586,-0.13714945,-0.58929515,-0.1328937,-0.021181226,-0.2992791,-0.05630341,-0.029286236,-0.44377327,-0.08740184,-0.03109485,-0.5500027,-0.11643332,-0.033833057,-0.640865,-0.13486809,0.02937162,-0.27725708,-0.06272998,0.041516125,-0.40392917,-0.109832,0.041371703,-0.5051529,-0.14973536,0.04394102,-0.59288454,-0.17485128,0.075116634,-0.22268885,-0.07059905,0.06420237,-0.25520265,-0.12698264,0.044619918,-0.20131016,-0.14489402,0.037765086,-0.14642596,-0.1516683
-0.054949075,-0.01744783,-0.051334504,-0.08157495,-0.112149835,-0.07696998,-0.03544575,-0.18597376,-0.093699336,0.024354339,-0.2318365,-0.11416241,-0.07817721,-0.2810346,-0.06606261,-0.106268495,-0.41369748,-0.10296167,-0.12263638,-0.5143101,-0.13388865,-0.13695484,-0.6006921,-0.15834543,-0.020618558,-0.29670614,-0.06835153,-0.030486166,-0.44008303,-0.10483916,-0.03340316,-0.548576,-0.13811055,-0.036533386,-0.64305604,-0.15961355,0.030937731,-0.27539837,-0.07402738,0.04060918,-0.4049183,-0.12684385,0.040456653,-0.508101,-0.17015037,0.042782843,-0.5995172,-0.19736496,0.07665908,-0.22227788,-0.081039,0.06362176,-0.25030077,-0.14267144,0.04194683,-0.19341552,-0.1625234,0.033857703,-0.13799411,-0.1703655
-0.057213902,-0.020428121,-0.045901537,-0.08764434,-0.114265084,-0.06896242,-0.047679365,-0.18660235,-0.08455324,0.008545101,-0.22988659,-0.10378025,-0.08054954,-0.28533232,-0.060382504,-0.11029866,-0.42060786,-0.097642094,-0.12865943,-0.5251726,-0.1286822,-0.145145,-0.61362255,-0.15305635,-0.022507071,-0.30088782,-0.06465096,-0.032013148,-0.4468539,-0.100271925,-0.035093725,-0.5574869,-0.13232748,-0.03876385,-0.65240955,-0.15295629,0.030130208,-0.278062,-0.07203083,0.03867966,-0.4065081,-0.121885814,0.037635803,-0.5094808,-0.1617153,0.039858818,-0.5994258,-0.18667412,0.0768258,-0.22252429,-0.08071082,0.056809723,-0.2523129,-0.13903515,0.030384839,-0.20011109,-0.15673284,0.019152284,-0.14833772,-0.16313146
-0.057359308,-0.016836047,-0.06544333,-0.08300641,-0.11001563,-0.10052768,-0.03589967,-0.18044335,-0.1250642,0.026102602,-0.22665238,-0.15313509,-0.079791635,-0.28040183,-0.078292064,-0.1078971,-0.4113868,-0.12139589,-0.12460697,-0.51207244,-0.15798518,-0.13739839,-0.59742445,-0.18656589,-0.021126151,-0.2945686,-0.07807904,-0.029737681,-0.4383086,-0.11685382,-0.032188654,-0.5468503,-0.15305121,-0.034555405,-0.6400225,-0.17759176,0.032058656,-0.27219158,-0.08317434,0.04054755,-0.3997186,-0.1395716,0.040400624,-0.50300443,-0.18681934,0.04427302,-0.5945444,-0.21822374,0.07854253,-0.22178084,-0.09114843,0.060804725,-0.23946124,-0.16092315,0.035960495,-0.17808604,-0.18637817,0.025844932,-0.121260345,-0.19835648
-0.060027033,-0.020762265,-0.06012916,-0.08843979,-0.115431905,-0.08958341,-0.040017664,-0.18905008,-0.10934369,0.025784314,-0.22935718,-0.13222928,-0.08214101,-0.28569794,-0.06665909,-0.11220923,-0.41896093,-0.10609462,-0.12979734,-0.5214721,-0.1394663,-0.14569986,-0.60794663,-0.16528194,-0.023120105,-0.30025268,-0.06588452,-0.032300025,-0.44541848,-0.099700674,-0.035478085,-0.5543078,-0.13159601,-0.0390186,-0.64742744,-0.15280892,0.028832853,-0.27758086,-0.070437364,0.03914833,-0.40410778,-0.120905615,0.038694084,-0.50709337,-0.16384867,0.04205811,-0.5970315,-0.19199164,0.074810565,-0.22480983,-0.07789331,0.0636183,-0.25007403,-0.1411387,0.044978917,-0.19043577,-0.16288075,0.039722204,-0.13289058,-0.17205463
-0.057314932,-0.019488156,-0.052819718,-0.08808535,-0.10892767,-0.08042605,-0.046041906,-0.17934918,-0.09928477,0.012146592,-0.22204167,-0.12141976,-0.08261147,-0.283404,-0.06803036,-0.11279985,-0.42017156,-0.10762473,-0.12997383,-0.525621,-0.1403282,-0.14675134,-0.6150217,-0.16573039,-0.023141801,-0.2981714,-0.0701699,-0.0321773,-0.44563136,-0.107129894,-0.03372848,-0.5558492,-0.13937312,-0.037689954,-0.6504146,-0.1602205,0.029693425,-0.27525002,-0.07610179,0.039168417,-0.40193474,-0.12716375,0.03974718,-0.5048682,-0.16694775,0.04174781,-0.59442556,-0.19207105,0.07628846,-0.22070926,-0.084050156,0.06262195,-0.25259417,-0.14356685,0.039634585,-0.19847482,-0.16081263,0.029215932,-0.14353424,-0.16686887
-0.05866155,-0.016623259,-0.06279124,-0.08580056,-0.104260206,-0.09604625,-0.04340586,-0.17471552,-0.11901406,0.013296425,-0.2217164,-0.14515534,-0.08137789,-0.27750915,-0.07786921,-0.110105574,-0.41089976,-0.1224592,-0.12835556,-0.51535946,-0.16005035,-0.14386982,-0.6027267,-0.18871576,-0.02262789,-0.29254675,-0.077230036,-0.03192702,-0.4387653,-0.11550135,-0.034494787,-0.54944193,-0.15041786,-0.038389713,-0.6425873,-0.17406115,0.03054744,-0.2700407,-0.08152693,0.039574325,-0.39789918,-0.1346267,0.04012257,-0.49975455,-0.17788726,0.042189837,-0.58772993,-0.2064481,0.0771333,-0.21777302,-0.088771604,0.064596236,-0.24483424,-0.15331678,0.04100132,-0.19122374,-0.17508993,0.02921784,-0.13799495,-0.18449107
-0.056933373,-0.01611954,-0.06411408,-0.0851233,-0.105795026,-0.09936112,-0.040079802,-0.17418975,-0.12380658,0.020412326,-0.22142762,-0.1520642,-0.08033511,-0.27738184,-0.082828656,-0.10811561,-0.40845674,-0.12772624,-0.12671682,-0.5090103,-0.1651424,-0.14094877,-0.59574056,-0.19423363,-0.02056092,-0.2924536,-0.083506934,-0.030534476,-0.43808162,-0.12376706,-0.032808006,-0.5479706,-0.16021766,-0.03510174,-0.6424006,-0.18499301,0.03332156,-0.27125645,-0.0890742,0.040520072,-0.39891112,-0.14684306,0.04038781,-0.5026208,-0.19400804,0.04270208,-0.5950346,-0.22530699,0.079986036,-0.22158903,-0.097231805,0.062032282,-0.2363894,-0.16758879,0.03750193,-0.17285651,-0.19252002,0.026425302,-0.11398202,-0.20414701
-0.054332137,-0.01854533,-0.044840872,-0.08654985,-0.11296141,-0.06639363,-0.044873804,-0.18502349,-0.08029605,0.012820661,-0.22694933,-0.09783247,-0.07885808,-0.28363174,-0.05873484,-0.107815,-0.41538107,-0.092585035,-0.12433338,-0.5162615,-0.12066931,-0.14003888,-0.60204303,-0.14311181,-0.021436274,-0.2996233,-0.06291907,-0.03064844,-0.44550386,-0.09679347,-0.03325501,-0.55454487,-0.12734033,-0.03687668,-0.6498872,-0.14664467,0.0300259,-0.277597,-0.06997338,0.040422857,-0.40636286,-0.119139574,0.039968073,-0.5073199,-0.15879385,0.041642845,-0.5964279,-0.18333009,0.076735556,-0.22250313,-0.07809023,0.061544657,-0.25133312,-0.1353208,0.038333774,-0.19595027,-0.15251344,0.028782427,-0.14151525,-0.15862826
-0.055715233,-0.019827724,-0.042020716,-0.08634469,-0.11494833,-0.060725063,-0.044697315,-0.18974614,-0.07211392,0.010563433,-0.2329002,-0.086493984,-0.08128905,-0.28466195,-0.047497433,-0.1093719,-0.40936404,-0.07529648,-0.12583017,-0.50339633,-0.0982811,-0.14193368,-0.58136916,-0.11726068,-0.022969723,-0.30023116,-0.051849034,-0.030666709,-0.44325992,-0.08173014,-0.032345653,-0.5475036,-0.10883443,-0.03528434,-0.6388077,-0.12546048,0.02838415,-0.27856535,-0.0595383,0.038144648,-0.40547097,-0.10616321,0.036947787,-0.50655943,-0.14437275,0.038912833,-0.5966462,-0.1677849,0.075515985,-0.2250678,-0.06810312,0.05814874,-0.25555313,-0.12222238,0.034414172,-0.20148605,-0.13819805,0.024245083,-0.14735699,-0.14379652
-0.055715233,-0.019827724,-0.042020716,-0.08634469,-0.11494833,-0.060725063,-0.044697315,-0.18974614,-0.07211392,0.010563433,-0.2329002,-0.086493984,-0.08128905,-0.28466195,-0.047497433,-0.1093719,-0.40936404,-0.07529648,-0.12583017,-0.50339633,-0.0982811,-0.14193368,-0.58136916,-0.11726068,-0.022969723,-0.30023116,-0.051849034,-0.030666709,-0.44325992,-0.08173014,-0.032345653,-0.5475036,-0.10883443,-0.03528434,-0.6388077,-0.12546048,0.02838415,-0.27856535,-0.0595383,0.038144648,-0.40547097,-0.10616321,0.036947787,-0.50655943,-0.14437275,0.038912833,-0.5966462,-0.1677849,0.075515985,-0.2250678,-0.06810312,0.05814874,-0.25555313,-0.12222238,0.034414172,-0.20148605,-0.13819805,0.024245083,-0.14735699,-0.14379652
-0.058584988,-0.022449017,-0.052026387,-0.087762475,-0.11742878,-0.07846133,-0.043479383,-0.18752116,-0.09642411,0.017243862,-0.2314719,-0.118459,-0.08452809,-0.28853,-0.0657517,-0.114700735,-0.4265247,-0.106663555,-0.13372067,-0.53353226,-0.1403635,-0.15062511,-0.62445104,-0.16591215,-0.025044143,-0.30352932,-0.0679745,-0.035252392,-0.45262876,-0.10586462,-0.038592607,-0.5638267,-0.13864532,-0.042846918,-0.6600038,-0.15896781,0.028350413,-0.28204972,-0.07406366,0.034551263,-0.40987995,-0.12664029,0.03335762,-0.5131969,-0.16689059,0.036548138,-0.605512,-0.19165878,0.07488114,-0.2284478,-0.08207066,0.057967305,-0.2513458,-0.14260882,0.038844228,-0.18919992,-0.15934774,0.036144376,-0.13030076,-0.1644683
-0.060863644,-0.021441638,-0.052174818,-0.09070614,-0.11554092,-0.079086296,-0.046913892,-0.18580997,-0.097702146,0.014069736,-0.22785312,-0.12035505,-0.08472744,-0.28793925,-0.06527928,-0.11468667,-0.42410877,-0.10600981,-0.13316551,-0.5301188,-0.14004663,-0.1495013,-0.6201459,-0.16606782,-0.025125504,-0.30355763,-0.06751948,-0.03510359,-0.45063555,-0.103345826,-0.03788638,-0.56089956,-0.13552769,-0.0416179,-0.6561823,-0.15633509,0.027941048,-0.28129494,-0.07385096,0.03448713,-0.4070152,-0.12428929,0.033636212,-0.5107377,-0.16481897,0.03726518,-0.6024034,-0.19077635,0.07417196,-0.2272129,-0.08229194,0.056953073,-0.24977523,-0.14244054,0.03679055,-0.19022638,-0.1607149,0.032630265,-0.13347006,-0.16745988
-0.061770707,-0.020936012,-0.064330555,-0.08912107,-0.11166459,-0.09966705,-0.043876767,-0.18038106,-0.12510799,0.018425941,-0.22591752,-0.15442139,-0.08448064,-0.28616256,-0.07755732,-0.11423248,-0.42423648,-0.1245655,-0.13317767,-0.53143,-0.16440007,-0.1485,-0.6229021,-0.19447437,-0.02422744,-0.3006472,-0.076553784,-0.033717096,-0.4480254,-0.11547248,-0.036457032,-0.55990225,-0.15150869,-0.0400995,-0.6550292,-0.17584257,0.030209422,-0.2783062,-0.08087312,0.03522098,-0.4049055,-0.13458681,0.03366077,-0.50965,-0.17877752,0.037005424,-0.60223305,-0.20838353,0.076675415,-0.22769713,-0.088455915,0.057477057,-0.24342966,-0.15485226,0.034880757,-0.18232107,-0.17759243,0.028493106,-0.12602907,-0.18754518
-0.060226113,-0.022898078,-0.047489583,-0.09065372,-0.11938274,-0.070345215,-0.04652962,-0.18981552,-0.085558034,0.01302743,-0.23102689,-0.10468847,-0.0850662,-0.29025137,-0.058464725,-0.11595011,-0.42760932,-0.095527925,-0.13373533,-0.5337486,-0.12673868,-0.15051031,-0.6234513,-0.1510553,-0.025733232,-0.3053196,-0.06206448,-0.035597533,-0.45321688,-0.096034445,-0.039763153,-0.5646652,-0.12725447,-0.044965416,-0.66034466,-0.1472528,0.027010024,-0.28260428,-0.069425225,0.033424854,-0.40975827,-0.11815384,0.03094834,-0.5134935,-0.1583561,0.032655716,-0.6047473,-0.18386638,0.07364488,-0.2274794,-0.0784543,0.05544424,-0.25332212,-0.13633813,0.033163607,-0.19719905,-0.1539787,0.026110053,-0.1426776,-0.16041936
-0.060135663,-0.019548357,-0.054658037,-0.09211016,-0.10971391,-0.08366793,-0.051254183,-0.17662817,-0.10376215,0.0055749416,-0.22057611,-0.12765338,-0.08601084,-0.2874831,-0.07081684,-0.11632419,-0.4255169,-0.11272249,-0.13480598,-0.5313917,-0.14709768,-0.15108433,-0.62165976,-0.17340356,-0.026036382,-0.30238098,-0.072712995,-0.035606146,-0.45164198,-0.11095755,-0.03850746,-0.56207836,-0.14420092,-0.04230389,-0.6574639,-0.16544248,0.027605474,-0.2803092,-0.07866998,0.034637034,-0.40722167,-0.13159306,0.033510566,-0.51113975,-0.17307617,0.036053956,-0.6030419,-0.19945188,0.074516356,-0.22740006,-0.086771935,0.05747205,-0.24942666,-0.14894186,0.035279214,-0.18941408,-0.16774148,0.028180182,-0.13202083,-0.17469798
-0.05828029,-0.019693494,-0.043206815,-0.09265965,-0.1166774,-0.063058294,-0.05055803,-0.19104743,-0.07606377,0.009740472,-0.23139495,-0.092966475,-0.08898246,-0.28843307,-0.053916182,-0.11985594,-0.42851463,-0.08668019,-0.13521743,-0.5341275,-0.114016205,-0.15088266,-0.6231043,-0.13571317,-0.029540598,-0.3031689,-0.05897471,-0.038745195,-0.4548478,-0.08793386,-0.043713123,-0.56742555,-0.116336204,-0.04973653,-0.6657378,-0.13502797,0.022895694,-0.28019154,-0.067296125,0.030636191,-0.41184834,-0.11134102,0.027680337,-0.51488113,-0.14957672,0.028599083,-0.6048777,-0.17460686,0.07042062,-0.22425759,-0.077058844,0.057252467,-0.2551607,-0.13054752,0.03845638,-0.20198095,-0.14659205,0.033281982,-0.14825273,-0.15264511
-0.059925407,-0.01917547,-0.046007343,-0.0915378,-0.11472595,-0.0687458,-0.048935056,-0.18794239,-0.08406612,0.008104801,-0.23308635,-0.10321903,-0.089624405,-0.28963584,-0.059264213,-0.121114135,-0.42933464,-0.095668495,-0.13873655,-0.53601325,-0.12598804,-0.15586782,-0.62615275,-0.14956342,-0.030067027,-0.30555487,-0.06348007,-0.039910585,-0.45472062,-0.095999226,-0.045723945,-0.56505096,-0.12560791,-0.052410156,-0.6613174,-0.14460541,0.022898138,-0.28317147,-0.07113955,0.028698444,-0.4142444,-0.118971206,0.02510345,-0.5169413,-0.15742952,0.026162326,-0.60788053,-0.1818733,0.07092804,-0.22741675,-0.0802813,0.055039883,-0.25741696,-0.13668574,0.034738302,-0.20139474,-0.15260607,0.029314041,-0.14612746,-0.15791327
-0.058243573,-0.017953992,-0.044255953,-0.091591984,-0.10937178,-0.0676444,-0.056193948,-0.1797806,-0.08382318,-0.004224479,-0.22548348,-0.10351727,-0.08739588,-0.29002577,-0.060971074,-0.1195904,-0.4297807,-0.0981031,-0.1372051,-0.53706026,-0.12830883,-0.154652,-0.62793005,-0.1516162,-0.02796185,-0.30413258,-0.06631175,-0.03753397,-0.45333523,-0.10132626,-0.041147083,-0.56123817,-0.13081975,-0.04655826,-0.6562326,-0.14900176,0.025430381,-0.2806698,-0.07461274,0.030883431,-0.40934688,-0.12363155,0.027944088,-0.51261324,-0.16003616,0.029098272,-0.6037244,-0.18236776,0.07317835,-0.22431976,-0.08423057,0.055585206,-0.2543429,-0.13910617,0.033173263,-0.19921213,-0.15204465,0.025811791,-0.14316154,-0.1551004
-0.0585877,-0.01806271,-0.051993497,-0.092282355,-0.11024058,-0.079705924,-0.053245634,-0.18210846,-0.09919197,0.004004717,-0.22739327,-0.12246288,-0.08816427,-0.2881983,-0.06763678,-0.118753344,-0.4278589,-0.10800247,-0.13577414,-0.5352011,-0.14130585,-0.1520845,-0.62586546,-0.16711858,-0.028017461,-0.30221623,-0.07126951,-0.037418574,-0.45135003,-0.107481964,-0.04086703,-0.56072176,-0.14019628,-0.045815647,-0.65595114,-0.16166447,0.02611214,-0.27880043,-0.07875322,0.03189504,-0.40995842,-0.13070054,0.028815448,-0.5130154,-0.17199415,0.029626846,-0.60351586,-0.19862582,0.07438183,-0.2239849,-0.088115595,0.058029354,-0.25224948,-0.15024957,0.036669493,-0.19449443,-0.16912588,0.02967608,-0.13779724,-0.17624414
-0.05810401,-0.015730202,-0.04636824,-0.092273206,-0.10990226,-0.06980333,-0.05437824,-0.18305188,-0.08544495,0.0024555326,-0.22662508,-0.10481008,-0.087732226,-0.28642672,-0.06212028,-0.118985295,-0.4252342,-0.09877018,-0.1364325,-0.5321739,-0.12856984,-0.15358546,-0.6225872,-0.15163781,-0.028718531,-0.30089414,-0.06612242,-0.03818634,-0.45018268,-0.10070441,-0.041552424,-0.5604105,-0.13045825,-0.046257883,-0.65612125,-0.14878538,0.02458322,-0.27787358,-0.07319991,0.031856835,-0.40893942,-0.12335009,0.029781401,-0.512852,-0.1616044,0.031573713,-0.6041077,-0.18479738,0.07261044,-0.2216624,-0.08155681,0.057373166,-0.25305688,-0.13902114,0.037765563,-0.1952374,-0.15380935,0.032950103,-0.13685274,-0.1576772
-0.060049832,-0.018317997,-0.05586843,-0.090764016,-0.11409879,-0.08391889,-0.045432568,-0.18611008,-0.10324268,0.019685924,-0.22746861,-0.12621544,-0.0882965,-0.28716868,-0.06693047,-0.12035513,-0.4228282,-0.10755306,-0.13847119,-0.5275967,-0.14165987,-0.15386656,-0.61645514,-0.1681013,-0.029079974,-0.30185962,-0.06897876,-0.040055096,-0.44770157,-0.103060275,-0.04431668,-0.5566266,-0.1346899,-0.04868114,-0.6507557,-0.155924,0.024404526,-0.27906895,-0.0759786,0.030340195,-0.4049472,-0.12709741,0.027035177,-0.50852704,-0.17022787,0.027997196,-0.6010387,-0.19863515,0.072327256,-0.22488767,-0.08552588,0.056272447,-0.24577677,-0.14915244,0.035013914,-0.18516123,-0.17096399,0.027484238,-0.12857616,-0.18044205
-0.057983994,-0.019884646,-0.045668963,-0.09259251,-0.11494589,-0.067715615,-0.052646697,-0.18581963,-0.08244722,0.0069328547,-0.2261815,-0.10115821,-0.089509964,-0.2891897,-0.058038644,-0.12031877,-0.4274796,-0.093012415,-0.13741484,-0.5325752,-0.121559545,-0.15465689,-0.6212652,-0.14425944,-0.029510617,-0.3045702,-0.06280834,-0.039176047,-0.45215386,-0.09504339,-0.042845428,-0.5621563,-0.12497616,-0.04737693,-0.6590948,-0.14448619,0.023635626,-0.28208882,-0.07113166,0.029546738,-0.40882507,-0.12016043,0.026221454,-0.5128712,-0.16173817,0.02647996,-0.60578626,-0.18854868,0.072016,-0.22770834,-0.08077506,0.055180967,-0.24948144,-0.13976073,0.033132315,-0.19107008,-0.15903465,0.024455309,-0.13527179,-0.16694725
-0.05661547,-0.019106686,-0.041117154,-0.089660704,-0.113774955,-0.0608806,-0.052202344,-0.18403834,-0.0741176,0.00363791,-0.22460288,-0.09152976,-0.086830825,-0.2867931,-0.05515553,-0.11870241,-0.42615682,-0.08899944,-0.1367836,-0.5334041,-0.11704647,-0.155112,-0.62359095,-0.13919716,-0.028244674,-0.30130547,-0.061368264,-0.037727028,-0.45029813,-0.091553874,-0.041556,-0.56152606,-0.12030759,-0.046833396,-0.65794134,-0.139013,0.02477479,-0.27829033,-0.07050246,0.032042205,-0.40878162,-0.11678779,0.029602826,-0.5125551,-0.15600735,0.030669034,-0.6036444,-0.18113509,0.07352626,-0.22241724,-0.08063257,0.05786109,-0.2494005,-0.13606773,0.0373953,-0.1927414,-0.15243073,0.03065908,-0.13655913,-0.15832433
-0.0569849,-0.014434099,-0.052915994,-0.08873734,-0.10682386,-0.08014482,-0.049454898,-0.17807406,-0.098897524,0.00867492,-0.22405595,-0.12145182,-0.0870502,-0.28341734,-0.06886721,-0.11838579,-0.4188934,-0.10987846,-0.13643548,-0.5239559,-0.14356777,-0.1520237,-0.6132629,-0.1693916,-0.027944207,-0.29999202,-0.07227988,-0.038697064,-0.44795263,-0.1087938,-0.04542288,-0.5596524,-0.14126454,-0.05340138,-0.65948564,-0.16199008,0.026174843,-0.2787723,-0.07964859,0.03055048,-0.4035651,-0.1326707,0.027069092,-0.5054662,-0.17480311,0.026787937,-0.5986692,-0.2014607,0.074290395,-0.22494245,-0.08904327,0.056583285,-0.2369405,-0.152345,0.034075618,-0.17170596,-0.17210251,0.026444733,-0.11340189,-0.17958163
-0.05573243,-0.015826285,-0.045680735,-0.088445306,-0.1120069,-0.0676839,-0.047740936,-0.18456441,-0.08239518,0.012251914,-0.22782177,-0.1012144,-0.087167084,-0.28221363,-0.05955743,-0.11773664,-0.4191116,-0.09526846,-0.13432938,-0.52394795,-0.1248063,-0.14922369,-0.61296916,-0.14818847,-0.029013336,-0.299199,-0.06457572,-0.03972894,-0.446306,-0.09797558,-0.044704854,-0.55806017,-0.12916219,-0.050067157,-0.6565231,-0.149275,0.024323046,-0.27820015,-0.07281249,0.030486822,-0.406189,-0.1230431,0.027646244,-0.5077751,-0.16464733,0.028319955,-0.59952724,-0.1909466,0.07302207,-0.22452158,-0.082243465,0.055021465,-0.24318677,-0.1423776,0.03364122,-0.18241787,-0.16155182,0.026666045,-0.12684542,-0.16900553
-0.057672262,-0.02020359,-0.04401272,-0.09198475,-0.1213516,-0.06394995,-0.0491772,-0.19320375,-0.07643071,0.014105022,-0.23191196,-0.093310684,-0.088360846,-0.29011393,-0.05949438,-0.12159461,-0.4314693,-0.0954042,-0.13947827,-0.5405029,-0.12500244,-0.15688553,-0.6332525,-0.14856502,-0.028640509,-0.3054514,-0.06473396,-0.039613068,-0.45357582,-0.0982801,-0.043603808,-0.5651296,-0.12909842,-0.048089117,-0.6623111,-0.14893873,0.025213242,-0.2831626,-0.07307482,0.030225396,-0.4097147,-0.12421423,0.026111364,-0.5148637,-0.16701512,0.025924027,-0.60946524,-0.19396397,0.07373357,-0.22749376,-0.082319014,0.05415851,-0.2485022,-0.14292137,0.03198409,-0.1872384,-0.16203427,0.024267018,-0.12975681,-0.1694324
-0.05897951,-0.022036314,-0.04792296,-0.089583844,-0.11815226,-0.07118182,-0.044705838,-0.18674278,-0.08704348,0.017699838,-0.22706091,-0.106970705,-0.08974308,-0.28682727,-0.05939859,-0.12183088,-0.42431808,-0.095711514,-0.13838118,-0.5289906,-0.1256949,-0.15306321,-0.61778355,-0.14940201,-0.03052926,-0.30393457,-0.06382149,-0.04172665,-0.451757,-0.0959052,-0.04581964,-0.56418425,-0.12689011,-0.050510645,-0.66381085,-0.14769919,0.022466779,-0.2832901,-0.072277375,0.028279126,-0.40838173,-0.121465385,0.024688542,-0.51235527,-0.16534711,0.02390933,-0.60558707,-0.19418044,0.071454525,-0.23058057,-0.08234962,0.054534078,-0.24920464,-0.1429332,0.031613708,-0.19124883,-0.16474073,0.020551145,-0.13715953,-0.17467916
-0.05804524,-0.02134478,-0.046970718,-0.08875707,-0.116342425,-0.069795005,-0.046617597,-0.1826815,-0.0851113,0.012098134,-0.22451061,-0.104673065,-0.09061155,-0.287224,-0.06147831,-0.12192324,-0.4273263,-0.09915819,-0.1385172,-0.5340205,-0.12958539,-0.15337244,-0.62539,-0.15318437,-0.031505406,-0.3037169,-0.066628605,-0.042717695,-0.4547475,-0.10140373,-0.046803564,-0.57002217,-0.13339013,-0.051718503,-0.67300963,-0.15382819,0.021963,-0.28314453,-0.0753711,0.027775347,-0.40862626,-0.12751307,0.025052726,-0.5133838,-0.17169149,0.024309516,-0.6086333,-0.19952498,0.07053882,-0.22976756,-0.08538651,0.055244207,-0.24468738,-0.14685145,0.035447657,-0.18152553,-0.16697045,0.027769625,-0.12337744,-0.17502844
-0.058077335,-0.020482063,-0.047214,-0.09256932,-0.11272538,-0.07093924,-0.051600873,-0.18334144,-0.087470904,0.007745862,-0.22112393,-0.10782675,-0.08825314,-0.28657115,-0.05950311,-0.11875987,-0.42626613,-0.095254496,-0.13437408,-0.5321406,-0.12518004,-0.15129808,-0.6214949,-0.14903212,-0.02863568,-0.30193484,-0.06393145,-0.037980914,-0.45049083,-0.095357284,-0.041825622,-0.56180173,-0.1263709,-0.047625512,-0.65954447,-0.14769536,0.02423197,-0.27931064,-0.071990624,0.0311504,-0.41024452,-0.118944444,0.027498364,-0.5145323,-0.16031796,0.027087033,-0.60582274,-0.18793222,0.07359654,-0.22541088,-0.081677556,0.05731964,-0.25758445,-0.1396784,0.034203112,-0.20902675,-0.15956895,0.022693217,-0.15956146,-0.16843657
-0.056106895,-0.017081678,-0.048856974,-0.08959252,-0.109639645,-0.07286552,-0.048103213,-0.18190336,-0.08896376,0.013646364,-0.2212581,-0.10859693,-0.08318201,-0.27987498,-0.059938453,-0.11326414,-0.4147296,-0.0939011,-0.12836695,-0.51582,-0.12205342,-0.14318126,-0.6017219,-0.1443441,-0.024842978,-0.29518723,-0.06277608,-0.033830702,-0.4399553,-0.0941141,-0.03688833,-0.547539,-0.123729475,-0.040806472,-0.64139974,-0.14301734,0.027069807,-0.2741651,-0.06926629,0.0343315,-0.40130436,-0.11700665,0.030027747,-0.50350463,-0.15761945,0.029302418,-0.5936531,-0.18366174,0.07463068,-0.22218686,-0.07741148,0.06102532,-0.25028908,-0.13558891,0.041074812,-0.19428194,-0.1543172,0.0335052,-0.139081,-0.16168359
-0.059227288,-0.018109918,-0.052534953,-0.09311652,-0.10728747,-0.08116889,-0.05561307,-0.17525268,-0.101713285,0.0028336048,-0.21873462,-0.12605931,-0.08604342,-0.28592682,-0.067240834,-0.116265,-0.42428458,-0.107407846,-0.13267198,-0.5299749,-0.14108798,-0.1477927,-0.61999035,-0.16727689,-0.025322735,-0.30053484,-0.07056734,-0.03394881,-0.44729075,-0.10603923,-0.03684622,-0.5560622,-0.13896859,-0.041060954,-0.65003544,-0.16091059,0.029050767,-0.27796787,-0.07788395,0.034869075,-0.40512052,-0.12899268,0.030820727,-0.5081485,-0.17116752,0.030548632,-0.59909856,-0.1989084,0.077281,-0.22544408,-0.087217934,0.059523046,-0.24725705,-0.1498829,0.036815107,-0.18994164,-0.1704401,0.02774328,-0.13551515,-0.17894666
-0.06013131,-0.015634835,-0.04711377,-0.09628928,-0.10640663,-0.07195384,-0.060619295,-0.17547202,-0.08952512,-0.005510807,-0.21424264,-0.11117257,-0.08682531,-0.28788155,-0.06175465,-0.11507234,-0.42714316,-0.09817782,-0.13150233,-0.5330655,-0.12899834,-0.14837307,-0.62317497,-0.15318422,-0.026809335,-0.30212516,-0.06651465,-0.036647767,-0.4516971,-0.09855619,-0.04286763,-0.56404793,-0.12970398,-0.04969707,-0.66246617,-0.15049358,0.026453197,-0.27944028,-0.074494846,0.030384779,-0.4134065,-0.12178572,0.025654614,-0.5172464,-0.16175814,0.026357472,-0.6079378,-0.18815805,0.0753625,-0.22443002,-0.08406502,0.05742514,-0.25380534,-0.14158753,0.037129343,-0.20106763,-0.15939814,0.031787932,-0.14800864,-0.1663513
-0.055198997,-0.009823263,-0.04926107,-0.08925116,-0.09468478,-0.07659989,-0.053803504,-0.16490382,-0.09546109,-0.0007967353,-0.20963144,-0.11772775,-0.0827373,-0.2721892,-0.06884836,-0.11163449,-0.40829265,-0.10476275,-0.1272018,-0.51037353,-0.1335141,-0.14308617,-0.59704804,-0.15629704,-0.023722708,-0.287574,-0.072198786,-0.03172037,-0.4357953,-0.10657229,-0.03460288,-0.54260826,-0.13734804,-0.037950635,-0.6364142,-0.15730129,0.02840674,-0.26519483,-0.07826506,0.034626007,-0.39726222,-0.12832202,0.030723631,-0.49919823,-0.16831855,0.031656086,-0.588446,-0.19376855,0.07645452,-0.2113201,-0.085491665,0.0594213,-0.24176836,-0.14415964,0.03839165,-0.19177616,-0.1619127,0.03133905,-0.14071536,-0.16854863
-0.055858642,-0.01813531,-0.047419082,-0.087780744,-0.11002487,-0.07047772,-0.04431191,-0.1816166,-0.08580455,0.013224423,-0.22308946,-0.10451957,-0.08203906,-0.27977854,-0.056958307,-0.111269176,-0.4104639,-0.088330865,-0.12561741,-0.50851846,-0.11437544,-0.14066899,-0.5915743,-0.13547768,-0.023937166,-0.29468465,-0.060461037,-0.030042768,-0.44029474,-0.09056494,-0.031243026,-0.5466905,-0.11954661,-0.034048557,-0.6404269,-0.13858446,0.026555896,-0.27185422,-0.067494586,0.035234094,-0.40212813,-0.11394559,0.032986283,-0.50302887,-0.15346,0.03365773,-0.59244776,-0.17880903,0.073619425,-0.21786106,-0.07600642,0.062677264,-0.2534759,-0.13162568,0.04314947,-0.20251197,-0.14901055,0.035020947,-0.15015489,-0.1559477
-0.054746926,-0.0165537,-0.043472867,-0.08783722,-0.111059606,-0.06365314,-0.044128627,-0.18587065,-0.07639133,0.013936996,-0.22850472,-0.09293479,-0.08182117,-0.28001857,-0.055092435,-0.11076695,-0.41274267,-0.084958404,-0.124922514,-0.51231736,-0.109824084,-0.1399898,-0.59589505,-0.13042192,-0.02352506,-0.29524332,-0.059616774,-0.03047961,-0.44111145,-0.089432195,-0.032206804,-0.5482441,-0.118291944,-0.03525248,-0.6412425,-0.1371672,0.027465582,-0.27230817,-0.067035764,0.035845637,-0.40367118,-0.113561615,0.033160746,-0.5047944,-0.15327913,0.03377694,-0.5937302,-0.178685,0.07503921,-0.21697134,-0.07532786,0.06168884,-0.25047696,-0.1311431,0.041736603,-0.19898915,-0.14872889,0.03415054,-0.14678788,-0.15574995
-0.053998142,-0.014073372,-0.04598983,-0.08587229,-0.10597509,-0.06853173,-0.043300837,-0.18146068,-0.08329487,0.016381145,-0.2226584,-0.101491496,-0.082026124,-0.2779932,-0.058186796,-0.10945767,-0.41446465,-0.08966122,-0.12476894,-0.5165216,-0.115253076,-0.14107168,-0.6016446,-0.13642779,-0.02309823,-0.29291683,-0.062157594,-0.03017199,-0.44213226,-0.09303661,-0.033688486,-0.55097604,-0.1229703,-0.037332,-0.64472187,-0.14284974,0.02876103,-0.26975608,-0.06912821,0.03669244,-0.4040413,-0.117139876,0.03288108,-0.5059911,-0.15809762,0.034567714,-0.5943732,-0.18441013,0.077104926,-0.2152133,-0.07704415,0.057150304,-0.24897778,-0.13494019,0.035416424,-0.20086783,-0.15424392,0.028438687,-0.1505025,-0.16225009
-0.053794146,-0.01667744,-0.046912473,-0.08532372,-0.11108422,-0.06965592,-0.03955409,-0.18501604,-0.08451756,0.022588253,-0.2229569,-0.10293823,-0.0819335,-0.28138137,-0.061616853,-0.11212069,-0.42002368,-0.09514736,-0.12706903,-0.52456427,-0.12306175,-0.14349547,-0.61415946,-0.14612919,-0.023315012,-0.29386514,-0.06630073,-0.03103441,-0.44264692,-0.09935274,-0.033686996,-0.5536262,-0.13086629,-0.037452072,-0.6531134,-0.15199468,0.02811426,-0.26892424,-0.07400302,0.036207974,-0.4025472,-0.12383559,0.033682227,-0.50522625,-0.16470931,0.034033716,-0.59740007,-0.1907028,0.07670528,-0.21224576,-0.08285804,0.06151229,-0.25327456,-0.14099824,0.037734687,-0.20475447,-0.15849036,0.025446117,-0.15405017,-0.16538829
-0.052429944,-0.013225555,-0.044468228,-0.08490506,-0.10356271,-0.066605605,-0.044429988,-0.17602444,-0.081272356,0.012710273,-0.2138223,-0.0993305,-0.08126289,-0.27768618,-0.060255446,-0.110179126,-0.41454124,-0.09191754,-0.12445852,-0.51760083,-0.11797497,-0.14107549,-0.604619,-0.13950439,-0.022571385,-0.29004747,-0.065429956,-0.029250383,-0.43964502,-0.096848816,-0.03099972,-0.54989976,-0.12695314,-0.03432399,-0.6471567,-0.14703138,0.028685868,-0.2652542,-0.07311471,0.037935734,-0.39820617,-0.12022782,0.035651147,-0.49911016,-0.15913327,0.036679685,-0.5879774,-0.1840488,0.07675731,-0.20929903,-0.081775635,0.062841535,-0.24812925,-0.13651161,0.04208511,-0.20213455,-0.15247546,0.033098876,-0.15343255,-0.15855609
-0.05455175,-0.017060101,-0.052060682,-0.08375326,-0.11080134,-0.07802654,-0.03639981,-0.18107647,-0.09522813,0.02543652,-0.22104603,-0.11632957,-0.081350446,-0.27958876,-0.06870077,-0.11021045,-0.4182431,-0.107495904,-0.12510252,-0.52393675,-0.13946308,-0.13894656,-0.6148491,-0.16476843,-0.02213645,-0.29341787,-0.072113626,-0.030756474,-0.44178998,-0.10785944,-0.0332672,-0.5539794,-0.14156525,-0.036241144,-0.6553825,-0.16428393,0.029564083,-0.27080536,-0.07918107,0.036670506,-0.40434974,-0.13269496,0.035249054,-0.50647306,-0.1765798,0.036487162,-0.5990061,-0.20459616,0.07710701,-0.21750784,-0.08780474,0.063776135,-0.24793035,-0.150945,0.044573188,-0.19259614,-0.17146072,0.03655225,-0.13841653,-0.1800584
-0.052423716,-0.015226841,-0.044608112,-0.08429518,-0.1099056,-0.06638858,-0.03846702,-0.18212092,-0.080872275,0.02409029,-0.2169357,-0.09969712,-0.0783903,-0.27984595,-0.06052878,-0.10909793,-0.4155829,-0.09389226,-0.12385613,-0.51855636,-0.12181046,-0.138926,-0.606939,-0.1447628,-0.020766735,-0.2941835,-0.06630681,-0.028864503,-0.4419462,-0.0972378,-0.031907976,-0.55516326,-0.12840317,-0.03586632,-0.65633786,-0.1497453,0.029921472,-0.27015394,-0.07499277,0.038081706,-0.40500838,-0.12403119,0.037240624,-0.5078199,-0.16724549,0.03879428,-0.59879696,-0.19534042,0.07779926,-0.21467686,-0.08458439,0.06665105,-0.24707043,-0.14436512,0.04901874,-0.19400144,-0.16484353,0.04193622,-0.14067686,-0.1739694
-0.050618947,-0.0113655925,-0.04468144,-0.08301702,-0.10830486,-0.06528924,-0.037986517,-0.18405288,-0.07845091,0.025750458,-0.22150987,-0.09586833,-0.079989135,-0.2757911,-0.05794208,-0.109386384,-0.40844864,-0.08914627,-0.12356442,-0.5084038,-0.115245156,-0.13866529,-0.5930625,-0.13688314,-0.023781896,-0.2909308,-0.06285588,-0.032323718,-0.43608904,-0.09239314,-0.035008788,-0.54602015,-0.12229674,-0.03903207,-0.6437309,-0.14244695,0.026367307,-0.26852918,-0.07080466,0.034993947,-0.40233877,-0.11944757,0.034604967,-0.50425327,-0.16260108,0.03628826,-0.5943789,-0.19043353,0.07429409,-0.21445388,-0.079565406,0.06771618,-0.24499983,-0.1392098,0.053901672,-0.19007158,-0.15988857,0.05041313,-0.134969,-0.16904822
-0.05253619,-0.009514272,-0.049085293,-0.08395696,-0.10410088,-0.073101625,-0.03956294,-0.18252617,-0.08863706,0.022428691,-0.22798502,-0.108345754,-0.086977184,-0.27764213,-0.06522359,-0.11636579,-0.41454232,-0.10207714,-0.13172042,-0.52042884,-0.1331574,-0.1466572,-0.60991156,-0.15781377,-0.028701067,-0.2933827,-0.06835685,-0.037125945,-0.43888545,-0.101561815,-0.038985312,-0.5494549,-0.13330469,-0.042399198,-0.6479188,-0.15452778,0.023380756,-0.27167827,-0.07470224,0.030522883,-0.40441704,-0.12527925,0.029945433,-0.50648737,-0.16694537,0.03193426,-0.59747577,-0.19367735,0.071746826,-0.21722817,-0.08236183,0.06122309,-0.24708962,-0.14292073,0.045120478,-0.18968111,-0.16161127,0.04123503,-0.13319397,-0.16885908
